timestamp,delta_c,delta_th,delta_l,delta_tlj,fwd_head_ratio,shoulder_tilt,torso_lean,ear_sh_ratio,label
0.0,-0.32638887934210536,-0.14150781619010983,-0.03472635200242957,-0.0023208714548730892,1.6298437798909318,0.03800676909127872,1.7568033655831738,1.1342423373436852,forward_head
0.02,-0.3210003190034915,-0.10122898846548957,-0.0024224791493306047,-0.03646542701605375,1.6836956196214665,0.029646567913324547,1.8613143269058254,1.175710676201542,forward_head
0.04,-0.31855898163198915,-0.1337539833544978,-0.02202892111959223,-0.0019153585292406205,1.672872471021055,0.03094431852216901,1.8564975634334064,1.1824873716467545,forward_head
0.06,-0.3244329021982809,-0.08784880994824519,-0.014901800171384188,0.01980102371577976,1.7608881646107564,0.033852877040133664,1.7986191884688747,1.0931636334265034,forward_head
0.08,-0.2611591029778181,-0.10037077341830228,-0.013876268505451544,-0.00865311636100738,1.560520298001028,0.025680049395707175,1.7975177970611038,1.1793714274808702,forward_head
0.1,-0.3449459622344465,-0.14644262415284734,-0.032016548415897336,-0.005794184084072433,1.6888247208707223,0.017340119188655752,1.9749715049094523,1.179688689812661,forward_head
0.12,-0.323140473322015,-0.13753318727661937,-0.03900694775115525,-0.003155039920082717,1.7159462416991353,0.03329931652682033,1.9033906766258386,1.1844739264608104,forward_head
0.14,-0.3136892425661288,-0.11553953788350121,-0.010458372846411965,0.010104948439591846,1.5112257157805005,0.04259703493910251,1.8497844842778173,1.1012689597334162,forward_head
0.16,-0.34255350480097635,-0.08578583536995212,-0.02093737235034456,0.008927733849185519,1.6200543496984494,0.025550024872046377,1.8184081149876938,1.1728259677544768,forward_head
0.18,-0.33127334887710763,-0.09596786705609427,-0.01314192395666297,-0.005951130715077397,1.6690980725274367,0.03605927226981509,1.883123678731378,1.1256774400975518,forward_head
0.2,-0.2848608097485493,-0.11418781735952063,-0.018738536415076733,0.002821538587484776,1.3967897515819676,0.047113096067703863,1.9075435771766616,1.1935025741414529,forward_head
0.22,-0.3109833357751853,-0.11500530741825198,-0.028991164526522405,-0.002998543755075761,1.5734732027727374,0.05402442863295612,1.9445810495344829,1.0836189639767024,forward_head
0.24,-0.31936852924350423,-0.12254358005405847,-0.026100291992272064,-0.012581574935783548,1.5474551181710694,0.04001048808973386,1.9173547522961203,1.116599623186077,forward_head
0.26,-0.3097759054982068,-0.1321914063290968,-0.01268842386642281,0.013603677765232863,1.6232199422514793,0.027422630216355524,1.8634972398485607,1.083804665981878,forward_head
0.28,-0.31754922802687763,-0.11452848761015016,-0.0244239781248242,0.016806360862679785,1.4606214312578873,0.03982984295210549,1.889591730922045,1.1422516805020844,forward_head
0.3,-0.30229754192892516,-0.11011293348983642,-0.011466440196351433,-0.007676102325546543,1.4962267833119665,0.024808372524069384,1.9101102425601835,1.1087028172481999,forward_head
0.32,-0.3359267045480407,-0.12448553759397941,-0.008930175382037029,-0.008168786952675087,1.4264158331737007,0.038181492190209526,1.7969250335918423,1.0289557230336617,forward_head
0.34,-0.32821077564965506,-0.11557790820044513,-0.007330084792339695,0.0012590428081421124,1.568629559844525,0.02791251323091886,1.8204951673994858,1.0770744124251062,forward_head
0.36,-0.3218173396457369,-0.10903539273834276,-0.00803255589404493,0.006210177842189585,1.6271763733475284,0.017463077376623816,1.8892293647574627,1.1848985315723108,forward_head
0.38,-0.31571388896594726,-0.12713834618450207,-0.009215862042587224,0.005288543380904478,1.534836031327319,0.012041784482695127,1.9522028748394027,1.0708580117251276,forward_head
0.4,-0.33896635167326383,-0.10585590090107544,-0.012462349721570362,-0.022918295191271598,1.5002884717550549,0.03232363561716887,1.8248465460279164,1.1858668223568274,forward_head
0.42,-0.29314181306780246,-0.14389498134794837,-0.03083017279564956,0.012446235022852182,1.5051505244135823,0.028252447029944432,1.819060059329933,1.1434487799932362,forward_head
0.44,-0.3672452222697427,-0.08659154100898683,-0.03022634746573322,0.009190771894093565,1.516798293462105,0.017795877232382837,1.8274144746466583,1.1624480716659527,forward_head
0.46,-0.3723777533145311,-0.13015379155074305,-0.03242218448763671,0.0031723229762778003,1.6740079815950257,0.031702877856146686,1.878451078550284,1.1449757702391508,forward_head
0.48,-0.33189542480576617,-0.07945699672384614,-0.041287557116328095,0.003093604509808756,1.6483332263757025,0.042827606366588174,1.7784222391091027,1.061437460057963,forward_head
0.5,-0.28753201108222937,-0.12117174410479883,-0.015254858567818504,-0.006352072653862293,1.636184363818056,0.037338218460467136,1.8566026838933838,1.0510054891546206,forward_head
0.52,-0.35347018417941656,-0.11804738132762797,-0.016717904726218598,-0.005417824668760948,1.7181327283564503,0.025695898593784367,1.9135928630552934,1.1481236861960769,forward_head
0.54,-0.2976788115349915,-0.10285919378188726,-0.026041831095160332,0.0006753868242243367,1.703105811738833,0.022450802012108924,1.865303148324551,1.1267457760196644,forward_head
0.56,-0.31605362805817505,-0.1115537487254592,-0.03493490094023499,0.01432224613015416,1.675515111183844,0.02513156810583793,1.8470802894902458,1.1325697729202187,forward_head
0.58,-0.3207830167787165,-0.12110095362421255,-0.02278100769280726,0.003097018361278184,1.581416607779323,0.028339492065613096,1.837284373500817,1.052084313116681,forward_head
0.6,-0.3110361639300859,-0.12126452319480005,-0.0042050458513821195,0.002422917444335698,1.6595644933605542,0.034066461847095206,1.9287985490920108,1.1511822671905876,forward_head
0.62,-0.3338452909255261,-0.10679441920013222,-0.027125646195709518,0.0010665885385023185,1.5764330059462357,0.03716605147284043,2.024499769326642,1.1335307661601077,forward_head
0.64,-0.34990020303724423,-0.10172162677993858,-0.006266192873259056,0.017185679839414082,1.719803393879922,0.036414328689365415,1.9031662533161637,1.022362413858242,forward_head
0.66,-0.3255002524722839,-0.10929508433965576,-0.04733129828008061,-0.0006671796766975355,1.4192870838254779,0.022989386301800106,1.7539107190344279,1.1688883941297543,forward_head
0.68,-0.33077625876972927,-0.09378166353011662,-0.04079004425806587,-0.01087305200073698,1.5464634770067962,0.016244588559819657,1.9488381958584513,1.184387086955446,forward_head
0.7,-0.30719015165883123,-0.10756506795046694,-0.03369108843139439,0.01170418092578364,1.6037424666670967,0.03202199359677262,1.8210366745435425,1.1879799188209794,forward_head
0.72,-0.3299404536305658,-0.11554858327498191,-0.03338536047682342,-0.008188766690300947,1.4013073876530397,0.024215028905320138,1.773300193113137,1.1412493264007653,forward_head
0.74,-0.33034567010564025,-0.10761247802882376,-0.009553230664120707,0.0066924636066840485,1.5457508692014772,0.029722913931759264,1.9323029321529834,1.2418363670922052,forward_head
0.76,-0.33592926287230873,-0.10251848752110936,-0.03020978651115041,0.029597795090682708,1.5578971852307393,0.020333506636745477,1.8008554698371342,1.1853105460247042,forward_head
0.78,-0.30587282009356087,-0.10350860889936125,-0.03386021475835506,0.015116600468860807,1.5491555661512761,0.0398498565134478,1.8157426847375593,1.2000644601427077,forward_head
0.8,-0.36022302022414526,-0.10710747734928423,-0.026472125038520103,-0.013606189884798451,1.603111966943022,0.0332635736743759,1.7504910049638596,1.2204773449019999,forward_head
0.82,-0.3211378129818172,-0.12698127250733082,-0.01665374118216179,-0.0017967714024966469,1.628636530971271,0.04138149131095744,1.8598488862573463,1.1689410860528262,forward_head
0.84,-0.31629597283574745,-0.1392528577444221,-0.015997229973650263,-0.0004660356927063896,1.4816413697670123,0.02798371205281998,1.8539328171645362,1.059875380474435,forward_head
0.86,-0.32880423085337623,-0.12421131090347497,-0.023507769740063533,0.011765361171036479,1.442735946350345,0.03248512163772932,1.9155530495096964,1.1117490374994063,forward_head
0.88,-0.31909896289200035,-0.10852862394418036,-0.01983902975124653,-0.03910606333253967,1.6129670215722534,0.04056015929276398,1.9155393489313353,1.2460100084382657,forward_head
0.9,-0.28323452079532746,-0.11779736601486622,-0.032401183979192824,0.005333076129708058,1.6366088659123696,0.03878277801330694,1.8535393342673816,1.1971196709368188,forward_head
0.92,-0.31334000707698495,-0.07867755691914226,-0.01698975325488193,0.013976065854722244,1.625178501625678,0.027670323102805365,1.8649455494287286,1.168048100328053,forward_head
0.94,-0.34622627856765587,-0.12862979955222176,-0.013767238686992127,0.0001232986881115556,1.5002748797326533,0.031157604382281493,1.8196301401608062,1.0864499692425011,forward_head
0.96,-0.3275628634136676,-0.10929549280526676,-0.013577371742858106,-0.014049954820694769,1.4959412457906347,0.03852289034045347,1.872921350751956,1.1478743199268808,forward_head
0.98,-0.33596973611210607,-0.13452826757822803,-0.013466480873667419,0.044190668941983154,1.5862945076364963,0.024596758649167286,1.8668264040019955,1.2313106299022432,forward_head
1.0,-0.32845352182336446,-0.13964449858556108,-0.01709575137250518,0.01374368356295773,1.5180826463555155,0.018028382453925993,1.9054196282812144,1.1367291582741632,forward_head
1.02,-0.29656797381543926,-0.1270827724531828,-0.015630660486040737,-0.0075769045535073265,1.5307633586217386,0.029606210719112992,1.8786629889046094,1.282463286426966,forward_head
1.04,-0.2929164263032693,-0.10834070366344507,-0.03569730021016134,-0.02167585349854893,1.527171019319515,0.020080882931083725,1.754398114803365,1.130023390476152,forward_head
1.06,-0.3285438032143514,-0.10294364668521412,-0.008269648836065086,-0.032423698832092215,1.4539485517022543,0.027471949383642398,1.8556378707077068,1.1941299218607693,forward_head
1.08,-0.3431798934291426,-0.11138949993638382,-0.0232573312020045,-0.00473891847390095,1.4921138446906712,0.025942273284118945,1.9341888628603598,1.226937632811937,forward_head
1.1,-0.3217050526792515,-0.11773148869287556,-0.015954329493171195,-0.01663405263152754,1.5528282181644522,0.051055762260996854,1.8707614493297897,1.1174575223336565,forward_head
1.12,-0.32607652736850345,-0.11033769547400879,-0.025270659797692843,0.0008097436580537347,1.6278610275462146,0.044792290988572535,1.8656362674026419,1.0702886565163925,forward_head
1.14,-0.3097470315072606,-0.12626431323214726,-0.021921702872773098,0.0306013490782088,1.5962798598670884,0.0330514523298789,1.9936952414248945,1.2777782574584662,forward_head
1.16,-0.31561892023462385,-0.07722360948106481,-0.022947787130700344,0.010349835963221804,1.666043740989698,0.04163196434164436,1.908511885361758,1.119769416025272,forward_head
1.18,-0.2974963186937195,-0.0872437658119122,-0.011247758171760758,0.00046876807989457863,1.5805875071478026,0.026953060443515527,1.8068118922931755,1.096327982088382,forward_head
1.2,-0.3417924655678834,-0.10772299703545467,-0.040849508509888,-0.000982204524579257,1.5356958812126487,0.03784313804242139,1.8573939167383438,1.0455555169766308,forward_head
1.22,-0.33460568336451646,-0.11825185850071564,-0.004584541375501549,-0.01073825062310582,1.494739953937576,0.032240322838235,1.862050125994018,1.2223778883309233,forward_head
1.24,-0.31716050847984845,-0.10475040864469647,-0.04167209570616903,0.026527293682343456,1.6009187282165442,0.045192496050687724,1.901736175139298,1.0794158268206813,forward_head
1.26,-0.30798884591027165,-0.12321203342969257,-0.034236498168743905,0.008295831695502536,1.691692154210464,0.03310460562431497,1.8587212663096706,1.1134517613590191,forward_head
1.28,-0.33800896921415197,-0.10753198244889539,-0.004879765388118556,-0.010579696351106494,1.650056001685706,0.027845157692653666,1.893377911909114,1.114463378998633,forward_head
1.3,-0.31800664568727,-0.11868926241656017,-0.018878408737889756,0.009494186813062078,1.7002328300951652,0.01181610865500246,1.7741675425705197,1.1097095456584085,forward_head
1.32,-0.28945720161548966,-0.11355821046895904,-0.015052003409390162,0.002015204135048779,1.5681374102405332,0.04031120207851471,1.9526570050911574,1.1296194451134465,forward_head
1.34,-0.31009461016216194,-0.08264874261966249,-0.017240761173989677,0.003788889247851702,1.5543065272609546,0.01938979171266375,1.9106911971093763,1.1941497462682347,forward_head
1.36,-0.25289068116596414,-0.10950127169864234,-0.018617029443204917,0.01895894511600421,1.6750859591411853,0.04073681270138095,1.923643881405831,1.1335021246007422,forward_head
1.38,-0.35742568137973907,-0.10759507016218417,-0.005656575976252142,-0.0017100887403946464,1.6085771375042242,0.04274699176101718,1.888272972397307,1.2162594391731827,forward_head
1.4,-0.3464157989822583,-0.13531761430617067,-0.02733004349221613,0.012952614820745483,1.6370266946909058,0.043202929995209464,1.7408237539859817,1.2032147961834663,forward_head
1.42,-0.3767156419810961,-0.14052961202514727,-0.024581375403139566,-0.001816050541755513,1.570101766292041,0.033887412378976065,1.9024167059648969,1.1382197473863738,forward_head
1.44,-0.29093222413678643,-0.09637368454609883,-0.029548210197630514,-0.007233728970786615,1.6173533903350197,0.024352128220324617,1.9179080528983965,1.2041829231883443,forward_head
1.46,-0.31356684313313166,-0.10635108484886174,-0.04395599837762446,-0.014443174852780512,1.5222054706302721,0.037243424561770246,1.8214239152081622,1.1237521380169773,forward_head
1.48,-0.32684377191939556,-0.11095638727999432,-0.02832267079457087,0.0166864397119273,1.6626490429200402,0.03912297325313445,1.7089092489477558,1.087282771890276,forward_head
1.5,-0.29116198231985085,-0.09262575567137764,-0.031418003250599055,-0.015285520187468881,1.664895543742187,0.027135440467924966,1.780575124521064,1.1077468076240296,forward_head
1.52,-0.31210611058955723,-0.13573730630211633,0.02577229234091844,-0.005400033189969029,1.5432521154410357,0.04709752820386413,1.8189816163573242,1.1200539482209064,forward_head
1.54,-0.3216298735405623,-0.11276896788269983,-0.04126847680799825,0.011044953558839346,1.642303457183692,0.053135684701360694,1.9114757114877958,1.0860984913774483,forward_head
1.56,-0.32098344456430244,-0.08644573874246098,-0.023414840894162767,-0.027218683141561954,1.5369584093083124,0.036025998983976085,1.9190944549609334,1.1496185964528551,forward_head
1.58,-0.31632477891970023,-0.10519555690784294,-0.01347188723996327,0.007640228175914051,1.7338456546922119,0.04976851479622405,1.8807756382554262,1.1702260565087559,forward_head
1.6,-0.28475440126195023,-0.11507354980989687,-0.029911917931300668,-3.894075657233936e-05,1.5816088013628387,0.04325565335457568,1.7791098527411846,1.0743864296294148,forward_head
1.62,-0.3344511848969736,-0.14428900820177448,-0.0375979433468428,0.022202789394446178,1.594222723619784,0.022707280017368506,1.863724898670148,1.2067657951888628,forward_head
1.64,-0.3298144783276446,-0.09999506780608372,-0.019057607677820432,0.01534832702793458,1.4823486284649499,0.04050495955787809,1.7930671950787882,1.1699813569396913,forward_head
1.66,-0.3370708498146431,-0.08983802210787427,-0.041202620856811534,0.00536482650916572,1.6183346738614997,0.023577111382632725,1.8631605149073331,1.1641798239739696,forward_head
1.68,-0.3210334133283983,-0.1350870774239983,-0.017315244610810583,0.020531660113553327,1.6467032562775203,0.021683313352354103,1.8334183722824442,1.0613149241932882,forward_head
1.7,-0.3551638850501552,-0.1093331720969423,-0.014768802316976373,-0.021318346284241545,1.583367823777402,0.028944698429359077,1.8377762305124306,1.1391377307008457,forward_head
1.72,-0.3202516898417638,-0.08918054623764007,-0.033333849707838134,0.01604737684486736,1.6240846069195962,0.04460937904356236,1.7378257917505824,1.2227221693734802,forward_head
1.74,-0.330774888627148,-0.10753788415608914,-0.016551672392394683,-0.005190477821359888,1.5675269131806904,0.04555445206515196,1.780773090467692,1.0759768821540503,forward_head
1.76,-0.3078580933972329,-0.10545258929025834,-0.039845785511733595,-0.020672976635409297,1.5713190690187353,0.02370849626641189,1.864814943222731,1.1822117447729037,forward_head
1.78,-0.3060863830902878,-0.13306649363494502,-0.011874575404924896,0.005174624907358727,1.6769309101031828,0.030636812282991747,1.7500203026041279,1.0972103893559928,forward_head
1.8,-0.3193251573890543,-0.17345326811517722,-0.010403319156512818,-0.008900791437069776,1.4728321708551226,0.02853528834992567,1.8498065402740884,1.2056507483871997,forward_head
1.82,-0.29252089677405146,-0.09729663681175754,-0.011147838283828882,0.015316495132317413,1.676345317883776,0.011455452247665568,1.8868523624125526,1.1023376095704525,forward_head
1.84,-0.3006971606934848,-0.09545210302954993,-0.008801981977939367,-0.0009023587191609295,1.5638358785892288,0.0122288323973263,1.7379229169725057,1.1128684216021432,forward_head
1.86,-0.2896258393587494,-0.12971420722574886,-0.02229494363777418,-0.014930997312597108,1.6355468552755017,0.05004548302438815,1.8448137159405196,1.133167897089634,forward_head
1.88,-0.2898961672583837,-0.11889365845407705,-0.029285803746469868,0.0023837777959866717,1.592036532254139,0.030607383824682227,1.8723844774107452,1.1990260376011235,forward_head
1.9,-0.3243572136559126,-0.13225658254184688,-0.026937509701998034,0.0246565505718447,1.5459888345182904,0.023086884218306604,1.8335492638092807,1.2032478379883276,forward_head
1.92,-0.312704572485363,-0.1287391617422126,-0.023838291654987107,-0.003204296790345118,1.6744415231109326,0.028205247419860597,1.7791964106707543,1.181401171777331,forward_head
1.94,-0.33498331714497503,-0.10380635652628593,-0.010381721597120067,-0.006507291509131144,1.5931528753430617,0.023888185139447217,1.9029589445945694,1.1135721328750359,forward_head
1.96,-0.32838427579411017,-0.15630089899568353,-0.03161976094937828,0.01955099936173321,1.6459508224170234,0.018708563792400636,1.8029205895413798,1.0852793400531524,forward_head
1.98,-0.3476166148879274,-0.1251529311665798,-0.027729595671765153,-0.013916477697627298,1.6518377779642495,0.041121781409789476,1.8277550667583153,1.2234177337855159,forward_head
2.0,-0.3351634095874446,-0.1297852683118153,0.0004231863115606045,0.004663133337115307,1.6082851309820003,0.02379962665688302,1.7799028114515407,1.2176060113102396,forward_head
2.02,-0.32104905538700323,-0.10239117458027162,-0.035596921519984434,-0.010513428753598128,1.4906843040833597,0.019553148195366212,1.8050111526801773,1.2480550954969731,forward_head
2.04,-0.3072642398580887,-0.10597132009394944,-0.006570348689990129,0.013636803418339902,1.6009763388439229,0.01699107416339715,1.8342338767747326,1.112794226463377,forward_head
2.06,-0.27670657395300385,-0.11276110565745152,0.0022748523884312186,0.008366687008214368,1.5497945437204064,0.041110495992335905,1.806106678953151,1.0681651841069744,forward_head
2.08,-0.3057417165207221,-0.1449884837229672,-0.026085741101433482,-0.02144461169837603,1.5218171746025926,0.023354642621361957,1.8023566436829308,1.2149494935973708,forward_head
2.1,-0.3703814665372223,-0.11392691837076538,-0.01812421874517203,-0.008918995717644975,1.7667604796181928,0.022639568323646702,1.8348745695653321,1.2228012974421139,forward_head
2.12,-0.3004151929107873,-0.096438912563863,-0.014448862842610533,-0.0063657808314800685,1.509051666779287,0.030787889227800912,1.9186289173710882,1.1394307653485118,forward_head
2.14,-0.33185943878310126,-0.08802750117427263,-0.04552725039465199,0.008661150419448569,1.5376940084962896,0.027810942854472852,1.918534733253196,1.0870742028547487,forward_head
2.16,-0.3096736120899336,-0.12421310897397181,0.0028566183413073778,0.003067874452046908,1.697899658061952,0.02661852244821154,1.8803522710180565,1.085130104631555,forward_head
2.18,-0.3179034376578757,-0.11102434055670782,-0.03447980852318126,0.023995572795464878,1.6551970118120019,0.021888665817866058,1.7214966844608337,0.9761035943829703,forward_head
2.2,-0.3185471592003614,-0.12350761637864126,-0.025075682692627593,-0.023395308223701207,1.6784591555561674,0.02138413110800049,1.9572620980378639,1.0927507386641786,forward_head
2.22,-0.3037532677491075,-0.13928799696418642,-0.031120299777142504,-0.01371495778293572,1.5455436553446495,0.03237186172621511,1.7609359381458776,1.2086117144216852,forward_head
2.24,-0.35589674032277,-0.1229162954433003,-0.020157445173482776,-0.0012148687057825472,1.5666364136925834,0.045432731089410844,1.8625757683578998,1.176751039933626,forward_head
2.26,-0.32860110870862586,-0.1589779625408821,-0.03354285069295676,0.007309732329460158,1.6232922069582048,0.033192352487735076,1.813077240854573,1.1229486278137415,forward_head
2.28,-0.3215897647570703,-0.10242255739797085,-0.03985721892598359,-0.020331669745045557,1.6928420703022589,0.03244352320011099,1.823097700407074,1.1448141925042745,forward_head
2.3,-0.2880482888145772,-0.10348871734178956,-0.04509749855872048,0.008967625476985342,1.530398499061636,0.025930461220354344,1.8272509861604491,1.0994438535815527,forward_head
2.32,-0.3294243518804838,-0.11186632755514057,-0.03489837352544407,-0.014981894968644941,1.6261432909593838,0.040312036718051336,1.8369521018359445,1.0245427376048717,forward_head
2.34,-0.3174216009739517,-0.10593895536159052,-0.03267028331207791,-0.002732461278220109,1.5332013782436056,0.016291661462699836,1.9791881854807498,1.1535414562067994,forward_head
2.36,-0.3575709908487744,-0.11446239141213471,-0.016955935027431222,-0.006569684235239079,1.514529924582664,0.028412157316583815,1.892214662016986,1.202819678784936,forward_head
2.38,-0.3111260793306055,-0.1272793558822522,-0.014193704125791556,-0.033261968618933845,1.6990956355325229,0.024882016112012757,1.8982099950375484,1.1039893415695912,forward_head
2.4,-0.27360895486234116,-0.11609005750605404,0.0034887178570648836,0.009195173238501659,1.5860222439808995,0.03693459165852891,1.9241341293509355,1.0550060769077487,forward_head
2.42,-0.32827114771529275,-0.09650422498652154,-0.04121707255257602,-0.01417674266935757,1.5878781630006722,0.03451365633911293,1.7062947772879271,1.191567121454362,forward_head
2.44,-0.2835561626940854,-0.10453588142544895,-0.022207901536962907,0.025415333101530616,1.4821997828603113,0.0385892634126038,1.8199404354661353,1.2575291708249652,forward_head
2.46,-0.26219998483060886,-0.09896906917239279,-0.01346988702149484,-0.014986406199036538,1.6266111510294177,0.013572441546621608,1.8630907788409643,1.1101912887064456,forward_head
2.48,-0.31866032756006485,-0.10666818598872777,-0.04135185979059454,-0.006114150346120162,1.5810303921065767,0.02216166357482148,1.8437167496642424,1.089127680250932,forward_head
2.5,-0.2634116735116289,-0.10204162368538333,-0.030837662556694775,-0.003958425851519058,1.6402671680360366,0.03638652213085759,1.8448344836797699,1.181334973112102,forward_head
2.52,-0.3389801782873427,-0.12827730729386383,-0.01572392716651927,0.011106877477599772,1.4951415647467456,0.04849271914409387,1.9805986547876315,1.1258855856754888,forward_head
2.54,-0.29939582167975615,-0.11041890230884228,0.01657601220094401,-0.020834166675098128,1.709655984047735,0.04298263663210696,1.764674361716891,1.0549666297142137,forward_head
2.56,-0.3312619276248406,-0.14401423484997394,-0.020698193150751058,0.0174905862432297,1.4559932348220164,0.05802690331412089,1.7847104320502534,1.1290600958295638,forward_head
2.58,-0.2813235527224987,-0.12222366216096203,-0.04110813121951196,-0.011056620650094209,1.719902235325928,0.03527243083450082,1.8023360995067186,1.045106711522893,forward_head
2.6,-0.28957280169264044,-0.11996584437930641,-0.06219466392146703,-0.010170742630612453,1.6191165646851138,0.015529871533072254,1.9820709496459172,1.0982956764284855,forward_head
2.62,-0.3335616679805794,-0.12215369567185842,-0.012506169487376057,-0.018404390234381937,1.6078543792734246,0.04729096378864148,1.7650577011690272,1.2489059515181526,forward_head
2.64,-0.28261329101156724,-0.11236296170381857,-0.034245556717087705,-0.006930685235760062,1.4994249912215658,0.0452139517747267,1.83964042644644,1.105013390570855,forward_head
2.66,-0.3216170606654622,-0.10174484269183215,-0.0007842898874907959,-0.007854722933073556,1.5496133860275254,0.027848105410565715,1.8883817098552669,1.2054639712510886,forward_head
2.68,-0.3286396411735608,-0.1358818216196412,-0.003007313148988705,0.023540052677812003,1.683410071447365,0.03506206375816645,1.860623708837853,1.1255570762306653,forward_head
2.7,-0.32619311735719647,-0.12544277604394666,0.002908434475170709,0.009687655717161141,1.579023066805751,0.017489677958294543,1.8846831391299204,1.1373797108490238,forward_head
2.72,-0.36429262710549487,-0.11000277138092654,-0.03254377652598143,-0.00906345776938472,1.7045820986912614,0.036621295312235104,1.8537406661619091,1.1153780863175538,forward_head
2.74,-0.3141392996703365,-0.07709130701239912,-0.024142908262367358,-0.03183046609216552,1.5071998529042785,0.027046495473046557,1.8629843226661371,1.1265704352574575,forward_head
2.76,-0.30472313678008817,-0.12907112493693096,-0.010731785465589817,0.021120132930369975,1.6613257248716393,0.02179911105911148,1.8129363077266232,1.261650669298199,forward_head
2.78,-0.34905149607390357,-0.09938901858306995,-0.021377510097074028,0.009959400531794348,1.6599235313596745,0.016293791516729675,1.9283295219766987,1.1575750931329691,forward_head
2.8,-0.31144386839664673,-0.14240075518765152,-0.02048061939474258,-0.017185966241410246,1.5464859970621119,0.027761793364656156,1.8445644048828276,1.1658956245296828,forward_head
2.82,-0.3494390831106764,-0.11480881198124945,-0.02176121937116932,-0.006956356271843395,1.5830419492816983,0.016725647732724613,1.7843452726522882,1.1814441414955668,forward_head
2.84,-0.3421283367161153,-0.11473328308377383,-0.039837009151535666,0.03688855541920227,1.5606195542722026,0.021248518982186635,1.8522051168655222,1.1118415600908564,forward_head
2.86,-0.3413180263940409,-0.0965184861243449,-0.022496393345893564,-0.005224849738180679,1.5196394765168832,0.01980429644405614,1.792145570409156,1.172847844047544,forward_head
2.88,-0.31024431609939435,-0.12372343890728263,-0.029662062674485203,-0.006910859499634047,1.6520895350290759,0.020752124931437483,1.800793026569834,1.181888146163418,forward_head
2.9,-0.2895296220892007,-0.13002482383911704,-0.027833652686403303,0.004216158362461432,1.5251750181174242,0.02831468928896214,1.8911047633691858,1.216831127306606,forward_head
2.92,-0.29414027082267924,-0.12877761246249392,-0.011424999574877723,-0.022618580077093033,1.4952837546380842,0.02499627930269978,1.906551924805818,1.1192677503280823,forward_head
2.94,-0.2648989086840808,-0.11613597105626976,-0.014355321141004069,-0.02218670208098026,1.5337832166226375,0.033213356900425754,1.842621070525384,1.0061938871265421,forward_head
2.96,-0.35319915027859927,-0.11676121802037129,-0.0013264162313532284,-0.0019823419260850727,1.569912230517053,0.040450072054800994,1.7580979006603277,1.195561208429716,forward_head
2.98,-0.3279559159861581,-0.12100225989514668,-0.054014907065022426,0.00844723785937607,1.6649058000782553,0.043618841180680906,1.7998943443261215,1.047159533647225,forward_head
3.0,-0.3259249764050008,-0.1410428696818289,-0.009717876547885838,-0.0017467496013558626,1.709428995248776,0.0243527343628769,1.8874085696726537,1.121629020928326,forward_head
3.02,-0.3222639292698689,-0.14306586354127207,-0.01735324791576876,-0.0011274868299747968,1.6110741314240629,0.030891859094132286,1.8410098904065013,1.179321799640685,forward_head
3.04,-0.36023583203050646,-0.1227422106708509,-0.015120791091879096,0.011833284681009982,1.3688860276010104,0.03445984424083375,1.8653499110456793,1.1421824133318932,forward_head
3.06,-0.32716936354776965,-0.12109136553481824,-0.01716801726207707,0.015162887741140697,1.597322691877058,0.031985097231804635,1.855944701437748,1.1809544452845588,forward_head
3.08,-0.3327608566949409,-0.1058066567843466,-0.009471812814393596,-0.0026942681193996908,1.5509094490953976,0.04117776691336361,1.8784908939569092,1.100923874370079,forward_head
3.1,-0.263699364627817,-0.11465154514367494,0.00013232581577579802,-0.012943123409097966,1.6065208190155602,0.040065317266586624,1.8424979299199666,1.181997959328658,forward_head
3.12,-0.3253286722602687,-0.10148881427993094,-0.026938183600000627,-0.013609433510276547,1.528696279715111,0.03735029723077173,1.8582301953532019,1.0371295280272907,forward_head
3.14,-0.3058986820257279,-0.0966876496992835,-0.018992312856213254,-0.004594153014539147,1.565248298269739,0.04663474300738979,1.8687321479532486,1.1825987127939537,forward_head
3.16,-0.28577016140527883,-0.16107381794190206,-0.016730681719986734,-0.011284220215770802,1.7150050303009508,0.0268908310823963,1.8668689832379648,1.177369831269438,forward_head
3.18,-0.33490723954068635,-0.13864143860829542,-0.0302648976019776,0.00027522264651576154,1.6444812301621032,0.042046190048434,1.8286073251457968,1.1847121690378815,forward_head
3.2,-0.3697465702878817,-0.1008750726008771,-0.026483915835149714,-0.00480767060514588,1.6614953053924562,0.04599708837437572,1.8113122849901961,1.1880308687882262,forward_head
3.22,-0.3067652097155761,-0.13287220088549379,-0.00807685782476394,0.015468964049290745,1.637164415402749,0.02934979625517391,1.8768501838183038,1.0288668635171718,forward_head
3.24,-0.29802000490220776,-0.1357657948082402,-0.02055488994903914,-0.0020035861861238532,1.5787021084558945,0.04026713490299043,1.8240755506327349,1.0574649632098538,forward_head
3.26,-0.3233757595735212,-0.12773863174672337,-0.025360189930605213,-0.0066068390027137205,1.4893360944721967,0.039646056469168724,1.795241653696551,1.142482457248798,forward_head
3.28,-0.2956230856711448,-0.10069363284085464,-0.017289119223610216,0.009502846720789958,1.4761877414060944,0.02169392322253004,1.9000604291564516,1.1752093819023848,forward_head
3.3,-0.32518660763005475,-0.1245552261940206,-0.022496346600407537,0.02020653072977976,1.5538626579429666,0.03350025432388064,1.8831979404508232,1.1367176439747821,forward_head
3.32,-0.2739603999278352,-0.13504575904210067,-0.015448279250872277,-0.021284618931220144,1.6416072400828006,0.02454293931382042,1.8438072696127508,0.9941867582515485,forward_head
3.34,-0.3126803608123042,-0.07560236360765493,-0.02838326310555401,-0.03297805516809562,1.5967845229796112,0.033534984897121256,1.858407030650563,1.006120740762319,forward_head
3.36,-0.3307612586875971,-0.15024459091616496,-0.011590549671770096,0.0012516189889594318,1.5587278792700998,0.02811993865468904,1.8150899521611388,1.0949121555932995,forward_head
3.38,-0.32127503242590055,-0.13450064621845095,-0.031839965039555114,-0.023509070383092464,1.7121649744295637,0.038020856670410996,1.8481587688229397,1.0837682296399154,forward_head
3.4,-0.33017512646717934,-0.10296023722303924,-0.03273413561602648,0.006248422627112714,1.6180031194110158,0.04713808762978583,1.7210936028023953,1.174745871180978,forward_head
3.42,-0.2978311225779985,-0.11604356712743422,-0.025679481746318664,0.009729939294788685,1.6930339879644434,0.031716875652539084,1.891780441555749,1.1127461677811497,forward_head
3.44,-0.3228018886678815,-0.12073812789233512,-0.014728051924947897,0.03897712815143326,1.528078648899416,0.033818303940580836,1.9261002034483754,1.118311373759811,forward_head
3.46,-0.31465329713359613,-0.12123825609233918,-0.03822746282204998,-0.01642512058404629,1.5628495463104883,0.03207751884591836,1.8616957477045981,1.1050700582457125,forward_head
3.48,-0.32369614040289374,-0.12540299039766176,-0.011208453575959539,-0.005615538386515585,1.5641098262244555,0.0159663861806862,1.7427185528882663,1.1212247465662875,forward_head
3.5,-0.30572011807651456,-0.12057497301684889,-0.02837873987245174,0.02132416891134033,1.6540507029035814,0.009299864982935524,1.9148849812572633,1.1050293950723864,forward_head
3.52,-0.3115749043568469,-0.11496682843431615,-0.016311599865884013,0.022055300873823232,1.5263758433573624,0.047628148732267075,1.910858539458337,1.207904712080705,forward_head
3.54,-0.32546937614880644,-0.10651324818436933,-0.05625379866018707,-0.009770628887288652,1.6681080039959126,0.026825437813920376,1.9148755188811446,1.03428166624769,forward_head
3.56,-0.3215146730287936,-0.09757522448574131,0.007050503314518091,0.02904095472418083,1.5702837433861645,0.010736688446806364,1.7746410694698522,1.1479243241199513,forward_head
3.58,-0.30144735673822465,-0.1344348837963384,-0.03876047276199919,-0.009466436357084522,1.5442497675315858,0.03366086487286038,1.962126442505874,1.1538981070902392,forward_head
3.6,-0.2963361611158689,-0.12567855170133763,-0.012317758488501291,0.006105267407130297,1.6720733429256465,0.03718038521210147,1.8602648989342283,1.1947181567808838,forward_head
3.62,-0.3181049125057533,-0.14015396279496736,-0.030586736912481406,0.0064013810285847616,1.6012731825246325,0.027182439087612236,1.7627397719694622,1.1157237522220462,forward_head
3.64,-0.28060136950675324,-0.10241207490379332,0.005079078569972452,0.03288670178355646,1.4244891279694705,0.04173218655449183,1.8198949426569258,1.2119539042961776,forward_head
3.66,-0.3179855677269758,-0.11615504636616088,-0.03466382045604662,-0.020598506460829124,1.7417413030990512,0.03501153606383206,1.815139746875069,1.1876092093777395,forward_head
3.68,-0.3076965916606328,-0.11471701831905046,-0.027838777688124657,0.011720960951543227,1.5985350479696112,0.026390342915851805,1.8520301224994467,1.1198083846059537,forward_head
3.7,-0.31617155337747777,-0.12320484035579865,-0.0034898223150078237,0.00948942096859913,1.6275228633750287,0.023754369774049443,1.913684725948961,1.116082491304263,forward_head
3.72,-0.3185459693578014,-0.12255281121173507,-0.02617926031809277,-0.013919098489116509,1.6491043324796515,0.024384189611272512,1.7159061002219544,1.258491199426559,forward_head
3.74,-0.29758405340726274,-0.12878105056457453,-0.02205355630642395,-0.005687985477644692,1.7316871011177064,0.03324328944453045,1.8878792864827687,1.2243654947935958,forward_head
3.76,-0.34241610569973185,-0.12148453191226995,-0.04295809085470034,0.014831949890096273,1.659680030305505,0.04639706795459992,1.8595919541226003,1.1557501835333996,forward_head
3.78,-0.3099145851875589,-0.10784074236983839,-0.03089380404065611,1.1498004739058325e-05,1.5596741571859305,0.01304318006382826,1.9641053943780755,1.1593727537253087,forward_head
3.8,-0.33744076033312914,-0.1236179719831474,-0.025121446388345802,0.011094691708494586,1.6773263555272255,0.036739857328604325,1.855359667543888,1.0985712313505263,forward_head
3.82,-0.3247353209594652,-0.08812375185966767,-0.022883981286550094,0.012790546168695197,1.5825951706990051,0.00458313917350407,1.9178452280030331,1.1759816693550182,forward_head
3.84,-0.326646638048721,-0.09858647779742981,-0.004129676480821099,0.00674822690653152,1.5420678160305712,0.03931736790683694,1.9025909853070944,1.1331269719918509,forward_head
3.86,-0.28834460915311133,-0.09211582960484954,-0.02680051631646798,0.005987598751822713,1.5393807631253058,0.039690405002327525,1.776616421239277,1.1755075133886748,forward_head
3.88,-0.3084179192718574,-0.12192215252959825,-0.02619672047793776,0.032374860731701406,1.6769238694547475,0.026746008155006155,1.8934044442108093,1.0568736320833292,forward_head
3.9,-0.30184933876090503,-0.13670157256544435,-0.01777915854627281,-0.0006252306361209942,1.466802859057765,0.019080929273551296,1.8265291008500666,1.1187961542421343,forward_head
3.92,-0.32426974420533766,-0.12493357639972738,-0.028964046239676147,-0.007293336504936757,1.5493495113600013,0.022669508569347675,1.9746357379630608,1.2213829477313944,forward_head
3.94,-0.2941122479702088,-0.10830154421691003,-0.04039418395257163,0.000570427622713148,1.5246970896037435,0.029810234271501968,1.7793253918353507,1.0405187197445842,forward_head
3.96,-0.3137106994774025,-0.12074106893733876,-0.012016604674255058,0.010478968216679567,1.7235415360651631,0.021209031302204782,1.7560059082536719,1.1944181057214527,forward_head
3.98,-0.33896514149013757,-0.08742857549417359,-0.020687485979191598,-0.011925184491703517,1.6985917612751733,0.04740393725154292,1.8120320314773386,1.1457278525477534,forward_head
4.0,-0.3089127590837429,-0.12568352540508038,-0.038102110938148144,0.006284701661562931,1.6026786589142201,0.024715882410625396,1.8007791264679234,1.143503468201223,forward_head
4.02,-0.29431953903387104,-0.12889179236815518,-0.014724516786302601,0.0059577912608020514,1.6047934707928944,0.04481342000986431,1.754608959116767,1.0979310277177656,forward_head
4.04,-0.3385074057680908,-0.07921090093746676,-0.025986136883223123,0.007676841758120438,1.5307416515716303,0.03651635866543849,2.0090710230564657,1.1245910581806429,forward_head
4.06,-0.31456276752386386,-0.14400422058677703,-0.03375151220356103,-0.01765526504841794,1.5196326238619253,0.031007433402815084,1.8515519985161355,1.1283838431017852,forward_head
4.08,-0.3495560757597531,-0.12028874084295271,0.004188932013466911,0.012431606379063851,1.6519993597168547,0.01586872214620204,1.758060529828751,1.169822229317223,forward_head
4.1,-0.3539474621050024,-0.14128324649360005,-0.005026369530477219,-0.005084982320007715,1.4313888299851714,0.03059326862387762,1.8474651153218422,0.9961543452656373,forward_head
4.12,-0.31320642534631504,-0.11857844634940151,0.008112366830502612,0.00016593965295442104,1.4631969837536551,0.03275156648229147,1.7840390112961704,1.1165243751407299,forward_head
4.14,-0.302400176357821,-0.09749937917145014,-0.014437538550395323,-0.008541359360305539,1.6741294841959766,0.023377258048093444,1.9364880567792784,1.2449629358054266,forward_head
4.16,-0.3181930166167305,-0.09751358524361316,-0.02802523244380965,-0.02558209758405424,1.6762917971977802,0.03951232072267463,1.9455217842144856,1.1685353517928645,forward_head
4.18,-0.32726850361934195,-0.10048466982295332,-0.029988670120339875,-0.014644769218392122,1.5853974569671416,0.023127109970456586,1.8161500032862188,1.1639370077056765,forward_head
4.2,-0.31109657534757595,-0.0707683057137847,-0.00881029536001773,0.004837418329662093,1.7360379716887162,0.039994020080733814,1.8562829027145915,1.0788611434421609,forward_head
4.22,-0.29163900922177627,-0.10156448012879589,-0.023642961240575855,-0.006881390206910138,1.6637174388781342,0.021112931795263037,1.9324132694356317,1.1159207903277177,forward_head
4.24,-0.3121662906965021,-0.10981632795790373,-0.06597439884694425,0.005231045533183243,1.7259880337286226,0.023571803396869324,1.889595964110843,1.065754646503038,forward_head
4.26,-0.31478192657097576,-0.07686061314842528,-0.02975027965011933,0.00615935265331142,1.6205579841717765,0.02349308884687391,1.9049273340163295,1.153149756314809,forward_head
4.28,-0.3375924178926025,-0.09167465324392429,-0.01385375711154468,-0.01040350566325742,1.706188000819196,0.030475081750633556,1.8428342546141836,1.0857696079805625,forward_head
4.3,-0.32084071598043384,-0.09539397581588482,-0.029907814317890052,-0.010917306076910748,1.7632247633599543,0.018844022481370425,1.8772550460899207,1.2195241645509487,forward_head
4.32,-0.2953751067948264,-0.11006797674992402,-0.013620189346982482,-0.0012813178078946211,1.4838430619802687,0.032961612193836545,1.7978255573325348,1.0969126580282555,forward_head
4.34,-0.3456644346485865,-0.11589825350030646,-0.02398479985505535,-0.004990248100267019,1.4187665554623345,0.00886480876692734,1.8138056516600305,1.1559103992025495,forward_head
4.36,-0.3321920563812084,-0.13155491100771213,-0.014328790291155715,0.001884902884920104,1.5783568001208388,0.030237228732619303,1.8581406683410002,1.2348609946727573,forward_head
4.38,-0.3238347858839312,-0.13254366274837065,-0.014019156716464908,0.005655933046710453,1.5795244444441772,0.04025096042930318,1.766491541149572,1.1545951586818552,forward_head
4.4,-0.3020089944531996,-0.11084929957868374,-0.006609906493176032,-0.015495978943196901,1.6434228250972578,0.020693386888847504,1.8452295624420583,1.0974071506073018,forward_head
4.42,-0.33057182120292383,-0.09590696487918596,-0.022913933921146924,-0.0007250253119495524,1.7263937984862447,0.03740712306406718,1.9077805376849322,1.0676615075501084,forward_head
4.44,-0.2969259360354461,-0.12437398039461249,-0.05282166793371645,-0.0013567980620986088,1.616510066909018,0.0252546039428874,1.796821194613767,1.2401226596499924,forward_head
4.46,-0.3342845996301162,-0.140202201455559,-0.014144889266895007,0.01372135062667584,1.5683523228761704,0.026602842792100578,1.8584460608865911,1.0822635940403298,forward_head
4.48,-0.30768661940222913,-0.12791744612196126,-0.03333599528488281,-0.012095796778207428,1.6922927440667983,0.034453225964770844,1.8857318490960007,1.1295148873610694,forward_head
4.5,-0.327494191777605,-0.09776306033560295,-0.017957970130989216,0.011414341990859033,1.5719552689977718,0.016001346965308066,1.8724713132819142,1.0089250189684542,forward_head
4.52,-0.3090813044199855,-0.13776974293610078,-0.023117854949652968,0.016967580856553883,1.5344740949091014,0.017965276385958462,1.828280232065789,1.1423538839235574,forward_head
4.54,-0.2940100609125066,-0.12153756710060586,-0.042230016421657364,-0.0017865370689136482,1.5819695732639365,0.028157280253330235,1.8666715855170493,1.035827158786461,forward_head
4.56,-0.3420634906724604,-0.09510526602793826,-0.04345693451309948,0.03242428653313916,1.5735851981587692,0.04261886090767707,1.709215240456646,1.1149609274280265,forward_head
4.58,-0.2863879262787908,-0.12016947202116297,-0.05224031394452042,0.008375978614401654,1.5717961143666366,0.03894026800172541,1.8012977953792348,1.2545444891738389,forward_head
4.6,-0.32493181198408955,-0.12786094279719934,-0.02818856894029068,0.02119227636319837,1.5588452039631835,0.031201689329461883,1.7853405359649672,1.126555756432126,forward_head
4.62,-0.33403770196465377,-0.12881134787575382,0.007195910124694068,0.025428172865536412,1.5629253612650729,0.032701032681516265,1.8156779108897603,1.1197428395545497,forward_head
4.64,-0.33761663763461136,-0.13677784764879392,-0.037027244638555834,0.006292784986023063,1.6449120565978934,0.020483650678662965,1.7780650238486464,1.097817778385384,forward_head
4.66,-0.3391817847582135,-0.11500642130877856,-0.03237735069556137,-0.005519128938092101,1.5579425403086444,0.0240789531205429,1.8190552577636188,1.0521116374086488,forward_head
4.68,-0.31547314235837315,-0.10257907733332834,-0.05138889597930025,-0.017833925958473173,1.6537124274745576,0.03605472116180944,1.8113695270071268,1.1490517690201003,forward_head
4.7,-0.3108882378573747,-0.10578673981680378,-0.01649083015514723,-0.017933474410730964,1.5970150333719175,0.038290641223382015,1.8206200051265597,1.1789051114273486,forward_head
4.72,-0.32258173392650435,-0.09350836104474701,-0.030460836655401696,-0.006067068194035983,1.5977076135998984,0.030567191227210036,1.8917981543398636,1.28566115971997,forward_head
4.74,-0.3406598121849391,-0.1138558989940734,-0.015621605529476177,0.008382254990456616,1.591822582254479,0.029434012085663402,1.8726765654977977,1.1925217562338835,forward_head
4.76,-0.33410997595713093,-0.1094004998832253,-0.027338003462335742,-0.010376411876275762,1.5237246232078643,0.03578817264497112,1.8194038252582183,1.194395134130908,forward_head
4.78,-0.34550863709884744,-0.11603733977185256,-0.01670963693969082,0.01660709084201802,1.597669657910292,0.03443321446646631,1.8894311947455655,1.1411326769780366,forward_head
4.8,-0.31822943262914866,-0.1296970757047948,-0.042104893711753785,0.00983140725732462,1.6386524410908427,0.01204830929300803,1.9077159511069082,1.1319342289831429,forward_head
4.82,-0.31933122974350425,-0.10937444132441997,-0.026504731722341048,0.015260672956941024,1.6757115968308807,0.025380428348634958,1.7457116552332128,1.1462947876549052,forward_head
4.84,-0.3337496954657598,-0.12227748686374419,-0.011598355930244235,0.00921209131966717,1.7132189128992994,0.026550995937588792,1.892440858286559,1.1559877860783134,forward_head
4.86,-0.31933713898552685,-0.10173079916875839,-0.018763995696289504,-0.0021074447117098317,1.7624269398357086,0.022288315545709977,1.9063259239184902,1.0962387301383971,forward_head
4.88,-0.3128438913109764,-0.11431328189874188,-0.041654672682311884,0.005496280479671895,1.689638880326521,0.03755693334457624,1.8007554746569658,1.0331168750091395,forward_head
4.9,-0.32814191978602025,-0.11957311558036847,-0.02331338206581064,-0.007741020847793979,1.4881119915110432,0.04228064822482653,1.8090939201432683,1.0741759912299114,forward_head
4.92,-0.357736982212529,-0.1300144466346155,-0.03232477792270619,-0.0030854794732261904,1.4958407669810878,0.030414975222205154,1.9057417126733052,1.193439788135901,forward_head
4.94,-0.3110258334448196,-0.1447395431015495,-0.01979003618103078,0.009802485113450117,1.6724790044444662,0.020596137799124392,1.9305137529400427,1.2337614940143284,forward_head
4.96,-0.3456162811466055,-0.06509020261159464,-0.028862422304637616,-0.008098026378756706,1.7671464610222707,0.03156026596113331,1.719872763666052,1.1733478410017835,forward_head
4.98,-0.2571927257117258,-0.1192935448684725,-0.02757163845247938,-0.003851889858608295,1.6740642420602851,0.04247805745197908,1.8145602128849576,1.1085943948963872,forward_head
5.0,-0.318104148291365,-0.07217846863310189,-0.011005817970733163,0.01016772193603174,1.712612151587643,0.019878649184517063,1.8896246929473985,1.1680838676272236,forward_head
5.02,-0.30098094353757193,-0.09463234171080996,-0.021146253883417638,0.0002943025440609662,1.6568907839406133,0.03023912413077334,1.9576220689452568,1.1629444241629567,forward_head
5.04,-0.2980764493405564,-0.11812477399822054,-0.022166863208786393,0.018988578399847193,1.6811793991183885,0.03156821200584335,1.8315115654194725,1.1086924153511493,forward_head
5.06,-0.36231120022856195,-0.10529749432664778,-0.01919236991250866,-0.0036418630713305074,1.5928692920851686,0.03806470971873552,1.7741431384197608,1.215812580153648,forward_head
5.08,-0.32360977579523986,-0.12084539869276055,-0.004975961504805839,0.005086550285219056,1.5665790365063592,0.018400508921198728,1.8865460205237694,1.0540309592988875,forward_head
5.1,-0.2874565396707201,-0.1108118190859567,-0.05587080623148168,-0.009347090340694938,1.4885815690607747,0.02664791616236832,1.8310732970407226,1.1405275944258246,forward_head
5.12,-0.28223639555264823,-0.10853784695330401,-0.022882121646023972,3.895125398003074e-05,1.7142801270823098,0.02218581669946007,1.7989950048783,1.2586792401830265,forward_head
5.14,-0.3489921425352758,-0.09192015589824329,-0.01816020726595861,-0.007957167383625058,1.6376088263819875,0.03443239054662763,1.8431610729100798,1.225412531041368,forward_head
5.16,-0.3375071300627543,-0.1299082364950263,-0.019285494092874892,0.01583201971198729,1.5134505730103278,0.001376720674607455,1.9218299793736393,1.1216948761079608,forward_head
5.18,-0.3637026498554145,-0.08403259848454243,4.896735987012621e-05,-0.006955938302508416,1.5415924984592042,0.036570620946918084,1.9298424725727772,1.0873866166331003,forward_head
5.2,-0.33866741368928716,-0.13303989085387477,-0.032844629050971734,0.0013387866207873148,1.6869905990009195,0.03349753638451712,1.8264617546938104,1.1013407316418626,forward_head
5.22,-0.31082706970758256,-0.11397687605482873,-0.034529526385755835,-0.012179612272364838,1.6366111470608415,0.02448041886192802,1.8684489638549415,1.1001867264984313,forward_head
5.24,-0.3123453126021187,-0.12459379737988287,-0.035437215009702885,-0.014069682996372112,1.5830954610948393,0.04657659869145582,1.8512995084786255,1.1500042687462004,forward_head
5.26,-0.3066365309480309,-0.10054190932140183,-0.021706360054325,0.006615275997228723,1.7108273906852738,0.02590367461274033,1.830654014836873,1.1409821958100042,forward_head
5.28,-0.30284395457417224,-0.13023348280713762,-0.023854163605993246,0.0034951518532693624,1.652930035693718,0.02712282342150528,1.8666021351346929,1.1319313520044965,forward_head
5.3,-0.3152844976572782,-0.13531567694146615,-0.030116773957584962,0.015178739073133907,1.5614190164042336,0.02396755819629555,1.8002207360326885,1.1972045114569019,forward_head
5.32,-0.2849522023739282,-0.11847588118474515,-0.01992144391949889,-0.005662144641073403,1.623249926906631,0.043413779420107566,1.7722819141963997,1.1643971232673913,forward_head
5.34,-0.35248438590304254,-0.11928602174443895,-0.017978274783405218,-0.03707258389809299,1.650826567289646,0.032989476981272046,1.8867861092495701,1.0943133433807277,forward_head
5.36,-0.2855188823380538,-0.13323962582166599,-0.0224957124309015,0.020564887105810035,1.5785494387611452,0.02065242985714123,1.7924782525302427,1.1827018448254119,forward_head
5.38,-0.3241684947377626,-0.10952450473678815,-0.015767300271888378,-0.005537236536572437,1.5282403623021732,0.024015989943589392,1.839572721604317,1.125846184552353,forward_head
5.4,-0.28978064668369113,-0.11299369698884697,-0.03873601098446057,0.004996644601080582,1.6691728121211837,0.024794543083689252,1.7695762304556608,1.1981380508630457,forward_head
5.42,-0.30290946866628143,-0.10422410328630555,-0.028563577531160816,0.013311877716517673,1.5847902642614609,0.01280968770451686,1.7008576431901155,1.2518561673861246,forward_head
5.44,-0.3207204165125742,-0.09648216539750963,-0.010454531356741703,0.01647734909437304,1.7338044937299488,0.029840085207269985,1.9420643360520025,1.1328724698974069,forward_head
5.46,-0.34294406969981,-0.1291879573565908,-0.010622055514569658,-0.014039717588461826,1.8155923817053952,0.03403427634180978,1.772337297076139,1.118811200684081,forward_head
5.48,-0.30852582480335305,-0.11880247856402441,-0.015294348041601473,0.01449717756312318,1.6096885565800738,0.039266281319142275,1.8872270080004676,1.057387245902276,forward_head
5.5,-0.28766735022041323,-0.10576567605800054,-0.0365556306077295,-0.02602190519992684,1.6486785177949466,0.036950834110814144,1.8562908614306088,1.1402308798280683,forward_head
5.52,-0.2878022129965362,-0.1656932812035928,-0.01243996209462219,0.018777970224683402,1.5356935350481844,0.046213195426524314,1.8032049833233708,1.2178979275327428,forward_head
5.54,-0.26539997620177874,-0.1125505518758748,-0.033112608143299284,-0.025991424229171323,1.649603389820585,0.035043788354850336,1.815854301485182,1.17564224996296,forward_head
5.56,-0.32982680657452884,-0.13782960499668206,-0.023104684666541486,-0.022894142079781184,1.622694499392644,0.029092302411636836,1.9010975710301918,1.2241391415877723,forward_head
5.58,-0.3162108390621816,-0.11296086735489076,-0.010711880330269473,0.0028456996544299396,1.6714749750342828,0.028589340462358143,1.9528839566015068,1.072967651603425,forward_head
5.6,-0.3192047449046733,-0.10173285852910974,-0.01103718003621373,0.011325356883573725,1.4324283791413381,0.03966659333239555,1.84471430733294,1.1444837551644502,forward_head
5.62,-0.3109909988798072,-0.10045148478724111,-0.03464504555778188,-0.008328223560327553,1.5360271209136356,0.0341239976431812,1.8032488779587497,1.0998798343708482,forward_head
5.64,-0.2957476559494935,-0.1358661639636188,-0.020750397309517884,-0.0019607187380550136,1.6766019742653206,0.020711891329551216,1.8548167591134535,1.1416069563316589,forward_head
5.66,-0.32150214323760495,-0.12911479774534232,-0.02927019457500394,0.009295354626191387,1.4117344366410305,0.02505820964313094,1.8067885528596135,1.0529635892523954,forward_head
5.68,-0.31742991963097694,-0.13531875781763425,-0.02541255253166622,0.006573980246123276,1.5281358304157033,0.0396838536319353,1.830096866823416,1.174823207729063,forward_head
5.7,-0.2990778705848496,-0.10710495959589501,-0.01529213097014947,-0.0033096546353061224,1.7159655182998452,0.03129368860094969,1.8393500599429673,1.1774104095097941,forward_head
5.72,-0.3229049523010578,-0.16186586287983987,-0.008759127005892958,-0.021981473890539293,1.5244983661458358,0.031489016671117885,1.8013734568132425,1.1215242310294535,forward_head
5.74,-0.2971012672130283,-0.136185237033341,-0.016970838466029464,-0.0035731606859437967,1.6449648729798767,0.02452300210035775,1.8010025587138379,1.0957329884004552,forward_head
5.76,-0.3291746506018514,-0.12609915103922134,-0.02256990084876614,-0.0005938946128071621,1.5541564591645713,0.03660905553223979,1.7957461104522288,1.0905844890438359,forward_head
5.78,-0.31810414168779444,-0.09973554598557331,-0.017103212532388765,-0.007298730073392893,1.675049413994565,0.04609424329340943,1.8736806750723025,1.1212403446147592,forward_head
5.8,-0.3486750019152675,-0.13548337418268253,-0.013140812904429684,0.013310365919529556,1.4491685800058627,0.034900452139214486,1.8282340008010645,1.1195906189516969,forward_head
5.82,-0.3498389599853504,-0.09763904026547215,-0.015953040128640524,0.013447438849431654,1.5779319515646988,0.01414224430360747,1.8598591978478765,1.19327038078478,forward_head
5.84,-0.3194602056714854,-0.11753876536098444,-0.029039951169344692,-0.026707081277083322,1.5804156594500955,0.021365827416667933,1.811811715096843,1.1856846833826613,forward_head
5.86,-0.35941074847486254,-0.13234147893550482,-0.016636033022575207,0.0038592696309629818,1.5745561264173389,0.03716967555195852,1.8409045306071163,1.2217800101590608,forward_head
5.88,-0.2564139423368686,-0.12281457331427117,-0.024762920781517015,-0.005800543459393711,1.505513523373138,0.022311949485434038,2.0007549302098955,1.084206587018446,forward_head
5.9,-0.3199324464364679,-0.10064598736992435,-0.012874316913545914,0.00487256488114843,1.6192754868082682,0.02681972247084614,1.8829851802099848,1.2604852162276576,forward_head
5.92,-0.337505790540921,-0.11170425643497024,-0.03756845872893475,0.024197752909026555,1.525225031915436,0.033818166117651156,1.8902723075221666,1.2503252999211845,forward_head
5.94,-0.3412386731976748,-0.10943377266721221,-0.0014459469836595458,-0.026728680519460424,1.5361078393358554,0.03489629667059001,1.9594523955301304,1.1873118951888075,forward_head
5.96,-0.32966995062682164,-0.09644302296872506,-0.03691676528186038,-0.0013718106123337748,1.4061466550472412,0.027248239265169713,1.862646403085982,1.1959265843214586,forward_head
5.98,-0.29426286727986944,-0.10742870256165081,-0.0008554721608931251,-0.008905713280480954,1.489256647274242,0.037194885613945135,1.8078460708833461,1.1856800239024314,forward_head
6.0,-0.28959290224072964,-0.11663645192793305,-0.024314950227578423,0.014305490699063367,1.5667994975631239,0.02835210270118374,1.8851981266481725,1.1401512847282766,forward_head
6.02,-0.3340358416594507,-0.09782629739279454,0.008744729017815228,-0.020903911768161833,1.5283897942065223,0.031122188750704913,1.8280354712484226,1.120081140520467,forward_head
6.04,-0.32699741174542574,-0.11869093942476062,-0.014890134619190379,0.010648919801609405,1.6875356402518866,0.03477445151041132,1.853415440222374,1.071769958626899,forward_head
6.06,-0.3247654877688164,-0.10312196692832723,-0.03024589009050072,0.014830965021494029,1.5771443335553963,0.01847555258037197,1.9134433855915778,1.164221667137133,forward_head
6.08,-0.304487135793884,-0.14707256704671656,-0.01424165886060643,0.012434566076941874,1.5210970558727097,0.04011424546477956,1.8962735338262862,1.0583439898034825,forward_head
6.1,-0.33143645384721726,-0.148460869631837,-0.023027819888806454,-0.0017340664554217255,1.688482513464115,0.03620414937298159,1.8593104117254877,1.1926798651506092,forward_head
6.12,-0.3198876312548214,-0.1140797118126215,-0.02191306187330314,-0.0022478644911399733,1.706112616750036,0.00857672736759213,1.9496681481692357,1.1875614267193844,forward_head
6.14,-0.30471265987900076,-0.12820095517817334,-0.026548983330010583,-0.010316013170672085,1.6519714406747386,0.03901236773721373,1.918275541569255,1.107400587966958,forward_head
6.16,-0.33723668403471657,-0.12575965968857344,-0.010176378533693107,-0.012940072561957757,1.5139241412401976,0.019423186499292828,1.8814568877148616,1.139037594067254,forward_head
6.18,-0.33662129070973573,-0.11354480704477991,-0.02517268526857883,-0.006395180256883619,1.5759091811069974,0.03081808916970869,1.8535090137520387,1.1879161505036793,forward_head
6.2,-0.3345103147327803,-0.12621013602661935,-0.02747259266178152,0.002471145912350866,1.6597740230088411,0.038717351888636474,1.8450308665396353,1.1317430358269809,forward_head
6.22,-0.29014430379983847,-0.1257614303883801,-0.011820894339118596,0.0078239217385724,1.608090526849958,0.042658311137380625,1.8836935433669624,1.1460232799195902,forward_head
6.24,-0.311935174220924,-0.08738673953791751,0.009816051813313804,-0.015870571767166605,1.5702030328059444,0.03975565853120672,1.781342003018415,1.2339715175560557,forward_head
6.26,-0.33660480932390496,-0.11707407558423065,-0.0009057774349432056,0.006096128594934023,1.5676821736525897,0.0491975651223094,1.7551380302380204,1.1633729591399526,forward_head
6.28,-0.35117314880333467,-0.09690050669001911,-0.034299530538795926,-0.011483968610143,1.4624371998892078,0.022807462511334007,1.9221761138126663,1.208394339262975,forward_head
6.3,-0.31494763031994644,-0.09727458883802598,-0.022712339782815828,-0.006982128860054424,1.549066069464917,0.026959996909175322,1.824464504852638,1.0605353641918718,forward_head
6.32,-0.30898603912985145,-0.11694963218637039,-0.019352795562420633,0.008240158686132665,1.7249175380992368,0.030472563199029037,1.858864458109509,1.1308847151876487,forward_head
6.34,-0.29656073861055277,-0.1066666573358522,-0.03173407724034642,-0.008420997554912695,1.6215115278206615,0.049189875570823056,1.840735694588506,1.205251704567399,forward_head
6.36,-0.2972972178999254,-0.1166081567334225,-0.034364776667952276,-0.004962693413839878,1.699210178992087,0.028683891571612587,1.7415096116572704,1.234022428128814,forward_head
6.38,-0.32571255181698805,-0.11576697004622823,-0.017731838205548862,-0.005523757931808549,1.5880893658839226,0.03310296485896091,1.8198070300359817,1.1705890072831873,forward_head
6.4,-0.3169815765654017,-0.11375573837434277,-0.017006945465547055,-0.015267869727498981,1.6738014982385931,0.02336904185570754,1.9162077984534895,1.0923399781853773,forward_head
6.42,-0.31005379843534003,-0.08927717818439782,-0.01728468625900741,0.010763083333254351,1.410424574297473,0.03340230821228804,1.9364481008136512,1.1564334063971864,forward_head
6.44,-0.31405208830136466,-0.10191881954596685,-0.0330934584478036,0.009595880069087095,1.558412046404384,0.04371910862233675,1.8564858382559795,1.1018265657147008,forward_head
6.46,-0.3286630291196772,-0.12452743998178163,-0.022989990769061358,0.00786344250351228,1.676954027174098,0.03075654237877147,1.8950447643049988,1.1187500739817935,forward_head
6.48,-0.39597270856533895,-0.11456998834293688,-0.028547497999446062,-0.0035834115737748105,1.4820287151705311,0.016605597657246868,1.875619121248231,1.1209502809506688,forward_head
6.5,-0.3009464585409111,-0.14207901135316248,-0.022344083880778905,0.004491687902760449,1.7150682310426746,0.025219098346483417,1.7727794116364386,1.1107955021106521,forward_head
6.52,-0.31029247773261576,-0.11160885705165774,-0.02356850408701595,0.006018169424013939,1.6829347572340063,0.019175160535474023,1.7007921506838597,1.1328220837190512,forward_head
6.54,-0.2889151496884053,-0.11101706434290887,-0.0314151320939964,-0.0014706826442955968,1.5565606171528548,0.029110596165074477,1.8166825152932478,1.124250776169627,forward_head
6.56,-0.3032151295763462,-0.14599396487133787,-0.018554906159355518,-0.016639575623915086,1.4972201287011944,0.021282499982795168,1.8846224353468717,1.1544118964316814,forward_head
6.58,-0.33198199022077707,-0.09127004672587212,-0.0291970106141209,-0.003207046344218518,1.629777570503896,0.025933107589338093,1.7637914603007596,1.0837399002175174,forward_head
6.6,-0.3260184955252691,-0.12235844881386139,-0.034305190537378544,0.013921265208579246,1.587721661001696,0.020646950430418323,1.9537340509586951,1.1346873974142873,forward_head
6.62,-0.32222697601926753,-0.1231376102183164,-0.023617771137434393,0.0008182466398143747,1.6815548379120606,0.03253418492389406,1.876005497655018,1.1942440226385311,forward_head
6.64,-0.36959787957866175,-0.09807646595367196,-0.03342966979909346,0.010076842058997499,1.6188296789743044,0.03443157921980698,1.85237621586801,1.1959008039576862,forward_head
6.66,-0.2971733505270069,-0.138234330999156,-0.03347586576015265,0.006133729126952196,1.6682401585595883,0.021419122494806427,1.8278693186291266,1.1220045003118797,forward_head
6.68,-0.3119904443630623,-0.11610195366089884,-0.05078262400758475,0.010530069272511313,1.6051685242134537,0.02391262798381458,1.8592328930074593,1.2355985265140514,forward_head
6.7,-0.3380062551397593,-0.11918043365897141,-0.020774046121440456,-0.007707623974762018,1.6417793015353808,0.01760565109704571,1.9267439947268743,1.0417090449180837,forward_head
6.72,-0.3377069357668951,-0.0891141176011353,-0.013171853389830887,-0.00226599188423465,1.6195285517404114,0.024568339322002898,1.7606946617189385,1.1667521806864523,forward_head
6.74,-0.29985177918892586,-0.12509774672077054,-0.012995398867180246,-0.032744632227837966,1.503818808311425,0.031200045152356606,1.9046970219036252,1.107191194323248,forward_head
6.76,-0.3057885280794729,-0.0939178806220874,-0.014234866268889559,-0.008067413946681552,1.641276646770951,0.021710327798004837,1.8038951985623106,1.0554409200233104,forward_head
6.78,-0.3334295070651679,-0.14490345726640394,-0.044705039195390504,0.004528955581138648,1.6900002986917524,0.024317026497047308,1.9513999188300233,1.1278694431303191,forward_head
6.8,-0.3296763682822582,-0.06827208659534145,-0.03298595758080825,-0.0064225471633835695,1.590189679722602,0.03348369979654835,1.7610821235077587,1.1265528209428008,forward_head
6.82,-0.2797470332492714,-0.10556716193999131,-0.031196793196425897,0.01620363789831758,1.5171941676978462,0.022784678084167596,1.9249292870914099,1.1142051562040178,forward_head
6.84,-0.31871597499144294,-0.0851245615334669,-0.01953191039675027,0.000694317899616718,1.5735713153787125,0.042411597739449754,1.8579848690737992,1.1277609975519394,forward_head
6.86,-0.3044971366086837,-0.12238850773644995,-0.04164569027179309,-0.02229883252626802,1.6089506300670524,0.03151320092800685,1.7739315351029192,1.099016036482729,forward_head
6.88,-0.2753491157506714,-0.09625866217742399,-0.027747911022310213,-0.004745046910461704,1.6289962685325956,0.03228010019116897,1.8172423834449571,1.1607532847216904,forward_head
6.9,-0.32819859489253295,-0.08963096474272461,-0.03938933075145265,0.0040682987860600405,1.5081518710772113,0.01701099671915097,1.7677250291184785,1.2267588802040548,forward_head
6.92,-0.3458377912195873,-0.09938556319489984,-0.01788976801120913,-0.02112653672064756,1.6261746191640705,0.03162482588727164,1.978198458071246,1.1558456131434274,forward_head
6.94,-0.3130779162717872,-0.09372473476733419,-0.027356517004763704,-0.007031641040207433,1.4651424781000746,0.03439355446762693,1.8314419626433354,1.1189281224011858,forward_head
6.96,-0.3340277870509257,-0.09541718954148892,-0.025008302228032176,0.007551857494747765,1.5254065150860965,0.04482917305049218,1.7835877845372234,1.197273177265427,forward_head
6.98,-0.36331482936658344,-0.12278124044005137,-0.012360921685606863,-0.004263115930878856,1.516944893006626,0.03997508182681987,1.7624008786697385,1.2551161067997565,forward_head
7.0,-0.30218860319727614,-0.110739266283729,-0.03185195896901227,0.0005716018201819265,1.5577124044981385,0.05749578992539285,1.8355950567159824,1.1143341567232161,forward_head
7.02,-0.29187643704361066,-0.11519401840185489,-0.026235740651555994,-0.003792373228097238,1.459932386297917,0.02720376520221063,1.856007438968902,1.1684890749928083,forward_head
7.04,-0.3192773405629994,-0.11327017814508995,-0.014030654244421266,-0.008235266114696433,1.6641981622350621,0.033642858189556674,1.87624783651672,1.2415255388267583,forward_head
7.06,-0.3154842590689361,-0.09360048289295454,-0.00620509516885032,-0.009873198638998392,1.5921061118511581,0.02943913313487183,1.8188418846243364,1.2047255234396688,forward_head
7.08,-0.352729726895287,-0.11675888546715478,-0.026000443669091787,0.016920786466992632,1.6284165946589293,0.026410889573566066,1.8873266161172195,1.2627376163611137,forward_head
7.1,-0.3184307007799109,-0.09416288295348887,-0.008318213375840098,-0.03880290949161814,1.5278876480150292,0.03633735439431438,1.8605090355964653,1.1854586325307956,forward_head
7.12,-0.29899987333014544,-0.12100064238999536,-0.027763339911344977,0.012280873075864581,1.7351585415613273,0.03184276914615012,1.825021422909436,1.3247818753333753,forward_head
7.14,-0.38847335541031486,-0.17508511719415099,-0.015535974237344936,0.004909445767061491,1.611356677434177,0.02872439111257263,1.8933059148420734,1.178198470243751,forward_head
7.16,-0.33068450687084383,-0.1510382045108815,-0.028621285599098645,-0.010508674136445238,1.5982368975621468,0.05051866110032868,1.8171093074898605,1.2008839414219954,forward_head
7.18,-0.3111903636255582,-0.1532222330676195,-0.02019978837694176,-0.017217282133209954,1.7129474745797706,0.04831729372685209,1.7919658322683658,1.1330689802557985,forward_head
7.2,-0.3330626344590964,-0.11877639198220719,-0.03068706040628928,0.013526630107120458,1.564750661796364,0.040846515116939194,1.9075237796414826,1.070594888300971,forward_head
7.22,-0.34977207580864034,-0.08824721976574458,-0.031938143795381145,0.0030507181901934513,1.6856650286910733,0.05161396393333519,1.7602345070705112,1.1171636965464284,forward_head
7.24,-0.30929396005328064,-0.11807786949081896,-0.03245960175573264,-0.03716003190504001,1.7491521127858312,0.023822339173061934,1.8300858267208249,1.1244282654801887,forward_head
7.26,-0.3035076483978686,-0.1262246975556645,-0.012254891431227367,-8.532414844921731e-05,1.625478229659066,0.03363874063654904,1.879946083631453,1.1954474527059533,forward_head
7.28,-0.3263707510199221,-0.07554148403093265,-0.035293277353432684,-0.025264221571606373,1.4793153396098324,0.04423312541337477,1.8187102892185736,1.1296469267481222,forward_head
7.3,-0.30024097348646894,-0.0959682305115463,-0.023765216559721445,-0.003302535422483495,1.594457825939751,0.03216615249314972,1.9553073561097967,1.2870149152681412,forward_head
7.32,-0.325050938187759,-0.10061689615755957,-0.02270275978399893,0.001518027149310125,1.5726884089184645,0.011657010013978973,1.8663654919422141,1.2144462918987498,forward_head
7.34,-0.2336902011319661,-0.11012012543924113,0.007486711852734714,0.007866817164264872,1.653205202918559,0.035476896396849235,1.8308579687406716,1.186314449487642,forward_head
7.36,-0.31182641712342024,-0.11508089342865904,-0.00884488738254573,-0.012380871045753875,1.5634027260997012,0.03567944087683037,1.916501587897629,1.124139251168927,forward_head
7.38,-0.3215825122521904,-0.11364289961874821,-0.027165059661831394,-0.016212239317847807,1.5914597879184649,0.02623613317397612,1.983024257134671,1.1241084874259129,forward_head
7.4,-0.3171492727095845,-0.1089790090656505,-0.033279435541741766,-0.013010543137152126,1.63545563894147,0.021382763790385177,1.8585284162227074,1.1988613334008857,forward_head
7.42,-0.3174008682310097,-0.10004978946162472,-0.0023646567002614297,0.0006693301103175806,1.6721429357301913,0.018062730511232715,1.8367510786296526,1.0818389834971118,forward_head
7.44,-0.2850715188252588,-0.11400657395567577,-0.02919289696972575,0.028899243289299027,1.5323237661764773,0.01795112538913306,1.7935241529025185,1.1508877103706834,forward_head
7.46,-0.32264814542590226,-0.11972832903829501,-0.018313526490310917,0.009489049531780024,1.6527270589316994,0.032633511608408106,2.0380165831401733,1.1274068793421383,forward_head
7.48,-0.28780434030847407,-0.10797532165805246,-0.015065692458432868,0.003404269910652767,1.5494159459649062,0.02330267604718832,1.872632170401848,1.2232295173892793,forward_head
7.5,-0.3153821361073821,-0.11042979295864265,-0.03667083372359902,0.009913698680027417,1.6429392979381465,0.016554060283673174,1.8282119761938902,1.0985716694990666,forward_head
7.52,-0.335268362781689,-0.10114332992975072,-0.03353945559483256,-0.015358052259518485,1.6842494076445322,0.01948528726740039,1.876416220600829,1.2034167145637282,forward_head
7.54,-0.31824983508878757,-0.08820066911513794,-0.028644075946744244,-0.017264202569784545,1.7313895063713869,0.03075429571550186,1.774906832319107,1.1523208913062377,forward_head
7.56,-0.3233370822721522,-0.10536302485392023,-0.016517568772270234,-0.007460005345812574,1.5784579769004496,0.033030560562210785,1.8252494007232312,1.13937690387015,forward_head
7.58,-0.32131351105618655,-0.13874066214765365,-0.02220609534970485,0.009967185538535183,1.6268524274717027,0.03268644578391696,1.9030488865775768,1.0517097568904403,forward_head
7.6,-0.3178199140169052,-0.10084418007571902,-0.02426536831865613,0.009657254854316968,1.4984889514467978,0.02997888695294017,1.8101881435835319,1.1409206078623644,forward_head
7.62,-0.3266840599138163,-0.11519211283153455,-0.010416619423691254,-0.005379319114896878,1.5670445734013114,0.04186012117444733,1.8539723992391843,1.115414293990271,forward_head
7.64,-0.31866488580295493,-0.13771273387394506,-0.02983927262807534,0.003597198140062946,1.5032606990640978,0.020644277212206026,1.83716970351763,1.1745058722575505,forward_head
7.66,-0.3090659755362869,-0.12233320844490557,-0.03151282848118567,0.0017075880269716104,1.5981561200722745,0.0,1.8313478824909777,1.2698298247642454,forward_head
7.68,-0.33056820192370695,-0.09288782373875397,-0.00918273319580373,0.004513233657091859,1.5336561722896696,0.052178493863229966,1.909659581656733,1.1713776493532415,forward_head
7.7,-0.3647618226217697,-0.15067389621086816,-0.03838902845534706,0.026111270402981602,1.7031687118258092,0.027270063140242225,1.867563495494637,1.1208720609564318,forward_head
7.72,-0.3664366892834375,-0.15285950852832536,-0.007379999542341743,-0.014350587328720353,1.4418003779640367,0.042077027856198934,1.8783481231454588,1.0833909026692357,forward_head
7.74,-0.32177180637580727,-0.08715075273961702,-0.022184275029382423,0.010039354057061122,1.4718508997244182,0.015568431116548223,1.9259475251201463,1.1653009755166486,forward_head
7.76,-0.32713751939839386,-0.14271080686920118,-0.02123727296907102,0.009632368630255066,1.6576403616066757,0.029939198651477962,1.8933839070361944,1.1887260642272122,forward_head
7.78,-0.35880879748630357,-0.10961503456360681,-0.031926418924697275,-0.016657282345940366,1.4891874873875715,0.024929740222787773,1.8469902223698271,1.0075539097567896,forward_head
7.8,-0.31743018916203397,-0.09268095219531503,-0.027214509687942947,0.006458252398277761,1.7268551521164757,0.045306957451684615,1.758996084273676,1.180061243890286,forward_head
7.82,-0.3442494149903295,-0.0941175074143697,-0.00045733934482541374,0.018694777650152487,1.4811720634889631,0.027777073795329673,1.8742899336984862,1.1520574209974306,forward_head
7.84,-0.3564965588449925,-0.11402243603805833,-0.04487202016948547,0.019506828960952797,1.6806627853532334,0.03227072737988759,1.805656693003859,1.1077713505813849,forward_head
7.86,-0.3015694951886206,-0.10792602737066392,-0.022511451560799287,0.02620335391731694,1.672585011683863,0.02375755955496868,1.8767900442617447,1.0982695245118974,forward_head
7.88,-0.272774185098507,-0.12174742763716537,-0.02558140165659532,-0.0013139541920118476,1.6882033181689169,0.026134538033753298,1.870982239639224,1.1286392392244993,forward_head
7.9,-0.3258385073382187,-0.11126366102055261,-0.040896351517714286,0.008067963414913802,1.643766524551678,0.034528872961263175,1.797445757634267,1.162576748528623,forward_head
7.92,-0.3414205638123165,-0.10746950565119362,-0.040620147154170054,0.022794129258551784,1.6010031623704883,0.03467622164022827,1.7986242575580353,1.1361199424268122,forward_head
7.94,-0.3121695079470673,-0.11071476036144198,-0.003644656180119415,0.014500229383290637,1.6378503479240891,0.019769567636374344,1.8005164927577026,1.2461929687077067,forward_head
7.96,-0.30531095193683533,-0.09334386795359954,-0.02490188819037999,0.005925973618510315,1.7595692288570453,0.023034490863883258,1.838002270744469,1.1609464325972678,forward_head
7.98,-0.2929200681665048,-0.1376164082398494,-0.004509128597439841,-0.005237686175242867,1.607519295326906,0.022058022509510066,1.8547537000606011,1.091288117972064,forward_head
8.0,-0.34709639957804567,-0.1303522199126187,-0.03036711013820482,-0.007642922331811778,1.52365118541978,0.018028105235525053,1.9110965944914156,1.1632072156263014,forward_head
8.02,-0.33319353856335737,-0.10888442125082524,-0.03541645026304255,0.007912045463953373,1.562224870722532,0.042970681417399424,1.8804878660022533,1.1926805242131442,forward_head
8.04,-0.34569222123028887,-0.12320787806248328,-0.028786179804511133,0.01428022541193224,1.5518864500243208,0.031553965121626934,1.8314064390213225,1.114709936658339,forward_head
8.06,-0.34988922680426493,-0.1132414022664019,-0.028199072835009643,-0.0090259123830641,1.5773624528640842,0.037469488507438205,1.7890467206558038,1.118830110279247,forward_head
8.08,-0.3146875782155338,-0.09223827958310521,-0.013527771187533962,-0.005450982090620445,1.7655681314562275,0.03687447524748418,1.8697736492792327,1.1022884382878773,forward_head
8.1,-0.31499237147391784,-0.11097958850756863,-0.03646430225746055,0.024168409297019067,1.571127360121739,0.031107503796743992,1.9571446838269573,1.001162370107429,forward_head
8.12,-0.31958486597629704,-0.08585625432450607,-0.03287723649425575,0.006532677652145263,1.6199637798952482,0.025509071116582693,1.8558014537549492,1.1687778477818371,forward_head
8.14,-0.3410891222485969,-0.1251173553548012,-0.007195991121234131,-0.006551456893967456,1.6505566996795733,0.03494414289676235,1.8771457194205166,1.1506575134658932,forward_head
8.16,-0.3152762960933228,-0.11987545301522058,-0.03158001533719313,0.0018816896305797442,1.6500383914448071,0.03061077381613135,1.8956519019119897,1.2059178664500376,forward_head
8.18,-0.31379723721013253,-0.13659123319441976,-0.02542648955789149,-0.0068857524799107684,1.7020384389045131,0.03344511885806432,1.9497823525229296,1.2241110881376078,forward_head
8.2,-0.3543523322670722,-0.12392407228659183,-0.026405948562016775,0.015661346391186312,1.5792625736200372,0.010041037877667292,1.9563442229165209,1.2278956699797776,forward_head
8.22,-0.32699520854880076,-0.1429455807571499,-0.010535630606375534,-0.010090156704927309,1.6020164520803848,0.04592977675993326,1.8965991281707668,1.1628287770401464,forward_head
8.24,-0.32997478941169744,-0.10851466900797616,-0.020569035815449988,0.001996816446995705,1.5492315592051717,0.02779975068258075,1.8286494645639242,1.2097870873660914,forward_head
8.26,-0.3497130028850648,-0.13522023702310434,-0.02403587377986004,0.011248668341833804,1.559141862192816,0.020898099882402068,1.8383143555398023,1.1865950892134627,forward_head
8.28,-0.319432749977869,-0.10995743148904387,-0.028668154785023627,-0.0050682510838917305,1.5959959129320465,0.030321475582349208,1.8307428467196252,1.1135009450501994,forward_head
8.3,-0.3323138939228173,-0.09105142612129691,-0.036627094031658126,-0.0034783425264033048,1.5378325630277296,0.03437484403404792,1.9350711870753887,1.0931780607801889,forward_head
8.32,-0.32176896088017987,-0.10944710459161554,-0.020387087482442598,-0.0021783251304894045,1.6589283553872403,0.017732175289573594,1.8614377157500732,1.2442074488027346,forward_head
8.34,-0.3050486501720209,-0.10558278814526338,-0.033039478318174074,0.003210374934274734,1.6097736610532904,0.021774266950570907,1.8519362284249496,1.1186950142782346,forward_head
8.36,-0.3234168323253509,-0.10576671410420965,-0.02203787335560185,0.00649465389533568,1.5957672127046276,0.03685427296038816,1.9027915628340333,1.1043944342476912,forward_head
8.38,-0.32531018341203055,-0.13201657670234507,-0.017136703214916015,-0.0012894419260568281,1.47857558048774,0.040609431367895424,1.8042502373580525,1.1084426382552057,forward_head
8.4,-0.2693081180304703,-0.09662590181190914,-0.0029943842827345217,0.027468064824544895,1.6404110540823207,0.031218556910597387,1.830853034426437,1.1399900296303063,forward_head
8.42,-0.32994689895312285,-0.1270449016629742,-0.030328584470080387,-0.029744643967156578,1.6529563171501513,0.04237043715984871,1.848242525955285,1.1335798513981865,forward_head
8.44,-0.32201219987017865,-0.08808025365702485,0.013642362885398735,0.008188617230311635,1.711566128347177,0.029758297138278968,1.852099823175938,1.169019406622466,forward_head
8.46,-0.3062503880826047,-0.13580542430216885,-0.023907547034487914,-0.022538899267566113,1.67518122510561,0.03785130026634474,1.9180180258585529,1.1593414754617555,forward_head
8.48,-0.3266032087361102,-0.13702769925238764,-0.03502318169629254,-0.031093658228870398,1.6687359510087016,0.013396797139342144,1.971275242959377,1.1014747895813934,forward_head
8.5,-0.32841975401126516,-0.1164037721520577,-0.013707631877542434,0.021484070652331246,1.572377271790097,0.02825930249139151,1.9435069042273931,1.123726133199516,forward_head
8.52,-0.34008343384967504,-0.12254321572356572,-0.012367839176724335,0.008917203384494522,1.5256534702369315,0.029529264690872088,1.8077354582761551,1.1310130594192698,forward_head
8.54,-0.30591441284095566,-0.11507447330265254,-0.012671328180259954,-0.014464675370975741,1.6188798755402731,0.04409553052381634,1.9499523422635998,1.1215454601200605,forward_head
8.56,-0.3225219377150905,-0.13587953776584294,-0.04894352272726693,0.02791592369750705,1.5719584271688813,0.025300829623461682,1.8761969567220218,1.0895398367915825,forward_head
8.58,-0.33049429201422503,-0.1277040531309206,-0.02897183945345284,0.0017614155522745602,1.7064186540895216,0.02941583611135062,1.845903124917439,1.1270590251433426,forward_head
8.6,-0.34906461848266346,-0.11323452607867916,-0.026826792452568003,0.010432946564954942,1.594823673950716,0.030614084585800092,1.8295194585984798,1.2018071483662405,forward_head
8.62,-0.3478761825784389,-0.11111679523798726,-0.05310389735196366,-0.015187078985722606,1.5516738846986802,0.01999934757548878,1.8423276140231135,1.1288416170932118,forward_head
8.64,-0.3204531258827559,-0.12613022127754342,-0.050121332614197975,-0.007745413352778417,1.7742346606138046,0.029947494255023552,1.8331881922453035,1.1134669818957068,forward_head
8.66,-0.31060033532537856,-0.11381428328964692,-0.009826428827356683,-0.0013715913579422207,1.5588338388380218,0.027199883995622242,1.8679074731435727,1.1650054262710212,forward_head
8.68,-0.3147772370876246,-0.11861389171910951,-0.01859991143404821,0.011968741856601768,1.6896184292323975,0.0303055670724696,1.9411301921123396,1.0494571354153206,forward_head
8.7,-0.33937777374544226,-0.14992476904145427,0.002206730342493598,-0.014414693649298442,1.689015866328917,0.028622998308847427,1.8963061280155538,1.137733002285842,forward_head
8.72,-0.35023903782136523,-0.11516955630878878,-0.029613530944620638,0.012019179623320973,1.7200283034936708,0.023593306551847115,1.8125466336803333,1.111001784977168,forward_head
8.74,-0.311958256146245,-0.12986357059478018,-0.02662765454302782,-0.016527877043194663,1.7225400029622704,0.0361663451328576,1.7952551611711625,1.1219616256144231,forward_head
8.76,-0.2980287567641669,-0.08743115175460019,-0.00871021710753014,0.012230544564380042,1.4611988322916434,0.03186566231072153,1.8663702017967323,1.1289403983380362,forward_head
8.78,-0.34002750909756607,-0.12758610373541984,-0.0457615670131382,-0.010742263545839499,1.6487982269224961,0.015145010105369977,1.8070285315907766,1.0419524107450229,forward_head
8.8,-0.34989658720347405,-0.11881033874779014,-0.016746890799422744,-0.0005928503153445904,1.5408342618169708,0.029870744514168653,1.8282288453725115,1.206192019665071,forward_head
8.82,-0.27934361705070865,-0.13839024757801463,-0.035656866532566826,0.00365707973373653,1.559057604600897,0.04322896159043408,1.9582605585994206,1.2324949037515542,forward_head
8.84,-0.3459389664228633,-0.10427171674663843,-0.0229049560683643,-0.007923900834133623,1.5324089208036777,0.04332159302480002,1.9138748267107466,1.0913860734634475,forward_head
8.86,-0.3624625778421951,-0.08630339345807315,-0.019671834331997873,0.01251988985525734,1.5351165517694028,0.032080016547679155,1.8717281583080774,1.1033982561150686,forward_head
8.88,-0.320511639757023,-0.14147474832472676,-0.0413253756801036,0.002855820702066632,1.6886491381042015,0.024004461664302937,1.732207814503642,1.1572250243324589,forward_head
8.9,-0.3203027389195612,-0.12764661888252396,-0.02999493232535552,-0.020014819094380982,1.5887269843120797,0.02365534796020442,1.8743187844503835,1.1447322042748103,forward_head
8.92,-0.31340031116986466,-0.1231645126206275,-0.017366913758890445,-0.0020683648146990145,1.6810491496108422,0.022330411627831476,1.8498823615541802,1.0071268816251149,forward_head
8.94,-0.26099139395976884,-0.11068397836100219,-0.010959216740432804,-0.0002093689532129743,1.6364902760199653,0.022552274816170486,1.9331345573794951,1.2331388484433945,forward_head
8.96,-0.3159376292386655,-0.15451283556095488,-0.027964858878280725,-0.006358111498276974,1.6028608838451848,0.04338143279676982,1.80539646444436,1.1425790559154891,forward_head
8.98,-0.33153030689389207,-0.15887651965155866,-0.023299530564666028,-0.0001872449744484005,1.5379909328948298,0.014454396107166046,1.839123444965013,1.105014781378672,forward_head
9.0,-0.25779734187053266,-0.09757424959410675,-0.011605386653474615,0.0047500582915724655,1.583859633241242,0.024069884739289962,1.8100013892799338,1.1633563793660435,forward_head
9.02,-0.3165985257478193,-0.1161016076171723,-0.008734379427443222,-0.022919096217002253,1.6428769018494294,0.019498704184787788,1.8734810323721505,1.0789897175313747,forward_head
9.04,-0.34234840014664913,-0.11179754215892222,-0.022840398696329547,-0.0006280662488223821,1.5777866714588369,0.04946164694596197,2.0591675663184272,1.1274259182295816,forward_head
9.06,-0.3387676243775363,-0.08702803183915833,-0.008579601196876036,-0.0014799434110684408,1.5415415919194002,0.02054384614797515,1.8682515866757776,1.1783195355906015,forward_head
9.08,-0.3202795494231232,-0.13072004704220785,-0.03954280026182815,-0.04957020222600704,1.649034715730844,0.030600632255703288,1.8494312056900803,1.1076556644542896,forward_head
9.1,-0.31613614745955104,-0.07081752335572451,-0.03539529319764429,0.007027314588010334,1.5780026724550105,0.02259730423409124,1.9311340205905057,1.106417370421853,forward_head
9.12,-0.3047814585595781,-0.12684194888437464,-0.015887862812779017,0.010423706019364131,1.6575762369410147,0.0073913368400215455,1.8926518566289174,1.2971032407262335,forward_head
9.14,-0.3273993834728985,-0.12318109342665445,-0.02366256605171637,-0.0017070857127621574,1.5588997333110939,0.02814238851313864,1.8033481413930637,1.211694428356547,forward_head
9.16,-0.3357657649819112,-0.16190722846326616,-0.034660146995315104,-0.014627601485537153,1.6367630831432585,0.03662687673633339,1.8629318602261538,1.2322516826202468,forward_head
9.18,-0.34591174909261907,-0.1092612195880159,-0.06861031172122753,-0.013659282806401156,1.6974192715329561,0.013169135497463163,1.7964282733799695,1.2347700462622886,forward_head
9.2,-0.31941378868034637,-0.11607306084107487,-0.02771011126651363,0.014903165956193334,1.5886514287837008,0.018313375015905152,1.8569408477818607,1.0838209733650879,forward_head
9.22,-0.30536591162712046,-0.1054751906557972,-0.03624035845571321,-0.00839342274950654,1.6785037901647177,0.021308112956545566,1.8438746084908717,1.1174131949673152,forward_head
9.24,-0.3038740947228724,-0.14085018732652527,-0.009727976978017423,0.01432904747748084,1.6465288256781823,0.030643005675807716,1.9249582087923878,1.1778274019884012,forward_head
9.26,-0.3179517115525357,-0.13458109525495138,-0.022778729779610252,-0.005415075595159041,1.4775206058140298,0.05561770344133671,1.858733035698002,1.23564695219307,forward_head
9.28,-0.3096065045565145,-0.07841559758116767,-0.027393261668866336,-0.006642881667633405,1.6320996161700911,0.051481772718365716,1.8931668530432795,1.2339205591184745,forward_head
9.3,-0.3022526066798312,-0.09903913425049035,-0.035730884362976174,-0.004695770983134108,1.5965211966272197,0.029329492639316123,1.7765130581072224,1.0861818252231086,forward_head
9.32,-0.30538111768625703,-0.10239934311116887,-0.014267424350659894,0.009185172708854761,1.6253607491161906,0.04342436316988356,1.8697562088204844,1.1075363847622994,forward_head
9.34,-0.3271446055713381,-0.09795963812563968,-0.00465150480704225,0.0031676793000424783,1.5620697704878619,0.03286956195178197,1.8729156792664938,1.1054254273635535,forward_head
9.36,-0.334125311511351,-0.14904794176280775,-0.016438721718439252,-0.01518639550712516,1.6297913790390257,0.027814560963610083,1.8313635628878808,1.1499035503485753,forward_head
9.38,-0.3069449741989098,-0.14520804490378955,-0.015601711512025086,0.015407021385865804,1.6484221264814714,0.042465578932462854,1.7740703672835674,1.1157287387656698,forward_head
9.4,-0.2434066434648965,-0.13431768207806769,-0.022773264930180392,-0.019317402428160182,1.5982677405358887,0.024881514317574335,1.765347711921219,1.0223673576767658,forward_head
9.42,-0.2981031776534079,-0.11087150324936956,-0.011343397706771454,-0.014177854770666933,1.5813749768082108,0.01464025294063581,1.7658722278027046,1.1167299358289986,forward_head
9.44,-0.3579052178700847,-0.11137949950836998,-0.013550865145536552,-0.0017116167841277274,1.6256438230264634,0.032560423440803135,1.7882168515736452,1.15056688505969,forward_head
9.46,-0.30020254605416036,-0.11553216771505927,-0.029171328104362147,0.0009563247940164646,1.4796653815574514,0.022373242671038403,1.7460264501720566,1.1024601866564394,forward_head
9.48,-0.2914283727322073,-0.11071136060567803,-0.014131402618745794,0.0073003138010401675,1.4555258863005482,0.03079003641362857,1.8116853778043922,1.092528724972438,forward_head
9.5,-0.3439633460564595,-0.1092325432058112,-0.029990913163073656,0.027348268304574503,1.499359310618082,0.038335917352442524,1.8870799203510518,1.064269069379697,forward_head
9.52,-0.31008096779411765,-0.11281004858237952,-0.008105036150170195,-0.0004957732108145633,1.6098236880561407,0.022723104017267726,1.8600660150457655,1.111626267825878,forward_head
9.54,-0.29465575173716324,-0.10397431147623466,-0.02934293483459007,0.0182220190490036,1.7252803515264976,0.021461760712488082,1.8585692417416326,1.1391615033343359,forward_head
9.56,-0.3095925763036746,-0.09133725916636988,-0.01512830280308722,-0.007791987750005815,1.3856558625679056,0.030257289186110294,1.848085107633614,1.1182819008779161,forward_head
9.58,-0.29644211849704655,-0.11350463727185713,-0.04331992994173244,-0.005720182909797132,1.56430762749262,0.04204327862163616,1.8028794756858701,1.0721274692017746,forward_head
9.6,-0.3259573481784329,-0.09031264010466382,-0.02309467930731246,0.0253806196473459,1.5463200875552885,0.02528322340610605,1.881472849738783,1.1737737435081292,forward_head
9.62,-0.3204265038870366,-0.11207462840951583,-0.029876655677414182,0.006001435766361696,1.4757768058224856,0.024707086478043292,1.9249137637318687,1.1412432107620896,forward_head
9.64,-0.33317797825862655,-0.1282255975243709,-0.015515877010488427,-0.010333196836829137,1.4950016470465635,0.03501470751930671,1.8352541933261157,1.1653151581058878,forward_head
9.66,-0.3305639493455724,-0.11339089075296109,-0.04584047506707718,0.02833908221603906,1.524696224533847,0.02010057841569242,1.9018656368203914,1.183638925313761,forward_head
9.68,-0.33471208934619956,-0.12164914487315337,-0.021156641880192104,0.01464059188156129,1.668148528817272,0.017789058987524958,1.8584103553635543,1.0354522820163075,forward_head
9.7,-0.3032103495554767,-0.13798227141944364,-0.021638400315878045,0.005810153821740765,1.7153276804335749,0.0347088017997376,1.9253192716160579,1.1638800218350245,forward_head
9.72,-0.2927375766988075,-0.09522695324269725,-0.02855292934529525,0.003298754404247368,1.6355912695203385,0.027310076546132548,1.8142410601010368,1.154852372201097,forward_head
9.74,-0.30724345084866245,-0.12829640963727534,-0.005187590621158249,0.021949051377950623,1.5406796562996166,0.03268396262834546,1.885019533783318,1.2043844083729875,forward_head
9.76,-0.3079025627082336,-0.10793651411572397,-0.019966483736549058,0.0033875769819897788,1.787472355744659,0.03294479995053305,1.8799417819208109,1.0519973988141806,forward_head
9.78,-0.31606899768648244,-0.08705570818974381,-0.020707316315173082,0.016767910477372385,1.7643265854692085,0.033278314914613784,1.8795480742326214,1.283356387059253,forward_head
9.8,-0.35547473933721996,-0.13151490789251596,-0.005260414547807435,0.00220677488108446,1.602471630701422,0.022996375843609362,1.771638013935623,1.1358031969753755,forward_head
9.82,-0.35018427738316826,-0.08275513884715882,-0.020902754871935148,-0.006589059402391202,1.7012554125292119,0.01942427021480466,1.8379775353767327,1.1768660801827544,forward_head
9.84,-0.3274552519246237,-0.1392498505535737,-0.05054217713775672,0.00399229198500238,1.6488696565728544,0.03197373511042297,1.885266253982087,1.184930611398458,forward_head
9.86,-0.3199802562792459,-0.11447657876329664,-0.013275810322364558,0.009910257216039017,1.4769100015161043,0.02815818063061977,1.854710397020671,1.2607704653399812,forward_head
9.88,-0.2994017068187668,-0.10358291174804848,-0.04080725962890978,0.017649061729088398,1.5589952258575568,0.028992504604357573,1.7877406437480148,1.1197259522240295,forward_head
9.9,-0.30210083918570746,-0.059703529423056435,-0.0039377714675528416,0.007611114109470236,1.4922360713307008,0.052692740081062533,1.8909951309008246,1.2332250149264685,forward_head
9.92,-0.31257900776785524,-0.11728458383747588,-0.008739914131256821,0.010132913639830265,1.62576077128791,0.035326654911891006,1.946647136188952,1.0841948463212467,forward_head
9.94,-0.3000585959532601,-0.08038692569627275,-0.02716661440848562,-0.00936154938227322,1.6165443929896373,0.024413195781886176,1.8200071565243907,1.2057223785802889,forward_head
9.96,-0.345319452735792,-0.10007178231124843,-0.013706556310213747,-0.0048642133037868586,1.5419500895650105,0.02433525867048118,1.8626352285010002,1.1706865458837146,forward_head
9.98,-0.3386533980354598,-0.11209633264437777,-0.04573998574108333,0.004381590398936624,1.4714355021738568,0.03625687728241291,1.9017984375762804,1.0589391631609633,forward_head
10.0,-0.31933420478283936,-0.13009896883570185,-0.02889885796716657,-0.01440115463422258,1.7165516755772052,0.023952423195990884,1.8458440961796376,1.2085248576884802,forward_head
10.02,-0.35377550347476855,-0.12498624139009999,-0.04284903251234205,-0.03562317166039582,1.6050374551248372,0.025682187916140988,1.8600560465575178,1.1667138667423913,forward_head
10.04,-0.335789006440463,-0.10463287777248763,-0.027506082777692387,0.0020473953579500464,1.5953433919141817,0.03473229643296723,1.8440520661441193,1.0784319376619662,forward_head
10.06,-0.2696788958687122,-0.09805430760208193,-0.0033151393715380715,0.006788004975877687,1.5789065867308756,0.03909982699853965,1.975469734368705,1.0525985471262147,forward_head
10.08,-0.3033761143104044,-0.12155458417958989,-0.026403501061058113,-0.00032264652669771913,1.6274374981571051,0.03405912210803346,1.8150327470230154,1.169654020687872,forward_head
10.1,-0.3059670394885278,-0.10913977921644145,-0.027578260193484944,0.024537794292031404,1.5684859640704043,0.029773582043596827,1.859031173533642,1.1336689108167228,forward_head
10.12,-0.3535764756708427,-0.10548371078167018,-0.030381534124111882,-0.01782152705467421,1.6456635211640032,0.03179597548466122,1.8490539308934628,1.0780758693086037,forward_head
10.14,-0.3552844145991659,-0.11623231310957963,-0.02934482753925591,-0.007814500612056153,1.6230661547721055,0.016689686644433155,1.8588037763947673,1.1686583300322853,forward_head
10.16,-0.27965991968411735,-0.10611122275120706,-0.012982473351411025,-0.017142404652749146,1.618105852360394,0.035874344167872434,1.7444203560597606,1.0884957389234666,forward_head
10.18,-0.31295732332507575,-0.08692898631814101,-0.01946874727933391,-0.0037379798087944106,1.5325351643641718,0.018395170235904368,1.758421472332265,1.1163381088447402,forward_head
10.2,-0.29198221448493167,-0.1384264756251935,-0.020265781720398515,0.020013912285938577,1.577231201922688,0.04143322121805701,1.7333589084208925,1.263310459090979,forward_head
10.22,-0.3019611910167562,-0.09200993158469034,-0.041336328021918785,0.00936042456741027,1.6347387877763346,0.03699610512255651,1.820354794313348,1.0595609741028107,forward_head
10.24,-0.3574363721234438,-0.10800571094708303,-0.009713140777668109,0.010388340152326857,1.7387527238039582,0.03720945500822843,1.918695640578167,1.1052670483309324,forward_head
10.26,-0.3433868807792971,-0.10856298709005144,0.005363916729968324,-0.024322751781900975,1.5946610212968482,0.018946459183631813,1.933970329553373,1.1274958985654302,forward_head
10.28,-0.3376656637134149,-0.14288490279402943,-0.034552874177489964,0.0052239096544144555,1.4871737957278626,0.02985195011116401,1.8182584089177483,1.1921057029054782,forward_head
10.3,-0.3092631212940842,-0.10656897791347356,-0.01999579045673193,0.010773475333783774,1.6061366761626867,0.03994346561421247,1.8863407153661376,1.1496180997481957,forward_head
10.32,-0.3062945838386494,-0.12609720915313447,-0.04666303871540707,-0.01551615145727076,1.5804211438955036,0.030439729599671998,1.8288835490704909,1.1384205705535955,forward_head
10.34,-0.35641374216089283,-0.0926258668537122,-0.030017598807616907,-0.006925229978307098,1.6330401710605904,0.03756810560387298,1.8707064842382255,1.2438680366905925,forward_head
10.36,-0.3579293994772552,-0.14957622153252803,-0.009179220656170281,0.021495323049060433,1.6867472766935705,0.03674415603185501,1.927018061911138,1.169713272275292,forward_head
10.38,-0.3333576480262309,-0.11406279602470519,-0.029108458814237407,-0.020265924024127097,1.5297015096927216,0.019669076503153585,1.7816949232605461,1.1683170804184717,forward_head
10.4,-0.3333402304545753,-0.09882350658560406,-0.040525420440047165,-0.008761438941383775,1.464631175970935,0.023506361624500014,1.8528248034982002,1.1509533141445958,forward_head
10.42,-0.30320249979945296,-0.13981185126566753,-0.03322724666656521,-0.004229008874129621,1.4095321305776476,0.025304457549160973,1.7900769320769627,1.15371764052272,forward_head
10.44,-0.3081734552105384,-0.10867667986219584,-0.05024890750409688,-0.004220338419465861,1.6960344039238848,0.021659277177835088,1.7571188128516388,1.1962577516777992,forward_head
10.46,-0.29201897799498544,-0.11893821634656454,-0.023561331948360378,0.014529460782271764,1.6143458074469428,0.022367222791461947,1.8513065967440554,1.1560983180467048,forward_head
10.48,-0.34120596345089976,-0.07326538940093151,-0.008960931626240143,0.01039664292657831,1.5585493047778607,0.03496740473475155,1.8108808206183122,1.2283261475797087,forward_head
10.5,-0.31460766436057064,-0.10684425180291095,-0.05068745776752226,-0.0006677576584223227,1.62140077461771,0.009030090714305307,1.8346482432917637,0.992616133432716,forward_head
10.52,-0.2991935612983679,-0.14804219316990616,-0.014584939402434627,-0.008170954819740514,1.6430357236389392,0.02127450130919171,1.7502766995789343,1.182301615952138,forward_head
10.54,-0.3213338757828684,-0.10648342038020135,-0.024387740133410777,0.015122683983955663,1.599390068042525,0.03278716691344591,1.8110494646651847,1.2185147621402572,forward_head
10.56,-0.2984654128876458,-0.09661317202682979,-0.035359684124179655,-0.01672518101475527,1.651952490708164,0.0241384276675181,1.8550946691211019,1.1670230592880122,forward_head
10.58,-0.37055316852671766,-0.11487059065390472,-0.031723351070530675,-0.028939676866967728,1.5958229652431677,0.028613210144569783,1.8689752476556303,1.173054447265807,forward_head
10.6,-0.3456590049569264,-0.11647434521249886,-0.00973955141407279,-0.010437374037866943,1.5566392173759207,0.0075665061988438725,1.8871592475329473,1.214077495079158,forward_head
10.62,-0.3245575837300212,-0.11317884558756336,-0.030725788592340982,-0.010058690063439454,1.7100982401681002,0.03186455258479273,1.8544694673428708,1.1349716795354563,forward_head
10.64,-0.30578703260398976,-0.0680161307428345,-0.03513117471825887,-0.00948098506154152,1.5535760588135892,0.006046935140546087,1.8650668334128875,1.1016748713799667,forward_head
10.66,-0.37210717522044123,-0.07504819673392027,-0.02651770393388767,0.0028830074780247824,1.5172602726845485,0.03537669502478275,1.7705956557882225,1.061117297164804,forward_head
10.68,-0.30347139545140245,-0.09614683441579643,-0.026001953592912404,-0.008271923548201233,1.5694926701475695,0.02165696487671768,1.8223935090768806,1.0583937178551872,forward_head
10.7,-0.3006960422243009,-0.12912213444444004,-0.019150092054267827,-0.018002158089552515,1.5076758471387797,0.03132935391548288,1.827793889490762,1.1045425397677058,forward_head
10.72,-0.30472226429586124,-0.09596137283985108,-0.014393545891037755,-0.020449482264384228,1.6094136114508666,0.029632514347448794,1.8349773680332762,1.0273756614865743,forward_head
10.74,-0.2767151117576889,-0.15087270812064404,-0.008088308649567688,0.014964241182967726,1.6092559147747074,0.025742899789534295,1.825672208846038,1.0454286635304932,forward_head
10.76,-0.3449954149022767,-0.15388941125001618,-0.014649773844055388,0.00270575982553489,1.5589085859577247,0.03139336515760583,1.7406526734343954,1.1108471939638074,forward_head
10.78,-0.29805457209899994,-0.12488162478748954,-0.011490803973023623,0.0036011421021746835,1.5626275763304704,0.040160656789460444,1.9010096214706296,1.07063196877891,forward_head
10.8,-0.300287354464218,-0.12892607179417198,-0.031495489370907744,-0.018729134695858067,1.6269501588325685,0.036467434559530165,1.8662150864427285,1.1064506938377228,forward_head
10.82,-0.2871482463141091,-0.13952467324211687,-0.0022742602723994187,-0.013473907600924701,1.545092215342013,0.0372655382260699,1.8982851168374726,1.1176301988904254,forward_head
10.84,-0.3000945271448439,-0.10856384844264581,-0.02901782956523596,0.017874743650902886,1.6672259525292077,0.029705901791170494,1.8385317657286921,1.1973524401671722,forward_head
10.86,-0.33854783107604147,-0.1068642178141109,-0.01740257384776412,0.02484774611533236,1.6971023066318636,0.042590339126243604,1.7806731564716671,1.18998446685796,forward_head
10.88,-0.3435339594112181,-0.10437364489589601,-0.022079639819697783,0.013715192763040705,1.6429619913951146,0.022064808129800384,1.8672996349769608,1.0959385670574815,forward_head
10.9,-0.3172956680198016,-0.11822081091411926,0.003929938100310882,-0.0006861278647350197,1.7313144709687216,0.031928224376876264,1.7833442776938537,1.1425801789971115,forward_head
10.92,-0.3361239030350993,-0.11272612229366005,-0.02623085680029402,0.016303904832140937,1.523081062903949,0.04103484182873075,1.8694475261472012,1.1325182617249483,forward_head
10.94,-0.30621500116498923,-0.13114856989997217,-0.023536176157265047,-0.019326044346965277,1.5331305751485387,0.025874822930230017,1.7889421396722678,1.128692140725812,forward_head
10.96,-0.3276815446838005,-0.11940462445331694,-0.006961639594596423,0.010925629518856526,1.727795593656735,0.02184519866344659,1.8754165737531479,1.1424530092609406,forward_head
10.98,-0.337114401770179,-0.12516990999826544,-0.010940991122278636,-0.020443689250837453,1.5479103511183852,0.03900192865357024,1.8405645430834066,1.201197066209505,forward_head
11.0,-0.3341187986934195,-0.11456689496390185,-0.027553904193755245,0.005307238986866361,1.712870108275387,0.024684041402335436,1.792039833288371,1.2163803267189968,forward_head
11.02,-0.31388283075586443,-0.12287643324297955,-0.005016771969434479,0.015536647045818303,1.4591890517794484,0.019138110310071663,1.8447524190468811,1.2503438867049914,forward_head
11.04,-0.3307887834668096,-0.1303842481076828,-0.017267203636362825,0.010322567549242195,1.5608788881127034,0.027590224524639072,1.895219028075166,1.0585643715672672,forward_head
11.06,-0.33529972469602987,-0.1408236323235949,-0.01841178801411665,-0.003117536945174958,1.6751087094492962,0.026913651607388935,1.7283490288695647,1.1963265332994029,forward_head
11.08,-0.2763978886113559,-0.11809450073063799,-0.024115358194317787,-0.0037214536779257203,1.5042915387227658,0.015856161951873046,1.837009421280407,1.0130238459154781,forward_head
11.1,-0.3259608039799825,-0.1506861719767658,-0.009935974227205406,-0.00340013439851439,1.704773539249014,0.04366068281621273,1.9627176327755842,1.087764245569794,forward_head
11.12,-0.3080336228385666,-0.09664368234461859,-0.019697837185883502,-0.0273853918180525,1.5642796981406397,0.041304582368821466,1.714308448302249,1.054987395947628,forward_head
11.14,-0.31698342546783215,-0.16158254126688124,-0.001451804991555076,-0.0024549287911938998,1.6645808956698425,0.01910645297900588,1.7111179133929368,1.0830594581773747,forward_head
11.16,-0.30840262584297057,-0.10433118892280258,0.00041670778155944194,0.00435519376484308,1.6062433808101626,0.029905274380558844,1.9272504118110512,1.2503204157376346,forward_head
11.18,-0.29747899654977344,-0.1279267860421025,-0.010059570385386431,0.0035807851966703974,1.4997025302881177,0.015629427993914258,1.8888324586849676,1.0835172445439387,forward_head
11.2,-0.37388625253954355,-0.1130152362887478,-0.00986893036223631,0.0025174952773450473,1.701727176901561,0.02528952938585518,1.7531790493878683,1.039146583373916,forward_head
11.22,-0.3371718195686951,-0.13214709058603455,-0.02531635513082402,0.0024379085595007217,1.6151236101065949,0.04508209479470906,1.9197833483692865,1.195096321143709,forward_head
11.24,-0.2882285800313015,-0.09158860270310121,-0.03270817951122413,-2.7813820807254656e-05,1.626098991463244,0.045967805187114026,1.8137101107315177,1.1376200637151286,forward_head
11.26,-0.304930888168148,-0.09031301844722726,-0.024452423351866974,0.006225612348743487,1.6603083289774618,0.02888253721708653,1.7697713230610455,1.2662281799347612,forward_head
11.28,-0.32153306957540984,-0.12799953055369356,-0.003136157646740487,0.007910247143661309,1.4567820213046467,0.008489273139092866,1.9080653674353174,1.2150663804146409,forward_head
11.3,-0.3300862943552114,-0.11797976162647691,-0.029798749947955675,-0.004506702177246263,1.5844989423286149,0.03567515824076688,1.9601562654143034,1.2121359380729557,forward_head
11.32,-0.3315420601688288,-0.12003291289793028,-0.031643963757744094,-0.004402806799844256,1.6420069247983473,0.0370541662693994,1.8678648820278685,1.0569428582979283,forward_head
11.34,-0.3138962894534847,-0.13771942798408185,-0.029104161438077307,-0.012404407604620206,1.645159585439591,0.0428580017286855,1.946986117007769,1.0010255627826676,forward_head
11.36,-0.3019802078964169,-0.1118120017078132,-0.030094300648543536,-0.00016958098400519619,1.524991120484129,0.015034499947490546,1.866121522495577,1.1148702043925158,forward_head
11.38,-0.33464540868576614,-0.10890211057464629,-0.03464939081999902,0.014732490780084142,1.5476483992243095,0.02932987105021551,1.9408018750192686,1.0374368687978217,forward_head
11.4,-0.32180578561990614,-0.1617061324597007,-0.024692188294574723,0.006845156363334685,1.5935306586576916,0.02881032559568912,1.857789946959523,1.1657380422827215,forward_head
11.42,-0.30308507721499817,-0.12284377938030196,-0.04045489921376607,-0.013728641332126534,1.567819062420389,0.031531184929920575,1.8305851533668926,1.233557094059581,forward_head
11.44,-0.32588286516863646,-0.12845999733065666,-0.04709016892803032,0.008515583393720218,1.6237706340790414,0.015668769404629752,1.8104867516509717,1.030213447447395,forward_head
11.46,-0.30700973447276425,-0.14477512879038068,-0.01832202688612063,-0.0004380950032856907,1.628852917086374,0.03356923318093924,1.8505009211464976,1.120020411751966,forward_head
11.48,-0.3077311321058234,-0.1269956160844291,-0.019178990012261317,0.006632851483112641,1.6172448168538442,0.017138125814394285,1.8791609777978655,1.188575418096098,forward_head
11.5,-0.3243242242261964,-0.11907711183259,-0.02829246562009777,-0.007422791642647181,1.5832166992518992,0.03383596074821779,1.9061538745755582,1.2177786557117203,forward_head
11.52,-0.28813016855603246,-0.08058440048626168,-0.014508345678250012,-0.012142929259824251,1.5208346720829713,0.01738533328462896,1.8505931287917767,1.0382680687569819,forward_head
11.54,-0.3110230995062597,-0.11057867525684953,-0.0042985678328600245,0.0023745795403479777,1.636416611237218,0.02747309127865278,1.6921250187445747,1.1617317401626748,forward_head
11.56,-0.3135616878664715,-0.12450872779623295,0.005886951353647379,-0.0151284010411566,1.4431857168978448,0.024478960678107915,1.904919869486183,1.1426645112124478,forward_head
11.58,-0.35087744312917196,-0.14192450517126862,-0.029542472000037814,0.003297787223017291,1.6472468092468664,0.0220793770387285,1.8301723184666099,1.1575637139759472,forward_head
11.6,-0.28131881397507186,-0.1196671141675504,-0.02947062349693703,0.00625120580707496,1.5476100816836154,0.03370446933830962,1.803064706988967,1.1307364021235027,forward_head
11.62,-0.31177267613751236,-0.10435049683832255,-0.022411404458625047,-0.009467979729117608,1.5700060995599656,0.02082896086733599,1.882801199764668,1.1396280013382072,forward_head
11.64,-0.2995809050208928,-0.08402843678532707,-0.020160050397471818,0.0066325277819938,1.7036011089855314,0.022851512130309084,1.8092882591841333,1.1633705476806553,forward_head
11.66,-0.32412754937005367,-0.10076541209684808,-0.04645362627997142,0.022487621498574466,1.6304274284476261,0.023361466516238577,1.886454991089697,1.0150543637372673,forward_head
11.68,-0.3128132462469922,-0.13569560409830225,-0.021130197940744003,0.004298063998596924,1.544760558949922,0.025158673487552036,1.9297338576112686,1.0847543719640225,forward_head
11.7,-0.2996208427880429,-0.11869637637604229,-0.03348639513368159,0.006245713317257675,1.6599090105313117,0.05663879725309431,1.951632977923382,1.12784182537585,forward_head
11.72,-0.3414897299613641,-0.10845160630443156,-0.030095465133551404,-0.022666737968828867,1.5358472921759534,0.017897381573503707,1.9246169825995636,1.1000259046505652,forward_head
11.74,-0.3110929651357427,-0.11920625160513419,-0.010484573980936305,0.016654975992342686,1.6209334987792228,0.0295082441147028,1.8625138929083858,1.1541962046052456,forward_head
11.76,-0.3000456790874648,-0.12465372762052221,-0.0030597029015080293,0.009160885825941809,1.6492316924538069,0.04193899299821947,1.9081625820327068,1.0926331239607554,forward_head
11.78,-0.3192644007179426,-0.10837042336071093,-0.03719312927480132,-0.013352696713779385,1.6760574043444276,0.018613798181640107,1.7913997873546088,1.107081127014464,forward_head
11.8,-0.3071647839590318,-0.12303919615762055,-0.02966911791399782,-0.006500446393458374,1.5856107459638131,0.039582047581109704,1.7745226118628639,1.1580172923454832,forward_head
11.82,-0.3118103467679102,-0.15453655369656602,-0.0072021022049911275,0.006381533427868982,1.6728068886968344,0.02141289903925155,1.840764543942767,1.0367724042087807,forward_head
11.84,-0.3585480957121886,-0.1401266878884296,-0.022605600087615488,-0.006126145410484738,1.5969204071563752,0.04225179034553582,1.9657027436656551,1.1628583293650543,forward_head
11.86,-0.31480238259986426,-0.12745094558572598,-0.030428116935934904,0.00534604533170316,1.667736266060234,0.016247577784023703,1.932573520634653,1.1523353432920478,forward_head
11.88,-0.2855143465038932,-0.10087611398703356,-0.02627239553786279,-0.0038222951278577386,1.641523748607408,0.0030470283515066916,1.9552840809672063,1.1495431218584051,forward_head
11.9,-0.3151620197213196,-0.110372506224251,-0.0092840432362205,-0.004130782023999431,1.7003807699552704,0.013703177238852,1.853282351367292,1.094475025797211,forward_head
11.92,-0.3185530828466428,-0.11613891466883679,-0.02296128153058342,-0.006039843268277888,1.7098892453496417,0.03797807465474657,1.8262440648158562,1.2455482182708861,forward_head
11.94,-0.3241552809673508,-0.1068271628585719,-0.020304006122051643,-0.009994123279751544,1.6305579533110224,0.025993572352568512,1.9140593595131703,1.225210805213841,forward_head
11.96,-0.3225677312336151,-0.11404819464621903,0.021906778720176392,0.010272304030219899,1.773255446240544,0.029402619289181822,1.856770317540426,1.2037849953010091,forward_head
11.98,-0.32405637814259647,-0.0760153453979241,-0.03091085151575716,0.004460726195208363,1.5061998055898886,0.033944701855834536,1.7759677642318519,1.2150610779145197,forward_head
12.0,-0.363562559681373,-0.1193787616398196,0.0006159818981735083,-0.0030660710974883512,1.5509909376834619,0.02850386072054894,1.8120738335087496,1.2092844506135851,forward_head
12.02,-0.3079086213543065,-0.13173055251893348,-0.024305562584116,-0.003606147132748612,1.5441320496930302,0.028962527882537406,1.919155292380638,1.1446977692476767,forward_head
12.04,-0.3417553238355218,-0.12336557081861375,-0.021414198329795277,0.002052051385690406,1.4802696463214975,0.035499352111875174,1.9476314723524495,1.0731791610438306,forward_head
12.06,-0.33423164596125376,-0.09068195476547972,-0.008849972367748388,0.00813030001181563,1.6880238259905078,0.025197337486322156,1.7779938285248598,1.095076025826797,forward_head
12.08,-0.30249019464919663,-0.1142234572685274,-0.007808444684732342,-0.005216781037647086,1.6083034543953703,0.058189347481928944,1.9559102299579483,1.092450409445945,forward_head
12.1,-0.3469675651057216,-0.10547339790209968,-0.030663932070351424,-0.01435508860811648,1.6849019584491078,0.03275648163267737,1.8891281900209431,1.1265499268241346,forward_head
12.12,-0.3242893072427749,-0.13507108142154456,0.007775641358252671,-0.004297532268541214,1.589059462467949,0.012398799103417886,1.781438255120266,1.0947433311374437,forward_head
12.14,-0.3169943982049011,-0.0965276755958861,-0.03203128515264088,0.0016165461709566774,1.565879573757888,0.03661810466844309,1.837875179964589,1.0664656007793816,forward_head
12.16,-0.31305126858689203,-0.13732548068206143,-0.029244606962823168,0.0011119726717761708,1.6316207123724584,0.03536255574964085,1.8718467466216353,1.2597437057189127,forward_head
12.18,-0.3511202940681095,-0.0914365546591839,-0.03625825359161334,0.012019937454915015,1.6156829128845105,0.04404454047738373,1.8360463811376917,1.2845445530001758,forward_head
12.2,-0.30914151076866303,-0.123251392383463,-0.027593681527168883,-0.023061331281957212,1.444559631805947,0.029646689764322765,1.7763003644043123,1.106202106799959,forward_head
12.22,-0.31252547790965113,-0.11166025426920008,-0.025779996274097713,-0.014735155721347258,1.5069714812807684,0.014721806688001679,1.881499275977712,1.1840942590887944,forward_head
12.24,-0.33109647546670573,-0.08992418135202242,-0.026446979076809127,-0.008673013689630847,1.6779095742922423,0.019093852096931797,1.935869439361439,1.1502238114472934,forward_head
12.26,-0.29246182190696707,-0.11559060622544874,-0.0032121577399606316,0.002564410571243033,1.6616053666536603,0.033108034461554754,1.8630908012968765,1.1275764891501558,forward_head
12.28,-0.2966399278077727,-0.12057770351300141,-0.03337378211979107,-0.00019111171137493248,1.62784742279586,0.02980020538402566,1.8592256471053268,1.1482775219609742,forward_head
12.3,-0.30129604515996605,-0.12407059793710973,-0.03025446999128235,-0.0018096516019014334,1.7038046869689398,0.013690320213221278,1.7810883378601385,1.0978506468161306,forward_head
12.32,-0.2830526812575559,-0.10938486104322163,-0.040690498224385405,-0.010274148875767176,1.482655796591845,0.013180550734062565,1.9360870937198975,1.1420875780455526,forward_head
12.34,-0.3147010147963438,-0.10661811220929596,-0.02640480110468695,-0.012939354016924963,1.585916352314525,0.020395313160781515,1.862640850695715,1.2453467507597573,forward_head
12.36,-0.3435420559493768,-0.12089312313066837,-0.02214054778137107,-0.014046787132483793,1.548912961896898,0.02965818581927949,1.8988038012992114,1.1874972369784578,forward_head
12.38,-0.3121531026302348,-0.12249495140808714,-0.023477069468461433,-0.03354624046062079,1.493046699190854,0.02837402460517811,1.8179568496717804,1.231123332940529,forward_head
12.4,-0.3192944507555035,-0.12185442446025666,-0.057265105551244866,-0.004326845794107612,1.6646537544430133,0.0329451388808158,1.8724024759287619,1.0685528565230482,forward_head
12.42,-0.3335901352583525,-0.13100794223949716,0.0006841444808020717,0.024115054353428398,1.612907849455424,0.030391039415565348,1.7525981514716646,1.1590503363568572,forward_head
12.44,-0.29354254753073744,-0.11772942325987526,-0.02351404899266072,-0.007456478972051586,1.6070032987977847,0.048029170673306934,1.8689304398017637,1.0738829297185983,forward_head
12.46,-0.3323593290737193,-0.12568620964683994,-0.01681861512812366,0.003944379062885549,1.6090980410613998,0.03586694517409434,1.777681940332743,1.0860332730378257,forward_head
12.48,-0.2991962828938346,-0.14916565711237834,-0.03425135799463908,0.013112920673907782,1.5864256421776441,0.031147782839092756,1.9036584211463934,1.204373028355327,forward_head
12.5,-0.310145832738914,-0.1181537863003833,-0.040462186427328406,0.0004941609991210912,1.5501925250654682,0.017468037106158987,1.9088209575024302,1.0912707256843466,forward_head
12.52,-0.28491026582894724,-0.1421995275007743,-0.008784364697275638,0.0027217931101424916,1.6823543014518785,0.027869117523725045,1.8326286084320682,1.1792038942641083,forward_head
12.54,-0.3606975782712797,-0.11693934357216687,0.01937473931248346,-0.0026669856796357554,1.720056331386328,0.027110204495925636,1.9117275773320999,1.0746280576319949,forward_head
12.56,-0.3108138317551335,-0.1059368502715247,-0.020033074495541058,0.000656318814500413,1.43057560283931,0.027119378292559115,1.7870369021221162,1.2266366325438425,forward_head
12.58,-0.3270346199605753,-0.11928023736904549,0.001416662288315029,0.008373681831542813,1.5689331890181784,0.017830533520200066,1.8656293110828532,1.218621237448936,forward_head
12.6,-0.34372274941841047,-0.10126324398116542,-0.026090621350239734,-0.00561890348073844,1.552138405293506,0.04799618930865703,1.8701560792259428,1.1183320023641798,forward_head
12.62,-0.294857539995461,-0.1070811207096009,0.0006758568648697489,-0.00335208548317372,1.555199885003507,0.025625411429661148,1.7682201303882503,1.2657247754809537,forward_head
12.64,-0.3184634814620969,-0.11017738285786066,-0.007454615637465513,-0.008595119167939008,1.6854073470346107,0.03692640497556927,1.8362964660104146,1.0644356751863346,forward_head
12.66,-0.27622942571446435,-0.1380249399716074,-0.02299757563326476,-0.013720143619816346,1.5513307198367254,0.029637007160680767,1.8699483301546316,1.1662436843873303,forward_head
12.68,-0.30747789197918957,-0.12043695099338651,-0.012569686763042782,0.04185023365009453,1.6329679969119026,0.020357802090380704,1.824186972266811,1.0837050078128005,forward_head
12.7,-0.2727614931088073,-0.12424902523677173,-0.030273001737483828,-0.021442013456537345,1.5971793811627737,0.04299360723233956,1.8083425464504175,1.0704735474363742,forward_head
12.72,-0.2916210375933596,-0.09302584675784295,-0.03811262167930814,0.00998676652709636,1.751331872110044,0.02480230254728125,1.879682605192683,1.1751521691195286,forward_head
12.74,-0.255967260761519,-0.12175170009961675,-0.01411300244585539,-0.021796738121078595,1.639479979107711,0.02533219303226088,1.8724020681156281,1.1712494918612253,forward_head
12.76,-0.3326974149269843,-0.14628658494872282,-0.014469831582614263,-0.01311309176782164,1.5060354224624655,0.024687739395091744,1.8636683554902507,1.12336928881662,forward_head
12.78,-0.315123952013693,-0.1078718937346329,-0.03942400769358795,-0.013057576941410555,1.6182511185252124,0.033812508382931525,1.8511995185633465,1.0989565446619036,forward_head
12.8,-0.3271355263289888,-0.12334862599071955,-0.020817711093543394,-0.007054783347334292,1.6183186323106096,0.024630732120560543,1.9369337870233012,1.2053290863859691,forward_head
12.82,-0.32739306097290366,-0.10686069137959103,-0.029752094116632218,-0.0028371329133468947,1.4348304870097255,0.025222250464624334,1.9223016972947937,1.2722068072283053,forward_head
12.84,-0.30581787482462697,-0.12686961033314875,0.01323219156278217,0.004294504173529855,1.543554634918127,0.010951134010413588,1.8558577348694825,1.191969905979867,forward_head
12.86,-0.3144019395581108,-0.13936805783824235,-0.023789626124193407,-0.02480164686601442,1.509147399356355,0.024993474314745495,1.82852379001193,1.2024922478375115,forward_head
12.88,-0.31388163370823174,-0.08028444843137465,-0.027877564373383512,-0.02186141558031626,1.6514593060728822,0.029925562894815263,1.7333520782001486,1.158506649252175,forward_head
12.9,-0.30761976354281223,-0.11856349933327344,-0.02880104489254791,-0.0030459579267878988,1.6200246134375285,0.026071591979546553,1.838186364290827,1.1662364269907992,forward_head
12.92,-0.31561467558577255,-0.10569657666758472,-0.01769725555124909,-0.008044614182043377,1.5875392750990451,0.03134114570436537,1.7230481829332351,1.136491363402134,forward_head
12.94,-0.3206622528701109,-0.11641135585921876,-0.010770484202042534,-0.02442569351805849,1.5619348995582814,0.018437257756203484,1.9038096242261073,1.1908875654796764,forward_head
12.96,-0.30474451666759117,-0.0731495742053701,-0.02616823924537446,0.015002569147585415,1.7666430095923567,0.029140032547719,1.947434479527197,1.1354557492098623,forward_head
12.98,-0.323260858919801,-0.13249993599520843,-0.03420244604528188,-0.0013890978628953896,1.5124405942948873,0.03290427803414597,1.9688824356096322,1.231714466822893,forward_head
13.0,-0.3085747000677726,-0.12058406443053839,-0.012419565333751091,0.010353812656767332,1.6584951105225374,0.034508077015090795,2.078485748816129,1.0771015059363642,forward_head
13.02,-0.29458572004349665,-0.10406896840654067,-0.030778472511871137,0.021591052563885983,1.629740532316207,0.03324367873271158,1.8965528286922726,1.1332126304739691,forward_head
13.04,-0.33607613447850027,-0.11689735277281395,-0.01721453753521987,-0.017345684411102413,1.6037429760828759,0.032173422520592965,1.7303346999826918,1.1774864772415423,forward_head
13.06,-0.34804823397122175,-0.10363827933805539,0.002791115520051829,-0.004450520281616264,1.4395061536666776,0.04395802612037217,1.7641508378570112,1.1555042210556112,forward_head
13.08,-0.3640994262579536,-0.09459807657346171,-0.03786726157825085,0.010511585123923313,1.6856260620133887,0.02388491922367024,1.746932274126935,1.1460353228893414,forward_head
13.1,-0.31388834885569417,-0.11638229943335805,-0.031046930848917288,-0.027020489897457454,1.644007254867229,0.025185975769281905,1.7445728012999906,1.1161740584667057,forward_head
13.12,-0.2914476681368124,-0.09749680458773127,-0.058561023136324206,0.020569867380599217,1.5944494489545438,0.012455410506068928,1.8742208261203217,1.109313898688225,forward_head
13.14,-0.311683983693741,-0.09816313138520548,-0.014660570297883565,-0.007908705079609965,1.6191318189781765,0.03097486361495985,1.9109398101481994,1.1043442009818496,forward_head
13.16,-0.3307880493167582,-0.0697367647088912,6.021403176794632e-05,-0.002327677390424221,1.7602040979992208,0.039758355025701804,1.7832956738548784,1.1090808000571626,forward_head
13.18,-0.32496585432183067,-0.11970732442371543,-0.03543046638882357,-0.008450659127899019,1.6299001863951352,0.010099133363434331,1.815557706456655,1.1259809340895517,forward_head
13.2,-0.3290317460355706,-0.1093911435857091,-0.055095625077407694,0.00018513853539223584,1.6534999545640716,0.04892048166948194,1.7451189767781536,1.085119630751519,forward_head
13.22,-0.3514329316428986,-0.15464628450589696,-3.056830403001305e-05,-0.000494928294174315,1.4704381623906388,0.0376091799966257,1.759803191933981,1.0789169325274852,forward_head
13.24,-0.3160093272620509,-0.13386135423483,-0.028826402353865296,-0.0010253444667492576,1.5878161529087145,0.050278293865448576,1.8021994206915546,1.0309606754159746,forward_head
13.26,-0.3221311200906291,-0.11577095189627978,-0.026599010297695912,0.005349401554946202,1.761380992642557,0.029798006934184777,1.9189838346252528,1.049529956446499,forward_head
13.28,-0.3159490510002823,-0.10778928810216616,-0.030370904263547504,-0.002345676610999073,1.5863012852950236,0.028773448118034315,1.894825328196121,1.1646894189284993,forward_head
13.3,-0.3002309544687112,-0.11775934730390544,-0.03767994839391794,0.00022603304152446732,1.4962495737020145,0.010444298745930336,1.827405669990658,1.1439181811009727,forward_head
13.32,-0.26612147565733296,-0.13993631336805434,-0.05116839978375933,-0.02085856766342617,1.4650853962835684,0.03632789658531692,1.8232178881159637,1.0996952689296162,forward_head
13.34,-0.2948935535089501,-0.12007627974162735,-0.021547872223802937,0.00855317591189181,1.5448197371531578,0.023533244171549453,1.8567635052760372,1.1507829918621424,forward_head
13.36,-0.3494472750975376,-0.13234827286353065,-0.022969414003064032,0.019610902708453646,1.7178531176263936,0.019114678778067027,1.774794340210686,1.2066650395742948,forward_head
13.38,-0.29910579529196957,-0.1294250239193603,-0.03559419242587825,0.0016656314324628016,1.4574880746247165,0.014898837160993453,1.902186330608116,1.1764627193864876,forward_head
13.4,-0.342857677511479,-0.09112973701502247,-0.007215003033202858,-0.004916461406405068,1.513472573107601,0.023682434696664555,1.8025682863586037,1.1891868662475904,forward_head
13.42,-0.3270082359128464,-0.0975878313684878,-0.016089723351142903,-0.003132869844822091,1.6484069383717828,0.020666433942582465,1.7873537668635424,1.2105523422710995,forward_head
13.44,-0.34508275254216714,-0.1142523161399471,-0.024621319242614844,-0.007781222159777495,1.5838148946896409,0.033583723900152046,1.7687139428700356,1.0410370408230065,forward_head
13.46,-0.34675232384339333,-0.11631192546267907,-0.014907945795650409,0.008646581849088349,1.6855595123363218,0.04867303257439937,1.8944340541876705,1.0925856618461411,forward_head
13.48,-0.3133035350114377,-0.13281552701566895,-0.014566416059347118,-0.018927562291173466,1.4923629389988928,0.03433552299153742,1.7582358179197628,1.2246712674336298,forward_head
13.5,-0.32378132864221254,-0.09594957309980663,-0.024768999222280163,0.0008192340196305023,1.528586757767545,0.021317549733056013,1.864488349528324,1.2182169855459304,forward_head
13.52,-0.3192672174019519,-0.08768324437810407,-0.027356992416773567,-0.009430952825656608,1.675549382653273,0.03991005823869234,1.9257494767491143,1.2758823767968146,forward_head
13.54,-0.351874384879705,-0.07993997771167753,0.00912771945933598,-0.015186004478009843,1.768767381728536,0.029931482182985178,1.8402730768278237,1.0793528128493404,forward_head
13.56,-0.3556774714777847,-0.1480901721791038,-0.02058113593259745,0.011256428822897017,1.6524668961824545,0.023997751856240843,1.771848342791533,1.2693612197237663,forward_head
13.58,-0.3024096113295878,-0.12103837429284181,-0.03668092200112369,0.03755964259643406,1.5944829953606623,0.026537408587878654,1.827053163534501,1.1895453482642142,forward_head
13.6,-0.3490507738724941,-0.10612974691685342,-0.017419383076551876,0.0165024555386646,1.5559157474936671,0.03044730879546214,1.7872435932923905,1.1759978489982488,forward_head
13.62,-0.3535365401361886,-0.11287866708143325,-0.006375937129586537,-0.016689797686434426,1.5057853178939986,0.030422288675552696,1.9476173618862889,1.1509857661793168,forward_head
13.64,-0.3460173332824381,-0.1234128692120798,-0.007978072815014023,-0.0011124309251022168,1.5844493223036982,0.03361178555199962,1.943413034855467,1.1352577521756897,forward_head
13.66,-0.3468898270379563,-0.07962602784793626,-0.0188230977961514,0.025208260190160092,1.5774477040547625,0.042523607730692775,1.8579942476928473,1.1331199440531354,forward_head
13.68,-0.3351926228539411,-0.11973310275264847,-0.022721632346094298,-0.004709779935558138,1.657854993450918,0.03287146733512716,1.8567127762914688,1.190705978574272,forward_head
13.7,-0.31474463615920584,-0.09605601331374167,-0.002259274184228003,-0.018624131539491537,1.5512038525919596,0.02049676150365869,1.8893676717181027,1.2137721156268053,forward_head
13.72,-0.3557693360024713,-0.12846162903804492,-0.033620061396414,-0.001738478928717665,1.4802077443766941,0.03543167735074205,1.8981712451727841,1.1619063475802127,forward_head
13.74,-0.3633158241836833,-0.1391776585993056,-0.014765732080535323,-0.009132404748902652,1.627228067080246,0.044043878606487126,1.918287406691698,1.1240016710052707,forward_head
13.76,-0.3244493906929242,-0.08977368975700936,-0.023319230649769016,0.0033077113317838006,1.5730695466242504,0.04017805125160262,1.8512073917409897,1.049785737941987,forward_head
13.78,-0.3218434641018435,-0.13592435823334928,-0.03410311738075823,0.012435536652035766,1.614480345174329,0.027865032868996525,1.8554407122510668,1.1871861465255662,forward_head
13.8,-0.37215231039840474,-0.10149765543669123,-0.030531882154764586,-0.03271966753689722,1.53693951375582,0.018932102069990384,1.7914533414502474,1.2702692537834075,forward_head
13.82,-0.343059413678582,-0.09532814037425608,-0.039021521626217415,0.001204520658069338,1.5662820012206582,0.02367084244737452,1.8720987807533749,1.1585017418572592,forward_head
13.84,-0.28015647714251013,-0.14502753477578165,0.000865787212753236,-0.023746745402735005,1.5729865791358004,0.04197522540366357,1.9050725485781252,1.2708602986864717,forward_head
13.86,-0.3259031355795453,-0.11580226825822064,-0.020989057729227528,-0.004902332707993909,1.6246919785712375,0.021237927575702788,1.8390293360279666,1.167198719379496,forward_head
13.88,-0.2982612642012892,-0.15973871462866693,-0.02129568422203825,0.01131462497729837,1.4664035400935487,0.0552089414177307,1.8904786209532312,1.0798325321574205,forward_head
13.9,-0.32520775269194496,-0.10683113307823364,-0.00547442778005995,-0.0028152678769158062,1.4499526236914848,0.03202087782787953,1.9295656247004422,1.1661531238667442,forward_head
13.92,-0.3185866984038664,-0.10169218879950677,-0.01388983486012263,-0.004817598856284348,1.3909734140082048,0.026430320549132386,1.928891275946628,1.243548227693404,forward_head
13.94,-0.2834217373489982,-0.12298175786591643,-0.03722193749318135,0.007009700994091501,1.7323366078081133,0.03598828482389409,1.7824154039882123,1.141723446355003,forward_head
13.96,-0.27788282857816027,-0.13382751491574985,-0.005576367694150616,-0.00022929491177716376,1.506697598349308,0.033894481237376525,1.7939961663290438,1.0373029977104877,forward_head
13.98,-0.3095664374458056,-0.10307762969306432,-0.03296185620125135,0.007138691229544168,1.6328496498761564,0.033524090110680714,1.8037678900690788,1.1028013785582964,forward_head
14.0,-0.31166633922259473,-0.14817403147870126,-0.012707829735276312,-0.005938845386129039,1.444032722815183,0.03354642169301194,1.8641661032016643,1.0698573684275046,forward_head
14.02,-0.3275095700046409,-0.1114163864901244,-0.0379541378567497,0.008021249729516016,1.6491031388106256,0.03183322294838416,1.8441565915415323,1.197599917384227,forward_head
14.04,-0.33636140939219694,-0.11437942884717316,-0.019218346261152913,-0.003415902579130778,1.7175399755787677,0.04186890451221047,1.8698934886118075,1.1980130914441007,forward_head
14.06,-0.3052053065333963,-0.143190796956861,-0.021173642943861957,0.01725430584788393,1.6106684807318352,0.018216846811609812,1.8796866655672202,1.1598573750451764,forward_head
14.08,-0.30566988651149785,-0.14002016237286127,-0.02048900084629543,-0.003745049626456049,1.543464467274371,0.030373920731122748,1.837815119786526,1.190995865153568,forward_head
14.1,-0.315472305310953,-0.0988606426033212,-0.029472250429969038,-0.0028636469341921096,1.5676966278909463,0.030413453636002258,1.803823598380663,1.1085703850400204,forward_head
14.12,-0.3176111528780454,-0.10859489094722438,-0.014100356003418118,-0.018601750919936173,1.4090843023018231,0.014781599166128116,1.8131795815713654,1.186285959856966,forward_head
14.14,-0.2896048769725821,-0.12747675419658355,-0.014485866182391043,0.015429289118244469,1.585434854885319,0.04408069176569873,1.7703614469934772,1.0951537140831633,forward_head
14.16,-0.29639347899421603,-0.11197517295666035,-0.006545498523750725,-0.016568807875537665,1.5631289110490496,0.017901392831472084,1.8603860475194154,1.1419530319828448,forward_head
14.18,-0.27560013385853566,-0.12214609754697936,-0.03348542639049633,-0.0022969562744967996,1.6288933566175785,0.03158922658591841,1.942683236052819,1.1809264039438763,forward_head
14.2,-0.33403412724809806,-0.17537120842409254,-0.027589315031653353,-0.013377451542981941,1.5347533146495609,0.031490687286571985,1.8096051553602506,1.198915800080588,forward_head
14.22,-0.32015779490441487,-0.1553247943784989,-0.035812271206602575,-0.0052276400717220315,1.4756712837567183,0.03782094651568191,1.9125410196173733,1.1130858476200618,forward_head
14.24,-0.31081479131545664,-0.12488552905809588,-0.015317837090761002,-0.01757445651495924,1.4969673307181044,0.03084249243706698,1.9029383335574188,1.1153416401990524,forward_head
14.26,-0.28936801106015714,-0.11826233697733504,-0.04610333184746394,-0.009581629859084057,1.762467738536011,0.014127464929198258,1.9054880238891765,1.163437716731515,forward_head
14.28,-0.33233068499267543,-0.108390853350964,-0.02269781037223192,-0.0044019066747147334,1.6356749077862265,0.021182974602271098,1.907185359466231,1.1166938859593236,forward_head
14.3,-0.3318048970424748,-0.053905444969072534,-0.029957643255459358,-0.019532084725078263,1.5846426402994929,0.025662558137247056,1.8788099522830883,1.0763781933511258,forward_head
14.32,-0.3216992590478563,-0.07943324841236983,-0.014559377409133722,-0.00019520328600265203,1.7105861091825825,0.04534800391205928,1.9756065065009116,1.1939429851235466,forward_head
14.34,-0.3049394732796999,-0.13908351177255426,-0.029253285130537376,0.015253642980012708,1.5525653920541866,0.05052094048603504,1.9609548233095726,1.1395614936363532,forward_head
14.36,-0.34217564394147976,-0.0979468934806279,-0.028824363403189477,-0.009736218728214887,1.483128307669011,0.027729887822940398,1.8065050319806772,1.0963509662000857,forward_head
14.38,-0.32012321470903304,-0.12084020328460007,-0.057715041143786276,0.00024470072503866256,1.6261063479595408,0.04214033057766471,1.8037683083649632,1.1924301750794597,forward_head
14.4,-0.36067255795415526,-0.09384072433909274,-0.039114960515682036,-0.0047086264931278324,1.5621902995130534,0.033739595737350504,1.8315612197982252,1.1048898566233238,forward_head
14.42,-0.35224935300839094,-0.12008062094591085,-0.004758931352773051,-0.007698242667608239,1.59456365353749,0.014816320235917179,1.796093438614301,1.0732221192060039,forward_head
14.44,-0.3463723981070598,-0.14574163135662127,-0.039551866934963154,0.009757137308195484,1.6215925128053357,0.05258675423414955,1.9318628866039538,1.0857260925047063,forward_head
14.46,-0.34844334825243645,-0.11366756561442291,-0.011305407688492856,0.005696034049692984,1.5756270649940447,0.02874755994583956,1.837520202820899,1.1082883278956517,forward_head
14.48,-0.30045248924485296,-0.1545585943223615,-0.015295855178923099,0.02959193391928073,1.603124089598979,0.025902425855390515,1.8889165155585237,1.1045795679186179,forward_head
14.5,-0.3249653250042237,-0.11321938119575047,-0.027362095200590218,0.011147649840683326,1.7084664476196085,0.03863798730509417,1.8334743031432466,1.168374210417093,forward_head
14.52,-0.3076618406392419,-0.12821622038678596,-0.025446521111073154,0.001510522401246445,1.611770421055006,0.03160894932333786,1.8012087572546933,1.2026925106562198,forward_head
14.54,-0.33834156033618784,-0.11840181397740104,-0.025526151459235615,0.008813939890401757,1.715333297485229,0.020934609925137813,1.8099657284584043,1.1679531276475699,forward_head
14.56,-0.3334618343678249,-0.14175473156911678,-0.025683024658798945,0.009997044588024395,1.6908969002093381,0.04637290232528777,1.8306819284277467,1.1827605191647268,forward_head
14.58,-0.3255611482727413,-0.13344405595817355,-0.011714704054212708,0.01058055570159881,1.561112728623576,0.04911138769474101,1.7458980678727616,1.151776168088986,forward_head
14.6,-0.29710020927070746,-0.08932694669355686,-0.05342768148277549,0.008398614204454589,1.6863830336314376,0.024142639153955647,1.8009741314527343,1.0813484974902647,forward_head
14.62,-0.2878577657548075,-0.10889735260595147,-0.030216078158390027,-0.004925182834564236,1.6058259092233031,0.010575512150627835,1.8782307173812225,1.2487998056078131,forward_head
14.64,-0.29420335524058516,-0.14341162400501023,-0.01874153627331116,0.013482463412607847,1.7471297792637734,0.0341014776270577,1.9444908567788717,1.1451726509411524,forward_head
14.66,-0.30240024790754083,-0.10154408527432816,-0.019813228103413048,0.02321591596862473,1.7350636434880713,0.020970377770236078,1.8289970215261386,1.0919476332266853,forward_head
14.68,-0.30498897470659553,-0.11833838207616028,0.008519729690503047,0.028630764597292413,1.5443212189110367,0.016294793081908943,1.8111246161760786,1.1814725583985184,forward_head
14.7,-0.3324709065390175,-0.14273599498622536,-0.014103315967329605,0.0180537314752093,1.5276280878892967,0.022164376850713808,1.8736893090125435,1.1450965887833044,forward_head
14.72,-0.31170594083742315,-0.13362336430389743,-0.017067422374027797,-0.0031647719820638155,1.5081454924091346,0.025844658616539836,1.856931392802978,1.1935708344751497,forward_head
14.74,-0.3383441612430274,-0.10543720345914152,-0.0472122930336036,0.0045989744255650125,1.690458728519956,0.025787436456384982,1.8366344327046755,1.0975994076168356,forward_head
14.76,-0.3485987345905239,-0.11530612658834491,-0.014160191030453106,-0.014272305805146433,1.4891265995414276,0.038528877298666955,1.8200279225067073,1.1978864979464865,forward_head
14.78,-0.3379148456885671,-0.1243458628540203,-0.023569363001493003,0.0033537561637742574,1.6296793056908758,0.02772187487703034,1.8694964413596946,1.101567731281469,forward_head
14.8,-0.3368991019696465,-0.13748729602109613,0.0008016407817010828,0.005323992962532884,1.6544301294994823,0.02371594860425674,1.8405031117894486,1.1514103328835612,forward_head
14.82,-0.3307334092176613,-0.11478829613635003,-0.05086024479043812,-0.004084360338304123,1.4919612390117314,0.026863263900155202,1.8234184594612217,1.1913538998403312,forward_head
14.84,-0.3211119709207253,-0.09311533232260741,-0.008211817682499713,-0.006960629658768457,1.5917328068492074,0.014407228859215233,1.8310095003779177,1.2498933534710115,forward_head
14.86,-0.3423301005618935,-0.09299474536314942,-0.017447217797953468,0.01268535401826491,1.574251864406469,0.04621391191310494,1.7575278470301101,1.2182425693924401,forward_head
14.88,-0.30059097764528503,-0.08243716409633857,-0.02156013720144074,-0.0045725386745272606,1.5130365661965046,0.021353407946493635,1.9060479173731393,1.0912628318550661,forward_head
14.9,-0.33209940172197383,-0.12075658361180917,-0.006207102736664677,-0.0157194106293394,1.6129159076934578,0.021996649717994185,1.9239446295223732,1.1808011269361236,forward_head
14.92,-0.3065161914732848,-0.15626238123483735,-0.010957678727543918,0.017216303530064828,1.581890532938498,0.018481759873411538,1.8647512619148323,1.1926403614668466,forward_head
14.94,-0.29961029108592824,-0.12108893710467582,-0.017892327671227812,0.006030715957826322,1.679168119192861,0.023072817366615032,1.8253774931680498,1.2855779840036519,forward_head
14.96,-0.3262946781412926,-0.11771902132452576,-0.03978874453523037,0.011569823080161645,1.658085424564401,0.0365345156629538,1.881391539384806,1.0624334757349165,forward_head
14.98,-0.2740738190459927,-0.11267193564227952,0.018181193002145372,-0.021416926926465914,1.6800505571884123,0.027593218939954398,1.8604589575857586,1.2431145485833068,forward_head
15.0,-0.32791741438945626,-0.10378798929639066,-0.022681037338842663,-0.008370926837409446,1.4777487685812218,0.043141280385223586,1.7922442240186378,1.1066381363436983,forward_head
15.02,-0.33895765120563326,-0.12484221044271011,-0.01767385581784449,0.009387673620472015,1.6570864337461515,0.011743249013368996,1.823825656949225,1.297769702164842,forward_head
15.04,-0.36231346026453326,-0.10157103940286857,-0.01968998778779342,-0.022561538449408544,1.6561266459645585,0.028846077958504232,1.943993722323576,1.2152972884343929,forward_head
15.06,-0.2571139485724724,-0.10743490172814396,-0.021573535868153512,0.015527256315642717,1.4027274921026702,0.020595545023562263,1.8534089876392663,1.0456927984390338,forward_head
15.08,-0.34383208180232083,-0.09885818467586167,-0.023432366561620732,0.0023512764738502895,1.5009079341376648,0.03290950891129295,1.9459266316947281,1.0660095097214595,forward_head
15.1,-0.303324586367334,-0.11086154930979192,-0.04141516113100648,0.020492080256514823,1.5569399916073428,0.022288723152358338,1.8828821356421468,1.166439556991249,forward_head
15.12,-0.3029850666286725,-0.1527553294619685,-0.01099158803295149,0.014446411751382584,1.634182914991948,0.03415485517410262,1.8770418704897653,1.1688836958921087,forward_head
15.14,-0.31157287173015025,-0.11180647287571403,-0.0304727559714476,0.02878982598250435,1.5943741899974375,0.024813615056010256,1.8335685429637885,1.100925481534808,forward_head
15.16,-0.2975854566379435,-0.11516954777381194,-0.030289061692170514,-0.009584936082963354,1.5168872851769755,0.013634936300227848,1.8934805610524905,1.0485569346692274,forward_head
15.18,-0.274326372642427,-0.09887507493137004,-0.048932268206287675,-0.0027822350378551163,1.5735076141298956,0.026000281074898726,1.9248731766227678,1.168302077040184,forward_head
15.2,-0.29518509232875906,-0.14491002691840338,-0.013628049102675227,-0.019988287555656827,1.4670249606239876,0.042003669014326804,1.8194505602395423,1.19030787430347,forward_head
15.22,-0.31615355279552815,-0.11652236713510711,-0.0299520051398355,0.001795412412720907,1.5543614525627285,0.030122136289868075,1.8147888173223625,1.1989671531116695,forward_head
15.24,-0.3115197191400671,-0.09207177401527578,-0.039394141062968194,-0.007842450639328613,1.69146838323557,0.02813463817262877,1.7761982653628263,1.1967240575203262,forward_head
15.26,-0.3105926423104269,-0.13811903519579108,-0.036850022777594936,-0.0055150986977506285,1.6638046026032425,0.016571948126052168,1.7955094888995335,1.0924121136121063,forward_head
15.28,-0.3383449044566678,-0.14355369670337823,-0.038679809525353014,0.010852460177899585,1.467598369477477,0.024171195050092235,1.8902599366360875,1.2289047246941487,forward_head
15.3,-0.3000842246034477,-0.12863522862468788,-0.008415623564385936,-0.005983671197766192,1.6348696158103548,0.036692466326440916,1.7450198193540722,1.0723358151363105,forward_head
15.32,-0.3084786999084104,-0.14519850700811276,-0.04648470079147857,-0.0018010374774824166,1.5226856098943768,0.02429477205960295,1.6927233741773577,1.1322843200644344,forward_head
15.34,-0.3309809206197107,-0.11626386360439324,-0.0379463428978668,0.010221618212736882,1.6282951055343151,0.01974008169703031,1.8330458702759262,1.1329914755214108,forward_head
15.36,-0.3087039396753274,-0.11306295031995338,-0.028018813087672876,0.004352269497971974,1.5882543702666072,0.028318525677318733,1.830636310001293,1.059830107732289,forward_head
15.38,-0.33300279690363505,-0.13722003024247115,-0.01960147953103348,-0.009368878898067744,1.6124559455161898,0.02589980544099411,1.9863415871516885,1.1217518283066636,forward_head
15.4,-0.33330300001241064,-0.09996265887661213,-0.01680928943185158,-0.012742967313355703,1.6397797059503474,0.03838819053931484,1.8659708714850307,1.1474672409395426,forward_head
15.42,-0.303663870256332,-0.12889408957041817,-0.012375940675088001,0.01550819225658374,1.5414873959887416,0.02524843168141417,1.7823161018064693,1.169336702735736,forward_head
15.44,-0.31912644551139074,-0.09625941210714256,-0.025743914498742054,0.027004642815869086,1.4733053151120503,0.026553050361576118,1.8061223056414133,1.1964408905605726,forward_head
15.46,-0.2832522562310305,-0.12322727082230908,-0.017291440984829973,-0.006533823817713007,1.5728440214031991,0.029824198454604677,1.8817985812536981,1.1720585460949593,forward_head
15.48,-0.2970487827981579,-0.11840075091399349,-0.01907076855419647,0.019925620886799607,1.5379892394171022,0.028034690280286274,1.823284773059862,1.181305863373387,forward_head
15.5,-0.3230236493226195,-0.09729497877825347,-0.031729846209993175,0.020096547752590885,1.3821384550012428,0.031853114802871264,1.8689342320770537,1.1463897064534798,forward_head
15.52,-0.352766951031484,-0.08843627409260874,-0.03189098811681264,0.0018800682175752958,1.6864051606487145,0.029394830313648437,1.7231754057291082,1.2053346608806215,forward_head
15.54,-0.3034223454664264,-0.11301221128894731,-0.024303427216750804,0.008120855692333903,1.5635456300007047,0.03324742904046864,1.7759894076243958,1.147986432405083,forward_head
15.56,-0.31314338449002116,-0.0807210444570962,-0.05760821074267784,-0.006632063575085257,1.654307653608825,0.03354749363153575,1.7988843249117366,1.1070563363946506,forward_head
15.58,-0.2889816968108774,-0.09265537205762103,-0.02511697423215201,-0.021484713546012908,1.4571133816280848,0.04058002280389198,1.8414535734043802,1.267041158306831,forward_head
15.6,-0.3321336172895342,-0.14999202050272403,-0.016944355652772174,0.013219587343481552,1.5681956487216435,0.0286007470382784,1.9188204998251588,1.0936248850544477,forward_head
15.62,-0.2607332520882407,-0.11021349508223635,-0.009980653768343473,-0.005887205527904123,1.5167647477574053,0.0404444381313385,1.85228963859158,1.1225937810593056,forward_head
15.64,-0.3435472536005897,-0.12234804657987224,-0.008136321647889022,-0.013495993648266449,1.6604734389614384,0.015860533821085054,1.8925389914816595,1.1969009174913166,forward_head
15.66,-0.32333684396783713,-0.12644568861931602,-0.02292769883812565,-0.002179831015331605,1.7053610150293772,0.04826856146472625,1.932625006040809,1.085515560757711,forward_head
15.68,-0.33678936787106917,-0.11236687646752375,-0.04230738249874538,-0.005967606788953865,1.519952935628874,0.02979384414192861,1.789105592623141,1.203906556941137,forward_head
15.7,-0.29695956921694844,-0.1032960044378415,-0.03657441526513337,-0.01687034548430037,1.6651940994795054,0.030381796112486738,1.7166997438546616,1.1652093713161815,forward_head
15.72,-0.31282529666989045,-0.11289978860361877,-0.012739389705007535,-0.011507900586378293,1.5364297396043065,0.04015595939634849,1.833817783976619,1.3110936732805383,forward_head
15.74,-0.35138976768755914,-0.12915203266713612,-0.02672496776641903,-0.0021334758089981485,1.625946055065762,0.03879821171014681,1.9579558602005,1.1426567629191888,forward_head
15.76,-0.34399574410680644,-0.12837040861146518,-0.030105717028683577,-0.007221446862301119,1.6282660211965503,0.02931485309017935,1.843772610309943,1.1977224389717713,forward_head
15.78,-0.31526665176758023,-0.12072782642107467,-0.027714404815664555,0.017927825382092494,1.7159678803133083,0.023669807921272698,1.8983834821200465,1.0769956466536055,forward_head
15.8,-0.30089682434593834,-0.12104153724861917,-0.03038455616217225,-0.012020993681618497,1.5831649093198215,0.035471099791510544,1.76789973850886,1.1976000899148764,forward_head
15.82,-0.32228640369842826,-0.06882904731827397,0.0018011090461668969,-0.011262505499004295,1.6424416997854085,0.04045475737432068,1.9076383059048354,1.1019030327880093,forward_head
15.84,-0.2950150591753346,-0.104130221681883,-0.032847631453042474,-0.010195542693715073,1.600486017727893,0.03669455858964557,1.8760038557950287,1.100353841343934,forward_head
15.86,-0.28979800123229715,-0.1356812224745565,-0.014722336113809829,0.006664242422940664,1.50739876693542,0.013609042579466692,1.873362350722594,1.205089956030923,forward_head
15.88,-0.30522318179096725,-0.10440287560018967,-0.017711521296539263,-0.00869973289726183,1.5850016848649502,0.03752078400699261,1.8809259970066687,1.2058899004341554,forward_head
15.9,-0.27218192558675564,-0.1396594317142276,-0.026223496907640094,0.026687954647040275,1.5639312377365764,0.0354348314063503,1.8151829731976132,1.0888089452304857,forward_head
15.92,-0.3338758774868423,-0.12324791809534735,-0.029928796488670344,-0.0024194416608983456,1.6540873901720936,0.04512175356624346,1.9130584077217274,1.1300188014189423,forward_head
15.94,-0.2785253133482228,-0.10751430701794529,-0.01948814091877387,-0.00867297270612839,1.6208051624902753,0.015223430209271114,1.862242721798877,1.1322349550209274,forward_head
15.96,-0.3285355698529117,-0.10842765497075074,-0.01902653047591111,0.011578633572830148,1.6555062961022895,0.021634610280020755,1.8876307552312055,1.2356086814052367,forward_head
15.98,-0.37451200950662217,-0.11364573261212976,0.0011940738858787802,-0.007585444014332552,1.5635946318751197,0.03809142637480155,1.8289741615095685,1.1700420998415821,forward_head
16.0,-0.2857597416443361,-0.108134270375273,-0.023056263369415953,-0.00128987560377213,1.6103426564038823,0.038923393276227736,1.7439364385808012,1.1541810073553256,forward_head
16.02,-0.3389871137611713,-0.13509998632536122,-0.022891483493201872,-0.0103286779907758,1.5788110027634088,0.03218146681533173,1.8219091036284423,1.0579661357306138,forward_head
16.04,-0.3141590100174808,-0.14774205521893966,-0.03641036292803461,-0.00592466890025476,1.5799459393366777,0.019292100305366905,1.8539977592385688,1.1894054745083151,forward_head
16.06,-0.35450231235834023,-0.10336642339477252,-0.022075272190210417,0.01149625944274786,1.5639084975062443,0.02165645000045796,1.7522964794283544,1.1765298959354065,forward_head
16.08,-0.2841334393970257,-0.10323394133009907,-0.016319750581970844,0.016766585450428174,1.6322612847291584,0.040772841878657325,1.8469077381047159,1.1205479959822555,forward_head
16.1,-0.3225699601573903,-0.11050941065551828,-0.016805059918685757,-0.010053524487543448,1.5725612507043873,0.021796728554861495,1.9162053265817094,1.1811343513063228,forward_head
16.12,-0.2936557102389797,-0.09408062382273837,-0.007884119047855522,0.02551898227394841,1.6171457216757728,0.01980226878212154,1.832944527478167,1.1932480634175164,forward_head
16.14,-0.35417777169522774,-0.12319099761300105,-0.023540378261621142,-0.0015110143395765424,1.6843700518989249,0.03753118933610462,1.8608827266179424,1.1706177409765157,forward_head
16.16,-0.27013912657757094,-0.13012999412838358,-0.016444435794471406,-0.022504904015727127,1.5130245629408323,0.018435839288919852,1.7398097906257683,1.2577671540271989,forward_head
16.18,-0.2838425805993621,-0.11467023815323828,-0.040588066591017394,0.017860818726087885,1.5806549209647074,0.04064596356143487,1.9324024672009938,1.120565829936811,forward_head
16.2,-0.3452464702376213,-0.17261502108441523,-0.023965283930943652,-0.024246570815780202,1.5503586040069413,0.011832080108978087,1.7498383846341294,1.096973948056145,forward_head
16.22,-0.28797964209121013,-0.13165380922879966,-0.019833405657679142,-0.008300946694190027,1.63904184096249,0.024853015157299554,1.7904747168049862,1.2308705548803045,forward_head
16.24,-0.33122456236585673,-0.11313007364564899,0.01643855309987054,-0.011732721819015007,1.7130726249640902,0.038194587853843054,1.803494261265851,1.1834300137325873,forward_head
16.26,-0.3173428751274603,-0.11967237803109297,-0.006272393074929586,0.004376389532716819,1.7029030451926896,0.03780928832421784,1.8078490094066582,1.105008338566817,forward_head
16.28,-0.3145895001636031,-0.10780406452271775,-0.030161658040904947,0.00014327102708214376,1.6050766719080214,0.032710135693981054,1.780216981676819,1.1001375225061425,forward_head
16.3,-0.33960670972617424,-0.11689287381236703,-0.001759102528883135,0.012963142208390805,1.6936316476627424,0.0337857494453527,1.758758761223745,1.2207682313199015,forward_head
16.32,-0.327681809226891,-0.10731914420851206,-0.022282319665990185,0.004326708537299634,1.5711622836650099,0.023454615951086447,1.8724291656949348,1.1690373283093107,forward_head
16.34,-0.32222492781960493,-0.10373605467901978,-0.037201218754837256,-0.014831508088206274,1.5094987523274133,0.04456571738739409,1.761735157803494,1.1993501576126337,forward_head
16.36,-0.3313295630193418,-0.10288812478826606,-0.030860807543629205,0.007561960893067614,1.6704854569034366,0.03275300819201256,1.9100848077616093,1.1875961523904621,forward_head
16.38,-0.28959701660610304,-0.11036759758765478,-0.021609768216136496,0.022625338082363503,1.5679348769021004,0.03885213832255065,1.7723410771419363,1.1745329259413737,forward_head
16.4,-0.28481970012524677,-0.09383518286470187,-0.03180444497805342,0.009064950464095835,1.553464908516579,0.03286631236622775,1.8032923512839762,1.1589270925036155,forward_head
16.42,-0.29604379402421305,-0.11860425784182267,-0.016655795451781318,-0.004724638657997854,1.4707950437161124,0.04083117461027147,1.8763119667942567,1.2790497650950408,forward_head
16.44,-0.32899453084231595,-0.11636176462221619,-0.018081587580470272,0.012593533692588194,1.5013902463764186,0.020714559865526703,1.9184759273921097,1.237108234958099,forward_head
16.46,-0.29510365738127514,-0.094090702722066,-0.009327570329116063,-0.007461202624837245,1.784073100225686,0.03967608869779242,1.7528137952977956,1.1960053725630333,forward_head
16.48,-0.31520083063630305,-0.10830060385829574,-0.024249466713064147,-0.021616524684709888,1.545817455297577,0.04382584355078636,1.8294709859234082,1.0286386299533632,forward_head
16.5,-0.30048287076766295,-0.08802190558907125,-0.02854326815962316,-0.005854229201719053,1.5951066856339193,0.03582777668559051,1.876353395821528,1.1375799738312946,forward_head
16.52,-0.3039235549394608,-0.12374461113109773,-0.0034357668657738665,-0.06099112923300771,1.4482012224504122,0.03477355812052578,1.8716634813007023,1.1760414290689964,forward_head
16.54,-0.3202032274092704,-0.11691981721179515,-0.03582031444159344,-0.004301378992855792,1.6054451333837498,0.03700597794520728,1.7775791364671247,1.0992550898114362,forward_head
16.56,-0.35267869152995485,-0.12060345174643106,-0.019902731751211357,-0.003344687695352439,1.5131289915117538,0.021115332545531194,1.8203073184109828,1.1756936563819365,forward_head
16.58,-0.2933831617738131,-0.13560180544257935,-0.018183531226843075,-0.04819681084597629,1.4954424719486474,0.026927203965416563,1.9550304681450212,1.1126144437413699,forward_head
16.6,-0.3304484940040285,-0.14676432223141092,0.0007327874155761611,-0.018138570346502753,1.6176019323282067,0.036827461681175365,1.8946147233978505,1.161126937972655,forward_head
16.62,-0.305790667521876,-0.07072535439594302,-0.04757618512455555,-0.024677601302954908,1.5941992804498109,0.03262133588643788,1.8396152417514562,1.2189284372878828,forward_head
16.64,-0.3235227727064922,-0.11513160369093099,-0.01267456362643533,-0.004969773341527302,1.651678768385329,0.03070067490313459,1.928780809897325,1.0809264295065635,forward_head
16.66,-0.319118842378498,-0.14750926860694288,-0.01652500066303792,-0.009780088277039092,1.6838883810976462,0.02968309322131066,1.916309376725047,1.0695650394637544,forward_head
16.68,-0.32298340873178516,-0.1040130699314125,-0.016374153545809903,-0.003180364108252227,1.6820592738932925,0.031176311682095528,1.9406009753301212,1.1353483877135668,forward_head
16.7,-0.3079036945057318,-0.09397601133146435,-0.011430502550481081,-0.010667643668117018,1.5791594036287109,0.01889564943443555,1.9037964798830294,1.103040851961134,forward_head
16.72,-0.32704356654337596,-0.12547692971418328,-0.00035456686688319127,-0.025612149473633963,1.7057516069274326,0.022198841570205376,1.8075061508184256,1.07681589621565,forward_head
16.74,-0.2973695359625785,-0.13562354734779927,-0.021015725220427554,0.012367045909654942,1.8027110532728192,0.028417800854591127,1.7832231132995437,1.1639704821583834,forward_head
16.76,-0.34903622113260224,-0.14351600623503177,-0.033931178238560636,-0.016815028423799793,1.7151101481854036,0.022656821412760347,1.8812866994723632,1.1577849041947648,forward_head
16.78,-0.315658974017482,-0.1044765446866937,-0.016427927924566734,0.015416629539775965,1.5637712903243868,0.018242694643877344,1.748813955673546,1.1467664044755101,forward_head
16.8,-0.32485404612525803,-0.12952067049538338,-0.02383569267537555,-0.025195396025344922,1.6618975315555649,0.03690076246038167,1.8870151848440309,1.1608527121104428,forward_head
16.82,-0.3056744457203079,-0.11475949630332992,-0.004443743119343945,0.02786623052794229,1.6044275532334522,0.04325294216170446,1.8565859981492343,1.2839023414034487,forward_head
16.84,-0.3476589339452122,-0.05822158276259955,-0.03029835437573223,0.006542120061958278,1.7061523553388347,0.02771750957533941,1.7998257694625013,1.1365939885652818,forward_head
16.86,-0.28451509795343677,-0.08410587747515935,-0.02923695107428201,0.00902512413183827,1.6211933606774265,0.026541793797078578,1.859898536808617,1.1758373280217918,forward_head
16.88,-0.317196390253804,-0.12485486530171361,-0.0154359117326027,0.023529795852260494,1.6445423108764163,0.02909369863702195,1.8673828770193266,1.1417379195899493,forward_head
16.9,-0.3174866394835946,-0.1360965812881089,0.006716712598756361,0.007281207823055989,1.5809443595563029,0.0205390217475769,1.747557531356933,1.1208398494525988,forward_head
16.92,-0.29854587009600686,-0.1296325011115434,0.003650949152133169,0.018490017143227015,1.568159325286446,0.026390525172993985,1.8758078534924691,1.2128052635779125,forward_head
16.94,-0.3238312439897236,-0.10221323097447398,-0.033736314907067064,0.022536499139418374,1.686352719095546,0.03284673352502527,1.8251713394839368,1.200660475662538,forward_head
16.96,-0.3024826551936524,-0.11868936084632677,-0.015501908465470598,-0.005058247748398282,1.495689361251558,0.02646105767557143,1.8730354113233232,1.0753103266090918,forward_head
16.98,-0.3645568245756689,-0.09906686902564245,-0.03207450295613458,-0.01062695464242841,1.5482087851114295,0.03559046580479684,1.85286764500448,1.2396643324653849,forward_head
17.0,-0.321275384281858,-0.08728529447053249,-0.02480479436637957,-0.0014851868710545866,1.8318219384805072,0.017629489330440354,1.804361237722561,1.1054872229845019,forward_head
17.02,-0.31468525496250943,-0.11275637342822202,-0.021911838383605796,0.01297035581261732,1.5904404802452514,0.02518384115790634,1.7867085067000448,1.1892525121915718,forward_head
17.04,-0.30894532643859673,-0.12363290708532024,-0.00020449816983372053,0.0070876007572395466,1.6693840936932869,0.012663849836326964,1.8360753218385673,1.1148005170384612,forward_head
17.06,-0.29883412422440414,-0.12152290829504826,-0.012011451968206015,-0.018533869034907762,1.6938020900485118,0.030452352569294315,1.929528292187558,1.155458195697006,forward_head
17.08,-0.3266094317625891,-0.12811695815850896,-0.0045097424928814646,-0.007287518743235689,1.6731277168561751,0.01117837159842343,1.9423627183872127,1.1263821324289176,forward_head
17.1,-0.27324232419747196,-0.11770463670126023,-0.054304951815803255,0.0017015002995770538,1.6159974919065518,0.008023347164625683,1.9464459125987474,1.1942718069610054,forward_head
17.12,-0.31429891931068615,-0.11317750854949757,-0.006135985010924228,-0.013898630802136309,1.5921872213760413,0.032107134015143084,1.860290269269908,1.0841579613308652,forward_head
17.14,-0.3186135335205218,-0.09401014752101092,-0.033803915665288634,0.0006307002992116395,1.6942697222890417,0.025568393799028706,1.7894215225043284,1.18343789428233,forward_head
17.16,-0.3233706551763835,-0.10558688290031716,0.0141596347132987,0.023519564766086618,1.4473085886793646,0.03655901565705926,1.876772673089135,1.178459286364397,forward_head
17.18,-0.27291608091460395,-0.09330959163343884,-0.016023836817975003,-0.03027763383388674,1.5918038383842112,0.022396588613395794,1.8772688114006948,1.1009980843224068,forward_head
17.2,-0.31040706555690806,-0.09296151123532084,-0.015865288594353762,-0.014936398525207386,1.538160076695941,0.021400699702424503,1.837044251180153,1.2586705724564555,forward_head
17.22,-0.3589886202040193,-0.07063771813245778,-0.004307762873464605,-0.020092153621816867,1.7211781779570097,0.00720858406884452,1.8685882879697604,1.1742011620083697,forward_head
17.24,-0.3422883036197529,-0.14016340021505838,-0.0015680591797419528,-0.016213126496919895,1.6355455536409584,0.027697623428100736,1.9222475695969252,1.197352265355302,forward_head
17.26,-0.3385383166916073,-0.09240420743559287,-0.019115879733433403,0.015524775269631474,1.580732601700031,0.0022636666915175833,1.8731733518050455,1.2784401564984347,forward_head
17.28,-0.30337953369955967,-0.09931443555037309,-0.02116120054954061,0.014329658694464549,1.7311787584989748,0.04085652020019791,1.8452083866964963,1.1181981083480819,forward_head
17.3,-0.2894078064457148,-0.10663748111371618,-0.02237399948490747,0.004633783691397184,1.5871721261935516,0.02043446375335621,1.7886230922489592,1.1456025945439365,forward_head
17.32,-0.33030356677707934,-0.12136677759473884,-0.023006074001651028,0.016748479357923274,1.755941804057059,0.024321378691589676,1.8677686758756988,1.1854907917854212,forward_head
17.34,-0.33381027397350854,-0.14009309805889886,-0.023649993255590626,-0.009061044751182717,1.4926878428909662,0.04287119046507126,1.8413866858630359,1.1496449712452157,forward_head
17.36,-0.3002968523039478,-0.140038487323478,-0.020005720594873388,0.01200184070991306,1.6029129972783251,0.03381153576118572,1.8604970588441632,1.1988484780948763,forward_head
17.38,-0.2968085766919017,-0.1411632226829341,-0.006712021603628708,-0.005821516775632021,1.6099616895412898,0.04382759909281126,1.8569976660570258,1.22204796438119,forward_head
17.4,-0.32882992602854755,-0.10401136223356833,-0.031808742465653704,-0.01529146704012295,1.6160922818707864,0.010506734303669288,1.9490558271670442,1.0204234992686156,forward_head
17.42,-0.3209253741832787,-0.0940030123546491,-0.0063164100964136,0.00045954151270589965,1.5883657574665917,0.024262586671895715,1.8231234483354268,1.167025516559911,forward_head
17.44,-0.3151060339386602,-0.1032809986265442,-0.0155605564090719,-0.005093775512944128,1.4322871052910426,0.0205385935704503,1.814128219889411,0.9381616465601226,forward_head
17.46,-0.301179741785069,-0.148874889061287,-0.016403563990348115,-0.007543572740913037,1.6260997129498007,0.02026310547375603,1.802157900386594,1.2193441110086334,forward_head
17.48,-0.3154202174769554,-0.08540407178406577,-0.0323886284403777,0.016999447050245222,1.5598178292116245,0.040602069291675945,1.8694587819568054,1.1073277626637572,forward_head
17.5,-0.2971833177230949,-0.09864071886198914,-0.0333223321218099,0.0015707783386177323,1.5451258977796158,0.03118919908746621,1.844198386650513,1.146190617944908,forward_head
17.52,-0.31330994378647875,-0.10447762323555972,-0.015105315475850702,0.020298798489812437,1.6528806167874641,0.05564594795042297,1.9374806549697845,1.2507452640608183,forward_head
17.54,-0.2974961688716557,-0.1274096768091686,-0.03821107447479256,0.013480348122805439,1.606797684232584,0.03384286364684266,1.838045649926078,1.1751644526187162,forward_head
17.56,-0.3081518048851772,-0.12513275567853768,-0.020332616258224533,0.003202854631664319,1.5427466260462137,0.028052408028251482,1.876652131919603,1.1831939176297346,forward_head
17.58,-0.302059607881335,-0.10415741092880285,-0.009739293033714366,-0.022188055591938833,1.608991872975182,0.029788454227720248,1.9629342635980804,1.188853288990054,forward_head
17.6,-0.2824560791598454,-0.08325408075634504,-0.0357321064803079,0.004232543443296725,1.575191589519179,0.016483724063831542,1.8064962833326836,1.0940544315621141,forward_head
17.62,-0.316342585735106,-0.11419318215441837,-0.03423750707511515,0.0023688579476650127,1.5453739473331,0.01932497884827542,1.9151172239492713,1.2040988611004821,forward_head
17.64,-0.31092982577969863,-0.10291903591708147,-0.0012259241193754386,-0.005449766354825194,1.6492258368298724,0.034156357965917095,1.8724881553967694,1.1889052481779958,forward_head
17.66,-0.33492658362064504,-0.0932823742231602,-0.018579696686992976,0.022708216451599542,1.6019082930986146,0.04527530842890371,1.8477145281146998,1.2057276360749936,forward_head
17.68,-0.3279808315432829,-0.14369360729922942,0.0001937486388141738,-0.01797864476059906,1.6145013124563439,0.03241612432804673,1.8067684001134299,1.1670850735270593,forward_head
17.7,-0.310443518877215,-0.12675665091402638,-0.030849656211349098,-0.010073883393391,1.5738012988846264,0.043370506263807625,1.8707862850750452,1.0766700583502047,forward_head
17.72,-0.305514871747048,-0.08248983828281273,-0.017719306614740558,0.01267101259343235,1.5719224394613152,0.034200150545128254,1.8951700156680216,1.1868180194279618,forward_head
17.74,-0.2787554942366641,-0.09529176749395743,-0.016659174089919834,0.024921450939176668,1.605891604672344,0.0317548069491754,1.8744639648988701,1.2133709768631566,forward_head
17.76,-0.3435719020343071,-0.14591696370072282,-0.03882563148886477,0.03321162813674329,1.535930681825518,0.023302449293582963,1.85341308150146,1.2471293675784312,forward_head
17.78,-0.32306439917338503,-0.12011053703373258,-0.023627494541634483,-0.012424972675350587,1.5736154587144622,0.03679715152161128,1.8050562822956089,1.0789702038511608,forward_head
17.8,-0.3227903751952528,-0.11848098648148216,-0.02642072595241406,-0.004065192850265993,1.6072045859930826,0.03334367707386681,1.935266929494212,1.0611774197122237,forward_head
17.82,-0.3049952241151363,-0.1149219300263157,-0.001582638507960758,-0.0014989306231216852,1.8564683906238946,0.04248411871161196,1.8325297996896577,1.1596602879992115,forward_head
17.84,-0.3412437655649114,-0.11354040833388723,-0.022631708823715676,-0.02008759217997811,1.562156001069199,0.024852022095693017,1.8921623364284181,1.1336009860837675,forward_head
17.86,-0.32626003074874566,-0.135532227432544,-0.015303370673865056,0.0053070043357082465,1.480926767319744,0.032356303422470194,1.8415534084094924,1.1914939902105013,forward_head
17.88,-0.33469229757707775,-0.10637383376409552,-0.010910665272835223,0.002339961752315131,1.604307467540756,0.020475000249236246,1.881753176175867,1.0885490894796646,forward_head
17.9,-0.31446704002183373,-0.1452051556326788,-0.021620281070983922,0.004472205866247185,1.753319322609321,0.036508334387346006,1.8795968438361246,1.2636015194042811,forward_head
17.92,-0.29627865171581036,-0.08672257091039111,-0.01836979755328882,0.0017361268315031256,1.6373877200232665,0.02927363896731361,1.8759177531466307,1.0368912286637118,forward_head
17.94,-0.2988172937475898,-0.11251384309544159,-0.01670754163693326,0.02214948588372863,1.600800617197963,0.04986903530261607,1.762796386696714,1.1187140994226137,forward_head
17.96,-0.34471329203255635,-0.14504163243720614,-0.025607841490792926,-0.007826863188103992,1.5705424517452542,0.03703194470888744,1.8723646739825104,1.0550468257581218,forward_head
17.98,-0.330859794530214,-0.09249975525389377,-0.04631956118401614,0.01119594545275504,1.5949063386858795,0.04478061802890105,1.809666196866779,1.0867290180459084,forward_head
18.0,-0.3234811289007783,-0.11145076637375581,-0.006843959291490651,-0.013631072430727975,1.5743389687497389,0.022482911417464186,1.7710787919936486,1.1122014121529764,forward_head
18.02,-0.31364282770373453,-0.11280278197563655,-0.059310313424648486,0.00506837963527811,1.5552345469521747,0.037960453007700054,1.7453774418999186,1.1942658367018715,forward_head
18.04,-0.3071312491293027,-0.0990646690091319,-0.016934827560298404,-0.025630466784000213,1.6980235062603575,0.05047745974766201,1.7750053159642372,1.145498591956714,forward_head
18.06,-0.3686591172897371,-0.12805898057361373,-0.040220130784834864,-0.015573164101194213,1.5094745353277828,0.04103430009673241,1.8297016394307273,1.166704005492464,forward_head
18.08,-0.3516213127653261,-0.07295583966196403,-0.01809819236824988,-0.007435896713592353,1.4140297328618645,0.042265371853274177,1.8861336519019323,1.1278356551914142,forward_head
18.1,-0.3301886109670758,-0.12301707070869915,-0.022269139827720448,-0.0005743766154104047,1.5485825440674805,0.02564048920529211,1.941343307734444,1.261319890548519,forward_head
18.12,-0.2899290309730824,-0.13597997050172125,-0.00959766192953655,-0.001132852872965073,1.5581334067890105,0.03721730899340382,1.8713017480092122,1.164468453452577,forward_head
18.14,-0.3342948017542969,-0.15173908035962635,-0.013907274500403693,0.03520028099473889,1.596469171536654,0.032716977531645645,1.954847680619759,1.2545720521154637,forward_head
18.16,-0.3153372098316534,-0.09581133355889368,-0.010526804922184135,0.005493562927076503,1.6502462444762376,0.02322335715825053,1.7937563006684254,1.211078982850386,forward_head
18.18,-0.3541504731536795,-0.11458939028130476,-0.010290439762370823,0.0026045028497279337,1.7069590342838472,0.016395589913869968,1.738794807799254,1.301755748048242,forward_head
18.2,-0.32533459245433133,-0.1043757476163621,-0.021047665161922257,0.022501667957064705,1.6632660723134334,0.03376373963407673,1.8435393635679527,1.0095576778457704,forward_head
18.22,-0.28962027546807584,-0.08998090142158173,-0.011920204699296609,0.02518887683048082,1.4918345833466415,0.019333829330943082,1.9427751603759316,1.155596189277634,forward_head
18.24,-0.33475975746953424,-0.13265354435073268,-0.0235592891738343,-0.0013664452831624824,1.6306868055616355,0.02643163433177374,1.8394964854525246,1.1315727246454828,forward_head
18.26,-0.3289234298353914,-0.08781031191921176,-0.02321783477005738,-0.005713182007449714,1.4838086145507803,0.021817494510153395,1.7935296105805263,1.221484794497639,forward_head
18.28,-0.337551484336289,-0.10517420043833227,-0.003281956533385552,-0.012472521794612806,1.6016685266718345,0.031916385037543966,1.9231112602985876,1.1583785404214029,forward_head
18.3,-0.26755717377820937,-0.10986914438577589,-0.02158812741795017,-0.029860960416695392,1.6471066217022434,0.044416640427419544,1.8451103304079641,1.1236752833294756,forward_head
18.32,-0.30020541838207815,-0.17179240109153757,-0.00268164604875556,-0.027471794918897723,1.6841358575402565,0.040358149547448735,1.7695883598399786,1.1098866894537454,forward_head
18.34,-0.28860534624994216,-0.10532460846583913,0.029880518904938664,0.008071484664775322,1.5907561351534916,0.04841983673717678,1.8896446082794582,1.12876435966034,forward_head
18.36,-0.3216154755997239,-0.10229555095363625,-0.017812781506061623,-0.006942244855505868,1.6626263327633635,0.030370850910376345,1.848998946368515,1.126527462619692,forward_head
18.38,-0.2614200097712811,-0.14413052770077442,-0.03171540041964877,-0.01273027509352935,1.5133184122246541,0.03662752815796193,1.857594373149301,1.1676334047214392,forward_head
18.4,-0.350083957352864,-0.12861527366064004,-0.01975332054345017,0.018695509948965783,1.6748791801882577,0.046824865404305985,1.7869108192938095,1.2593599271123739,forward_head
18.42,-0.29997162922815374,-0.11565617684032448,-0.023377680380788107,-0.009901124247962799,1.6089708075494011,0.028265301927336173,1.7871447673731904,1.1970595572224814,forward_head
18.44,-0.2862730278577221,-0.11038330678345891,-0.020644925770306265,0.015849624682571176,1.528456698250296,0.04686767530140171,1.7545220819140648,1.220884016535939,forward_head
18.46,-0.3119285318167452,-0.11636177090482253,-0.034657101912649604,0.0012333484491792164,1.5982718570410115,0.03027854511495794,1.9026053884688545,1.2106567297270043,forward_head
18.48,-0.2892396561014021,-0.10777554788392905,-0.04418717508626267,-0.020380223888212392,1.605621346589032,0.041908346539229015,1.9048976443345749,1.1904757025040786,forward_head
18.5,-0.2902817847833645,-0.09225667621719272,-0.05516236420188366,-0.0038094248454945048,1.573339287424177,0.02803869829357289,1.7799341059035267,1.1379881094882665,forward_head
18.52,-0.3247271940821528,-0.12821311097867924,-0.02260379577528135,0.011241521485012528,1.6517256189542153,0.026225458082663272,1.9231627697385962,1.1307222968212134,forward_head
18.54,-0.30770632927564445,-0.10810769993582252,-0.028560827115224643,-0.008515014620887872,1.5202220629509242,0.006152297952362081,1.7071667904046088,1.154546849386958,forward_head
18.56,-0.34404710803200633,-0.11385736981034983,-0.031629782108597404,-0.0025515434124692795,1.6661655847748742,0.02690312056211,1.7434549048710062,1.2119980201577332,forward_head
18.58,-0.31828983382843457,-0.08565970672184206,-0.003804737475211764,0.021125753766610737,1.427690612341744,0.01577163156020494,1.894657910562626,1.205713896640818,forward_head
18.6,-0.3280844695729136,-0.1500328402885189,-0.0009904055310864905,-0.008477829566172245,1.5284885531591887,0.029604342057045818,1.7972838617434348,1.1860232537424782,forward_head
18.62,-0.28398953134896976,-0.11341911456101159,-0.013770471194974284,0.00019881623050010106,1.5571402897474984,0.01700282586371147,1.7858127228855576,1.1168859567351066,forward_head
18.64,-0.3298404308525804,-0.12893882191177614,-0.011930630155212662,-0.009331653199671813,1.5391398250427752,0.045692331833376926,1.8266468885496736,1.1414146368132174,forward_head
18.66,-0.3245253881263255,-0.07730685292851154,-0.033550410379331645,-0.014782057353990529,1.5739688890828285,0.026088398033210062,1.773111320258609,1.1387799855598177,forward_head
18.68,-0.3355619858412722,-0.1485168026152145,-0.006719955979518327,-0.007266171205596534,1.4214185165192461,0.02141035250940083,1.921731042513289,1.0825912495805,forward_head
18.7,-0.3370688843929915,-0.087135657515282,-0.025777144602195972,-2.736601439809502e-05,1.616173802580046,0.048486702040234156,1.8348754089427743,1.1766864039095655,forward_head
18.72,-0.3424053627724808,-0.14364220851750212,-0.020341661041520243,0.024557670741456934,1.5167669001671977,0.03622722296895935,1.8298227834621703,1.2236578551711121,forward_head
18.74,-0.3456526178706563,-0.07875105045301636,-0.02834154772655537,0.0020186124933233756,1.4841901356660083,0.04243369615642655,1.7507132938858232,1.1876327890197407,forward_head
18.76,-0.3220104523935443,-0.09739217339069275,-0.02002953856437216,0.012394751199669827,1.6457049199680622,0.028997740003954362,1.8465506661741482,1.229671503248776,forward_head
18.78,-0.31769709603482427,-0.1197715087332734,-0.024384213916348572,0.013883026115363257,1.5316216134180323,0.02003455099361235,1.8961177009401244,1.1865239510980814,forward_head
18.8,-0.2859442349661821,-0.10267073074752145,-0.027864368351928456,0.017408751238205736,1.648142015237118,0.0406002631801274,1.9315244963078222,1.127330248187633,forward_head
18.82,-0.30807886150163893,-0.11635568859981187,-0.007219143206198169,-0.015396851194409257,1.6158025513343932,0.029563503847363958,1.8985474425566995,1.1046053730052052,forward_head
18.84,-0.3112208210956389,-0.11056874786176767,-0.044517213679161574,-0.004633839813819081,1.599028264093227,0.03199371513947158,1.8282876639609924,1.1292431071764697,forward_head
18.86,-0.26922301219930006,-0.13356415607264438,-0.023309306926895933,0.01920002250585805,1.5637764357123543,0.03835138253802316,1.9145275501878638,1.1618484855417404,forward_head
18.88,-0.31233167590470895,-0.13663466168319988,-0.02814631787713749,-0.033858581666559695,1.7183991844672537,0.020462697168520377,1.7370310829624909,1.1839359052958296,forward_head
18.9,-0.324720005168326,-0.10711751769169812,-0.00902155265480973,-0.003631738331336733,1.5739794720234221,0.025671767753130348,1.8021410142824696,1.0599626800866326,forward_head
18.92,-0.2883982745564547,-0.09248463111368713,-0.01969559178570564,0.007302678811085198,1.5043644729185652,0.024167137068583328,1.8511490902127208,1.1209321108292538,forward_head
18.94,-0.31420923959226715,-0.11537027051326477,-0.03271092913631452,-0.004560721662239964,1.7054764898693366,0.032239491946410646,1.7588109166349968,1.189386054827074,forward_head
18.96,-0.3367327127052369,-0.13004612156475273,-0.0019275184791572625,0.008309204538397601,1.6200953676371292,0.034389010453584036,1.9148451444094219,1.2441719282898656,forward_head
18.98,-0.28888482733958976,-0.12745188033643898,0.012073110247155771,-0.0016825327509400268,1.7543238113773547,0.053161911310151945,1.8704299043517596,1.143405638853315,forward_head
19.0,-0.3053335667760873,-0.14150624862235398,-0.03572025683684328,0.015715158181909706,1.5689807170547798,0.03772082374013818,1.878731484914282,1.1098598123050492,forward_head
19.02,-0.35234431802628396,-0.11902589866862685,-0.018006358995125992,-0.009993188450900395,1.401471175737211,0.03286108743953175,1.8240118675296637,1.1106871929629867,forward_head
19.04,-0.3311631275896961,-0.12901610160174642,-0.01076104395689744,-0.009982614394998564,1.552107083542616,0.009406329706107528,1.8679940431236748,1.0989585832180593,forward_head
19.06,-0.31973853161241395,-0.10215695906803608,-0.026575774444485355,0.000755231705288886,1.6725354706353852,0.025657926742149496,1.822610553376449,1.124340151390183,forward_head
19.08,-0.3250007232526244,-0.10705587072317009,-0.025608733581884934,-0.0030965383237765887,1.6876566625843565,0.021210169828795818,1.7878004641165894,1.0346675372528795,forward_head
19.1,-0.3099061815797906,-0.1297301479185868,-0.015551462461737728,-0.0045256094392834715,1.6024768346431248,0.019116796598337416,1.863711814162885,1.177155805064917,forward_head
19.12,-0.3295138040422643,-0.11140529603578163,-0.008469715531491206,-0.008139373393952279,1.5573391821408171,0.022615184286580572,1.77583758389061,1.273440211692542,forward_head
19.14,-0.30189321508143735,-0.09618560567252707,-0.014983088174850586,0.017241356661026906,1.5293460433009325,0.020568348655458053,1.8672952150945172,1.0804265396444253,forward_head
19.16,-0.29574611404366674,-0.08104460530480653,-0.003575912932083156,-0.011577785572759777,1.3921555510778816,0.043064283722578464,1.84881170963202,1.1747762924871696,forward_head
19.18,-0.33878302087295775,-0.10444881796681847,-0.023525482830080997,0.018833708665628033,1.7035545680588802,0.02805282679191484,1.8601572075691648,1.0959266338227018,forward_head
19.2,-0.3003754707231455,-0.11787823712477433,-0.038352126507069366,0.002630213004957072,1.6430367919211901,0.023415847232420284,1.7995422705209654,1.049483978464326,forward_head
19.22,-0.3024696003235396,-0.1353661874566237,-0.040565383495513745,0.029310265157328725,1.6349658579993853,0.03359153143738801,1.7962532397645932,1.1342917902264484,forward_head
19.24,-0.3233616248847233,-0.11550079046439879,-0.029556269354820475,-0.011648718403028975,1.6448426408120744,0.02737470229852172,1.8287364202711665,1.0909692129730941,forward_head
19.26,-0.33125571035179097,-0.10728592754444392,-0.038037279315232375,-0.007131049014711731,1.7035728413138793,0.03573112170064047,1.941267301393241,1.1637591086725698,forward_head
19.28,-0.2897045902349158,-0.1365442380192935,0.00029773830909443465,-0.0006208075260195239,1.695177172926319,0.0393022430874859,1.8585283098493646,1.1749842460087128,forward_head
19.3,-0.3351634838057694,-0.12757734813733815,-0.0326950415595751,0.016758080993129996,1.6123476826013101,0.0253437409321705,1.8665296362081834,1.2375712687684624,forward_head
19.32,-0.3614904566460564,-0.10498011959771575,-0.013321185239821084,-0.003730692143316322,1.6288230010838172,0.046181235509176376,1.8336838414697065,1.1939608697377826,forward_head
19.34,-0.3067712200263848,-0.08890300241812754,-0.0025838403368591213,-0.004473935421222202,1.6174731852317665,0.020382571834981565,1.8364238304691964,1.134560427860671,forward_head
19.36,-0.3106123003054648,-0.12152719238023427,-0.024328758761482633,-0.0005495281193855755,1.793136522284503,0.024545969971115612,1.8028765184226945,1.1151057609788295,forward_head
19.38,-0.30384819368000193,-0.11642281582359257,-0.022922541119231067,0.004740181103443113,1.570704245449304,0.01982164862601012,1.8233957159790644,1.0814861457487135,forward_head
19.4,-0.3572599648402171,-0.10746853543436691,-0.0343431203533828,0.006771239650898389,1.7776333143820207,0.04385680887312061,1.8034434241076593,1.2348578835030393,forward_head
19.42,-0.2933261299457627,-0.10872158201549736,-0.00237487848715081,-0.008392463717144768,1.5687812152830376,0.020684816354816334,1.8483589095563293,1.1917412475552742,forward_head
19.44,-0.3353210195187488,-0.15546513177222002,-0.030010130177097975,0.012158968245770955,1.6137806001601083,0.03129715337412605,1.853230443586357,1.1853897611897102,forward_head
19.46,-0.3312228444633109,-0.10140396274207127,-0.03126057160487621,-0.011337362476458359,1.6960102941762742,0.03578155920101361,1.849068864386456,1.1594281498959225,forward_head
19.48,-0.3058388409151735,-0.1133087250952188,-0.02113834348914699,-0.008008816318159378,1.6644967699473805,0.013400340912704364,1.8515288303749793,1.17372865899111,forward_head
19.5,-0.30713253056783774,-0.11384625181053781,-0.04225750535038752,0.004571961967282153,1.6676087742235615,0.03461202651801125,1.8237697677682978,1.1711706234889478,forward_head
19.52,-0.3246943991918431,-0.1248472248347078,-0.020081743146935047,0.007541905951722418,1.6331463240914412,0.02210803190449337,1.7633742523725466,1.1606337518295997,forward_head
19.54,-0.3064025775847307,-0.11015884880864833,-0.038592875372510604,-0.007173151342378374,1.5917922780480749,0.040303270974309996,1.918937392412654,1.0975552400923239,forward_head
19.56,-0.3268367468074419,-0.12241750553010979,-0.03583652034666952,0.002341691074417957,1.469531115050428,0.019510688114962805,1.8607021054439936,1.1322477693277768,forward_head
19.58,-0.33150080230448153,-0.11312914687746385,-0.01585254671877702,0.005924505823207421,1.6438195185097138,0.038185566488641784,1.809029224338833,1.0806844602599122,forward_head
19.6,-0.2955315158803074,-0.10713497629442383,-0.022610957168024904,-0.019666955410722577,1.5276320965781935,0.04836482567991123,1.850717213018184,1.2490457539474782,forward_head
19.62,-0.31391672561050965,-0.11499300436875337,-0.02279568090548468,0.004352625763434927,1.6182429569716077,0.03239051763929556,1.8407381253400976,1.246148986592981,forward_head
19.64,-0.33052596929381167,-0.12586043270467323,-0.015568011641103902,0.0047933546866662175,1.5211644023684119,0.035757088773325015,1.977663976277585,1.1323825283905142,forward_head
19.66,-0.29338966167167624,-0.10216615170867753,-0.026885498589391398,0.009381614676478255,1.651091334410423,0.027580758362002522,1.95607413760544,1.2380119728475374,forward_head
19.68,-0.3143855953526341,-0.09479513424157335,-0.03914340740264458,0.006721972880424428,1.503314377647819,0.03796795234003353,1.8965730924877247,1.1925812308633306,forward_head
19.7,-0.33177327253381916,-0.11821616007240991,-0.04797374610792541,0.014625802358006323,1.5800967355954898,0.016000406844092915,1.759657781326024,1.2145901974910052,forward_head
19.72,-0.2906985181606921,-0.14311043862209083,-0.03995093144343707,0.02839968710750885,1.555759082668624,0.03743995515104079,1.8280493147315247,1.0310198538225752,forward_head
19.74,-0.33070786912486616,-0.14247676027924183,-0.015104675191318877,-0.015210254302626874,1.5137986724258188,0.027769112009880324,1.8002188874700948,1.1723692334000024,forward_head
19.76,-0.27182101029880484,-0.09837023081682884,-0.02420326078217781,0.00091754126449442,1.580904259883968,0.011821325349380239,1.8305400636033735,1.1542729432092662,forward_head
19.78,-0.27050742710024905,-0.14159753186260912,-0.037381733495036984,0.0031215086828069614,1.4564056727932255,0.038048673315066325,1.7192517597874626,1.197129210354876,forward_head
19.8,-0.3042808175993234,-0.11146956878542877,-0.030828075466215722,-0.009870133435482454,1.7540708808157197,0.021349939620771488,1.812450401916793,1.0924004362340278,forward_head
19.82,-0.32178947497250193,-0.12056084380930526,-0.013221545617631185,0.020000403455254317,1.6763806936815084,0.02854347415092333,1.8239639773624965,1.2677214474779261,forward_head
19.84,-0.34346010989408476,-0.07270026540163461,-0.035107442259686254,-0.006583885298425478,1.4865591478402118,0.05109329783725673,2.072387669963277,1.1871532854950326,forward_head
19.86,-0.2802085359446336,-0.1261728699259846,-0.03603728272090611,-0.014140464380488374,1.6388312199964634,0.03275598228856866,1.9602087669164356,1.0107204446406697,forward_head
19.88,-0.3168785894932917,-0.110898367043894,-0.0010635358764064854,-0.006498169759631144,1.6793969311983301,0.03887360486320651,1.8842185602656185,1.3238543910753242,forward_head
19.9,-0.3265968871516676,-0.11143036298798474,-0.037532507121985595,0.007371335225307327,1.6616609202249366,0.031113206796017662,1.895964736954505,1.0931661126765642,forward_head
19.92,-0.33281081438682786,-0.11024593498573564,-0.010791214180524982,-0.003332855809310951,1.5397092756187072,0.015168477631096427,1.9029390618696371,1.068781463345505,forward_head
19.94,-0.30972638847979994,-0.12009704157745736,-0.0268634704664304,0.0012759539721314053,1.5613929990833308,0.02444389011164273,1.837505463982241,1.107845236771929,forward_head
19.96,-0.32785364712066245,-0.10809742940727596,-0.04062935442541422,0.01344423048148945,1.6096417533298486,0.026844966214067133,1.943258400566917,1.0202581970550146,forward_head
19.98,-0.28373691690602826,-0.10917204604372568,-0.013746600894740606,-0.009731910544687708,1.6823534733459702,0.030685546961972846,1.8166490107053663,1.0976978993711437,forward_head
20.0,-0.3260114803223926,-0.1444894067175305,-0.01700605782674341,-0.020743647138165837,1.5585431052130316,0.04330555748355339,1.9242460470341454,1.1828657173334767,forward_head
20.02,-0.33315294433674086,-0.1317577240769699,-0.015425423767749477,-0.009277408979127027,1.6102158513056108,0.008579759401186047,1.7925354364977601,1.0228983114859658,forward_head
20.04,-0.2926488535976101,-0.1259741667522174,-0.022299969707581944,0.002935855320316188,1.5942629870130447,0.039581829700060654,1.8466415092909652,1.1169799734165209,forward_head
20.06,-0.32626044260606635,-0.12751494384055087,-0.023798404759515862,-0.023215205246020682,1.5201948567390087,0.03705724125598156,1.8588440552588672,1.168555092918619,forward_head
20.08,-0.31195542567810497,-0.12481305657671994,-0.034180222744377674,0.024107440163760534,1.4254255083365792,0.04285550900415575,1.8325097042520018,1.1119810412195574,forward_head
20.1,-0.32904687626510903,-0.10579201050368431,-0.018988316800642956,-0.002948360125907667,1.6555504092209568,0.023012546743153544,1.8462658742355658,1.2153411311626983,forward_head
20.12,-0.34435657164629613,-0.11554508512425803,-0.035463396056443344,0.019552522867742773,1.6373999279980582,0.04727037836339592,1.8558938812191532,1.1325091381640684,forward_head
20.14,-0.3541890225780467,-0.09456812979911763,-0.01838361893278805,-0.014507311505568932,1.5817915943003769,0.02241314627869725,1.8181007655714907,1.2742476868733563,forward_head
20.16,-0.30714757395587744,-0.1138385930652998,-0.0036809647215455777,-0.0212704928748295,1.5428930900320907,0.021440973259437873,1.8537314215816818,1.1036684473391158,forward_head
20.18,-0.34149232224703807,-0.13739768717616993,-0.029314698635606005,0.0022857928067696776,1.7066186985346157,0.040627081561107926,1.8349991307945013,1.1442998221430885,forward_head
20.2,-0.27670134833859616,-0.144754887219377,-0.022796912170244626,0.010838032276715447,1.571005744285358,0.01653506687726679,1.7936135749041366,1.2752251622664899,forward_head
20.22,-0.349103854451889,-0.12588720349206808,-0.025117587654318294,0.011277310391848542,1.4788805058883998,0.04156405624251979,1.7662887468048527,1.1991409445967103,forward_head
20.24,-0.35954613396327123,-0.11435839240799799,-0.006916522810206714,0.020181698803660518,1.8394493022355276,0.045986420548355875,1.7913293240100399,1.1259778051709644,forward_head
20.26,-0.32332563432927786,-0.12023108589323953,-0.02056917614528372,-0.0013637456494438992,1.5803386878700674,0.017570865074983594,1.88240713565542,1.1918386566615282,forward_head
20.28,-0.33503178599908456,-0.13422762604991148,-0.035049523536337564,-0.004321621287950744,1.5282279537125694,0.022756645706640113,1.8101588838033613,1.243708824805326,forward_head
20.3,-0.30371262471958266,-0.11378980819469499,-0.03165389334248768,-0.0011642789620344212,1.6495505628619231,0.024507894376446498,2.048798311986547,1.203701163038955,forward_head
20.32,-0.30275165163546347,-0.12198863298219612,-0.009841879717567715,0.012582512800241107,1.4361018995162984,0.023874022493359664,1.8429466595859962,1.1839995525733649,forward_head
20.34,-0.3466891929962319,-0.0995601094387476,-0.017769715810230714,0.011038607144933973,1.5553081799812014,0.03484702234161122,1.8894085092915105,1.1389298721267085,forward_head
20.36,-0.3198504706671773,-0.11619253899981442,-0.012020628422453387,-0.019634349843059392,1.5466634624724196,0.030629404560759806,1.8385109233357209,1.098736333570521,forward_head
20.38,-0.3027109595933556,-0.11599111244834963,-0.012120138234621781,-0.01925078185487771,1.545906551035747,0.023465570483605622,1.8269850849362315,1.1659522284253216,forward_head
20.4,-0.35061477353227527,-0.07570404189786809,-0.02927966421177347,-0.008563224823515363,1.506797526356047,0.02159625559942969,1.8757860409557225,1.177035379736404,forward_head
20.42,-0.3023506606926718,-0.11749761200823487,-0.024877432667643837,0.001521633728055101,1.4940329889234816,0.031077444552103525,1.767142851531977,1.2004325063247518,forward_head
20.44,-0.3258369825803224,-0.14463683168316377,-0.026214883774047414,0.020057938142280032,1.5212611702074355,0.02789198212001705,1.7636992956890434,1.1513214950850625,forward_head
20.46,-0.32416045693902756,-0.11608994454521518,-0.04482233372014118,-0.007921457777384107,1.7118755763431415,0.0293559922283463,1.7537112929681349,1.037582248934495,forward_head
20.48,-0.318893681543723,-0.10302614609815221,-0.04228626887099974,-0.015615828059806682,1.4991584895993728,0.022213553160205658,1.8555662701670255,1.0961761587971517,forward_head
20.5,-0.2815568761872694,-0.12735445622416305,-0.05171755903712082,0.005264636809328377,1.740857449105523,0.03549156820436416,1.795618668793597,1.1557155210195353,forward_head
20.52,-0.313210729610494,-0.12246225630561924,-0.014159651791185396,-0.012312049368347082,1.6357229289933801,0.034332853645435375,1.899925795506694,1.2043535401036405,forward_head
20.54,-0.3198142481253777,-0.13820713248316172,-0.009159251550452056,0.008167002269251085,1.6549657650597667,0.046271825232391144,1.768146259648329,1.208399528751389,forward_head
20.56,-0.32854560249508424,-0.11401101211161858,-0.013864842803984135,-0.009295544716595817,1.6347738428205167,0.05009269419290699,1.7958118469308013,1.1396585227400287,forward_head
20.58,-0.31308276166513804,-0.10886797655174833,-0.036370803644389445,0.008493291814527104,1.5712110902776557,0.03383452641399212,1.7728299346499925,1.131074834369243,forward_head
20.6,-0.3529491306096184,-0.10193410574341204,-0.05267083657311658,0.007659982112802068,1.5410758491522245,0.0288986661268421,1.7467029005768864,1.0968611209190742,forward_head
20.62,-0.2633189352996119,-0.10510340429034407,-0.026228488171578922,-0.0063507683771333425,1.5726346102819244,0.04656787940671568,1.8489505748304722,1.1159425415202264,forward_head
20.64,-0.3211252042867941,-0.11800516954005488,-0.018378064401322065,0.023095209688171758,1.7464457075795103,0.025339481875446716,1.789440557398888,1.0691506598016542,forward_head
20.66,-0.271110450054003,-0.098574216783846,-0.01705689689266819,-0.01292597766306368,1.5203389794919717,0.018608117122183892,1.7198296843006098,1.1785302104128637,forward_head
20.68,-0.3590130469541406,-0.10913400364911986,-0.018726064312267938,0.0012024393658289642,1.592182530408325,0.026098282604339385,1.8491179560777238,1.1286875236760119,forward_head
20.7,-0.31179985132353794,-0.13140453340750916,0.0015699912457883961,-0.015421599344468757,1.533354026079795,0.025306808722627906,1.8688334208664827,1.0539008327826747,forward_head
20.72,-0.27172350586626126,-0.12892325237780347,-0.035860867450951246,-0.012949797864068014,1.5656257719241882,0.025800455749922815,1.9467844216254127,1.192891206092079,forward_head
20.74,-0.31357674812816794,-0.11394116365018754,-0.0028525514631697344,-0.003039103581269377,1.5798553698819628,0.025560481128485146,1.7697947582020157,1.1907145411002895,forward_head
20.76,-0.3061869285108253,-0.11623262233965634,-0.02778581113360716,0.013023613552208066,1.6501308622120876,0.0361296959731342,1.8977288741037837,1.2351263033761608,forward_head
20.78,-0.3420042798868796,-0.1255420785571799,-0.034134197671567605,0.010318696747111021,1.7520540300754295,0.008951664413053723,1.9532633224577418,1.1312701858896148,forward_head
20.8,-0.3150813766650818,-0.08281861117716141,-0.007579509141074081,0.010032143784328788,1.4958661969001248,0.027351476458224794,1.8750575040816815,1.205092925302552,forward_head
20.82,-0.3547613975875634,-0.07852056144185225,-0.04106788950541752,0.001905179591476967,1.5887608031650824,0.034089862259124325,1.8718763494925608,1.1723829427879988,forward_head
20.84,-0.32203305079192535,-0.12057351392791704,-0.007583761303309747,0.003371369832543058,1.6813875534218325,0.026133465999436358,1.7822252478144005,1.1702510226644658,forward_head
20.86,-0.3155367253115051,-0.11976822917251453,-0.013470163923264448,0.01931064168453242,1.5812929779331804,0.03329711589374272,1.8234168034767875,1.0941240826067522,forward_head
20.88,-0.35527728984093754,-0.09923144354049095,-0.011921164885906286,-0.010778763080996172,1.4973771786025651,0.026673796082496797,1.8509802113477267,1.0977942543094135,forward_head
20.9,-0.35094043073584275,-0.1482437309960732,-0.010335722946954813,-0.011101226135336179,1.6662425158188403,0.028593943960348197,1.7996116122196,1.1394293430994253,forward_head
20.92,-0.3070175674746285,-0.12025432992458052,-0.015261307349975023,-0.006398148662921234,1.5157988248723744,0.037224752412247264,1.94167073039231,1.1973834682996116,forward_head
20.94,-0.3130465308353778,-0.11191999670100633,-0.049890780709437345,0.01623593458643592,1.4859659002078887,0.021630159198957916,1.7333270865181067,1.0548540943517477,forward_head
20.96,-0.24354994475536593,-0.11804944529747646,-0.00862113193954982,0.005317814877176013,1.5598175951080724,0.02725561054934791,1.9454106863998772,1.2494982560209895,forward_head
20.98,-0.34251682792649324,-0.10511786953965226,-0.013705783221420974,0.01514734902934172,1.6474175972539036,0.032750794369031895,1.810803686904559,1.1608216242854155,forward_head
21.0,-0.3188094569021657,-0.11859218720715563,-0.04536254043131659,0.00532994528421961,1.6810435759310465,0.02192308886340973,1.8749327428836906,1.1643686072961086,forward_head
21.02,-0.2797915135731551,-0.10910924201677252,-0.03131213270003271,0.007822944606165783,1.7221433080503201,0.024718425621881805,1.782233653181923,1.149258799627402,forward_head
21.04,-0.34836096958348756,-0.11223137483699501,-0.032227076642688306,-0.011330090757453077,1.6838386841172284,0.01562927403773328,1.8186993713785455,1.1505375094791195,forward_head
21.06,-0.294815343911607,-0.12289122613735694,-0.019737421674545143,0.010654465641495211,1.6630563465076202,0.04960425192570465,1.7902698198016735,1.1534974996949425,forward_head
21.08,-0.3277896010550511,-0.11599089605679151,-0.00445665471903735,-0.005476372695794783,1.7755930694135595,0.04642096963008765,1.8402674153447784,1.185565167899061,forward_head
21.1,-0.36323684104072906,-0.11492992965062544,-0.03900314166374024,0.002048667970094274,1.5483851638011112,0.029412037575582316,1.9681070521216808,1.1249439010143572,forward_head
21.12,-0.30055456260709773,-0.13686117604224354,-0.016419064178379735,0.006325846746023919,1.531422944152726,0.03259038368478484,1.8645615860653586,1.04872968289765,forward_head
21.14,-0.304156941199544,-0.10253644863095604,-0.007448153067277575,-0.008882019439450398,1.6581443560694495,0.02371622509962152,1.8126198507729965,1.2219163393008756,forward_head
21.16,-0.35527849297684744,-0.13453694820507978,-0.014273422349467144,-0.012732119277408277,1.7062014715546026,0.025774333149633573,1.8141690696404298,1.1700276500791342,forward_head
21.18,-0.37455847615937926,-0.11663279662557818,0.0032237546783216715,-0.014207428046495971,1.555760143910032,0.03133704950280472,1.799743618563206,1.0423919264035977,forward_head
21.2,-0.3209052500647715,-0.15191672828942976,-0.02110981760376984,0.0004411029785416593,1.7909418183240915,0.03743496775377709,1.8466906295050811,1.15266690429025,forward_head
21.22,-0.3153017016943297,-0.13614731816403333,-0.02546168461813799,-0.002674912815553977,1.4890921608887957,0.024908534914611532,1.8766876818414673,1.1597927033031281,forward_head
21.24,-0.3194869484722789,-0.09805402163088349,-0.016871453262389046,0.00595701762995573,1.5557189098197097,0.009123323418290264,1.8314398663858216,1.2192738024421672,forward_head
21.26,-0.3294052155359993,-0.14750501662101045,-0.02478946251568113,0.024280955979445892,1.592569002617787,0.03977426689013698,1.8576262014290044,1.2069527579276822,forward_head
21.28,-0.32703053551323263,-0.11439050369146539,0.018374403828825842,-0.012415388823188054,1.5976780264094872,0.023243376555107925,1.7885030484865525,1.1055807887909477,forward_head
21.3,-0.30213782188165117,-0.1343229945646573,-0.033956474398483684,-0.002696379967884571,1.6370540255489954,0.020304517594174017,1.85675365019704,1.0279374111382689,forward_head
21.32,-0.33335771981008033,-0.12166277187552761,-0.031779823572659474,0.012801540606711487,1.4983795112675053,0.019503535763268433,1.924161806208781,1.1641312803376318,forward_head
21.34,-0.3377060591663264,-0.17352207762982236,-0.021777957985628628,0.004728836495083173,1.591580263325161,0.030591313005491904,1.9214644297396006,1.1868245362764878,forward_head
21.36,-0.3496788798420749,-0.1260814090014698,-0.015496622039559043,0.01055654464475269,1.5942616928211082,0.02605113782100728,1.7889530765667332,1.1586883345456898,forward_head
21.38,-0.3334213271242288,-0.13322911803232812,-0.01925940232464595,-0.0049421323602928165,1.6337736757430599,0.03474645931210861,1.8587019564699083,1.2062530983270856,forward_head
21.4,-0.3627468080615462,-0.1244036620136104,-0.01264087110518255,-0.009296866548907433,1.5539591315550925,0.04241149846697904,1.9004086699297058,0.9850183933344179,forward_head
21.42,-0.30121270936066746,-0.12108356977884775,-0.038242757806021634,-0.02560304109385263,1.6409506281424178,0.04169142232438531,1.8806459356984606,1.1514120916609143,forward_head
21.44,-0.28566275658031953,-0.1177869201703452,-0.02532263541348604,0.02338951796480036,1.7101700420399206,0.041213234654171045,1.838847730234091,1.1828573305288232,forward_head
21.46,-0.28237608252585883,-0.11791318246948523,-0.036662605065263726,-0.01112088182827227,1.572728440931008,0.02429802838571458,1.9101378419278352,1.1423080786566386,forward_head
21.48,-0.3220076067288907,-0.12052100567551068,-0.023295228824289867,-0.01841915787075839,1.6115586772313923,0.025362156575461044,1.9241365573706462,1.07970853973226,forward_head
21.5,-0.32541532081419466,-0.08177800992511398,-0.0006686990767334662,0.014660289932026196,1.6018999993439893,0.035074381675946245,1.8069734440817906,1.0501699077376023,forward_head
21.52,-0.29893747876192867,-0.11058826313942265,0.001693529558870266,0.012623361398026728,1.5097846711097342,0.0017158313735761183,1.7845038095683472,1.188873975775739,forward_head
21.54,-0.32184258597176185,-0.13265943977556555,-0.007280271770263544,-0.014708483735485061,1.660346298151882,0.011357806551138704,1.9537849523641024,1.2331786817522348,forward_head
21.56,-0.3337429264363995,-0.1250198103031565,-0.016434768733993816,0.0077981791127990615,1.748589153406011,0.037219050435288926,1.8372039328001584,1.1452455495666152,forward_head
21.58,-0.26295537497800764,-0.1340326010382206,-0.03706989881362816,0.010907916185973466,1.6673279407885706,0.020863928172031598,1.8647204052218436,1.1576745465382665,forward_head
21.6,-0.33848910512301195,-0.1191282737809553,-0.022753211678325343,-0.01231016451849841,1.61838906732984,0.011069840304477841,1.853230120921765,1.1854602561305396,forward_head
21.62,-0.32184411451532685,-0.13348753620791592,-0.0025769362229638043,0.01682751434308784,1.696934132757012,0.03154878932351523,1.919148100240823,1.1962011118417457,forward_head
21.64,-0.33104386996276647,-0.12879814348159216,-0.029242037997064076,-0.018214666337015305,1.5703725037488414,0.02859686256029914,1.9142183552148644,1.181985123659574,forward_head
21.66,-0.3309511579582853,-0.12811253617368282,-0.038048335626418996,0.024672129542592014,1.5768390484353032,0.01454431278846868,1.7979460134956269,1.1383908119581452,forward_head
21.68,-0.35077458899939806,-0.12842407823452853,-0.014623415776383967,0.007151730768339968,1.500960194232003,0.047064121378601095,1.9082477125561728,1.1998594618991112,forward_head
21.7,-0.3018414272663505,-0.13718268654406213,0.00833672507932909,-0.010500523627122013,1.673511656949293,0.034131336570432526,1.7462014657727551,1.1531065572129073,forward_head
21.72,-0.3366334708474491,-0.10129776066693773,-0.04393183886040867,0.010160727217064711,1.6803584033548877,0.03264004896718503,1.7623300668170458,1.1210449679340042,forward_head
21.74,-0.3150664961004946,-0.10974810510709737,-0.0374852888364613,-0.012634973953095761,1.6176363707792463,0.02672496753675237,1.886493809234838,1.1868900595394385,forward_head
21.76,-0.32050799771774635,-0.08356101094842637,-0.004106170205412364,0.0005166752809852617,1.7712149648432598,0.038070180143157176,1.8578463724891165,1.107319599245199,forward_head
21.78,-0.2932609159931481,-0.11494473638922119,-0.03059116987134431,0.005188353947295458,1.6236569171779922,0.017795915664301876,1.8288674572320176,1.1470523013610656,forward_head
21.8,-0.34703921713762165,-0.10535857401732998,-0.014122517148440317,-0.0011666584692660432,1.6644577676112213,0.020349116241356695,1.8755124463832744,1.2266988954199942,forward_head
21.82,-0.3319256341079261,-0.1261253155619101,-0.03815560235392656,-0.007778703959587677,1.8346034074789268,0.03064132242897321,1.9480498262042227,1.1274197799938208,forward_head
21.84,-0.2894318691444631,-0.11475516643795165,-0.014282694299129062,0.005738072564478733,1.5350180271474723,0.01614608384221581,1.818040414461714,1.1435274543114153,forward_head
21.86,-0.2975522075277297,-0.15665284295094692,-0.015007231310828699,-0.001763537621926513,1.6328615447286445,0.05111610495120461,1.9333874107832045,1.251183242861193,forward_head
21.88,-0.3235669644839867,-0.11130853178270743,-0.03447831483164345,0.011139279267473202,1.6244246698053824,0.015356493080967155,1.936199150471625,1.1896465744317926,forward_head
21.9,-0.34283646705806425,-0.15110426569379584,-0.011861444001074629,-0.006271489718254046,1.5408810023898798,0.04769561710001932,1.7565611247866397,1.11864155576297,forward_head
21.92,-0.31812429474949494,-0.11395124342811329,-0.00772016682815379,-0.014154566590279336,1.5714179387413738,0.0077367249097276,1.8921724120276375,1.140156291510328,forward_head
21.94,-0.3145908260751327,-0.13313035675744664,-0.015953881275967353,0.0036108635043586384,1.5664425233497612,0.020777741958571665,1.9991943773750374,1.2221185765828133,forward_head
21.96,-0.30162305904156533,-0.15029318100828648,-0.03233371581279105,0.007083924388620166,1.5936744794905513,0.024123283583690664,1.8252610426678493,1.1260168413120237,forward_head
21.98,-0.3383006522694616,-0.1564346052239161,-0.021360213317860973,0.010859410491505059,1.5129749184170416,0.004202630272769186,1.8150463884066959,1.2179065143372423,forward_head
22.0,-0.31313687764378934,-0.09011954646411066,0.0009720116929625162,-0.0040766690433365095,1.4767531379111671,0.029844595192130598,1.8228735242150758,1.248825639787319,forward_head
22.02,-0.3302283101058645,-0.12110543252763047,-0.03267225873203089,-0.015377283887627402,1.6291243546494993,0.021198430751711475,1.8751941046038754,1.1032376059198667,forward_head
22.04,-0.3290246859591269,-0.10823659257958287,-0.0161425841228629,-0.010647604267768946,1.5162322387676581,0.03893748096239752,1.8450551302681342,1.1543784155951604,forward_head
22.06,-0.3404091099319025,-0.11328318759561001,-0.031148495971880314,-0.0041193219539947925,1.5947562088181646,0.03491583660559282,1.8956160078482287,1.180843916346865,forward_head
22.08,-0.28918591501707575,-0.12499366304578755,0.0023682366574222097,-0.026179431329373982,1.761908592469791,0.029121909826626227,1.8996355457251863,1.2992347535115694,forward_head
22.1,-0.3263011700789891,-0.07379365340580576,-0.021992805637014497,0.009384869459677867,1.4978404543479138,0.011613059018700543,1.8978971254342258,1.1216861744214983,forward_head
22.12,-0.3283119803708647,-0.14286146854154932,-0.015008344465220588,0.0036566223952085733,1.6454709820984874,0.03593383707894015,1.7716547332891437,1.207338281283795,forward_head
22.14,-0.3483204532069439,-0.1193295544102136,-0.021263331430552923,0.006521822696401655,1.4850550493643933,0.03186861378863173,1.8131217576150354,1.203631457549127,forward_head
22.16,-0.3439061948135485,-0.12042403827417994,-0.02314747947854911,0.032987789412336085,1.4095849952106294,0.027009160130882597,1.8438937489244949,1.1555206248612342,forward_head
22.18,-0.3008465209729253,-0.10421323743948262,-0.023426427267232888,0.012776922868672293,1.5335576844530492,0.025109743459560806,1.8750386981530214,1.2508365859982062,forward_head
22.2,-0.3033668374828276,-0.09845944543707426,-0.04716356763303793,0.0033135160651297404,1.6181710945466405,0.023364083632075604,1.712395037629415,1.176791794104279,forward_head
22.22,-0.3388410715335201,-0.09012114855763546,-0.058153743722111316,-0.03299275568108215,1.4950812976078198,0.020077953075828728,1.8361135204497685,1.1911890104991598,forward_head
22.24,-0.3086343817167996,-0.11747631314946724,-0.03401834582840879,0.0023726168950086255,1.6101444520587678,0.02629229028718069,1.8326488878554104,1.3147413417684262,forward_head
22.26,-0.3070635757715369,-0.11202085860123155,-0.007881159857147395,0.0022754871393838336,1.624669727566465,0.0255087598731368,1.8336580506630227,1.2295841521331834,forward_head
22.28,-0.34495806722088035,-0.11985957942751452,-0.0405990553549776,0.009314851345669384,1.7213995872415864,0.026601897496682278,1.9077659614876483,1.119423835482643,forward_head
22.3,-0.3120086407179357,-0.11730999072014531,-0.0029262188779272907,0.003583938571329616,1.6672707886698337,0.04183942341321294,1.7611864817933256,1.2399913451262807,forward_head
22.32,-0.2507773892108413,-0.06631571581285021,-0.03546214465824386,-0.020168585067726987,1.545502046221573,0.02291068255011082,1.8499685938471204,1.1447495238850904,forward_head
22.34,-0.33037240358709946,-0.12720890102633411,-0.019486138511092974,-0.017393508650863664,1.65485930289822,0.02599928962116485,1.8618552893555065,1.2401439941946966,forward_head
22.36,-0.3124328223136302,-0.10887569273802963,-0.025514764601683886,-0.012336070461828967,1.6691016218764676,0.02815741902492413,1.8764213528569689,1.1696219492641395,forward_head
22.38,-0.28797255052554804,-0.13502562213140495,-0.01341646805981841,0.016461885148445907,1.6305713644323494,0.0395864113438236,1.8704812673985403,1.2115857458428225,forward_head
22.4,-0.3474183421695285,-0.09400025036119143,-0.015920658724755572,0.010176504514631275,1.4647255092177498,0.032878224478388784,1.7706461849018786,1.1395007074091674,forward_head
22.42,-0.29957640461990753,-0.13531230991737736,-0.031725833150320716,-0.012282253491929292,1.5877289175974463,0.027493312143193307,1.8422813000797167,1.1737024159356095,forward_head
22.44,-0.2967118699106667,-0.1119706463344806,-0.011130194169081732,-0.0021307261933386393,1.642836063768936,0.04206996435293094,1.8392186624771951,1.1710578654493307,forward_head
22.46,-0.2970295798455227,-0.12248742957226716,-0.011515914104839478,0.017755971124398372,1.4671903464727827,0.030473560018359765,1.7423449388558088,1.264400183181722,forward_head
22.48,-0.31600739409508855,-0.1004923306750541,-0.03232741131653375,0.013876918309603173,1.6879852893287524,0.047718780960405806,1.8092676939778853,1.1047360971721951,forward_head
22.5,-0.318343379940381,-0.12967451141571326,-0.022361740125866558,0.024665519606829674,1.639645590705396,0.045017419804994685,1.8184887029208814,1.1740727987112423,forward_head
22.52,-0.3122212392273041,-0.1224089814781213,-0.03621986026202075,-0.013504213496200092,1.3793970925214376,0.04350387511708396,1.8791716992117027,1.2568182308808633,forward_head
22.54,-0.2663006909717102,-0.12859745088010377,-0.018067994754249847,-0.005869624520097535,1.6704688193121342,0.0412923749471707,1.9521893601197349,1.1520598969037374,forward_head
22.56,-0.2970858371616922,-0.11630095972477372,-0.024334774038719566,-0.0014015623357272488,1.6228989982654862,0.038646305964207754,1.7828806538335347,1.1309714262953718,forward_head
22.58,-0.3231962115702375,-0.13014523115775764,-0.009231563539632906,-0.004294078999154904,1.578264256801549,0.020252848234995957,1.7952529711449101,1.0708644203633821,forward_head
22.6,-0.32430278514184774,-0.12212946864417835,-0.030892535557314145,-0.0014480619977790743,1.4960268081554506,0.0379768867177206,1.8431979675539507,1.0239411084574013,forward_head
22.62,-0.2928996118629184,-0.12170954324874962,-0.037337632477162874,-0.010485549125717378,1.6758628494459298,0.03135266243991936,1.8065994427591812,1.21176060802515,forward_head
22.64,-0.28348362493251916,-0.13544651759271864,-0.013683167849679628,-0.023538924336433575,1.6171066093183464,0.029213897218115636,1.9628308226140574,1.1735258643779622,forward_head
22.66,-0.3212157070613606,-0.08707597166438402,-0.03969506949848002,0.007637439133804739,1.45067615838859,0.03329839053942513,1.7752028820183918,1.1720390097266347,forward_head
22.68,-0.29163890522417424,-0.13624055851556394,-0.006743616490218063,0.005524781505739197,1.6024757514162928,0.048479872252533786,1.8655642485926225,1.0562408961024654,forward_head
22.7,-0.35140114611981943,-0.10114514297366546,-0.035167217660707295,0.03939717509309875,1.7085229740776515,0.02272003817287321,1.7815229830319461,1.2231519446119787,forward_head
22.72,-0.31419128811688946,-0.12258097404255623,-0.00841820014140625,-0.008124454443063563,1.5579235323572256,0.044155124971194684,1.8432214633768569,1.160020839137651,forward_head
22.74,-0.30801993752594076,-0.12743489645103256,-0.02234142105055308,6.333315317016802e-05,1.6177045600779596,0.030619950256794932,1.8896678835313157,1.146746127861274,forward_head
22.76,-0.3557039144406506,-0.11277121527269406,-0.018962976301491123,-0.007732742413346717,1.578205084556111,0.0365183192696867,1.920457181217861,1.0820271117830302,forward_head
22.78,-0.34281922864935,-0.1141899131818256,-0.008346438485314337,0.007952329397577697,1.7601082890813868,0.028793300727976503,1.802034685840682,1.2125702292044271,forward_head
22.8,-0.30884519743352185,-0.13198232889375916,-0.018613305858243227,0.005695924375666602,1.5813726107984512,0.023094930662225732,1.8739114577288927,1.2238469548136586,forward_head
22.82,-0.3086331191292682,-0.11961311635496734,-0.02926332855964001,0.011089650127920653,1.5493671473261956,0.04645055074540747,1.7437058993490127,1.0506868039409034,forward_head
22.84,-0.2949316690865051,-0.10839593040398064,-0.0011555459404142153,0.007745832340446503,1.5311027870214216,0.022469580106222478,1.8804713803913655,1.2089175844428663,forward_head
22.86,-0.36729578339825325,-0.11135797228773658,-0.02564074511700196,-0.005742203260799877,1.6247558858145947,0.03174079923689526,1.7800924776444316,1.1589074455033799,forward_head
22.88,-0.3065111546741273,-0.11881192319843299,-0.016376719121806712,0.004932597539053942,1.6560592075446725,0.026336863458948655,1.8556703067782812,1.1179514637707053,forward_head
22.9,-0.3254970038745173,-0.12220076446140538,-0.0065606663993667495,0.001865567041513507,1.6104012256987126,0.028380065135435593,1.8807114742614974,1.181943970367527,forward_head
22.92,-0.3193262122917668,-0.12373738640714173,-0.012776946572470005,-0.009289110488737979,1.7155197313688568,0.022849679061901874,1.8670018286847554,1.1678385397180493,forward_head
22.94,-0.31442283058938547,-0.11782918954209985,-0.016267435235613054,0.0023415939742659994,1.659376331102664,0.026304533233646735,1.8896944328030552,1.1538734954965566,forward_head
22.96,-0.34160362842793307,-0.1163119304032474,-0.03192865493319875,0.01098986717461292,1.5820224760914947,0.03768756674170091,1.8482955184638084,1.1902757988986434,forward_head
22.98,-0.3034180438588268,-0.10191983007296501,-0.0034810063854709607,-0.001541842384304511,1.4744037848588871,0.033270089954141546,1.9259085082691159,1.0882780807180514,forward_head
23.0,-0.2971412705234714,-0.10978228677064984,-0.0676167500667913,0.02457266772724469,1.6846300360112425,0.025094179583817725,1.8041047863368054,1.1662098291092347,forward_head
23.02,-0.335917808727404,-0.11802289889829216,-0.023273753098036965,-0.0027633908871989247,1.6641809482799512,0.04877038908589427,1.819440423446278,1.1347834785800077,forward_head
23.04,-0.33033889455074816,-0.1086560618320522,-0.02833755061044485,0.0010702236230746497,1.721028121653719,0.043808178360561494,1.789695401497004,1.169947714045327,forward_head
23.06,-0.30314308130898954,-0.1287741015693622,-0.01808189731526217,0.010957418917497018,1.6251923764590508,0.025706866407398152,1.7528708357906015,1.178350196433097,forward_head
23.08,-0.2866663316631984,-0.12413948008727624,-0.019306640344147245,0.013036015814937152,1.671966119668994,0.03128919443556183,1.830372294784562,1.2310168887596502,forward_head
23.1,-0.3521762010341132,-0.12289856394065705,-0.04742349172081227,-0.009174630469569199,1.604763035044669,0.009004979829569616,1.8448133732942722,1.2576814445624334,forward_head
23.12,-0.31645052210320573,-0.12876809376241613,-0.010052031694284501,0.02360365861336215,1.75913606957037,0.044638383371742404,1.7880507168387079,1.2871533693406068,forward_head
23.14,-0.30042697457077666,-0.08987531055774726,-0.024304481215658796,0.01669565313405986,1.5573680389261433,0.03226380016365197,1.8526028614986858,1.112707810510993,forward_head
23.16,-0.34692627186948005,-0.1304851489063426,-0.01208701881731545,-0.024522277726022862,1.6205640079200914,0.06284563099344018,1.8535942181719403,1.1397084301223939,forward_head
23.18,-0.3088371578938609,-0.11195174746913804,-0.021922681002956385,-0.025529396914584637,1.554597629039461,0.030814804709145344,1.939268402326177,1.103668396129809,forward_head
23.2,-0.26930362993944096,-0.13518528559630308,-0.022253536553475107,-0.021775336570824907,1.652292937121878,0.043133674874980356,1.8342448949066632,1.1360285336535483,forward_head
23.22,-0.32429944663156657,-0.11875105273230062,-0.01781259345125818,0.0031141099401625896,1.5335702018082529,0.05199260977126228,1.8571369983440231,0.9985187968157527,forward_head
23.24,-0.29144702044467646,-0.1205429416767943,-0.035842835838096346,0.003722543666514701,1.4827507788742218,0.04087632436850093,1.8241823339803185,1.1613674085826609,forward_head
23.26,-0.31258552974812587,-0.09845414990504354,-0.018776567724786298,-0.003956012654222873,1.6469768032934928,0.03890732505583344,1.8340020214787802,1.1912103219519623,forward_head
23.28,-0.275604078546472,-0.12429102441995055,-0.03930629015187388,0.01381128089385873,1.62684967489238,0.017701610641969647,1.8372001605594157,1.1501799955800152,forward_head
23.3,-0.362214634923706,-0.12248214412922459,-0.030058172308368027,-0.00725508403135605,1.63209681522,0.033791367935657284,1.8879123673092932,1.2448118115353952,forward_head
23.32,-0.3095888551758095,-0.12732493719811933,-0.024821077159114358,-0.020190485783686284,1.637133926613552,0.04287877078034344,1.7771535368255682,1.1573864538202563,forward_head
23.34,-0.3444405647861137,-0.1124962572435395,-0.03626270464339501,-0.005348947181336247,1.7068730163190846,0.0488397971199579,1.8677563555655687,1.2230660245136264,forward_head
23.36,-0.300488785237545,-0.12120021440833054,-0.012324520993112618,0.002134529464023093,1.7470419685740468,0.03158509165571548,1.8837035322694042,1.1892970385057324,forward_head
23.38,-0.28452471888832964,-0.12247317032412337,-0.03377432262292448,-0.030377279008624265,1.4672025125706205,0.028468718774086046,1.78000344146444,1.172601738318769,forward_head
23.4,-0.35264924670553277,-0.09711001911336753,-0.026465667241726727,-0.009276848446831578,1.6658205439924798,0.024568130945283827,1.9174057201363102,1.0588608816588523,forward_head
23.42,-0.3260069773338812,-0.08994624535585297,-0.038577013215287836,-0.018697606532022168,1.7051786099606068,0.026690939713473093,1.7832328887182987,1.1737644210727618,forward_head
23.44,-0.32010404104210133,-0.11787914924042948,-0.02433403134171425,-0.005900073124731245,1.550551158819369,0.035588408764538164,1.8851411318617075,1.039899625441904,forward_head
23.46,-0.3128928796575718,-0.10502424401983029,-0.0015328953762186954,-0.015881763513015852,1.498387892025922,0.03423717836614916,1.7998823943044895,1.0763773490871222,forward_head
23.48,-0.3259205834191765,-0.10145474821962411,-0.02521621521433684,0.007488571546320641,1.5741061723232954,0.0417835380320013,1.9118972414337219,1.1234040540465324,forward_head
23.5,-0.3128109770628658,-0.0828268214846286,0.012836883465872391,-0.00808037785821956,1.6190221696750347,0.037367627431671685,1.8596959956070132,1.1141542220005114,forward_head
23.52,-0.33285114662355797,-0.12515995983556136,-0.019943142024391184,-0.0286137475642181,1.6829096315936205,0.032529815565735754,1.7322997793533474,1.0662229410552266,forward_head
23.54,-0.3039411218285263,-0.1390591004035863,0.0011663845335440626,0.0008919629321171256,1.5588656520719755,0.05486984414099259,1.8075894860387645,1.089765586353268,forward_head
23.56,-0.34990065128524034,-0.0909248443236426,-0.031723807969791504,5.2949639983084625e-05,1.6498558830538879,0.05348862903644889,1.7750961173669955,1.1358955993117388,forward_head
23.58,-0.3494006287860694,-0.12683437795957014,-0.03756210520711311,0.00017364357952663506,1.6364227161976757,0.021595468447401796,1.722129482908432,1.114014656301991,forward_head
23.6,-0.31821029302376275,-0.10145802861751647,-0.03565516594330268,-0.00247157174673744,1.6755086364618137,0.026177885252246985,1.9200745185257488,1.0666142442380397,forward_head
23.62,-0.32165443763696006,-0.11814231956761358,-0.015526390440888226,-0.014986292666013387,1.645905527653267,0.03179404970520566,1.8640179125218717,1.054597057781428,forward_head
23.64,-0.28379843042290015,-0.10224589677010319,0.0012383509641158922,-0.024563210346000026,1.4974001910784347,0.039284619362043326,1.8099745810516923,1.1184088097888971,forward_head
23.66,-0.32392385223265446,-0.10087636110532003,-0.009529189631564646,0.0026660425997742593,1.5401995746925365,0.03673454858601463,1.9119603625364594,1.1033924558214006,forward_head
23.68,-0.28430865833593555,-0.09326901151756035,-0.014066482318817575,-0.00026271588099089884,1.5933021870615995,0.050993992899840475,1.8421202560376961,1.1581325059201917,forward_head
23.7,-0.30826738786171065,-0.11616903546996973,0.00235192916021254,-0.00847269921797492,1.7640553465940216,0.034615153847512195,1.855901156124788,1.2444713505507552,forward_head
23.72,-0.3356237103041487,-0.11266462018653307,-0.027847369106471374,-0.006566321148285914,1.517579360869119,0.03281261607532918,1.8472090181565508,1.1536988814723304,forward_head
23.74,-0.3686575792968412,-0.10463518109307252,-0.04091949919772718,-0.013924772529135225,1.5085230226770399,0.03208756058009404,1.8356644736038739,1.0682495469937823,forward_head
23.76,-0.3478190453094694,-0.13064186382276466,-0.03289673634904237,0.005806904323929881,1.5137056705861387,0.04967781648097824,1.9953059603191183,1.1871583338026885,forward_head
23.78,-0.33023755076051886,-0.07859259669796334,-0.01750098091925259,0.0010321204963100752,1.5618156352421286,0.017904523627554535,1.8852329447606837,1.1110888953390454,forward_head
23.8,-0.3046344012548066,-0.09931967221123529,-0.016330455895143765,0.01421511399917418,1.7554608562602292,0.024593252249233158,1.8228310735166111,1.2275940034185016,forward_head
23.82,-0.2870805797640406,-0.11287043736399599,-0.016167520320345435,-0.001113295323490423,1.6748808177321208,0.012598848249187274,1.8614043975310983,1.1427806344840559,forward_head
23.84,-0.3096094989166365,-0.09493034914929954,-0.04113054868959471,0.008599611682536347,1.5486281368320691,0.030804208115993496,1.7878606088363345,1.2280497242210977,forward_head
23.86,-0.2698981371055668,-0.11414973100448944,-0.019264532532170052,-0.015305311966853878,1.6207170156644795,0.042834938717677754,1.889289662835685,1.1215973372796821,forward_head
23.88,-0.2476789745313156,-0.10024929119123996,-0.03543108608824715,0.008387502343874035,1.5800243349279524,0.03095225215671796,1.8800974109118493,1.059714333037402,forward_head
23.9,-0.3307684413590729,-0.12048391421781596,-0.04381031730858309,0.024519621688972083,1.6354537269812488,0.03739794204253768,1.9976286549865885,1.1219974722749915,forward_head
23.92,-0.31622876469006717,-0.14475973699894354,-0.020816655234151094,-0.030608275973079344,1.5540299696391413,0.04561583663577778,1.944972993232478,1.168108353517904,forward_head
23.94,-0.331804722168088,-0.09993372707947316,-0.028739798124802093,-0.020170511903529174,1.4572499890568507,0.028724853611077985,1.827643658468237,1.1806779681300459,forward_head
23.96,-0.3084061666867062,-0.13104792121231512,-0.054598317210091646,0.002848790475214752,1.4370952503285903,0.03888939220474418,1.8306371307793585,1.2596824725368776,forward_head
23.98,-0.31862180788343347,-0.1436121333257414,-0.012484081932127637,-0.005496017978609871,1.6099177033238639,0.016368275301836762,1.9371471314511044,1.12122771993952,forward_head
24.0,-0.31549659971219524,-0.10672819075089793,-0.03228433505088837,-0.005790257692076673,1.5093566323216612,0.04156177608026173,1.9020952329922285,1.1979591708073332,forward_head
24.02,-0.33323459846603026,-0.14084961570154392,-0.032032504507611005,-0.014689310870762298,1.689113424808536,0.0339819799569864,1.8696968053961498,1.2475318949866967,forward_head
24.04,-0.29786191686438296,-0.12216079399845174,-0.04017566956263082,-0.010977847903116691,1.6271952013135904,0.04068756163469124,1.8316604848681015,1.1327089488943047,forward_head
24.06,-0.318802708296141,-0.10357228035216014,-0.013887782130837759,-0.021617483561814713,1.7065130655645773,0.036793800458412115,2.0635399059447845,1.2568081033946785,forward_head
24.08,-0.2776999465148299,-0.1154573427658928,-0.017581030352513825,0.005978902033437159,1.7009920992372405,0.027144972861260202,1.8512652869171649,1.22687044966732,forward_head
24.1,-0.3190665507073681,-0.09715373533859525,-0.021556845312105038,-0.003212339603671601,1.5514839373477483,0.035942887131439984,1.8502928672858798,1.126932594970201,forward_head
24.12,-0.30958169128785706,-0.06620419931250877,-0.028819647862421097,-0.001980813298560158,1.5664143328700693,0.03556814581061152,1.9082962171975724,1.0866684034244398,forward_head
24.14,-0.3192009262991706,-0.13557720529703,-0.033996841606732706,0.005665838465503673,1.4991507969266182,0.01820351556796381,1.7628614410708512,0.9888931769131901,forward_head
24.16,-0.32891460353607077,-0.1279595211575917,-0.0188535706658594,-0.006572943963755982,1.6806911660353638,0.01363108863959519,1.7410516122983906,1.1424670811542392,forward_head
24.18,-0.3093515718278935,-0.13394616806923115,-0.02316761100842798,-0.01023553278863057,1.6055668033393902,0.030725294540651347,1.83219169085222,1.1088107609957014,forward_head
24.2,-0.2968563741229861,-0.0962710056077294,-0.005654177914719224,-0.011608643614143519,1.6571628308450208,0.01511154027286164,1.8849569619252509,1.1081974813227315,forward_head
24.22,-0.31972211215198526,-0.09634714414963075,0.00980472330439862,0.0019055044266182944,1.6828378915666293,0.02575138968154648,1.866413959235898,1.1248811978191515,forward_head
24.24,-0.3278737553683891,-0.12696447984114362,-0.038967626712680774,0.003215217789262087,1.7205404110419875,0.01687024952292899,1.7524166946991953,1.1338566621057717,forward_head
24.26,-0.29598649766352514,-0.10492714262931797,0.003691904776351491,0.0032008680689599796,1.668317826743442,0.02238431150670566,1.8067481580085283,1.0631760464417797,forward_head
24.28,-0.3295840956112204,-0.1047445346102018,-0.038450781382107974,0.025635767530619143,1.6104285898836384,0.0380691214736195,1.7813769510093747,1.1929728274964908,forward_head
24.3,-0.3025917301120903,-0.12844561479909666,-0.038514168870464265,0.026520447774039647,1.613015035900272,0.02189194823742206,1.8182971784058615,1.2166078208209115,forward_head
24.32,-0.3219626918097449,-0.11368292037997879,-0.014166124518112314,-0.01871611516558625,1.4520735106323648,0.007150390244614393,1.8866979824797299,1.2415257418412808,forward_head
24.34,-0.31676270393011435,-0.13213041515797824,-0.004223857333776639,-0.01377337272597701,1.6393876064259476,0.026972929765692988,1.8630948036140722,1.141136476286318,forward_head
24.36,-0.3171192289249487,-0.11641879783266103,-0.019092254769327906,-0.009446146732877051,1.762783510667156,0.037195838571394794,1.8417319830230932,1.1314884720119973,forward_head
24.38,-0.34612812310044433,-0.15550975857311145,-0.015793207936728677,-0.01135162207485192,1.5831833149824615,0.026943685137084818,1.961874964305085,1.1865573924108466,forward_head
24.4,-0.34158833003347416,-0.11631204191883404,-0.02303088766455581,-0.00038255667752454514,1.6662433612055016,0.02964210144594239,1.8606830867540116,1.2201378231025426,forward_head
24.42,-0.34174866340513105,-0.10451781233422851,-0.03579286542612883,0.028340467882795067,1.624586768142487,0.01850750916966805,1.7876346421927158,1.183136873147944,forward_head
24.44,-0.32704900391148156,-0.12112354368889736,-0.033232855491130225,-0.002239354180695624,1.5180502102530122,0.017710340545444243,1.9902892007850306,1.1239710327713,forward_head
24.46,-0.33043114405727153,-0.11653129266794993,-0.00315479525547902,-0.003222558388653893,1.6971517546300152,0.03914950727912985,1.9105149405234052,1.158797102756149,forward_head
24.48,-0.3205538369975356,-0.11170931481751363,-0.02651611088618349,-0.005985064875447237,1.5573925108081919,0.03264166566698004,1.9191148285946562,1.071007585874518,forward_head
24.5,-0.31453802088028604,-0.09600923109707722,-0.023360948042682336,0.01641601287077616,1.6834825680602215,0.032718099505483676,1.7989041483960138,1.1634352117619666,forward_head
24.52,-0.3076378571640285,-0.10803134064839712,-0.026692474293622384,-0.005800399620433671,1.6757905206740165,0.03791896947793043,1.7465284087455444,1.1499984141058417,forward_head
24.54,-0.3016409797904985,-0.12038702602477463,-0.023560230187800776,-0.026294175294141787,1.5475399284102203,0.04138574955233856,1.8428281363054977,1.1536886640930506,forward_head
24.56,-0.31664420932038845,-0.11773059714048571,-0.017909469621522477,-0.02855870004448062,1.5050092559671275,0.02060673796592727,1.8575207243513263,1.161932922726547,forward_head
24.58,-0.2893744557755837,-0.12204744878102067,-0.012129541089095612,0.009194280672705562,1.568162254203989,0.03343990035224457,1.8464655066687294,1.1329502241093123,forward_head
24.6,-0.3505987327619079,-0.1429890513450349,-0.02038345729776863,0.025236748681749594,1.548032270301974,0.007736528255048969,1.879506388346885,1.126179923478537,forward_head
24.62,-0.3743936044079425,-0.10593553939430929,-0.003381136047093961,0.02524993274849852,1.4676384405900467,0.027092509076455724,1.892932828871862,1.1385084510196584,forward_head
24.64,-0.3045417407445208,-0.10196300694289273,-0.032806425644066425,-0.007239035887639602,1.6327050739645859,0.02677507271982379,1.8397211915110654,1.2788364007805533,forward_head
24.66,-0.31823177316851775,-0.1091291329841637,-0.04071760129276477,0.0016463064530810036,1.7239823391518065,0.02376818749003852,1.6989924745436118,1.0767319461036082,forward_head
24.68,-0.329118307796433,-0.12708615699605424,-0.03402974521719226,-0.023172008062632067,1.5396941418274115,0.0240593761497602,1.8836626067867228,1.1538189706746755,forward_head
24.7,-0.2864263399636359,-0.1278189147227484,0.012130127400735784,-0.0050219489048192205,1.7097664271118886,0.028361844142889964,1.8208736021383631,1.1571190519953793,forward_head
24.72,-0.276042246385545,-0.10353609142910415,-0.004516083722896244,0.009456605006668973,1.4562192218840326,0.021613892223279255,1.8937412705336933,1.1752119664707112,forward_head
24.74,-0.3093008762057222,-0.10685123425862171,-0.03004978916298213,-0.005974451296395232,1.5040085982069145,0.019958349707000278,1.789703936761353,1.2019447600651343,forward_head
24.76,-0.32413421404931364,-0.13098531075159817,0.023171646483932738,0.007867268072162377,1.5982426113358237,0.019119838732774622,1.7171717609482693,1.20457210461576,forward_head
24.78,-0.36409109925750777,-0.09162268815083163,2.1020851700086497e-05,0.01621228836576372,1.606076499015723,0.03425947707723045,1.8632710032437472,1.1219659048804247,forward_head
24.8,-0.29985294078781033,-0.10293604440708572,-0.016660910436591184,-0.025754502182433456,1.5931141620918146,0.034093648509505824,1.848095829881945,1.0652752336801083,forward_head
24.82,-0.326152468417889,-0.10436533291494608,-0.010113352746096335,-0.016868214329338944,1.4238664994641725,0.030866313301336278,1.9068797406632627,1.1306396478238934,forward_head
24.84,-0.33924278525674617,-0.10864255979700935,-0.030766750629026833,0.0027745841427624577,1.6677200959126846,0.03830932154692439,1.8973067719570023,1.1867369239638248,forward_head
24.86,-0.32711222816123164,-0.12368942748583037,-0.028929878214447972,-0.001789472073551637,1.5714243126334557,0.042122273104858395,1.7889624118959733,1.180163967637853,forward_head
24.88,-0.3009531383083139,-0.10786909692945977,-0.016293296679719866,-0.0307014117875972,1.7997165228680865,0.03283586155377969,1.8567911155456203,1.1522534205146597,forward_head
24.9,-0.311308907806385,-0.12946781898630147,-0.03409353268071458,0.008138192934678004,1.5466724905236475,0.03257839585658214,1.8002483188138134,1.195759976219494,forward_head
24.92,-0.3384952070445574,-0.09669039027660209,-0.007108197905203981,0.03180611315893492,1.6677166052183054,0.02745656090344132,1.7450004168477737,1.109844642625995,forward_head
24.94,-0.3348041043433108,-0.10421325264685355,-0.014277077032926053,0.005966376517938815,1.6539011795562495,0.03740899268485009,1.868243632238899,1.190761619975964,forward_head
24.96,-0.32854041149528745,-0.09406168930183317,-0.021063390492882205,-0.019285189153596217,1.5629833604230936,0.041881219420879405,1.8397656095586656,1.2443552143902505,forward_head
24.98,-0.3339414769481767,-0.12376127705390731,-0.005542064308650009,-0.005673075050559956,1.5110163895199982,0.013257161529534104,1.9647412499021124,1.119616288337446,forward_head
25.0,-0.3215293175009914,-0.12095963101647983,-0.01947526002656658,-0.030544889356267296,1.4412321490313713,0.018336789429867845,1.9061608958209348,1.1208704228618103,forward_head
25.02,-0.30340590558765257,-0.11999506986506593,-0.022504085955777003,-0.011744629708176408,1.6455656458866725,0.029124535553256968,1.9476717207718777,1.1640458054459497,forward_head
25.04,-0.34003721435902795,-0.12795361063494565,-0.022124434036806397,-0.012789649024259275,1.5601234634384094,0.03811047690561104,1.8532432179101976,1.2384089781898748,forward_head
25.06,-0.288200097079639,-0.11013208497672791,-0.04646989694335626,0.0005583557459143859,1.6115307173636884,0.03394837044753929,1.8838255968891124,1.0549110115224045,forward_head
25.08,-0.30304649482954243,-0.10157224598518813,-0.01951390346876965,-0.00024074964326804217,1.745744580033701,0.025364332288553608,1.8456077510456885,1.147046916288892,forward_head
25.1,-0.352138208369834,-0.13982093706239823,-0.013846183867432324,0.0002207056452537224,1.5793597269281299,0.02172201608458465,1.925818416994759,1.1700399828274834,forward_head
25.12,-0.3208840326827325,-0.12838425966695488,-0.002218742099193862,-0.0016454563838736,1.5902883411617266,0.045837059551596705,1.9093702923702605,1.1679288155531786,forward_head
25.14,-0.3142893885285372,-0.11266550759852825,-0.025218129412722428,0.02043156034643785,1.6550542595117819,0.03188619717943625,1.8395343806434807,1.2137791889610323,forward_head
25.16,-0.3055474723139983,-0.11341682083314576,-0.02041899708746571,0.011970863708589108,1.487342840404405,0.025426995905418012,1.8687932375895508,1.1496038738758452,forward_head
25.18,-0.33853431910647375,-0.13254508694827416,-0.013172306012904656,0.006775286853741446,1.677128621716611,0.0332870537808007,1.836252353514281,1.097178424884455,forward_head
25.2,-0.28171328147754043,-0.13106649049419175,-0.010712175128090997,-0.023837774849624276,1.5844835313219205,0.036893012898878856,1.7469681545177476,1.1161708558802603,forward_head
25.22,-0.2569751285550698,-0.09338075769357475,-0.016616607974680807,-0.023106488927232105,1.5085934611505298,0.014003194332816144,1.890001640669385,1.1793236334189294,forward_head
25.24,-0.32304817627207727,-0.11801244891351532,-0.01608890713227281,-0.025669708485962804,1.639695842387457,0.05216093671133916,1.9028006511108415,1.205910643627595,forward_head
25.26,-0.33563215630263593,-0.14406559359950796,-0.03288505009394098,-0.0036033403325481314,1.5930831278919122,0.04929386396967869,1.84031907865732,1.1678913709207128,forward_head
25.28,-0.36290407597392593,-0.1395085086542955,-0.03064631319903504,-0.03163650711256568,1.5988030495001893,0.04195091062951881,1.876895733268579,1.1977507670463015,forward_head
25.3,-0.34985376454374495,-0.14161309605701655,-0.005628319363555499,0.0251369367451333,1.4712327372756255,0.022577395314477094,1.8397315158063021,1.175731898504855,forward_head
25.32,-0.33868720796186413,-0.12223140026992454,-0.03037708991000569,-0.020168847641339197,1.5633329158849196,0.029576873739556316,1.7651216594677555,1.1807032877266164,forward_head
25.34,-0.31286423376469935,-0.10476021789379215,-0.031016261140056012,-0.04148982926995235,1.6312009899872397,0.03208680451468297,1.8545013852301424,1.1099703684551483,forward_head
25.36,-0.34540492063298167,-0.09794646813270172,-0.011776127475571862,-0.004846627212040279,1.7208302619336306,0.032256008598789104,1.885030362669893,1.1437569804241248,forward_head
25.38,-0.30675382682485747,-0.11644874860687345,-0.01206196152932139,-0.010817778502218557,1.5428852943593745,0.03627849540007509,1.8431674557754958,1.1993849199010376,forward_head
25.4,-0.3187286289518612,-0.12518480455254247,-0.024629280310986677,-0.02261468471351112,1.5449403520195955,0.038330097631115216,1.8580482557016789,1.167337702483062,forward_head
25.42,-0.3356635398859293,-0.14792411466758842,-0.0364826557771988,0.0027197120909220923,1.57463980867449,0.006895714345147315,1.853179135729915,1.0574856074205685,forward_head
25.44,-0.34284233530064606,-0.1113848689227216,-0.003444698246384099,-0.013386130326380639,1.6306335633294822,0.023143615402461466,1.8383959120067397,1.1288772579081296,forward_head
25.46,-0.30357484853463573,-0.0986105393566558,-0.03997580439463886,-0.007996753524013333,1.5546045133286506,0.03805347360141428,1.7590661457894379,1.1383195326678002,forward_head
25.48,-0.2899805279825787,-0.12016494925302373,-0.017245540728782028,0.0015653440991826011,1.5432375793123558,0.01700596526606987,1.8034819600414957,1.1200907392461235,forward_head
25.5,-0.34722626678971646,-0.10920769971080295,-0.011428064947178783,-0.006911867070522145,1.5668221871634826,0.03746157970409251,1.715605498738776,1.1158213403407127,forward_head
25.52,-0.3040244041318658,-0.10362650625272393,-0.026213932008995668,-0.0033269104376030226,1.6467834141506184,0.03230163298112425,1.8347107689197542,1.1915110622000862,forward_head
25.54,-0.30164350347360597,-0.09485106286889468,-0.015118982637542577,-0.0035035438157026214,1.5885102739408201,0.04405417634075056,1.8092077061311218,1.2032572531157222,forward_head
25.56,-0.3287817524872788,-0.13538609913932728,-0.02580440319500845,-0.0029667647573176676,1.6561397785599925,0.015069328558267429,1.8810623584543233,1.2820999970277678,forward_head
25.58,-0.3139613813777767,-0.10494087005963561,0.01208472443866116,-0.003981526850607431,1.603349656992454,0.01728709150799495,1.81129723107039,1.2715808443560743,forward_head
25.6,-0.2865642944019147,-0.12609998002467512,-0.0009238337759566291,0.018365624975200178,1.5887763677592592,0.0319327571271337,1.8436217735465452,1.1806679732269776,forward_head
25.62,-0.3160219035040321,-0.12744501970014258,-0.003350351305991709,-0.017645807562307915,1.4531031054622279,0.04722530071760924,1.8296688832765888,1.0761359380582216,forward_head
25.64,-0.3132022694342622,-0.11877701473575841,-0.03571166702149679,0.01666623484242853,1.6179344310282313,0.03973460440534568,1.919499850537413,1.1354500053640098,forward_head
25.66,-0.3513674152280277,-0.09998804519620513,-0.010691063336212803,0.007273864219942383,1.6242407574708835,0.029986127020457286,1.852260928554195,1.106522126678492,forward_head
25.68,-0.3119033635152985,-0.14948682962227045,-0.029891936031298943,0.010359229933563835,1.5150166753571195,0.024694210784463346,1.789102868366304,1.179501599321202,forward_head
25.7,-0.35359738849319394,-0.1393062363593888,-0.025015585971775934,-0.0069971120749981065,1.6021903885230722,0.02962265445602647,1.903297035335855,1.174960005908955,forward_head
25.72,-0.338655115977101,-0.10614247078452049,-0.008415978581505758,-0.003149767725018054,1.6649253336690506,0.03261973255324079,1.8232515436690524,1.074880629264579,forward_head
25.74,-0.3462625779585397,-0.10060639372842965,-0.02048927795788151,0.007156616891703503,1.6617066699812133,0.0264146489836634,1.8025999331137597,1.051852425049703,forward_head
25.76,-0.29700443690239126,-0.09162427832360473,-0.017246599507020222,-0.012261127658146465,1.6708338999990735,0.030075954389239507,1.8809198823459157,1.1342017964552311,forward_head
25.78,-0.34234591503725215,-0.1182095012515578,-0.01697309989618035,-0.009194666022682131,1.5071006787203356,0.03680546470614091,1.822929859625963,1.1940412398231195,forward_head
25.8,-0.34483771100371274,-0.12592711944818633,-0.01674244184372148,-0.006752212892602281,1.5235684977057158,0.037470683704713965,1.802737591477576,1.173997914953976,forward_head
25.82,-0.3204820062138888,-0.10357029205813242,-0.024719507901653465,-0.01145495035406198,1.5178730038037145,0.021321522019105102,1.8647513878087922,1.1347544579979667,forward_head
25.84,-0.34800870079210455,-0.08471093631342481,-0.014182279955545867,-0.0033702827289401036,1.6562072411856494,0.02913714192571997,1.950405884580968,1.2274050731749997,forward_head
25.86,-0.25575354401829764,-0.14848922696237338,-0.044484444773951824,0.0027478184795594724,1.7306532655964186,0.028037968186829205,1.8102771023124458,1.1056492047412996,forward_head
25.88,-0.3325468732956682,-0.1111273491294839,-0.02576510542421384,-0.021441385649876462,1.5719632165007527,0.01590188557173433,1.8548963037224255,1.1445809358883567,forward_head
25.9,-0.28669494586580846,-0.12008627728586573,-0.03825323708970878,0.005215048092405719,1.473607957997076,0.026844405829529527,1.8139295661265509,1.1441920564733725,forward_head
25.92,-0.33853470012280656,-0.08447980428257017,-0.009696060801407523,-0.018289522138937545,1.4935030709821016,0.05887940849490543,1.9475428757760413,1.2600938623709628,forward_head
25.94,-0.33067985737808014,-0.11348490498135677,-0.013092657117389259,-0.02822985156117697,1.5963508877318164,0.022871580406754084,1.9117240179248804,1.1710891007257198,forward_head
25.96,-0.3079498856167119,-0.07295213015760213,-0.021348392787468466,-0.011496533891228079,1.66752709351139,0.028576020507088313,1.8354239460694215,1.1029534452330245,forward_head
25.98,-0.29651942909739254,-0.12070279744575875,-0.024986775412208454,0.015010863010946568,1.56828208133402,0.031715624878428564,1.8811568739014632,1.145744270659925,forward_head
26.0,-0.3530505721548868,-0.10982754371662934,-0.014680819207659348,-0.035351207637628994,1.6747725990350169,0.04363105769766107,1.8240876848811554,1.141884972833946,forward_head
26.02,-0.33531319183420705,-0.150101006632558,-0.019478888491959643,-0.0207724670764808,1.730111336510986,0.037327627999735505,1.8558245890353338,1.1440401342960875,forward_head
26.04,-0.30578732988542634,-0.11168168551276796,-0.0220719629447295,0.015941703790983038,1.4682272880589549,0.02147506958220191,1.8164111206579348,1.212699106434593,forward_head
26.06,-0.26266573006262484,-0.11143304756393876,-0.03633977723816671,-0.01242272829408855,1.652940149010034,0.052145056159329704,1.835979648518954,1.0562408861774544,forward_head
26.08,-0.32745855151722375,-0.12533789056213282,-0.010150477128368038,0.0006757958065777943,1.5842267216078822,0.0169240223322408,1.9084151381172634,1.203688795083916,forward_head
26.1,-0.2904442222364866,-0.11861198015667289,-0.01956948525988418,0.010770066306582025,1.5967138682540434,0.0338400007157748,1.8306627523213153,1.1529940370155576,forward_head
26.12,-0.3043235824965082,-0.1331074883401632,-0.03986464334080566,0.011999492436555102,1.7096599736335774,0.027567463605086127,1.8428004638283462,1.1682808808726428,forward_head
26.14,-0.33135418839527603,-0.10291964829697495,-0.008051713186035791,0.0333275587147157,1.610650867457305,0.01963247741016009,1.735093738342974,1.193024374780581,forward_head
26.16,-0.33256092808988774,-0.10866392971955731,-0.04198415714054175,-0.00906861550027708,1.5724076161006753,0.01585671241105998,1.8441803101804402,1.1678248016744228,forward_head
26.18,-0.3358118671468782,-0.11042011262631393,-0.003269312560017407,-0.015272252731580754,1.638858512360841,0.009275590737795433,1.7425513420920213,1.1256904175407452,forward_head
26.2,-0.3069582981183644,-0.11421733862903534,-0.017285011035729915,-0.02367453074217668,1.589823475395359,0.02644682341215669,1.8118198233054261,1.2144774657118107,forward_head
26.22,-0.3091262633851567,-0.12614327834067163,-0.016293019403549252,-0.00523839398150151,1.6708665897980495,0.03068782095854218,1.780598298914737,1.2075205857252092,forward_head
26.24,-0.337734553664084,-0.12024089101108487,-0.009944208213279402,-0.024098875689188927,1.6156295048744962,0.03327133588824738,1.8583241712932266,1.1423462759534608,forward_head
26.26,-0.3441101785612917,-0.10502464261630161,-0.006349017605055886,0.03258654465426554,1.5515760531689753,0.031769256781585306,1.7843635742753652,1.2240900409003859,forward_head
26.28,-0.31265014085460147,-0.1053450994135084,-0.017302143366258783,0.024152811720906688,1.5558056654668833,0.03305696166403338,1.8624112973670786,1.1703809617911458,forward_head
26.3,-0.2826189225885697,-0.12162053807931422,-0.03853038865497381,-0.0002542064823406194,1.5108263626619154,0.03727016708701959,1.8940484194910798,1.120296529856763,forward_head
26.32,-0.32763378353785055,-0.12046883345992725,-0.04157235646737243,0.003152177515510175,1.7146610112571348,0.0591437483474774,1.8458794172367163,1.1703365399177414,forward_head
26.34,-0.33415046435969603,-0.1093585916042216,-0.03170867750360171,0.004027994527930125,1.641490923706346,0.019521207825495046,1.7961450766947362,1.0595948501347143,forward_head
26.36,-0.3238539760098503,-0.0903583726624114,-0.02821232509467237,-0.00461553436895718,1.5596462923940626,0.03179767233926932,1.8009057976496667,1.1102325187273183,forward_head
26.38,-0.2943667175477561,-0.11650419502042125,-0.030125013215788584,0.0017562143514363595,1.6856925035883856,0.02236814000376091,1.9254883983928797,1.2124577405851995,forward_head
26.4,-0.299311781974123,-0.11320272239900955,-0.008684269640470239,0.012698383109559059,1.4886364324825208,0.021860041901644988,1.8114429360387865,1.1684829854165089,forward_head
26.42,-0.301860691710622,-0.12330380144926695,-0.02071119606177747,-0.003480961592804099,1.4792452186633644,0.03234055942107491,1.831159288834141,1.1385046876322389,forward_head
26.44,-0.30968649333862575,-0.13764853480055209,-9.681543768415988e-05,-0.009220650849709851,1.725047954473216,0.04594642875429389,1.809967428978879,1.1603189088639188,forward_head
26.46,-0.33267018786047114,-0.13003227891163543,-0.008553734026756462,-0.0075925237250842,1.5367909985422499,0.04558066325795372,1.8816206550659125,1.0817898336389162,forward_head
26.48,-0.34493074289241443,-0.08352742205202365,-0.03203013247715697,-0.0020660057123264284,1.5461206500985984,0.02315292572041464,1.7528739941032194,1.1210366402024732,forward_head
26.5,-0.32572609487694926,-0.1268043435608668,-0.01600572737319809,-0.010983003834189731,1.7918004216553656,0.014923297544165236,1.828630304736934,1.138000890718669,forward_head
26.52,-0.33360964331560955,-0.1468660844617533,-0.022213675593422088,0.01571366158238933,1.492709765804873,0.041683717115547955,1.8482015095326627,0.9836302616180648,forward_head
26.54,-0.32620585139256913,-0.12461117990776571,-0.03917931801323942,0.006028015382619287,1.5809339385686203,0.031781518873593144,1.8183824688479686,1.2414625292835748,forward_head
26.56,-0.3539278397227393,-0.1332892395360364,-0.028212285142006334,-0.01479454662350649,1.7095699337760393,0.023708842710613683,1.8903263790047768,0.9963828539519368,forward_head
26.58,-0.28242622944104484,-0.10065480185088238,-0.008322276758892811,-0.0022572615554260914,1.4126315425279243,0.03124462028432324,1.7006262329241644,1.1889464156472933,forward_head
26.6,-0.3255419063496851,-0.11192703756096994,-0.055020065777995196,0.013620867443729078,1.4975755491941336,0.04641646084292147,1.8760229542792666,1.1568407117066875,forward_head
26.62,-0.3060324654801403,-0.12851770340391255,-0.014622297364156744,-0.0020419878678764936,1.6008691288512604,0.03863057778839173,1.8684829745783098,1.249240423619954,forward_head
26.64,-0.3354395405781827,-0.09529658890413832,-0.031147547861492056,-0.0188417378407311,1.5308059993025567,0.03974754564098905,1.7988728441507147,1.1986526450012862,forward_head
26.66,-0.3069949152304276,-0.1067304607205986,-0.013566862847035578,0.013002921993042326,1.5410212185958239,0.017454481606231115,1.8899081139168161,1.1477327510224222,forward_head
26.68,-0.30189589621241897,-0.14698943408016255,-0.0013620419092328871,-0.01951182492968635,1.5479530918801017,0.0337996834106437,1.8047348576708864,1.1258557331602717,forward_head
26.7,-0.34977529237266347,-0.11958882648896475,-0.012185320522897832,-0.0005775840703255529,1.5191997704921958,0.02474347748035085,1.8722433507413812,1.255369651717921,forward_head
26.72,-0.2832702136922574,-0.1358716161461378,-0.03494933548827624,0.0020571950854142334,1.5511971163311453,0.023979047129998626,1.8671615255537128,1.1004237612152565,forward_head
26.74,-0.351856165075481,-0.11808630718786506,-0.0260867505182697,-0.0077651743815516224,1.592913191781049,0.02466419486717389,1.911255399281698,1.2377339850629225,forward_head
26.76,-0.3149933313252745,-0.13026118561972103,0.006338856143424298,0.002317379858834763,1.6333665701671178,0.027398069942541698,1.8474222724453098,1.0559717537711701,forward_head
26.78,-0.3125740176638788,-0.14461868825842547,-0.006894316689298371,0.006924697861740738,1.586814173613215,0.01222458038226612,1.8669324327910908,1.1185835410726734,forward_head
26.8,-0.32956264734156443,-0.12846279663593344,-0.037074994073274234,-0.0003259017981806458,1.6518145904252706,0.025077123464753857,1.8580787470176006,1.1503016974589766,forward_head
26.82,-0.31143365007902263,-0.1457866494060162,-0.02210069555632463,0.004843915765662091,1.6200580202460124,0.019061077131436798,1.9507348415407355,1.2247968037903316,forward_head
26.84,-0.3165726351040351,-0.14055213424073013,-0.03383920492247062,0.0013725218871348426,1.5681879031669448,0.03618067921515635,1.944132081522759,1.1425988712480644,forward_head
26.86,-0.30322743609588565,-0.11564680123877911,-0.021227435986741157,-0.018837567785337798,1.596171948537254,0.037415507497358134,1.8841780169293842,1.0254975772107673,forward_head
26.88,-0.3491099960642942,-0.10576857969206664,-0.03905162401762838,0.017059195849707602,1.6153922866100452,0.0425929217341169,1.8181863766699846,1.1622110540448014,forward_head
26.9,-0.3540670788565133,-0.1557815960313758,-0.02173172947406665,0.01682807845166012,1.6361471134815304,0.05648803399138531,1.8503263100415477,1.2008259228187432,forward_head
26.92,-0.3305995799952268,-0.08181892463310686,-0.0036513311302210044,-0.0006154581174486008,1.6129047428485686,0.029725974439534276,1.9665936627356362,1.1013086696515855,forward_head
26.94,-0.29271138942497127,-0.10455624475604403,-0.0063047681257852595,-0.0033295784103353817,1.592673625406412,0.026397692642255843,1.8501902210920977,1.163300741460034,forward_head
26.96,-0.31267975697209327,-0.09251679539567165,-0.017475275409998058,-0.02205895562475193,1.6198242269866525,0.04106374181514193,1.8822681786667907,1.0874753430545694,forward_head
26.98,-0.32945049473448795,-0.12936403565625718,-0.03888624487065321,0.0014890406454880825,1.507858440805735,0.03181553368311127,1.843217357056733,1.1493658352590697,forward_head
27.0,-0.32904704022044223,-0.12089928796256065,-0.02596321396647731,-0.0125761671615638,1.5636049256565827,0.03766305269618477,1.8464420991803328,1.2387298337272665,forward_head
27.02,-0.3092991064575666,-0.1143795033543511,-0.03480651725303668,-0.006816388084105049,1.5438913789569568,0.017167775231945244,1.8035891803575756,1.164362104052248,forward_head
27.04,-0.3142648665233475,-0.1213762795446046,-0.024183164176090583,-0.008336361053601112,1.689102014242534,0.01938327749366273,1.8518652736004764,1.1882517582101013,forward_head
27.06,-0.2971914281948613,-0.10880968606521196,0.016495561744194594,-0.011461086840392909,1.4859869778364716,0.02130427368872078,1.8654858160563361,1.1249119951313025,forward_head
27.08,-0.33402123040776266,-0.11609605769444495,-0.016681148888983047,-0.02713399890860873,1.606455542647622,0.031793146167926986,1.8934331874631223,1.070568501589432,forward_head
27.1,-0.335882601158278,-0.1358136359488565,-0.021440136573348118,0.00794419310199828,1.5939819939940776,0.0299330634175016,1.9037780712739134,1.0563506733993022,forward_head
27.12,-0.3230171643736798,-0.10255476180400713,-0.013445159196349461,-0.000147846273610164,1.5558164764755462,0.02662045537762353,1.8569770836421318,1.086589877659215,forward_head
27.14,-0.3203276179262963,-0.1075807981872105,-0.01328669273931214,0.0061684085976059,1.5238177674944196,0.019433876447467878,1.8138126924037052,1.2124326224781643,forward_head
27.16,-0.30298742195842143,-0.09311451834303519,-0.008530862741172906,-0.00831042402978586,1.6975798231587218,0.03256311234972788,1.87867102742928,1.1136405524864674,forward_head
27.18,-0.3433187893795057,-0.12879285589665826,-0.016610115955590435,-0.0030565927214012264,1.6462498055504664,0.014916303636635219,1.8893760847341934,1.1359176139919096,forward_head
27.2,-0.32802841724513127,-0.14046854474302933,-0.015604869329704936,-0.0018605248604386692,1.490869174713534,0.025653505026802255,1.6675626808423396,1.1599908453662946,forward_head
27.22,-0.33167679159976493,-0.09919298586100721,-0.02036504917036362,0.019897798087304387,1.6133584170628195,0.027089887158375042,1.823095535627524,1.0888012202419042,forward_head
27.24,-0.34555346715818874,-0.12454362484534423,-0.0014469116500705913,0.0006970301836711521,1.5869147800867136,0.027305267890159596,1.7085129777931392,1.1916862253620735,forward_head
27.26,-0.3301872830163096,-0.09967639171068947,-0.02129170172002254,-0.008651080357950501,1.5584005861186252,0.029954915328967806,1.7818281100842286,1.0905028656606757,forward_head
27.28,-0.3230390845158519,-0.1438350974140814,-0.03172023128473009,0.014097065537807587,1.6346606412527738,0.03259633731875724,1.8074536766151477,1.2231940952274036,forward_head
27.3,-0.326250673315535,-0.10965367935315308,-0.012116133533500627,-0.0012781901677540604,1.519510186212579,0.03161756867739077,1.8287457982310402,1.0681744568811946,forward_head
27.32,-0.3380336307514423,-0.11585565105932537,-0.03484504466560101,-0.018366252890632494,1.450666305747406,0.033454094465426354,1.8447851004135252,1.134567158760306,forward_head
27.34,-0.3305930908536682,-0.10641454644241188,-0.011350570682389132,0.02669611278368786,1.6114793868222526,0.043729407833216404,1.8272066983113868,1.1136977888590385,forward_head
27.36,-0.3141538410039767,-0.11515396910301978,0.005446095368635883,0.010267584009107147,1.4352727848832003,0.013905330690591989,1.8211735646655447,1.158105089581628,forward_head
27.38,-0.29878275126006615,-0.13821694644458,-0.015089293405210058,-0.015715557069164044,1.6587219931678812,0.04457080660900308,1.8175966398156518,1.0706007627613157,forward_head
27.4,-0.3069075113273471,-0.12532187154534682,-0.01397955347229645,-0.00010495099650969761,1.4928108632187318,0.03297734508709515,1.9715133501690845,1.0745517005324265,forward_head
27.42,-0.3338322057989831,-0.12165829657298874,-0.037566668886854095,-0.022025321485631678,1.634186624937009,0.031640151071749306,1.9817249463614366,1.0377770196652234,forward_head
27.44,-0.31465020476761246,-0.13352946106740207,0.00287437981675161,-0.0036928790776381572,1.7553803321669879,0.027470642183326486,1.8439402551410997,1.0821430777200198,forward_head
27.46,-0.281962888645082,-0.08560370737221039,-0.016422975653376654,-0.0037201577385103106,1.612531170808201,0.022286843336968162,1.8139787140955914,1.1178260206484103,forward_head
27.48,-0.34126735668355834,-0.10546327201049946,-0.03067974244275003,-0.010946330140278116,1.5849187116122296,0.024188786145600567,1.8207048267225059,1.0385826495559947,forward_head
27.5,-0.31290808750553695,-0.11469763817035972,-0.06013265640294796,-0.02758507583363553,1.6287817386555958,0.03255453924532806,1.789863492894124,1.0839911299231626,forward_head
27.52,-0.30706117234529434,-0.09310334301238304,-0.018136449953614988,0.0039638096401515876,1.5143684346242015,0.030533386424608032,1.8247616742546653,1.2434108096884298,forward_head
27.54,-0.2787869030255799,-0.12154828625124284,-0.03235978714743515,0.01707998208798265,1.5307336746020344,0.03794556377837732,1.7784704290730953,1.2138834768942626,forward_head
27.56,-0.2996549559181189,-0.14132265419942341,-0.015488878692878998,0.02434269295988336,1.6849062584061583,0.04313874224988959,1.7406962491052853,1.2285304593967075,forward_head
27.58,-0.3155186081669871,-0.13298667757887395,-0.005262243682831784,0.020848572775974763,1.6909096544507696,0.029787427879095926,1.8845324678263167,1.132895011904906,forward_head
27.6,-0.3248196273689651,-0.07949399768099802,-0.036034388215011856,-0.014712391964552684,1.640062715168831,0.0208435131673115,1.954868746021453,1.1144531349441593,forward_head
27.62,-0.3127218630475803,-0.13227686830636506,-0.021840027324305202,0.005709714816073921,1.6043988364690305,0.021232286737425946,1.9962721529149858,1.058058595429918,forward_head
27.64,-0.3450726550550982,-0.1378293525239728,-0.03377461338724061,-0.0037827235704441424,1.575499440226666,0.007976744219493338,1.8339886352096735,1.1228198630618722,forward_head
27.66,-0.2806566701641026,-0.10129097494618733,-0.024524171969166435,0.0220092472725816,1.6465982394135157,0.042232889893867,1.7552272322570748,1.17152409888607,forward_head
27.68,-0.34223330593156975,-0.07839601594440082,-0.03653797762566406,-0.004331528218396712,1.7552909410560684,0.04458159340203204,1.8939283184629012,1.0937524967723053,forward_head
27.7,-0.3532889472436981,-0.115537549796188,-0.005259976305336275,0.018105421000400385,1.5779616312626215,0.030994059363169096,1.8973517253194836,1.2060093829976677,forward_head
27.72,-0.32361082829608107,-0.11658183703916568,-0.022198500434251006,0.02207770031591694,1.593479510049103,0.03902367063282649,1.9323397953005652,1.0853555340647858,forward_head
27.74,-0.32121722418146087,-0.11904873325692394,-0.03102557188252337,-0.010387560203782249,1.6700669845073433,0.022207006305183227,1.9310884256961296,1.2585656673930077,forward_head
27.76,-0.30019322673239673,-0.09577042597938332,-0.028691981349674597,0.019441204921925997,1.5959351264158004,0.020350040675766474,1.8316475437391209,1.027313684925577,forward_head
27.78,-0.3356285359322075,-0.09299526716671914,-0.014329712914361508,0.013682442970953368,1.6690745624483252,0.02180056851172713,1.8642115776807144,1.2172231492817234,forward_head
27.8,-0.2868211060343417,-0.11860834480380417,-0.04480846762063799,-0.011970780817665111,1.5316418778850258,0.03732845883576613,1.839035174084168,1.2056416479837537,forward_head
27.82,-0.29534070155512765,-0.09947814987181372,-0.017378488438101,0.000671579798620521,1.7519645100647117,0.02218020935889367,1.9088425042925246,1.197613310293328,forward_head
27.84,-0.2975041510851651,-0.1068157474187407,-0.015912698433994593,0.006502575739602063,1.6331469274788308,0.026904897877899486,1.9228277799355376,1.1281943435041732,forward_head
27.86,-0.27643826813469013,-0.1293022994065161,-0.03824618904950057,-0.0343483302368796,1.430015439507436,0.029080755044649353,1.849384693529461,1.117368219813993,forward_head
27.88,-0.31153290073201034,-0.13820739452910139,-0.04153635191478513,-0.006296618825589659,1.5717040920839827,0.024189928489352207,1.7904327950462495,1.2146772875064906,forward_head
27.9,-0.32055872530169494,-0.15827934959771864,-0.03398492992709951,-0.022923230192402156,1.6543111551386445,0.015655027702150996,1.805799174807809,1.0933083097391523,forward_head
27.92,-0.2553046340483472,-0.09842290925181778,-0.0333819065895849,0.01648585779682187,1.630956389844238,0.03424648503938351,1.7976779791823472,1.198450687548817,forward_head
27.94,-0.3449235383131623,-0.11925985179620141,-0.03254881905906507,-0.006708672934119435,1.4277194161720734,0.015968918711478857,1.8696205983621161,1.1171642347795683,forward_head
27.96,-0.3191758781008578,-0.1046653124460215,-0.005071477871152124,0.00627523860178578,1.4602155000884092,0.02286543923252971,1.8731249411254307,1.1787263224813986,forward_head
27.98,-0.34230159382840664,-0.09262694934504717,-0.031188974511803833,-0.015569612253676,1.5336123447847458,0.025796334563116117,1.8186161087925425,1.1574610326816357,forward_head
28.0,-0.3497207889912909,-0.11671602225616932,-0.025468119801810487,-0.015355751824432983,1.514400678096731,0.05237069306739361,1.9192664713632148,1.077865115955773,forward_head
28.02,-0.3323617665635254,-0.10731058716687997,-0.0007127336660151622,-0.02579769589181317,1.6933551247852454,0.03596617500970211,1.8943792207759576,1.1968628556332883,forward_head
28.04,-0.3019128112746648,-0.1156503799655647,0.0028156225947925675,0.029884694293603967,1.5447001190111416,0.017953196104049766,1.8921217409867093,1.1179507411490752,forward_head
28.06,-0.31484121491757255,-0.12830552169420562,-0.029378940822048207,0.02559901103038018,1.6152620992505347,0.037132892541301254,1.7817759966127553,1.1655653545243405,forward_head
28.08,-0.3108415031809331,-0.1035599444337929,-0.04164498226484343,-0.00415689925661809,1.6148026898263026,0.021844246140854544,1.8708157410041883,1.0966170827325636,forward_head
28.1,-0.32370525668075817,-0.11151180854862729,-0.04529223765068309,0.013977253506394722,1.4847110204895622,0.03904776673722847,1.771373165804589,0.9960663778803707,forward_head
28.12,-0.32130441335122784,-0.11889242436326079,-0.01453150427774349,-0.00304544476799885,1.7547475380556228,0.029256192630949855,1.8664085280602996,1.0855419165773026,forward_head
28.14,-0.3574344844301899,-0.13216471169187655,-0.01990393100506105,0.01874022767554772,1.703079870072215,0.019556445626400333,1.7704708980219426,1.2033525040262487,forward_head
28.16,-0.3468744944815703,-0.13594313816658246,-0.024842339008244223,-0.009139028899388987,1.589703770151857,0.013461850796499933,1.7094233578672693,1.1928629497086733,forward_head
28.18,-0.34517572146917186,-0.12927776319425235,-0.0294785176203358,-0.0028842037616825357,1.5071152365744582,0.011951152631024562,1.827613060866917,1.2095425099155575,forward_head
28.2,-0.3352116646009235,-0.14191816317009218,-0.027664247062433905,0.02671097615585681,1.6357337198898332,0.020626326921063334,1.8914701885505107,1.0921290882535446,forward_head
28.22,-0.32051026559678564,-0.09098792459716966,-0.03485486216981055,-0.0037377583228503266,1.686707084426239,0.032398896184190354,1.7923201677907616,1.07067361852896,forward_head
28.24,-0.32898399161887015,-0.09803073138231232,-0.02396176580214852,0.005013591450902533,1.486142197772377,0.03486974233523191,1.8048263495778738,1.0664393306275197,forward_head
28.26,-0.28696849567557264,-0.13573574242008193,-0.02723031027009533,-0.023710503773232756,1.5365338554129457,0.030706853271577527,1.8125518728878727,1.088150958155652,forward_head
28.28,-0.3110996873373715,-0.10325271933628205,-0.024315296866632745,0.005360031394981517,1.6620299233084572,0.04642498730916993,1.8564000830858718,1.1068255088404422,forward_head
28.3,-0.2987595236327128,-0.13130264304250644,-0.017171865489440673,0.012387218885924705,1.647692446413731,0.028673575111434157,1.8524197577765902,1.149589752191762,forward_head
28.32,-0.3569468121005145,-0.09790773645102967,-0.055530114367331566,0.017055607993383175,1.6785534495121235,0.01741048194431985,1.8131137467690506,1.1182169606521297,forward_head
28.34,-0.30884592230304614,-0.11261413392753977,-0.012189729819411181,-0.01258904388067487,1.6150386522836637,0.047348449554559975,1.7839774251584837,1.098289684670486,forward_head
28.36,-0.3031839199594458,-0.12837505857255818,-0.005218917677839667,0.01858898797008413,1.6559544123063057,0.023789849999393688,1.9310520984022848,1.14450465402519,forward_head
28.38,-0.3042483143244196,-0.11936279314107916,-0.028421266817585805,-0.004811649322450648,1.595113321516773,0.014231229828204083,1.7800909087469787,1.1251895701979204,forward_head
28.4,-0.3336484062318577,-0.13332465260247023,-0.025164757982736024,0.005019291867944379,1.8012513347604917,0.03578563082389418,1.817636944536918,1.2130405218215192,forward_head
28.42,-0.3179650218566221,-0.12437948914379736,-0.005877831884844375,-0.0029745148997744764,1.5616456347993424,0.04777308188047761,1.9449101373853301,1.1838367949367685,forward_head
28.44,-0.33837625739484206,-0.10786097044234551,-0.04327210661115596,0.01420866059025064,1.5530768590141955,0.036349964682274714,1.9164370322424105,1.1510508125550558,forward_head
28.46,-0.29447428896912914,-0.14035199637336337,-0.013880384401555484,-0.016107573315598117,1.5452654763353313,0.0366642807535706,1.854781124987178,1.2362026623680842,forward_head
28.48,-0.35967834185966086,-0.07827239753003934,-0.04259253545236808,0.027104978318409394,1.651474691366264,0.01537363574672379,1.70649959400635,1.2103863361760818,forward_head
28.5,-0.31182519923598007,-0.12115427265514088,-0.01830348326237507,-0.03664555673259429,1.5394387481815113,0.03688672685937565,1.8389600292259372,1.1832671205570113,forward_head
28.52,-0.3541951017150181,-0.14183838420190992,-0.03730085985592209,0.012513734972433419,1.5808621838220638,0.039881532679220816,1.8397319732825044,1.128994257460593,forward_head
28.54,-0.33851948184737496,-0.12891475239885453,-0.03684690833524398,-0.014807341909101565,1.6484357195940085,0.024893963513163125,1.7548150271002476,1.1973213468769306,forward_head
28.56,-0.286821276520122,-0.15428489690200803,-0.03300157902265907,0.01136484994777406,1.6199511761595904,0.020062615214111536,1.7624522354728875,1.0972634764530624,forward_head
28.58,-0.3323914561898794,-0.1348706887966163,-0.022116495791608584,-0.006783551301632749,1.6749666182039875,0.027055263281437328,1.705933114977153,1.1805659449867034,forward_head
28.6,-0.3559385139713225,-0.11601612758271723,-0.014157069827940533,0.009335586283097075,1.4915648686279106,0.02656272163589388,1.923180197390963,1.1339682466407286,forward_head
28.62,-0.3208016677488026,-0.1356653554124265,-0.008888029425243273,-0.003115650569770051,1.6203434826397942,0.04157148706271263,1.9318917347733104,1.1680875044602472,forward_head
28.64,-0.28790342187662893,-0.1091070916249205,-0.04041007691209336,0.013938734577272953,1.81200887744353,0.04610539499331492,1.9831007648027137,1.157784524366873,forward_head
28.66,-0.3123536850256281,-0.09769158228649007,-0.019749096508523863,0.0028620249117790827,1.6140134810229159,0.03467355252361013,1.8143546760639548,1.1442085977368575,forward_head
28.68,-0.31736812081845495,-0.11916279067485004,-0.04330717943975663,-0.0017951470430131683,1.6704936063153415,0.029068686507139768,1.8539656873636954,1.1690784481795387,forward_head
28.7,-0.3022544063894944,-0.10447873735023307,-0.029313871283730687,-0.010016214732401791,1.678755222362441,0.018261587872381062,1.8988774313905066,1.16570663571931,forward_head
28.72,-0.3244341332293575,-0.12466686637442319,-0.035199682973080675,-0.005565804179938864,1.5871664997119697,0.04218247979660029,1.7955315111316321,1.2431125291203955,forward_head
28.74,-0.30794343925425177,-0.1126689498351906,-0.04308312323342781,-0.03085835095859114,1.566741989655596,0.04120255660062717,1.9525827004088123,1.008491604570198,forward_head
28.76,-0.2854511349994884,-0.11587698192247074,0.009809147852062145,-0.015687918156586832,1.7743916490869507,0.021753445904727747,1.9143473648865414,1.1448066947244895,forward_head
28.78,-0.3265486232132226,-0.0860533911633654,-0.024345365508634132,0.0076945692986421154,1.6883384614884145,0.0516178640171491,1.8743267381402668,1.0970853742355915,forward_head
28.8,-0.294469098277254,-0.14750242459504417,0.010042333191577397,0.010658465966010392,1.614065730842739,0.02170734378938038,1.8551283373017262,1.1135077307574701,forward_head
28.82,-0.3361132968925579,-0.07918144549556146,-0.013279544785021283,-0.007773607369154806,1.506116648081824,0.013459405981918787,1.8725383729882585,1.0993174991303893,forward_head
28.84,-0.30221811243698654,-0.1108224940848355,-0.05694639651972446,-0.006174586105940472,1.6406399371318372,0.028839069010869134,1.9507639765275508,1.184449744236706,forward_head
28.86,-0.31900900368060164,-0.15701577577556639,-0.019917412987828474,0.021347836039956707,1.5863294380025454,0.031133337492018697,1.7951262940669779,1.209930615337846,forward_head
28.88,-0.35366427682299634,-0.08677959770607442,-0.024941876378377106,0.012569808816203724,1.4253327011431618,0.023334938579741747,1.7690268853585553,1.1828325635725558,forward_head
28.9,-0.33670390563769553,-0.11437874770246677,-0.02528679233298669,0.008536928092510152,1.5225061240558204,0.03200385590601091,1.7767138366023376,1.098965033394372,forward_head
28.92,-0.2634854021379807,-0.08987379353945471,-0.018083517046819233,-0.014160381904549385,1.5912784125809698,0.016149140211181322,1.7891272385525505,1.1840289724127524,forward_head
28.94,-0.31378489606213966,-0.13266757684233368,-0.010407476372931896,-0.0015563002394339326,1.5397333475106936,0.01954331291247389,1.8155958138414057,1.262602407440498,forward_head
28.96,-0.3180507450191972,-0.10626540970819363,-0.03411010170431797,-0.015855490284174968,1.7292469400160657,0.03181129894800081,1.841242151717595,1.1567488479296768,forward_head
28.98,-0.28349650648812136,-0.09772657165823073,-0.03664393003825926,0.007032837255665485,1.609973606277769,0.03436788187428621,1.867333391954436,1.1975224930493529,forward_head
29.0,-0.31592805712658695,-0.10051813702009386,-0.023106115597830545,-0.0031075747387146954,1.7061168785782732,0.01934367559760342,1.95962703063672,1.1555369804302902,forward_head
29.02,-0.3436018404224179,-0.13576522578172032,-0.03280558372614292,0.019159056761658657,1.5613047237351563,0.02555006474266545,1.7537265143913745,1.0604038483697178,forward_head
29.04,-0.29082323716678843,-0.09657438956715046,-0.03437102048027772,-0.013737192738088362,1.6324922224875185,0.04240016037697045,1.9383814498479537,1.147691902180403,forward_head
29.06,-0.36192050981925633,-0.10941294771317929,0.0022845843045623676,0.00783175730974604,1.484977476528559,0.02222221749853306,1.8048272720694392,1.1055578818912246,forward_head
29.08,-0.3393131387324028,-0.1614355526702698,-0.014730000951723686,-0.03509713335114219,1.6107478239713848,0.032117151536565566,1.838290731864116,1.1420304703756807,forward_head
29.1,-0.27720802031374947,-0.12328839751545169,-0.059356833995678676,-0.012253847736450428,1.563596617151262,0.02062995246472493,1.743103390968002,1.0181045066212835,forward_head
29.12,-0.34807387769648296,-0.12415982119134358,-0.031973114909621236,0.009730879293091344,1.6452859804678632,0.0386782243671201,1.8271691252278426,0.9895063999992406,forward_head
29.14,-0.3353132057065049,-0.12298690569665702,-0.020978882820073402,-0.008817273826196842,1.6645570380239358,0.03714464203186256,1.94920201427711,1.0521967470272495,forward_head
29.16,-0.33962513925035753,-0.10333240404483805,-0.028360916735102326,0.0009929825296899253,1.6462902702507984,0.02387331622132798,1.9703990252298722,1.187994539945357,forward_head
29.18,-0.32775642013473927,-0.08259850299817255,-0.032873813778064094,-0.018591053543916793,1.609292755362524,0.03662023451629315,1.8409875612114466,1.1327758786851712,forward_head
29.2,-0.33329092487096534,-0.13676101430953166,-0.01012855674160085,-0.008639364176368954,1.637570162300792,0.02966284627100115,1.8326956694758494,1.184206540405579,forward_head
29.22,-0.3093781335545196,-0.11380180096115107,-0.03846514414041295,-0.002740399094749467,1.59106247046889,0.023960905208636574,1.9794259183802507,1.168361970122618,forward_head
29.24,-0.31599486850022873,-0.10850428789687296,-0.01863814117529016,-0.0011377638235487873,1.7194499987839271,0.03656931906252287,1.8185676467614924,1.1788754773476122,forward_head
29.26,-0.33182494153627895,-0.1137955477611333,-0.03167308029360554,-0.00465046122162841,1.7061693191837026,0.0332518977258681,1.8106668101834738,1.0740349258716266,forward_head
29.28,-0.3146819075028669,-0.128522809456637,-0.00291304339893229,0.005082287110971554,1.4413557515307738,0.032077057197995716,1.8341481522709393,1.1996414831351891,forward_head
29.3,-0.29223255254892233,-0.09699598565048587,-0.006079741524458571,-0.001191678808711665,1.5626231278705098,0.045510442809528234,1.8709021339342071,1.162992643726378,forward_head
29.32,-0.32828063218851783,-0.11372667230851834,-0.014866249074238825,-0.0004957673275895434,1.5869190760708554,0.029822068596038937,1.872321398358704,1.2144854500625872,forward_head
29.34,-0.3199795610320702,-0.12311354059376521,-0.035873065124660174,0.007376192327325374,1.5087612824674683,0.029876000380945338,1.790566697903774,1.0559638946846024,forward_head
29.36,-0.3202162732738439,-0.1573724602352437,-0.015739989605382976,-0.00927029299384313,1.6314381837703924,0.010274730746552715,1.8465010373619033,1.2207980459063745,forward_head
29.38,-0.2835699528180156,-0.095518166524216,-0.013214846730618814,0.02579177307786205,1.5213863910282293,0.027994210282848125,1.8281222212155672,1.223608421665547,forward_head
29.4,-0.3133533347514525,-0.10588647932819154,-0.012914216361862046,0.0014119440552861884,1.6872499716636162,0.02963098583622127,1.7198189656119491,1.1092535107837571,forward_head
29.42,-0.3353522338186037,-0.13183510596607256,-0.00244772359231715,-0.007873236423576228,1.5228162638340181,0.04044727470382028,1.9219733090933473,1.1693978001593528,forward_head
29.44,-0.30931251207561417,-0.10748597391040718,-0.01900571326272672,0.0012444031662591276,1.6689764806441005,0.006981875597164623,1.8348379714991538,1.27132929614903,forward_head
29.46,-0.34825683653161316,-0.08790787378523884,-0.03493927527737469,-0.0018746084013721222,1.4889635715353498,0.037161994755870474,1.8551751773121221,1.1346033197040781,forward_head
29.48,-0.3347489729300662,-0.10300154333577306,-0.03188840012223409,0.012043355332748846,1.5303023143825003,0.02680966984622344,1.867234676809096,1.1828018893435126,forward_head
29.5,-0.34164891424549026,-0.10802740483607871,-0.024731567327701116,-0.03681099865221106,1.4660670784535008,0.053018190821332835,1.882422410079035,1.1729148466905122,forward_head
29.52,-0.306374398298017,-0.10328464034864346,-0.02640317340244248,0.0086099857984581,1.7084193506587242,0.02077595276517575,1.7469729302318715,1.2025841873165724,forward_head
29.54,-0.3499699512935579,-0.11540834763445092,-0.017989703373114816,0.010978384465898794,1.537744736967381,0.027550061190345296,1.7936665038524648,1.020804278073463,forward_head
29.56,-0.3128804954407326,-0.1384059152790181,-0.03523853218203741,-0.0034890165622356436,1.602261310850351,0.031821406876202496,1.845535782301496,0.9993944779847674,forward_head
29.58,-0.3005228488171605,-0.13673526226203236,-0.03233426876982717,0.0004991209430686054,1.6991952004789443,0.03250382831457601,1.8603392309632651,1.132991860338718,forward_head
29.6,-0.2813540563658223,-0.10720417188878527,-0.030081878244984143,-0.0027053611208310195,1.5882143238697006,0.040181413857356144,1.7877894505529888,1.046185822770788,forward_head
29.62,-0.30707474422590075,-0.10143851421218325,-0.03210707444547156,0.027705653871699022,1.6432030973383807,0.0238267980121399,1.8308119952975497,1.2402956900281827,forward_head
29.64,-0.3151656806867194,-0.07212350955680925,-0.03723497869555262,-0.003523284180391577,1.5702130067806965,0.030915833170818658,1.8315083735811746,1.216393168283622,forward_head
29.66,-0.3165839161313912,-0.11775253896745347,-0.04269995229942869,0.0006327905874269908,1.6146596539456786,0.02784334472316667,1.8088767866026068,1.0361357865992136,forward_head
29.68,-0.2662435887404014,-0.13715726953941082,-0.012207427130925166,0.005994550583539793,1.4589498341754286,0.02907169452746933,1.7491231059523253,1.0621361062580859,forward_head
29.7,-0.2952935236867796,-0.059611330147653525,-0.010752211454683556,-0.008400940730350406,1.3912024382906079,0.03461218670566517,1.8252068481792871,1.1806155628785595,forward_head
29.72,-0.361270323188781,-0.13696097939796495,-0.014960138571568875,0.008679010920708895,1.5744726269144218,0.02234125885824297,1.8338184770637693,1.1590399264496092,forward_head
29.74,-0.32523508400738105,-0.13292270053775865,-0.007074685287810335,0.012488556209343643,1.5426278122019226,0.03285496846583856,1.8185452934921853,1.176546812861882,forward_head
29.76,-0.32971350372790603,-0.10088265211879727,-0.0012250843886649028,0.01792262569640529,1.614020677400529,0.03605881017394697,1.8776730177778873,1.0944131989171884,forward_head
29.78,-0.32360772918427166,-0.11042454976099655,-0.0448575598836505,0.016889511715487103,1.532745658186021,0.02008688899103528,1.757250466656358,1.1329740178343375,forward_head
29.8,-0.2873389876462664,-0.10919457340469509,-0.015142254659903815,0.022764582110505673,1.5039538249991786,0.024767790333415023,1.8429290662141045,1.1482527064244699,forward_head
29.82,-0.3144392941913794,-0.11763073475282612,-0.025540246307207623,-0.009603834758008816,1.5817689770106207,0.013828661102375493,1.9322326647546575,1.164826926693925,forward_head
29.84,-0.314686093560601,-0.10969014789091319,-0.010878395205619673,0.01799431100653444,1.6768709598413938,0.032281207143202366,1.8455066334410992,1.1147627080629599,forward_head
29.86,-0.325411267299961,-0.1253813084166842,-0.0036950064965191377,0.026876793503543012,1.426900859174126,0.04205792519994925,1.8538963524824832,1.2232601203851885,forward_head
29.88,-0.3483764157647888,-0.11235417524793014,-0.025717142399622073,-0.009461662139500815,1.541551424191321,0.035391511642288556,1.860982730495298,1.1730173921173628,forward_head
29.9,-0.32316968735580326,-0.08336259955116052,-0.003518157188364848,-0.0004710504643577968,1.7113482429800495,0.036129432698981896,1.941090248412939,1.1318652233360713,forward_head
29.92,-0.3334642557471698,-0.11552530917166413,-0.035938410400213484,-0.0006952986070680047,1.5675933412005558,0.034292922608986094,1.9259248319047144,1.1055113623830997,forward_head
29.94,-0.3055951860289803,-0.1062884892721014,-0.024327362370593856,0.01887734883323901,1.565868058187388,0.023960547160941297,1.8966332717682568,1.130033344181482,forward_head
29.96,-0.3061854448111539,-0.09456123590930791,-0.02527653564167256,-0.01916211931952851,1.5624652226736229,0.025739936379015133,1.7531892643273979,1.1937809759499105,forward_head
29.98,-0.30487397194789173,-0.11196907394349648,-0.014116332938022266,0.00626037823197707,1.657362625575842,0.01788002263627795,1.8751597367229924,1.1591038190010148,forward_head
30.0,-0.3207435218781672,-0.12557718498698547,-0.01945562108294978,0.021875179253783534,1.5033132532866222,0.0380512043235014,1.892683094420941,1.1018067544197643,forward_head
30.02,-0.3491545720258365,-0.11391837128490172,-0.039516789397628246,-0.02723565330240304,1.5652971022465894,0.03289482147128993,1.8786888376819948,1.1979016403003395,forward_head
30.04,-0.33609555015219683,-0.1110288393695097,-0.026315543033245417,-0.007194127314534068,1.5935036976624473,0.02894786593863059,1.9261445296211803,1.1979723389990964,forward_head
30.06,-0.32385081868800686,-0.1424454733238857,0.01482702332195498,-0.010207235815474343,1.4878455333816527,0.028814874327040073,1.7444015881641526,1.2337249879154413,forward_head
30.08,-0.3254595155462285,-0.1146415295103029,-0.02800030631679973,0.014092637638015978,1.6506714017389557,0.02043224857181996,1.8613755861177066,1.185046997707991,forward_head
30.1,-0.3385142019290874,-0.0960218913450717,-0.026330032312324596,-0.01945805220523756,1.508241610016191,0.034277791177138056,1.8134062108482736,1.0758100111052065,forward_head
30.12,-0.33565194685306365,-0.09545081151916218,-0.014223294933353036,-0.012499616513491674,1.4492892127961912,0.006411397332448206,1.8603897194012486,1.0846527129413934,forward_head
30.14,-0.32602680259523326,-0.13478738168780668,-0.025344357897979734,-0.0026465684581812223,1.6442591812776806,0.030219394492721065,1.7336322409161857,1.1891894579446043,forward_head
30.16,-0.31489613240506403,-0.14675421874191025,-0.018566775971416576,-0.007673982828386298,1.4932048170775536,0.025942566549115115,1.729881217205086,1.0464346997950873,forward_head
30.18,-0.3138729320643899,-0.08259016169030739,-0.027649716948182447,-0.006556636373864173,1.615214781971451,0.026923101609611953,1.8246316492282475,1.0923793994094406,forward_head
30.2,-0.3474406179517908,-0.11687229092732397,-0.010755070586213191,-0.01571722459908828,1.64053554090153,0.025202631246148445,1.812512436765943,1.0903956033000783,forward_head
30.22,-0.33754945647466517,-0.11944595163091022,-0.0173225387347621,-0.007377605161098224,1.6561245940069322,0.01600222759373793,1.8677918335425863,1.1345325328752753,forward_head
30.24,-0.2807816992294513,-0.10203618248767207,-0.014435373335129597,0.01146493642176169,1.6416587765978181,0.018654005862320744,1.9480586714279096,1.1281723971535305,forward_head
30.26,-0.32597903221953745,-0.1270646657905904,-0.01734942632860981,0.009616588851833967,1.469267129324281,0.03260200287531959,1.7344333996396795,1.2177307723566588,forward_head
30.28,-0.2855845561566219,-0.1408119036965536,-0.01798218753400504,-0.00690746228409332,1.530477942437176,0.02604639305741397,1.8045030668398916,1.126253350197194,forward_head
30.3,-0.320593334066231,-0.12090569464959275,-0.04680924891648018,0.0007174618441058556,1.5637606291476565,0.03239785314050376,1.8025674817869883,1.1167664888448474,forward_head
30.32,-0.32593451428723647,-0.09366626901379066,-0.019166086645538954,0.008502867594559534,1.573621387218391,0.019492270348414095,1.8494815334675332,1.1683932806957802,forward_head
30.34,-0.30922322818378656,-0.13326605311154466,-0.008046110832071423,0.020533892936344233,1.5989370320713012,0.013081021568219338,1.8170156164391225,1.2624848983849655,forward_head
30.36,-0.3147010698066411,-0.10917575527999847,-0.026118060496627866,0.0156075089195906,1.459498562889612,0.023757689837683824,1.7283138984409754,1.189241747560771,forward_head
30.38,-0.317945460084112,-0.13348340284989263,-0.03319899455821008,0.03601545786468023,1.5514497260510889,0.04387954998039743,1.9255197595963607,1.1390589938731706,forward_head
30.4,-0.348998538988758,-0.10164203679822423,-0.009996614195493629,-0.004610722681795572,1.5632407904009131,0.006314242478776475,1.8988400493697355,1.217460562694342,forward_head
30.42,-0.302901206240417,-0.11823210068167618,-0.02761107871064684,0.028026848812887074,1.6186982139916835,0.034442508698397024,1.7513380526251277,1.175947756025674,forward_head
30.44,-0.31309581245168944,-0.10035831219015753,-0.010592277178796235,-0.00020228861860873207,1.5502967526799143,0.02174290858654433,1.858616928031437,1.1897289371835063,forward_head
30.46,-0.32893724205309643,-0.11248413955131477,-0.015225909324085874,0.023266413670921998,1.445969782626007,0.023907613159865625,1.7969071300681816,1.1538661481252823,forward_head
30.48,-0.3370333746826817,-0.12197873212241163,-0.014867885344407786,-0.006872966755700583,1.4324985997013577,0.032106229743106264,1.8344955417330426,1.0606200213997616,forward_head
30.5,-0.3403640992477417,-0.0889709634610219,-0.004786049149536112,0.001553263598995975,1.5708813601355616,0.022796468660024768,1.8938511242859342,1.222859372009193,forward_head
30.52,-0.2836345288407015,-0.11644204947927213,-0.03873601244909443,-0.024157204266224117,1.603357531131859,0.033010656615615835,1.8610431482816425,1.1055321665044153,forward_head
30.54,-0.3526458870285314,-0.14861480984344716,-0.016417743111854812,0.006457891845908018,1.572118897936802,0.041663721156537686,1.8343964668203159,1.1632966791741135,forward_head
30.56,-0.3116956078508075,-0.12805961910698654,-0.033386784884178865,0.012148807415553206,1.6902507326512672,0.05202502876772293,1.8313673015990415,1.1661838807195404,forward_head
30.58,-0.31368680511327457,-0.09850706730723094,-0.014651693023943944,0.010716378086642843,1.7079159759880218,0.015612743115922954,1.867590743187702,1.2958045140264205,forward_head
30.6,-0.3628577043199279,-0.10151073049277963,-0.02243427562620285,-0.005199201511033028,1.494035495749245,0.031167643596910075,1.8751069056458955,1.1812747315154397,forward_head
30.62,-0.3338123464386492,-0.13010150783228794,-0.015172933499713864,0.042377234106261104,1.7564749843039404,0.04510885951542531,1.7721598865791988,1.1512989766840922,forward_head
30.64,-0.2784676017567281,-0.12601739138653006,-0.03433155199865961,-0.015218362941270285,1.7479862278862217,0.02724335730534084,1.8078704462731021,1.1167548487755516,forward_head
30.66,-0.31128915473926894,-0.15203672187651718,0.0034544969078259507,0.005903090178672053,1.5352005684039596,0.033320587252983654,1.8117850371157111,1.2235013715725194,forward_head
30.68,-0.37609407793307387,-0.11167187495582365,-0.0147222800249574,0.01301644290000323,1.6051636279001833,0.03020259613629855,1.8587319556621456,1.1069079697603073,forward_head
30.7,-0.32745128075012125,-0.11229915167033659,-0.02232827736983757,-0.0058933911214593205,1.5414061404764459,0.032806533394366184,1.9076772135871696,1.180022643814748,forward_head
30.72,-0.2933125070095769,-0.11989967822138338,-0.0558156434149732,0.011268093852274888,1.5515065906008887,0.012021260391587359,1.7881078554182093,1.1793465571316641,forward_head
30.74,-0.2985394001731251,-0.11503031861240531,-0.012036717253834112,0.024504402278976985,1.5826812524311593,0.02855306806458418,1.788620065698436,1.199194426802532,forward_head
30.76,-0.34306283407867794,-0.13579871351006817,-0.03060210770343395,-0.0013578012475080538,1.5162031353467307,0.03148337100515224,1.8155515320380275,1.2036993931604183,forward_head
30.78,-0.3072719345648406,-0.11194266223288217,-0.023507449926195596,-0.014879165432165668,1.7041712736979584,0.02673298496883945,1.840008205445169,1.1530325708064662,forward_head
30.8,-0.303947411956866,-0.15189582818771616,-0.039839833529580496,0.03814670587300911,1.6024970765919904,0.04280362226351861,1.7591718947567778,1.0780110360629278,forward_head
30.82,-0.2875927952822335,-0.12711501287794807,-0.013105553128759074,-0.0051547402843175405,1.5262376147665715,0.043626767756824135,1.8475500917432608,1.1861012006693072,forward_head
30.84,-0.3557259865581431,-0.1390951302790833,-0.004575009855714044,-0.004382730416226133,1.6082209639037455,0.03176122800383814,1.7900404583609053,1.1907624319334338,forward_head
30.86,-0.28316447221531565,-0.12401648956641946,-0.004456294682688919,0.016392556867037084,1.6701561419237634,0.03128707921599875,1.8005165254235411,1.0595229238323944,forward_head
30.88,-0.31410868814106285,-0.10962720313187092,-0.007286741488851476,0.0056065828759812,1.5698377971994195,0.023059499829877792,1.8601832221414505,1.1250060145766978,forward_head
30.9,-0.33312888771583765,-0.08475821633534494,-0.021471913625606524,-0.0028838029552436884,1.5695628655833953,0.043283231971556584,1.9104152133016614,1.1102489931151944,forward_head
30.92,-0.3611590482874068,-0.11056397736365164,-0.014963039896814852,0.0018261624607469622,1.6113257765616151,0.033727521114795565,1.8919884452004063,1.0771764122940852,forward_head
30.94,-0.29495931741516745,-0.15958791067409092,-0.020488109737468577,0.009744817219726346,1.5791466035716961,0.042471658133006004,1.9693092997112753,1.1069632615222815,forward_head
30.96,-0.33500435787682903,-0.08472261556989769,-0.013822482298311194,0.0038511561467951404,1.6389575223964226,0.044166792179459256,1.9152111637837994,1.1737564275237906,forward_head
30.98,-0.31486029343505834,-0.10251782465276953,-0.021247624929892878,0.004264928603684811,1.6087533134657026,0.03432664959522384,1.8838503104378266,1.265491949028333,forward_head
31.0,-0.33379225279567304,-0.08471758417177541,0.008506633533661047,-0.002401580138326939,1.5082954968925302,0.03811193433907592,1.79045954399328,1.0887072672676512,forward_head
31.02,-0.3425766590463291,-0.08863538815390595,-0.01669541774221176,-0.006304442387044095,1.5851621475664772,0.025172944175492453,1.8786688441027515,1.2133890827283877,forward_head
31.04,-0.3073743602764166,-0.1034819668794688,-0.0005740794572209226,-0.002190857056850332,1.4646902416000773,0.039347534802656244,1.85655173350531,1.0321117458709783,forward_head
31.06,-0.3068899869498637,-0.07211746382108189,-0.0032074713610611228,0.004441647474153673,1.4374006635875578,0.020360373144305804,1.8765250214509164,1.121099234377256,forward_head
31.08,-0.3172433615193616,-0.10118954314575973,-0.034688061870294364,-0.018869254177820743,1.6440192929097315,0.0451778198945869,1.7905895392258862,1.0611383772671203,forward_head
31.1,-0.3571884778235989,-0.11578317784984392,-0.042377109605503116,0.022633152327714883,1.5775017386246255,0.029269869180134217,1.688227964348284,1.2271868355165785,forward_head
31.12,-0.32448583124303426,-0.11384748678870596,-0.027807906734475262,0.038151292499666686,1.5947623730442535,0.049870935531090885,1.9424826586676036,1.1551161247691764,forward_head
31.14,-0.27641593040141216,-0.12415779623017824,-0.001573582193880453,0.029068877436115227,1.6214210724518616,0.05372413077893794,1.9415919281070282,1.2274155032667153,forward_head
31.16,-0.3431452534842093,-0.07225341133561404,-0.03899279904581699,0.004119398051444188,1.5923030928006052,0.04115386264928949,1.7999898185759298,1.09776818310833,forward_head
31.18,-0.34185202890441774,-0.10293077413125926,-0.02140406919250658,-0.013055919594251628,1.352819981768484,0.028335970301745894,1.9817468468330346,1.1453639340323944,forward_head
31.2,-0.3279265838826136,-0.1304502075290826,-0.013649392285910241,-0.012857071514511889,1.6456295441168876,0.022215121159259357,1.7408992864462345,1.0883024746394958,forward_head
31.22,-0.332286761845049,-0.09466743836539017,-0.010747220862311066,-0.018236399030410293,1.660503905156741,0.022562576824093038,1.8165465097264253,1.1829477329832492,forward_head
31.24,-0.32388668415831373,-0.10646259334590817,-0.024831935549897696,-0.0009130985331975435,1.5839669430326035,0.04414786506714107,1.8970898040542747,0.9589371706412197,forward_head
31.26,-0.3158496085801629,-0.13150510976980354,-0.041596096667473395,-0.021087392634580985,1.5409953912065602,0.02686657803415402,1.7680484029395331,1.1255235736916422,forward_head
31.28,-0.3065700282563389,-0.09802678434238503,-0.018729696394521142,0.013645106573755832,1.4855965180043176,0.036139247590068486,1.8228201145899325,1.1178725782967538,forward_head
31.3,-0.33109417658073387,-0.10268078158852657,-0.018425472601021165,-0.01244657113366698,1.5389268922772568,0.02036057417599813,1.745883535994481,1.2041212003649948,forward_head
31.32,-0.33387824353297924,-0.13885531845055285,-0.009908372555347223,-0.010844924861379364,1.698952577620084,0.026794386351127377,1.960390761606361,1.1882346854376271,forward_head
31.34,-0.3105951139159142,-0.10517569341261754,-0.02640435234227089,-0.015009011354012603,1.5037208306138534,0.005739148002554717,1.8888354247282142,1.1661683200175892,forward_head
31.36,-0.3269659845756004,-0.11557066119335115,-0.03121433645222386,-0.010120804505997966,1.640716556393781,0.051648152903553554,1.912644164722036,1.151802882877201,forward_head
31.38,-0.3223259235311499,-0.16279263064220126,-0.03289059282367006,-0.004906647252853004,1.6355538166706802,0.03205468423929469,1.9129445694945681,1.2230258498124913,forward_head
31.4,-0.3356774429548737,-0.11001279811416817,-0.03557248125755134,0.001113080799656762,1.5320796039545628,0.02506012427559143,1.7986318324996449,1.1433738352722935,forward_head
31.42,-0.3529740951482012,-0.13465536839321146,-0.05528201382024512,0.014489540773328041,1.869320754679695,0.032042239987475754,1.9459129741557102,1.1891969285057709,forward_head
31.44,-0.3191795584539009,-0.15846529935011489,-0.011519207608476079,0.02109164726669757,1.7198580225445288,0.03976502991988438,1.8775961803550254,1.0677811802285724,forward_head
31.46,-0.29411331458922996,-0.10037511568196435,-0.011675909132688067,-0.025814158727856383,1.5850018343787375,0.04105825938468483,1.8068864399782336,1.1699452292996488,forward_head
31.48,-0.31841070904408764,-0.137631984112255,-0.046751549174376954,0.017485360818935862,1.6165847857393951,0.0,1.8459275321857396,1.1629174480654738,forward_head
31.5,-0.30325596856711856,-0.10038970650005266,-0.019576596658682676,-0.015768957753994693,1.610029773708208,0.023935530933169077,1.792212228983418,1.0894000136647566,forward_head
31.52,-0.29738086654148893,-0.1009587592611358,-0.005835718451753367,-0.0007891683564428769,1.6391198297046445,0.03547197416507433,1.8907210867934903,1.219845589549221,forward_head
31.54,-0.3253158621281044,-0.14229547151882407,-0.0054613884073260914,0.00029047836263730044,1.5151479989256755,0.04748769720443547,1.7899601216425745,1.0632484056025282,forward_head
31.56,-0.2933321644866726,-0.12997425171944374,0.0019081581526757953,-0.015825314657600675,1.535732886899533,0.04169922335166767,1.8475703476157108,1.033333858001238,forward_head
31.58,-0.3436018299864955,-0.12538487824678785,-0.03898730342923816,0.011633584947371673,1.6162306022744448,0.0356717532846283,1.8141943661632203,1.1352854528174228,forward_head
31.6,-0.34357168473598015,-0.0963140905036692,-0.014181235690079239,-0.020947103380156436,1.7206316028936126,0.05996960787701683,1.8413210882578486,1.2237511936760608,forward_head
31.62,-0.3400468498429489,-0.12165800481397719,-0.036458246779713356,-0.011751315372526031,1.6383717386680237,0.05196736166628634,1.84841387288806,1.240463689533039,forward_head
31.64,-0.2669647318897208,-0.12190143134691214,-0.04875518424835718,0.0024125551207463433,1.5384970272091094,0.029760026791234146,1.8539595525498693,1.1440527496003232,forward_head
31.66,-0.33283929471632506,-0.11146207548463069,-0.0024743806233017613,-0.03649709311847945,1.5053492361331835,0.024571809062315972,1.8295075066313158,1.045743967687025,forward_head
31.68,-0.3193375129032769,-0.1440925352233908,-0.00868555981755949,0.00043302352794316075,1.7469982905338368,0.04136341093454466,1.928474585605198,1.1668831896466785,forward_head
31.7,-0.328711677442962,-0.12258497918157339,-0.02823516976152563,-0.014369417344128744,1.574911275414203,0.029055935808463735,1.764103096250424,1.1516976200126603,forward_head
31.72,-0.3273171728599888,-0.09004204454402233,-0.013966199864867516,0.011802587481064082,1.6410583979805542,0.012958526081770163,1.9487803257711542,1.099860991290143,forward_head
31.74,-0.3493492846913558,-0.09329120199579774,-0.0062106652404354855,0.015732723388186348,1.5444199333505093,0.031168743961133866,1.846033156292682,1.0067026278972957,forward_head
31.76,-0.3406707877958332,-0.057875992106120745,-0.00046898814561739964,-0.0025202474390849518,1.474386563974774,0.04796147990808868,1.792387398192137,1.060380179213304,forward_head
31.78,-0.3221448240948883,-0.13205885044458482,-0.007256775093491065,0.004213116639305306,1.659359186883066,0.023356120518502773,1.8170266595457407,1.1430396035650932,forward_head
31.8,-0.34691003516241764,-0.12348253479718953,-0.02931137347193034,0.01305883003625509,1.5744578338358868,0.003106732909097099,1.8197289222139779,1.1241746911395654,forward_head
31.82,-0.339369208028747,-0.11100012636091632,-0.01460186545625813,-0.013237815774889234,1.573272732276194,0.048181006448189866,1.8061479701208332,1.108192198786169,forward_head
31.84,-0.3438734392240992,-0.0978835050756689,-0.04456774812774434,-0.0025193971294408418,1.597876105711379,0.034356863607447316,1.8544832213999725,1.05400969455285,forward_head
31.86,-0.33380030005834743,-0.12973703491947533,-0.009926449210467146,-0.016035847425611833,1.4634532687162551,0.03985677776784236,1.8786013133450405,1.2308159940400865,forward_head
31.88,-0.3283330176414788,-0.10201581573713378,-0.013869272123469984,0.002039840068467294,1.6302596515214782,0.028897099479513536,1.8614091878065064,1.075342527543156,forward_head
31.9,-0.3180432631614494,-0.09146893222918881,-0.02546907046634774,0.010817249373502901,1.720907636697148,0.0301390110966998,1.8569440754319244,1.1488047697597885,forward_head
31.92,-0.28997193272066263,-0.09534409199674301,-0.004212773665726277,-0.007348769685958442,1.5315197682373654,0.030458009156554954,1.7308552037955423,1.2915715851680802,forward_head
31.94,-0.3221220361756063,-0.12262201376913043,-0.019909529809820806,-0.0077565184899956625,1.5707432324186168,0.03594291130744011,1.8715566163173087,1.1286304572955246,forward_head
31.96,-0.30023703664730594,-0.12884541727106055,-0.02047509957249472,-0.024935824939395845,1.5577908898599,0.02895821259675069,1.7467098262128342,1.1593447066471372,forward_head
31.98,-0.3628774881612284,-0.11680282778759647,-0.026716593087559647,-0.01766445833441346,1.6183238591507503,0.007654640728401877,1.842676922382561,1.1645833911780743,forward_head
32.0,-0.3102274052208218,-0.10186499213078055,-0.007475152805488862,0.009414634676415972,1.5530411877316384,0.018921961369350926,1.9534750520207025,1.0720259815363609,forward_head
32.02,-0.2923169361062369,-0.09286164072386242,-0.053091114741405564,0.007202237354759663,1.5979549552836452,0.015628212381823953,1.8741747400679434,1.27488745635775,forward_head
32.04,-0.2947853385168401,-0.14204746995439946,-0.01296767953245268,0.0009761032195061407,1.539808879191882,0.034245460936165886,1.916959642045267,1.2234198046734346,forward_head
32.06,-0.3235503834567295,-0.11535804379636755,-0.02376121655096461,-0.002728199171405405,1.6587026567769163,0.03552706130576069,1.8298002788775034,1.0545831284057952,forward_head
32.08,-0.29911018193382893,-0.10491782639249883,-0.02751636935252859,-0.01844670712143108,1.651372169774934,0.020374610546312334,1.8066698297225134,1.0699446293503851,forward_head
32.1,-0.36641644844353033,-0.14624835142541712,-0.048578416792575296,-0.01311179033169186,1.6226573338396917,0.042370667072381386,1.7987470681712507,1.1725212893275831,forward_head
32.12,-0.3357385439553374,-0.12264086501487263,0.007588643637772017,-0.006233351039544769,1.5387855953418639,0.01271719755735862,1.8543890008701762,1.132838721386949,forward_head
32.14,-0.31346821468649805,-0.10025157622716833,-0.0016546140721819661,-0.012061863158831081,1.566534988607364,0.04932259089567573,1.8355622722224405,1.2256872961614622,forward_head
32.16,-0.3130932763394229,-0.10901090063147179,-0.021835005928584075,-0.017013432821078037,1.6920699652848836,0.0503486437848894,1.8879405646022431,1.0764099350029936,forward_head
32.18,-0.303804876873746,-0.10214498454823305,-0.02932883467725214,-0.007133436449891674,1.6614226232641032,0.03353576109065916,1.7959137929060167,1.1581019215317907,forward_head
32.2,-0.3353464264104645,-0.11417837735351874,-0.01337253773048103,-0.005858011874792159,1.6156954212357764,0.011188852101732844,1.815997281564721,1.1597499945464431,forward_head
32.22,-0.31702948319063023,-0.09793562771539951,-0.03775906258121702,0.007404457847069559,1.6416013822158222,0.029666104858165506,1.9236720543983712,1.1431468813315298,forward_head
32.24,-0.3037821426141417,-0.09974842465140132,-0.027831026534596157,-0.007696068041473981,1.5673658516379139,0.04571662177841641,1.8721296743789675,1.0516921492943128,forward_head
32.26,-0.29816781015143246,-0.09989423077598425,-0.012948550796837955,0.005992186058945002,1.4493625740626457,0.03371978434705503,1.863753654205938,1.1044039235152225,forward_head
32.28,-0.2674212848152753,-0.10183790040605038,-0.028200686559932128,-0.0022735141722757196,1.6521046096239587,0.03096981747926686,1.8070413483647036,1.227843556665677,forward_head
32.3,-0.3602413406599034,-0.14142088614996007,-0.010836848136743118,-0.007007014390696068,1.5629823812129398,0.04320367576911474,1.9219377106245321,1.0954150945853427,forward_head
32.32,-0.2844035843613045,-0.12264755822924873,-0.025927493781658522,0.03168864311102363,1.664593510477679,0.01733008081471562,1.8873460420410932,1.1595869988237493,forward_head
32.34,-0.3263844715618234,-0.11345072080903666,-0.016284881888622017,-0.013176711968244076,1.6158445823213978,0.045823519185880734,1.850076829199647,1.1728402374980136,forward_head
32.36,-0.325149779715656,-0.1261967232572931,-0.00964419100771406,0.010834596579947463,1.564478908939839,0.04402639092711562,1.8730349197805578,1.0899454936963349,forward_head
32.38,-0.33740589400484106,-0.09110925823250866,-0.03401482822619211,0.016100223474802534,1.7158549790355322,0.044203794633851046,1.9095341017135388,1.0737289415645705,forward_head
32.4,-0.2814005157306696,-0.10950394438079848,-0.03552552430906219,-0.008634943714888653,1.4938229455226393,0.029364032198302508,1.8701847518726478,1.2560661177891508,forward_head
32.42,-0.30811167301989,-0.1436599558933621,-0.028612288641284265,-0.0237799893381963,1.6726724376039666,0.04345126103007674,1.8387475690157926,1.1339025410034413,forward_head
32.44,-0.32142597874498235,-0.12543544889795286,0.0021098573663596693,0.0015299057357620685,1.7254279834755686,0.01710304881864341,1.7913775539649408,1.187406948442512,forward_head
32.46,-0.33180891340466206,-0.15513949542594324,-0.012697005991271116,0.02895684975657084,1.7712034642630388,0.02061016963428695,1.8554925437747307,1.1172534420960465,forward_head
32.48,-0.31867440022134724,-0.11781825711879307,-0.007609917899341742,-0.02544457644299014,1.5292019801650236,0.02955698966654777,1.9109909226857895,1.1751161608893497,forward_head
32.5,-0.3187603127683348,-0.11279369802588526,-0.03142321598412368,0.0008343368493737299,1.7308350767261131,0.031753068781368306,1.8518171159019385,1.1352301406813672,forward_head
32.52,-0.29587726174465534,-0.12405055410593038,-0.028679931774880495,0.007954662581450975,1.4841420847154632,0.025414378372130914,1.8554125793890819,1.1938704396188544,forward_head
32.54,-0.31797478753060554,-0.12021430687904433,-0.01658380399520925,-0.014335181190445134,1.460466732305382,0.023517535488792343,1.8355694253393526,1.116028499436504,forward_head
32.56,-0.3199503986562213,-0.09852774770762322,-0.012218716170467341,0.013625969428929198,1.4977493173587006,0.037402356610602136,1.838449613874164,1.193872805792028,forward_head
32.58,-0.30490043904551334,-0.13173739672748144,-0.01675948402992795,0.019407150235924125,1.6059634384842572,0.04558685499028171,1.8777147143814232,1.2228272163597758,forward_head
32.6,-0.32240396657877907,-0.12110149479624016,-0.03069684718680887,-0.008388831025180355,1.6773333360155174,0.037278103727845326,1.8351609375545441,1.127703773742347,forward_head
32.62,-0.3432675950736109,-0.12114330272427312,-0.030743305292614778,0.0006558112453800194,1.6883081726332645,0.03926533550476091,1.8625847288340711,1.2208113538927283,forward_head
32.64,-0.30996077953018203,-0.11383973862216534,-0.00986179973028317,-0.005896573075029375,1.560031573972251,0.02238125195706651,1.867447847227193,1.0567996337993144,forward_head
32.66,-0.3406855912634348,-0.10666092890608218,-0.00010545667529462979,-0.0020558183275019557,1.5557571143410216,0.02156273072707771,1.792910684594813,1.1377689976431606,forward_head
32.68,-0.31790824833186043,-0.10942556244070739,-0.022075065083890087,0.017917951254535183,1.430006236115191,0.03421530970206871,1.8483130334789186,1.106982345006592,forward_head
32.7,-0.29422273858860765,-0.13930885855260502,-0.007816948148922916,-0.0016322501694807298,1.6298258999876418,0.04266264934207591,1.828189830540506,1.2493529026437686,forward_head
32.72,-0.31006858056972075,-0.08063294917079285,-0.009046218295719803,0.01595306584667035,1.594959261559634,0.038588892017669386,1.8566095977095296,1.2509594707753968,forward_head
32.74,-0.3193419741835888,-0.10890987994922482,0.0067751920209937685,0.008847111190692142,1.6942199050391284,0.04268752858755208,1.852403897482192,1.102028335721397,forward_head
32.76,-0.3335027347154375,-0.08597837720217877,-0.018822503246209557,0.016225283107245848,1.5542663147874047,0.03591396921450132,1.8418740815076182,1.065218948684847,forward_head
32.78,-0.29919327123258727,-0.0885799711674229,0.005645340968192652,-0.013221903737194018,1.5416556971742592,0.04297551448897696,1.8243617200511253,1.0212282259827052,forward_head
32.8,-0.3108161323471217,-0.12014156341058053,-0.009033366247228673,0.02265874677880385,1.7097518972025074,0.02336088332840005,1.8530969645460036,1.2352473186956656,forward_head
32.82,-0.3735781481524252,-0.11191042798835772,-0.02884054767750157,-0.005701976092028541,1.5142203302074673,0.04058874237154143,1.8234770806234688,1.1487820967726574,forward_head
32.84,-0.30859861989766396,-0.11554223571569204,-0.007003777700573981,0.0052178807879836725,1.5389348157248877,0.032976523179161145,1.8851985122676584,1.117870733197911,forward_head
32.86,-0.2625424835460595,-0.11933258854170692,-0.02148991591788593,-0.022689445871882402,1.5524650843009002,0.02773326649332615,1.834228144149961,1.2649114887865889,forward_head
32.88,-0.3605957221012618,-0.1316247400401469,-0.010625178198978494,0.01230678452653716,1.5281858289442043,0.041758588551834,1.8252479316750914,1.1100735478123067,forward_head
32.9,-0.3116668921235919,-0.13444659023562858,-0.042196138406834505,-0.01688268542954988,1.603820723842334,0.03088900840133302,1.8985532741819424,1.2573364041733643,forward_head
32.92,-0.3059815399292707,-0.1416952595460592,-0.041458312043107425,-0.013700335016064028,1.532789585826458,0.038561729304393874,1.7687453917767615,1.166885938826173,forward_head
32.94,-0.32612019332831066,-0.12941680546909812,-0.03229881062141727,0.012859697658052276,1.6358879356719378,0.03622923556261984,1.8762752110659837,1.1121780339319578,forward_head
32.96,-0.3180731747973295,-0.12915141269637367,-0.023617029157637224,-0.01588883955495269,1.615096379907142,0.03475376026177607,1.8335965461069181,1.0961943827837164,forward_head
32.98,-0.31757600770177036,-0.12393392506103462,-0.01763027354899014,0.008363781763174219,1.6907393784573737,0.035624960968286296,1.8866878292791962,1.2109719037606552,forward_head
33.0,-0.3207370603586906,-0.13133399359400755,-0.013912347778111286,0.010138625859676516,1.6832117561267315,0.02255142778875266,1.8328571321722862,1.1552230021153223,forward_head
33.02,-0.33287341350911026,-0.11362572003743449,-0.010898796529515652,0.0024457252628407003,1.6858016923158476,0.03269582481019871,1.9409358609863165,1.1924756183178327,forward_head
33.04,-0.29504900383457106,-0.11751357345675863,-0.015541933413131554,-0.014437330325465403,1.6211965056461162,0.030767153613069937,1.7892831241419338,1.2048048903847692,forward_head
33.06,-0.31519080086555257,-0.12584125228399423,-0.03879732036674598,-0.014074995225697546,1.5793765964222513,0.04104911403672946,1.8363945483900526,1.1947990096674417,forward_head
33.08,-0.2826562817784077,-0.10721892883833556,-0.0007895333189789317,-0.021790936180769802,1.5621549536013983,0.04414163668315309,1.8831764590441546,1.228648672157927,forward_head
33.1,-0.2869928787973219,-0.12807337671288804,-0.00818386741422886,-0.005943055644887532,1.545459802299427,0.0367141984412299,1.9354129537654339,1.0868528944219986,forward_head
33.12,-0.3311295354750377,-0.11860530351890015,-0.027129684236778025,-0.02344609889803802,1.5797074805007698,0.030744166247114457,1.844563298707786,1.1454120587912335,forward_head
33.14,-0.302432636782813,-0.12749105037735378,-0.008599323584080791,-0.00040376434880355107,1.6152658528108028,0.02786797891663032,1.874538118073282,1.1465900332756997,forward_head
33.16,-0.3472062744507273,-0.1274801971436019,-0.04901643822675633,0.007724061031190311,1.5753203411347623,0.021118312054754007,1.788720787091007,1.1788176291464332,forward_head
33.18,-0.29293107756248454,-0.102194785869092,-0.022701773526677165,-0.023829501997041792,1.690953786721949,0.04922339162648217,1.8732873772014556,1.2717777940032147,forward_head
33.2,-0.3323408352552844,-0.13465414794922295,-0.0046537412423142245,0.0024612256353200544,1.6615848900261323,0.03562985726529204,1.955484063045587,1.1943812062184578,forward_head
33.22,-0.3356392625415559,-0.12936952439854849,0.0070620101774908975,-0.021652518271514303,1.630101877950172,0.033718660959664915,1.784537118130483,1.1662150523510397,forward_head
33.24,-0.34549220885735393,-0.11466405380136452,-0.010150778139015687,-0.02314581693643669,1.487624283609687,0.03281489457769823,1.8418961593978675,1.140930615173542,forward_head
33.26,-0.3252962280403314,-0.09547943113872344,-0.011892455620550801,0.004211675642737356,1.617612068784846,0.03559290287664726,1.919291564388785,1.1029594406448378,forward_head
33.28,-0.3520586159019666,-0.15981409373383676,-0.010492454850634362,-0.023274147429292912,1.626286340367402,0.028904527916005538,1.8709138635451152,1.1011219594582289,forward_head
33.3,-0.2781185555701861,-0.11226786185156015,-0.03282794878124032,0.02119378411403907,1.5150026089395057,0.02130416224719118,1.7279182306106717,1.2427970985702004,forward_head
33.32,-0.33751687918048384,-0.13248379563943555,-0.03075543818895846,0.02307398584774422,1.529767176164188,0.03150136785572743,1.8961899394232085,1.2364156985923502,forward_head
33.34,-0.35914221132504726,-0.12264214907969956,-0.031877361138692085,-0.033262154393154435,1.6410801441732275,0.030864537448242274,1.7475315274962757,1.1410748818782266,forward_head
33.36,-0.34413058234587446,-0.1288245726420654,-0.03294098144487753,0.034299746762413756,1.7198376090380365,0.016009492806051306,1.8894788031750462,0.9895536292823971,forward_head
33.38,-0.33213823467853143,-0.12265005914611085,-0.009158474657066979,0.0013097550139483164,1.610526852075994,0.04623777601722998,1.8776146017474757,1.1541470931908582,forward_head
33.4,-0.3259314220069357,-0.13545279066632449,-0.02854119215443837,-0.021755827055464,1.5136463585947282,0.022296383619283943,1.8472248221266647,1.0682233173134703,forward_head
33.42,-0.31341638554824386,-0.1278367656277592,-0.021048217592529,0.006531446349962897,1.5378924106252672,0.0258016458125218,1.8447506130474067,1.0310068439542242,forward_head
33.44,-0.3245796560479752,-0.13517982058882183,-0.05226260580342015,0.01378660005538553,1.6864524450459937,0.023798897960072046,1.9058702816544664,1.2218465487569998,forward_head
33.46,-0.3536441905747331,-0.09982523496960873,-0.02632259402627547,0.02744325701186798,1.5278346176276605,0.02683789345291035,1.768620946572591,1.218192582840947,forward_head
33.48,-0.33216215918757297,-0.1117635365869617,0.005266643495518545,0.015841142987334147,1.6976215462678312,0.03998694371849002,1.853243538692529,1.2399802448477686,forward_head
33.5,-0.27429289998859385,-0.10538405073927924,-0.026613067959650558,0.007951487825977934,1.637610694745634,0.043967670779803826,1.8819656064169121,1.0598262284149798,forward_head
33.52,-0.3138540531900957,-0.10403227783730895,-0.03176145400153829,-0.013499485342994251,1.5096331029785053,0.037208107762674206,1.7772866304169872,1.1388515585808323,forward_head
33.54,-0.27751140413758085,-0.11105352557916197,-0.03339422488582208,0.007552922190698775,1.6315844969789213,0.0236138530169917,1.8410597967617024,1.2495846185140222,forward_head
33.56,-0.3092134549095965,-0.14602979253061518,-0.016716616143633116,-0.011818753665613507,1.5089374980212855,0.02849685615573205,1.9176105929749234,1.1800016630549537,forward_head
33.58,-0.2944705070213754,-0.12469897338548361,-0.02660421911934859,-0.000224240526663793,1.6020739706127023,0.0399237352829415,1.8590359185689642,1.16014330008311,forward_head
33.6,-0.3060494816519758,-0.12225024161040765,-0.050932536706501275,-0.013733787071541676,1.702695782332068,0.04143588278770729,1.913670145677611,1.1149492572287474,forward_head
33.62,-0.294475798754757,-0.12508002738788512,-0.03598691103700829,-0.01605884845780565,1.5318147831394862,0.009330374833848592,1.793583060158166,1.1728761761493423,forward_head
33.64,-0.31153013507328203,-0.09774111558360335,-0.04113381918578259,-0.002707473345508747,1.6417320989583317,0.03804490475938702,1.8389336710356456,1.209930277380838,forward_head
33.66,-0.2960778873945466,-0.14392658035585768,-0.033602408659413295,-0.00982545987196917,1.6226115346553847,0.051784646773905305,1.8806980079911095,1.1156075175349396,forward_head
33.68,-0.31860642159381086,-0.14180784942601127,-0.042524214711777704,-0.008843874511256383,1.6373219885597383,0.022731337667902706,1.8643817952415285,1.1606516840100667,forward_head
33.7,-0.32548539685805095,-0.09734324791881062,-0.017191699191775035,-0.014051326254324191,1.5669563081409377,0.044637327029421456,1.8069991202428384,1.0957307822417335,forward_head
33.72,-0.31870907717831676,-0.07524369537585403,-0.018523643375782068,0.020025316426726725,1.746069498992032,0.00940287525056318,1.786140928792618,1.1027330616720048,forward_head
33.74,-0.3417204558608363,-0.10069219671517107,-0.020750403563327618,0.002635512152443921,1.5509488058164544,0.014723510070550005,1.8736035377292344,1.1903744418295354,forward_head
33.76,-0.3168430799467351,-0.10734953282853281,-0.025183859589430105,0.007349026397578407,1.66265529825475,0.027367966461753632,1.907105518147785,1.1061750256470333,forward_head
33.78,-0.2854756676645349,-0.10602854071474614,0.011782854287134202,-0.0003942012851869301,1.4949015159383074,0.046805182976735006,1.8925956739576926,1.1259056998034893,forward_head
33.8,-0.3231126770692787,-0.08756252623208997,-0.015398060088199718,-0.0030231800330871423,1.677063593224149,0.04518029413460508,1.8595557259223328,1.2133230650409959,forward_head
33.82,-0.3064828925152412,-0.11071170768642671,-0.025743927701187403,0.00430557337046697,1.6553371182490169,0.028995117457320353,1.8879878414579223,1.1673646756229417,forward_head
33.84,-0.2778114323743758,-0.15042536047673535,-0.011578001405138386,-0.0002852160096844355,1.477652298060383,0.04543294389806916,1.9367638588729101,1.109932459396751,forward_head
33.86,-0.3403121681752463,-0.13473936285416732,-0.017827415821239496,0.0006703425983211922,1.6546829643856698,0.02812604161123087,1.83216700946956,1.1117550564320162,forward_head
33.88,-0.34899648002573297,-0.10718219355239451,-0.024113198974007544,-0.0023834257040411186,1.5934196630635789,0.025457183695642014,1.7446261314153373,1.104134951851836,forward_head
33.9,-0.32178251956848924,-0.11367160849841121,-0.03875033301287243,0.00016316287581317243,1.6305232354186665,0.03748481270836542,1.930884117483758,1.1394118992462838,forward_head
33.92,-0.29279979522107336,-0.10662932626100449,-0.0013902545343475851,-0.010470394066526502,1.7208008729900683,0.03232633356746734,1.8678336045430095,1.1709684674575624,forward_head
33.94,-0.29386360534762784,-0.12934338957993394,-0.046349713677434366,-0.018415782010163185,1.6332049526305952,0.034592769339974884,1.791743747086639,1.147576257979735,forward_head
33.96,-0.3325753816105814,-0.10178746069414067,-0.02436533024454231,0.006454266866678402,1.6081888499457961,0.03455498113179594,1.7750694032094063,1.2517224812700087,forward_head
33.98,-0.3067997396746982,-0.12853609801682586,-0.029381501030106057,0.007422631903421006,1.5117132999739027,0.021682544836676282,1.8076404981015572,1.1307356296480875,forward_head
34.0,-0.3296227558399922,-0.10398728111578019,-0.05031087891664534,0.004090729257955197,1.6857145783709613,0.03430344369402902,1.8245204903915122,1.0761626010296204,forward_head
34.02,-0.29339757154197277,-0.07202932312401646,-0.009203386107185551,-0.016091776953660014,1.5280866186275186,0.024545528997914883,1.8913462939962904,1.1675639877391417,forward_head
34.04,-0.30436844425235304,-0.12662925058797586,-0.011049768081807482,0.004309986718133132,1.5611639072345218,0.03321482093105724,1.7095862256218655,1.19507290732216,forward_head
34.06,-0.32501290059433546,-0.10841406095349146,-0.017883440618259795,-0.023279726037027847,1.6990182664281628,0.03911422769923709,1.885414782211057,1.1729156587257241,forward_head
34.08,-0.279055288892258,-0.11096567560696913,-0.008638665270420618,0.008915675674102824,1.6248019711313417,0.03295362469866284,1.8943214123632506,1.1714688387333128,forward_head
34.1,-0.33080317259069697,-0.1415497490303588,-0.017077687972804123,0.008076223798825182,1.4928186730219024,0.03920466515082641,1.849605276098996,1.2316614969265463,forward_head
34.12,-0.3155840333065823,-0.11247146588097377,0.00345414101517097,0.020439618766023283,1.512353752314058,0.028081363117083223,1.8784214111457909,1.1695937992641434,forward_head
34.14,-0.2597373137773222,-0.09373035733457019,-0.028064543477724566,-0.012085314656265753,1.5926751792820246,0.029216093802308774,1.6875125593687021,1.1918737683735565,forward_head
34.16,-0.3258199335926856,-0.1604763922989792,-0.012373403512771565,0.025135462784047706,1.521239495624767,0.03228565509803702,1.904756049411104,1.2369387368715714,forward_head
34.18,-0.2992573552293863,-0.14465110549962204,-0.042926739522874374,-0.011126885795641472,1.5752848103812986,0.01781073900560043,1.9076424619313026,1.1480131309610917,forward_head
34.2,-0.3161682196662547,-0.09447705388913333,-0.018057368623359132,0.009193696162075082,1.6100577262123807,0.004855151273065868,1.8569492730392234,1.1221192004187388,forward_head
34.22,-0.28850027763595615,-0.08302230750731089,-0.037073963299955486,-0.000990095988926524,1.6314386600614181,0.03849850815615858,1.8557485153990831,1.0732240861351783,forward_head
34.24,-0.3271738858741689,-0.12300946530146342,-0.03509829015692068,0.008474918032106043,1.6713796638410459,0.0205103931058994,1.821025121008014,1.0318024478311674,forward_head
34.26,-0.35601942419142646,-0.12439205641463655,-0.02643777593158456,-0.00601057470152186,1.5496769341551857,0.02039537849454031,1.845601545543871,1.20913141428465,forward_head
34.28,-0.28876302753735694,-0.09288025256053209,-0.00855727137615304,-0.01725976517374048,1.6072830383859273,0.03727584529622421,1.8580670763852691,1.1364599589179412,forward_head
34.3,-0.3087010864935792,-0.10701873309775808,-0.0037951095847041,-0.010031166519332517,1.7660812642673307,0.04342778118814891,1.8881313463739235,1.2532250184128795,forward_head
34.32,-0.3411157906376703,-0.13435046941363527,-0.010970340425466098,0.0027408631593566083,1.5749341648014963,0.00418088483964801,1.851858607511913,1.166836862949354,forward_head
34.34,-0.30000019771657394,-0.0926666671735067,-0.017159757913746233,0.018229546258198753,1.4844513387103857,0.029834548367455183,1.9207424080205666,1.0517071857004978,forward_head
34.36,-0.3486658664015024,-0.11603789930012036,-0.025855254029708268,-0.00958525165735988,1.5350470134977412,0.050039303861566645,2.0165816009596753,1.119306445927111,forward_head
34.38,-0.34537740212560464,-0.12846198060588587,-0.013123052341517866,-0.012551005463156096,1.5071198401782584,0.014831178222251976,1.809209615483141,1.1285269274577425,forward_head
34.4,-0.3554928804980032,-0.10738346329886131,-0.02085913088661923,0.007713426423734456,1.4319200194640207,0.05094110990798985,1.8173432378041936,1.1152232133947246,forward_head
34.42,-0.32319656306341865,-0.09354152536880869,-0.018917103886839037,0.031098652926928438,1.6329794970056932,0.014634746846701976,1.8108857837272896,1.2631184032664593,forward_head
34.44,-0.3366012805597053,-0.11281847783375736,-0.036409806475726725,-0.030190169233978024,1.6447791306934136,0.03398183486892423,1.9146291246076652,1.2229590946920383,forward_head
34.46,-0.31530236932467803,-0.150098893713033,-0.0028537297030812704,0.031452187374299105,1.6190294496272029,0.036288175297820705,1.8117436421060367,1.2697326981111887,forward_head
34.48,-0.3309416229071339,-0.09008147327230079,-0.019967147668609433,0.0052645888363729845,1.7153379860787432,0.025142557160835393,1.78244611543938,1.1037010967787109,forward_head
34.5,-0.27505726623547894,-0.14569911067972074,-0.006418067509351441,-0.008635327822440062,1.5631508243800785,0.03960812697607962,1.881268906759744,1.1712061155400262,forward_head
34.52,-0.32533767934725955,-0.11712110595543024,-0.03847794216832683,-0.02673917852778707,1.7853085814164404,0.03344373886552583,1.9244600091597561,1.1904513551324303,forward_head
34.54,-0.34872909076632097,-0.12038075535465216,-0.04644883845868564,-0.006617435408019529,1.777334099179063,0.045050314956622456,1.9041512277965822,1.254960117876833,forward_head
34.56,-0.3056840363697713,-0.1278031424066839,-0.00030086785048178685,0.002909819384475544,1.3996185458229538,0.030764574391475636,1.7830690036302446,1.0815842351500016,forward_head
34.58,-0.3062327612976868,-0.1078059681488906,-0.01773346453122782,-0.005054176594157359,1.6380763195907804,0.041737678547601235,1.9869904069091466,1.0940690571387772,forward_head
34.6,-0.3310282135051693,-0.13525690996608677,-0.016662962478750435,-0.005386496800895822,1.453311292597428,0.0225393135342492,1.9462849666256603,1.177924641806179,forward_head
34.62,-0.2961198894140702,-0.12824198402593465,-0.012603834626866837,-0.029475099901999122,1.6532725536909756,0.031777109760798665,1.9198321126017075,1.1428989503621154,forward_head
34.64,-0.3277317030465238,-0.1150215259197423,-0.013225764986072848,-0.017655620729612194,1.5492910442226502,0.023166055218578445,1.853309901400452,1.1480135499700204,forward_head
34.66,-0.2941971676856566,-0.10003903055904682,-0.03958728838375424,-0.01056828002345128,1.574613891894474,0.023950960908042974,1.896208372251064,1.137199539391823,forward_head
34.68,-0.35981806152886325,-0.07794658329529759,-0.009196121072286982,0.01612561473671783,1.6145635471724722,0.028342765340257096,1.8167195361078596,1.1361791116456585,forward_head
34.7,-0.31144971398789567,-0.14818575422082028,-0.01708033313508029,0.01706641753554839,1.6920492073091988,0.008398686971765485,1.764306971436462,1.1752534167209132,forward_head
34.72,-0.27635637459630435,-0.09162514001152315,-0.028875805928033595,0.01969833292962779,1.5659014142092293,0.010389988237020597,1.8792611830325445,1.2419236989118878,forward_head
34.74,-0.28819513204610325,-0.09376302857489675,-0.03160704671869494,0.01957928208971411,1.6279121989725824,0.02465243166996196,1.8267667969194032,1.1836926679631359,forward_head
34.76,-0.32596294036566087,-0.12884047227128037,-0.03997964721666646,-0.008178872847410566,1.6258909508329253,0.016902943968755742,1.9035647189596656,1.1849278130916159,forward_head
34.78,-0.3244929620640135,-0.08912992010030583,-0.010672493149724054,-0.022731105887241938,1.599235272090526,0.030843032932738768,1.845444102183442,1.2157870308979666,forward_head
34.8,-0.2928319317066523,-0.11867671777441914,-0.00650147860965796,-0.004599237292714778,1.4382747145650117,0.020208367728727902,1.8242690585928536,1.252163251226721,forward_head
34.82,-0.3154399163326747,-0.11063783254495785,-0.010094373207605752,0.003773451385591009,1.6292203943038992,0.029993419519366595,1.887193420245107,1.2214903983958334,forward_head
34.84,-0.26786272038775893,-0.08990629786238959,-0.007150787856680441,0.007811009848839438,1.5031057601709057,0.0290375874279563,1.8380571775390555,1.1794801328936306,forward_head
34.86,-0.28930601818040547,-0.1215876489935901,-0.00667710744017491,0.002541763670872528,1.5300666650477657,0.01848557630566653,1.86297914400193,1.2227017082027756,forward_head
34.88,-0.337563218231457,-0.12074995300824137,-0.012645618061853147,-0.009546445186192614,1.6422998633383812,0.022107934595387502,1.8792290591306904,1.1196373605571153,forward_head
34.9,-0.2875539902259931,-0.09527853790969064,-0.014638719942597519,-0.024221555555842232,1.4276029121356024,0.024425922019556113,1.7928462483695888,1.1839825238539652,forward_head
34.92,-0.31272560392960796,-0.09975512514658931,-0.02371684740390245,-0.0021719792904698145,1.5784492703336113,0.028637587520184853,1.896030524586019,1.1369473280696247,forward_head
34.94,-0.28992750669670136,-0.10610017384915928,-0.03762995162093039,-0.019160902975644274,1.4606922322174238,0.012253907088077125,1.9067240315843896,1.119590237523084,forward_head
34.96,-0.31596224803780687,-0.1251723561075869,-0.03224922412313212,0.005309065356989529,1.4823183220594232,0.027330367711244967,1.7757398805238507,1.1230684234517367,forward_head
34.98,-0.3219357569400367,-0.107485037581738,-0.011580562593491144,-0.005724908130033038,1.488751349774527,0.04858571314889416,1.864814240272839,1.227042757987184,forward_head
35.0,-0.375298468782848,-0.07993539285841814,-0.030560014178661374,-0.012391067125239592,1.5017218976685724,0.02903683107717567,1.7483756087942273,1.127432686862148,forward_head
35.02,-0.2970065292014529,-0.1291994112841762,-0.010080579004883792,0.012278289287484602,1.6499797119490085,0.007924519503633562,1.873654203302419,1.2206084193434006,forward_head
35.04,-0.32109074780675945,-0.08201966820008429,-0.011647565942041737,0.021024010990024634,1.7566211729744956,0.02331398342952965,1.8673802255047176,1.1749026104812275,forward_head
35.06,-0.31132162766837085,-0.13299234861728343,-0.02274180334350979,0.005874347727162579,1.5515118221816147,0.019162488030847708,1.7216234145854856,1.2706040225657078,forward_head
35.08,-0.34080659247202943,-0.10769585991661242,0.00026695170260470903,0.010161662507078662,1.5625321527689802,0.0422512625605182,1.7851002613838192,1.1032625116434396,forward_head
35.1,-0.33273554481480244,-0.11245224628717615,-0.021070049618494482,-0.02996863167689815,1.6092119515878591,0.04802997222985786,1.9641045358351188,1.1568165548606084,forward_head
35.12,-0.2971797044126545,-0.11999938552875783,-0.00668072353205468,0.006691342728798769,1.6064766313820773,0.0436370065498552,1.7813146054694886,1.2367372981526397,forward_head
35.14,-0.30184983923184205,-0.10015795954103554,-0.029679420603018352,0.008443367800404179,1.5553528680969022,0.048972928136077495,1.813270454976341,1.141109582843274,forward_head
35.16,-0.27495367125024606,-0.12853017372809666,-0.02266177526734618,-0.01332501153942117,1.47820752603973,0.03451482911072779,1.798930485297773,1.1349810418995465,forward_head
35.18,-0.29323863852301524,-0.09690941503109518,-0.02070079480309311,0.006992128330275177,1.6240206205374654,0.027233305932841206,1.8012255308907827,1.209390355377627,forward_head
35.2,-0.3209918348179943,-0.1270648695530654,-0.00975895699585734,0.003726506326198143,1.6943801455371421,0.05174847387125596,1.7934425239195046,1.0333558915707224,forward_head
35.22,-0.3030190726173057,-0.13166322385366647,-0.005212268859243364,-0.003042724541189521,1.545104909662315,0.012846089280973482,1.8369733605992424,1.1449970382548424,forward_head
35.24,-0.34088146395828123,-0.14279707223747315,-0.024331017829338674,0.00956608315624945,1.5553533458249431,0.02777832575886415,1.822092410327122,1.2199074415572373,forward_head
35.26,-0.27702223927810893,-0.1546620040699094,-0.030918378283512658,-0.009477918505406252,1.686876974360548,0.025270386280960913,1.9177694218440209,1.0943600726820377,forward_head
35.28,-0.3183914661620961,-0.131854409800256,-0.0314249583740261,0.01864229327370739,1.6626094026212206,0.03390034070899248,1.886786609177704,1.1469020360989632,forward_head
35.3,-0.33970742795265807,-0.11708277534949481,-0.012979461371911265,-0.006630708292653419,1.610965772129096,0.023237409735862566,1.8678465517482583,1.130047585485588,forward_head
35.32,-0.30290857724986464,-0.1478802437887979,-0.04512814710014877,-0.001573362066296175,1.6531873009399816,0.027366126382579965,1.9141435109322997,1.2341367966483758,forward_head
35.34,-0.32990298124941847,-0.12019111272972612,-0.01782337132872113,-0.001829812271366791,1.7582438083049274,0.03558918711338809,1.841172682964299,1.096559648911101,forward_head
35.36,-0.33466286226750824,-0.14750788847138527,-0.011982037794591633,0.0005234692357932793,1.7026707980622422,0.01432073979820611,1.8865121199140593,1.1131116722468903,forward_head
35.38,-0.29162076426985933,-0.12337105941142422,-0.005675133678492073,-0.008625952396382879,1.6814060706690162,0.029919935348207805,1.8199009334293674,1.20680436162419,forward_head
35.4,-0.2959681454468217,-0.13644043517308746,-0.021095246566229513,0.013127762524003505,1.6247846083006074,0.04723073538484674,1.9625702279639767,1.09484496910414,forward_head
35.42,-0.3356027459679008,-0.10793032515269027,-0.02308380007937439,-0.00043303634839627524,1.556856272883995,0.04262362262357323,1.8399080051298868,1.1705461368759305,forward_head
35.44,-0.2921374162954581,-0.1299651624121964,-0.008104747501604873,0.00550044975379747,1.5441570348174063,0.033011778655482236,1.789708819922846,1.1342648711760623,forward_head
35.46,-0.3455523293378696,-0.10926668721192644,-0.023321980581716004,-0.007642953139943323,1.5339746440730195,0.03193287516579024,1.8059690019517936,1.029112814136798,forward_head
35.48,-0.3398828576553875,-0.12202258641024422,-0.025048140290296627,0.0003744263027312462,1.5757296232287585,0.01990007673542732,1.840863297913321,1.1833649681692986,forward_head
35.5,-0.32064120083683756,-0.12570516071067167,-0.03454660126797258,-0.03014270074323804,1.6147562243484954,0.012862582191878484,1.7655330615951428,1.095156039127662,forward_head
35.52,-0.36950800178183013,-0.08849003657507035,-0.021006661838205615,-0.016430322991697142,1.5769635626087635,0.036562787254255436,1.8485989496233683,1.1429567129055875,forward_head
35.54,-0.33463470797592376,-0.13487987508029609,-0.02541543956872453,-0.0022574624401533005,1.5244422429676332,0.05009610332857446,1.7971523754285328,1.1535017116136848,forward_head
35.56,-0.31812867678609563,-0.11735525681166532,-0.002484602838106619,0.0032673728837132577,1.5955230655317443,0.025485318585928188,1.8870957030074011,1.1271385609619506,forward_head
35.58,-0.32074136873130793,-0.11069675113349625,-0.026218395382345633,-0.007078141143173401,1.5031859251576498,0.04043184361749475,1.8473459133251426,1.136534124502743,forward_head
35.6,-0.3199141456858181,-0.14082774787137242,-0.03856189802551636,-0.012066408929761317,1.7388651359274172,0.04054476625794711,1.7666834760750076,1.0397067920953378,forward_head
35.62,-0.2877738558026908,-0.10026234196930091,-0.024047346304246868,-0.013285856825750257,1.6499540758199487,0.04886100333650697,1.7600233379844397,1.1680277853594694,forward_head
35.64,-0.30757980781263106,-0.13218274303303038,-0.028927309542697677,0.016490376130096303,1.6024828388439634,0.0356201983628374,1.7499919931179388,1.1290161695323244,forward_head
35.66,-0.34918099616041237,-0.08838064028953298,-0.022164596277612556,-0.00925112787530762,1.4332141429917284,0.029750648527911046,1.894481838773664,1.2212824107238764,forward_head
35.68,-0.3164964434357608,-0.1319689521278727,-0.01974160064598397,0.005458865654673404,1.5916614221969705,0.016472446373047442,1.774891343575276,1.1454001297665968,forward_head
35.7,-0.3270656399782576,-0.10757474528930817,-0.008337652430339444,0.017521636319022076,1.53857781374198,0.035175276798888135,1.8578093030818625,1.0418227621112952,forward_head
35.72,-0.3045506395152716,-0.13185283715120297,-0.048300485250777694,0.009909400672137384,1.552093848047091,0.028263402479043045,1.9273578118907972,1.1642527742149895,forward_head
35.74,-0.3375263060125389,-0.07082907071493907,-0.029646404727515365,-0.01755969944057163,1.6479800071768997,0.0390022394089538,1.8766797703935134,1.13629098525768,forward_head
35.76,-0.3677037356660321,-0.10611895864009184,-0.025836604935892588,0.010873278534521557,1.6781217136312807,0.02776805573890301,1.8762208233263837,1.1408332691078802,forward_head
35.78,-0.3306858906766977,-0.12103605782680693,-0.0439291830511737,0.016030590675280273,1.6430625338393798,0.02566382907114345,1.844625342915321,1.1869781681276481,forward_head
35.8,-0.36263164287647937,-0.1388057211386956,-0.02250333327138833,0.009398170469695825,1.6196164593203852,0.029345668164184227,1.857896135654433,1.1295453968203133,forward_head
35.82,-0.29673943518077606,-0.09881407939880128,-0.0296914133254671,-0.006776145592708541,1.5969978481680263,0.041911641310537213,1.8619802846947622,1.1147802527214135,forward_head
35.84,-0.30172625005630316,-0.11366080921312818,-0.02334118351919563,-0.010883843894665998,1.6170894797712199,0.01472835391719445,1.8789108665613006,1.1080605053924029,forward_head
35.86,-0.327577289403462,-0.1235184641977283,-0.03891420607504207,0.015815166012939492,1.6167818586415428,0.02906690764774177,1.8938619004273465,1.205044429481703,forward_head
35.88,-0.33893740636981246,-0.0870422837405962,-0.024962494265858604,0.008912215831193284,1.8411343604158563,0.018608181258597808,1.8934286021795952,1.1840096053501665,forward_head
35.9,-0.32693887873068495,-0.13316901640646805,-0.029394453923412427,-0.011336341016122499,1.6141805976945134,0.025422150559757984,1.8682982960586743,1.1220972832496816,forward_head
35.92,-0.33442506975706143,-0.11896645946456352,-0.005843265138531064,-0.0006152421945499885,1.673344471528373,0.04134374433041067,1.8582878317348908,1.1814483661223163,forward_head
35.94,-0.32007152640860187,-0.13398067485795268,-0.0038587168900984696,0.005845712319982009,1.4963821164598923,0.01526731091478672,1.8992292694429116,1.108130101768041,forward_head
35.96,-0.30826815299157273,-0.12479577808598584,-0.03730720693459202,0.010753445941147674,1.643032422006734,0.033156533438297296,1.7149281817791888,1.2450537465732627,forward_head
35.98,-0.3291239299279825,-0.09875065781743467,0.009814533839870541,0.001980611800222918,1.6288749019390183,0.03834981484571,1.8934752080495036,1.1989371561937863,forward_head
36.0,-0.3088082287706339,-0.10656575693670654,-0.027392632269840126,0.012160091166050196,1.7675644629740084,0.0341038378319195,1.8785790972310366,1.1560917411809453,forward_head
36.02,-0.28873264838476725,-0.10659392841008719,-0.03821453168498366,-0.01231719698156584,1.4879822849468893,0.025903916139840104,1.8746521296027436,1.2792206134107862,forward_head
36.04,-0.3461425727150468,-0.1119768040181226,0.00044450350175081793,0.011398476719121142,1.6346039137272907,0.026854659151390212,1.8602569590805702,1.091593948276755,forward_head
36.06,-0.3270371497779333,-0.11625726727144073,-0.010699082783254278,-0.010587229294336257,1.539608136293726,0.02785990821506326,1.6761121115243367,1.2375877005714715,forward_head
36.08,-0.31335382921216115,-0.10649630310398903,0.002768850260155056,0.028317601119465508,1.5324827758690553,0.022109601578813892,1.8760805062185908,0.9676352299289958,forward_head
36.1,-0.26774581613737425,-0.14587515528679051,-0.020000841163301707,-0.021280467268817656,1.5411351554325483,0.02406513572812407,1.7983948654783943,1.132077779687971,forward_head
36.12,-0.2898527716704569,-0.11068343254772593,-0.00740432751183799,0.004153303215862459,1.6515570513404214,0.041387526125527714,1.761366055031063,1.243461312137551,forward_head
36.14,-0.362174049929775,-0.11744940772380327,-0.034589383483030166,-0.018095602370318705,1.6118782189806349,0.031519275297663796,1.9152168927017852,1.1691904961015158,forward_head
36.16,-0.2845777264587754,-0.1314063611076164,-0.010640108903028743,0.018111320787933934,1.7183755730587513,0.04831306972536976,1.8277331030821669,1.2861712157560239,forward_head
36.18,-0.30793057399429263,-0.10984072500305818,0.0018953860845834678,0.013313714924302283,1.6007455981419372,0.02385439475571711,1.8479559781751163,1.0941586266218528,forward_head
36.2,-0.323625121862726,-0.11103205547842916,-0.010025716077673125,-0.00725692385835683,1.5702616059908436,0.037959265235787736,1.9066759032788665,1.0749133451959532,forward_head
36.22,-0.3292910757772748,-0.13791673136809665,-0.022399576818404612,-0.013816467464122814,1.6133161350204825,0.03671554955088313,1.896648090498005,1.1223762251890366,forward_head
36.24,-0.33085442480052,-0.105486608834272,-0.018515721547620635,-0.02941841383819317,1.507741230802997,0.04142907849983181,1.8208803305141308,1.161790793721062,forward_head
36.26,-0.271432731218642,-0.1316637045986897,-0.012571444474327148,0.00845444328260514,1.6464076034941286,0.032576023107944545,1.7666838683348216,1.1625479525359947,forward_head
36.28,-0.29735975102211115,-0.10685329267299061,-0.0054825826876045225,-0.02345347993721444,1.6214330996690627,0.03037324413687031,1.7508338287115672,1.1307325337776302,forward_head
36.3,-0.2998148584387903,-0.11841568525823584,-0.0251732935413257,-0.005083706939650173,1.5485008398061553,0.02730459470414222,1.7424140803818184,1.2456112282497969,forward_head
36.32,-0.313798279392143,-0.08295957326712765,-0.025882293879550634,-0.02698382279393048,1.7744820621947277,0.04482429514593229,1.7460029334681653,1.1678711550205845,forward_head
36.34,-0.32952959121240827,-0.08521009122519445,-0.05112583211559092,0.012543402673354855,1.6086484947602868,0.029893148810240872,1.8048161649209375,1.0814283887341969,forward_head
36.36,-0.32014949548199967,-0.09627350466319237,-0.007355641558222922,-0.027233634002555556,1.6023627798832418,0.02336475525329094,1.9084784700460724,1.1333143944263933,forward_head
36.38,-0.32862519507297955,-0.12692530956783252,-0.025934078580068038,0.004241814482067474,1.531581787070257,0.028830278236144303,1.7926248447715285,1.0664494825465485,forward_head
36.4,-0.3568783075364364,-0.11846384351845457,-0.011638897897279371,-0.005727769690559771,1.5874198159036084,0.031613228804568655,1.9546023917230197,1.2324997468961454,forward_head
36.42,-0.3047128795917078,-0.12472932831624972,-0.012945982992880446,0.0016392742918134734,1.5993176452830438,0.04400137902055124,1.7903439822301517,1.0719506102883887,forward_head
36.44,-0.27755423513319494,-0.13750285595532363,-0.014612799393062826,0.013989673755831973,1.544213407279851,0.026604913618695318,1.841836882927852,1.0759726269297474,forward_head
36.46,-0.3343283026131088,-0.12059735596313097,-0.0108514219321812,6.273876447039584e-05,1.6961328193490322,0.046845878709690196,1.8025595355672548,1.1644346815598599,forward_head
36.48,-0.3015866901521593,-0.11198462510559831,-0.022703392300429344,0.013417903487111082,1.6586332284961047,0.02097699246412656,1.972409625307647,1.2991594965615196,forward_head
36.5,-0.31186672177049973,-0.08639136076841095,-0.035592082163211275,0.021658742987058305,1.632485239046566,0.024095112455061848,1.779257372717233,1.2092236444355948,forward_head
36.52,-0.32332819796745255,-0.13394510445857577,-0.054687901820812325,-0.010486226258725435,1.5193337905898299,0.02867222007628466,1.9035684080811328,1.0281852864438812,forward_head
36.54,-0.3134631241716458,-0.09066174264934816,-0.022573125437897152,0.003728373590354708,1.588563691564179,0.05250881471676427,1.7987483382145766,1.096235384847644,forward_head
36.56,-0.33245306932796576,-0.09742627700956513,-0.04014148474791672,-0.012203806885373649,1.7578945851712573,0.0313694049445657,1.7851749803853176,1.1400291782735483,forward_head
36.58,-0.328475460908311,-0.12458850041805468,-0.013981759234769055,-0.012359300626282096,1.516376304014701,0.01946855584140724,1.8399342567657528,1.2306040990467373,forward_head
36.6,-0.33329479584505645,-0.12844512788902776,-0.025332343562740195,-0.008815361050978729,1.7063480599224519,0.04858708993143547,1.904839864905262,1.1654689354265775,forward_head
36.62,-0.31735061461750785,-0.13273917556213238,-0.01095776947811749,-0.0027820345242071196,1.6458294195552168,0.02033638185756474,1.8076594976738687,1.184842195013265,forward_head
36.64,-0.33390666896859084,-0.11105508327666294,-0.03539022634638415,-0.01737878681959418,1.5725429473043118,0.033225790116364104,1.7929118165456066,1.1024735132117045,forward_head
36.66,-0.2779063725401317,-0.13548473909804787,-0.016904023211815476,-0.004842739000981634,1.6221421039233614,0.0278739861667099,1.848077750704907,1.1844909888233661,forward_head
36.68,-0.32299305444372634,-0.12589825243134867,-0.02629913453572993,-0.010024082509669784,1.6969813248957077,0.030269993136271173,1.831875247581153,1.1048467925183874,forward_head
36.7,-0.3285401170550939,-0.11865286720964938,-0.010871475762637205,0.018095469310199366,1.6776828675213629,0.02464710642164437,1.8241710912805214,1.234541658702828,forward_head
36.72,-0.3103361278516945,-0.0977340298945138,-0.0037005726806829324,0.009025579116092268,1.632810009218143,0.042706019176485525,1.8903794771158549,1.1224120813715794,forward_head
36.74,-0.2885400980800032,-0.1151810466979402,-0.0032792528881630104,0.017134136631910803,1.5645635647497214,0.03540759138455816,1.946578956697984,1.1402642129344098,forward_head
36.76,-0.30392586202373745,-0.1090591951332558,-0.030685700148414784,0.009018349569011496,1.6348845360330293,0.03745116896391959,1.8687172313108824,1.1865190740151508,forward_head
36.78,-0.3195106064682224,-0.1048311049560424,-0.013207572598346854,0.02461314018900814,1.614590988241765,0.030185702771971027,1.8641085517145315,1.0707527037528097,forward_head
36.8,-0.31497489504694015,-0.13396977244454245,-0.045471300360519384,-0.004879988703298956,1.566712568647433,0.05303067063790822,1.8077320458928294,1.2428205290857461,forward_head
36.82,-0.3349462350701757,-0.13981134088319566,-0.03924413194983671,0.0008133698012803011,1.5740093506558774,0.025669924428397602,1.8538627428749905,1.1557615565317128,forward_head
36.84,-0.3296058115685942,-0.12606763173305152,-0.04157017761875799,0.024739936078205616,1.6235225696119864,0.021875400304107638,1.852532983730059,1.1109130406576637,forward_head
36.86,-0.29356804101749845,-0.1061973538833577,-0.014241711780878968,-0.0072066867710098206,1.634651239718768,0.014846988978319795,1.8559107860813386,1.0795488485972877,forward_head
36.88,-0.30118150341794026,-0.11887786332126557,-0.038401443204516196,0.010553845372362088,1.6907567194466666,0.03460676455931803,1.7887240237392605,1.2630696025416717,forward_head
36.9,-0.31685356450083313,-0.11662282457955561,-0.033768979419854114,-0.008682338741560174,1.487009454844996,0.03806939261788854,1.9290268599870717,1.1938803514960468,forward_head
36.92,-0.317910421178668,-0.1283193223223504,-0.022287007156143734,0.00806871409842498,1.598572175228545,0.024782125053233156,1.8075966312347638,1.1795434308094674,forward_head
36.94,-0.34513116967854157,-0.10368885470264093,-0.03933502053181695,0.0205171786444401,1.4751656064727359,0.030821191474683342,1.7987410539364839,1.1873022097592327,forward_head
36.96,-0.3500616919703817,-0.11367022297788322,-0.01225286919834794,0.017576941085016062,1.463807153071487,0.04007579690829185,1.918153300141476,1.1300033245956402,forward_head
36.98,-0.31794282426369797,-0.11322799466641427,-0.05740526178916693,-0.02207591189008781,1.5244425070500407,0.034187902979959904,1.828358902964423,1.1710718716135629,forward_head
37.0,-0.3159271274704736,-0.09741034542500941,-0.01812769646128859,-0.012872756863198448,1.6010125329291691,0.025975874080787078,1.8847548070199553,1.1977223226682743,forward_head
37.02,-0.29326643054518153,-0.10965034488204956,-0.0103453296122143,-0.009696922617502175,1.5407887632415318,0.01739297047603365,1.7840386924920297,1.1968406470474318,forward_head
37.04,-0.3157598943236732,-0.13590928326028714,-0.009499756246147191,0.0050651338707426805,1.5125012563165654,0.03441602787487358,1.83699819944667,1.1590459581918569,forward_head
37.06,-0.30748639255581495,-0.09417296786114263,-0.024701360126528214,-0.0077106125698454975,1.5162659027490113,0.02592227535362628,1.8865489662474968,1.1311700018701596,forward_head
37.08,-0.31791521956219443,-0.11552531093795572,-0.01731283742252384,-0.0052427602706097785,1.5376513110971053,0.04035938583896573,1.7537036056822612,1.0808943897174852,forward_head
37.1,-0.32406064584648653,-0.07798690940953854,-0.02746889902495557,-0.004922898925302144,1.749142109060487,0.035921479885644515,1.8598776384486793,1.2324140513558317,forward_head
37.12,-0.3264685334746631,-0.10480438559219978,-0.03380594437369105,0.011536518195653529,1.5429088436257616,0.029117551458902862,1.8100483428972378,1.159966504499771,forward_head
37.14,-0.3220753163799321,-0.12707171520927119,-0.009295844066591402,0.012183293281246857,1.5846734955418025,0.04527134909568239,1.8884603406412197,1.0930311757129039,forward_head
37.16,-0.3200006439818813,-0.11734174257684202,-0.026629466993282697,0.004691445913765413,1.6972319179047328,0.04771195182060112,1.8589932717990387,1.1191840837053515,forward_head
37.18,-0.32512344852135916,-0.12740217004385412,0.004779538774726105,-0.0031414443655568324,1.3736206505004949,0.03137355405267351,1.9464110665815268,1.1690581069866781,forward_head
37.2,-0.312412217335949,-0.10555705205658912,-0.016400048540917457,0.022662973099411995,1.5305001410753332,0.031554480889324076,1.838625851066079,1.074401925245292,forward_head
37.22,-0.311237283390388,-0.12945539085203098,-0.03560961294300618,0.004001167699393797,1.618502465221196,0.03425557330298294,1.9420077412491057,1.172850225589975,forward_head
37.24,-0.29392591515848215,-0.10136038941928376,-0.028472849222991658,9.631341462677897e-05,1.558641413722614,0.022602564929784533,1.8157375801187863,1.0649945653991952,forward_head
37.26,-0.3209329417760402,-0.09655391744219836,-0.012078298916373926,-0.01618818081876146,1.4851846609498949,0.02429536475875286,1.8665486710833255,1.1744339209314283,forward_head
37.28,-0.30052187629401206,-0.12758202500847982,0.004388406968793748,0.010205566975483553,1.496774235806799,0.03947653582410549,1.9159380073146257,1.13361620032345,forward_head
37.3,-0.3430607445927939,-0.08060407837837913,0.0009378399237578813,-0.007032409646659413,1.5460305070695728,0.02676521645563204,1.873031732728465,1.1008076007669412,forward_head
37.32,-0.31574046802445455,-0.12905426219551183,-0.016792863714185445,-0.0072417020719876745,1.7226353866694106,0.02301316970756713,1.9729695238365212,1.1080883172360703,forward_head
37.34,-0.33259888819211936,-0.12526733666017112,-0.027421126729778023,0.012500901269933447,1.6374473815285575,0.034801708460365434,1.7929061246080444,1.1918737305026303,forward_head
37.36,-0.3071022179596102,-0.1062431415950252,0.0029026794351144102,0.0025788558200416775,1.4836648535302532,0.010425904298423008,1.8490156911851439,1.129448958351189,forward_head
37.38,-0.28894290117793753,-0.12715684633765154,-0.019969405932208997,-0.0017928576387072842,1.5294609997544104,0.03779793581413069,1.861908661028797,1.1035916036469529,forward_head
37.4,-0.32778201188850453,-0.09595882597437605,-0.01835813802581806,0.0007674690035440273,1.5826273718540826,0.025147725481661106,1.9369147138508445,1.087092536544711,forward_head
37.42,-0.3348240137558039,-0.12235268483415228,-0.027213804073525076,-0.017396033848443824,1.7215976725940931,0.03051734199388036,1.8084364702325957,1.0994045916378934,forward_head
37.44,-0.28160920657690874,-0.12981857194143834,-0.024354351236407123,0.004043250118181938,1.6138839421030395,0.015506333293970765,1.9417296752620208,1.1468753858854577,forward_head
37.46,-0.341952692759866,-0.16532076179934616,-0.006802233166328693,0.019100437704202538,1.5310907927352109,0.013946188651591805,1.8614872240063012,1.1807664464630514,forward_head
37.48,-0.3415288933661759,-0.14369717167589485,-0.005413966924173941,-0.0161358137848081,1.4968008926281977,0.026846699668583437,1.767925648154297,1.2183559753129536,forward_head
37.5,-0.3168495799322217,-0.10620697213096486,-0.014533162896744849,0.0013357264859678252,1.5912099577398753,0.0361309464575424,1.964025962129643,1.146662972388334,forward_head
37.52,-0.33761048109796693,-0.1320563859750401,-0.02219091128074979,-0.02095965672594027,1.5620618234517303,0.04878900157235823,1.8876103921855398,1.206144278677937,forward_head
37.54,-0.3254055099844306,-0.1066927709413069,-0.03558114984999935,-0.019319140724335077,1.7033153790593514,0.028560395094813226,1.959793158728397,1.1286493683297767,forward_head
37.56,-0.290973129720764,-0.1002130348190427,-0.017794462146241682,0.017845573472258243,1.64425966413327,0.03162182024975398,1.8321706973337977,1.0985677049439089,forward_head
37.58,-0.3244724979315788,-0.1154014558923499,-0.014925268155856153,0.01019156686609883,1.5768797309241713,0.037747091727053594,1.8047795466333068,1.1095762326505256,forward_head
37.6,-0.3517733477552633,-0.11283624071535732,-0.014034488948068627,0.026134076427675113,1.4488826969615969,0.023613967844453528,1.8915451336233373,1.0453315195047697,forward_head
37.62,-0.28749465642103017,-0.1269877377443424,-0.01619015673919322,-0.024947569073922916,1.5804268678636986,0.02378942445275486,1.939182646242354,1.0678607559388804,forward_head
37.64,-0.28625470082135557,-0.1283808304197291,-0.028858018809312894,0.004560844219150691,1.5705875274191907,0.03718079081975773,1.8378193653360644,1.1854131665640655,forward_head
37.66,-0.316481634932119,-0.11195395502515355,-0.007230531418572157,0.004655146583216017,1.6159693358140186,0.027917922648535654,1.7753637372572948,1.1538167191889812,forward_head
37.68,-0.3195319495108997,-0.1526867561715741,-0.01755314082162287,-0.019907696992640923,1.6725220282672857,0.03244622967575444,1.8222695178230357,1.2763147433247612,forward_head
37.7,-0.34280564541567154,-0.10787560878086139,-0.012385419178360833,-0.008005519446024994,1.7363967357113286,0.047727660552184345,1.9115968504489367,1.1065064777174143,forward_head
37.72,-0.3095682327048572,-0.1195638308390561,-0.040556279767161946,0.005443674338576288,1.5328665225352243,0.03407853792268341,1.93998147740996,1.172272468189325,forward_head
37.74,-0.2835591140277985,-0.0988701618144628,-0.017809817912966538,0.002798557817897993,1.627367265206381,0.016240838109008785,1.871513103891469,1.190937961851449,forward_head
37.76,-0.2805020797984058,-0.10312655363626132,-0.03550353254833048,-0.0001887017840034456,1.45430722730125,0.03825593221717552,1.965205404071949,1.071278556835882,forward_head
37.78,-0.34802350442712654,-0.15641907628250878,-0.03345702627301347,0.005904148732014701,1.688073424840673,0.039855886329879756,1.8620347825771595,1.1967185721625087,forward_head
37.8,-0.32019146751290384,-0.15689318150407194,-0.020456476830124658,0.007853814824386931,1.66131619687196,0.035365398385727595,1.8589190674834826,1.220467046616897,forward_head
37.82,-0.33075910197926545,-0.0926134051959099,-0.03382422576207299,-0.013008037729793448,1.6062505150844733,0.014442744234482312,1.7746655281862884,1.1135790995650725,forward_head
37.84,-0.3269853104668693,-0.137470848506264,-0.020286127016399563,-0.011854123454600293,1.6215573638824181,0.04693205379768114,1.9127929930535705,1.1338680536819523,forward_head
37.86,-0.3295893970606343,-0.10670556833443993,0.005776311568614129,0.006444858930570015,1.5048045835028665,0.02355644980334454,1.8619713990552695,1.041054522698165,forward_head
37.88,-0.30022157361921503,-0.09517234163497516,-0.023055565168678897,-0.0017074232018018682,1.5553178414793924,0.04347169622670082,1.892481432277197,1.2461248609660398,forward_head
37.9,-0.26453271168498027,-0.11175434425441592,-0.019520596991774452,0.010037029332729824,1.4984488535672038,0.02474541664172969,1.833169789883481,1.2536327469147233,forward_head
37.92,-0.2907211783429202,-0.11315298340816045,-0.014086691265925053,-0.004430842086670427,1.6294566821912675,0.03376370086605737,1.823305025675592,1.1591589735807213,forward_head
37.94,-0.33302625773902017,-0.1233001388697332,-0.015619608618026375,0.01161863667776784,1.5486455148352445,0.029569259754156977,1.8949587048802228,1.248463480031381,forward_head
37.96,-0.33533505979752476,-0.12101001891960646,-0.021780513001166107,-0.002516176360319688,1.6774752951683576,0.029279736025425766,1.851318242247762,1.1559703163420243,forward_head
37.98,-0.24512768377631977,-0.13315447359070362,-0.038478659975515694,-0.0029955623582248914,1.7586303390349014,0.023451616318025625,1.8336880979282413,1.149378046794891,forward_head
38.0,-0.29932280450677623,-0.1353173718275002,-0.022579864183251076,-0.007520661240288808,1.5444750008954717,0.035165596703573665,1.8257867653313045,1.2146187422904051,forward_head
38.02,-0.2962545453966337,-0.1461701839617161,-0.013857147334325498,-0.007344068895701061,1.7485765263097104,0.020749266002160528,1.875817535841293,1.1937118041719617,forward_head
38.04,-0.28610580400806374,-0.12632179775481808,-0.008844798851936819,-0.009719686871084047,1.6181556645374873,0.015821472671166206,1.854496153124269,1.1122518389698264,forward_head
38.06,-0.30413419625620763,-0.1063912994352311,-0.023930657294887643,-0.016043046795819835,1.5656837549935234,0.03177665355896533,1.846500815266061,1.2457882491301255,forward_head
38.08,-0.3137227518841216,-0.11482171124269826,-0.02126687206988564,-0.019487692578838135,1.6785708146766536,0.03280113157584713,1.899642248781535,1.0668525194067446,forward_head
38.1,-0.3669434597176667,-0.12485597152518325,-0.0274773279841866,0.01892264908105641,1.5720311684870556,0.020773970590162706,1.7867057700003242,1.1433675395137002,forward_head
38.12,-0.3054789577947868,-0.11372031916704653,-0.029145861160160838,0.001323315403040562,1.710900857384115,0.02292342455036572,1.9762187157892304,1.1343961862822007,forward_head
38.14,-0.30016734023983377,-0.11789502441318513,-0.026150197777857775,0.009372604533555618,1.8007721811863355,0.038151606136267543,1.767047358576119,1.1981093494612418,forward_head
38.16,-0.2984093318477101,-0.11519179559432709,-0.026493611016637022,0.017598686759804215,1.4648029646686702,0.047102396290933386,1.8374890243144413,1.1741542886596685,forward_head
38.18,-0.2867402110840623,-0.10534543241914043,-0.01936631744561905,0.008890919567935808,1.6121066183559003,0.01509238090359288,1.8068091865539835,1.1165899562474895,forward_head
38.2,-0.30175476470146134,-0.11816729001920881,-0.03452785846421213,8.32107656651715e-05,1.5588966250147454,0.026978015252540392,1.8752967935050164,1.070512318631719,forward_head
38.22,-0.3084811073026039,-0.09578985461124534,-0.02814097222345916,0.015022110295711131,1.6479247872958698,0.041175706178536275,1.9365402285635445,1.127250549036975,forward_head
38.24,-0.30221003411478486,-0.12640094592471204,-0.033282043912255255,-0.03504045542075615,1.4702760072441563,0.04060186881610693,1.7939011417064865,1.1203600674305123,forward_head
38.26,-0.30359272260610665,-0.1359950347912226,-0.0375911567207164,-0.024420771250361212,1.6353123158809721,0.04240045305100415,1.82969190025109,1.1866314624891405,forward_head
38.28,-0.3108009228333464,-0.12158880154156218,-0.0237712949753857,0.008153341987716348,1.5803627190205844,0.014117039471276266,1.7892382591481182,1.1130581052321327,forward_head
38.3,-0.30293809779234226,-0.11564464257636478,-0.02710361291261882,0.02388729841912891,1.6268973498186203,0.019886562276870114,1.9028748250137772,1.1563095567876152,forward_head
38.32,-0.26059043402122783,-0.12166924900654384,-0.024752899809231482,0.00896622599222238,1.6310883692056184,0.023563695525125328,1.934812621138674,1.145111538946062,forward_head
38.34,-0.31154626912177896,-0.10304439837540634,-0.02543990787083994,0.0370961985928813,1.708378329053646,0.03495431952494324,1.8266106315622948,1.1513196049881764,forward_head
38.36,-0.33236951375484025,-0.09743503902383784,-0.023797863872600036,-0.0012642359191466892,1.7795883959823193,0.022686463744065615,1.8692955001408804,1.1806966356170114,forward_head
38.38,-0.3287786532962364,-0.17574463165052379,-0.038583708546971136,0.00429060374777712,1.6518886829381458,0.04397866982657274,1.856129288582639,1.1768228314611624,forward_head
38.4,-0.31525601619789156,-0.10616966386838624,-0.024931749285988982,0.0009593883700193312,1.4801251863106637,0.020649537216343026,1.806432178829303,1.1593871443412243,forward_head
38.42,-0.3242885943876604,-0.12758994249129627,-0.007149604184611907,0.026532296175152664,1.5009996299577515,0.039498790986997157,1.9205624585490457,1.1075992283497804,forward_head
38.44,-0.31532449622781283,-0.12383352383375464,0.0061441379621808906,-0.004011620875056988,1.5992551706393803,0.027284501366664646,1.8750207588878782,1.1178385731069782,forward_head
38.46,-0.3242319048030634,-0.09527279143537314,-0.006588230244333713,-0.004534041161696636,1.6602207471068895,0.024369055223125474,1.826357347800355,1.150461252936231,forward_head
38.48,-0.28855244380973494,-0.0920105230676027,-0.024926085002987194,-0.012686289666068702,1.646217558987402,0.011128122188526313,1.9445450047431359,1.1714475161268785,forward_head
38.5,-0.309580234880252,-0.1205571488415333,-0.018864419817321544,-0.009843927050768466,1.488285627502903,0.022073300471396315,1.8277411473868654,1.1636426537271205,forward_head
38.52,-0.32145661623109006,-0.12847331061788536,-0.03733419042725492,0.01510300088083444,1.5429815556251145,0.04140092102657818,1.8240017227251017,1.1361080882813568,forward_head
38.54,-0.30172461460886757,-0.10851819415859694,-0.0049252249449621205,-0.005741850198435258,1.5641364407435512,0.0199109978621927,1.865987437187118,1.1806953109264233,forward_head
38.56,-0.2900569844855889,-0.11973266641708315,-0.028664523830210308,0.003435672456695432,1.5688859932288601,0.03348667367802537,1.752153966854944,1.1219896585426539,forward_head
38.58,-0.32205835599311966,-0.09547101880770739,-0.01813457875235797,0.002944029914206319,1.728566085241068,0.014516381385450276,1.844772096694495,1.3088064077596906,forward_head
38.6,-0.32164415691392834,-0.09565195867304092,-0.029384895982336037,0.007816851688025137,1.5713962404441124,0.012827654225422173,1.7780619996470455,1.2342188829987153,forward_head
38.62,-0.3277770067233621,-0.10518639837059635,-0.015221801091752044,0.008990689963789423,1.6937797901031546,0.03398590773584178,1.7968081733486325,0.9950549645363176,forward_head
38.64,-0.3454199169078004,-0.11254237708980104,-0.015470009031183587,0.014765970905904272,1.627670991506438,0.049167529505342596,1.8426076658776085,1.1329631736408758,forward_head
38.66,-0.3135556730210886,-0.11594950532352646,0.0038157818613931142,0.006985651311888845,1.6015213695144013,0.03244466302256716,1.884702690372825,1.1421890430554855,forward_head
38.68,-0.32216280615062776,-0.13253022445111393,-0.01795432190543935,0.005322408379059156,1.5752595987161773,0.03379326173967709,1.856826677196096,1.20776908603826,forward_head
38.7,-0.347844665228193,-0.11697748307146275,-0.04410644225351264,-0.016248450882461508,1.571880722750963,0.021833425517025648,1.9217398390452893,1.1606878030302963,forward_head
38.72,-0.32855644526170297,-0.1067384611284155,-0.02774913618167375,-0.023763494228791676,1.528279885650495,0.04057363958680553,1.8216982247013784,1.2798759680646081,forward_head
38.74,-0.32624781144923665,-0.10052709559565143,-0.024155559027582336,-0.0034032230207633966,1.6228447483038615,0.03493439318879137,1.8024324649417827,1.1490295036631737,forward_head
38.76,-0.33390978481239203,-0.14972600797318159,0.0066431138162660434,0.013565818388876365,1.6657434505014295,0.03310527649241649,1.742746375525686,1.132597517787447,forward_head
38.78,-0.34575409351264746,-0.07948041052556482,-0.03155195320870482,0.01619959707596515,1.6445236504612564,0.054509907061718786,1.9186276148923027,1.0609317448259927,forward_head
38.8,-0.30308830843365564,-0.11984093911740443,-0.014508095988721636,0.012348632156922577,1.7502713508448984,0.03688932867680463,1.9341851221554798,0.9784436155605466,forward_head
38.82,-0.3199515378404727,-0.1082087277376877,-0.0245298054284819,-0.0222051376806708,1.6214583363660273,0.02956077996945496,1.8538989097634102,1.1766408812847216,forward_head
38.84,-0.2998611290471581,-0.10603597341433289,0.00024255977842308906,-0.013491594389625912,1.6028490631262482,0.03849306017818304,1.8846154331075193,1.136234507989144,forward_head
38.86,-0.3560126203285647,-0.14805445018826682,-0.024653600176953342,-0.00780849582530953,1.6722197079314727,0.021763059671770908,1.8982181764346007,1.1107217451761915,forward_head
38.88,-0.35010601995757373,-0.1237439880120356,-0.028555977940230782,0.008124473172722652,1.7669262640751042,0.025243181555003037,1.9254732002932426,1.1388747293428612,forward_head
38.9,-0.30820438256084787,-0.13102271886073394,-0.04062661313224789,-0.014938014884594189,1.5723107614663512,0.031377430000001864,1.9145553768684624,1.1622726505506207,forward_head
38.92,-0.307423132820191,-0.1080004156476099,-0.01309347812893461,0.01792497249439624,1.7832433248166886,0.03776080396653468,1.8635966957078187,1.1828280617340667,forward_head
38.94,-0.29158314544497094,-0.12961321548321425,-0.03692999015618882,0.01973382108437487,1.5958246893892005,0.015993678509107507,1.7922796537965686,1.206311802145992,forward_head
38.96,-0.30485455893372926,-0.1483164520224333,-0.043438762367666875,0.04225087923952659,1.539428992208924,0.036520313726804164,1.8732505292745607,1.1360733100675666,forward_head
38.98,-0.2955549028326452,-0.1319853099821382,-0.036888797613329666,-0.01981110740780361,1.5183948498815039,0.026985772676768747,1.966844823967571,1.1074186247670004,forward_head
39.0,-0.3287931393555612,-0.1405206742399441,-0.02743693620306658,0.0016865827048819814,1.6093236740440378,0.035890418075708655,1.8428703668666526,1.1660445845500225,forward_head
39.02,-0.32413377423814455,-0.11372130706013227,-0.02222698386105964,0.023844007541523833,1.6622403719147179,0.0324744666015645,1.789794838559415,1.1090984009289209,forward_head
39.04,-0.2618536474314955,-0.09411567155234839,-0.030067387243520108,0.020235915330465974,1.5952486763978861,0.0305079851040153,1.8314043962557456,1.1094761025767708,forward_head
39.06,-0.3176278616612869,-0.10322459244214939,-0.012123877326604365,-0.005590137324704343,1.4193693823901072,0.03940445363208841,1.813451552281781,1.1794616392502935,forward_head
39.08,-0.320212386121972,-0.13971054851329945,-0.0313844158125733,-0.011405477144147344,1.69910366152786,0.033918116074611544,1.8826261400745992,1.1137686951172712,forward_head
39.1,-0.34040481023639835,-0.13643706850834658,-0.009479471551449221,-0.006466437541088743,1.502359126318992,0.017642757622477242,1.8982854466190882,1.1294465479040918,forward_head
39.12,-0.28016721354945257,-0.10034779447793173,-0.011643333572566483,-0.014199854009573094,1.656085837725595,0.019786744867140025,1.7814677891550743,1.0901778306749628,forward_head
39.14,-0.3350031819096274,-0.1155903167181755,-0.031199860400462135,-0.0035959053457554546,1.4909047529217072,0.041906748760183736,1.81966900286045,1.2103852419667174,forward_head
39.16,-0.32588684946520774,-0.09117674092985337,-0.04032444569003988,0.013810624834047965,1.4908629880788369,0.023858040320623924,1.8122944107145373,1.1262485534061744,forward_head
39.18,-0.32999666558118973,-0.12578181648433698,-0.018704484061280828,-0.0004546269348900916,1.5435627644846805,0.030093348449965352,1.8493828548114624,1.2238499670160832,forward_head
39.2,-0.3974938309164095,-0.11898076297467142,-0.028318713315559803,0.0076575740630218285,1.688597338763261,0.03260526954035263,1.8263277940750287,1.0867475930624242,forward_head
39.22,-0.3229726768861349,-0.13258689654114658,-0.016254976350702513,-0.00393749260648664,1.457051561738761,0.044899737260506355,1.9212201007901397,1.0567487279755357,forward_head
39.24,-0.3104597338756296,-0.10687118160463469,-0.02430007452159474,-0.009108944054405583,1.6201192622931568,0.02904639546720656,1.7919414873976858,1.0509108775559577,forward_head
39.26,-0.3673855213016301,-0.16018751874075204,-0.006049830135022366,-0.014674184603089873,1.6622611563831617,0.03602599383491129,1.8278491941508508,1.168247376790202,forward_head
39.28,-0.341167727315046,-0.1339941953945884,-0.020080027904347608,-0.019133264057031325,1.4608608203949998,0.021527595272130464,1.863475112510036,1.1651658643170186,forward_head
39.3,-0.31635512337216537,-0.11896913275211318,-0.005864968814272763,-0.009612333560895546,1.734845151589144,0.02569372255919396,1.9486049897971114,1.1499424595082965,forward_head
39.32,-0.3157096707467257,-0.1081705501261976,-0.0035270532852520933,0.0076556723105070225,1.5180334546951508,0.01273184287654877,2.021625485371592,1.087020397647563,forward_head
39.34,-0.3520438382615897,-0.10976586378546123,-0.04037051753271242,0.002639195696453953,1.452707944145531,0.042903644025717884,1.7748807818183328,1.1439840584576644,forward_head
39.36,-0.29002958679965446,-0.12041204968041415,-0.03670502399885347,0.010023092428076863,1.5299988573251657,0.039700136406849794,1.8850322229781986,1.013755785498038,forward_head
39.38,-0.28474886030444707,-0.11092474068281982,-0.02766696689645968,0.00841636004929259,1.6431778629147846,0.021380754243614037,1.7942401065025317,1.167465271080658,forward_head
39.4,-0.3167989030577538,-0.13144769400103795,0.0009440654238233037,0.0001375667939098755,1.6429160084369043,0.0302930106657308,1.8403400989715188,1.1156809358800384,forward_head
39.42,-0.3322501537028195,-0.15118235966868354,-0.019189190326339447,-0.01394973361610999,1.5490880404562932,0.027725925089724775,1.7209821796397164,1.1388216058874894,forward_head
39.44,-0.325057192479633,-0.13035598470899162,-0.03131945164733956,-0.0058785301200067475,1.5821968723759234,0.0259691809388648,1.9653125450981674,1.12472277983667,forward_head
39.46,-0.305650746320945,-0.09460587919580216,-0.025056501728657404,-0.010475161258548062,1.5701711208084133,0.027453779657534493,1.8868365029806684,1.138499478909716,forward_head
39.48,-0.31836105468660725,-0.11874408763837532,-0.008464667010597742,-0.01752365068491992,1.5740741252242592,0.029636698833924276,1.9338636522472128,1.1514088168792016,forward_head
39.5,-0.25701041935564656,-0.13025624977721226,-0.045966637844948824,-0.009148714900114886,1.5496657728270677,0.04524748935184562,1.8868504838577869,1.2074136253260772,forward_head
39.52,-0.2983911313453348,-0.11770808872147512,-0.009829536604919588,0.010785065193148181,1.4399088739001205,0.03205567268163358,1.9045241469442842,1.1029435053246752,forward_head
39.54,-0.28961027693982505,-0.1278608876918436,-0.03340585647524676,-0.010063563301657103,1.5658823921302256,0.019241365007649537,1.8427059378280535,1.169645090060028,forward_head
39.56,-0.29942838792922183,-0.09673724995039762,-0.02179209433509285,-0.005429635546876067,1.5731176957072526,0.033135978022700824,1.7804355213746423,1.1433639319586801,forward_head
39.58,-0.33938531009718614,-0.10762973931363524,-0.02480543983516604,0.002863346353469751,1.6881087560094195,0.022435359907305732,1.7987192558625205,1.2090817040661896,forward_head
39.6,-0.29280491296757183,-0.11361473291665566,-0.03882426129721926,0.0004562734779619859,1.7722252157632705,0.05324351594626529,1.8193189542428683,1.1888816346125297,forward_head
39.62,-0.30089562717103285,-0.13385189445495968,-0.013448021985664128,-0.031016924816330876,1.6431047353611459,0.031165517127478178,1.810579819215999,1.2759261554301617,forward_head
39.64,-0.3075514623214323,-0.13316138515630893,-0.03463342604425713,0.01303704403638614,1.6338391684837719,0.03930022120045419,1.920621192492803,1.1954893350916111,forward_head
39.66,-0.37230101513975755,-0.06830245321784988,-0.03506984373136813,-0.037080710052813506,1.4882714187082426,0.022810663081468726,1.8218188265787967,1.229610007595177,forward_head
39.68,-0.3334279476379225,-0.0915853324845025,-0.017457867323490105,0.003392818314626476,1.6279746322476634,0.03509977629894876,1.7751232884157495,1.1050147434004445,forward_head
39.7,-0.32806339803371204,-0.10127569116363977,0.004926910437214088,-0.005113687383814894,1.4442086655103203,0.02727991959617697,1.9459408552537154,1.1046800110373243,forward_head
39.72,-0.3007059354522191,-0.09245354267546667,-0.035351369958972374,0.00783637326707714,1.5709244374496527,0.029059069862486634,1.8000553591990045,1.1873828589908055,forward_head
39.74,-0.31002878972304837,-0.11937425844591375,-0.01811677542069249,-0.011183585164741007,1.6196450619627725,0.034350652307585175,1.8476518912415443,1.173761147765349,forward_head
39.76,-0.30955028499738857,-0.12012960642981006,-0.032855768334336025,0.003938335890873904,1.6193413516933541,0.023679830768202192,1.863601821126677,1.1931595348077488,forward_head
39.78,-0.32161974264733895,-0.1294146356747288,-0.023216252947874796,0.03131825802460154,1.5447767149547995,0.03898682596329221,1.861471775846754,1.1628473921902414,forward_head
39.8,-0.29624264743998446,-0.12081340838861844,-0.020338916022404428,0.0015356215214732897,1.6888461882262051,0.035950368858781265,1.784921319233471,1.1927958084083659,forward_head
39.82,-0.3577234354499458,-0.11681957484080041,-0.025502054002131246,0.0008517777148325545,1.6724812545387113,0.044323279494246574,1.938290135243585,1.1362439988417998,forward_head
39.84,-0.33635716265706794,-0.09959597858807377,-0.03312824477069784,-0.006260859812421131,1.4940538825549745,0.03044100791868898,1.8119682367448966,1.1913157112986381,forward_head
39.86,-0.3315410233032995,-0.11978224944656028,-0.026867795937555655,-0.01906613913782766,1.776730063056248,0.03336655310486256,1.8444886736552242,1.0814585259472862,forward_head
39.88,-0.33385279221396363,-0.07070915130690315,-0.02804172048523568,-0.0013260451011718611,1.676641578783484,0.03917906555062009,1.8830922682781952,1.1581093906134439,forward_head
39.9,-0.31321376337726414,-0.11624845422372103,-0.036389214815496576,0.010648348335900499,1.759254551083764,0.03521149547584579,1.9061305953106886,1.1166550598167662,forward_head
39.92,-0.32140555774761154,-0.09772997884100859,-0.03876785804322125,0.022806014011155184,1.6732277036628003,0.013050827011129076,1.8783829590451104,1.135235613580637,forward_head
39.94,-0.3088682187373759,-0.12126189923258407,-0.04991030120517873,-0.018685418846004352,1.523219496376168,0.004468593446090339,1.9263283375135798,1.2610097084685594,forward_head
39.96,-0.3208278144618651,-0.12830614720418812,-0.05057972211355046,0.026001989383421048,1.5993479917761433,0.04189135116786272,1.9072138381951271,1.044481395449931,forward_head
39.98,-0.30535354075487753,-0.10372085327673589,-0.02241150258987743,-0.005649398270313462,1.507413333891256,0.0170603380529194,1.9002845715651262,1.3023715164560932,forward_head
40.0,-0.3023267723747293,-0.12555708552192246,-0.03909190965763707,-0.0055686742304425765,1.677598043701487,0.034453560039442964,1.917853128747642,1.077359873391659,forward_head
40.02,-0.2897582353320394,-0.11880609541518065,-0.036266207322498266,-0.011382851176891895,1.483050432599948,0.006855621902490684,1.8012772991185262,1.1747420035747473,forward_head
40.04,-0.33303567108431653,-0.13337486071309232,0.0004211389600498913,-0.02223196635752877,1.5627939001573123,0.030268174905792283,1.7907909955317156,1.2151268911018547,forward_head
40.06,-0.31382800802967836,-0.11023083465878762,-0.032126026228299014,0.0006281723684409454,1.5876107857315949,0.012552749571278226,1.7636153241667292,1.2107079590871002,forward_head
40.08,-0.30730376439343465,-0.12543708766567285,-0.016034435388458446,-0.022804464172690834,1.5660310123370365,0.033526045224415844,1.7407105674476622,1.1939989188149123,forward_head
40.1,-0.30641227894841006,-0.08843716384387303,-0.028163364673803343,0.018832172835870593,1.5709935161812405,0.03506150242198015,1.8064191479447878,1.1366630377517695,forward_head
40.12,-0.31378184786404767,-0.10622906811757232,-0.021344980381358375,-0.0019596368442688053,1.4943146286023916,0.03482175230579578,1.934731884976457,1.180635871113726,forward_head
40.14,-0.2852516287250885,-0.13785775937408531,-0.01049338120035056,0.005015021733043713,1.548320781951927,0.01735613393481938,1.6922782626300246,1.1589586429629581,forward_head
40.16,-0.33660185567759476,-0.1437872269519004,-0.0034900220109321985,-0.03800998270347505,1.661203992129006,0.013589021788096836,1.7533716672243942,1.2687065404266957,forward_head
40.18,-0.26570647828941496,-0.1169424895244065,-0.045522115180029965,0.007235265546173031,1.6824193134860868,0.017857516146985768,1.9427409123915929,1.167562135452178,forward_head
40.2,-0.3277184244449944,-0.10852078719000104,-0.0199826848211144,0.00815649682622982,1.6388650565262026,0.030833519159614617,1.9489394664507844,1.1633777908469172,forward_head
40.22,-0.3346666478865759,-0.11716314698534282,-0.02946950751702171,-0.01668348391862351,1.6622951462637776,0.03214927486442998,1.9162237101478095,1.1357536623426527,forward_head
40.24,-0.2745896053594735,-0.11426089246334435,-0.012712830480451054,-0.007153858878032844,1.5122626623165547,0.03168565799300457,1.8861010957489985,1.203427241427426,forward_head
40.26,-0.2941644290534468,-0.1071716223675412,-0.03973947726769834,0.010265442322228698,1.5859244697173804,0.021788475875503033,1.909079189093821,1.1934948056126709,forward_head
40.28,-0.3129908095190373,-0.11442984375877216,-0.02788397603865554,0.0017942141675720532,1.6161076128299947,0.0370250785299292,1.778494835050568,1.3333156490089668,forward_head
40.3,-0.32827555962685645,-0.12493884185838736,-0.010394392486910953,-0.002813066749231232,1.4749771863661565,0.02675081298401792,1.8920122408373776,1.0588827427856242,forward_head
40.32,-0.35749355584579284,-0.08990268231853438,-0.029379305482616077,-0.006609793963154144,1.6744987459408267,0.032742203106849915,1.7939450192804414,1.1158252697482471,forward_head
40.34,-0.30107517043028587,-0.09484588190439903,-0.00827321135771063,-0.033345822882592156,1.5658245180544452,0.027538481425133435,1.8809153755418124,1.1819528571835936,forward_head
40.36,-0.3595029512006764,-0.1657113103366073,-0.0233754174239086,-0.018766565587923195,1.6255933532690336,0.03669961592464903,1.9506476179683108,1.1461845906298984,forward_head
40.38,-0.3476826563989509,-0.10895176595580451,-0.024197406522885104,0.01661896532767762,1.4800522039800732,0.03763908109911438,1.77273934135571,1.1570910648351902,forward_head
40.4,-0.3105374205867987,-0.09224915229634514,-0.009906390789936702,0.0014683532662882663,1.6679987499714466,0.03711361953607541,1.9060925078221729,1.079039889115005,forward_head
40.42,-0.3438039246460095,-0.11767645054813022,-0.025322343218283253,0.03268657907972469,1.6202935117690453,0.022392087734099907,1.806321305211407,1.15856164770125,forward_head
40.44,-0.2882335889363088,-0.11635980464841565,-0.01946166223505355,0.015043767564218548,1.7114986710561686,0.019213415679385632,1.8684984134936211,1.1840666972512757,forward_head
40.46,-0.30342557211027776,-0.13715726070742465,-0.03184369961173655,0.006082663381023187,1.6888694219039533,0.041527256183101706,1.8564314270941387,1.247060474108126,forward_head
40.48,-0.36857018159568705,-0.10647276656770531,-0.01871838485145635,-0.011423087381681398,1.6348267871290902,0.020486757436969767,1.846761564573309,1.1220516902566395,forward_head
40.5,-0.30960183971811966,-0.09546926250388889,-0.019368480620220868,0.004020890213731615,1.598900638872314,0.0075198861618168186,1.850537195192241,1.1823476044374965,forward_head
40.52,-0.34915464916600597,-0.1305740945289842,-0.03645100650644429,-0.002539863494073209,1.4634547157562985,0.04538965796995242,1.9326500894411989,1.1166724001035642,forward_head
40.54,-0.30616275037638296,-0.11749561970613043,-0.031492062118819455,0.01899506070127431,1.6427513800822153,0.024362707324467416,1.9080276057610925,1.2408336526166166,forward_head
40.56,-0.3457902933285484,-0.12121918420876587,-0.02958921292842265,0.014965195789362,1.6461014547705477,0.031236826044544603,1.9582056824569074,1.0973073632786865,forward_head
40.58,-0.3084548392361578,-0.13532482425287834,-0.018161325299420637,0.005230712392225417,1.5873878675529818,0.018049509312511085,1.7304156972548184,1.1085802928349828,forward_head
40.6,-0.32588206843287376,-0.12262357386917841,-0.0019126063748958783,-0.0002685703257316163,1.6722596139004997,0.03059196713474687,1.8642369181358447,1.1563292082719445,forward_head
40.62,-0.27551934325941696,-0.1377196088496376,-0.0012501108356948111,-0.0019299902633573849,1.75195080365433,0.04923107166631766,2.0058977051662765,1.1081060937863352,forward_head
40.64,-0.34743659478964517,-0.0994534672922909,-0.012232806577351608,0.0002405826454140548,1.5750128684723252,0.0132511685521699,1.8664989860286914,1.1377702565838017,forward_head
40.66,-0.312362858275856,-0.12458871255616571,-0.006762860035486997,0.009288497686407233,1.7592009823482375,0.0336185843919414,1.717612605257407,1.0716429633658233,forward_head
40.68,-0.3107620561339857,-0.1349643965373924,-0.008898046614814397,-0.015771246798862278,1.5366212128756784,0.02250775321092777,1.8128483406186389,1.2340784615780065,forward_head
40.7,-0.3035072441065781,-0.15469850101366,-0.050674442948050694,0.006934536075104916,1.6285756214357707,0.032672293242635,1.7921651141672799,1.3139865265440391,forward_head
40.72,-0.3018344056735191,-0.12881633452723415,-0.007576975182140537,0.00605369584154935,1.5091448854194636,0.026247733494222415,1.8452235582320455,1.2194777459183286,forward_head
40.74,-0.31363730801556067,-0.08664916635886066,-0.0366395423420092,-0.004566080142568063,1.4699776618062836,0.021430091116394073,1.8526308828595366,1.0669194370225972,forward_head
40.76,-0.32046662844908486,-0.10303129675882744,-0.04080916596676359,-0.0025073631314547705,1.4934628064782025,0.03225080846010502,1.9567115434094242,1.1111766364962081,forward_head
40.78,-0.3099901592330459,-0.09858300193226559,-0.015680735847541337,-0.024733629121668526,1.6558379572786692,0.022704887994377483,1.7048802267036598,1.1059287371077657,forward_head
40.8,-0.29008575904935674,-0.08585240196534531,-0.015029803822253203,0.022098092948400254,1.5873725077221448,0.01476174111908083,1.8869668737118939,1.0488787520855767,forward_head
40.82,-0.32865735397103923,-0.12527188992223368,-0.035392802506270055,0.027669480474723555,1.5758968063307865,0.033268753306936814,1.8841109601185586,1.106762187839071,forward_head
40.84,-0.340689850369571,-0.12660476682046168,-0.0030948118724235547,-0.010722120053986312,1.5723720755604653,0.037015945467152436,1.9017455634454725,1.1779230613775542,forward_head
40.86,-0.3431923344258536,-0.07113287041364982,-0.02354489966307127,-0.01599952455623493,1.6278752259407625,0.0347072140475119,1.8104817300991263,1.059262444542441,forward_head
40.88,-0.34330467580334173,-0.11101735818239324,-0.0202111782986537,0.0020699951476899512,1.5615472677039588,0.030202156392719795,1.8212799696626776,1.1105976262592752,forward_head
40.9,-0.3246261997938366,-0.14793875361166134,-0.007557551464089319,-0.008596789693813207,1.654670978245631,0.03586691188578816,1.863599403569536,1.1666453908672973,forward_head
40.92,-0.27139159321577794,-0.08546776534494341,-0.020584515883998077,-0.017892795815531704,1.6070028086643313,0.02908958730426408,1.907221470629914,1.041903405449092,forward_head
40.94,-0.3508201718849733,-0.12152568021569381,-0.017345208114995292,0.016145818294862484,1.5191461368326291,0.04149079115307772,1.827685646908251,1.1823484909325204,forward_head
40.96,-0.3205719189967565,-0.10505370747932143,-0.02097668104023737,0.005734786410843588,1.5786697374735814,0.02030215330292032,1.886825770551715,1.0699190738492104,forward_head
40.98,-0.31939729523338284,-0.09907039764744516,-0.02539074144971318,0.0039481287426596364,1.6510561762867355,0.02077464622861629,1.7902300174322952,1.1031607732184177,forward_head
41.0,-0.33802494730438165,-0.1055033183510602,-0.026945347361806458,-0.012348656723266396,1.476952103067725,0.03999096593243927,1.9631513177187108,1.0522402211732753,forward_head
41.02,-0.3247581242099201,-0.10205074884047072,-0.03395093823904201,-0.010320713845293622,1.6676242600965545,0.020742733952502913,1.8725146288228898,1.163136597967543,forward_head
41.04,-0.32126948014445195,-0.12221032690565534,-0.058542179769880104,0.002160805444521388,1.5729407053232174,0.02811373909099346,1.7980415957720925,1.1497440929500997,forward_head
41.06,-0.28729668446542744,-0.11549891575291144,-0.026189101235278307,0.007498008443284437,1.6176322222011403,0.035136585330587694,1.889863480688043,1.243171170640077,forward_head
41.08,-0.3245884791379433,-0.1236539382280251,0.0003328802489020587,0.007161418644188043,1.5209758501520345,0.018694291368258058,1.8746054074278422,1.2171407662206848,forward_head
41.1,-0.3122667262704122,-0.11989686774717855,0.0022427567226721928,0.014145548236215085,1.558662005668416,0.04338881248646856,1.8919088764761385,1.2237343029918486,forward_head
41.12,-0.3313836392616905,-0.1205248617436691,-0.008822543227309364,-0.0007027998326175706,1.6117939272963886,0.023770792915746873,1.7860870055339868,1.220800568543328,forward_head
41.14,-0.3095026095818588,-0.11419699707968892,-0.011813523506799633,-0.017284511837509935,1.48909957534092,0.030727204300043498,1.8381213051752474,1.1663944630764256,forward_head
41.16,-0.3238360345711334,-0.12483652185304595,-0.022368539227167198,-0.003537792852937607,1.5846437526078938,0.034253882735862634,1.8469815117029893,1.1353826493664183,forward_head
41.18,-0.3033903419039247,-0.14521952861634313,-0.03221186517561483,0.010647023547469624,1.4952355848578978,0.027323306067791448,1.8019584792517396,1.113221678216717,forward_head
41.2,-0.34029320510046907,-0.12953065955354462,0.001055728623248243,-0.007945351624583633,1.5316369991558725,0.03580742200438854,1.7972265892647836,1.2048211219209983,forward_head
41.22,-0.3422818643574943,-0.10900231071201709,-0.04533358475752997,0.0098057518098887,1.612513920612269,0.03424836998191364,1.9641894179382142,1.0717608842575796,forward_head
41.24,-0.3151335040467117,-0.0948033454493688,-0.04732477648458885,-0.007868906237195213,1.6929844812086972,0.045382631472145524,1.693306490169173,1.1035367446305746,forward_head
41.26,-0.2851716512873643,-0.11926317948812401,-0.024734072171247887,-0.022938166843889784,1.5957585022036869,0.03305373782316337,1.966829930109441,1.2497995406054467,forward_head
41.28,-0.3271562157549962,-0.12327477053887367,-0.027125349456180867,-0.017092094073071124,1.5252785463581846,0.04852350752530703,1.8768386944443436,1.1453879035915835,forward_head
41.3,-0.34063597232039206,-0.13251173898667656,-0.03096502929198659,-0.0015297362516575545,1.6451935288130712,0.04179591222773132,1.8417186549681632,1.2469476428803739,forward_head
41.32,-0.3070259325537923,-0.13257749017916087,-0.037727997054043956,0.011630487207620386,1.6267996386438648,0.03235779487054553,1.8214611456864689,1.1237010082316405,forward_head
41.34,-0.2873083564416617,-0.11785411781228916,-0.04530120927166536,-0.005113172465054793,1.7472051107836095,0.03240588916186294,1.933834467062055,1.0457994300134916,forward_head
41.36,-0.32140667562272957,-0.10851262690669829,-0.009596868565048997,0.02480546205682272,1.5783053155592879,0.030518453651106215,1.791652241242983,1.138164853280998,forward_head
41.38,-0.3302380697038388,-0.07938868845016978,-0.025008589426334844,0.0005696728325235447,1.6255192876782658,0.02242998244321634,1.8237643706559092,1.1891332661947238,forward_head
41.4,-0.296231815723216,-0.1085873875165143,-0.020961337875001925,-0.017876752093543474,1.6337637693014209,0.008767661280080582,1.8672153737913866,1.1411338664820172,forward_head
41.42,-0.32977857238266406,-0.08809933954525699,-0.040920819324571076,-0.013771224968842779,1.567164973975242,0.04488590841679628,1.8324862247254843,1.1692063631700353,forward_head
41.44,-0.33893321065369514,-0.10832994050089552,-0.01889457568121167,-0.001797605326079809,1.5432183832167754,0.03256691763521997,1.9015514647419083,1.122956123213441,forward_head
41.46,-0.32675924502203824,-0.08128777754346354,-0.006287015936374265,-0.0016539949489050411,1.5339475742287507,0.025065029976037472,1.8710740907970398,1.215057714473128,forward_head
41.48,-0.3088800095936784,-0.12379941022199038,-0.03545145285386258,0.016936687623300382,1.503250576316643,0.034726747475471914,1.8203531034739524,1.1907640232638679,forward_head
41.5,-0.3094371817343421,-0.08334497215327691,-0.018003150186910004,0.012873610816197511,1.5369798393638476,0.012459930243761443,1.7688370328945173,1.1491106718240638,forward_head
41.52,-0.3029623800248931,-0.14091954160881923,-0.011952713157267444,-0.003385156058601214,1.512983732121669,0.02734067830330464,1.8363438046471687,1.0543215893102729,forward_head
41.54,-0.35571317658173845,-0.07312431290504233,-0.005305075756094717,0.007707664028861142,1.6089707955610943,0.024378903070530034,1.8484045814259589,1.1471241519085065,forward_head
41.56,-0.32950689780262926,-0.13744237772021659,-0.022585984490201157,-0.0007567962470292597,1.4660419308471213,0.031426603739126105,1.8414353829355867,1.187721748126434,forward_head
41.58,-0.3317688160250066,-0.10909127516892293,-0.017632257931757166,-0.0038045961923564224,1.6631953592772608,0.040251016074370136,1.7492871251783493,1.0093470748121407,forward_head
41.6,-0.3458091112825184,-0.08624945029013371,0.0021854947223443125,0.01366145166859827,1.6150440623943638,0.019376593768380725,1.7656632995999746,1.2131223029282874,forward_head
41.62,-0.3304638831006237,-0.08784326790407725,-0.01945333670478308,-0.029242113062217124,1.6155434431684015,0.027549829092129902,1.8222222694128418,1.213746863665581,forward_head
41.64,-0.33344952062483457,-0.09953367832261181,-0.005109125626685375,0.00986649375883768,1.5646539302733213,0.04039125542568411,1.9332308854490268,1.1980640437132482,forward_head
41.66,-0.29433654149115734,-0.09993623959716842,-0.029630757727301858,-0.004730492921061217,1.6380683776457734,0.0404645995970023,1.8665498923500974,1.1358505963420036,forward_head
41.68,-0.33278551016277413,-0.1077264131793072,-0.016181701128522314,-0.0036493994060627054,1.5032682969025581,0.041384764071723375,1.9069384334345556,1.170382646065827,forward_head
41.7,-0.32662339567821547,-0.07824785796302051,-0.04498918717048345,-0.02419511539084624,1.7686117020260599,0.020108068977366066,1.8851740057329445,1.0682653270908722,forward_head
41.72,-0.3190217857097222,-0.11146126760632014,-0.015022112041012168,-0.003250147507020012,1.6165896482555373,0.0172461112686897,1.7950023020378973,1.1854248818409694,forward_head
41.74,-0.3159852741172199,-0.10182416547708452,-0.011882995861734818,-0.02226244241137899,1.6346876100392358,0.023567127523876637,1.85213805808565,1.1637786456079253,forward_head
41.76,-0.28858162479441873,-0.11420069107926654,-0.05035841138182664,0.02052069108883953,1.7086191679707328,0.032909404362967194,1.8352074874500055,1.09192348053886,forward_head
41.78,-0.3246870966316943,-0.10690866077011357,-0.012268424750376178,-0.0012740311963423004,1.537631983534036,0.028774164344717308,1.8892453020401858,1.1830562974379955,forward_head
41.8,-0.3278765442810188,-0.10781310033982727,-0.018400302329531493,-0.0016049635619773735,1.6478874380605104,0.04232158262768141,1.8817615347723005,1.1109614540534738,forward_head
41.82,-0.3066065859730403,-0.08065779950813723,-0.03758709868393532,0.02363721591793282,1.6402446746349548,0.04184940551499387,1.7800249581348406,1.1757018507469938,forward_head
41.84,-0.3580334235334838,-0.14707686723567073,-0.009103448043672514,-0.007353673484234894,1.6204661259765039,0.03513770563303743,1.8808305795050946,1.1656746460774317,forward_head
41.86,-0.3013523407216676,-0.10172840368091499,-0.018430128454052938,0.0065456138967533665,1.6000658539274009,0.009304516089371287,1.7939263671040828,1.1167400221520267,forward_head
41.88,-0.339800609139051,-0.11157593332609331,-0.01605828776910031,-0.00966077522480191,1.4829581126083156,0.020563579284839057,1.869249120890488,1.1042072436471577,forward_head
41.9,-0.3481022347138782,-0.10005980886525787,-0.03437177017738854,0.007076649839199779,1.5396203849781185,0.03318527327327411,1.8654350759811844,1.0713207420882525,forward_head
41.92,-0.2935283919940521,-0.13637811250043616,-0.035613789626340604,-0.02448461644554052,1.5948850446700906,0.04255993919134255,1.837929766465607,1.2238500284127691,forward_head
41.94,-0.2635337644510483,-0.1314181406965999,-0.0071660281396917404,0.0035433692834278027,1.5607046722840048,0.03477951590843218,1.7337074818238363,1.1023051745704189,forward_head
41.96,-0.3417483625807038,-0.14197645761156488,-0.028519180979811293,-0.023281861480121402,1.4860561266176857,0.03356963968954371,1.8565144878692614,1.0834376276178859,forward_head
41.98,-0.309736371120208,-0.1198614625281534,-0.0089622824642629,0.028371494330186084,1.4975988330709802,0.012598741216276988,1.8978921031821379,1.2027321491805658,forward_head
42.0,-0.3289335815020942,-0.09987348610351546,0.000263717420315041,-0.005921345214169378,1.5168564641449904,0.029828083993020418,1.7877686955511447,1.1587355933501795,forward_head
42.02,-0.2848627572969847,-0.1183462178873646,-0.028369689973790073,0.0009319042135844442,1.527020814543226,0.020953706199069694,1.8227419684709998,1.1465641556772175,forward_head
42.04,-0.3023815057071309,-0.11332139102065136,-0.018842880827974508,-0.024564522958243372,1.6746667953754726,0.028025702530905364,1.8256023848558522,1.176022986756575,forward_head
42.06,-0.3259990207039769,-0.12005919800518144,-0.028393681074325206,0.0013483757729235632,1.582014654288921,0.03637555561413767,1.8892806008108036,1.1814189257475562,forward_head
42.08,-0.35043416097022395,-0.11396112249456618,-0.03606749354224635,-0.021371932935054162,1.6223035435346327,0.0332005306527216,1.8265898403440382,1.221497903390774,forward_head
42.1,-0.3748826516231579,-0.14013933284317687,-0.03539971632268728,-0.02586876980662737,1.619418715530846,0.034152000084739516,1.924459746788637,1.213024691365266,forward_head
42.12,-0.3220141240001589,-0.1333426912058815,-0.012558484998529741,-0.00974735052405239,1.716081002996903,0.023258693535919236,1.774617964261207,1.1372189910270216,forward_head
42.14,-0.29786929167522547,-0.1310678108507264,-0.009410888999360672,-0.009670770909257994,1.6324851789871824,0.02924782123997974,1.8383005077350307,1.1854883140578734,forward_head
42.16,-0.28517599147435757,-0.13676357185268168,-0.04617927540064161,0.010314760403722506,1.5394789750237816,0.028438020255832093,1.801123244059743,1.1521098282194762,forward_head
42.18,-0.29641280457698455,-0.11810429663434799,-0.0027623146324333944,-0.0035821133034309323,1.6886448433766688,0.046361869813055456,1.872957191564546,1.206644481287816,forward_head
42.2,-0.34909024097377844,-0.14734123885051503,-0.009402348647849976,0.01283536710629774,1.6721746061005933,0.02761139094974114,1.875101507330764,1.2114019362609643,forward_head
42.22,-0.32738833101491877,-0.12330877730464826,-0.019047807123040557,0.028118665959368006,1.571156618750552,0.02536896051323908,1.85596436637549,1.16948133424008,forward_head
42.24,-0.27842316110377335,-0.11495913100146618,-0.008079364004887912,-0.004800903800010846,1.5375321530441481,0.03422185056326621,1.8884990995605535,1.1854747560325891,forward_head
42.26,-0.3139543587052304,-0.1246079469636338,-0.006933582771563005,0.02343016868572745,1.4973141636575618,0.027357941558388117,1.9403590863293674,1.0999401776756832,forward_head
42.28,-0.33385102433742064,-0.09567166732154239,-0.05101867038413552,0.01756803540418704,1.7014998714850516,0.033292324667016954,1.7904058540590562,1.2002633733981272,forward_head
42.3,-0.3458512143539232,-0.10490640073984756,-0.016879126609438452,0.032112116340515515,1.4511759799062027,0.025079635347729907,1.869397113363053,1.0709840231738794,forward_head
42.32,-0.3120424222417083,-0.07778962887792236,-0.0286596830860101,0.01945817159024004,1.5915651372209598,0.019239585831304477,1.9660325034634418,1.1680049885838972,forward_head
42.34,-0.3187730252335005,-0.12184950131398235,-0.012520318352690874,0.02992363519796899,1.537089000852182,0.018585566718477595,1.9050369262183602,1.1774991935525212,forward_head
42.36,-0.32941618384756205,-0.14923635836446159,-0.01852804931754354,0.010647223437453952,1.5926582208130544,0.0010952494955492158,1.930622379709147,1.1167005317008518,forward_head
42.38,-0.28833049384822773,-0.13010914740170457,-0.027782281053569023,0.015973991183207296,1.6456497483985089,0.03756301713194123,1.927315082562711,1.2198023401512301,forward_head
42.4,-0.31449381124282283,-0.10689393511204587,-0.03604653635949648,0.017905702358264906,1.610389824552187,0.03950565767779398,1.8345159791212042,1.2085335970860316,forward_head
42.42,-0.2969262047589378,-0.11442935599513085,-0.03206065042653197,0.0045756023785840875,1.6724501895673693,0.011463022204373617,1.8824500751543527,1.1133056958566034,forward_head
42.44,-0.3319031838436511,-0.15057165385485288,-0.019958835747277234,0.017244212727549148,1.612958780237835,0.026844607592042984,1.7635447225328862,1.063019906073461,forward_head
42.46,-0.31519463505621376,-0.1257443877202655,-0.027219068879509867,-0.009524533932441582,1.622215907915622,0.03839096818245176,1.8372928487764477,1.250349357405765,forward_head
42.48,-0.29738899775014976,-0.09347344117378112,-0.031178972766531487,-0.011983014472437969,1.6666864541711877,0.02633470252047125,1.7780485452279202,1.0523051118104922,forward_head
42.5,-0.31563696357038834,-0.10332337388034037,-0.0032148841633791204,0.004550140179915988,1.609852332046267,0.0467965032103782,1.7230819923946796,1.1474368247157387,forward_head
42.52,-0.29849844940413733,-0.133417490635352,-0.029934037190503898,0.018151636561691373,1.6046715725425207,0.03105609525992235,1.90833398516666,1.0961384215561618,forward_head
42.54,-0.3290939543375994,-0.11927127563803011,-0.04179919979443738,-0.00786974239754355,1.5886966393577109,0.036409528133389726,1.8952100824106515,1.216662458988865,forward_head
42.56,-0.3441550576342075,-0.13786302372013906,-0.014754173905136034,-0.012731238769801869,1.7139909791925694,0.02230658149205823,1.901477311824031,1.0564415357672545,forward_head
42.58,-0.32594466166003144,-0.10946351220932736,-0.011908864505957274,-0.012420106516210373,1.6182490825388074,0.03932398794570149,1.8705302194705673,1.328369739821248,forward_head
42.6,-0.32191409680814226,-0.15138919102733875,-0.016611600817448405,-0.006534260894599645,1.8072000178695453,0.02534711228433847,1.8902540829009566,1.2809348051440015,forward_head
42.62,-0.3254436519289957,-0.13293927558067545,-0.019456674383022208,-0.0070813386213711225,1.6010598202833262,0.040189772757453036,1.8024048075951886,1.118141183997961,forward_head
42.64,-0.29549140896748266,-0.1564880969932579,-0.03662210206988161,0.005606348236387723,1.5152535458535707,0.024288051644513746,1.8239484754083268,1.176165550360804,forward_head
42.66,-0.28180021340447275,-0.12480271643116243,-0.011312674889027222,0.010082125209052554,1.646388779815531,0.042294566423635355,1.8648989858092204,1.141686589608968,forward_head
42.68,-0.32042502748760077,-0.08269608919196196,-0.03452831298219992,-0.012205877818332324,1.6950864587642536,0.023215169355404085,1.8358517327322628,1.134355506840753,forward_head
42.7,-0.3033843295886957,-0.10696522769465477,-0.006893838329901684,-0.02275044516042354,1.6578172795921564,0.026864476700302432,1.8867439390583576,1.1339008541374416,forward_head
42.72,-0.3068466372537634,-0.14369976061808237,-0.018419132640378453,-0.001982635414244669,1.4747444140127812,0.02633416394027923,1.8242917366904887,1.1531590471251403,forward_head
42.74,-0.2972787525286555,-0.11888840389691796,-0.027749046798067747,-0.015347088851637058,1.5006215478245306,0.05504412575204502,1.8921643334971527,1.2142861081184115,forward_head
42.76,-0.3320577777178903,-0.10310584814411276,-0.0131553193197956,-0.004841378940378201,1.6276844634925034,0.0432085364985548,1.7756028752148296,1.1813506633086388,forward_head
42.78,-0.31597282091712653,-0.10595753554882523,-0.027409244764886827,0.004245351426171634,1.5175661642249327,0.02363391658228982,1.8120364953793344,1.1537233005564662,forward_head
42.8,-0.3287768983042526,-0.07096400634257502,-0.018612901625655983,-0.01201756704826349,1.6507011908847065,0.03410765550242306,1.826282426606404,1.100338806559258,forward_head
42.82,-0.3172657083358702,-0.11996048740867758,-0.01697872420944686,-0.0222835572255849,1.6681372845997482,0.031172947780237506,1.7258439986038294,1.1231797499430725,forward_head
42.84,-0.32171699864956754,-0.1357631881229461,-0.05038612917567879,0.016532076942044942,1.5932912339234508,0.024613926202040132,1.8231583009831496,1.154278276727599,forward_head
42.86,-0.3302098179205235,-0.1494733098793298,-0.02692504644524137,0.007685174907970701,1.5861805858269722,0.01961349058446225,1.9385048434504433,1.1453856457925882,forward_head
42.88,-0.2843072095651059,-0.1350467593893446,-0.027000860242003554,0.021587339908348893,1.5507663867251846,0.031091983873534908,1.93599063677623,1.1652180598368034,forward_head
42.9,-0.3006112594754522,-0.09790318475812476,-0.01314823199051202,-0.017874719330334715,1.7785556601961072,0.027667062684370733,1.807272715963861,1.1505870495586734,forward_head
42.92,-0.32229358299377353,-0.09424028284874778,0.0074330248070466195,0.01716650882857514,1.5623637840673692,0.03092801865698642,1.8275405026530402,1.1657694672290237,forward_head
42.94,-0.3410331766401799,-0.07116804816753851,-0.015405357969819544,0.01806141458002995,1.60089804440386,0.03973119642918817,1.7870120182567435,1.1126044337052274,forward_head
42.96,-0.35179677444528396,-0.11922047250653027,-0.03779406564335303,-0.006104699262635181,1.7302289620714808,0.034358553353407026,1.8503409845230305,1.1061385304827602,forward_head
42.98,-0.29811818620647973,-0.10171837342967212,-0.010723071604971546,0.0028014650376576356,1.6012101870248578,0.022219380535489226,1.8924993419375493,1.1341225627955258,forward_head
43.0,-0.3541281723709953,-0.10780398422942135,-0.04515979737297604,-0.008205663487768685,1.4906885213220724,0.03377003895504732,1.9032383132615769,1.1487192932791614,forward_head
43.02,-0.3079481436192842,-0.10748642699599174,-0.03028215436011598,-0.017053840539350322,1.5177038397464555,0.03644014218506419,1.7641182383841127,1.2016693608941365,forward_head
43.04,-0.3219568615849198,-0.10256914315778325,-0.038282502293109644,0.0010699213365182913,1.608435525900523,0.03898361839975873,1.7986160966038052,1.2276469478127707,forward_head
43.06,-0.3343516528261282,-0.11167646296790884,-0.01760468640134822,-0.015948652827170545,1.4705202871099203,0.017651383984429357,1.7948582298699247,1.0597599633302028,forward_head
43.08,-0.320962443635236,-0.08228255066706519,-0.04995823284784958,-0.003348981265401314,1.8177006126902633,0.03342708514256998,1.8503387000388656,1.163264234518463,forward_head
43.1,-0.2793822689280826,-0.11340465172668944,-0.014542313018819978,-0.0007491860406296589,1.5800226163104427,0.03044928206894219,1.8191019750513262,1.0386754446127797,forward_head
43.12,-0.314531423363369,-0.1057411223308456,-0.021153034305712026,0.01422175324594553,1.5533341029541665,0.018309957841515685,1.8286433856505466,1.1193067996188428,forward_head
43.14,-0.32708518542947423,-0.11509882567809274,0.0004439227140441606,-0.021797086186281626,1.6395401782617236,0.03825057604337508,1.9047334407212158,1.1878520154234886,forward_head
43.16,-0.3166834163411358,-0.11473084977583238,-0.013758463678025138,0.00967350621205035,1.5586660757179707,0.03377153083808803,1.8983864758720708,1.1215639473530963,forward_head
43.18,-0.3319260171658668,-0.12349742859917685,-0.011864177863856283,0.038446965005271484,1.6027753483990321,0.030570911189212374,1.816978112223888,1.2586116942438943,forward_head
43.2,-0.2877737875342755,-0.10747031790538533,-0.018224159231130927,0.013945624001687314,1.618439753975852,0.022351100462857265,1.8396552295473014,1.2201147156848613,forward_head
43.22,-0.300661531182094,-0.14617676435262764,-0.025968390522544012,0.006845347901919468,1.6776772610895265,0.03124351392243253,1.7539829589232394,1.1831007919869223,forward_head
43.24,-0.30393596373124615,-0.0703347602862385,-0.020974893015497362,-0.007008692770864607,1.5555795673248154,0.02011993926503287,1.7417751740793619,1.1142165249313976,forward_head
43.26,-0.3383923824835929,-0.08438852207299141,-0.033313894043020535,0.016617082593704088,1.7012969466107888,0.02422775271572806,1.7584773051475306,1.2181885517502367,forward_head
43.28,-0.35681199249202317,-0.1147716244519263,-0.02811229238743952,0.017763568383541043,1.6297293236578425,0.026055835394438398,1.831056197046375,1.1507163695623326,forward_head
43.3,-0.30664480218961504,-0.09592189850582113,-0.02577003955290662,-0.020653917616503103,1.6636955236309334,0.03544081172682995,1.8725117824207476,1.1100656757969438,forward_head
43.32,-0.32765926906697423,-0.12325096628683854,-0.003490979141159029,0.004005864654690496,1.4918655348904863,0.025083390593322083,1.6730585419738342,1.1559653102035774,forward_head
43.34,-0.3041855748073081,-0.10445807445169383,-0.037986892105883546,0.032683514186662085,1.5646213255087567,0.02169012789044092,1.8719061863383555,1.1390904011794518,forward_head
43.36,-0.2802404944328311,-0.12939429384536652,-0.02758465202428456,-0.00368072996953453,1.6097492424720032,0.045523355151155596,1.8440357315805929,1.2625217191224964,forward_head
43.38,-0.3433104016434523,-0.09627644079423273,-0.02316217411515323,0.02360433522170297,1.5524340060703512,0.011066471209745733,1.7635449692790908,1.2120073874637964,forward_head
43.4,-0.28346901108678924,-0.11407074599989046,-0.023337966689213632,-0.0017040187309192913,1.584644737135321,0.04921062656548364,1.9312115162225663,1.1687042125086242,forward_head
43.42,-0.3277192204765438,-0.07847974638448017,-0.022705992330208338,0.04383083733680988,1.6117398916918892,0.0350074790769582,1.8218381431604103,1.1497646979097285,forward_head
43.44,-0.2519320162892846,-0.10675409734725277,-0.00779040970959297,0.0005491833886660722,1.7496074724628539,0.03228858442188665,1.8591310148773028,1.122808176895651,forward_head
43.46,-0.31408406656525945,-0.1015209058961906,-0.013205216028669463,0.008423278980514046,1.5846601816488008,0.01982419544098112,1.843785406508302,1.1796405349153058,forward_head
43.48,-0.30703702864690335,-0.10909550301775864,-0.01511158202793507,-0.005504032679770965,1.6526017006347011,0.04450649921275602,1.8549758302886523,1.1022348167004175,forward_head
43.5,-0.3049856664378596,-0.14788254538903106,-0.024548214956463872,0.012812673512263784,1.6117043985750035,0.03659503795097088,1.8578040688211903,1.1529388146248738,forward_head
43.52,-0.2986538786873231,-0.11150531882593367,-0.02647095480554625,-0.001510632641036409,1.566699481333888,0.04049547292392484,1.885359902818522,1.134418438815936,forward_head
43.54,-0.31364868934613654,-0.1166364120454111,-0.026411952176351564,-0.009908842895652222,1.445635534463304,0.03301820922682305,1.8158544530324825,1.267020262320069,forward_head
43.56,-0.3399478857397734,-0.10841583481171616,-0.010752237176362818,0.0043104868618018535,1.6288023216187326,0.019624130120890346,1.810350387913294,1.1212111534779945,forward_head
43.58,-0.3168666516577514,-0.11415461408067268,-0.03920016131220109,-0.0037600153433064326,1.5823600116697123,0.04293426561181712,1.8114186850579237,1.198331971324273,forward_head
43.6,-0.3059652053232441,-0.12345173134977591,-0.012966307653061804,-0.009717877630301203,1.5397823769877947,0.03367343729481747,1.8838044538445486,1.2188603143989498,forward_head
43.62,-0.31802241193931824,-0.13438184671101785,-0.021179935549800733,0.006890963611143971,1.55773949911993,0.04919508543617049,1.7623528030655093,1.1005928057615932,forward_head
43.64,-0.28951519570820294,-0.14477598010441947,-0.014160955257944292,-0.011616339153531498,1.5541858912237305,0.022736286817779793,1.8884722304556099,1.121551168734557,forward_head
43.66,-0.30472125553712387,-0.11077171080703972,-0.004097309996130246,0.03366863610902659,1.6604317604520629,0.03744825644371861,1.796028412949443,1.1666908497073314,forward_head
43.68,-0.3177957965507919,-0.0906597494539852,-0.025490209537297626,-0.00952192493529248,1.459427054768637,0.027046677753788894,1.9019018682287947,1.2385121633733047,forward_head
43.7,-0.3324765798196008,-0.14745865740163397,-0.02741787212795652,0.0011075516729240256,1.5899248976440938,0.022953811572633112,1.752027164270302,1.1130938765657485,forward_head
43.72,-0.2920860996426982,-0.12099949722333476,-0.013309822765258422,0.019132980356916133,1.7893687867646226,0.03807368188220053,1.8268430578370298,1.2581310464075761,forward_head
43.74,-0.3058312241185794,-0.10741895048673235,-0.008315009692329983,0.017141995434257998,1.5207897459725666,0.011472659783923493,1.810475847130348,1.0698596054864915,forward_head
43.76,-0.3237262531349547,-0.13952940577455192,-0.02945003431040969,-0.011480670234967544,1.7159229892806247,0.03354079047903663,1.804066832369663,1.1514001152176139,forward_head
43.78,-0.3332132972864962,-0.12107450405094898,-0.0195902174411628,0.006859206747636687,1.6214764447660532,0.025318581457317305,1.823185025597992,1.2217566669640467,forward_head
43.8,-0.3293974491995796,-0.12905571444808808,-0.028871417590196513,-0.007951762602641256,1.6036767011899118,0.027915810824181934,1.7942662595315857,1.2329774348691782,forward_head
43.82,-0.32809323851235334,-0.12706564654462835,-0.020101453344553627,0.018409908826845782,1.6171467784673401,0.027711669796307986,1.7853342147571227,1.1125409430446935,forward_head
43.84,-0.3374226442419707,-0.12377065692939046,-0.010607976715087597,0.0044879909518396165,1.7122586274242633,0.005415050500631484,1.8197058945278484,1.1117418890002344,forward_head
43.86,-0.3094342227116586,-0.12558158762365185,-0.03284477045844221,0.014194884607704393,1.6249000000192206,0.03228071098699023,1.788682636769897,1.1411327345700182,forward_head
43.88,-0.34087883749010955,-0.12198281463165014,-0.030604989708922798,0.034243750688923144,1.5554870632431597,0.033445595611239144,1.8614446535667166,1.1764256486721514,forward_head
43.9,-0.2876049423699206,-0.10123989232936437,-0.026329523400871475,-0.004362232635392461,1.6111869376289738,0.017027730213149617,1.7885370680180606,1.0382792299098405,forward_head
43.92,-0.34502862191118133,-0.12293055212187123,-0.04080952867379635,0.008016910611688053,1.4897105825386086,0.04436643754477201,1.8539514953550813,1.1391616953455617,forward_head
43.94,-0.33349499418383743,-0.10829613173279223,-0.011331959924849125,0.019518270774805883,1.5737360496537562,0.03086107153164335,1.810193991866593,1.1957164068142898,forward_head
43.96,-0.3204965095464583,-0.12404190773627645,-0.020686408568056758,0.0058996806965524225,1.5861254430903196,0.03570587547123853,1.9390158579591557,1.3133698075575653,forward_head
43.98,-0.321163168192869,-0.1444328040070523,0.014119400658355121,0.004634059405856822,1.469314699858157,0.020490024237880607,1.9083106494328947,1.1170049145161285,forward_head
44.0,-0.30414696089538157,-0.10729343344236483,-0.021278113784631427,0.003739188283825156,1.578200716778604,0.04122042465462769,1.8876154254281403,1.1661615553244857,forward_head
44.02,-0.31113801924433065,-0.12153051766275957,-0.016842170360750378,0.006688786058462856,1.5581477432373532,0.02623999487217762,1.7903913289947118,1.1590020900316118,forward_head
44.04,-0.360893930235822,-0.13518974020427746,-0.005037618605079131,-0.0030351469830487655,1.4432077070284703,0.02834715969512915,1.9804132845963291,1.096504668379113,forward_head
44.06,-0.29076258449377995,-0.08884604777644114,-0.02245516162394838,0.009285907427451383,1.4347384017394071,0.01756337586040535,1.8419294676813778,1.251568109469889,forward_head
44.08,-0.3473366173437816,-0.1106680576259124,-0.03264575588050379,-0.01158616563539991,1.6772496099213177,0.025998740179904826,1.918074768423792,1.155789515891299,forward_head
44.1,-0.3357916052295713,-0.13734835379868116,-0.020230498100272797,-0.018192304452938145,1.6946517566579715,0.04214142606357213,1.852392396382655,1.1986575459944802,forward_head
44.12,-0.33843240080301307,-0.13036846918825695,-0.011655905377169604,-0.008900016205971662,1.5937698447049682,0.016583161379212924,1.786332885333106,1.2099543519190268,forward_head
44.14,-0.3442608755215379,-0.14883733268556584,-0.035369735184738446,-0.0038315877238315724,1.6524806292896372,0.02561150290572076,1.8246417936037989,1.1611303270190028,forward_head
44.16,-0.31493918925272046,-0.1363489800530863,-0.023477744299700887,0.013349939225346257,1.7487873114766304,0.042212735475311354,1.9020981271053998,1.0610318114294597,forward_head
44.18,-0.3235411029318492,-0.13087362491324797,-0.022884149532972554,0.00980308803936747,1.6206735464614057,0.0238258372468333,1.8882919323396974,1.0607832800081605,forward_head
44.2,-0.320760400959877,-0.09903269879685542,-0.009032728734233466,-0.02071845774318366,1.7054022472998471,0.024990255011676798,1.8339042591298618,1.1383026590115315,forward_head
44.22,-0.28565769897801074,-0.1076810249970143,-0.04714653777205216,-0.015798220693578845,1.508971351359133,0.027592867285218214,1.842259312182626,1.1877153591481584,forward_head
44.24,-0.3378109338115293,-0.10223964295387611,-0.0074060058669416,-0.0019521433768649001,1.5265743250033712,0.03859201774121162,1.8818989649338482,1.1649471101812106,forward_head
44.26,-0.3284990062052322,-0.10065770721286299,-0.026144772966857327,0.010226986244942343,1.630754161596288,0.024396965100225942,1.7909289046156551,1.073764498429388,forward_head
44.28,-0.31054189963200224,-0.12337002769750163,-0.02389198037128628,-0.0076746641785991245,1.5516140462153039,0.019782296577931242,1.8648934358267115,1.202098708050205,forward_head
44.3,-0.29218242817017953,-0.13020206842934956,-0.002699809091049563,-0.0008054398663123472,1.607729272948728,0.01890909367599115,1.8790341524939265,1.1561946677426378,forward_head
44.32,-0.3174565433310826,-0.11374340190737237,0.010661837566339588,-0.0019870650615431175,1.584442649590383,0.03665556299128288,1.9668454617273543,1.1612162559347317,forward_head
44.34,-0.30723134923511897,-0.11195693364308237,-0.020801594370139592,0.009511019960647115,1.6520333677603363,0.033371657746896696,1.853981537458478,1.1830371741154058,forward_head
44.36,-0.28807182180331314,-0.10033844808389975,-0.035597082421749214,-0.007828150122732247,1.5435764105160306,0.03216675787496179,1.825107116174768,1.0962737215236291,forward_head
44.38,-0.3185526564160505,-0.10085477061300692,-0.04823774802411979,-0.010623171194908165,1.7035101436620577,0.02368235067160374,1.8299754400293928,1.1758954497021106,forward_head
44.4,-0.33052082715615133,-0.14239908660441838,-0.014564646249563853,0.012438786188554745,1.4957047526092704,0.024307619616417087,1.7791786999381491,1.1800161335228756,forward_head
44.42,-0.3185970191723566,-0.12115430961989014,-0.0017253557211401843,-0.006103081232691817,1.5548514550743728,0.0293933342382895,1.831048767029394,1.2742713459238595,forward_head
44.44,-0.3807186102769927,-0.13224507592892254,-0.013699845892512674,0.007914619861191609,1.732145242826625,0.00780358307368095,1.8318963632318563,1.0866730097415098,forward_head
44.46,-0.2893704967012628,-0.10884979934833598,0.014546951769787325,-0.010473558170333904,1.6976488148592797,0.01644432745613849,1.8072193707843474,1.1679031656447991,forward_head
44.48,-0.31539352605475135,-0.08679018867713958,-0.039429054164232424,0.004897955029258273,1.61683811463405,0.048340456711085,1.7638483234131195,1.1431791885773381,forward_head
44.5,-0.26756312143636435,-0.10793918017931996,-0.016996188386064915,0.0026399701820516634,1.6666905393627378,0.04231488199828093,1.8209060354042486,1.1462438909138812,forward_head
44.52,-0.3077581685296549,-0.1063426879640254,-0.013387254974696075,-0.04359231236873215,1.6180786937129918,0.03144228945610276,1.8806752750299063,1.1118830301899434,forward_head
44.54,-0.33098084619746737,-0.12283190213734024,-0.016074636628704668,-0.015575690967115282,1.6084140449389814,0.0397227030874884,1.7350246962114793,1.1308187115771469,forward_head
44.56,-0.33370511236797734,-0.17531318766231327,-0.039430010110551805,-0.024297207952488405,1.7171015342363656,0.03400615153211395,1.8169421166553812,1.0229258267690382,forward_head
44.58,-0.3256562550208058,-0.09644812130033505,-0.0037185034980263044,-0.007596307367155697,1.6614961969795243,0.009336868334779138,1.8770899269110435,1.134347367738128,forward_head
44.6,-0.3004002592049586,-0.06195258031554087,-0.010443639860132942,-0.024401998258497523,1.6640688127844936,0.028705115022514317,1.7786984760602562,1.2055335409481323,forward_head
44.62,-0.28059202383931137,-0.13117786402470746,-0.019684403867944757,0.004415321979722235,1.7334016362526357,0.021983731242264527,1.9000611348860834,1.081765239969092,forward_head
44.64,-0.3181077468758344,-0.10177572428943465,-0.004890081187330827,0.00919656459892663,1.373125665944031,0.027005662150943844,1.8638266053821644,1.14903066418116,forward_head
44.66,-0.31750400433235654,-0.10101505449643884,-0.02535391970911227,-0.0058617707099465,1.6145754338811644,0.03262120479210143,1.84853067174025,1.0510259364380812,forward_head
44.68,-0.3413775033402332,-0.09503482982802167,0.0012208436585718159,-0.005336013088889847,1.6314784635846888,0.03341629304590876,1.7989258257968341,1.1727781758806999,forward_head
44.7,-0.35965585443366327,-0.11980544421215676,-0.02335863828376264,0.00994936795460324,1.7062765156339599,0.033756883712644264,1.8205704081867158,1.1137649428943055,forward_head
44.72,-0.3255217466654211,-0.1255016033357627,-0.022398328336934278,-0.004943428236568004,1.528666397676134,0.03411976224343156,1.8834835463813848,1.145886831125142,forward_head
44.74,-0.3554905208074303,-0.12564366826354237,-0.0007572862743506409,0.013420685103110373,1.5980018010256347,0.04103712568930535,1.8729568633401936,1.1282206516406315,forward_head
44.76,-0.34503220489466757,-0.12247904116260595,-0.03731689057767732,-0.010349772220907777,1.632786308041403,0.031841055605020194,1.828289624038606,1.1772314483242905,forward_head
44.78,-0.3048018445739086,-0.12331833862874488,-0.011168860659474337,0.002028449855133865,1.6707795784812924,0.03153968893237893,1.8464589241283944,1.14399735829804,forward_head
44.8,-0.2957453089531694,-0.10446214700659459,-0.01831090056931771,0.009316921494705638,1.730501677134644,0.03549092457130187,1.7511545695157607,1.15652284456111,forward_head
44.82,-0.28548185754985533,-0.11742816816463314,-0.014533228018143468,-0.01485647819926209,1.5552283351585845,0.03007057180997304,1.7753082820211241,1.2047354111594915,forward_head
44.84,-0.3198807535115145,-0.10261165299116984,0.008679617346874297,-0.0017736264476682416,1.5149087546595341,0.03583248300464636,1.8160282101350036,1.1439213611819568,forward_head
44.86,-0.3516017689089599,-0.15309068839147616,-0.02692654626691167,0.010983513758574811,1.4017564603919817,0.012049181629953236,1.8449316754574903,1.2167499905392518,forward_head
44.88,-0.3243599482307873,-0.1287713267577877,0.0034738941338936574,-0.0040321530665947975,1.6146270414283983,0.04290520846712914,1.8407759049577803,1.113138000033989,forward_head
44.9,-0.33786700375887574,-0.12769700683271124,-0.028512809616826534,-0.001953725476757675,1.7682490835507394,0.027991185273524018,1.8916634490410582,1.1663533801752042,forward_head
44.92,-0.31977047329799896,-0.13819508545743542,-0.02306876162623271,0.0016359207366244018,1.6311560019090838,0.02958841741339659,1.783712430612954,1.0548925559636264,forward_head
44.94,-0.2787705094594564,-0.13123127684312824,-0.02111993748185737,-0.007718501978027193,1.6134945025294867,0.034314535756283446,1.7796267679294784,1.101107172639208,forward_head
44.96,-0.34348355666105,-0.08753515703849728,-0.01262695123653568,0.003487025210779393,1.4581086367028604,0.020044351154572655,1.9229146767628251,1.0633710577355633,forward_head
44.98,-0.3371952674975051,-0.10038071733760791,-0.03444772505053033,0.02777574852170925,1.6977543794386742,0.031714555615241675,1.807413702575721,1.1097362320342727,forward_head
45.0,-0.36158018541968895,-0.09335983864950195,-0.03609721782769453,-0.015277240630252684,1.6809554031320897,0.024649562163436802,1.8149604261600103,1.180297747791142,forward_head
45.02,-0.3314215104919988,-0.12504917788228362,-0.0009542223670828405,-0.009012680105711917,1.5229111574463776,0.032134283400716786,1.841675130121577,1.164619998275383,forward_head
45.04,-0.30856438830181676,-0.09670331018120726,-0.017144775601843677,0.008363474455530567,1.584106752125661,0.019625960926141113,1.8805594270198314,1.1272031685005584,forward_head
45.06,-0.2869150677586364,-0.11948002055774036,-0.03475107931893292,0.018790835563912135,1.66822234881836,0.02527618439422887,1.896254842858375,1.2126667756080296,forward_head
45.08,-0.36233316090829454,-0.10968030881120486,-0.03094669825669588,0.007769970450171141,1.5222633725302783,0.026055722530282294,1.8475824426071703,1.0660715152512508,forward_head
45.1,-0.30079660975762307,-0.09779861787004847,0.0051740960980301365,0.00909200052641402,1.6192471914493545,0.02633107640301644,1.8864809824237976,1.069986852783528,forward_head
45.12,-0.31819747113529967,-0.12719438535456512,0.004863758962742988,0.01838479780522882,1.7144782383333421,0.03021257801820553,1.7969855356918594,1.1710091661442275,forward_head
45.14,-0.3504000378464385,-0.13222105099908307,-0.03056903838922865,0.023737340425906577,1.5324572909684395,0.02598902208694799,1.9232023585406866,1.1244519175855272,forward_head
45.16,-0.37099404257963636,-0.1123061063108423,-0.032716052866274804,0.03467873260404076,1.577388987845098,0.02281415254899604,1.8458071353484038,1.1929532150990896,forward_head
45.18,-0.32427208409531183,-0.16171927239124098,-0.053268281723864434,0.001036889867623565,1.531304923908743,0.028988136788736404,1.9045522650190827,1.1066962454377394,forward_head
45.2,-0.31208498549031394,-0.10448100799159907,-0.01062627167113948,0.0017298271596787758,1.65885090444411,0.0397412522433089,1.742356397398634,1.0680084418526827,forward_head
45.22,-0.28972587862627225,-0.10716044707347792,-0.013878902934178492,0.004647194941749355,1.5602616805797718,0.03041022097066673,1.8741532339073554,1.1088142531736171,forward_head
45.24,-0.31413625829935904,-0.151722218613054,-0.017901743017117673,-0.01055378359432945,1.4236117449984098,0.04394565340961732,1.7923892757996043,1.1566357884377894,forward_head
45.26,-0.3198561535774103,-0.1511003618002712,-0.035498618414704135,0.01562891229378899,1.6476557156180274,0.011494901565251726,1.8941334312560354,1.2393274159994918,forward_head
45.28,-0.31772734307967404,-0.09201544506701814,-0.017531237918053746,-0.009069370948176047,1.5518223215648186,0.0175893086245781,1.7119402372345407,1.1507155032311258,forward_head
45.3,-0.298575679785421,-0.07292754511172461,-0.019714067345160242,0.0019208793017570646,1.540397155220107,0.04126803579108804,1.7597164606855193,1.1163695280169486,forward_head
45.32,-0.3063499773299901,-0.13075506751884827,-0.022138646014167457,-0.012679029897006082,1.5146025072442466,0.019899292719658877,1.8471093575121564,1.1333264158954015,forward_head
45.34,-0.33618686831958383,-0.14270458296247587,-0.019337346565198064,0.0006911952093477422,1.590732405850698,0.04493422543520887,1.8167008678741763,1.1978368323762933,forward_head
45.36,-0.3127002038518697,-0.1266424393412749,-0.0004235882928892549,0.020328355025787295,1.6466035917994544,0.04048129554169159,1.8072938051343976,1.1429898833193775,forward_head
45.38,-0.32025789646882624,-0.10949427742531455,-0.03264097319061203,-0.014645034350875738,1.630210940288132,0.025349642865549128,1.8960166341246527,1.09278589861353,forward_head
45.4,-0.33353007008366653,-0.11343816002597261,-0.018820638527155178,0.018364098165402746,1.5563973504906643,0.04249719123489374,1.8862951384117996,1.2146151941407644,forward_head
45.42,-0.3209771515546352,-0.10843283603976689,-0.03042811297481955,-0.010277153479384486,1.6750538436777724,0.03702614751300285,1.8463170524428207,1.1126526422559415,forward_head
45.44,-0.31241272027597794,-0.11923863547629206,-0.026386365072285513,0.011054497508947736,1.6369238609426462,0.027346309698037224,1.7940169123654162,1.1125093500492316,forward_head
45.46,-0.3204861989238957,-0.1311026795796105,-0.023850859692371437,-0.00653375792724484,1.6143566392801472,0.01672411048180636,1.7995347895951368,1.1050171692583384,forward_head
45.48,-0.3306049957458183,-0.09786863814141969,-0.027291254038844904,-0.0025697383735806315,1.5868120808765138,0.04939998330452842,1.927013655565129,1.196807777825849,forward_head
45.5,-0.31029125807749863,-0.1394699478066593,-0.037643724130263526,0.0324172979031263,1.5805860623799177,0.02691033815728055,1.9844543931016525,1.1576860447626576,forward_head
45.52,-0.3053621566377216,-0.11628379321906883,-0.012007265385209196,-0.0016674075624351563,1.6793977602076928,0.020545551336270396,1.7885674443144102,1.1775975107735448,forward_head
45.54,-0.3170504773858526,-0.13554042720397394,-0.02459394755484541,0.012864604244705126,1.584402143717454,0.021539215282057572,1.754369081198902,1.2055537224259723,forward_head
45.56,-0.31106791905324505,-0.1333610235012587,-0.032020386954528954,-0.009450550856920885,1.6602344573150154,0.024354864354163955,1.803395362512106,1.1149375478652823,forward_head
45.58,-0.3098990854620673,-0.12955732680903978,-0.002610265975655515,-0.013820126861225865,1.6243752298291618,0.02272451345539537,1.7629678886339033,1.1067120378315822,forward_head
45.6,-0.32124904641698765,-0.10128841787866413,-0.03090092107944063,-0.0013176840473306584,1.4456547127853359,0.0341707514939431,1.817407548902673,1.2060805676018251,forward_head
45.62,-0.36299821153925577,-0.1209673571800008,-0.027009782573635795,0.00918177140220161,1.743578057075847,0.023374134980354143,1.82817363992977,1.0817865043733284,forward_head
45.64,-0.27641423444694657,-0.09964141222864571,-0.033318041937506246,0.000506548000017698,1.7421210146225006,0.030599896533625208,1.8479577379701724,1.0564180722324716,forward_head
45.66,-0.36317066572341045,-0.1303334095473159,-0.01996757925422769,-0.008864152706578352,1.4699721958550012,0.04366582578175918,1.8425398084479574,1.0700205838657255,forward_head
45.68,-0.3390476785226317,-0.07816886642431718,-0.017985985572041382,0.016529684048875674,1.742258966424994,0.04909274944770504,1.8675979350661307,1.1393130753933476,forward_head
45.7,-0.3443353862938134,-0.11086649175011232,0.01070495257544992,-0.010920927153329103,1.482953341598733,0.022329497658035647,1.7935318342508162,1.285411733310652,forward_head
45.72,-0.31205574763791355,-0.09964642582717853,-0.02584590687723824,-0.003430011454222081,1.6167562651793148,0.02565476491905286,1.8811301478029299,1.193770278181291,forward_head
45.74,-0.3274203548331473,-0.1090616063818174,-0.026101201926933004,0.007615859070309935,1.59406522125533,0.028259434582784175,1.8369343629122399,1.0984988439604269,forward_head
45.76,-0.301520948169799,-0.1200629015622623,-0.004797491134044242,-0.029246316198873707,1.6007541449360718,0.0338986275006651,1.8493170021006886,1.0277573939488003,forward_head
45.78,-0.3137190440142972,-0.09559528763444727,-0.021569031755872423,0.01828405305737409,1.5308039374461941,0.03996105845480701,1.8485135724777195,1.1887938334805441,forward_head
45.8,-0.30337527932057345,-0.10649293389862304,-0.014272758752303676,0.01860366783480975,1.5986190203494741,0.025737407159737533,1.8632094588087273,1.1255975115156807,forward_head
45.82,-0.32855083026361576,-0.11018377052766852,0.00850834532751022,-0.0049802156251890165,1.630269075780067,0.026717267140443188,1.8210469554758173,1.2360169489572461,forward_head
45.84,-0.3558757525699122,-0.11365164260057893,-0.016236293699277628,0.012024857003855851,1.5606466032065736,0.02028451414607433,1.8576239382053983,1.0712304378979722,forward_head
45.86,-0.3024305916801276,-0.11661601111683467,-0.020545005189594873,-0.00635402315619,1.6864553108566502,0.05196446821380698,1.8478239077590464,1.1329568602586002,forward_head
45.88,-0.3136714444520602,-0.10852593106757531,-0.026479795235184452,-0.013800279259677485,1.5557230388094632,0.014340425609534675,1.9098787218854587,1.0875388569322335,forward_head
45.9,-0.27583796177766184,-0.09908665681256311,-0.03729399827075628,0.00932999662073371,1.632328568381184,0.022038255628020736,1.7360593745514403,1.1512240860579408,forward_head
45.92,-0.3317105839782626,-0.10669064198016184,-0.014045309896607409,-0.008426395097547109,1.7422832752707527,0.0246828262500772,1.7705514825699153,1.247327902145495,forward_head
45.94,-0.3171895932315592,-0.13209700218037893,-0.02433694066273485,0.00683329998474309,1.706849930609288,0.02545213247948561,1.8471605456200768,1.1236866846119389,forward_head
45.96,-0.3051082843641425,-0.11805247418621749,-0.022499645964138164,0.002476940967547059,1.6061307012757586,0.021426565844319633,1.7936219776915634,1.2551974312457492,forward_head
45.98,-0.266551125143482,-0.1229164103908049,-0.027077681098980778,0.0001950066385238229,1.4633132523902492,0.03283968754574101,1.8086507797040354,1.119637549640324,forward_head
46.0,-0.37351346534096,-0.12464299078819273,-0.02199118941651487,0.016341774973619026,1.6494092613260745,0.034917301835357614,1.8796597479105768,1.20376353500194,forward_head
46.02,-0.321912836834119,-0.08467939356343746,-0.042130777809208035,-0.003136592377065261,1.580714347292694,0.02957206744892807,1.9703575298733256,1.1672622731670672,forward_head
46.04,-0.30774735722630575,-0.11670511665413234,-0.04244546237650727,0.004449337168109857,1.583438067437335,0.015784316405875316,1.802381978621739,1.1917516910371686,forward_head
46.06,-0.3302042018995704,-0.1340536808545002,-0.012029782714030459,0.02286042421004326,1.6897748963644965,0.026207645484206333,1.8509139504239218,1.2026981572532227,forward_head
46.08,-0.29259445858979566,-0.10259155622383967,-0.03069459806447946,0.006219594543883886,1.564478070731383,0.025254844935886752,1.7600196374152386,1.2124393990093298,forward_head
46.1,-0.315931410308344,-0.11107739675156683,-0.028769107853324347,0.001142498437281409,1.5480775154598292,0.04052647249043256,1.8267762425585516,1.1287987343854382,forward_head
46.12,-0.27620841337910346,-0.1098873552295422,-0.019996948922899205,-0.020440843930749783,1.59600224178264,0.051183625535231966,1.8655294364628718,1.2031759658929018,forward_head
46.14,-0.3035942624132934,-0.14797806117751586,-0.022415140903060644,-0.0032094130327967917,1.75192907094783,0.028709805251957956,1.8480704765076486,1.1901171228858791,forward_head
46.16,-0.3682688996348271,-0.09539378178062793,-0.01486000220636371,-0.0003231835071946162,1.629760633074653,0.032532536143768095,1.922594643645269,1.1972900083722562,forward_head
46.18,-0.3089858222958739,-0.08984143181843127,-0.007889354406336719,-0.006052072876786125,1.560943582660657,0.013576200264863754,1.899915715629739,1.1971882932551268,forward_head
46.2,-0.3034560165542677,-0.11476229898089652,-0.018346783196861116,0.020182197525288593,1.6007229160512497,0.025090471157643016,1.8920066304025749,1.1779021293463328,forward_head
46.22,-0.31811787237636735,-0.11288816460664632,-0.03361213958660716,-0.0007224850919529175,1.4737357473262713,0.0355282289853732,1.807249439292395,1.1379435276670282,forward_head
46.24,-0.30794452179501075,-0.12509345588051146,-0.022592298869221258,0.0014277960380735006,1.7238182862815135,0.020558039595805065,1.7160716427676974,1.3021313050598133,forward_head
46.26,-0.3503593043371122,-0.12964302391106675,0.0008170347502486355,-0.00815049853328839,1.648598443546111,0.03282597582954095,1.9274314313141183,1.173670727449176,forward_head
46.28,-0.3565260101778358,-0.10918940065334916,-0.030062105525616774,-0.0002881022507356399,1.5629740804404433,0.027998687821318917,1.8804296703883066,1.1794761473029387,forward_head
46.3,-0.30335221410693697,-0.08607239208601757,-0.039094033392954926,0.028795294338321623,1.4965372382591224,0.03447487998303433,1.8892215824033032,1.231961225693754,forward_head
46.32,-0.3219694692811778,-0.125808389826717,-0.024372632108730693,-0.0017481890181951796,1.5791093603181858,0.031682847917750286,1.9204815201005947,1.1978610860721424,forward_head
46.34,-0.305878769929992,-0.10960417172311832,-0.010920438389763623,-0.0068051752131588145,1.5227549926117254,0.027119042129219367,1.8841117913467105,1.1430697005288994,forward_head
46.36,-0.31706112418588106,-0.11530564229945349,-0.022513704544569364,0.0038468851766616683,1.6501271133574464,0.03835083555499235,1.9407320823393888,1.1769672454809337,forward_head
46.38,-0.3837351833206454,-0.1765262172757717,-0.0385303181223941,-0.00856625903132929,1.6084741574623902,0.028811305780045714,1.8644285253138526,1.060774145855009,forward_head
46.4,-0.3198530541854672,-0.09965577703688089,-0.032335229819726245,0.0027676491739025135,1.6571048338074044,0.029562810916648433,1.9585950186020167,1.0798961378053438,forward_head
46.42,-0.33179959530188513,-0.09056031111376987,-0.004449916802663922,-0.016740550473961197,1.5235561196714278,0.028539062371701066,1.855169242608857,1.2601028396374199,forward_head
46.44,-0.335689772569292,-0.1349059290689987,-0.02210256878766596,-0.0013136325593402695,1.6044332275596362,0.03316454380050579,1.8237525377950348,1.2390911246543024,forward_head
46.46,-0.2882759783319319,-0.11241416671880637,-0.04525557403874799,0.029315241467982103,1.554214744386444,0.032254074623185254,1.7300174934521981,1.1270886796699497,forward_head
46.48,-0.32690840685574213,-0.1161249799761941,-0.02169899074303173,0.02545363491425426,1.641857660726341,0.021128760811439013,1.7383840273526672,1.1886440910947247,forward_head
46.5,-0.2973035826143291,-0.1029875689746873,-0.020426486362404593,0.0006359110882057063,1.5118444749210038,0.013535357416671187,1.8519868142865747,1.152270000294713,forward_head
46.52,-0.32182063121467536,-0.10366126911208073,-0.03899163700590713,-0.002339553266615233,1.5608297299818779,0.0402371420614253,1.8731978769897497,1.108738815459157,forward_head
46.54,-0.2833122009064272,-0.07781146982192981,-0.01499547003231387,0.006020807498732666,1.5762915637682315,0.037787335861834255,1.8234598749046884,1.2699767108031699,forward_head
46.56,-0.3290661899476394,-0.12681440538230904,-0.016048263092665088,-0.029337518101474416,1.551877782794203,0.040030634603848606,1.8477168825413164,1.1642462074032862,forward_head
46.58,-0.33305509131715666,-0.1298794298903891,-0.008727086592888672,-0.005189793541166885,1.6950211013088863,0.040123086276914494,1.900753716235757,1.109735188286752,forward_head
46.6,-0.31442292585169007,-0.1500591662275567,-0.016010385873128342,-0.004484151055392803,1.5945524011262047,0.012668199572800295,1.9029384104508955,1.192659540498518,forward_head
46.62,-0.32362802628727866,-0.136620267138668,-0.010896826560267824,0.02283050203077044,1.5687550562281254,0.032713836804409514,1.87242634859457,1.152592291732954,forward_head
46.64,-0.29977899603559194,-0.14239860751294683,-0.04011178895220343,0.013196911454284956,1.5425969643613422,0.03944777493654161,1.8861970313820537,1.1673433320428217,forward_head
46.66,-0.3180063704956527,-0.12345941391888446,-0.015949985785485732,-0.0017448909997624055,1.6268344519157354,0.035364522089414346,1.8119834457427413,1.2490318633212076,forward_head
46.68,-0.3305541545220627,-0.07629185839302027,-0.006175457854276671,-0.013642357507906747,1.7947186436888651,0.03974948268346634,1.8617828531983256,1.2224062251545738,forward_head
46.7,-0.33701051066628057,-0.1085660891327439,-0.02110329340339732,-0.01313054213959979,1.718725298970288,0.023483369380917933,1.830132461469613,1.2174824408691858,forward_head
46.72,-0.3549768770414166,-0.14112957372818782,-5.0990845564663926e-05,0.00337628337857206,1.6272104130425509,0.04976425318502709,1.9377878718221593,1.1828818401169618,forward_head
46.74,-0.3637900010583586,-0.09567913749020981,-0.001990526000148273,-0.011359707688654288,1.630024443168003,0.023568226902692047,1.8954923633719736,1.12397564053137,forward_head
46.76,-0.3221777999136314,-0.0739767275240052,-0.01650404339713018,-0.0022098573877133276,1.6785982597334947,0.045694573601513085,1.8356239431329537,1.2048124789813497,forward_head
46.78,-0.30425968059322267,-0.10530412834469877,-0.03688721080171431,-0.009536455062947508,1.7916191751602324,0.03879373715641292,1.901165285476605,1.0864035808819879,forward_head
46.8,-0.268496848825354,-0.12057228639755606,-0.038069665428798624,-0.0014565462355068865,1.8292876798468867,0.022657732746906693,1.7832432719562938,1.1880069481883093,forward_head
46.82,-0.31529119279295204,-0.11806582568602744,-0.008680601822399655,0.005083813938111606,1.664953646776813,0.038641868764799955,1.8441338463459833,1.0379711606729742,forward_head
46.84,-0.3320020462864111,-0.14947510494630636,0.0015406579460374775,-0.005811697685851,1.5884716512047374,0.020068489240138338,1.759164902493286,1.1222388449265501,forward_head
46.86,-0.31900617237421175,-0.14436310366558838,-0.03264228661056044,0.004517855785596277,1.7514492937885966,0.03403884956153983,1.9102221516247875,1.197946027861517,forward_head
46.88,-0.2892859705721971,-0.1432864385777364,-0.013900868864493533,-0.0014363812788769793,1.5401282564631682,0.031901285744510545,1.8660417903725235,1.2778379086618068,forward_head
46.9,-0.32136760611837717,-0.11228728784967844,-0.033031484097881654,0.009003428845687103,1.723891754708946,0.02307402847679669,1.7053494043081598,1.0757338722141727,forward_head
46.92,-0.32789520765947333,-0.08356250166272836,-0.001341797829702599,-0.00624068205739935,1.7547760128991485,0.03088008160334181,1.8218577936837996,1.133232098041344,forward_head
46.94,-0.33028662039131723,-0.11877447237324029,-0.013346567542254849,-0.007120485112627855,1.6403424601578738,0.03558728512677074,1.8511450296267213,1.139804128082069,forward_head
46.96,-0.31645153729989817,-0.14662567946482277,-0.006897520176627712,-0.009439193815106715,1.6062769049536152,0.042768556859975965,2.001806661777739,1.197688894659303,forward_head
46.98,-0.29428752721921103,-0.08894839213070543,-0.022234572861044674,0.014952141158245344,1.6053760238572128,0.019771501882545953,1.7732322238835811,1.1937921968312246,forward_head
47.0,-0.309950177639085,-0.1087583610871787,-0.024442172607157416,0.002832941559857483,1.5358096224982,0.026674216188846425,1.9051832669609017,1.185413909397437,forward_head
47.02,-0.29077928256688157,-0.11371709528689798,-0.03507729923990313,-0.03307949935722614,1.6893301689725728,0.03568243233806331,1.8883921538951631,1.1742236471894798,forward_head
47.04,-0.3154425949394031,-0.1341908549832845,-0.01726315451850002,-0.01652316876855883,1.569968843969797,0.0017359829828513835,1.7638442893052608,1.1310528280916117,forward_head
47.06,-0.34027234551227065,-0.11635191690048942,-0.01935672529011319,-0.015520685142504879,1.502751606665019,0.026926968350725083,1.6929455821588306,1.1482869463257164,forward_head
47.08,-0.2928166989206788,-0.06611364457857373,-0.010825777754703069,-0.010701771895517968,1.536294592131263,0.04721879817145641,1.891604961580311,1.2127185967083514,forward_head
47.1,-0.3112755890441003,-0.09488783897613186,-0.03269858620944888,0.04598063680579964,1.5011392760688391,0.040339030857959035,1.825748885941046,1.1970240324717338,forward_head
47.12,-0.32589376074488635,-0.1078178253094304,-0.01157558905935888,-0.02228178814282873,1.58310967688936,0.040442608996344005,1.957264523933675,1.14356317677813,forward_head
47.14,-0.29485534126264684,-0.11015078625981131,-0.0249463234715993,-0.020318304922305866,1.5872101160758176,0.027250147393548776,1.8325761275084844,1.0936956349395772,forward_head
47.16,-0.3383833936001582,-0.13195745179503648,-0.0020470896800165775,0.010241087753918857,1.6861367180382372,0.022788619711035615,1.9012065722093603,1.2140240847386015,forward_head
47.18,-0.31272236718931173,-0.10096414894042197,-0.03315025451435383,0.0033078520514194763,1.649336791378723,0.03277367960499779,1.9203207908045183,1.2104071907677896,forward_head
47.2,-0.34703682203927544,-0.1429332260149355,-0.03665838565501002,0.007743849777953901,1.5486204913308657,0.02066882870018418,1.821711416770309,1.1989864551945428,forward_head
47.22,-0.31902976896382773,-0.0921961161657411,-0.015126584053789924,0.010673692977985741,1.558775072276578,0.026021795895398603,1.8297097359069954,1.1071178111151305,forward_head
47.24,-0.2957689433875492,-0.0827495712346066,-0.012372207221562704,-0.01841788133491925,1.5611865265529588,0.017416778712050177,1.6992043818185725,1.2507492875978112,forward_head
47.26,-0.3109747736478533,-0.13030088714378454,-0.005353467428369146,-0.013933964703541154,1.5413425632547724,0.01036889517167021,1.715632321392239,1.1418923601506403,forward_head
47.28,-0.3315758025821879,-0.08772929330882065,-0.010166501233354566,0.015140117316623219,1.628974107748023,0.032060872617999,1.8038460116757014,1.139380196938951,forward_head
47.3,-0.29458021694217273,-0.13386567504329008,-0.019648594553734612,-0.00965085922844599,1.55633220656745,0.03318054590318709,1.8431852569226765,1.2014730513519132,forward_head
47.32,-0.39671474187266176,-0.11011006770713647,-0.035027253442865953,0.020152312031863486,1.7455601778800323,0.03702055292835109,1.8862190487677928,1.1759805867053845,forward_head
47.34,-0.2831411485535964,-0.09870108802554813,-0.04141198236670492,-0.01628842296547997,1.7353358823042746,0.04747471223133995,1.7939565705357983,1.1595737866336604,forward_head
47.36,-0.30820844611539716,-0.11293723496159917,-0.029870441301439947,-0.0016389421060131843,1.5747250979111762,0.025533462118966396,1.819876891017934,1.0589313594630496,forward_head
47.38,-0.35543646498011544,-0.09663987322496585,-0.041683277898353716,0.01170973762195548,1.5447078468008573,0.03922709259005956,1.905692696796751,1.138150035826943,forward_head
47.4,-0.2952168491907294,-0.12600473393047978,-0.015581669880305566,-0.0010512706027312065,1.511912303099583,0.04569785116245048,1.8303833304252182,1.2536641697707893,forward_head
47.42,-0.3043862630984129,-0.11581896656110001,-0.034024931940439866,-0.005918520655482925,1.6461280678834342,0.0208409913565812,1.8188232525395231,1.1853774915266142,forward_head
47.44,-0.37847261575395547,-0.11988195187458787,-0.03327472106549739,0.0072054543910361315,1.68072192224543,0.044570932948959016,1.8138113186748028,1.0113108145748075,forward_head
47.46,-0.32302445587027506,-0.09453310166538412,-0.021567659570012478,0.03323992362533648,1.7924594030076488,0.03910582707494928,1.8335296746422445,1.1447506588599317,forward_head
47.48,-0.2985336886555865,-0.1344674014794467,-0.02447969133205531,-0.014394430219575,1.5472265839262782,0.03220852417510389,1.945144374428078,1.1377830391505586,forward_head
47.5,-0.34607739271138405,-0.08254719261978978,0.015391274251819399,0.0024940926738449064,1.5293324711173226,0.04074774606732735,1.8125749848684376,1.2092909719209726,forward_head
47.52,-0.3033395396488834,-0.060380970494291135,-0.028646495733651533,0.006827745785201387,1.6490154991665815,0.029678815289712182,1.8613486785000852,1.0918711067326856,forward_head
47.54,-0.30236633610237545,-0.11975203752314291,-0.0321898417429443,0.0247838673667903,1.6723986289675208,0.03150587030747018,1.7734185950876065,1.1788514217065407,forward_head
47.56,-0.30015110616943463,-0.11794300961114787,-0.01660798052124807,-0.006899764786725303,1.57188571299345,0.033509277570493205,1.9402150000748695,1.2215243735404009,forward_head
47.58,-0.33104810570650733,-0.11973514017172716,-0.020562323584843636,-0.004142877250672386,1.5811125529718675,0.0169235664761456,1.9149865956469379,1.126318805020317,forward_head
47.6,-0.29582529730488527,-0.1074592225669386,-0.046922223413506915,0.009505954581716197,1.4749733383121955,0.029704548721634777,1.8245132690171861,1.1416665371533319,forward_head
47.62,-0.3164435282046389,-0.12248209316644819,-0.012893723055970677,-0.03262953280546505,1.5029965104714433,0.04109686283646392,1.8301958390628845,1.1885961658008053,forward_head
47.64,-0.2985361488304383,-0.12515343699990406,-0.037533091031431785,0.001530944415444744,1.5574993119826421,0.040157367274941465,1.8788756201473003,1.186198488863068,forward_head
47.66,-0.3470118312950755,-0.10924507568415857,-0.006877743002292332,-0.0017392684150579704,1.635427544608335,0.024680617362641682,1.8685670506790688,1.135433015619568,forward_head
47.68,-0.2962717960404454,-0.11179353952732178,-0.0385319543590041,-0.010572443307956663,1.6032580724804608,0.03790786209131628,1.8399119796540817,1.1110035576530837,forward_head
47.7,-0.2879177463208675,-0.10383610924421191,-0.02008425290852479,0.00710537721246138,1.6042258915677836,0.02164555952125234,1.8152236043205299,1.1954823147736027,forward_head
47.72,-0.33178217255589587,-0.13173552552311396,-0.03638988599505628,-0.02450121630037467,1.55260278396149,0.030267354260147174,1.8299262783813135,1.1646130624018056,forward_head
47.74,-0.2948117575603324,-0.12927305960066468,0.001604929648833604,-0.027371201210554648,1.597697057741831,0.04580944124116706,1.8893734989986082,1.0590570976492995,forward_head
47.76,-0.31462715717502987,-0.14566434725752758,-0.009528050285951236,-0.007091686193415709,1.6784286275609042,0.016270520795463365,1.998460945724658,1.1145099069179027,forward_head
47.78,-0.3332003422154496,-0.09533901880696048,-0.03858985261280217,0.01989428753194116,1.7095937375227832,0.020608194041583695,1.779439037358408,1.10173430718017,forward_head
47.8,-0.2680030414153066,-0.09857105800287574,-0.013893311177126317,0.005416598985849015,1.653506941090353,0.02024934884906041,1.7470868985619492,1.1150628663902264,forward_head
47.82,-0.3026336619836101,-0.1198320405527532,-0.01745460786621567,0.004838346681607494,1.6298203537751361,0.029729806698773748,1.8655261344504506,1.0428956100123408,forward_head
47.84,-0.3200927823296016,-0.11403876299060907,-0.033232174000702046,0.001621621792417872,1.7696725821231922,0.043117511965803455,1.846910242091846,1.156311351350268,forward_head
47.86,-0.33711083194661257,-0.0935761874099112,-0.01294662485325479,-0.006831979057217475,1.6453136690154833,0.018059174121577447,1.8303768887243146,1.0935779694424324,forward_head
47.88,-0.32041237112756854,-0.12905092388457856,-0.0010126675058012076,-0.007799478255668336,1.537499957587295,0.037319104889078455,1.923490937053838,1.1804767589069556,forward_head
47.9,-0.3361661805426189,-0.11219749898556126,-0.021332601948242685,0.01520108344975411,1.6097053792123643,0.031852056548679286,1.8419522357223908,1.1057388778979604,forward_head
47.92,-0.31825779750545313,-0.10946686992060645,-0.023923536040334786,-0.015011922649418714,1.6749832513161245,0.04420755097211945,1.883373392338819,1.1581025120298862,forward_head
47.94,-0.33034823184783735,-0.11793063972396858,-0.04514655688518399,0.014685425659614256,1.6637616690541082,0.031222409935547965,1.8879304672480197,1.1871631434098184,forward_head
47.96,-0.32795259346199196,-0.1297723360495453,-0.04468438237261007,-0.0074894638459644825,1.5993936166559606,0.0208684491309999,1.8680762641482846,1.1363527070851378,forward_head
47.98,-0.31440084195126183,-0.1580875671491511,-0.005799922352339902,-0.005384963731835342,1.6246099576198196,0.02173872914873935,1.9046088300481598,1.1536407851590267,forward_head
48.0,-0.3219867177673202,-0.14477296403596854,-0.005350733633938984,0.020485518204378547,1.6046351936881464,0.029551501689564667,1.821169622875388,1.1764997138690705,forward_head
48.02,-0.31834895522144163,-0.107386641011881,-0.017339074118105164,-0.01058512036653631,1.7027026223527757,0.03312276123834524,1.8879094364192521,1.1774639281842696,forward_head
48.04,-0.2900605122930147,-0.146908140460782,-0.022933157944902357,-0.017817093785066723,1.5173482087284447,0.030199780524186808,1.7972685111714377,1.204473418651937,forward_head
48.06,-0.3062564087048826,-0.14560698148396736,-0.04848869628633803,0.005566233903185465,1.584678574192302,0.017884949146075333,1.895386449594871,1.100655554284186,forward_head
48.08,-0.3000911399193537,-0.07196588064312215,-0.04212917931806339,-0.018277502026213494,1.6352001576761843,0.01591928989876552,1.8224148618708882,1.1081476410515065,forward_head
48.1,-0.2763946874139755,-0.10086328440638988,-0.0032300651978049125,-0.006868558750440198,1.56450875757366,0.038576394430760046,1.841951715538053,1.1639087028908137,forward_head
48.12,-0.298859497085598,-0.10552117069104412,0.006854385187181596,0.0025330573983590263,1.536831441704905,0.03243086976462626,1.9063099134057873,1.1617320626512417,forward_head
48.14,-0.290329290232933,-0.09220678740910687,-0.04830141090227422,0.012281759169721391,1.5338526109661528,0.021335049657483826,1.8710898372655431,1.1194688973691065,forward_head
48.16,-0.2940478181919956,-0.13113021589977095,-0.007852601884476272,0.00034010583733085943,1.6444421853561328,0.027821984407681105,1.8353533243450453,1.147221888965122,forward_head
48.18,-0.3149959985718876,-0.13891272685498152,-0.01512521985437141,-0.023299648558246726,1.6529818017157998,0.029248029230414935,1.8394255908786943,1.1441294373613609,forward_head
48.2,-0.35016460123269066,-0.13496868936430886,-0.029740762476275173,-0.019971286685257505,1.590570778510882,0.04373693458030455,1.8623924091907391,1.1722158965746192,forward_head
48.22,-0.28048416343818466,-0.12501960513811153,-0.00931880790267334,0.005004405266930586,1.5295519843576255,0.04336616720749889,1.8647781800685301,1.1952016324922579,forward_head
48.24,-0.31631949356412953,-0.14187971544485356,-0.014056610466526289,0.004900928638792679,1.6195383109847326,0.01358485989341338,1.8485263318906326,1.2170058722363286,forward_head
48.26,-0.29807823064842903,-0.11890487942694933,-0.02533297278755388,0.0073431833623703825,1.6330397703152828,0.04533419962617292,1.8498069852278078,1.1223737895750014,forward_head
48.28,-0.27824697817938737,-0.1514694574099389,-0.03998666002332179,0.005547886590660792,1.4768604165114727,0.011838369323684605,1.905218423716385,1.2015786197019718,forward_head
48.3,-0.322884723071506,-0.08916927782375719,-0.03431690355511245,0.0018051288823895365,1.603403677592866,0.03772198892481079,1.95456479176049,1.1458257187716003,forward_head
48.32,-0.31789054450434917,-0.12822965404891948,-0.024418235750835383,0.002702566764438333,1.7412021242859543,0.03645245473962727,1.8393675115911234,1.2278227869321592,forward_head
48.34,-0.32752573619476194,-0.08978526405756035,-0.055805215419453935,0.012301922502732727,1.5664859346070872,0.015026831949618992,1.7544596659498308,1.1265831625406222,forward_head
48.36,-0.338737521427566,-0.09282142458627848,-0.00728314496894259,-0.0007573457435732548,1.6626584583866388,0.023711253846029807,1.8383982104651941,1.1733061548472559,forward_head
48.38,-0.3126986427649644,-0.10873839420699749,0.0009294938056582001,-0.024442392578771226,1.5377069423330807,0.029102343694161554,1.789418131501424,1.2021023316605877,forward_head
48.4,-0.32314316866056414,-0.1554136773758067,-0.04695741901815856,0.00821510713638769,1.599540785764102,0.0315502269644675,1.8589532435833596,1.1598812041898308,forward_head
48.42,-0.29762689518430235,-0.13461033085993085,-0.012405318238088513,0.00534376642598173,1.552479562084866,0.012789204476565685,1.8664362558908285,1.0534789606568853,forward_head
48.44,-0.3170566494911379,-0.13709032154836182,-0.03129857691410408,0.046755594595516536,1.7453926161376945,0.015388173969602124,1.7553062391235017,1.1288192021720993,forward_head
48.46,-0.3089611970445026,-0.09031912261164782,-0.014772238443849109,-0.010897503792293305,1.7113974629584923,0.010862555944880356,1.7864226120254272,1.1639549878841855,forward_head
48.48,-0.31832919736908305,-0.10910124849981298,-0.02883367215734977,0.024941348296022996,1.5723565522455243,0.025302653712684975,1.8645045730323953,1.130351776275861,forward_head
48.5,-0.32146142024900687,-0.09445448965849114,-0.01942008274441081,0.0164143197928698,1.6334644216602656,0.01172857624223126,1.9020814492463627,1.2525344381265067,forward_head
48.52,-0.3368646548429547,-0.11672769555129382,-0.021068186859669685,0.0021853302561932898,1.6335663146735033,0.028992378692630903,1.972553582464363,1.129445700870027,forward_head
48.54,-0.3249228139160926,-0.11543098595260512,-0.02422459885058723,0.0046189092601071026,1.5025722174560288,0.024790872797426568,1.8335167471107086,1.066324220448276,forward_head
48.56,-0.27940433314497726,-0.09562548246357215,-0.0135304490204542,-0.016166419062221642,1.5606859392916244,0.04892044084549054,1.7570852799422685,1.1831701006789932,forward_head
48.58,-0.3284250234857333,-0.1257399153847951,-0.0366735939652264,0.008860729594682445,1.6220885597368233,0.0306057607782051,1.7385028229338488,1.2120187302802419,forward_head
48.6,-0.3409085188510704,-0.09995546366040302,-0.02640552678875298,-0.017687601253847912,1.6041342646306236,0.05230650351126479,1.8507804789706293,1.1467042274941932,forward_head
48.62,-0.3455118298980797,-0.10700197214894033,-0.04134542570277735,0.0008982528373524639,1.6728679366801011,0.029834535545238287,1.824214714643835,1.1160220859919934,forward_head
48.64,-0.302011691153173,-0.11017280558454733,-0.019575211136278522,0.004430699048271187,1.6860803955356451,0.041550839945529626,1.870656655239415,1.1933751020440388,forward_head
48.66,-0.30516122599956724,-0.11511354806947122,-0.01794893625068218,0.02743256848338371,1.6991808471565504,0.025153554932520198,1.8772635732682155,1.1930018108282412,forward_head
48.68,-0.3429206676472617,-0.12720707319451025,-0.02454297391982436,-0.005323389087112777,1.5753996303570466,0.025233134359624626,1.8478673160182773,1.1556711502058155,forward_head
48.7,-0.30774186184482416,-0.1530970273532792,-0.01630566051669753,0.009414739624623343,1.5418750095519336,0.041730594243339934,1.7890844241594626,1.1965124335457848,forward_head
48.72,-0.30649099441522604,-0.11204178770715094,-0.03252453548631464,0.020771513867648743,1.641862380062226,0.04553436846284096,1.8663319290910274,1.175123543360633,forward_head
48.74,-0.3263468609794955,-0.09961679974985505,-0.016369612338503824,0.015571209532588249,1.5349369862414457,0.034765271971374356,1.8050611196115822,1.2191864437936797,forward_head
48.76,-0.3300135780113048,-0.0931359141512766,-0.007225575940260964,0.025237956141611242,1.6796242929341552,0.02957328280808341,1.7785773488052528,1.1367506235224436,forward_head
48.78,-0.32220954425349235,-0.1182349723621245,-0.016147681367213448,0.005322742870987647,1.5864413760519325,0.03760122116318229,1.9315796195789936,1.1033506769601606,forward_head
48.8,-0.32112889559902275,-0.1597468469441991,-0.010052099837775646,-0.005975741253926323,1.6678757219994085,0.03624259296565594,1.7997870949184822,1.2146711420593557,forward_head
48.82,-0.33472274065178187,-0.12551546668704178,-0.005801815837173664,0.01103247865864639,1.7106720109687088,0.03482618730712789,1.8304206548910917,1.0740597132606884,forward_head
48.84,-0.3082901852304076,-0.09744549066782045,-0.02280603741457071,0.004654483870347328,1.654344923609442,0.05997881860112249,1.771727024860719,1.1135817997025053,forward_head
48.86,-0.3334753003642132,-0.1000795618952526,-0.012873554435690415,0.01809196411531564,1.5143889976796996,0.020161091448304334,1.8662120289076423,1.1299978442919898,forward_head
48.88,-0.29314396130517717,-0.09897362744902735,-0.04190669514518049,0.011877664636449688,1.741936086374464,0.03981454908260052,1.7925297641121756,1.0391416969664358,forward_head
48.9,-0.3082324489680443,-0.12514363268520737,-0.04154769588002103,-0.015840703997009355,1.5950523515974737,0.015012567104333525,1.9348476728827455,1.0664486367396278,forward_head
48.92,-0.3504274333726551,-0.1298681858568474,-0.020618233534845903,0.026784537615760863,1.5348146886047471,0.01677660151747911,1.8157652438389829,1.1920120502444316,forward_head
48.94,-0.30313318426089775,-0.09919729414567544,-0.03288453451080248,-0.012771651826829962,1.7859607566534543,0.047985928649085206,1.8192418364632956,1.2049159466703887,forward_head
48.96,-0.3248223485041118,-0.12488829060861177,-0.017496288005881978,-0.006730751528877632,1.7043027038247958,0.036568975008323755,1.8111850194279342,1.205427801101293,forward_head
48.98,-0.3009884028574277,-0.14273938363114771,-0.026423916986372125,0.00415430003170162,1.72227851284109,0.05426059876468142,1.939986850394123,1.2509059291492965,forward_head
49.0,-0.3052354048451615,-0.12687889451162043,0.0037012083605923577,0.006152306768449514,1.661344388865006,0.02997323380572879,1.7781311557607815,1.0949317989957468,forward_head
49.02,-0.3126081702070393,-0.1487802591088955,-0.05078852133330024,-0.0073860575641666315,1.5730726302936073,0.019904312742678155,1.8028078085538435,1.157696615711382,forward_head
49.04,-0.3100495469122218,-0.13974805812461846,-0.03281902796285818,-0.008461241444729033,1.5343626488422621,0.04252406642718064,1.7759188275769204,1.261403779826154,forward_head
49.06,-0.32164915369374014,-0.12007827695000034,-0.02362688015751068,0.02070228268192812,1.4967177107598628,0.04400588133816379,1.7995304925322366,1.1262134847320553,forward_head
49.08,-0.3019710205361288,-0.15474808698793452,-0.02840932760865302,-0.005013048657437635,1.5023019942224232,0.01487911466349889,1.8915849853331155,1.0910633866434598,forward_head
49.1,-0.34660076728599143,-0.0936411108495932,-0.001648582936567357,0.02226915770208424,1.651548326596532,0.03951503877322774,1.9546167546976039,1.1242789098184516,forward_head
49.12,-0.308413788442312,-0.06740881255751235,-0.02746786887573525,0.008523527731044851,1.551762034840739,0.03673710001637944,1.8653713680811541,1.089932667890089,forward_head
49.14,-0.32843988807750385,-0.12328489889375643,-0.03235073006945285,0.026676259768456393,1.4987411265594854,0.026147408140372058,1.835102258883708,1.1862682198813914,forward_head
49.16,-0.2813508857904802,-0.08978723029812267,-0.045471100408843126,-0.019214259949257087,1.5008340779672338,0.025409318361142543,1.9748686813335719,1.1832265617221693,forward_head
49.18,-0.29883242193895243,-0.13336701711583987,-0.017110172712629088,0.004391237013073185,1.5431910104763542,0.024154437500590827,1.7851275114247327,1.13873004310159,forward_head
49.2,-0.311218436497557,-0.09305535151406158,0.0032429322462184757,-0.009364280163361771,1.5958279223545218,0.03404264467103875,1.7661206909144551,1.2048310877863844,forward_head
49.22,-0.2927078367094676,-0.08940537359993075,-0.011390575653437499,0.026974487466324967,1.6505716569128466,0.03649142748268096,1.8649453726579293,1.1099649004421515,forward_head
49.24,-0.3385504183071954,-0.1310553058431773,-0.04075897523363437,-0.003989721478894601,1.6833186748589346,0.050625307819789425,1.8392009051643434,1.067280476446411,forward_head
49.26,-0.2977197328685205,-0.1474558064948616,-0.029542291434929764,0.009863834129179272,1.562065904832496,0.020877346228237906,1.8016323893464938,1.1438270470457907,forward_head
49.28,-0.3023686540131996,-0.10848600545888995,-0.020533034832053446,0.001996573996189413,1.6220734749972812,0.039823912122187374,1.7991634428190222,1.128690912873345,forward_head
49.3,-0.3086778686789441,-0.09283789131290812,-0.03820245630262296,-0.00666478404094133,1.4988953623350063,0.027394793215870256,1.9113000434676395,1.0980787319148757,forward_head
49.32,-0.34576825298143965,-0.1386672356109265,0.0036701569636107194,-0.013670016640654177,1.5302196676552526,0.03424889797710327,1.8940890287279428,1.1073272978964321,forward_head
49.34,-0.2821793479556217,-0.100989099997236,-0.008076039322913857,-0.022735326267307465,1.5761900314610149,0.024814847051264945,1.7709466983704034,1.1696499800645948,forward_head
49.36,-0.30475410582445284,-0.06037244819942041,-0.01798176334497859,0.00423553056020265,1.6226251753338083,0.018574004102976736,1.8199514455141659,1.1840665556509467,forward_head
49.38,-0.3380818546760706,-0.14758467447659737,-0.029843672269436034,-0.046132409234073544,1.5600182911826639,0.018479528098473218,1.9194922483840813,1.1498457157869941,forward_head
49.4,-0.33486179085734885,-0.12169200780482496,-0.008853636024682206,0.017878484329461652,1.627853890885935,0.02402521148793066,1.8050906788612322,1.162561908329651,forward_head
49.42,-0.3090506227320014,-0.16104593828026376,0.0017905349913144165,-0.0005717934178505856,1.569481855784846,0.04682174833593796,1.8698023813357858,1.2124901388842464,forward_head
49.44,-0.31408054432350035,-0.12497377592015772,-0.03089385250458908,0.018057956643195792,1.5743006261284758,0.0320348711859414,1.888558242834441,1.218409975772046,forward_head
49.46,-0.3687352326854549,-0.12603799755344405,-0.02382155679946268,-0.002709971888256694,1.5990813175369134,0.009287104031680007,1.929359599593353,1.1647443189864253,forward_head
49.48,-0.32921634662373384,-0.13731259310218427,-0.023966629607033926,0.03137687816817106,1.642848043776117,0.025899672502001547,1.7583512642034387,1.1933751741686842,forward_head
49.5,-0.3303102863692863,-0.13979604008688618,-0.015520377394443684,0.008283041385622338,1.5162620834685585,0.03608650536227892,1.7804149347981584,1.1123106464156827,forward_head
49.52,-0.2748440481719585,-0.11348229661394187,-0.0121016395403376,-0.016672647386322667,1.6055662412793485,0.029511811101612925,1.7759913008764585,1.0958292027930454,forward_head
49.54,-0.3176678601933789,-0.12857571687181527,-0.020609048355056628,0.007147214078803369,1.6332240506369056,0.014729696105569,1.8172283288525286,1.0846316421051516,forward_head
49.56,-0.3012669988352767,-0.12540409974684608,-0.027142448002165587,-0.009656483912869218,1.4940020551664401,0.03138196243930031,1.8296906428200035,1.0526635601470888,forward_head
49.58,-0.30960164344748675,-0.10295151534085044,-0.025061097950548845,-0.0100595552097066,1.5742428584435673,0.025933124220215768,1.7083780039262741,1.1271105808705286,forward_head
49.6,-0.340537280521645,-0.12607215411670442,-0.02798730468340676,0.010122451928929712,1.4984821383894917,0.039889002716010126,1.8869548032507781,1.1471748026590187,forward_head
49.62,-0.3181152167416414,-0.12883417795673013,-0.03469691987950722,0.002854614567323882,1.5673265767380726,0.02574636408879711,1.8486130492307753,1.097922299475554,forward_head
49.64,-0.3256982879273167,-0.1382092089335634,-0.0054651707822493175,-0.002336131432210674,1.582491588304214,0.03217805756435303,1.912945002696102,1.2144661277528652,forward_head
49.66,-0.30716032108082003,-0.10497724360365113,-0.03509161675579237,-0.010052618450239482,1.551590089083517,0.030188951747853233,1.7135450915471702,1.073746954621788,forward_head
49.68,-0.25797937569819146,-0.10829658930005323,-0.023505294857641076,-0.01802806266263112,1.7201747423092277,0.03964753265706823,1.803197670555185,1.122630840057273,forward_head
49.7,-0.3208290636323731,-0.12415099450260852,-0.025724537860769094,0.009898100279961826,1.5995314763502635,0.03311210764698747,1.8896216464216407,1.2473895707307632,forward_head
49.72,-0.3296541208067942,-0.10665284838082,-0.00432966599126797,-0.0020978693360945563,1.71358125413852,0.02204654363471104,1.9417258230485828,1.0916402334027693,forward_head
49.74,-0.3682123264688351,-0.1460416375880757,-0.01976289386588771,-0.014529040340151947,1.5731328156222364,0.029616548763749185,1.9804013363826722,1.059996760056602,forward_head
49.76,-0.31404468193705165,-0.10471322434407454,-0.03175607380053565,-0.005238157355115825,1.539073180069908,0.033997602825370725,1.876841988335807,1.1293271613138127,forward_head
49.78,-0.2860488813823991,-0.14294833518820543,-0.01831723569261632,-0.02482726813409499,1.6595132142113416,0.03473638737063933,1.866789540213959,1.2536629572068057,forward_head
49.8,-0.29286769499287507,-0.10745532157720496,-0.03246921063161766,-0.004799028157765819,1.5824214476979215,0.033367325147291925,1.8468541706809907,1.1780372089356568,forward_head
49.82,-0.3160199241094702,-0.12809256426034366,-0.021471468399578714,-0.009504711904860828,1.8164881741410597,0.03179954667612198,1.8236199574604015,1.0981840876314546,forward_head
49.84,-0.34663351894623734,-0.14586600622937387,-0.021547228298370455,-0.01873885561218086,1.5778657124832083,0.00924359089400958,1.803316134231945,1.0788744404848138,forward_head
49.86,-0.27138410902987786,-0.12798107048081558,-0.027679430907232728,0.0088675470894013,1.804398218567039,0.024988783977318983,1.8168691681136826,1.2369692793467983,forward_head
49.88,-0.3199831486913823,-0.13150702992740568,-0.002887312434933214,-0.0009245483269774013,1.590925659849082,0.031038936019115167,1.9619021066463147,1.157553529967066,forward_head
49.9,-0.30766855995844844,-0.13156650375158246,-0.0017609093789103455,-0.01902181138250357,1.7485221922319458,0.03627599319727709,1.847144744231426,1.0837169715937387,forward_head
49.92,-0.3225283527552367,-0.11673718658684656,-0.040790444254312996,0.007586879784309779,1.6043848022540368,0.03799962229294906,1.7113476207810054,1.0813814634445118,forward_head
49.94,-0.31192617685153706,-0.0888621194948708,-0.020619074770435043,-0.0050743262603352626,1.7072201522526416,0.041075867077214535,1.8348142194770112,1.0991826983101203,forward_head
49.96,-0.341410234671363,-0.08251325056868894,-0.03249369070733812,0.005383407894931803,1.563053439120388,0.03793773325102702,1.8348436040966412,1.2180758753574314,forward_head
49.98,-0.3177810111747844,-0.1256784450191948,-0.012717002345327431,-0.014979909764113017,1.6960615297914903,0.024697657956309422,1.745232246322114,1.1704981158844754,forward_head
50.0,-0.3342938439738351,-0.10608071195239961,-0.013294377635176083,0.01960427240755776,1.5812374035990369,0.02728913399603457,1.8860353875930342,1.113594741997044,forward_head
50.02,-0.3459665986063385,-0.08171923728610679,-0.018236461145875182,-0.004086141177026548,1.7314719360195236,0.026252042017229298,1.8634965625240774,1.24198355326271,forward_head
50.04,-0.3061043980105654,-0.10648258640061349,0.008268424626916107,-0.011048205718906584,1.6259684104766303,0.040248934123836885,1.8369420623936437,1.2012338520601507,forward_head
50.06,-0.34201981472912546,-0.1066108005194277,-0.02604535364144419,-0.016825445899394047,1.5087815045622137,0.04685621364009766,1.692213719372191,1.0812057367150218,forward_head
50.08,-0.32413694347644423,-0.12440962183380117,-0.034528861953946506,-0.005806280724452377,1.7182009535377474,0.025807078851221656,1.8111986562398235,1.1612353227650265,forward_head
50.1,-0.3314591320658861,-0.10984350000494593,-0.012745883880851896,-0.020012359966287932,1.6317745080040558,0.044273881987100513,1.8453279719914268,1.1815464002067857,forward_head
50.12,-0.3655628063266509,-0.07890350691614521,-0.013374312831736896,-0.006460193547758205,1.6084740771235015,0.008466226652910509,1.8431886529500228,1.1952326512504194,forward_head
50.14,-0.3453470840133675,-0.16003235358832096,-0.007736020511096404,-0.021364887193790722,1.5671371022745655,0.02829829742539442,1.8134211079669809,1.14758762407184,forward_head
50.16,-0.3299351348542996,-0.14606401155963658,-0.03203445694304501,0.01703178866724763,1.4213020821013458,0.03318619264196406,1.9186122750566077,1.1966334875409443,forward_head
50.18,-0.28106144467528543,-0.13849323508602157,-0.02935427713328547,0.02385474853497437,1.5097426592060876,0.02190865628152098,1.7843827603317575,1.1952219854340025,forward_head
50.2,-0.3137705968051736,-0.14431946431157516,-0.03629793594975225,0.008619378576854821,1.6237364741760862,0.05553047002114478,1.799251143074883,1.1124797326714235,forward_head
50.22,-0.34632787024678763,-0.12893326442861572,-0.03067314486967422,0.010515664050202841,1.5580367795655679,0.020876275628399683,1.875959524164171,1.1611388891586978,forward_head
50.24,-0.30117327450339126,-0.10602465083365396,0.012534877174329781,-0.004248433355068383,1.7064826326411255,0.0470859771532059,1.8649485676806006,1.1765780619358175,forward_head
50.26,-0.3026209848930055,-0.12114640052259674,0.0003727186873265964,-0.005003377386658278,1.3882164511214783,0.045666028662760386,1.9012077698251884,1.0589136858593555,forward_head
50.28,-0.27726891281237626,-0.11087637222164325,-0.013856299831668169,0.0032890491056179433,1.5409264666814735,0.03558024426394534,1.9071265921124303,1.1937806966860618,forward_head
50.3,-0.348450668107818,-0.09490226309782926,-0.04789515726174021,0.011031128464916367,1.6199596542560504,0.020121703979882822,1.9000014733792037,1.2285131659810424,forward_head
50.32,-0.34449463862865914,-0.14118769516122665,-0.012227059279121813,0.014663915222442524,1.4944826274691503,0.039051537938202194,1.868010203697398,1.186205293330066,forward_head
50.34,-0.3547785430684702,-0.11557900385152692,-0.042590059956936904,0.03615702434496866,1.614296922713502,0.01461941500748916,1.8695619523356237,1.197847148492886,forward_head
50.36,-0.31066370289969975,-0.12798715359401858,-0.01700367515597325,-0.007876288001622345,1.5839428675660416,0.04559311598470939,1.8501684962990919,1.1148395928649208,forward_head
50.38,-0.3366881551081754,-0.10027747174079364,-0.024888888123965128,0.007711014676310283,1.5886783352275002,0.013352254911255251,1.8517503878281059,1.1019846370620068,forward_head
50.4,-0.3206024401161399,-0.08041986799568518,-0.04874277924820905,-0.01514989413752222,1.509392576013623,0.04653616272137698,1.9455298776101884,1.1660641533670961,forward_head
50.42,-0.30224081203991837,-0.1166219835072915,-0.03316150290469443,-0.005245411326398178,1.5761775281226607,0.04338966672998851,1.7996104665201194,1.1962586945414557,forward_head
50.44,-0.35943913586609555,-0.12166519019792632,-0.030113752671843387,0.004810984926904522,1.5942770120607845,0.03957126233042805,1.8740012273626856,1.103793673108799,forward_head
50.46,-0.36319357312153866,-0.11934309286860499,-0.016024961735529163,-0.012934521737277422,1.5853141270818485,0.03559482000434895,1.8707532958119848,1.3076605024755343,forward_head
50.48,-0.3430381115518527,-0.08417497274860601,-0.022384332845042636,-0.004141496186474052,1.6849771408511753,0.0438508424880928,1.8799255958814438,1.1149864583074232,forward_head
50.5,-0.283901030012206,-0.14204350422489814,-0.024010981308765028,-0.0016120897058801182,1.713569976220736,0.029281362740244236,1.935164380709126,1.1602957930338649,forward_head
50.52,-0.35096607449236517,-0.11675289617924771,0.003012689559615232,0.0003116378925305567,1.5399263294455443,0.03133127481791556,1.8399205540926564,1.163705136306154,forward_head
50.54,-0.3100527071896173,-0.1276882367498861,-0.045825561989645394,-0.015614849708159784,1.6060464295875365,0.04940710697902697,1.971157302782318,1.1881372126105079,forward_head
50.56,-0.33526182526955245,-0.1339191034876284,-0.03738188633744595,-0.0055273469052762765,1.6397450111359475,0.022118587262873867,1.8866074862036724,1.0985878816692531,forward_head
50.58,-0.30333278321492013,-0.11471077476353637,-0.017904396626818395,0.02287254283617792,1.4608723429428423,0.033980004914643515,1.9208718963585045,1.1288190701965786,forward_head
50.6,-0.3189299327245619,-0.12099857106038377,-0.004845635709577199,-0.012695452148596938,1.5317068123379995,0.02775532074959563,1.8437276102024762,1.2968415321515903,forward_head
50.62,-0.31342819521693804,-0.11575345742011524,-0.011928954018920827,0.017344219125979676,1.6626594632829657,0.032294501463490805,1.8061900499106318,1.0168793384823491,forward_head
50.64,-0.27608440104151893,-0.1273755591598971,-0.019316291704178937,0.020491973242818734,1.5019732569204591,0.031048511596273608,1.8066691752142585,1.0743912383202265,forward_head
50.66,-0.34696407959890185,-0.13168359699526866,-0.0014990850010253385,0.023022014551120056,1.6169378792353024,0.042208057148761545,1.8404466669377204,1.088227128079205,forward_head
50.68,-0.35425450831111077,-0.07411243024363388,-0.05849042195738172,-0.0012937128346536817,1.6202416833395197,0.030925451581603827,1.8326133136916691,1.2027602914893265,forward_head
50.7,-0.3044666785894696,-0.13570406541747224,-0.013666247328588605,-0.00017797187226154744,1.467861429508872,0.013240569725264755,1.8245354815858634,1.13188250242751,forward_head
50.72,-0.35986677453343935,-0.10253628526182945,-0.038109285521581035,-0.026289106098526895,1.5769932771542554,0.014163219748359854,1.7575291558488093,1.0529399615052544,forward_head
50.74,-0.30053787315702607,-0.129497466583078,-0.010930697173132657,0.004111415758602355,1.3500947273851742,0.044649797643735285,1.7598154629249332,1.101890550445109,forward_head
50.76,-0.31219215715160015,-0.14283615318684453,-0.022182592068168402,0.022045820187462886,1.495232309716277,0.0418864544232489,1.8546390813788103,1.166359721607496,forward_head
50.78,-0.288338119207029,-0.10910529847487417,-0.02954928310573747,-0.013854392007342127,1.6365936676667752,0.026403666319551638,1.7993921355701006,1.1329335079658027,forward_head
50.8,-0.32111749000514184,-0.09122655549161357,-0.023915612901977433,-0.0020748160657171866,1.6374128957556016,0.030288665517125005,1.879755120904119,1.1076455258989408,forward_head
50.82,-0.3027322805516699,-0.08975712314177493,-0.025556899132121426,-0.003563192244867175,1.4412993230578166,0.013818583552841875,1.8522151213625098,1.1939846851582914,forward_head
50.84,-0.28005797160640905,-0.12614088593323272,-0.004759515755436042,0.004391411262347446,1.560884273984235,0.02142449538736306,1.8910344984598326,1.0987253553273868,forward_head
50.86,-0.3153989598036809,-0.1098525589818339,-0.025312897830922932,0.015262676663329247,1.5381932242116048,0.02517719687946495,1.855750749509913,1.178641043590187,forward_head
50.88,-0.3388579644059138,-0.09690964446751972,-0.025964357348627107,0.018580746628155422,1.5957021243600336,0.035662255762242336,1.8324068983451578,1.0836261383197963,forward_head
50.9,-0.3408101618761716,-0.1112777665927282,0.008299424320935032,-0.009952158463034018,1.6070166024439438,0.03144018060657046,1.7917535841983823,1.2125823350556526,forward_head
50.92,-0.28231190731553635,-0.1448439971314546,-0.006989868199854715,-0.02472454129448558,1.4727292675562036,0.03756990729369719,1.7066664598796113,1.2107049155600424,forward_head
50.94,-0.3670313211469151,-0.13594308750154893,-0.000812400729357804,-0.00435173541865321,1.6715854604892038,0.04478465960874521,1.8493268074913323,1.132270737432903,forward_head
50.96,-0.3431420782589274,-0.11249092130128278,-0.0035689727542799316,-0.012341093734583163,1.6199463987635463,0.0014608738974208474,1.9353894103079137,1.154536599351058,forward_head
50.98,-0.3253353054226218,-0.14325609655970734,-0.02215916447135046,0.01906992194024848,1.6705549641742667,0.013107800942832384,1.844455917425834,0.9583285191160289,forward_head
51.0,-0.33087163370439837,-0.09529253187947118,-0.025866997784373385,0.009595424429023131,1.6207774603390168,0.023048815190425287,1.7910428700565106,1.1330243974452259,forward_head
51.02,-0.3246056419253086,-0.11000064089556619,-0.03517609095811266,-0.01174239550364105,1.4738358885860918,0.025337356830425366,1.8667765230564979,1.104935516572007,forward_head
51.04,-0.30981385726276234,-0.10183597994573522,-0.01553028102963886,0.02900787486820222,1.6442001747390689,0.012400324663300596,1.8659651039666871,1.1832281864887075,forward_head
51.06,-0.3275389436742604,-0.12557842665236177,-0.011564037535504806,-0.01242928776725793,1.563366479103625,0.019451211927829178,1.8857502144425522,1.174438318232364,forward_head
51.08,-0.3533492247171062,-0.08810462952425274,-0.022420373901159703,-0.0214377367824477,1.580214655301683,0.03340981046312879,1.9283314179056001,1.1386522434014588,forward_head
51.1,-0.35671622650977186,-0.10289482456505941,-0.040158592859406185,-0.008954106446773783,1.5793309469466965,0.012631385398087213,1.9266613716710859,1.1001539287560367,forward_head
51.12,-0.34716754244352005,-0.06259295849294778,-0.03975789152221276,-0.005904731840525983,1.6429923023183195,0.0102846663621244,1.7850253217163672,1.026068564660473,forward_head
51.14,-0.3195786607112972,-0.0999480964630899,-0.010838668303870928,-0.003145985222912383,1.7356638616973408,0.028552802788464823,1.7695997281133344,1.0622504056793858,forward_head
51.16,-0.3639038261450874,-0.10619193866365485,-0.024078568123678333,-0.01974567977063006,1.511137655350582,0.0328388167153441,1.9322884944400607,1.1725825517540196,forward_head
51.18,-0.3092876617872019,-0.12003809392102349,-0.0027006221244188135,-0.011090860784628892,1.561580488858379,0.01849213691624504,1.835281143169003,1.1778898870412562,forward_head
51.2,-0.2903639299407843,-0.1612465020290997,-0.03438867566609093,-0.0056572813375785035,1.5636556844806353,0.04005858241037816,1.887506551820541,1.1604987746370552,forward_head
51.22,-0.3192749664059516,-0.10737662166203484,-0.0340448469740123,0.02283109655039735,1.5248946636500147,0.035041213088236524,1.920327409831414,1.1803562595835657,forward_head
51.24,-0.3651410210008085,-0.12078429809188566,-0.01949524765442675,-0.00929935160915048,1.697517955864516,0.023998382506707373,1.7964489099845382,1.125153510241027,forward_head
51.26,-0.30847887586872264,-0.10846430768174996,-0.014456652985183175,0.026126317182715245,1.6518320086286662,0.01941725649033197,1.9105817502043634,1.2107373697153014,forward_head
51.28,-0.3184196713337301,-0.15632424968405492,-0.029450640292846837,-0.007994984414512641,1.5689619273776596,0.027904194304389816,1.8028408649606043,1.1311897695504434,forward_head
51.3,-0.3261738605059131,-0.11869673699804935,-0.008686967017736448,0.01573097132249483,1.526336062376675,0.029749657871195823,1.8961590744203525,1.1558523927541384,forward_head
51.32,-0.3341623339823283,-0.1364713785277611,-0.006258610316026929,0.003744125830113386,1.5332546754276193,0.03195312979051351,1.8446553162907846,1.1380252366389478,forward_head
51.34,-0.31617138380076915,-0.13810900869201126,-0.03188097849780819,0.009503877489783008,1.504072631482526,0.023504536418240456,1.9620724111676207,1.1366202265146865,forward_head
51.36,-0.33636185512646,-0.11327146112265456,-0.01703984840048317,-0.020833966168117966,1.5182159477993584,0.02181227683200494,1.8879772745694097,1.2945072100204422,forward_head
51.38,-0.35022665022638916,-0.07835924273428624,-0.029234140386316818,-0.007690150872633901,1.7084697465882708,0.019753003001184377,1.889045607324965,1.1320881635960864,forward_head
51.4,-0.32424317826446275,-0.11061972237110726,-0.023901609203965998,-0.010249916081853702,1.650066298627998,0.02573855808650523,1.868987129438804,1.2812782779426526,forward_head
51.42,-0.3014157126297754,-0.13481244279075474,-0.01721567602078662,-0.02274293472957342,1.5918555984343619,0.0414551495353079,1.7228665345235774,1.2432829916972334,forward_head
51.44,-0.31486168921660235,-0.09566973846967707,-0.014416205257411607,0.02566020522328162,1.6682223232560243,0.04253168508722148,1.8927586796978093,1.2593784410744921,forward_head
51.46,-0.3166561863947407,-0.10968028054122558,-0.0031031610870634364,0.005631707772237488,1.7055261482901352,0.03474431352015747,1.778280805500865,1.207370468919144,forward_head
51.48,-0.32658052298639767,-0.11212719343785255,-0.007253684409945139,-0.01210926926062877,1.7693118252380586,0.0317025439109635,1.939825518028281,1.1437187766712897,forward_head
51.5,-0.32505520916127123,-0.10690357549413991,-0.01983411934256211,-0.004455647199571021,1.529924889678706,0.023941937315700358,1.8636719963249246,1.0971627585798807,forward_head
51.52,-0.30443867141517755,-0.1242430682377205,-0.011589938193744235,0.0049059282574706806,1.5802009043789356,0.022987323584122945,1.8716409447112368,1.1185689805862065,forward_head
51.54,-0.34129592435385225,-0.12029808751596911,-0.022961158995638116,0.01918908279930003,1.771800329671286,0.030656516310309273,1.8016364154749578,1.2070216879211415,forward_head
51.56,-0.2939385591405683,-0.11904821341104528,-0.015723492117032906,-0.015042055761314052,1.5952415412728165,0.021535752324191415,1.8019523354040463,1.062641116488707,forward_head
51.58,-0.30476520493176035,-0.07905406137263452,-0.01866664380623799,0.0004065371907906658,1.532619347437697,0.034943001910875154,1.9303972676953953,1.0437977215602303,forward_head
51.6,-0.30501827890859284,-0.13789561941652748,-0.03988815089192406,-0.006298454841667287,1.5866997779847947,0.04512932853973025,1.8688058179314933,1.2324242919052497,forward_head
51.62,-0.31940424657166616,-0.1120824319189845,-0.024762648938291103,-0.0031844960250358863,1.5310052251686428,0.02664435770605477,1.91820271534567,1.090375978064612,forward_head
51.64,-0.3224984475868569,-0.12684540146841206,-0.027019135276140648,-0.0037369325233304485,1.4670097983250974,0.016050471986611418,1.819893858187742,1.056668054478394,forward_head
51.66,-0.2996127054105969,-0.09743804302181203,-0.02605822326437943,-0.0030358108989860903,1.511651847482702,0.023007601021165437,1.8315752150922622,1.173718551318232,forward_head
51.68,-0.3258062502246211,-0.11576917315485452,-0.03873147497144047,0.00832446040690849,1.5325643708660563,0.02780397427184761,1.6936822540354945,1.2197294438879795,forward_head
51.7,-0.32428287978479026,-0.12037501156712573,-0.025604034785650504,0.007588085262245221,1.7042666974358547,0.03941392940044297,1.8179969524575994,1.1233237754152612,forward_head
51.72,-0.3112579885894789,-0.1299423108879017,-0.03202633302414202,-0.011394547472327552,1.5354174775685916,0.046498179880952985,1.9045023731133366,1.087075061888058,forward_head
51.74,-0.32037095277171973,-0.11506521420895571,-0.013760452871028579,-0.046619985318365545,1.5626515977963018,0.02360257456207639,1.8034146060014957,1.1019447916460166,forward_head
51.76,-0.28026171454820614,-0.10530448973239208,-0.045862635454628896,0.019508228045391745,1.6916660267748769,0.041990162288131266,1.8284594700222851,1.1466335744408036,forward_head
51.78,-0.28669579780745835,-0.11752391387909113,-0.03694885428569468,-0.013765688089754348,1.6289067417100365,0.046960181750773655,1.9099435662925006,1.1755224839705507,forward_head
51.8,-0.29322184832874104,-0.10301620705425935,-0.03371568834220259,0.01814647389686115,1.7748684053439958,0.03525147821519228,1.8438377755832076,1.1501133390062432,forward_head
51.82,-0.3179492132962119,-0.13269921875496132,-0.04228584322000801,0.0020813303527184375,1.569112364176426,0.032944365831147175,1.9041444303704815,1.1416344778961265,forward_head
51.84,-0.3592438437914422,-0.13028985935942072,-0.005915341240122515,-0.02319237795700205,1.5631461825768864,0.04195207310430473,1.9842178840758686,1.1517053469254086,forward_head
51.86,-0.31646740849384564,-0.09433170592186417,-0.011146383221470704,-0.0013686606016205423,1.6365638123925872,0.028378786401244714,1.9629956591419118,1.1546349217371579,forward_head
51.88,-0.3371457963346119,-0.0979624944652869,-0.007741753610819061,-0.011149651456046286,1.4559718320300064,0.03219153009767419,1.8836478454154337,1.2329328332656797,forward_head
51.9,-0.2823250551151977,-0.1221794766288533,-0.016630913609409537,-0.010734859592169787,1.6810635478363458,0.04247878984573939,1.8592471961015105,1.2246658602735345,forward_head
51.92,-0.3142435296928858,-0.12538239665818818,-0.035534514663516384,0.010298660057480695,1.6688930368798072,0.032869541459481004,1.871333497264107,1.1674967125184856,forward_head
51.94,-0.31945996362285994,-0.10521530306596982,-0.026590792561678032,-0.00545040819972614,1.650624605066238,0.03209731744693978,1.8667166663310568,1.2233235142798236,forward_head
51.96,-0.2981550880075846,-0.1531463223093918,-0.028869765179379298,0.011895996410981048,1.4418354497999737,0.04721170437089486,1.8624160679824147,1.178555052437548,forward_head
51.98,-0.29598031365906824,-0.1318728179407102,-0.03507734184137086,-0.011590700097218484,1.5841052334700463,0.03102953583697485,1.8339634507451494,1.177641718077308,forward_head
52.0,-0.3462597026770673,-0.12913090958165116,-0.022110569853957714,-0.020165419040876754,1.7812731724523676,0.0347464605880851,1.8607916873355062,1.1314275724546976,forward_head
52.02,-0.32612003172555754,-0.11684433452321691,-0.025277556578942532,-0.0011060491587010224,1.6683574903300098,0.03840898551400837,1.8079823526945744,1.1336363382472248,forward_head
52.04,-0.29001730235314127,-0.1101406915069358,-0.016957190964773834,0.007079383917108854,1.5469515089688577,0.01849816483237485,1.783329608077768,1.16998506491868,forward_head
52.06,-0.37627371211045135,-0.1420696294822966,0.004334600556871919,-0.007125167778264189,1.5421941425531085,0.025390869422484783,1.8089763874828855,1.0591030157555719,forward_head
52.08,-0.3472826158216462,-0.09694362684155569,-0.02446134163651451,0.012033606534838245,1.6036224269874897,0.03278080907108301,1.8926038561002414,1.230324548331053,forward_head
52.1,-0.30016564846982163,-0.11590453739235124,-0.036623675272469326,0.004397283809948311,1.5089700020477699,0.037113731737749615,1.8848948283855684,1.2840501151075765,forward_head
52.12,-0.30383556231480985,-0.1384502484689428,-0.02724255762559828,0.004321331487860582,1.6419802467629578,0.03670490196284756,1.8312848153465238,1.2944525054031677,forward_head
52.14,-0.2996947446266496,-0.12850584724990524,-0.028294631657676806,-0.009376960012921865,1.5725662118095414,0.03427634549368886,1.8640635683847897,1.186689283190924,forward_head
52.16,-0.3097415741166955,-0.11641063400471435,-0.020725672156994654,0.018855261435899964,1.6017893432395018,0.030463389301233382,1.744293113225292,1.1006113612640807,forward_head
52.18,-0.3281719580369677,-0.12032890778209432,-0.04141120160154653,0.038043999047473874,1.6033372139522002,0.026979610977258445,1.7991040428047214,1.2175321742711231,forward_head
52.2,-0.297510992387503,-0.1076889387420088,-0.020494671028030532,-0.002920261654741849,1.6271167723719249,0.030296870109046307,1.842416142327602,1.1557874359490883,forward_head
52.22,-0.2936735423781146,-0.1125178555016424,-0.027385461919245797,0.003263161192112627,1.5034075296633727,0.05715960916263826,1.8651014908596522,1.2358108817293076,forward_head
52.24,-0.32996306100753114,-0.12076886214828053,-0.03195023821590241,0.005402949347885211,1.5511674279885872,0.03992339988425098,1.8781867893075537,1.163836987316574,forward_head
52.26,-0.3566492729332822,-0.1547928403624353,-0.049167208909856645,0.010475174728855398,1.4082468353021935,0.020455432636181003,1.8136151982194375,1.1544073804866977,forward_head
52.28,-0.3574998154531858,-0.10951552132766432,-0.014074967462543891,0.01452753520021526,1.5915850498831081,0.03245175090046901,1.8199865196060625,1.1985072477705823,forward_head
52.3,-0.2905060985598185,-0.12405034929489989,-0.010322228245398274,0.006485617497523684,1.664131227166014,0.03459252436667214,1.829722203940154,1.1682245085006093,forward_head
52.32,-0.33979528288912836,-0.13182040797863942,-0.01011473015529863,-0.030956394581460038,1.4338617057655194,0.025022785033420245,1.783611310322487,1.1312070509027958,forward_head
52.34,-0.2937635025855901,-0.09980696440551128,-0.03199737106841044,0.01653453124845886,1.6082715209613259,0.009056800161323177,1.821577986285777,1.0301295999592655,forward_head
52.36,-0.33676003242896163,-0.10084631659105103,-0.022964720165464907,0.0003068783090620028,1.3463784727479942,0.04271332418895738,1.7102315454849117,1.1565019816080093,forward_head
52.38,-0.32687590818716394,-0.1328457830596885,-0.02378179426748098,0.022103738914513543,1.5795890143128117,0.051600605858836024,1.9057820932563931,1.1371462246311401,forward_head
52.4,-0.3057354629782092,-0.09931135677103073,-0.0167907780065958,-0.018457617791834142,1.6556130257945472,0.025997703163687137,1.8156953338669535,1.2299278111886776,forward_head
52.42,-0.3187986851225169,-0.12303470026609407,-0.0017327430716074124,0.003674769116182688,1.6051593080324564,0.03652671994396552,1.930297318796706,1.1233628793903305,forward_head
52.44,-0.32206133766441397,-0.09616008705789492,-0.0269764659215193,0.0028346918132491406,1.6165618404564988,0.03037429046970658,1.8286799643787441,1.1626644036176483,forward_head
52.46,-0.3032187489805363,-0.14309223399413756,0.0001362832218331317,0.005496226769100965,1.643889491033331,0.021682534990995365,1.7768162536112053,1.2449393665497241,forward_head
52.48,-0.30311394831476896,-0.11223594779700803,-0.04100034644120174,0.004766605631632294,1.599419896382407,0.03692747948353646,1.9004895530458272,1.016069155333326,forward_head
52.5,-0.30646075978002996,-0.12729417848369023,-0.0002957944019867089,0.006740219011167234,1.5696117763620254,0.0225228410066361,1.8649356417153768,1.1826029876222102,forward_head
52.52,-0.30879905473455543,-0.12757792609576152,-0.024453845683911703,0.012558556539648139,1.5155221994538264,0.02939913875726126,1.805776356413056,1.127272483603405,forward_head
52.54,-0.2900245321441886,-0.125593611653297,-0.01699445014317521,0.00416960323887927,1.7020242909569787,0.024134050171438954,1.8548546878763075,1.149757479632492,forward_head
52.56,-0.3286113302671603,-0.12247124025724049,-0.011421320666022835,0.005439628320497667,1.648241389900597,0.04168335799099713,1.8143808578968323,1.173859931851778,forward_head
52.58,-0.3359449980787004,-0.08887794969830254,-0.04456503773893869,-0.006304774118504859,1.6357956071296496,0.040877903793964526,1.8788110101577213,1.1809144162927652,forward_head
52.6,-0.35672540749658704,-0.12809716487827297,-0.03238019302142003,0.00721639182325279,1.6933777927465732,0.03432410779191372,1.7235773386230107,1.150363620052286,forward_head
52.62,-0.3439789645948714,-0.13657315867096448,-0.014597157893337246,-0.018144664764764788,1.6386924316483746,0.030041684122780764,1.6772277403568872,1.180602807913107,forward_head
52.64,-0.30925781515800754,-0.115609125881218,-0.009507939198149119,-0.00042502090154874334,1.6310787346127091,0.0374144689696371,1.7967405586422196,1.1826411517470121,forward_head
52.66,-0.3244260154129294,-0.14379007720639356,-0.03003581819256871,-0.00429958275732588,1.5887009635918103,0.019584978461984107,1.792056880057628,1.179114100162462,forward_head
52.68,-0.280244178726769,-0.10944569786918046,-0.011065878427722331,0.00549472439532172,1.457878898287189,0.019989461774162713,1.853117520856033,1.1181573603518618,forward_head
52.7,-0.30352192905459613,-0.08348933940381167,-0.015050448031187958,0.016411487315035216,1.5999318872532113,0.03424710477874127,1.8747299912870539,1.0891825692092465,forward_head
52.72,-0.3515872237211324,-0.1429421544867622,-0.008499381690596594,-0.0019689521927685662,1.404044063311732,0.02892310781990503,1.823140505069491,1.1542675196276002,forward_head
52.74,-0.3303818710086399,-0.11189103183223705,-0.05008990401039761,-0.012804256862560495,1.7204328251146177,0.030880342481620603,1.6794996455134954,1.2526132055274246,forward_head
52.76,-0.29297200312390376,-0.15923955572794174,-0.00011535061141548004,0.0002596050838447313,1.6209688561329418,0.03086476074280553,1.9079893395714485,1.1779388166262184,forward_head
52.78,-0.3104354426139197,-0.12080433537224286,-0.008771666610551699,0.009318215935521203,1.584660009513572,0.02362687722709977,1.7937720382898092,1.1220352689865454,forward_head
52.8,-0.36514096835865445,-0.12815963973273356,-0.02537442982094707,0.012010950087028297,1.5199102745628932,0.04202692533442923,1.870938732900799,1.1065599493225426,forward_head
52.82,-0.24521523470453666,-0.13251909804153214,-0.00599950253223557,0.01347831336188454,1.502651509582808,0.013539400269025979,1.8656621442752794,1.1720577944079231,forward_head
52.84,-0.2861447830320978,-0.12761372541391994,-0.032052772275008704,-0.0012039164053937218,1.5906820676782796,0.027582775192368812,1.9911527491463117,1.110096680732779,forward_head
52.86,-0.29354293208729504,-0.11829324830012738,-0.03642438158190168,-0.015967426086134433,1.6518895354368688,0.020306358574429056,1.8163593343414857,1.101066081579089,forward_head
52.88,-0.33014413702098666,-0.10653408323641912,-0.00017021758611463156,-0.007254980645384628,1.7053954087741596,0.030556838126449867,1.8775345241280645,1.0993551910406676,forward_head
52.9,-0.3491233159445828,-0.1171937913003436,-0.04846029215026588,-0.010040049111982667,1.5420240717714715,0.032243347950908656,1.9449378541931788,1.1466695949974937,forward_head
52.92,-0.3387335916837285,-0.10137670445796514,-0.028041420123841105,0.006133346343491129,1.4925412301709449,0.030507337084056247,1.8980798866485227,1.1853199220069748,forward_head
52.94,-0.3223825961227126,-0.12046349257129552,-0.017722490518806058,0.0006177859034187349,1.4947449115690128,0.00459060942305612,1.8223184968175732,1.155104704678841,forward_head
52.96,-0.3056448880471622,-0.12897798363569404,-0.0437037555507619,-0.004957821509820158,1.6394822412053782,0.04365665975594294,1.8185573486935982,1.2519592087655955,forward_head
52.98,-0.336620828705083,-0.11595322536818373,-0.00740373845625606,0.0026175193194285383,1.6721597552203478,0.01379286208249006,1.8589860849414288,1.12798574718936,forward_head
53.0,-0.3595721730596111,-0.10921358486675302,-0.020755837974591723,0.0223674068562001,1.6049106306523055,0.021615141864539788,1.8849854788381444,1.2144871185963777,forward_head
53.02,-0.31451137534899387,-0.11687361796453029,-0.06384925380444438,-0.017605230791411734,1.6084038705767476,0.027880879903221183,1.8064757297187315,1.2210697533218382,forward_head
53.04,-0.32340006805456956,-0.10699661527851859,-0.019356732566409095,-0.031463111741361446,1.582994740977185,0.022950478675176342,1.750461709535395,1.2406419313304873,forward_head
53.06,-0.318568002360299,-0.12278429850827473,-0.010412496427878306,-0.005643320354287715,1.65299850534286,0.023904876643534696,1.8927945326897313,1.2243318728481996,forward_head
53.08,-0.26974831423640383,-0.11289360579722132,-0.02872642734899352,-0.027300324537637113,1.6898788810176033,0.0379527217084288,1.8103718059338945,1.2960624995910481,forward_head
53.1,-0.3417923503413167,-0.1010578442856034,-0.014295182220980678,-0.00035916636633787264,1.6047719747955236,0.014310736078522025,1.884805940999094,1.0843136792651664,forward_head
53.12,-0.3023442592715066,-0.11888411720067758,-0.015826820813322623,-0.01080917479421032,1.6848615960227393,0.025893822111397652,1.7387692863190776,1.1326428600966603,forward_head
53.14,-0.2935717522337076,-0.10419539848443989,-0.022847679396780063,-0.006626138149672029,1.7275258595038785,0.02500195981030031,1.7808510075990933,1.138690833287676,forward_head
53.16,-0.3398540419537012,-0.09890853465317345,-0.03612232332469909,0.0131780121636201,1.77144450888381,0.01904116948945608,1.8059714127027315,1.124222201380188,forward_head
53.18,-0.3267685407208156,-0.10245271893395828,-0.01351722000570708,0.0010838713242052025,1.5434911253899768,0.024334052390176414,1.8974532058561624,1.0646712115005694,forward_head
53.2,-0.31784393765893976,-0.12572923520915072,-0.02032423334180096,0.0005764468491137946,1.5451326585271175,0.02548373819084585,1.846506961226548,1.1880677947504736,forward_head
53.22,-0.3039091704045584,-0.15304880588500658,-0.03299177445539973,-0.030318982516594546,1.6745008351139326,0.030502869087321853,1.7423630391473228,1.0836544459886661,forward_head
53.24,-0.30583135673045003,-0.11549701349084973,-0.04673460551359194,0.014593859029720616,1.5429371713164155,0.03164205871554684,1.9191684112667446,1.0865474485798434,forward_head
53.26,-0.33406694404029375,-0.09066936965768406,-0.029041455444024034,-0.004195288795433291,1.6070051073686464,0.042895857096894696,1.7747068703499729,1.153183982836272,forward_head
53.28,-0.3000639552771819,-0.14105812397153608,-0.014729199165254296,0.0021752473815315003,1.7124168379747924,0.03657491680693948,1.8446698180703567,1.10640679052063,forward_head
53.3,-0.3061008465168675,-0.11748773678661553,-0.023138530947784324,0.001907869280511353,1.6011927456507102,0.026502464863332822,1.8317253379147613,1.154436834463356,forward_head
53.32,-0.3174415927023448,-0.14679449580623927,-0.04665828783615147,-0.011660893023926788,1.5521321830804737,0.010885925475750052,1.8854380795469197,1.1654207192550186,forward_head
53.34,-0.3051063698298626,-0.15144414473338497,-0.025994531245722735,0.007701547572214002,1.70658211359825,0.03857658557862194,1.8855474741671465,1.2374393685848808,forward_head
53.36,-0.35628208541233025,-0.10904981159205225,-0.013974774417831766,-0.0041123426547036695,1.6455501661223955,0.01307790991845414,1.844785747568843,1.1456392987781956,forward_head
53.38,-0.3234665828459999,-0.1509816738657761,-0.020102051266938006,0.009809252478692295,1.5680797661951997,0.0175322301453864,1.8722376470915978,1.1247537085149537,forward_head
53.4,-0.29142659744866817,-0.13867631870683528,-0.003955519535991737,0.009957296397124702,1.6288798238048916,0.040151213970241045,1.814630040894618,1.1430608620627236,forward_head
53.42,-0.2981393778858698,-0.11318260568819993,-0.006259710337316708,-0.001648598551099357,1.6606412737489498,0.025539283214655394,1.7759587997141066,1.1509192468349154,forward_head
53.44,-0.33354618304443007,-0.10312155179870314,-0.03864117795603721,-0.004167723520110733,1.6889547396729188,0.023466536015766766,1.8559993973755766,1.1216735564835818,forward_head
53.46,-0.3298865825087616,-0.1341142180439999,-0.03580192624837329,-0.02209660415798453,1.6543720405573705,0.03306018320418366,1.826581539441627,1.1750170960134143,forward_head
53.48,-0.26013139435494914,-0.12930143704975658,-0.03270110978477572,0.0005903898026802133,1.6229562488600553,0.03555104085948962,1.788030870638852,1.088337016358328,forward_head
53.5,-0.3119110705950529,-0.08662529769204665,-0.03506632517706689,0.00017995062363959072,1.5113612986651128,0.030091671131910577,1.8594663893279482,1.2096805067041088,forward_head
53.52,-0.2981004935562327,-0.10771180512306443,-0.004746174923570043,0.004302342337426084,1.514694719836993,0.033084864157519725,1.9570251759333812,1.0684222436625241,forward_head
53.54,-0.34100700958553026,-0.09714548288526065,-0.006465498415970377,-0.015288520102279686,1.5845167322130804,0.0317834254981195,1.809422705303489,1.1583954686530624,forward_head
53.56,-0.31300766488610987,-0.1439540260846382,-0.028279881531249055,0.00883081032605105,1.694296120983234,0.047354441172886334,1.9229818745085892,1.1700098164559198,forward_head
53.58,-0.31668478278907636,-0.14192607125221604,-0.018132138794233706,-0.038057254114183,1.6011452220100106,0.02019764989225664,1.9125409051971407,1.2245328099684982,forward_head
53.6,-0.2728480430227699,-0.1291517647247433,-0.03630129530984504,0.03366461726204637,1.6644531581900621,0.03093283356752873,1.9909858988477296,1.058365799828794,forward_head
53.62,-0.31783971541961736,-0.12667127799138322,-0.01941811554500537,-0.022655582861805423,1.6514837385252594,0.038796100197201956,1.7934748077540037,1.0190222624776843,forward_head
53.64,-0.3370160294138723,-0.1119165483805589,-0.004491153633773493,0.0013682749802575761,1.6014134468820822,0.036506712675874194,1.8292442832191882,1.180867584212925,forward_head
53.66,-0.32902469018688335,-0.11414747390488215,-0.033307062796977295,0.011050662298772005,1.517005226544187,0.025570318476977928,1.8711161421141314,1.0431616431077089,forward_head
53.68,-0.31892636367951366,-0.12066797554275306,-0.01663295378116108,-0.0021042548141227517,1.603572372270059,0.023256341294215853,1.8315454044963368,1.2028359561585198,forward_head
53.7,-0.264862321254603,-0.10728744755246691,-0.05122094873638478,0.016070023779927646,1.4911843606258004,0.03442753916669659,1.8330525884317947,1.1722473162910527,forward_head
53.72,-0.3312854849870466,-0.11248195256188304,-0.02502318533296879,-0.025989898544741086,1.5607941556611304,0.009789348731546766,1.8549353149869086,1.023079156749797,forward_head
53.74,-0.35083313417951734,-0.11453980056724028,-0.02504289172077259,0.016370965943440917,1.5470666275324327,0.025494386959492715,1.822439710678038,1.2017418282352232,forward_head
53.76,-0.31990318596553563,-0.06995247182141251,-0.02295620923703688,0.009903404419919753,1.4795203293691321,0.03399211034896416,1.858102144281395,1.1197645529333842,forward_head
53.78,-0.30781870706133374,-0.1095543492775156,-0.02335475076339524,-0.004560270204053929,1.550364738218096,0.023671929219604447,1.8597148629752216,1.1863841000172335,forward_head
53.8,-0.2922283599545986,-0.10442633336787198,-0.028905496867664228,0.017021618379417305,1.7364298446164563,0.028030192022652844,1.8964466908930102,1.1879382911870986,forward_head
53.82,-0.30650132123846435,-0.10544698152089813,-0.026193334274207503,0.007036818198927532,1.6609453950735444,0.033222487439895296,1.7254542202072172,1.1674042378542342,forward_head
53.84,-0.31188986500467347,-0.11494234712214017,-0.016377070972571545,-0.01584090849703712,1.5117355062184878,0.040232100157211265,1.7616751640240513,1.1563756861511592,forward_head
53.86,-0.3020773630668927,-0.1020745034717406,-0.03212880145658999,0.005138030880538984,1.5368275198463217,0.024752795833702143,1.760183219595415,1.2320499394440572,forward_head
53.88,-0.3086757427975036,-0.10791484875721709,-0.03386163180469042,-0.011108778599739046,1.6094542128129776,0.03647751698066969,1.8632368628632836,1.064867715731057,forward_head
53.9,-0.31005063309072356,-0.10074199559745498,-0.02608757559515692,0.0009695592331102241,1.5418736543441154,0.037451453636222154,1.774510885035373,1.1081814701230142,forward_head
53.92,-0.35965601147949344,-0.125237782789427,-0.02258871808772572,-0.016084677430701504,1.6240656852772966,0.02826884791833338,1.8842725519500785,1.178171874689029,forward_head
53.94,-0.3159409887306121,-0.12503258949169227,-0.019596922216509008,-0.005301301951622215,1.7101943436736011,0.032158400313298856,1.7982013045908363,1.0485051551927609,forward_head
53.96,-0.34813406131218244,-0.10930178691335937,-0.026683236364606077,0.00562563158646278,1.5856723379354973,0.024693477290307266,1.8662391600032189,1.1146335915730514,forward_head
53.98,-0.29621947787952413,-0.09731083262970895,-0.03442686494408562,-0.01000294825468183,1.7877235192886205,0.052310613753621144,1.7005717996795782,1.0721611958284931,forward_head
54.0,-0.32252754371246756,-0.09451668449334097,-0.008413010183275733,-0.019155871228393524,1.589464078837651,0.02072241361711176,1.7911435922257704,1.0667037934751933,forward_head
54.02,-0.29675787206125165,-0.12414058263001966,-0.02605346246678674,-0.002510628462627293,1.6057697293693691,0.03002784562000343,1.916755909174378,1.1726097998780824,forward_head
54.04,-0.3518572579765367,-0.10261719252445303,-0.045638390859159064,0.0022985050284042205,1.554752099198988,0.021963421211524836,1.9072213621462062,1.1248388227901196,forward_head
54.06,-0.32106693268796477,-0.13173403704758604,-0.03824993261498074,0.017512586911192434,1.600326839610648,0.03486018630895685,1.8866981370698057,1.1129488413247055,forward_head
54.08,-0.3372092687256003,-0.14391987301462122,-0.025780340787165266,0.00018492347892147749,1.6963035521764842,0.030230287922337232,1.8673889596938125,1.1813620679792578,forward_head
54.1,-0.3159506800868463,-0.13738420351865718,-0.023946892333456756,0.0037043142245548467,1.620133687061267,0.030191699932822346,1.8856428071033755,1.0884042700300411,forward_head
54.12,-0.32137115812132794,-0.11506790524098431,-0.02330566110736151,-0.0014693967358278893,1.6915135482274644,0.02532803400436812,1.8382463739159904,1.2516719147187065,forward_head
54.14,-0.30701589892226294,-0.09053575391422433,-0.023693072507224158,0.004838248190367267,1.511983170525816,0.03701631014490916,1.8572596810523145,1.1826758278495013,forward_head
54.16,-0.3027306822802615,-0.10297365633362926,-0.029611330700003356,0.013605748760160168,1.6110845323207452,0.038558096725150426,1.88564897398747,1.1763077924577046,forward_head
54.18,-0.34747123839098654,-0.11063243333950584,-0.017335807416773645,0.013840835680640049,1.5839095299231085,0.026711787789743136,1.8408705498669804,1.219373480011064,forward_head
54.2,-0.31692697593148356,-0.13164666070318035,-0.011197576055961769,-0.015262303894386068,1.6649635926927742,0.037682812411470056,1.8457893200454283,1.1252602700176206,forward_head
54.22,-0.2926539563549612,-0.11240410157869551,-0.018545447853904554,-0.004550962807333938,1.5779947854714098,0.02741858699718799,1.931305155534023,1.1792657532947495,forward_head
54.24,-0.36217846904854095,-0.11650736721743818,-0.027105343403313387,0.015130406184257275,1.5684593278963768,0.04686612735350829,1.8704229592940156,1.0987856817910557,forward_head
54.26,-0.2612816495853885,-0.10408572819835098,-0.0055924985047374285,-0.015998854231089685,1.5084957351089279,0.036037643280202564,1.7740202488311558,1.2222673373732795,forward_head
54.28,-0.29744368966852747,-0.15540403156268334,-0.0001241481625161016,-0.017342437008684018,1.5230706506884,0.027756263351417915,1.7666020596828167,1.1774767648482825,forward_head
54.3,-0.35003887124992866,-0.11922881245990782,-0.005693521483360754,0.01097593888398044,1.6330816187173607,0.030982718464689772,1.8833661325598046,1.0853422906202794,forward_head
54.32,-0.3402509588736637,-0.11867652330097213,-0.005287657032610656,-0.0014832132633275498,1.649656529105621,0.0320536672025258,1.8397912730651316,1.2154844225382855,forward_head
54.34,-0.296434727088829,-0.13786917349352162,-0.015523785359467026,0.020488915538463433,1.3927231421703707,0.024584333284434677,1.8944016310285188,1.2650889052160657,forward_head
54.36,-0.37071910728560853,-0.10729064151783045,-0.019452425379774825,0.01981519211108393,1.6836447550348053,0.016159235074846356,1.8426446157521301,1.3024188631419773,forward_head
54.38,-0.29187429329077286,-0.10494594258270365,-0.02818932345020565,-0.008603167507318094,1.5491458071599125,0.04786744843290112,1.7557708168925772,1.015298964530027,forward_head
54.4,-0.28618755405880186,-0.1384528352553596,-0.023744471277177187,-0.025311010331726967,1.6816184951753297,0.02861344994224523,1.8294176323324183,1.068682649687629,forward_head
54.42,-0.3083697601568214,-0.13170070232493186,-0.020740679424440873,-0.004286678781305579,1.73231117093,0.036445180658866455,1.7747664000105665,1.1818465826179279,forward_head
54.44,-0.33856093296524137,-0.12523837356913878,-0.008610937413114184,0.014964064823666997,1.5182939014822456,0.033395969407772515,1.784544529442626,1.1212770424536416,forward_head
54.46,-0.3351276899151443,-0.11761407893291911,-0.04269723877486266,0.0002981636666254417,1.6444530689836179,0.03787909609008539,1.8883006350434697,1.1677388413959366,forward_head
54.48,-0.30858299095364455,-0.1158028537126914,-0.028535643855169164,-0.00809115677286999,1.5496395358925037,0.04112070341812388,1.8222891275240025,1.1993028936971026,forward_head
54.5,-0.3034015062885938,-0.1579288256391583,-0.0313113000930116,-0.03374690481681827,1.488761466557094,0.02303542892941874,1.7917212823279585,1.1935817589560047,forward_head
54.52,-0.34262923774966414,-0.11659244644897224,-0.0166859076341489,0.0008178612229581135,1.6079986587895199,0.027087364016311392,1.862908330751023,1.095952585668557,forward_head
54.54,-0.3341960156111434,-0.10340774582869589,-0.013402672670072602,-0.02011645293409298,1.6548874457166087,0.0101306127328469,1.9044502595814856,1.1894859644937763,forward_head
54.56,-0.3125899999056539,-0.09105662804476324,-0.038998702051333406,0.018152697868705964,1.5682951742188875,0.041041575988826205,1.782961942221944,1.1093358652028362,forward_head
54.58,-0.334551656932934,-0.1452201181310035,-0.02049064968048934,0.007598128680204106,1.7351045653969581,0.02024706854772549,1.932913959145851,1.1535668756262785,forward_head
54.6,-0.3176161182810696,-0.09674631620682418,-0.03788671061845177,0.007229027836415918,1.5585615189058637,0.02101790964501824,1.9221632211901054,1.1092084758451695,forward_head
54.62,-0.35056468453310685,-0.14126448875859762,-0.019096955393647874,-0.014402114480010575,1.6735222373216065,0.0350025572523821,1.801537650308432,1.1210625286399374,forward_head
54.64,-0.2804726610165832,-0.13136439219699536,-0.03191520613331032,0.01469565527040004,1.6467786704627787,0.04447077588617969,1.8172404739546488,1.1839125806221886,forward_head
54.66,-0.35513076416751616,-0.13732583242375335,-0.013196222123848083,-0.007912545487943342,1.6914230281333933,0.033171902704429226,1.8558129685646176,1.2100085877135285,forward_head
54.68,-0.30449977124058497,-0.11609565978926502,-0.0494645569991569,-0.007116740747543935,1.5669313422383322,0.037135365340365066,1.8651461588800555,1.2065465758283835,forward_head
54.7,-0.3336814476072553,-0.10579573567042042,0.005963931488760824,-0.016009089505061268,1.514007843552019,0.028657273603134165,1.8808144412483092,1.0801253017776162,forward_head
54.72,-0.335721701950216,-0.1300524572591711,-0.0373953468083757,-0.015357739222839758,1.666532228100425,0.02477375764776542,1.7416825221888963,1.1664871987990315,forward_head
54.74,-0.30469173881544415,-0.0851072977229366,-0.03612762278847798,0.014193262144196772,1.6170025973495377,0.03633886166105557,1.7956193103901203,1.1174090311574987,forward_head
54.76,-0.34402648122795004,-0.11196085382508732,-0.027134443388715186,-0.014570926931006934,1.5943588517710265,0.041892381840651985,1.8318421196343757,1.1376763907474954,forward_head
54.78,-0.33398241544771445,-0.1283305425341338,-0.000934843647318026,-0.013841397077968312,1.6052395829611483,0.03574281552699262,1.8494206131915634,1.084929421135359,forward_head
54.8,-0.34649005930988314,-0.13677366542688307,-0.015695664689814016,-0.013807505399491592,1.521157114377611,0.03471250924753508,1.9168832109024359,1.135997987151084,forward_head
54.82,-0.3315151672320173,-0.10408981968652782,-0.0096007685561782,-0.008919988221235723,1.6618754863241556,0.037665014283080396,1.784734826628277,1.2521759764250824,forward_head
54.84,-0.3066268652818465,-0.13941157272751986,-0.02199585281979501,0.013643752958936477,1.6129012440614845,0.03212995850888624,1.9246991980344,1.1249284093318186,forward_head
54.86,-0.33789181628596254,-0.10882474491004328,-0.004584730434608782,-0.00974119164106448,1.6539437609429082,0.036451200541436385,1.837750297333036,1.12341745654484,forward_head
54.88,-0.2665214579226384,-0.08901534443861756,-0.03348793011824969,-0.01135941501017421,1.722742389443875,0.02368802514482199,1.9576670790755337,1.1353819652673445,forward_head
54.9,-0.2980850610448096,-0.11687289274171583,-0.03452721734547773,-0.0018329766352727264,1.4959142145965083,0.037025486049909635,1.8926473565421595,1.1510488277061965,forward_head
54.92,-0.2728915473518662,-0.12777054993988152,-0.01017877769409868,-0.009329526276179752,1.6354034773434365,0.04317547470413247,1.6981500243457501,1.1366824212187516,forward_head
54.94,-0.33647780784836484,-0.1416792542735638,-0.0030304034318894835,-0.009913204769242673,1.5083602140924681,0.010359925145586767,1.8449453602206694,1.0864440611398367,forward_head
54.96,-0.32302686743371156,-0.09561664367097217,-0.001252121560422023,-0.00020991541938697496,1.7364928143395884,0.03242882535407956,1.7982200114322087,1.252784413684649,forward_head
54.98,-0.3279537053518806,-0.091121435987225,-0.03327301901236119,0.02693363361043587,1.6149585879372377,0.02146658828385103,1.7911709182510867,1.2321355464088355,forward_head
55.0,-0.26929994165579213,-0.1334821305732852,-0.034668543956439785,-0.009133818108629467,1.4167916404307876,0.023665931727458754,1.8197377390903988,1.1592647044526652,forward_head
55.02,-0.31862578674344055,-0.10847448112813941,-0.03548633955742152,0.00645312880605843,1.53864207052287,0.04120505984296176,1.7759784495737223,1.1522393437732583,forward_head
55.04,-0.34328946153376766,-0.10735881962664079,-0.013384928449405458,-0.006732806524178158,1.5574959111668758,0.033376914290455105,1.8460516763900556,1.0747878304042495,forward_head
55.06,-0.339323215000713,-0.12025709686853409,-0.022896679594755567,-0.012990521707669442,1.7050478454643967,0.025487354422979145,1.8251781549117312,1.0377078948381862,forward_head
55.08,-0.30149127438561724,-0.10760345810890708,-0.029116907735586645,-0.0035006156139285273,1.670109611302913,0.030513573289461172,1.8916787159972674,1.2112656588475879,forward_head
55.1,-0.32190192198516104,-0.13572466633944597,-0.01721398867303398,-0.015517609996333538,1.559016630152737,0.03349235258167628,1.9151066654052686,1.1566476342321872,forward_head
55.12,-0.3506220598157835,-0.13724779431057244,-0.007266641141034835,-0.011577505997669175,1.6395769720169369,0.027284645339522337,1.9420542437163002,1.100392812389196,forward_head
55.14,-0.2830697860523772,-0.14564264055140114,-0.004236142016470101,0.017870797705904808,1.4624514073445967,0.03235380731834635,1.9300425923698075,1.2725297468863015,forward_head
55.16,-0.3085779513949538,-0.1088188708427698,-0.00960644259441383,-0.009881377156654336,1.7369173591879423,0.038114345563784305,1.7921545824241845,1.1848372014088047,forward_head
55.18,-0.3448067583666876,-0.16223088229394572,-0.030351212503645832,0.0027338353961040827,1.6102553881028205,0.01889247209868473,1.8810961417806238,1.1941804817329043,forward_head
55.2,-0.3118153319814694,-0.10634473649319642,-0.027589642253948984,-0.004178931800049461,1.687706982482119,0.022533832885494143,1.8908736410945057,1.2045013727896954,forward_head
55.22,-0.33223845489491166,-0.11426096306150135,0.011386613514585248,0.024893601828926172,1.51179435033436,0.0198316286265147,1.823863538284731,1.0996436322673633,forward_head
55.24,-0.3216129862359383,-0.1055924705839518,-0.0048359730448114735,0.007654430039079174,1.6329288749194681,0.022919817386044577,1.8355614267895726,1.1400678254947487,forward_head
55.26,-0.29725941957724866,-0.11309804909171858,-0.04298226239980423,-0.021512440878441338,1.7293125194293113,0.050404316050068246,1.8293043741666353,1.1451561518335547,forward_head
55.28,-0.30913135493087773,-0.08927902900098553,-0.04169828111418393,-0.01503965833073442,1.681738388785483,0.025668310198701288,1.9264313854492385,1.1615219478052206,forward_head
55.3,-0.2960273466103301,-0.13832348834334604,-0.012755331647575708,-0.018568124814212505,1.7096594242496874,0.023495650661800715,1.794809234945865,1.1413809686279954,forward_head
55.32,-0.32372293878274355,-0.14441339766860523,-0.018738002028733956,0.0050253987580520685,1.578427823041549,0.0216752966571008,1.8493154395185283,1.1668278229817348,forward_head
55.34,-0.3122923747598233,-0.10410308737746343,-0.03030112626212881,-0.015504941233676121,1.6220527095739081,0.03338367862367464,1.7046087295015906,1.1668818794333122,forward_head
55.36,-0.3372874043497733,-0.07443464215368485,-0.015876977667996825,0.020774298211954787,1.4993601518606605,0.04125712491228819,1.7701873209263572,1.1128571410861947,forward_head
55.38,-0.3193447055321295,-0.13276929344941077,-0.03267901213336225,-0.004097989278480079,1.63108914349109,0.021902753527454803,1.963731684029365,1.2673546173349404,forward_head
55.4,-0.30865704340618,-0.0729301580505687,-0.019656985500673924,0.025000659321690984,1.6158799582909527,0.03335406287950211,1.8323289818580786,1.1583110555763354,forward_head
55.42,-0.35190207438393495,-0.09826157368896073,-0.04077768098646076,0.009192954533413782,1.5604903051972365,0.02869423742142048,1.86267466554976,1.1540655130811444,forward_head
55.44,-0.30397640836436296,-0.10389426997458126,-0.03193810654115663,-0.0262252017934146,1.6021058374321908,0.02125728392808272,1.7444104257817006,1.1215213375656672,forward_head
55.46,-0.3115912850605586,-0.12064526568715538,-0.03290375712493721,0.005510794200277732,1.6698003448292755,0.032733908502945955,1.8492880835985384,1.1412966877942683,forward_head
55.48,-0.28877638048063836,-0.08136472450060568,0.0011539656131712352,-0.007133365912749551,1.6042704587120002,0.021473178876603726,1.8473541693061568,1.2142240136793119,forward_head
55.5,-0.31046460001802734,-0.13211088850452524,-0.03277393871803843,-0.02459001101044826,1.4315037070756194,0.0299869741324735,1.8516953878870632,1.131163697016356,forward_head
55.52,-0.3068333235890924,-0.1233455611347087,-0.024109358039879583,0.013009507268545804,1.6535766145816835,0.03665723087409461,1.8206859106871494,1.2294670245793904,forward_head
55.54,-0.33663076305573764,-0.1313090285617928,-0.02285190537694689,0.005885717163961834,1.642207252446601,0.04559944040236308,1.8758887055675255,1.1769905354866517,forward_head
55.56,-0.35538498290693227,-0.10385408408305952,-0.03710656261982975,-0.026633555133318665,1.6442444902948705,0.02771702681317152,1.8064884783647028,1.1057138430564037,forward_head
55.58,-0.29041157366478293,-0.11511644028821624,-0.02819013559255184,0.0012383553821169616,1.6311930884608994,0.030503937965860938,1.8427290253543938,1.2477167903788386,forward_head
55.6,-0.30103958123081115,-0.11280297185738196,-0.010050424208984228,0.031149236395317942,1.6460130051369388,0.040527785318295775,1.8636085997667635,1.0976110059805269,forward_head
55.62,-0.3133659987502214,-0.0991277836740766,-0.02695940104245754,-0.006644057131569422,1.6770408195578703,0.02158018785335813,1.820220310717609,1.2312963183218215,forward_head
55.64,-0.3267077453361508,-0.11191560532426667,-0.007218797757729352,0.02227076553187751,1.6767769478026242,0.027043369536805917,1.8953344554277585,1.1796464446432204,forward_head
55.66,-0.3314436902789125,-0.13700667823043383,-0.015610186487640773,0.002061259899397266,1.5927262228143493,0.03366659618926936,1.7957792241970623,1.1314252547809729,forward_head
55.68,-0.3183426152417526,-0.11627988423817802,-0.017878006693460482,0.03023158569556658,1.5513085018298194,0.028456408513461977,1.8566609178672966,1.1372306197942383,forward_head
55.7,-0.31676749427756085,-0.1119168876011738,-0.02306322536920462,-0.018366286974976446,1.6828800015899024,0.02883439187064206,1.9053648673109176,1.1391428537603443,forward_head
55.72,-0.3655824407102531,-0.131881134290362,-0.0021939799745427,-0.0068985719648400265,1.7154399966139202,0.03546342543381082,1.9709999218849048,1.0910287906006284,forward_head
55.74,-0.32989065532967754,-0.14701592655352808,-0.026482795893594695,-0.007768923949440292,1.6079123215182105,0.011303918787514067,1.8058309294679407,1.1749284586574833,forward_head
55.76,-0.32229170568860716,-0.07458103899928098,-0.03410146212480769,-0.020629449289996583,1.5882108365189964,0.006568231293698424,1.739039403877377,1.2131955892501405,forward_head
55.78,-0.32706679717268633,-0.10440607334980816,-0.004530046214024918,0.013922819968190652,1.5446120941790538,0.017926387531499728,1.796998242494326,1.2542639392753603,forward_head
55.8,-0.3337744468644199,-0.13087816181553705,-0.03228116994392523,-0.010599897886161629,1.5319004281357644,0.03489049953959065,1.8883846377928897,1.102389864079844,forward_head
55.82,-0.27726907383303123,-0.08922457421436426,-0.024122063523579488,-0.0065640939625152646,1.5272354276119522,0.04046117419274809,1.828105674387197,1.1785358629043623,forward_head
55.84,-0.35448995654357296,-0.13566787660056645,-0.0171541878811167,0.02578182185395318,1.5275626344214226,0.04091979659959743,1.7371604335331159,1.142278155237385,forward_head
55.86,-0.3213887083091655,-0.11287799720434302,-0.031822543780599316,-0.007620344993989957,1.5627904843899756,0.042217452386011295,1.8219394198338814,1.183314281835063,forward_head
55.88,-0.32268174816540046,-0.1299700473049516,-0.00924337120298214,-0.006153039445154759,1.490008889055202,0.01989737383360566,1.7264881886023538,1.106394659254563,forward_head
55.9,-0.3294478603334919,-0.09604887175785079,-0.029059930614309015,0.02176007532737024,1.671149376384072,0.04402031388677884,1.8347464909651459,1.1045661558678983,forward_head
55.92,-0.3216482447140292,-0.1079061772074135,-0.01629333589132903,0.013535024299221526,1.660862746615221,0.012739636596791587,1.8641757811663955,1.176288118332854,forward_head
55.94,-0.3348687168086198,-0.16702009266607368,-0.021035370138982455,-0.0025136026346246417,1.5736492801032156,0.04072113483664909,1.8857589509939208,1.1523064687572047,forward_head
55.96,-0.311690262798398,-0.089004535845008,-0.02698967711438755,-0.006478182972638148,1.6283743272686926,0.024267753588710254,1.7457613501064915,1.117324607777073,forward_head
55.98,-0.3072063565733739,-0.1269943289226729,-0.023204919713428987,0.018406732669391617,1.537125488214542,0.03229158628488728,1.846506882704231,1.238582829113845,forward_head
56.0,-0.31002787838115015,-0.08008700950263828,-0.0028755763773553713,0.00753421703326012,1.6920130332604706,0.034829477925855834,1.9241745539905724,1.207353898752577,forward_head
56.02,-0.3334539933827463,-0.12143042634988306,0.0029300198766367943,-0.035852923227964975,1.6852704105538372,0.03232186658234996,1.855868317721637,1.1974749992865965,forward_head
56.04,-0.3403963683413974,-0.09911177082991111,-0.022928945362372874,-0.008773531129536629,1.6519333183431895,0.032010356517296466,1.852602064321508,1.1576252253976933,forward_head
56.06,-0.36717611315002646,-0.10897022581642442,-0.01771375197224445,-0.03017528775216409,1.6777927133858923,0.03602198777988915,1.9213175143788377,1.245558008324147,forward_head
56.08,-0.34036656227995765,-0.07529921647422598,-0.0313670893069257,0.024689297092928757,1.6845236595982858,0.021331018651382455,1.7997959024656818,1.1991190130091862,forward_head
56.1,-0.3328038799298497,-0.13781903099832774,-0.0215994505725874,-0.004556863110952194,1.5914453290490287,0.016620361321744603,1.888706528966317,1.0912880861154668,forward_head
56.12,-0.340136891161177,-0.12637351452725387,-0.02144063157189976,-0.01516690075612649,1.6344025520940528,0.022021801382792344,1.8284548912157068,1.1423744944411225,forward_head
56.14,-0.33358474341695765,-0.13130416317911164,-0.022521621973943064,-0.003012104136405469,1.5992769972258005,0.021458387592651215,1.7884724842192818,1.149618221384148,forward_head
56.16,-0.3361321616493808,-0.11569842930485297,-0.006370720101218743,0.007927400405232302,1.610436347682152,0.019741129577874217,1.8034161400652633,1.2383638452976973,forward_head
56.18,-0.31849578018316616,-0.13818841828753467,-0.041417141877187015,0.007503634075329625,1.4892870858710505,0.0414838339640766,1.862928125818462,1.104675123911856,forward_head
56.2,-0.314326277719783,-0.12450528387514719,-0.006598055638419084,0.022348454913653767,1.4462724046722621,0.0290686755428611,1.934123335551701,1.2147468541482078,forward_head
56.22,-0.3250762849828579,-0.11198900531435546,-0.02867219560456444,-0.007327665481778819,1.6519576829337748,0.024432780897721072,1.8835681621131797,1.063808354006786,forward_head
56.24,-0.2878665738634398,-0.13271645429438217,-0.025605252891201694,0.00816873277773952,1.7579972873773482,0.03295396754227746,1.8984336832991913,1.1607894302570136,forward_head
56.26,-0.32353172384658446,-0.114652844196505,0.00443149991772296,0.004116701671686397,1.550923049113555,0.025600815447239175,1.7939758716606808,1.2019381759545413,forward_head
56.28,-0.3128615836266206,-0.12689813289747118,-0.010777567554101631,0.024078696525408016,1.5716662769852048,0.02295683752851309,1.8943023332050646,1.1348496797359442,forward_head
56.3,-0.29875725344264537,-0.12747621406850307,-0.029697894512905408,-0.006501663262736821,1.6175227686599891,0.03864809787833705,1.9580373663986659,1.1699655531667024,forward_head
56.32,-0.36415600988932956,-0.11121729253738226,-0.02937528564987153,0.029655121516469245,1.5700849871804163,0.04521174138084166,1.9050207202099303,1.1403552203075509,forward_head
56.34,-0.3153752898909108,-0.09394291971658963,-0.042544716238726916,-0.008881737793677654,1.671779726282165,0.047877984908428484,1.8507356630252634,1.1581025916529724,forward_head
56.36,-0.32348119836855216,-0.10852119226225547,-0.01565989316454781,0.014753129458174911,1.625715800157257,0.04131065672023967,1.9086138425243593,1.181736830179935,forward_head
56.38,-0.33228085412126873,-0.10871136785198042,-0.01858898801398185,-0.007404005072703099,1.563086881899059,0.028892523647166005,1.8723501810196046,1.120848546228544,forward_head
56.4,-0.341660269551648,-0.09801828108478276,-0.001041281531238185,0.007481591473497247,1.5781081522902853,0.03641742720458198,1.9173665183305066,1.1461857744127517,forward_head
56.42,-0.30913119661621524,-0.09914035498119214,-0.022773874112520624,-0.003667947862153266,1.5794712156416888,0.03505989366465005,1.831361937310869,1.1183094159066045,forward_head
56.44,-0.35597163766060175,-0.14035830772444802,-0.03964263580078394,-0.01855193735455838,1.540924724249025,0.024801034283357424,1.7696699663273974,1.163753391670665,forward_head
56.46,-0.3537517920476953,-0.10781796978710899,-0.03970497931882856,-0.018114851670792714,1.7251472547574918,0.03710947076471532,1.9058974099439623,1.1696230711937907,forward_head
56.48,-0.3182606050520022,-0.13174006052810952,-0.014882623871219197,0.010801402404733628,1.7311129142994792,0.027056973144347712,2.0069666859701023,1.2055400044537399,forward_head
56.5,-0.33162739446442135,-0.13792760475411447,-0.05033629840669757,-0.008235118134245196,1.7137992606462598,0.04518740771021843,1.90552791914565,1.1129215817070224,forward_head
56.52,-0.3588533807463456,-0.14226825323284037,-0.02816026010052017,-0.01528581858631345,1.6683103050716692,0.033874606434312726,1.9891994174109795,1.0698763456134623,forward_head
56.54,-0.2952827570371699,-0.11939714638194007,-0.03137852668242945,-0.002381694076628016,1.5693902332714564,0.046132313343633526,1.8259254896624393,1.1853815440550821,forward_head
56.56,-0.3198339384086819,-0.09996917846322492,-0.0329366164956412,0.027821868751795428,1.5266856774074515,0.00494950463137095,1.796324086117597,1.1187268709710834,forward_head
56.58,-0.33198726710318943,-0.06771345370192575,0.0015051328240299525,-0.016028136532973723,1.5654725550078858,0.029328799578832773,1.7240741015175147,1.1113685231404766,forward_head
56.6,-0.34378421344205096,-0.11215898605617197,0.007264105904793091,0.005255838956699212,1.6649740715767911,0.04867169397250193,1.8305630668133779,1.114792038313176,forward_head
56.62,-0.32002900154059394,-0.14226800183456784,-0.047830102076125154,-0.004244101023966157,1.672999526026734,0.025309490159446488,1.9380553333616208,1.0520090642537159,forward_head
56.64,-0.31740925001298687,-0.12070923734328845,-0.028539181780947928,-0.007201816941403649,1.6018560793739893,0.02129071138743763,1.8183709298039388,1.2783505896577123,forward_head
56.66,-0.31875673422746653,-0.16760504037888738,-0.02585637056464372,-0.02162260324175701,1.5443873664471792,0.02229894323109109,1.9148938037169263,1.2686822954146295,forward_head
56.68,-0.30069116525553735,-0.13553968188478013,-0.0016997063920005371,-0.008039224215772266,1.7287826759413596,0.04551432153378491,1.9878144071758541,1.1402468198940454,forward_head
56.7,-0.29803028316294766,-0.12187200368148497,-0.005520567661439758,0.012712839831890506,1.44030620348832,0.03681525072854756,1.734420063654517,1.1011089017815194,forward_head
56.72,-0.3327942576286321,-0.11070920954986462,-0.01628502153228174,-0.006537114386770058,1.620713112028556,0.02435990008884749,1.8320884966766882,1.0995974737829224,forward_head
56.74,-0.3132896696768111,-0.1440092299564148,-0.05342655901794427,-0.010173071515141394,1.64334099754696,0.04470495160598515,1.9028633343802388,1.006801133071545,forward_head
56.76,-0.31668680153350454,-0.11770203587412208,0.000433037932204926,-0.03283133543756838,1.6809220701195564,0.019328999638497334,1.825203280402332,1.1242704170558724,forward_head
56.78,-0.31060923234729176,-0.1312754898056453,-0.01019985623360002,-0.0023773801270100523,1.7785607238528245,0.03187747216314879,1.863371488779716,1.0806901403092546,forward_head
56.8,-0.34087706158469927,-0.1435616246440889,-0.031912823110464276,-0.015751437120426006,1.6635816509937105,0.02005907079848361,1.76433412515487,1.143165701651583,forward_head
56.82,-0.32703402671481097,-0.11817427423368837,-0.013727501872975589,-0.018726744523611904,1.4660644154653981,0.03076440227633827,1.8389349141776778,1.1874564440482553,forward_head
56.84,-0.3000237322746467,-0.16005747546089424,0.0002717114511464704,-0.008634415290849904,1.7100364249793445,0.02803648250349545,1.9250165231318142,1.1037629928034682,forward_head
56.86,-0.3525303516525106,-0.12996111435434624,-0.015230992894430133,0.0027181062023439815,1.5618113087378973,0.02233109029758342,1.8749914539184458,1.1073239777352715,forward_head
56.88,-0.2617102052137315,-0.1298304569744651,-0.021127800730954653,0.012395672052682377,1.5978040855447324,0.021557948820332337,1.6858331744669175,1.0967676209678918,forward_head
56.9,-0.2895568313056637,-0.10015079065111539,-0.030373387704761546,-0.026143471088530327,1.5786505110218667,0.022580105506034214,1.9134041705843627,1.1053369072020047,forward_head
56.92,-0.2692888056589189,-0.13135452030944084,-0.011467273739411844,0.011911072994254564,1.611795288454306,0.0304807470513045,1.8918030543470798,1.1853039570851,forward_head
56.94,-0.3032581619129662,-0.09613888428674208,-0.013726897449200014,-0.026630329369408668,1.5308878218099065,0.031296772122735295,1.928763121850361,1.0828569352018762,forward_head
56.96,-0.30134431340337403,-0.1172783102914971,-0.020695812615866723,-0.0012455881109750325,1.5023390667441956,0.027005584331538355,1.7585950271725543,1.2025411834389172,forward_head
56.98,-0.3369218101708537,-0.1371361645389062,-0.017959291846729446,0.012488700763712422,1.5161629847042442,0.0280583145068092,1.7917448842894725,1.1457519954885353,forward_head
57.0,-0.25618030860959545,-0.12199666316612472,-0.022895832505416523,-0.02384553458844969,1.6403005130397863,0.017421624903260977,1.7647572108553016,1.1204707208161202,forward_head
57.02,-0.3085155467086956,-0.10019866530695412,-0.017945870822188778,0.01079904026977126,1.57477164080611,0.028386934362773748,1.8573809061499613,1.0883499639227,forward_head
57.04,-0.31876321731449697,-0.12223532770696936,-0.023631184350996513,-0.027145853808137044,1.5164977173276186,0.018956870869320703,1.7644360374790016,1.1520607259787055,forward_head
57.06,-0.3178173689720238,-0.08819437929934497,-0.05240455904961041,0.0027292324661082356,1.727399708895599,0.05540648629625377,1.7799715892301848,1.0497731508137185,forward_head
57.08,-0.3168326593007033,-0.09069444295844373,-0.0031945630647665577,-0.014305705650219807,1.6027381682416943,0.029012523760255402,1.9312823902983627,1.178007348373026,forward_head
57.1,-0.3125213676597374,-0.1312014721360891,-0.03828369308766014,-0.0012561621885720342,1.6268519353458508,0.018767358566938015,1.9150581110599134,1.2089507914393487,forward_head
57.12,-0.30297346309929607,-0.08915435949134082,-0.006296837908769545,-0.0068435513916845344,1.5854124350119376,0.03078347050533692,1.8736798107018455,1.1590407824586357,forward_head
57.14,-0.2820380379137628,-0.10054099855690067,0.002992636309941388,0.010446009152139637,1.5037617709839557,0.0293939232756928,1.7907094053946357,1.064273446238415,forward_head
57.16,-0.29314597553551763,-0.08849095999682514,-0.0228056857976081,-0.011863542641571133,1.663704776493795,0.034814832069955934,1.883095621409742,1.1516241319223746,forward_head
57.18,-0.32759693519232735,-0.11452360596933812,-0.02694724546617853,-0.008810003881362098,1.7765648564569028,0.03664824548385498,1.935692512207218,1.1497509837268132,forward_head
57.2,-0.35355483548514804,-0.0874281120290609,0.003785032599444687,0.011611426203211811,1.5380198511652945,0.02761307638895689,1.8937847225327906,1.1399147117067872,forward_head
57.22,-0.3423065047943896,-0.15245711603023432,-0.05817550021091096,0.004048337839077579,1.653765886738661,0.033078919472351205,1.6940369400414468,1.2177748814613287,forward_head
57.24,-0.315826803958383,-0.14136158903460813,-0.019631361160874567,-0.015270894580703498,1.6503861937796283,0.020769650445606528,1.8341687480028095,1.1264929766370666,forward_head
57.26,-0.32854051232207004,-0.10397006437151789,-0.010390527813626408,-0.01674367742105832,1.5523838051448418,0.021024707243621724,1.7995788285100547,1.0882464628048887,forward_head
57.28,-0.3382968567383113,-0.10341007858509921,-0.03390757819281233,-0.01808142129099782,1.6422572378770977,0.04511672093494479,1.8087268725774042,1.1733758319343925,forward_head
57.3,-0.29988612446021584,-0.10692289748500813,-0.011900628498296218,-0.0095579199449133,1.5749676207868764,0.02400730517863547,1.8277190504552914,1.2635848318917597,forward_head
57.32,-0.28189565034264585,-0.12912153495799472,-0.04109444670543642,-0.009288275140715169,1.5442859021389344,0.041308606674286305,1.8042931588647477,1.0312042313494092,forward_head
57.34,-0.3292403639779655,-0.11634092254025608,-0.017978629920800772,0.008892806428704757,1.6015779754824129,0.030386178929928273,1.861680870873131,1.170377100949337,forward_head
57.36,-0.34374453874841915,-0.10753009212338258,-0.03524827177391098,-0.021781095314445338,1.5517484944441395,0.025531217209594066,1.9095869123802929,1.1048380163727984,forward_head
57.38,-0.32108216057581196,-0.15012582245382228,-0.026431901843317143,-0.00926717403143295,1.5957144920192274,0.01142247755118573,1.7701844199240102,1.0954611327228971,forward_head
57.4,-0.32155622895309516,-0.10793284073891067,-0.010154941724608365,0.004849558165347761,1.7459604383485015,0.013977416904618345,1.8667941819069742,1.191359706071084,forward_head
57.42,-0.33379260863585936,-0.11725331469678685,-0.03956611864386717,-0.0043874551531042595,1.6653171654250356,0.026281652129351595,1.8715987775974605,1.1338300109718782,forward_head
57.44,-0.2620906387005805,-0.10842475644946674,-0.012525040415627858,-0.003866379115751525,1.5918660522696664,0.028769561084907004,1.8309791418446772,1.1210729331709786,forward_head
57.46,-0.28952969662406963,-0.13188448188137616,0.0035248622384352014,0.0293458541029153,1.5942887105374492,0.03879884848647702,1.8098513402017375,1.124085559608397,forward_head
57.48,-0.3336820329091259,-0.10990638568155497,-0.0074990303267707965,-0.0044834154104110395,1.574087145351282,0.028763717114315416,1.917114125495915,1.0474626295703309,forward_head
57.5,-0.33530854636480223,-0.08192532562980136,-0.03446812713299827,0.0019561937836058197,1.7160835273257407,0.024801606804709324,1.8337941000945774,1.2348535999913006,forward_head
57.52,-0.31185795494781793,-0.09947277459452104,0.003074928220774619,0.008472467350778846,1.5760515500662993,0.0398141827328873,1.8002747658000862,1.0952960010351078,forward_head
57.54,-0.33938580504903193,-0.1273536989478442,-0.010956715856733235,-0.00860244741221529,1.6263390333213767,0.05053331442366061,1.7679558762027192,1.1841088871240477,forward_head
57.56,-0.3325906109227645,-0.11556099099781329,-0.006744399362039629,0.0011638541087338374,1.5202966903563409,0.0267240875502898,1.9054546789718798,1.22642798125609,forward_head
57.58,-0.3312553736728271,-0.11557884687569174,-0.023827036485312342,0.003367833499156735,1.494364401675516,0.027854622461588204,1.9650460443326354,1.2673823850335368,forward_head
57.6,-0.3087475778322691,-0.12322289298319859,-0.025701478005619362,0.018526866276202907,1.5747261876637384,0.03764598238715952,1.748571344398574,1.0898903714703008,forward_head
57.62,-0.3225399126970028,-0.10118868687060449,-0.03711321010022956,0.00036804567672044704,1.6494455912579091,0.03451236025643759,1.8564618739639496,1.1271961824249856,forward_head
57.64,-0.3071049974647335,-0.13289700867025903,-0.022098102811277703,0.002768999335575121,1.593228332933558,0.02891502848207948,1.8940234389349175,1.1199193044105449,forward_head
57.66,-0.3444562782636716,-0.06917129360950544,0.0069527022143758745,0.011288426929804493,1.60173682574462,0.04015718863232508,1.8106150117504007,1.189499037182228,forward_head
57.68,-0.3178723807087409,-0.09758851540134136,-0.024695499821168202,0.001180818200110397,1.5771988946393196,0.027395324845914778,1.8778765509747068,1.0984239901913535,forward_head
57.7,-0.2964675874458382,-0.10114121795271373,-0.021063974294115922,0.01636302701882724,1.704377209371506,0.014970154673805181,1.8804817363875774,1.1469232687722355,forward_head
57.72,-0.29790390512915005,-0.15173408197405616,-0.010442835574145925,0.0009877765927874614,1.6587865382188125,0.04130936760792547,1.7552848415763689,1.235064651260953,forward_head
57.74,-0.36044691970290293,-0.08875192314759324,-0.03005518193155734,-0.010013550756770696,1.6298604104387426,0.033414045910952234,1.8547821293470574,1.0958886839770765,forward_head
57.76,-0.3315305474036125,-0.09435037344744508,-0.03471078959965701,-0.0026846012375780115,1.378328648833909,0.04089758100286086,1.902758540480879,1.0862436993978655,forward_head
57.78,-0.3265986286384605,-0.08763289744676851,-0.01356720576053842,0.007086202367829421,1.729982752406455,0.017089391694307933,1.8370914854285905,1.2054740660698489,forward_head
57.8,-0.30095436130305675,-0.12172005309329686,-0.009184129946599924,0.010392678038634915,1.5365683848650447,0.0263715098717221,1.7846062001228968,1.2743905865529555,forward_head
57.82,-0.3443464456822852,-0.10213805850253149,-0.012004624974970284,-0.00015823676424939879,1.6927082598151286,0.03673357915083342,1.887569548842698,1.1545607293967912,forward_head
57.84,-0.298268550941582,-0.1260004826482583,0.010348535246786488,-0.011108292498008309,1.5089726156732135,0.009161950568105091,1.7721743269518035,1.1940077169650474,forward_head
57.86,-0.32808366620118323,-0.11606814565957309,-0.013813057070078684,0.015098108242248972,1.609321688008437,0.026066989960698228,1.8234540864726525,1.1082492071272063,forward_head
57.88,-0.35804321384751203,-0.13287627204724758,-0.00981542138409662,-0.0005759924873843209,1.542600029996507,0.034343803931925286,1.8220261222703933,1.076353790645145,forward_head
57.9,-0.3168342240652148,-0.10535832034625274,-0.004614520025910204,-0.0007298962327831759,1.5828221329886525,0.03205356105949332,1.8780636676390778,1.108193372027363,forward_head
57.92,-0.29512951774364615,-0.12031391711613017,-0.01512273884651044,-0.005200452298769381,1.6575097033148583,0.04168881024666206,1.8739849858447426,1.221964464442278,forward_head
57.94,-0.2887453965459495,-0.1112334716621106,0.0004890809732286589,-0.01213564253847835,1.6983237220864253,0.028627791327211362,1.961885435896105,1.0858288338634796,forward_head
57.96,-0.2818184120616074,-0.11177966983994667,-0.03478733815403361,-0.0045347798584219326,1.6655625140612655,0.012810696386171537,1.8016050225981353,1.2036681359926187,forward_head
57.98,-0.31423310353712375,-0.12493077873756572,0.005430054810216975,0.0015456589321531117,1.539662877419265,0.027509639106081334,1.7410444596679806,1.0875509969085775,forward_head
58.0,-0.3165914162361101,-0.10238134341480862,-0.028778571009856736,-0.008628002939869104,1.651320667780786,0.02624230744321978,1.8279611311098274,1.1775999477126824,forward_head
58.02,-0.32605940195991606,-0.1296538957684301,-0.014812775198250205,-0.005155406566040752,1.5053995956014716,0.02431775558256918,1.9230697115363424,1.2143713557380174,forward_head
58.04,-0.3172262320197738,-0.14146340445925246,-0.03450007545419537,0.003931850547683305,1.5633123036459071,0.035779088654395406,1.836618050774728,1.1600034526411818,forward_head
58.06,-0.3480522144125005,-0.09342861408685305,-0.023283109869542032,-0.0025232270913850448,1.5866309161090546,0.03308161351572482,1.8198343323853339,1.1483233518560656,forward_head
58.08,-0.31479438205314814,-0.1296458033827805,-0.01579511962461113,-0.0053413836697260115,1.4990374904185728,0.02046133397940268,1.7900593813795893,1.1092855330221099,forward_head
58.1,-0.3072209751914971,-0.13143958947016832,-0.03830541278543458,0.01730756685497702,1.652590595794443,0.03513717298231894,1.8292410662621978,1.1941463028285504,forward_head
58.12,-0.3443905459324887,-0.13597898468617026,-0.019062875433850147,-0.0017796163859770786,1.379605684905527,0.0189284081659023,1.8176810565934673,1.157580965496635,forward_head
58.14,-0.321622559478008,-0.0965657589519375,-0.020530271542780296,-0.01930764148048018,1.6618500512241212,0.035395190915644706,1.815579263777574,1.1880951793471148,forward_head
58.16,-0.273388282850784,-0.11307737336719044,-0.015760224547444208,-0.009449548007509375,1.7519466371322978,0.014946234626832849,1.8670329548222895,1.045031364345654,forward_head
58.18,-0.3183674537290298,-0.11929885434295874,-0.014334429196686989,-0.0049357440771748105,1.535599154857607,0.04192721770996302,1.8420501100563713,1.169854031970115,forward_head
58.2,-0.3066655710296551,-0.10805170868494368,-0.02358364068446621,0.011409941134755545,1.576092959252193,0.04488294298421223,1.8809363011000038,1.176756126019743,forward_head
58.22,-0.3606772584145044,-0.12934271356515753,-0.032405393119687015,0.013151069473701269,1.7516958909244273,0.010982189594321566,1.9638522923725565,1.140253707669003,forward_head
58.24,-0.35457534303418015,-0.15400843202635917,-0.012889510401377582,0.015150870560723062,1.561761191374408,0.02807777874858473,1.8894682561930551,1.2229241764814618,forward_head
58.26,-0.31437417287562747,-0.11122431374950105,-0.018402544877369267,-0.012721147880512158,1.6530465789187514,0.026119534292501006,1.8526761103734464,1.1263688978790962,forward_head
58.28,-0.29574745464473184,-0.1082072377424465,-0.015169077443642693,-0.028925922092640492,1.5067591148145445,0.01763764516434527,1.8278283150000751,1.1232576326192496,forward_head
58.3,-0.29697873445984474,-0.11346248035724318,-0.028452641918844442,-0.016309836254378998,1.4625153820652694,0.03784190192281885,1.964301219172369,1.1427509926206032,forward_head
58.32,-0.3310780431551608,-0.12457260128565151,-0.020937229565684386,-0.008246419763806485,1.5521592106679574,0.04094614326223339,1.8160845553931502,1.209959204716234,forward_head
58.34,-0.3155212250370782,-0.15059155913946481,-0.002029361491068891,-0.0014991374236158414,1.5953883825904476,0.030757432177882682,1.8638926408412495,1.2662326095660696,forward_head
58.36,-0.2779298713257112,-0.11885982793379415,-0.02509144045595428,-0.009125199870856126,1.4021333595901329,0.03623984577905535,1.8434092353043092,1.1289206699410241,forward_head
58.38,-0.33856356408848715,-0.15277980156014143,-0.018977841831217278,-0.004727639555060456,1.6049333153715404,0.024819954259270593,1.8358282892052136,1.2726349683917704,forward_head
58.4,-0.3215416566183849,-0.12869687800108845,-0.03446815955427669,-0.007200588465519889,1.552289491809778,0.029410982392284776,1.7791409178144508,1.16852074141468,forward_head
58.42,-0.28795137315915087,-0.12227198037651855,-0.010117662587110474,-0.0004982309315577864,1.592704551752263,0.05816412856372866,1.922810658597725,1.1695351899749717,forward_head
58.44,-0.3050584655376658,-0.09864544044927655,-0.0323987658207273,-0.02405545142370391,1.695337175110615,0.0298949625628747,1.7822143500755718,1.10947046224187,forward_head
58.46,-0.3068348628126274,-0.1253673901179695,-0.015416632306716723,-0.013623607504904902,1.65722259952165,0.03996113118149233,1.8772025707532374,1.1984823934259554,forward_head
58.48,-0.31360740407017973,-0.10315152500707649,-0.024062190304170065,0.028721605954361747,1.6287272672479076,0.022673189974858413,1.8714991612666025,1.054149104487401,forward_head
58.5,-0.3548767128720672,-0.13103202487781643,-0.011579895853964762,-0.005663263550028742,1.842649694273604,0.01439814410110459,1.759979306409316,1.1787202598523674,forward_head
58.52,-0.3142927501366267,-0.10320802606342748,-0.013649226673322357,-0.0025613325325906026,1.7541742398981175,0.04235665355465401,1.8677360866942518,1.1860088278760206,forward_head
58.54,-0.3911723756635913,-0.11679627331120501,-0.038275791804189795,0.02499943355432937,1.6140788533567527,0.015545798103794993,1.8788405365029273,1.2064874592344492,forward_head
58.56,-0.29849392867459,-0.11950776664592626,-0.03728742108426045,0.028738599155417224,1.6729662987309408,0.018205070758470776,1.844431283147621,1.105677572548036,forward_head
58.58,-0.2688052408397846,-0.10194572244639519,-0.0333616209715072,0.004183647583347672,1.572680830073234,0.025180206223349377,1.886841409563653,1.1396844249290738,forward_head
58.6,-0.3560250509219549,-0.10459845071277286,-0.03528725462683862,0.004361740481539817,1.6667838303063454,0.024598254294256536,1.8657421100333336,1.1410389032368364,forward_head
58.62,-0.3291682201328333,-0.1130249496540458,-0.03224480802014667,-0.006747194237805367,1.6036811407031255,0.029270390575539252,1.808792644300522,1.154345239409581,forward_head
58.64,-0.310270382167314,-0.15009293698399848,-0.018009911180126,0.010866798433666893,1.45872170148858,0.050907527065037754,1.8737623067978897,1.3276367710758858,forward_head
58.66,-0.3095397642391338,-0.12816620501032758,-0.030970279001811554,-0.017024487163468043,1.7097739067489162,0.03130630889147433,1.8349478202248306,1.1399048662914177,forward_head
58.68,-0.33043012409424966,-0.15489971901326308,-0.0191334865920714,-0.012676898269038579,1.5964819165062607,0.04099526135205176,1.791314217572223,1.1446444835218612,forward_head
58.7,-0.3376549356021329,-0.10258716384882466,-0.00702167642267242,-0.017014756486356957,1.6327900693515727,0.04391805272616805,1.8700456677077728,1.027844005019753,forward_head
58.72,-0.29402681576738277,-0.11067734041191438,-0.02680689912935162,-0.0012230285461361167,1.4394774573536668,0.03258103182417767,1.9052080128235804,1.1844253336478177,forward_head
58.74,-0.2755475643443338,-0.10648940042905906,-0.034648832084783504,-0.005220232496507461,1.554968586072901,0.01107827805834782,1.8341378077913633,1.1296703884115906,forward_head
58.76,-0.2800037343301657,-0.10825954633683534,-0.026838083664184404,-0.014656454774423186,1.6731432315645354,0.026892913550751282,1.8021402994382534,1.139555560117303,forward_head
58.78,-0.30598743931603345,-0.1084456274439854,-0.013269405256451532,0.015072698723982658,1.5700034082042802,0.045700904877248746,1.8145995995975377,1.2507193416807418,forward_head
58.8,-0.34461720185862593,-0.10541983781912159,-0.047760341544092866,-0.023931981730158067,1.5562163493158871,0.025006343822684608,1.8070606269660594,1.0652251605166578,forward_head
58.82,-0.2989733487577133,-0.10921971276929197,-0.014167072078411683,0.016127573126064734,1.5948229477778584,0.023867574449440005,1.8488159938410895,1.121721600941587,forward_head
58.84,-0.34747445722004283,-0.11743386524209982,-0.007721452690711292,0.001065166150575475,1.5607376490856057,0.02511561111521495,1.7602833848812116,0.9962475129641746,forward_head
58.86,-0.3141801874448014,-0.06571508645411762,-0.022733546217382355,-0.000104742986297052,1.6075308720157744,0.034017569279359235,1.8057726649330115,1.2065859124682627,forward_head
58.88,-0.31501792210206697,-0.1394250391584118,-0.01616789950321499,-0.00775299765333929,1.606361618658946,0.03217800846055768,1.9394778913168509,1.1204725562276943,forward_head
58.9,-0.30806070308308087,-0.11223888022493865,0.00214550922313344,0.02690777564988056,1.532845536092007,0.014074908876903148,1.8012012956874823,1.144109322358291,forward_head
58.92,-0.3256766812462932,-0.11053031396831398,-0.002324905235234086,-0.022260684509774573,1.5725355804097818,0.018715925682587557,1.8961656194144692,1.1160971504735133,forward_head
58.94,-0.3231329812299039,-0.10748651568482348,-0.02943033213653685,0.008200734968961156,1.6519783572010551,0.044212839131565596,1.870267299986547,1.1138185355082384,forward_head
58.96,-0.34422739944383685,-0.07856255698240275,-0.04852887219193196,-0.004745977759722254,1.6076270631987197,0.028747626901509643,1.7853897188565047,1.1085178518169376,forward_head
58.98,-0.32744601609890217,-0.1379792139184146,-0.030335264602168812,0.0010318011659776196,1.5395968331286942,0.032399958645042,1.8600739810557958,1.231221388185806,forward_head
59.0,-0.3088397940525467,-0.10639214034865639,-0.027577932718639245,0.003798341565932126,1.45478735191246,0.05412970811006976,1.7950329946475043,1.2273436448630572,forward_head
59.02,-0.3301715552734127,-0.10791040830832994,-0.008138833836476648,0.0005622305902453594,1.6787477463745069,0.02946438345701751,1.8977046609522599,1.1014477221214323,forward_head
59.04,-0.339594716559517,-0.12583712115570242,-0.014314821681532324,-0.009522083143398174,1.6507603220192182,0.03290859493597981,1.8418158588084497,1.0989912685466814,forward_head
59.06,-0.3201678029446497,-0.11599546924002224,-0.02469820446262514,-0.016852631733188447,1.6578385672413365,0.04494808673503514,1.7801123371329186,1.1256646981908487,forward_head
59.08,-0.2931168700317159,-0.14455777449026627,-0.04063990869524668,0.002380687915563571,1.647965537892606,0.013713878531772788,1.9107483500440352,1.142117976322238,forward_head
59.1,-0.3065744641626101,-0.09152164390122042,-0.021336373841201905,0.007858391081622564,1.5626625434201817,0.04118530680375665,1.8267532561031896,1.148424045842493,forward_head
59.12,-0.31940442962584403,-0.11731758078587401,-0.028101310218560327,-0.004030028716059323,1.7845981090019072,0.01967133380038378,1.8799738146096563,1.213478438643937,forward_head
59.14,-0.3049502269648267,-0.09986884929496333,-0.038315799234502144,0.01135365101979253,1.6955934787137859,0.02428948966440958,1.923262692884047,1.1036681759796485,forward_head
59.16,-0.2744178268649617,-0.11477168352747698,-0.016722513109484877,0.018060036446055288,1.5694785789339167,0.02465678603932335,1.7905039697819414,1.146556727970462,forward_head
59.18,-0.31354747256341003,-0.12074803786708503,-0.028460434888407177,0.011694868588907536,1.6268579819181028,0.02371833823327903,1.9367769885709112,1.1921388577345657,forward_head
59.2,-0.3366736419921522,-0.10105161863342706,-0.017639743239726516,-0.0039063258296410325,1.5891174069271952,0.02568029866413964,1.7728443431597252,1.1920285188673538,forward_head
59.22,-0.28906095290184125,-0.13937473362749844,-0.007482175046892655,0.010288763927889745,1.59074496498447,0.0368219114592931,1.7681095418067072,1.095932209864843,forward_head
59.24,-0.35127491016745355,-0.09208625573618001,-0.03682479540360794,-0.0018285151259814566,1.6908225903361032,0.02418022926681814,1.9052950887669524,1.1605635853748368,forward_head
59.26,-0.3425025868629595,-0.1527868134812949,-0.012834976052142101,0.02081152613978702,1.3923589621515717,0.02563506439716874,1.770240185892464,1.1083190062290578,forward_head
59.28,-0.32446219283578,-0.1268486931732741,-0.009135809721055724,0.019542332114165013,1.6207764066621968,0.055174741181078533,1.9516644485327592,1.1704757900489615,forward_head
59.3,-0.3129551314595074,-0.11049078735002832,-0.01114739900607061,-0.0009718867547171199,1.6562628901842023,0.03854348444102932,1.7765418498418883,1.0528775909709056,forward_head
59.32,-0.36047650398156766,-0.11921307467384966,-0.010853623486462153,-0.00369549536167576,1.5582446639148304,0.02919347064574417,1.8327753228713128,1.1412120381889823,forward_head
59.34,-0.340927383525752,-0.11286204275383942,-0.017867242905709922,0.007316013352167374,1.5307830703526484,0.02568614822787513,1.772363470160832,1.152199869255391,forward_head
59.36,-0.3058103850086789,-0.14000010106294794,-0.021688817124845428,-0.00842367472435502,1.6514098554803545,0.013455273641133069,1.8641055756727534,1.0476205465885609,forward_head
59.38,-0.3027510327671777,-0.10894742782598525,-0.013577601980643283,-0.018112045786192126,1.6039261800090907,0.05826569555130081,1.8976299960817953,1.0049057605655547,forward_head
59.4,-0.3297489309557183,-0.11139779309791244,-0.02647623990006156,0.010794921071348901,1.608815148339147,0.01392204515202919,1.8858452434625743,1.2019565110030261,forward_head
59.42,-0.30855911571059,-0.14018030756060598,-0.019434242652222485,-0.015740367533647423,1.5857941529578667,0.03686303033491946,1.768811319189052,1.1511188672060761,forward_head
59.44,-0.32910504809013147,-0.15307967139754267,-0.049921974184311414,-0.0043372931091320505,1.476854391985001,0.02906421849672272,1.7296646953706443,1.2279538446002995,forward_head
59.46,-0.340744246530037,-0.09759536915745261,-0.038141200601852214,0.018206698993447554,1.4873692661704343,0.040709056623150816,1.8253099030784168,1.0204046849976558,forward_head
59.48,-0.35700414804339464,-0.09851464817688423,-0.0362848644434525,-0.010034345108126052,1.5937827864294762,0.04695735896542839,1.9379559489287013,1.1226750693786387,forward_head
59.5,-0.2965614708517781,-0.11955412689862273,-0.00904413516207312,-0.005143585628747835,1.6779535665879313,0.0394934226121978,1.9831460084018577,1.05473824883202,forward_head
59.52,-0.3224880445414477,-0.14230801564424053,-0.03691706840210155,0.005521631657468333,1.4550378729466795,0.012826276511384729,1.8981358066776994,1.214752679618972,forward_head
59.54,-0.2918979835440816,-0.11545497985972297,-0.007714844500305054,0.016181083063911295,1.6156905865599942,0.03562311235654934,1.9472037407753788,1.0611008836321192,forward_head
59.56,-0.3018427497371282,-0.10504036098249979,0.005267391932507449,0.008027365391701137,1.6001408925908114,0.01816049303352377,1.8542480233957934,1.1631105114953624,forward_head
59.58,-0.34277955563957735,-0.13093055953340385,-0.017323681480922223,0.01172516734747784,1.595826239867228,0.029799912146138332,1.928192514824664,1.2675125911753102,forward_head
59.6,-0.3348326576344456,-0.1446629870708207,-0.010190374023804313,-0.0008744624970501553,1.4855723209553782,0.023251246712138466,1.867862834332078,1.1153998030426782,forward_head
59.62,-0.3038153241768413,-0.09709983050413622,-0.029864155286478188,-0.010306036009678998,1.5846496917574413,0.02732356778423904,1.8088389554177324,1.1494687902020921,forward_head
59.64,-0.2844181484107188,-0.11039134558267115,0.00584564092580323,-0.013141766712155913,1.5059424200962535,0.02747782961291067,1.7865459578167464,1.1584933293127173,forward_head
59.66,-0.36020007208818333,-0.11538857236618062,-0.02976173138379814,0.0017261037606218369,1.651133092495252,0.03635228349209359,1.7350394151656479,1.182405113605899,forward_head
59.68,-0.310366932056064,-0.10893208470323507,-0.03415758778043354,-0.0014959226887532912,1.4744116835648493,0.017238976068276284,1.8914608495592078,1.082523279062027,forward_head
59.7,-0.34897166790176604,-0.08254682652038121,-0.02781722769809577,0.024395662635023324,1.502117354742396,0.018542395731638787,1.8759673614341297,1.10944644347148,forward_head
59.72,-0.344919065641252,-0.12193605634981627,-0.00848354336160019,0.0008984699984301353,1.5285444129979817,0.02828598020388977,1.8561540342452785,1.1496478614971635,forward_head
59.74,-0.3303511020933237,-0.11723851823018216,-0.022560312647289284,-0.013016827408706294,1.7022367227475605,0.019603978036675306,1.9399323966730884,1.0494175627486404,forward_head
59.76,-0.28738240482629457,-0.09200231098057832,-0.006895925466262823,-0.005610591030236017,1.5360639571376145,0.024209886362862,1.7719618105519375,1.0706988218221472,forward_head
59.78,-0.32628490127397125,-0.10761436097745984,-0.016596216970129994,-0.014349445449213983,1.5344499944131154,0.02115453235069571,1.9342196826246254,1.1666506569005837,forward_head
59.8,-0.3606974358558127,-0.12843780463918106,-0.028304457639986378,-0.011006552613967994,1.6311685238072555,0.02302959799774538,1.9297000502857697,1.309454843104208,forward_head
59.82,-0.3416606076418078,-0.10471737874291309,-0.02837767832278053,-0.0015477524566153988,1.6614797910378651,0.026200632175221058,1.8870066434899473,1.1707999093506718,forward_head
59.84,-0.3515772543376843,-0.11597497305163626,-0.025214271009874566,0.0014412464373623896,1.5651893446249114,0.04590744515019524,1.836704259126847,1.2432874731997516,forward_head
59.86,-0.32904248986473333,-0.12854798453114516,-0.01913155311584215,-0.0002762645759493022,1.5500090874807744,0.035737254983143424,1.7956863070109745,1.15341674873355,forward_head
59.88,-0.30316209012244033,-0.1463276542541463,-0.028925269357396245,0.006693989487498997,1.5356313421048626,0.02049949200115945,1.8595568873407562,1.101597070555611,forward_head
59.9,-0.3095000030419201,-0.10067099363206294,-0.01284585156139814,-0.0037605893040323613,1.5703073421924336,0.0314274965735666,1.8672387399074737,1.0784148242747655,forward_head
59.92,-0.32675570873354665,-0.1347725112143903,-0.020769331967168674,-0.0003694244267467184,1.5918561955081478,0.039184234396142686,1.8803890754354677,1.1935735490290942,forward_head
59.94,-0.32304841908438425,-0.1397757122483989,-0.02592261074431502,-0.008810048509222642,1.6047784663107494,0.027261006962441846,1.8490774289657712,1.2533096247331708,forward_head
59.96,-0.32596887412740505,-0.1219088045033682,-0.011948398457081328,0.0009572228101354664,1.8011064287734648,0.04377466484172975,1.9237931126918033,1.2095529022130587,forward_head
59.98,-0.30649021968542933,-0.11291254512735524,-0.0007013346334528962,0.016088396428743965,1.6183708708388707,0.040011910015148325,1.7693419120982932,1.1509521735469805,forward_head
