timestamp,delta_c,delta_th,delta_l,delta_tlj,fwd_head_ratio,shoulder_tilt,torso_lean,ear_sh_ratio,label
0.0,-0.3057844156508092,-0.14176600274588214,-0.014633619280375371,0.009819188717848523,1.612954502187158,0.024185923905732487,1.8756760838330255,1.0686746043785984,forward_head
0.02,-0.34225425931357606,-0.11036104287652009,-0.029695347038005308,0.012264477954551942,1.4735586534063407,0.03028263909845951,1.8205710563193631,1.1858979855331613,forward_head
0.04,-0.3294059421395583,-0.1528728513562071,-0.01851843608850864,0.006734589158075902,1.5449910484074416,0.05736351681074459,1.7233661272401688,0.9788153133362753,forward_head
0.06,-0.31311439972703253,-0.10423293179993062,-0.0035348274667947647,0.004987080413220404,1.749607894948926,0.0467424386778771,1.914251012484102,1.1339356189846368,forward_head
0.08,-0.28617669486598557,-0.14752205990177455,-0.0011061226780827342,-0.010252927476016008,1.5739170124743578,0.031059974058451026,1.83243055381487,1.2118403834772427,forward_head
0.1,-0.37106264499549213,-0.12752563091883667,-0.03234014041606414,-0.008296261081205888,1.6049146854650687,0.03299396699415357,1.7579583280972428,1.1406161078140922,forward_head
0.12,-0.28986563411409294,-0.10618601758534772,-0.03046567556673717,-0.015503938607848588,1.5554485964519187,0.030742700486153258,1.907240968326562,1.125685099385956,forward_head
0.14,-0.28093291642710544,-0.1354730378926483,-0.013382501808191592,-0.000768139085288443,1.63043158939492,0.0228345607796752,1.8509938937891537,1.0610879271498406,forward_head
0.16,-0.38453970557809797,-0.13033210504438653,-0.028924640181270583,0.021343416926634457,1.4974176362188325,0.023867591222597347,1.815957357543402,1.2100666758224996,forward_head
0.18,-0.3000077589482428,-0.10207368162495155,-0.011866869219176568,-0.003918550814951439,1.5166339096815948,0.03859845432770464,2.0389342845683407,1.0563439165412096,forward_head
0.2,-0.3292699172678231,-0.0985408272867688,-0.03035792802540962,0.006604418501659976,1.6232503717694395,0.034881502175009786,1.836391147241184,1.2057889357206646,forward_head
0.22,-0.31600475421049634,-0.11762244631049482,-0.0120219447947863,-0.020372478786337484,1.5844582587566658,0.005006721074683072,1.79777451319848,1.0811267532142748,forward_head
0.24,-0.34764835325338056,-0.09692760590142667,-0.020469313688643763,0.008470914920327149,1.4870644460893114,0.05522515254373107,1.9111777101608476,1.1080905734163864,forward_head
0.26,-0.315443838375895,-0.12749680405165395,-0.00531006673494492,0.024777354492276284,1.6235199275352015,0.014807086280615092,1.7587031543256704,1.2145441410454274,forward_head
0.28,-0.3200234385672475,-0.1468044850061883,-0.0014472302425069163,0.01288752796730767,1.4246241287860844,0.030861014512412754,1.8359966423808205,1.1429053576717891,forward_head
0.3,-0.31036443928821716,-0.1404733675242058,-0.02410617713168627,-0.009158439051906168,1.6119305248786544,0.01858607327175409,1.9497375839287174,1.0906155397447699,forward_head
0.32,-0.3012057448132565,-0.14234021581326878,-0.017429450578600788,-0.0034814511602373633,1.4811182004190402,0.02007372286848107,1.914907857718955,1.1113907007681538,forward_head
0.34,-0.33886841064321455,-0.09947981299793608,-0.018038607663873177,-0.012847220632373715,1.5409130649737572,0.043656099649051344,1.727526119854017,1.0626898117273131,forward_head
0.36,-0.31755594530670517,-0.12324695909546113,-0.028971366190879685,-0.004864236976981457,1.546414459935956,0.025651992975150483,1.880916274593891,1.2652387872789763,forward_head
0.38,-0.3073646553306691,-0.09749049000271393,-0.005675602144290916,-0.00215584948622274,1.5712731868975767,0.013541834039891473,1.9459446830218738,1.0717623914777563,forward_head
0.4,-0.3125580120376506,-0.08815803127513877,-0.024565159299536784,0.004369213085774804,1.6045996995662417,0.03613526023899161,1.8786306444454,1.1775871743680333,forward_head
0.42,-0.3373787791872212,-0.10941471042653353,-0.016081570574339978,-0.02192876351013927,1.7869588095459865,0.02411372803656255,1.845146073067467,1.1531840064322227,forward_head
0.44,-0.3140162794076588,-0.10722640883445228,-0.03073255922042118,-0.006757929070209808,1.641929283860933,0.03136675491052017,1.7875887180483958,1.1504778506759608,forward_head
0.46,-0.32741368738470317,-0.12599906128337385,-0.014918159449359692,-0.02282889498682628,1.6613511952103266,0.024248152496846184,1.9770026296684478,1.2079008467631411,forward_head
0.48,-0.31558836021254383,-0.12145885220723865,-0.04729065178386779,0.01224653531624261,1.6489086769832644,0.044783893738468035,1.8738850743057214,1.2335007199239467,forward_head
0.5,-0.314349435840459,-0.14371589913888827,-0.015282559655170584,0.01855698730623606,1.5648821883179862,0.023118666695828977,1.7071898185664973,1.277676373636434,forward_head
0.52,-0.3495651195534667,-0.10147742761920389,-0.0006235694649202465,-0.009178179342581064,1.6055178198734725,0.02887932859195125,1.8592936978911199,1.2071972922234133,forward_head
0.54,-0.3274149592397683,-0.12937774838235602,-2.6300742372214977e-05,0.003698055296016595,1.6937714472739425,0.0347831880288357,1.860994878614003,1.2080102918458386,forward_head
0.56,-0.301271811964941,-0.10205264212302007,-0.01990053645003864,0.01582790687998981,1.5200854490423181,0.036912053594589156,1.9317012607652588,1.1865311074970473,forward_head
0.58,-0.3373589755330466,-0.10835540150920034,-0.04370233314473946,0.0035477176869744653,1.4212221525365472,0.017200923908139723,1.8247737737257848,1.11540814142157,forward_head
0.6,-0.2695517078633258,-0.1220727410669519,-0.01188200919245802,-0.0008160176242069445,1.615268342990618,0.033128071241001554,1.949602693022474,1.1207812783723323,forward_head
0.62,-0.2866057842785937,-0.12718584984588455,-0.044499432976385436,-0.00838727783493327,1.5720196384428495,0.027724442482745505,1.805113791789484,1.1639974006076044,forward_head
0.64,-0.3333396270736119,-0.09030890982646608,-0.023571052552352423,-0.0053687888228228075,1.7254973320307418,0.027415691396445552,1.8593680849980283,1.0436653949718295,forward_head
0.66,-0.3446341484067133,-0.10933547297946662,-0.02044489059938749,0.01760843429956656,1.557933029517582,0.027685062156212484,1.877000746159438,1.1986468458745079,forward_head
0.68,-0.2652209871805213,-0.0992274677751307,-0.007847017983430819,0.011623622698578567,1.3656004621555877,0.031660119823437194,1.813999710217505,1.1232727422945519,forward_head
0.7,-0.27381330432991263,-0.08844093571108778,-0.03141809861145781,-0.0064302244395953905,1.587527692294849,0.022591584663708808,1.9175659539981826,1.1315396852314996,forward_head
0.72,-0.33612007106252556,-0.12561684668424827,-0.021042218265922952,-0.015353499940161079,1.5751403020138925,0.04421684327499101,1.8688817625243148,1.1355450327787435,forward_head
0.74,-0.29689585207175523,-0.0986586421813027,-0.01128100511944744,-0.016367838157555898,1.64664169557122,0.02271835356394454,1.820334595954742,1.230680155509064,forward_head
0.76,-0.2983885697648827,-0.0991919857900113,-0.01768942559974616,-0.016775415221195338,1.379020121654892,0.018976414257819294,1.8736557659472397,1.2487627025726569,forward_head
0.78,-0.33146095007328746,-0.1466157189389566,-0.017254684007213614,-0.0136850709846627,1.5107307653137685,0.02714170363547543,1.8841799717018204,1.1242241722726527,forward_head
0.8,-0.33208269020657666,-0.11015858382832554,-0.025266582143063793,-0.013500390487676296,1.5448250250076998,0.04248876843930659,1.9572938813396616,1.1804677746151786,forward_head
0.82,-0.33734543661630423,-0.12432394941539325,-0.03144755553003803,0.028940892199057502,1.6333701984460474,0.02519446642983977,1.8717183471518382,1.148719360752512,forward_head
0.84,-0.313257309489,-0.11366067998999729,-0.008423932282004068,0.027984809471588712,1.5776088745994967,0.023062980670969326,1.8039129893470554,1.1545365989282066,forward_head
0.86,-0.3139860044547372,-0.15357851974375714,-0.01864049935459701,-0.006409711393540337,1.4993363076701864,0.019446816317780717,1.8780236835456767,1.1026335057966459,forward_head
0.88,-0.3334526511359828,-0.09202482583048095,-0.004793321528800136,0.003983488632966121,1.6728007403012382,0.033237274759285396,1.8716609954278225,1.1165848911959848,forward_head
0.9,-0.3309761760473752,-0.10191591776040748,-0.004549240179470199,-0.007337322507441761,1.4865929906272113,0.03440304815203006,1.7373478895934669,1.116974558280778,forward_head
0.92,-0.32729741398623624,-0.08905144757628942,-0.0434475974359129,-0.008589081914090002,1.5844425573762446,0.031134385873340005,1.8158475635903302,1.1467086960459707,forward_head
0.94,-0.3165338956351138,-0.10650104275515851,-0.023252333341382957,-0.00467461143728232,1.5457680389181767,0.03779519448878899,1.825510186068486,1.1782171705221545,forward_head
0.96,-0.31481240388229337,-0.09725033115087922,-0.03608469540216447,0.01873064857558616,1.5881773096933882,0.04072248086306294,1.8349436673986912,1.168715321559372,forward_head
0.98,-0.3132474803267165,-0.09650656516968918,-0.03337406188426465,0.002982733580622814,1.6438584333314068,0.055784029163136,1.8803019285191114,1.2105667371201405,forward_head
1.0,-0.27239686422910775,-0.12308660022377448,-0.0022955148996011898,-0.015196095021533644,1.5727781973660813,0.027694327503990927,1.8432912360598348,1.2488395367808063,forward_head
1.02,-0.310444706283081,-0.135084217508293,-0.013217630581561737,-0.002064458699617882,1.6542115746944839,0.036047372935465935,1.7809578000577968,1.092449026567725,forward_head
1.04,-0.31792583424072196,-0.13276270065123522,0.0031208075110259375,0.0021100010685160503,1.6206533046154121,0.028211333743858563,1.8976175201048329,1.1745464171393192,forward_head
1.06,-0.3262505648609476,-0.10412497880346976,-0.01155468346203179,0.0038561891673994484,1.805933966581405,0.03461015855440328,1.93623742822807,1.06591208393539,forward_head
1.08,-0.2901257722369222,-0.13551681623824258,-0.034291633902447875,-0.0015104656865419614,1.4999081535442433,0.04426907090913054,1.7879230500834462,1.2526688064231466,forward_head
1.1,-0.31922679408890137,-0.10465602632975851,-0.018923557836880087,0.026204961140794736,1.5451512150544768,0.022247298325857028,1.846042957993693,1.0817235587142287,forward_head
1.12,-0.319324672894281,-0.0997531435797981,-0.012478358121538408,-0.005845247780119239,1.7152146206656,0.025590466700445933,1.8075004646392407,1.1613206865903327,forward_head
1.14,-0.33733670944172106,-0.11408636409836945,-0.012287275489468653,0.018946319288291266,1.5095095286882714,0.02481702143214333,1.737810203992624,1.1261234649035223,forward_head
1.16,-0.32245654804317714,-0.10134838021157637,-0.03625959980288984,0.016258516193189403,1.5148200108860432,0.0326379146599561,1.8497174148862627,1.1995589734018313,forward_head
1.18,-0.3234439529156936,-0.10749870282836974,-0.01174053572188511,0.01174613259410142,1.5296224306054604,0.037850109789164144,1.867554799074812,1.1161494090173847,forward_head
1.2,-0.30484813019239076,-0.1113008659747019,-0.021509972813229545,-0.01863061474844926,1.7374778868983538,0.03451771867606164,1.6629076893754529,1.2267266197742441,forward_head
1.22,-0.37642394187930067,-0.08964744178601015,-0.027694170649468147,-0.013613597518895156,1.6232459853506465,0.024533128737115727,1.8501221171447648,1.1536261201597395,forward_head
1.24,-0.3077992934838484,-0.12915103502800226,-0.008302200849134153,0.011142534923471885,1.5590837122127508,0.03300799731910614,1.8025503795031608,1.2789684137194817,forward_head
1.26,-0.3058844660927209,-0.12637708404674508,-0.031069456848903942,-0.001526316622101521,1.7011023045870193,0.03344239157902576,1.8284680486209808,1.2635824596806553,forward_head
1.28,-0.30956462715498756,-0.09090844372975722,-0.02895405390824714,0.01501598500399847,1.5242560149243,0.03495597118650318,1.7491662277973472,1.2226359764296633,forward_head
1.3,-0.3505480964271887,-0.10929668549389103,-0.026663239259583544,0.01257076939113507,1.6813879592761916,0.02184922369039266,1.808950971595378,1.1795579561507168,forward_head
1.32,-0.2796869786658103,-0.10156589885324699,-0.04066655065483325,-0.010453449830643174,1.692940809797171,0.02600861235889748,1.7617325180082262,1.1442693082850444,forward_head
1.34,-0.29348825755194247,-0.11468057213606868,-0.01869048700503734,0.008355918671331479,1.51347826780303,0.01851462565254226,1.9301313606483785,1.1803010233105926,forward_head
1.36,-0.3384232792937146,-0.116694770093271,-0.014837478953136269,-0.0023849798232328627,1.6197743615596103,0.03482440829600536,1.853374612553053,1.1744189739221673,forward_head
1.38,-0.3165059556490956,-0.1486920526998552,-0.014715503822135559,-0.010559788863564047,1.8052695379858652,0.034101182040877594,1.81510876777716,1.0740697535097785,forward_head
1.4,-0.2961615692771837,-0.11700804392527062,-0.01735273013268081,0.026901372607157595,1.7844713818672517,0.011832658067423505,1.8352349711771785,1.221183595387518,forward_head
1.42,-0.3169234382176564,-0.1340874023878795,0.006611344630171951,0.009044450475361043,1.474214142611176,0.038742512993898845,1.911223094215828,1.0299926199412959,forward_head
1.44,-0.29573928516473724,-0.14612368597445163,-0.0030750819241146254,-0.005537762627365572,1.5579845020794627,0.035001576100480714,1.7892416531629536,1.07463104971514,forward_head
1.46,-0.3245880309765296,-0.08912961061134304,-0.0420765455597316,0.0014012020974227693,1.4500600776834258,0.022495876397441612,1.8244209315775595,1.0854568133508913,forward_head
1.48,-0.32530237264167555,-0.13940840704856666,-0.04255696866349373,0.0020725855575743812,1.5664990158560705,0.03019646594779519,1.8458269558612734,1.1085966241667653,forward_head
1.5,-0.3214545321604267,-0.09576850226821143,0.005731082533386499,-0.008162555557328647,1.637569160659264,0.02616861990657511,1.8698589777733723,1.0809694261445972,forward_head
1.52,-0.2981841407115548,-0.12126506205004399,-0.006132307295010239,0.005282554855127521,1.6368867605422026,0.03945852376025771,1.8338951431824644,1.0462130303316353,forward_head
1.54,-0.33464503073961965,-0.13174223971286347,-0.0079088804407658,-0.0090773567075373,1.7571944123500176,0.027370462544525083,1.9260594781298561,1.1687775813549917,forward_head
1.56,-0.3543341148552461,-0.1504383046225234,-0.040978031097773294,-0.028035876510273696,1.4977149902645661,0.06441663676476159,1.8459075315704894,1.0561128328241955,forward_head
1.58,-0.3219302430027582,-0.08956623265664443,-0.03813122906678275,0.01912207747086086,1.4682862109824049,0.02554022486622745,1.8041802308852275,1.0887604574109235,forward_head
1.6,-0.33452357851797654,-0.11273388872314911,-0.004792398607585552,-0.006982911250658038,1.6438360177168307,0.04132643200048783,1.848041954251594,1.0912393509648348,forward_head
1.62,-0.35788644747573317,-0.13581999184378218,-0.012540357529059016,-0.017216753784738432,1.5511819761549688,0.02467390690578865,1.773113954340233,1.1278329447393491,forward_head
1.64,-0.332390030023695,-0.11029780105552765,-0.031603175388226906,-0.0006341665987317604,1.6945562207243292,0.022883615399006962,1.8371738907401196,1.1843772129389494,forward_head
1.66,-0.35257590257427474,-0.12746384408794711,-0.017426265456723267,-0.0025251552265436574,1.7145886423608363,0.028501838647015585,1.825228830904165,1.1546100237572017,forward_head
1.68,-0.34596313962567943,-0.13364209281495998,-0.03649193771421897,0.004788397382394165,1.6995509299298974,0.04681835478375556,1.8335432400302172,1.1309140428426108,forward_head
1.7,-0.2887565092713064,-0.10746256408627868,-0.03184790599612528,0.0067267686619592575,1.6936354165783116,0.029924566431215424,1.8477047691787438,1.1325436527623258,forward_head
1.72,-0.32087738762000684,-0.10367720639314146,-0.02325392078804765,-0.010164612934193181,1.5517932194084179,0.019958270448857063,1.7567953033621735,1.1190428407115034,forward_head
1.74,-0.32541427504275094,-0.09576719604604984,-0.02569041372715397,-0.012767857890868609,1.711936457100865,0.025728735412428004,1.821442100225026,1.177859738572494,forward_head
1.76,-0.31049797829604026,-0.10620064207163946,-0.003998882888488721,0.011380851091767206,1.5674271894127463,0.02086760039119321,1.8267062472297333,1.0683807292717005,forward_head
1.78,-0.3331748416632887,-0.09945177783242418,-0.037875373143183226,-0.019638742168219158,1.6363955600934392,0.036203818014213504,1.7727808223019041,1.1833946623908451,forward_head
1.8,-0.30882532998174816,-0.1380619141202645,-0.021280785421459253,-0.01663137423998354,1.6861355208253073,0.01817209645248839,1.9511356955295025,1.2103039595224023,forward_head
1.82,-0.30135355953665804,-0.1516548821126753,-0.000235128741462137,-0.0038186978486609486,1.6399556090595526,0.02230090956574356,1.888466410478965,1.1896544804791225,forward_head
1.84,-0.32224447878031853,-0.07779877332860038,-0.02746053757545348,0.004273396579972499,1.7179375213663,0.035137208359688206,1.8816248210949473,1.127217753707012,forward_head
1.86,-0.28919808811471803,-0.1354784907623021,-0.0286052426415379,0.00047614399992880864,1.7093885909995892,0.03223415381683033,1.8169040852624103,1.1391038530423612,forward_head
1.88,-0.27494563836401725,-0.11856878572326941,-0.04121823696091131,0.03398485324355038,1.573490167615621,0.03890739067022956,1.8559647904563195,1.1648372555295081,forward_head
1.9,-0.3476733100206867,-0.09598596376551456,-0.023519850188241515,-0.0010593985533350033,1.6541071972195025,0.03128029510056769,1.7735865728307738,1.1633370171752593,forward_head
1.92,-0.338918282448248,-0.11121368255075108,-0.03188150282794061,0.01868944560171051,1.5642536230967268,0.030270881667689566,1.9235758148790603,1.1850746424734118,forward_head
1.94,-0.312517070447144,-0.13146756895833478,-0.02488720292604245,0.029469448787345674,1.5302656507502703,0.02055713358783873,1.833212816417182,1.1823606555701403,forward_head
1.96,-0.3132056913281285,-0.11233250193992897,-0.01739554746381521,0.01691532975031433,1.617051346035547,0.03942987450826442,1.9077363927295352,1.065959263902574,forward_head
1.98,-0.28783925053118353,-0.12521145997870092,-0.034861135255728384,-0.013079081796831196,1.7117879210243738,0.021361205607938666,1.9654985107920884,1.1383952547015668,forward_head
2.0,-0.3561173223441009,-0.13380724315422254,-0.03458236509125962,0.002783185850002238,1.6103987625958005,0.024808073909129716,1.7203821942289093,1.1540254327120407,forward_head
2.02,-0.32774450171260355,-0.11973618418746429,-0.008617088313779712,0.0031818632640810886,1.6041332740606984,0.016725065799893333,1.7749840575445537,1.21666528420273,forward_head
2.04,-0.27017386345838085,-0.10986406039090557,-0.0024752041000805467,0.005872678217552386,1.7322549144821737,0.03608664000913911,1.8771202508018416,1.1354067483068615,forward_head
2.06,-0.3257476645234809,-0.11725461968288231,-0.019953311181265948,0.0072731676120514005,1.452563990044617,0.03296593664855124,1.8484674851346194,1.0786990251720883,forward_head
2.08,-0.3031041599231571,-0.12293558057386605,-0.037293699186852595,-0.006626104552425949,1.5475542634645523,0.03942599750476413,1.839005839822381,1.1451707092238321,forward_head
2.1,-0.31009928686990657,-0.09551641570620081,-0.012610948190808418,0.0004472466278211455,1.4296959728316943,0.021533074731306473,1.9162592328196861,1.0977659192132274,forward_head
2.12,-0.32635667758569153,-0.1426347087384162,-0.040369732611594454,-0.0009007343510492402,1.5888652478028185,0.02087510742614104,1.9086131170031502,1.2204616336495417,forward_head
2.14,-0.27157311509568227,-0.15105352856552726,-0.011764798800992021,-0.01622719452152978,1.5439508087460023,0.03353474779544672,1.904737158770835,1.2272900163380536,forward_head
2.16,-0.34908441846750043,-0.11673567990337487,-0.005784886891776454,0.01120958778638541,1.5763713398672203,0.022386642383427132,1.812047066011809,1.1354171943285767,forward_head
2.18,-0.28759505944364233,-0.1467941444445684,-0.017976831367405674,-0.001029464824496658,1.7677626535329998,0.037286660134747386,1.8700839091451857,1.0690787056308704,forward_head
2.2,-0.3180725302110766,-0.11536188013929426,-0.04082196894113266,-0.013270280472882158,1.5029427539427052,0.04588060266302542,1.7384066445251536,1.1460936801999626,forward_head
2.22,-0.3406691421939334,-0.10198177144958093,-0.012757120248769476,-0.00164369207431574,1.6797619370187153,0.04636030530437208,1.8578949443161494,1.0933860985658421,forward_head
2.24,-0.3226961357330117,-0.12240615370798698,-0.007831854512645923,0.019782825855336753,1.6257705419895434,0.02323049337705481,1.9133982486826318,1.1600879141898954,forward_head
2.26,-0.33907135418770945,-0.12529395488317235,-0.001704455661406823,-0.004407599871051182,1.632555294847305,0.019344648593415247,1.7910932595938256,1.1415584769335638,forward_head
2.28,-0.3718742030054657,-0.12833766173326228,-0.0020763765870501433,-0.008675804630424243,1.619328686182169,0.006540170515039579,1.932311722003399,1.1766176907582386,forward_head
2.3,-0.33928491883633455,-0.08505811274706704,-0.02359388321855951,0.01847120441364268,1.7622169428183105,0.0374700643562871,1.912090046923619,1.1353399139293006,forward_head
2.32,-0.332282097220548,-0.08747605926710665,-0.008162991530289812,0.0009553618471082617,1.6264288768349198,0.03038055302153706,1.8113484392290125,1.171625337205188,forward_head
2.34,-0.26855243597580924,-0.10148537491551113,-0.03141394725648811,0.015096633832414557,1.6812201041454513,0.0384953750497086,1.7801132848564971,1.026222147385719,forward_head
2.36,-0.3234607012589025,-0.10076948801365604,-0.012957816925998131,-0.008316166034069903,1.6842793189886942,0.023807735909442556,1.7632960920310534,1.1462421608139637,forward_head
2.38,-0.3146838181788552,-0.11466511488390636,-0.030596044369881184,-0.012956215845123428,1.5191029211639353,0.03274276773480747,1.8619322094115744,1.2170344496479155,forward_head
2.4,-0.27792772234978097,-0.14669150268426048,-0.026986178861474322,-0.0011075985765060894,1.5655692415807139,0.027027755888323925,1.9269278258221614,1.1465634962051023,forward_head
2.42,-0.28470189616221486,-0.11241980549781042,-0.007276252246816789,0.001974761039812372,1.4323593877208392,0.028779226248717232,1.9422049733444202,1.1253217171211611,forward_head
2.44,-0.3542055735372768,-0.11910725952730286,-0.02013672119116425,0.02637578595771319,1.5706520566096343,0.030620845322045013,2.001862060383468,1.164162365650783,forward_head
2.46,-0.3212306542624141,-0.07906385877565532,-0.012433125519324953,-0.013502864053496896,1.4202003024356764,0.030192237980271614,1.7573110189245507,1.0203031244503205,forward_head
2.48,-0.3151862058826192,-0.1308738841915372,-0.01135177950933113,0.010718154232024931,1.6381357590702894,0.009049369522874653,1.856386808276879,1.1276941064492345,forward_head
2.5,-0.3004035799641835,-0.11912382163779131,-0.010346503932151276,-0.008262436323567188,1.5181486879605193,0.03856540925067011,1.838962435760017,1.1779270082983053,forward_head
2.52,-0.3121227444445396,-0.1418433329776416,-0.02178243564335824,-0.008550377284316875,1.4915233551940543,0.03834178381161455,1.7974882596770418,1.2161310485666363,forward_head
2.54,-0.3260653525906176,-0.1294355509450747,-0.033170689931025864,0.010645118305539696,1.7110117935848936,0.02940893608799236,1.8583016031080248,1.136537678949519,forward_head
2.56,-0.32470704161863595,-0.10479166604903131,-0.01760140470175805,0.0009883729215599405,1.722006190718617,0.023989919236577978,1.903017654669855,1.1978285537296531,forward_head
2.58,-0.3184087838121802,-0.11199492129078165,-0.01682310691850845,0.01876781353453287,1.6376031903656372,0.054645960463538194,1.9616073162419123,1.0970015008995069,forward_head
2.6,-0.31349562321781377,-0.12326924976115236,-0.0018472794605921318,-0.02581939405143616,1.519914809691733,0.02105280796277666,1.8041458770040706,1.1044428420089725,forward_head
2.62,-0.3653229336555495,-0.09720745585471663,-0.016164090007180713,-0.004808627488359269,1.506107421221631,0.01855058200566408,1.7801003504583222,1.161085794037392,forward_head
2.64,-0.3197497189122374,-0.12387993446836232,-0.01896449719560026,-0.006267387242412083,1.7975641527921755,0.028055539722671073,1.7949222854763724,1.1475451322706256,forward_head
2.66,-0.30682787635004366,-0.1283789990286955,-0.016648511892889593,0.007803822554549243,1.5845227128379171,0.03756481936419417,1.7617482667201798,1.1755012743741686,forward_head
2.68,-0.2780454879185742,-0.1294062997039207,-0.0182285924354364,0.012405760779160615,1.5395889730750316,0.020434867069764693,1.9076414031636684,1.2271392367318943,forward_head
2.7,-0.36687750888728654,-0.11567070417972224,-0.008557625348430718,-0.00615635290463243,1.629634472123698,0.024471071800344354,1.9063508562467344,1.2151983790692835,forward_head
2.72,-0.2908674819956589,-0.11302180770614499,-0.038788181868429326,-0.006451790913197328,1.530635436486331,0.028138545055099027,1.8164038462285361,1.1949117798267523,forward_head
2.74,-0.3581346387769799,-0.14850027380950756,-0.011775850020010931,0.013555914992287978,1.7395896725693576,0.03221433845654524,1.7735167506154814,1.1017418654579454,forward_head
2.76,-0.31075375108478426,-0.12401250089686486,-0.0274334982025098,-0.00556343592509,1.630635825442157,0.027691138330554473,1.8301413446979407,1.094498700362459,forward_head
2.78,-0.34158430255126127,-0.13835069509737571,-0.030496365075551576,0.009090927818826913,1.5654460470127345,0.03588863649091649,1.930139579099124,1.1891288877575512,forward_head
2.8,-0.2957944174005183,-0.11306101738146428,-0.024817940879976127,-0.009900882915214258,1.5619860784175905,0.008805678061097465,1.7580926821163159,1.16400242300394,forward_head
2.82,-0.3164722547321944,-0.11708248789511133,-0.06298628688409182,0.008330269997419773,1.4950952292235833,0.017313350328946542,1.8009046198363583,1.0911956888784593,forward_head
2.84,-0.29111894755306283,-0.11220041260583204,-0.03795988489648251,-0.00947007347043299,1.4933009411116729,0.022160093923090707,1.8567792421391671,1.1678699885964305,forward_head
2.86,-0.2894713725719248,-0.09549034109260997,-0.012740889246769771,-0.03928709030637347,1.5473721909333324,0.04452501671430401,1.829918444841268,1.2122126105816713,forward_head
2.88,-0.27752399525021937,-0.11386303607907447,-0.03524158569509856,-0.023932615384086066,1.547714734475435,0.05203522563236573,1.908215207240656,1.1767208925613788,forward_head
2.9,-0.3202260137072549,-0.07803656041047742,-0.03875155966735213,0.01612710695491449,1.4614707935403548,0.02269831043757652,1.918070590394396,1.1995490110668,forward_head
2.92,-0.34090176521351084,-0.1066140860691527,-0.01380870785725066,-0.012854921210298059,1.512595711600019,0.03610089305990455,1.8276980965055143,0.9974382738775794,forward_head
2.94,-0.30379419942509117,-0.10481155938898705,-0.022808416549983914,-0.005150944557233081,1.7250368284471997,0.028321445626324392,1.8528691282015621,1.1507117450762667,forward_head
2.96,-0.33063428373910037,-0.11290787508259856,-0.005147199530625664,0.003922254286233262,1.5658800644667739,0.030278960123553255,1.7706431219882768,1.1942099127618708,forward_head
2.98,-0.33768596383652494,-0.12410294670136378,-0.029034520924969318,0.0011509147813669848,1.636586384869015,0.02324790242056509,1.8190905652400873,1.214254911276503,forward_head
3.0,-0.31960528996919285,-0.11223477175605324,-0.01292340846770082,0.002088474772525305,1.4281380693737271,0.03704767730766684,1.67476099411742,1.1497247240670545,forward_head
3.02,-0.32630694955442563,-0.12586339634631724,-0.030147666514660318,-0.001835944669564924,1.610592194008971,0.036066597278954324,1.9345881175417965,1.0503777135808479,forward_head
3.04,-0.3160268189562791,-0.12591012926340173,-0.02286132210901601,0.007788204166712686,1.6081966768032785,0.038321634920031045,1.8697559739087373,1.0888041433094542,forward_head
3.06,-0.3052817235418906,-0.13030007558589457,-0.02687645287550723,0.0018020872145745092,1.6911830694097099,0.027188666083587377,1.8691619035754112,1.2164168031431715,forward_head
3.08,-0.3187399103808771,-0.11655913279773168,-0.02202978766411908,-0.026682884303476054,1.410194153059429,0.042578343804170665,1.8700720329257217,1.2481922233306872,forward_head
3.1,-0.2967835752726882,-0.11901838314171442,-0.017276001298389375,0.0023782032803408336,1.555967630683012,0.01711286577903874,1.8587648321755097,1.2019498094678076,forward_head
3.12,-0.3497112697806602,-0.08731412343706504,-0.030021337608120872,0.01782081744270375,1.7162142683481558,0.024838316370162435,1.808646265218189,1.1283636222224367,forward_head
3.14,-0.32705573064295723,-0.13056456948829584,-0.020043605739853733,0.017044243980352678,1.4898410631366288,0.035965587587826725,1.9315719348533393,1.0492679697628364,forward_head
3.16,-0.32719858109607863,-0.130143175908263,-0.018897302601271607,-0.013912578885179466,1.683607632583944,0.01129971143296856,1.9159622254588196,1.0499557796148562,forward_head
3.18,-0.3563623963559769,-0.1447826680717103,-0.03003792626211911,-0.0005722828599734632,1.5775999293660214,0.037947975606204776,1.9845476052014597,1.1473298773272034,forward_head
3.2,-0.3603044355449989,-0.1147335783167311,0.00047942403599454735,-0.0033772878717377355,1.566682865499604,0.01076768311881551,1.8378810323600314,0.9903428257062489,forward_head
3.22,-0.33554748014605357,-0.08243634289236482,-0.04668961782246341,0.0033722204576063382,1.6667839766024815,0.0573499642714461,1.789599826440709,1.1949910072259264,forward_head
3.24,-0.3119166049111144,-0.14880282960316255,-0.02873744038406486,-0.01057534508884766,1.5300723714008428,0.025829257515537586,1.8552085835474041,1.137977701937938,forward_head
3.26,-0.3257755779734521,-0.13697561517824502,-0.028694521677283893,0.005965269132012219,1.5625958765694397,0.025900187455617205,1.789271031070399,1.1779427732755752,forward_head
3.28,-0.30820226201732404,-0.12317315849443572,-0.023305866329052034,0.007879038555022155,1.6653172650094994,0.034028171824498195,1.9933726612914389,1.1615758617652443,forward_head
3.3,-0.33301390550578513,-0.14209203266593873,-0.03234532930472695,0.0081177604074378,1.6061975861434765,0.033033060002670124,1.8679588144871235,1.1135990105124998,forward_head
3.32,-0.3191349050314318,-0.11025959337408717,-0.01298960202836853,0.009832285531114477,1.5390579214183362,0.014158905417041463,1.8842059784285394,1.1920969133942942,forward_head
3.34,-0.31243420180512305,-0.116828328513485,-0.0566964171359891,-0.008839405822528451,1.579308189288043,0.02998030070272404,1.9247959218161506,1.1834390958130636,forward_head
3.36,-0.32109806740481717,-0.11227360892564003,-0.025409165254508995,0.004637995542265427,1.5442510730940295,0.027446478565540947,1.8521375675715455,1.1616662482971645,forward_head
3.38,-0.31918719054277733,-0.11632522308115714,-0.02341146022920819,0.009902338073447522,1.577937464867342,0.023750361743430558,1.8399197205598927,1.0980707974700943,forward_head
3.4,-0.3616604185098596,-0.11595105079435958,-0.02844402972361679,0.0023917424356109636,1.6374697673416216,0.036907841153899654,1.7240903100717229,1.110977692654293,forward_head
3.42,-0.3029750975157294,-0.11988596894165936,-0.025911719276314017,-0.010222277292432408,1.590288067720033,0.03299353602334908,1.9002191217403364,1.202284755139256,forward_head
3.44,-0.31867813558285973,-0.13293107428946346,-0.025697731422229756,0.0026502666937730365,1.626330603139775,0.04123027290333187,1.913903530726454,1.079428906130749,forward_head
3.46,-0.3199661484163662,-0.14141916927357892,-0.024942785866394288,-0.030361659223141362,1.5792954630579705,0.024390490133834583,1.8923796375149713,1.1141430526411091,forward_head
3.48,-0.302882642185771,-0.11565110267853047,-0.006699972446554649,0.034535590958010245,1.694879909345564,0.03171588976637073,1.77757885329214,1.1608170725340705,forward_head
3.5,-0.29115530977788506,-0.11338270202400615,-0.036386937843021376,0.008756237105890663,1.720441170771193,0.024818357788963085,1.805028425647154,1.254940322459822,forward_head
3.52,-0.32639945431462314,-0.13222554676764142,-0.01719363400216816,0.01101792322977355,1.5649376407682327,0.04434918593362413,1.7336499094755358,1.089763995934992,forward_head
3.54,-0.3040698081622547,-0.09725015514961025,-0.008104785919955327,-0.016478703414559277,1.4701592658661815,0.027924174758486277,1.8996118507964768,1.145667753004568,forward_head
3.56,-0.32869481792835564,-0.12865577307872256,-0.02602367063210908,-0.030049021615858155,1.5015088099224687,0.03564297901531064,1.8674112457698626,1.223178009732223,forward_head
3.58,-0.34935643108612296,-0.1290367884022914,-0.022218734358930306,0.010175240459040487,1.570346765662837,0.021782961074650085,1.8613077732162888,1.2227108731570302,forward_head
3.6,-0.35699460655216514,-0.10208247366342453,-0.015383843707334208,0.0063539780658985285,1.610064784039674,0.02758984549340948,1.811915368040467,1.142415982259843,forward_head
3.62,-0.33751216879922535,-0.12064355149101344,-0.016515847746051568,0.012396016951879781,1.4724458355153296,0.01911717611157868,1.7146562828936003,1.117413905441876,forward_head
3.64,-0.3385508585547198,-0.12712647120885956,-0.03364682163919101,-0.00922216644761234,1.793054330879635,0.04301732659942159,1.9366038758085993,1.2166796317441353,forward_head
3.66,-0.3057352203759793,-0.12889111311818757,-0.008187171505274305,-0.0015330494268761701,1.7382721364184244,0.01665072425029962,1.7764562271496116,0.974734738448523,forward_head
3.68,-0.3543773833060245,-0.10733176514026772,-0.023141958785272043,0.014391319244064314,1.6593678920386172,0.022046150225354496,1.9421049727867907,1.183103352601244,forward_head
3.7,-0.36713318570400155,-0.11039271158733374,-0.013284491170699332,0.007342705775590937,1.5366618814281752,0.011782528017753976,1.9134302918447907,1.1791588473346848,forward_head
3.72,-0.32438552496124823,-0.07522089652686931,-0.018475583760100563,-0.013057627577268043,1.6271273252067469,0.03562191227541697,1.8570326651154268,1.101301579776503,forward_head
3.74,-0.3379779110247338,-0.13411446561584578,-0.04066685042763252,0.0029455667695134995,1.5437641815237946,0.03490258137861192,1.9749270117325113,1.164629859335808,forward_head
3.76,-0.3114352110824596,-0.11681792521110966,-0.026530153979958768,0.025561805182960185,1.5141641360865692,0.016283536151833294,1.987103197520024,1.1502923376663068,forward_head
3.78,-0.28834165022367364,-0.09828106763084317,-0.006878151857604478,0.019342885130362735,1.7004429905055907,0.041041458361381566,1.8333021058455512,1.173475171839232,forward_head
3.8,-0.3252922603018538,-0.08843281064470279,-0.03645214314237938,0.009852754869717005,1.4030265428779194,0.0519516975706071,1.7724180128328435,1.1793754953262419,forward_head
3.82,-0.32855245908573116,-0.15460904359562191,-0.011916067638601658,0.016232720459352507,1.5593055763285424,0.029085664151566,1.9174826767142508,1.0798487854626682,forward_head
3.84,-0.3266731787064806,-0.10423195076887655,-0.023232476690903676,0.01897483600579025,1.6149490690412944,0.03502915671111754,1.8393387310214937,1.223821287354606,forward_head
3.86,-0.28818050960801234,-0.15579504838542657,-0.016332191620512394,0.036778730179642234,1.6650893335651016,0.033262564483318546,2.004652152096078,1.1697355064384376,forward_head
3.88,-0.3278089601132368,-0.10964985591347391,-0.032193824863175985,-0.024630506247893993,1.5130349586219256,0.028095690896873624,1.833131751742868,1.1495931920934648,forward_head
3.9,-0.3178860174727543,-0.15269053925912102,-0.04724261334648576,0.0026151806562318765,1.5480862363840988,0.030267970692380512,1.865482965788485,1.1909001282903335,forward_head
3.92,-0.3054182127000596,-0.07758386017169445,-0.02531498597122347,0.003998312107087672,1.520765058817743,0.051456596431831085,1.8710005983187374,1.2051047985867478,forward_head
3.94,-0.3221716002041321,-0.09282669794050012,-0.0416975467638871,-0.004474155754031802,1.4943537060749144,0.04808068797767528,1.8773638723996977,1.1960933950710964,forward_head
3.96,-0.3267573506468408,-0.1266005141382452,-0.0037408255936679778,-0.006527230935092286,1.5997597457378254,0.02456984207689003,1.705546430574834,1.177254166298311,forward_head
3.98,-0.27945323468452865,-0.11363710621940881,-0.013488852342214792,-0.0004433413991558733,1.6228064052312856,0.023572005677603883,1.7792984894264534,1.1549465786211308,forward_head
4.0,-0.32726431632145303,-0.1392907334455384,-0.01908248354696258,0.00425157224456019,1.6298219468080206,0.019100316602242595,1.8094389297584157,1.1876724677872967,forward_head
4.02,-0.3598255280183449,-0.0630344716571407,-0.021963210717512796,-0.022561316242196303,1.7832216619142134,0.032747043795750136,1.804265966041725,1.093309344473275,forward_head
4.04,-0.31282342688214704,-0.10452334276456007,-0.05202321693055499,-0.015614758212633743,1.5403296170135459,0.030181784356763684,1.8395385908016113,1.148892332253657,forward_head
4.06,-0.27671324657681606,-0.14784608437252963,-0.023886034677347318,-0.014192068894555054,1.7591434113701543,0.025170857709937815,1.8731038369860638,1.0910406133416453,forward_head
4.08,-0.3342424698154487,-0.09506258293446122,-0.011020999521058754,-0.006200714553059366,1.5547712962717908,0.028799953582341317,1.722421875292797,1.240754019009456,forward_head
4.1,-0.26665303737538437,-0.12623564660535266,-0.031045071344756252,0.030182466842899307,1.6647306940519455,0.015373025090718842,1.8463722149249382,0.9922433110248934,forward_head
4.12,-0.3360973474465674,-0.11220393673251047,-0.004027559994023566,-0.01693647884160245,1.640310868268745,0.025367026954255988,1.872326384647697,1.1276199293657818,forward_head
4.14,-0.3289989308025916,-0.13856714522995178,-0.013183671554758171,0.0034956409835010826,1.5824049544054444,0.03010955199427316,1.8136508364931565,1.1266379537063562,forward_head
4.16,-0.2712448614002116,-0.10028195100376093,-0.011234942076289965,0.023585116405982633,1.6726653547393462,0.02986749444697276,1.939283057013587,1.09680641210178,forward_head
4.18,-0.3365679351474677,-0.0744020091356866,-0.01796822040678703,0.005897478804192609,1.5388638511149866,0.03154247248834306,1.8704580000594326,1.0458988117991737,forward_head
4.2,-0.3203259669586307,-0.14219056807061375,-0.025704720613074168,-0.005884458117414976,1.5900219553615615,0.03703059646049165,1.827095009868452,1.2604150825983462,forward_head
4.22,-0.3335898678597116,-0.06631387764171429,-0.025084842502943384,0.00759483291091721,1.5237622939484239,0.03908169526800771,1.7688696569885025,1.1876559704764909,forward_head
4.24,-0.2951755775675219,-0.15038075102269166,-0.02970004388770754,0.016411520788646446,1.5537137762868334,0.02316592566319966,1.8128111321560159,1.1289713368610739,forward_head
4.26,-0.29838998589577986,-0.12480032171240002,-0.01125742642504658,-0.007592345268458923,1.4769833425768117,0.03584734153043598,1.773555970193828,1.1604676110753886,forward_head
4.28,-0.2837587709107904,-0.13120484429559298,-0.011594996166401238,0.007096220367827341,1.7031145362653684,0.04219968789931183,1.7965639150121848,1.1305972252515692,forward_head
4.3,-0.29090368491206403,-0.12609298152832601,-0.02855665279542692,-0.012783507343860327,1.470747929786353,0.025650489923201326,1.9626117106424208,1.2848831796068014,forward_head
4.32,-0.36915177306384334,-0.09906528138521745,-0.025480607343628357,0.013939466673500234,1.5660023188337657,0.03965094014152077,1.7831107954380379,1.2008485262915798,forward_head
4.34,-0.3525370932451091,-0.14191197700872116,-0.034221506028495205,-0.0013270356248122797,1.6166440265295359,0.03507820090270157,1.7803783726176143,1.2385691700417925,forward_head
4.36,-0.33830363212836323,-0.10354413980352917,-0.00821850398068759,-0.018223821917085638,1.6077526084829559,0.01960216545946258,1.8534134977923007,1.2241470507863261,forward_head
4.38,-0.30113246224566237,-0.1206688820198173,-0.03321972991249862,-0.0127445968478475,1.4830181021780267,0.014456877719203155,1.8519760024379883,1.1472877125143615,forward_head
4.4,-0.3322940363585294,-0.13838814659723836,-0.045258629281656006,-0.013072138923625971,1.383798118498462,0.021694878450447316,1.8957427051505633,1.1835408521075808,forward_head
4.42,-0.3266150409520566,-0.08660266603112124,-0.03543052823809909,0.004667403468710786,1.580530774439224,0.03039699394968462,1.8691338335565386,0.9681777133437339,forward_head
4.44,-0.2981748306010135,-0.09724722188756353,-0.01716241438732457,0.031049681870520297,1.619272783992037,0.028774410275055926,1.890148627025554,1.1810555476627556,forward_head
4.46,-0.35227827541929285,-0.10043643938433433,-0.006160415263284053,0.022226668584515996,1.435423362690066,0.04343246679553191,1.862980697837112,1.130859434140031,forward_head
4.48,-0.3181539187001853,-0.09121984112316854,-0.02916446306943232,-0.009308729885518171,1.6185309854881806,0.03837867384735292,1.8673565520271387,1.1550966075260634,forward_head
4.5,-0.30487269001265016,-0.15040491402808626,-0.02134356584966178,0.01171629649069225,1.4809300468042204,0.051076025761797664,1.8400509907900375,1.051918930183951,forward_head
4.52,-0.2915314875909217,-0.1467828290165489,-0.046591750023712845,-0.0036918233939978893,1.7011367843100518,0.023359479210403464,1.8567856726582963,1.0616403794632034,forward_head
4.54,-0.3525109791387603,-0.14180001142089116,-0.03342578763832969,0.011460773047198761,1.6920872410748282,0.02820237088237564,1.7663735621883065,1.1665611753238998,forward_head
4.56,-0.3132586252858358,-0.15262631690361939,-0.0222191340434673,0.0025274530864410074,1.5728462192945725,0.03415965445317787,1.9264279924092977,1.2421111574258974,forward_head
4.58,-0.2972213202678596,-0.12200542464799159,-0.013001573934224245,-0.006413030313722794,1.537692982008842,0.017639774279279114,1.7765347992182132,1.2012934533787478,forward_head
4.6,-0.3029271945100431,-0.08904527619536946,-0.04533710104943625,-0.010906709200775863,1.6646383017397048,0.03334012065107809,1.9561208514708874,1.1268245845333096,forward_head
4.62,-0.35038535161404455,-0.11527781546585725,-0.02045078795076417,0.011956700290480637,1.598252999272098,0.0237242155613063,1.7810538913981961,1.1102250994944864,forward_head
4.64,-0.32739102937925735,-0.16562262336425318,-0.03577476945148132,0.009069497044495991,1.6419023294564805,0.04255082141741991,1.9530298165546143,1.1544599884734483,forward_head
4.66,-0.32909379319352317,-0.1374961682664908,-0.003899616999960333,-0.0177853051414323,1.5320334022304207,0.03449860000457806,1.8297826673726936,1.2520989308719515,forward_head
4.68,-0.3551828867847921,-0.09510630053953972,-0.008701407916699913,0.004031351807907413,1.5576303952330581,0.036186050102644494,1.7890892623075079,1.1775205993462545,forward_head
4.7,-0.3056384058311312,-0.09251712723012323,-0.012337974017643279,0.01860812706163808,1.5785238223483273,0.029526935486589637,1.8759567138606423,1.0894756716862324,forward_head
4.72,-0.36809698675558333,-0.11008237115198977,-0.028813759296347045,-0.006847088308770088,1.574963482343335,0.039122509713881,1.9462218805979523,1.2075925868871813,forward_head
4.74,-0.334440635649575,-0.1289848326184152,0.013801436682487608,-0.01272379959579377,1.4308564466401295,0.04270420304713358,1.8398184244647768,1.1044301490237016,forward_head
4.76,-0.33193288362610174,-0.13834722232999697,-0.016383315619421055,0.0015836615988818763,1.6088043676795085,0.019207266646634115,1.7929676179385077,1.084481256403591,forward_head
4.78,-0.2641426063749447,-0.11593940044862266,-0.031196944392271414,0.002798775194483741,1.5550489223159207,0.040323810146484285,1.804143956994917,1.0703682357145756,forward_head
4.8,-0.2885447547402624,-0.10847180805059367,-0.022647065498621013,0.011846220052259469,1.6712508000004942,0.025139503275478047,1.7877924828907799,1.1598503764613612,forward_head
4.82,-0.31905709855909764,-0.11857985888593872,-0.01635922443844028,0.024627725709682514,1.6279934753360326,0.02840315663602684,1.9272289942765384,1.1921879016137573,forward_head
4.84,-0.29471304221824324,-0.11670021676623153,-0.043938521029058195,-0.02808694906380114,1.687654290936838,0.046828455586462515,1.8253866612953944,1.2661954047111361,forward_head
4.86,-0.2752237169674504,-0.12405073154409006,-0.022277445771089095,-0.006848161308515831,1.6117374730942406,0.02671024740141379,1.8809597014104888,1.0003945959503697,forward_head
4.88,-0.33305894671150077,-0.07942573750194264,-0.022749233570431265,0.014987936414017895,1.6457852294865625,0.03374739624486838,1.8829339421246643,1.0760424004772036,forward_head
4.9,-0.3371269163657057,-0.125288109452906,-0.025221927738248863,0.005965593672907,1.8276042701346624,0.020559895067854106,1.7667819381019803,1.1848337053136855,forward_head
4.92,-0.3019173448225297,-0.11292906675094919,-0.04600980315119456,0.00016783159825329427,1.5102477284724412,0.023710907197123914,1.9221454119611316,1.1539045287595988,forward_head
4.94,-0.3238464786791114,-0.12008710854261406,-0.022343195671293038,-0.011042309480550226,1.586224239111912,0.02584052286079788,1.8536154870823052,1.036963493123849,forward_head
4.96,-0.31592408222953056,-0.11912025377710972,-0.009386062743701785,0.01342634673295565,1.5799004404878243,0.02528436706720532,1.8301618989432458,1.1614317237644185,forward_head
4.98,-0.3217573390675542,-0.1447091696876764,-0.02045137672146389,0.03304492059856391,1.7155518044654068,0.02384128510707319,1.8417768036172644,1.0492948204770591,forward_head
5.0,-0.30963633611492997,-0.11992589270206302,-0.02527667012510985,-0.006806298671094324,1.621626094547892,0.03130747216620437,1.7706270438590404,1.2669037384587207,forward_head
5.02,-0.32539166350036414,-0.13011943479989546,-0.03916645013237307,0.019886011587008066,1.6214067361520295,0.008515441658813069,1.8642281017007392,1.2030934369728319,forward_head
5.04,-0.343092636995249,-0.16114368442857477,-0.02446839077518788,-0.008023758916493451,1.5322295947500824,0.03283181359044138,1.938329877581765,1.1889526939582993,forward_head
5.06,-0.3216296294459959,-0.13340602518989664,-0.026255597121095257,-0.013881451370875765,1.5724801218404707,0.022858326234935566,1.7797011871867114,1.2575316121844569,forward_head
5.08,-0.3127807434849489,-0.10938184384647451,0.0031176420075766857,0.007665559127655219,1.5189551812156603,0.04253895024366081,1.780922276451332,1.1734766935079872,forward_head
5.1,-0.31121222894571937,-0.12258563325640141,-0.0182570291880885,-0.00461875025353162,1.573767254805325,0.02030150383545995,1.8174473874548795,1.057760475951458,forward_head
5.12,-0.33702440239710574,-0.09738883404971592,-0.03450214633002914,0.018316456876888508,1.6181164132740653,0.02730832900921313,1.8352158407482921,1.2109631863446655,forward_head
5.14,-0.3214859759309961,-0.0992605565900073,-0.0010351493227590649,-0.035006466271018284,1.5388984435519364,0.025554203893932155,1.8762427495043805,1.109553670834686,forward_head
5.16,-0.29184600358631047,-0.09822031772101307,-0.030727380013015292,-0.023791153666516657,1.60084905161223,0.029865724662804426,1.9853046804573558,1.1426240801130048,forward_head
5.18,-0.3149013966034741,-0.10508587725046815,-0.01681401313258942,-0.004824397895052202,1.6283556011117837,0.024697111663423112,2.0008092464437923,1.2539081393310174,forward_head
5.2,-0.29341317162256536,-0.1268489661774922,-0.03747466270402722,-0.011449801930416056,1.6370851555698065,0.03247755450215619,1.8428175301041958,1.16837932855218,forward_head
5.22,-0.3333921204515741,-0.1324855853839585,-0.004337621698309506,0.01838261964044994,1.570414182991745,0.033430136395611786,1.8140896975664231,1.2189708395501155,forward_head
5.24,-0.3349507675913843,-0.10110344006749772,-0.025071860111321533,0.009090779821474371,1.4526900175544615,0.03264826347076877,1.7710512153526483,1.1537700443468342,forward_head
5.26,-0.29880209897534554,-0.1307341845229161,-0.03947817646234833,-0.007401443393818309,1.6442312797808616,0.044110448241654734,1.8254245163190603,1.0836291207651583,forward_head
5.28,-0.3297200430807479,-0.16508796501964468,-0.015593522515648502,0.004048326537870252,1.7029851351365672,0.021305747365542995,1.9019546101427924,1.1459604368489629,forward_head
5.3,-0.3285896838019526,-0.11261908619468793,0.0022077215524515612,0.009548340564472048,1.6038163808110244,0.03525426096786898,1.8917820074069929,1.1617510328140672,forward_head
5.32,-0.3334204252589107,-0.11098523296795192,-0.0277300556635646,0.011778500421917422,1.6168282754117331,0.03286636561575156,1.8204564523461695,1.2090004940592851,forward_head
5.34,-0.37358528650890094,-0.11577607744798961,-0.0518476308194267,-0.0034967923959995707,1.6155725896469395,0.03561485531720796,1.7804236217229894,1.1320515995260927,forward_head
5.36,-0.3417288302489594,-0.11510697176079046,-0.023837666347523895,-0.013847569690602664,1.5874520676295738,0.05504044858636525,1.9185789738602301,1.0628855137706785,forward_head
5.38,-0.25912094968138105,-0.11104284019278576,-0.04670490583034497,0.013976506469170792,1.5862214321222214,0.030723732474268912,1.8024637036032283,1.1744705874136485,forward_head
5.4,-0.33031162244650575,-0.11071908546746578,-0.005886706198115778,-0.018191919532162665,1.5798990911050101,0.020501068436943777,1.812779610450978,1.1048451441932226,forward_head
5.42,-0.3280466649529939,-0.13384339346776022,-0.029224507140406194,-0.005453383222479715,1.5339740856782287,0.029828576248600348,1.861436284753647,1.1435163039821474,forward_head
5.44,-0.281009928758901,-0.09986456969063659,-0.009305190683044202,0.011854196420761954,1.6525433093538668,0.042765638559450356,1.8746479167414736,1.0973130411483796,forward_head
5.46,-0.31634474774456406,-0.14000347698125878,-0.014611022748835556,0.019161958459962575,1.6545002465115215,0.029068121094985345,1.819562604220266,1.1046106773959923,forward_head
5.48,-0.2839088902422081,-0.10350097808756546,-0.018710452637393127,0.009796101163140272,1.7071605780311168,0.03954360335831369,1.8209859743573127,1.0778527375145923,forward_head
5.5,-0.3166932770441096,-0.10074524747944313,-0.008787059019817444,-0.00010480986310457493,1.6156871249196658,0.041974201186598066,1.8613106175811949,1.1649290812323163,forward_head
5.52,-0.32750006961332145,-0.13224150261664044,-0.02121396258226765,0.008846564163745204,1.6067917873896325,0.029861043470922066,1.7916774650269323,1.224958586610986,forward_head
5.54,-0.2718529899956922,-0.11128671773294045,-0.0169258473161434,-0.008148681228747137,1.6593362105820761,0.04450027912930841,1.9207833629701312,1.2122601030523268,forward_head
5.56,-0.3175936588095128,-0.1228754982849468,-0.02752473085656497,-0.017109596120377237,1.610441337067381,0.026123540156026432,1.8412901872387286,1.1613931211781516,forward_head
5.58,-0.28956460191827094,-0.12223545150588126,-0.03213939402516584,0.014985299863744372,1.5403363861015085,0.024047995312904816,1.8783589801762703,1.1312326650503524,forward_head
5.6,-0.28722331448957006,-0.1045787227754418,-0.001314450128769275,0.016338556488244442,1.6441629642999485,0.04542420512351388,1.888662016063638,1.098994873000644,forward_head
5.62,-0.3077679917778589,-0.10306811555118328,-0.02168805100685285,0.002207458040488332,1.774959667498289,0.053853675162585365,1.7757433537279315,1.0939709955352028,forward_head
5.64,-0.34319534675444585,-0.0910878369076694,-0.022580110499901346,0.020735098232610404,1.6249169436648565,0.023376656662469446,1.6831435552528768,1.1005177715078684,forward_head
5.66,-0.3386013197092298,-0.11192358665449266,-0.039551168606410454,-0.02355806212071374,1.6867204773322195,0.021966580757148982,1.9238214379701908,1.0840343535346173,forward_head
5.68,-0.3002115498677783,-0.14031429224338343,-0.023681251654228738,0.010122009852848144,1.6254063560880883,0.019088759340519887,1.8582189694923092,1.1024450629881895,forward_head
5.7,-0.3726190314697021,-0.13982201557194288,-0.015400467397669317,0.001009355367761848,1.6285156041898345,0.03600370768489601,1.8472280435316508,1.1674102680229228,forward_head
5.72,-0.3297163458766684,-0.09952138279255651,-0.01716768049943628,0.0055804377952840285,1.5303371378797173,0.02291998951896305,1.7469964817035581,1.2254552400947332,forward_head
5.74,-0.31640055028740927,-0.12932993941259768,-0.02795375663205821,-0.01935244128054447,1.6147788878670022,0.03770770481643858,1.8785395139066758,1.070948704967842,forward_head
5.76,-0.3058940911940805,-0.12416545258103502,-0.023864199902805014,0.010334240382571807,1.6884281756351307,0.028846449338824666,1.74849881183509,1.1631698188252293,forward_head
5.78,-0.3000663448906843,-0.09399416143513167,-0.01968225033314866,0.005490364807922725,1.724825002878308,0.011396621277593348,1.841277869586931,1.1705395671150587,forward_head
5.8,-0.3230322193755579,-0.08323764672093793,-0.04320687247442295,0.02663020615710283,1.5494773422962387,0.031208152300725184,1.8556498414856832,1.1016722741847782,forward_head
5.82,-0.3354046430477289,-0.10533209029129699,-0.0267022451289123,0.0028590803936679714,1.689573627249737,0.04138846752831752,1.7597700563544034,1.0076295411145402,forward_head
5.84,-0.33789610872742865,-0.1426767803351482,-0.027917654355248844,0.0026003271814624895,1.6818244657933015,0.03256672538095205,2.0865927994351785,1.2353695349402654,forward_head
5.86,-0.34586890938876474,-0.12555540262813655,-0.014517510067583554,0.0022626497002281873,1.6699139381103216,0.015105310633455537,1.8633417399308059,1.0785530480933634,forward_head
5.88,-0.3249328852038826,-0.10694292473841077,-0.048271796083295355,0.010347192157270332,1.5460331498093216,0.028386783659554403,1.8553820071156784,1.2160339857425633,forward_head
5.9,-0.32172616667813103,-0.09458885905674358,-0.01449087219771904,-0.014928995975450025,1.6196455111032344,0.03599885432931165,1.8665002819327225,1.1296027205128218,forward_head
5.92,-0.31386013403839663,-0.11341815633744995,-0.004162022891581056,-0.010613683135647988,1.4791338349246776,0.029973401195766847,1.731791146841482,1.2014766140468072,forward_head
5.94,-0.3260589359029656,-0.1050912289423836,-0.02870546674848712,-0.018246472208842617,1.644794939789084,0.0315595063378082,1.902442843252972,1.3084668071468515,forward_head
5.96,-0.3506941562177641,-0.12995626067983668,-0.016094753635756128,-0.016837653703759604,1.5807304425354762,0.016314116573742224,1.845865390027509,1.10768032164503,forward_head
5.98,-0.3067393228819459,-0.14133968981307252,-0.026480870476354303,0.004048082369249022,1.6578709326874006,0.04165772683652727,1.751685748849088,1.077761647963091,forward_head
6.0,-0.2835679962221897,-0.11996820073028207,-0.023327813964535735,-0.0023321035916391833,1.5885297869437873,0.034678322666593736,1.905424109105584,1.0921857073030827,forward_head
6.02,-0.3487722975070663,-0.09696037572575088,-0.02461807174016663,-0.01433178050185337,1.6301221896683882,0.028804880397677892,1.7863886968007294,1.1345410847108104,forward_head
6.04,-0.32635590848202006,-0.13552746904624233,-0.009615427497288376,0.008610598387969978,1.6432055005048511,0.023032119653333714,1.6896226011641051,1.1887485553624324,forward_head
6.06,-0.3430675493566759,-0.12919594964748443,-0.010692782463257255,0.00788368706967028,1.6158491065068974,0.02487577134749901,1.8283794412692542,1.0307305801580597,forward_head
6.08,-0.29585668463209874,-0.14193816252109004,-0.023613389092115144,0.00872529542266007,1.6307961088237473,0.018851168001532834,1.8033800349071525,1.1463297577489304,forward_head
6.1,-0.2903690354992411,-0.14668171099584595,-0.027847823263930916,0.023124150689308696,1.647110086734512,0.029234732919194976,1.7376399576735166,1.257919200802222,forward_head
6.12,-0.3401615958456308,-0.1110751177623225,0.015038395654024973,-0.0040624025325041654,1.5720800831907937,0.040098270299214055,1.8580381269780615,1.0991652890187091,forward_head
6.14,-0.30530643468196034,-0.11227094131629603,0.02224409106253184,-0.014604544735140362,1.696457464205374,0.02799552163627549,1.8507889929805137,1.178905041579674,forward_head
6.16,-0.29322706446410857,-0.13670090852868355,0.0017795651737758263,-0.010941110998950617,1.6894068630829753,0.03055961941222044,1.8810398864747897,1.1836487320873044,forward_head
6.18,-0.289376274956175,-0.09035149792293713,-0.005498645662931504,-0.01066134479920968,1.6007420935436492,0.04429891884893957,1.7685468768644543,1.156510764118669,forward_head
6.2,-0.3175132752717894,-0.10482816123720187,-0.0015023067843742905,0.020700482175595673,1.5847535355257323,0.023296409604531727,1.829091518923211,1.1813169629667886,forward_head
6.22,-0.311956307076786,-0.10754790619562786,-0.015571408236744346,0.009514028057272878,1.4298980150634497,0.029944518834736825,1.8813636804794103,1.1714722438274052,forward_head
6.24,-0.3150207914852114,-0.11014366961802977,-0.013549810327281588,0.016986479333761715,1.5398758568201447,0.03161095359986279,1.8913099467496763,1.1383955908209462,forward_head
6.26,-0.35562408341961343,-0.12264278809621638,-0.022861099593440723,0.009405766539342825,1.5617031984859504,0.03487862224477702,1.9407574914109829,1.2251751377647495,forward_head
6.28,-0.34213180654521724,-0.0940992863311736,-0.022742905045055047,0.004454750445900944,1.5768476428946399,0.02930865963416757,1.8786967681282238,1.1201389036711304,forward_head
6.3,-0.3288175138815543,-0.12656134426202106,-0.027116623343201116,0.01131786094253295,1.5070916232066673,0.019486521722660723,1.7573302650864335,1.2270745538303471,forward_head
6.32,-0.3014248438046221,-0.10651467049520517,-0.03650958547561676,-0.013994600512494137,1.5618683271554208,0.02649966808333739,1.8314241497165782,1.1357766233834972,forward_head
6.34,-0.3386338231957313,-0.11088849708028932,-0.013848766180021416,0.015386889359818022,1.5464878726661544,0.03279563559327131,1.7755270654589228,1.0693191744010766,forward_head
6.36,-0.3415403320700515,-0.1263000197960837,-0.039652617597196536,-0.01314440558137738,1.5227427935685434,0.033246342590394586,1.7938121391322375,1.1101022280369037,forward_head
6.38,-0.2733812948536784,-0.14639509073106532,-0.01390328930960965,-0.007016216540936181,1.6900990967093632,0.0349902883659889,1.927967342263212,1.1716795817154417,forward_head
6.4,-0.32635027248594567,-0.09776230026192997,-0.022397536225639076,-0.01922908530077042,1.4946412369488398,0.04249426785437334,1.796478159415408,1.0918178951594828,forward_head
6.42,-0.29634349650675085,-0.08585025793672135,-0.046660023520591655,0.007474016795912659,1.617158253766403,0.019785840220229427,1.8605901287236515,1.1962103407751168,forward_head
6.44,-0.30922367029077513,-0.11357230502254065,-0.018840809558614044,0.007334605256141086,1.7882822413716546,0.034003669058412886,1.9301766816480588,1.1120305567295041,forward_head
6.46,-0.31805910787856606,-0.1374223612595177,-0.016876623722819995,0.005857097621089286,1.5972419355180645,0.0258556956083198,1.9506994555712938,1.1887107447170522,forward_head
6.48,-0.3238993451811625,-0.11978334846944785,-0.014803338275044197,0.020510575185895837,1.591807860288089,0.026425077715551384,1.9190667547190718,1.0309312123506253,forward_head
6.5,-0.3000402859517651,-0.1614226434013883,-0.03404085396962313,-0.0357263635734394,1.569601751860634,0.02121076674075404,1.8927311225861072,1.1935577943618185,forward_head
6.52,-0.28997012810124995,-0.10461457245066497,-0.016516521139252567,0.010611048558935594,1.7413159787104326,0.05121858269562792,1.9349558356659629,1.1054043946849306,forward_head
6.54,-0.3251435663777649,-0.14632925363372007,-0.020465077864255166,-0.008682586146797927,1.6312896422222671,0.04300608847786962,1.8314519728580152,1.062157377782208,forward_head
6.56,-0.3148909579062925,-0.1355540153495612,-0.011267477543355317,-0.016155727505709115,1.6148596488726814,0.01991991128901209,1.8596350601932237,1.1373290039540827,forward_head
6.58,-0.31348949157949246,-0.13365432803217445,-0.021288909892531117,0.004125285832517627,1.5903427637211245,0.035866310339022704,1.7768065221521419,1.198855100576496,forward_head
6.6,-0.32098664700067914,-0.1122081464252272,-0.03181925820539262,0.009486978682329084,1.7177835096989154,0.024826101828319038,1.949595259259049,1.1887489798792747,forward_head
6.62,-0.28594644848374906,-0.10282068414514903,-0.029417240346213118,0.004245948927432024,1.6222912908386296,0.04884629395550811,1.7903451120409433,1.1335862319334995,forward_head
6.64,-0.3144584970114058,-0.11815660084125706,-0.04175904034389908,0.01874097435070801,1.6152758804640461,0.016334888648951516,1.7464951323885511,1.1405822910877041,forward_head
6.66,-0.32867289119305115,-0.12828162376447508,-0.012220476645314034,-0.008026945030648098,1.5992455061973203,0.043722990090998476,1.8552621194127343,1.0449864506075308,forward_head
6.68,-0.3288536699044346,-0.09671401808533764,-0.016454548164311824,0.012621134239965902,1.5471179510019608,0.03332158843100688,1.774006485303414,1.1288572781508555,forward_head
6.7,-0.2791502066531873,-0.1090251406699505,-0.030425203475982255,0.02788033708242479,1.5149399283895906,0.039333092851080866,1.7954248296702446,1.089973685359297,forward_head
6.72,-0.3099865858352132,-0.13512174254836642,-0.0044466301433658375,0.013371307088340556,1.6170046568803162,0.02472430553961956,1.9580686597110397,1.216603915931417,forward_head
6.74,-0.3140988747787899,-0.10266938163022798,-0.028737146599844735,-0.002426790315154325,1.6366354124763243,0.006849346059484821,1.9113535007158293,1.1954207623491753,forward_head
6.76,-0.36111627907895405,-0.09523799865112673,-0.030048230419936022,-0.012280503442335968,1.6713061129762177,0.026495501715688135,1.916384001928922,1.017391570693127,forward_head
6.78,-0.3286415979106418,-0.10348697621992911,-0.020501106415431423,0.0009372033710517577,1.6004892438256422,0.030269241992824988,1.8681560587612456,1.175573534115484,forward_head
6.8,-0.31595796873437887,-0.11366031293327915,-0.0013525373694692857,0.006729536679317169,1.5253786345559512,0.03349685770627011,1.8939900953050075,1.147516446713921,forward_head
6.82,-0.2864881509793215,-0.12053125991838463,-0.03901345796328809,0.016497049005857373,1.686352840734739,0.03255073752236741,1.8946813383794239,1.192799210909493,forward_head
6.84,-0.32071673927930067,-0.09820794205763039,0.0056029523844256844,0.005827606435999645,1.5432411285497727,0.04178796618371587,1.7641266407618776,1.1736903862820158,forward_head
6.86,-0.2951839057377678,-0.08265428262213528,-0.04311042623870732,-0.012575066762361241,1.5259175599436383,0.01661672820576075,1.7244607603911992,1.0973410314832894,forward_head
6.88,-0.31310499448083573,-0.135642590877836,-0.010821514668237876,0.007655681351887696,1.6824610470386725,0.039653427150308916,1.8379207053066229,1.1757980068489557,forward_head
6.9,-0.2731629039255429,-0.1308596552194887,-0.061572938634827434,-0.022634148575231477,1.5594048698932275,0.022147785687628527,1.8447277310727073,1.1228518913629755,forward_head
6.92,-0.3089079383119494,-0.11113513982994117,-0.018234503911925576,-0.01758693014923789,1.5832213273765003,0.03209852830323308,1.8969598964652967,1.0231793862754641,forward_head
6.94,-0.3664277908418167,-0.09865342496993287,-0.035024428802181005,-0.003044721291039836,1.5296340996377515,0.020370310858431093,1.9306018414394575,1.1397899616592788,forward_head
6.96,-0.3340515292642474,-0.1157053594691207,-0.01851896168285748,-0.0012316655585093692,1.5854388129254937,0.05185860356243546,1.9490858290642483,1.330455861314054,forward_head
6.98,-0.3263448576200929,-0.11809801493219502,-0.012834959813693904,-0.008360579545903874,1.6287484679153574,0.03813608008608364,1.8015316312478302,1.106422809617732,forward_head
7.0,-0.3225744291534116,-0.1110264822821274,-0.0219394628416356,0.0007369881938126872,1.689796159349302,0.01854344013941264,1.8294681580259402,1.159348955368704,forward_head
7.02,-0.3224774797315052,-0.1485301196498433,-0.038260432237195705,-0.002087434214865673,1.50331431856227,0.028926392938240637,1.905326001594453,1.0843511544359365,forward_head
7.04,-0.3327142119498126,-0.09915535534422393,-0.016669702525807777,0.01264135004851348,1.4997167147644745,0.03354819450308704,1.9020757559429247,1.0761719817838022,forward_head
7.06,-0.3603114594313884,-0.1303889551237432,-0.05994715819643241,0.004610100646865373,1.468270718489806,0.03218217114175403,1.8537725772021867,1.0799907810720049,forward_head
7.08,-0.3352221437480185,-0.10538675439625157,-0.02520936346248954,0.010910815906929036,1.494118526929389,0.01489559134319897,1.9257922538217431,1.1572887466984554,forward_head
7.1,-0.31457321564225593,-0.1240204886633927,-0.02991457012093297,0.002388480082221039,1.648144264515076,0.02610641020181529,1.8226453079243432,1.0985509714448076,forward_head
7.12,-0.29481794683368145,-0.13242890412429895,0.00387027844408828,-0.022418789520313568,1.5753347063187564,0.03253438860842847,1.952468253522753,1.0232526688008832,forward_head
7.14,-0.26949204501295,-0.10250673881788919,-0.02533060761572573,0.011138493358925477,1.6166576925214,0.04168426876523381,1.8118136107406484,1.2625728928112194,forward_head
7.16,-0.2841844807853,-0.14189264129858592,-0.02137247451180488,-0.019614026189895783,1.6150996098668922,0.027647812982777957,1.7994232481515462,1.1898854603692304,forward_head
7.18,-0.34077557608297887,-0.11269396794352773,-0.023349899795378642,0.006447246018840774,1.7548728052487772,0.03594065156446499,1.7783899691427847,1.2302912874092522,forward_head
7.2,-0.32537938533647454,-0.11827784077603769,-0.00831874114520815,0.007895096422813492,1.7516423399015142,0.0325488514747321,1.8705522671114827,1.1864138505070336,forward_head
7.22,-0.34863838537266567,-0.12421366993160159,-0.021106328613674005,-0.0031019729483316703,1.5305888989005845,0.02628515030953694,1.9472889353882792,1.1899408105033142,forward_head
7.24,-0.33343204708054125,-0.11519869831242643,-0.03680158422080635,0.005167563453198082,1.6042033354728364,0.026927577395485267,1.9127181056244842,1.1230473208599645,forward_head
7.26,-0.3511601426072293,-0.11271312800891908,-0.012061730239404073,0.0021432521383723145,1.6619202424037864,0.03647624251033249,1.7635391981464525,1.1900114025180646,forward_head
7.28,-0.28309276635322417,-0.07895193197564579,-0.030933995097538886,-0.018997755259332817,1.6469683103066541,0.033269860175935285,1.8584059358995033,1.1814652766497657,forward_head
7.3,-0.33791354972107923,-0.11760405966239992,-0.02053556250307595,-0.03551005441635528,1.6493985891434455,0.027730280368445485,1.839399451085906,1.1558181410267085,forward_head
7.32,-0.31137587898726904,-0.12453714746239912,-0.009807835669421167,0.0004340545829617523,1.7144404901166848,0.019263708761504104,1.8833576312234108,1.0866661607093404,forward_head
7.34,-0.28926599480882176,-0.11551778882278456,-0.03005097509643292,0.002861159356779643,1.752831102838129,0.03145187049217281,1.8331869719610034,1.1092362838930656,forward_head
7.36,-0.29314918041687116,-0.14818602332202158,0.00879720832452202,-0.024807390694182602,1.6240366507472697,0.021900788534682976,1.8995320113640095,1.165802317175308,forward_head
7.38,-0.34377495077702314,-0.12798419496143726,0.016546765423894532,-0.0023124043604254687,1.481264837544109,0.04394939530004033,1.9160664846369975,1.2183921962402073,forward_head
7.4,-0.3353051158423194,-0.12488407801102079,-0.029790112471200305,-0.0071600600285011175,1.5906995851697878,0.024665066758064604,1.9208962300919328,1.2474345931517858,forward_head
7.42,-0.32779175919097847,-0.1112958200659213,-0.01087988411866006,-0.0055419260504029145,1.5860079902641213,0.04671880165088204,1.8632005783320609,1.148698411010585,forward_head
7.44,-0.3235659921176656,-0.10586495870938242,-0.03259760939393642,-0.0041009928523461974,1.5942559639072207,0.019868658253356493,1.8019239476122308,1.1951420041616276,forward_head
7.46,-0.310681170726694,-0.11555547654187755,-0.029104885556455528,0.014505617933249058,1.6346919964993785,0.0485971119481412,1.9284349965673226,1.1154100760770667,forward_head
7.48,-0.3336063371468996,-0.09460641675711506,-0.05638786592112766,0.009369112934572595,1.4429507796746284,0.033196735665429036,1.85239262138045,1.1729425705290406,forward_head
7.5,-0.3225276130906364,-0.13401573234859096,-0.027534097963038143,-0.005874792889058798,1.6953269804960205,0.038247856866365226,1.8439274265243693,1.0813810832482866,forward_head
7.52,-0.32448118236576257,-0.10130275430552067,-0.02480666033411205,0.00849593545991328,1.7129384407230241,0.02377386395786983,1.8257359340400474,1.0706715926864752,forward_head
7.54,-0.2931707071891526,-0.14564364216915365,-0.03134010885413041,-0.0036775705343104,1.5447854831425611,0.01284938032492842,1.776701791451532,1.1139835178380244,forward_head
7.56,-0.3240877542146829,-0.11966801094478564,-0.02835119237231103,-0.015478345212538484,1.5083054926695036,0.026248462346661974,1.8760926598182315,1.130588810090004,forward_head
7.58,-0.3184451491061354,-0.09573206599871208,-0.05326269903614186,0.009906675263408198,1.6212552147137307,0.029573563864786226,1.812240784568828,1.2405865130919134,forward_head
7.6,-0.26745769745630316,-0.09871175237315774,-0.049077387975037946,0.006143400776510878,1.6237431718975355,0.01377912193238664,1.7625894903714858,1.1627025729555873,forward_head
7.62,-0.3007586262466751,-0.10765863011929669,-0.04060055287310028,0.015072762063007923,1.5842628369864586,0.0410720752173535,1.888444929085737,1.1761475261773917,forward_head
7.64,-0.2909201642646972,-0.13182754821754739,0.003733361784419013,0.011168824719899145,1.5549123148993613,0.025712493231004573,1.8829840666622568,1.2408716078288844,forward_head
7.66,-0.3434782135980809,-0.131323338381511,-0.02914540836436592,-0.0018773481919869151,1.6838987417318343,0.03660669479616276,1.8224082311131815,1.2196125820664063,forward_head
7.68,-0.3259023949017344,-0.10938304666884875,-0.0182245534704921,0.01648430087161614,1.5030413078266405,0.029158871685347358,1.7391545759329479,1.1295126632020818,forward_head
7.7,-0.3122692984564901,-0.09386094966475665,-0.004583740020220237,0.03315729795050402,1.5996520348994996,0.03890159261450449,1.915781339983725,1.2118279203012943,forward_head
7.72,-0.29368983638607626,-0.09963811957040085,-0.026218817197127663,-0.010093938396868741,1.5637651944307964,0.015616434283897829,1.880828183297214,1.175384707607222,forward_head
7.74,-0.29508830905254646,-0.10656773894828803,-0.013351417824992495,-0.005838966352320602,1.4552429012268935,0.02311815497327596,1.8369288062825397,1.0636685684848337,forward_head
7.76,-0.2839246985918241,-0.1285978998587506,-0.023261439892135652,0.0054576384315538976,1.648276843603903,0.03746264362653421,1.9281766013001964,1.1501195582522459,forward_head
7.78,-0.2873915821130633,-0.13208654767494377,-0.021429511773834668,0.009222006890241698,1.529289621230287,0.039724929958161716,1.9180520279085482,1.0993554893387982,forward_head
7.8,-0.28851498208725596,-0.10283704506475144,-0.03367247606810827,0.010643186189237316,1.542731720580944,0.04425082322395863,1.7110054155826704,1.1768418799542057,forward_head
7.82,-0.3358625538632291,-0.12720654067368561,-0.05127506671547112,-0.004182157486059168,1.6545923684746564,0.030578980083190568,1.8554419517676275,1.1583596946723484,forward_head
7.84,-0.30935414078733814,-0.09785036564983446,-0.03752721440574157,0.0019432546809029687,1.6712568568443307,0.03771433860600895,1.9052669060145062,1.2315790451542832,forward_head
7.86,-0.3112464468541081,-0.11324980105407872,-0.03479091645500415,-0.001756971450626307,1.8031803787344203,0.031486863093416105,1.9563992360061737,1.1260004661810394,forward_head
7.88,-0.338789308778925,-0.10458101444269306,-0.01041042369751781,6.539282205039854e-05,1.8018840733300319,0.03293088626008714,1.8548373299290843,1.1748029359740135,forward_head
7.9,-0.31396594612704815,-0.10110806009053937,-0.040231839016862427,-0.01858194536346549,1.698019325977295,0.034309927548568216,1.8704188563985686,1.1986048007606502,forward_head
7.92,-0.2796895903953787,-0.11463672970811532,-0.01747185342173808,0.009130976961627188,1.7857342128680713,0.026422776527328693,1.8378765276382212,1.2029471053418015,forward_head
7.94,-0.32003602202387366,-0.09818429476959832,-0.0278779305611994,0.0021100687435783917,1.5819430453773216,0.0304570824056558,1.8648194091174037,1.1953751590114685,forward_head
7.96,-0.3320037258409905,-0.11762135838201514,-0.049926564810106676,-0.0204020010608414,1.5917479346719232,0.022556937144648598,1.8500734194586044,1.2472605595450141,forward_head
7.98,-0.3342305218879165,-0.1138214812637312,0.002905614093128663,-0.030581462327173042,1.6883420905809954,0.04351008248347986,1.809245223544866,1.1002417847465518,forward_head
8.0,-0.2976944191316947,-0.09246788651037044,-0.008579159245469465,0.003974122847487458,1.5733108309985728,0.03701293492102245,1.7898154495596599,1.174448629409946,forward_head
8.02,-0.37428067732912773,-0.12331431373826268,-0.01814683091041685,-0.004432435321934091,1.6894209001270455,0.029489541881984094,1.9328908829339204,1.207642775182717,forward_head
8.04,-0.34998854111992095,-0.14885942974904473,-0.03414000767038705,-0.026511563520130867,1.7153921185209184,0.029105732690033928,1.8673868658929051,1.103343334604515,forward_head
8.06,-0.30327100593463724,-0.10757499985964535,-0.017609317216945426,-0.007569528781810029,1.4098297810559615,0.028988825437314014,1.8091104210765858,1.2464180951931172,forward_head
8.08,-0.325681298376249,-0.1399370013516761,-0.016341134169933668,0.022884790980379585,1.5837477114112994,0.012787652616689571,1.8827278834203627,1.0635292483591252,forward_head
8.1,-0.28240476256396113,-0.12007380776625384,-0.01994708532570969,0.014115123472627146,1.498560068326068,0.020460917019121443,1.884688327072024,1.194835917140974,forward_head
8.12,-0.3641353820726115,-0.09842403241877629,-0.026477659264546476,0.0020003836484498937,1.507302307206335,0.034965130598655095,1.9713658268714411,1.0645784758349746,forward_head
8.14,-0.34666797042882125,-0.1310895069158481,-0.04608990387145933,0.0035481027739100767,1.452558162686565,0.031086544972961483,1.8240224151588749,1.132540689703588,forward_head
8.16,-0.30717181328797477,-0.0857271373634545,-0.014511477951948662,0.03847500522671804,1.4948628925519976,0.04905461308803189,1.886114702640954,1.1425605652632986,forward_head
8.18,-0.31795960559635533,-0.12811410253098127,-0.01667439783081571,-0.018883485836214815,1.5106006919873467,0.03996856971741439,1.8523478722302769,1.254287350267497,forward_head
8.2,-0.3381197956873683,-0.11877587682766473,0.002050995977592127,-0.003487515372468021,1.5991353834534106,0.02542997589965719,1.8287732377952493,1.2196174474052692,forward_head
8.22,-0.3085244525808021,-0.15539605758423203,-0.02343064786789712,0.013436008150262793,1.5797002271465352,0.03495407349878845,1.8419938830386582,1.1641854539013585,forward_head
8.24,-0.3246288073673793,-0.13018471609286608,0.014621329177798148,-0.009886454275151044,1.5474563078185726,0.03227082793309896,1.7610287757670555,1.2022184752603526,forward_head
8.26,-0.30119248028977497,-0.08756123190184986,-0.02240453801198229,0.010392530826748457,1.6789762502551049,0.02169804816010575,1.8077856023078112,1.1774293783223473,forward_head
8.28,-0.3232320021327892,-0.07261132079796256,-0.004591117855183375,-0.0005210920376676272,1.5339303880750823,0.023170661447420686,1.9303691722129093,1.1085676653143142,forward_head
8.3,-0.3207559303833237,-0.1063340302194309,-0.02160866745036836,0.0010570105728123218,1.5325988232156442,0.03630131520857512,1.8004220381709042,1.0799725536152631,forward_head
8.32,-0.35203826453761716,-0.11567884762759371,-0.01966559229969631,0.028900711561354705,1.5305734890755254,0.021994212972205274,1.874040074405743,1.1815087440140821,forward_head
8.34,-0.30709329154089654,-0.12929141939782407,-0.025755867430766754,-0.023533046313693004,1.5952612377079405,0.030821598169271346,1.8292060929045049,1.1508139683110918,forward_head
8.36,-0.27648926512170335,-0.10060818593771179,-0.022243261695105543,-0.021183834451176567,1.630536049961412,0.046846691859905906,1.8658430692111485,1.0857379500221527,forward_head
8.38,-0.31769665516704376,-0.12880817947272918,-0.01183374350581388,0.007441708506503346,1.6317647366387105,0.01951658664581186,1.925210348322619,1.159181728066478,forward_head
8.4,-0.3215813481705282,-0.12960958737190204,-0.0026329592935229336,0.03994162162323536,1.6469770187582973,0.03246086374603339,1.7399430881679365,1.1024570594914755,forward_head
8.42,-0.3176736089465638,-0.11978724487968637,-0.041202046480986174,-0.00452463813297837,1.540516641935378,0.031739807652076506,1.8062677209081666,1.2076169303792121,forward_head
8.44,-0.29901980481902785,-0.13460816580871704,-0.04893005746273838,-0.005474079614793936,1.716713361209117,0.03256115257659642,1.8169916123052716,1.1494900601149494,forward_head
8.46,-0.34331863444642263,-0.10705661708383496,-0.00783298149515699,0.0027812449835664665,1.52997640619826,0.04022440584111021,1.890592424914817,1.1881665285654444,forward_head
8.48,-0.3086308668622844,-0.1406807877832858,-0.02280017454295158,0.01125213731715431,1.6657640546722976,0.015048710530153301,1.8872771927663707,1.1966561541341965,forward_head
8.5,-0.3417305259253881,-0.10697196484645342,-0.010410983421897191,-0.0008252165037554897,1.6491871295907305,0.024554350339811522,1.7968256480274236,1.0549344045206965,forward_head
8.52,-0.35692209993091845,-0.0976099116926628,-0.019638911253776155,0.003044526973550009,1.613308138167766,0.060931659687679024,1.9677669914980285,1.1290386837171158,forward_head
8.54,-0.3508689015852907,-0.12398887531143754,-0.015119871605371649,-0.03537068640259618,1.60909210066245,0.021722989312782565,1.8706247234499669,1.1737353088942706,forward_head
8.56,-0.3058726388783413,-0.08975733444620398,-0.039082144129114094,-0.002060890744220077,1.6834808819519809,0.023571613904415232,1.8915047226720896,1.1151008759350136,forward_head
8.58,-0.33627045399189737,-0.11981105788999283,-0.005102381772911663,0.002629356730463273,1.5735380400879198,0.019775823377344612,1.9212183799082367,1.1967400316594539,forward_head
8.6,-0.3765715597650933,-0.14562165140138816,-0.0364386573185412,0.012930407787189324,1.5890505496090213,0.03866691428138775,1.848265395160062,1.1478972900543098,forward_head
8.62,-0.2879231838656339,-0.10424679297068577,-0.017843447650016653,-0.008149285393693721,1.4685549995506946,0.0431018128743314,1.8817767553590103,1.2557921174113214,forward_head
8.64,-0.3299555310016244,-0.11683749977017215,-0.03221037658434022,0.004690821805447947,1.5775400737772602,0.034422280604986456,1.8538933204832337,1.1397086520223016,forward_head
8.66,-0.33861896185019746,-0.16846543684999307,-0.0289230332555648,0.006192552678269914,1.5175680258107047,0.016953397754087753,1.9005031500629566,1.2002542782484455,forward_head
8.68,-0.31366438727687657,-0.10719161074770413,-0.026735124325406184,0.01495069531281553,1.7286030800469487,0.031756322751002763,1.8155288567252632,1.1331060600994585,forward_head
8.7,-0.3459300227679119,-0.10675118132227802,-0.02092444053095278,0.0023676033109937965,1.4308969812812806,0.03821078221988001,1.7785805378817452,1.1869663018586667,forward_head
8.72,-0.3498309493238841,-0.0794081664172797,-0.01920280641693412,-0.008798105222490863,1.7152636281866294,0.027643960891786414,1.8391025233967953,1.2290245367215304,forward_head
8.74,-0.3243326374021735,-0.10179968730765827,-0.02195807556275549,-0.021956555541298505,1.6412764273100162,0.03095365458835546,1.7620826896951258,0.9846170671084685,forward_head
8.76,-0.35998787371098545,-0.11701932738748859,-0.011971655947051026,0.00032789479728142563,1.5629658698894768,0.030948385367959092,1.913874964397005,1.2318197115186165,forward_head
8.78,-0.34802855106466724,-0.12208733142916836,-0.009430061378211774,0.026044212905062317,1.6976025655242648,0.02765558607268622,1.8868687366680486,1.209949764565861,forward_head
8.8,-0.3370378677351228,-0.09541844048769806,-0.016442021094890943,-0.00064408940615253,1.673985401814452,0.0379278543855278,1.8929541762438329,1.0412879407717992,forward_head
8.82,-0.3551627408186527,-0.08955550567264159,-0.0035056929651233553,0.03432496655035741,1.5669640633989739,0.03345913867780446,1.8392272207389417,1.1355007739768626,forward_head
8.84,-0.32630431776439217,-0.14603394645082252,-0.010813330087584212,-0.010408669389483665,1.73529872703686,0.03768890265108623,1.9489598581165888,1.1044365566972336,forward_head
8.86,-0.30315215166837156,-0.08703738727456936,-0.03389455970103506,0.01565163544525748,1.5440344386721905,0.014555227930659383,1.8511489608595797,1.2344945586961076,forward_head
8.88,-0.32755607832078754,-0.12361706755331006,-0.03871745008108539,-0.006466005503924738,1.5009631005669022,0.023200639222615664,1.7888308909434845,1.1702499613247324,forward_head
8.9,-0.3455966255865091,-0.12859663717291833,-0.020786944305473693,-0.017399904595451352,1.6476454483791492,0.043260040764060724,1.7940552687226166,1.1790037332090502,forward_head
8.92,-0.35466577441420316,-0.1293261996996104,-0.016731362233836474,-0.006338109462486624,1.6890378995912125,0.012697330677839097,1.8890683551465368,1.1069894971493957,forward_head
8.94,-0.31992796382959515,-0.12632976540759194,-0.017447849590296202,-0.00733452059632348,1.6811865882946302,0.03321609506697094,1.8371744104424255,1.1806098191586007,forward_head
8.96,-0.339023957713782,-0.14147896576011473,-0.03899328933080241,0.016955142085284727,1.6856529038716066,0.03920765855076969,1.895612153334452,1.1052609064850927,forward_head
8.98,-0.32325863332263144,-0.1604545422285593,-0.0449933913206239,0.013067418295004038,1.4956704751126624,0.032951696007598646,1.6692724215734103,1.1432749531016486,forward_head
9.0,-0.2768920409766251,-0.10736164962986339,-0.016059654070404182,-0.01103591603529656,1.7051902424096295,0.025434144385162324,1.7966233374718166,1.0348908978236206,forward_head
9.02,-0.34115872861634744,-0.12305341754981676,-0.023282956596424455,0.008569692861632658,1.6186432008029044,0.0327075586042461,1.7747862997159962,1.1659494653320166,forward_head
9.04,-0.3301059761263673,-0.11760630228667175,-0.0164144618702059,-0.0045469163274885266,1.5944361882742177,0.030326746116126138,1.7315518629453757,1.0377530549466474,forward_head
9.06,-0.27312145023310036,-0.13131389763468485,-0.015016829293699432,0.0045059929423027,1.6028555008111596,0.03588416979024759,1.8449249537431296,1.1640903393888313,forward_head
9.08,-0.3144641573539902,-0.13218466588685746,-0.0298064546837569,0.015595624272322188,1.602109134477716,0.044689671828744656,1.7687333277328865,1.1758583478462328,forward_head
9.1,-0.3360931464771268,-0.10125380636627015,-0.04868828845711307,-0.01614914089605236,1.6300443033126581,0.04095073804671491,1.7786159520439437,1.1106997527484126,forward_head
9.12,-0.3157521519858174,-0.13400732474946347,-0.01540914488850119,-0.009452825313121386,1.6947518637599635,0.021324488560123558,1.8333677662477699,1.2020174867851214,forward_head
9.14,-0.31250647437927,-0.105213323619834,-0.03820876814657901,0.00608322729221775,1.5973376793857208,0.0435247047212287,1.824754803842237,1.1176724792108723,forward_head
9.16,-0.3312120567848936,-0.08115238541844372,0.0016047146375556464,-0.01073190135075637,1.4366087288397025,0.031465257418210164,1.7640208918343292,1.1803252557609116,forward_head
9.18,-0.3086574031819411,-0.11894357940149793,-0.016096352352196648,0.020991009722208673,1.638588799950814,0.020193753562249242,1.8102958907290345,1.1948429979795014,forward_head
9.2,-0.3210857159455231,-0.12792365127217425,-0.008593687350857892,-0.009563810704533311,1.4771430631045654,0.026153711336338693,1.783654814130979,1.2273966794292597,forward_head
9.22,-0.33516165652475105,-0.12461173355795413,0.006489445342534885,-0.029847087122574396,1.6726023628251883,0.050289194908491236,1.9340209788602385,1.2374518353211534,forward_head
9.24,-0.34550789826434836,-0.09996097035390936,-0.03719017816728529,0.007047997792523223,1.6070658272931608,0.01825238492586909,1.933120897750334,1.1706942064155417,forward_head
9.26,-0.334888337069449,-0.13083555915711587,-0.02824196967867465,0.03273275731014213,1.569535033926873,0.04838527694460166,1.8389305383251195,1.240604769557484,forward_head
9.28,-0.3261755009119672,-0.12137015182369851,-0.022295687443996664,-0.002080040567713323,1.6406106414028039,0.025489639569051932,1.9088567418261086,1.126140516668286,forward_head
9.3,-0.321188051245425,-0.08566680511573956,-0.004136353583089658,-0.009041306683446196,1.5838851809697045,0.015355085941000756,1.858337718075987,1.2663918190444259,forward_head
9.32,-0.30817488214221167,-0.08479239780960629,-0.04591494860969602,-0.014281491987297324,1.640512388411029,0.015875102788202693,1.8178743673578428,1.1728926258994723,forward_head
9.34,-0.31040896615172725,-0.1136189688886744,-0.02146946581026283,0.014171497681238841,1.7158130133426304,0.04399354452640645,1.9270735794655875,1.237673361234668,forward_head
9.36,-0.27481083747934837,-0.1366286562436687,-0.01925764296998315,0.0032136681765244,1.5918258010951192,0.030444045874242723,1.8148611167479172,1.1927202215281485,forward_head
9.38,-0.3320766877251602,-0.08006281378471729,-0.016294615689447234,0.007694409174948347,1.5199003767439445,0.04049334910012749,1.8399529957265985,1.2133525509758507,forward_head
9.4,-0.30884139063253624,-0.11981133817001231,0.006469772297994139,-0.002831868291626837,1.5854119330473608,0.03425818956316941,1.8812801702949808,1.1550152998910117,forward_head
9.42,-0.3317883120014204,-0.14058886753952118,-0.038787683327405516,-0.0003024963022225661,1.4878247318503603,0.035875480769894615,1.8615144836215336,1.1119944811354028,forward_head
9.44,-0.3304803708718109,-0.11376749241135829,-0.02366850953251485,-0.008164598351944403,1.5627811520822414,0.025982513748101416,1.7662556697994483,1.1155423612983162,forward_head
9.46,-0.29558605050947306,-0.09426378780020853,0.016136447998538722,-0.016361264488870222,1.5852012533912343,0.03163340015606984,1.8409207651357689,1.0978123638600223,forward_head
9.48,-0.28533243713770956,-0.12926965275150842,-0.00040011197978816676,0.020327513586164928,1.5275692728348638,0.024399403749256983,1.9052154037766111,1.1750176443351925,forward_head
9.5,-0.3509453391428482,-0.15045130994081446,-0.021345593880896362,0.01063208924783732,1.5414545732236302,0.04479063940439637,1.832318590920874,1.1228329672089121,forward_head
9.52,-0.3314103997724075,-0.11041936516148199,-0.025442628473038777,-0.022721023748119934,1.5238353553020874,0.0472531615931855,1.755294116958316,1.1928569171708368,forward_head
9.54,-0.2929513152703874,-0.10802207270833404,-0.032880177304921585,0.007326950967306568,1.534120358382839,0.032963281107162457,1.9051940033252062,1.1846732189464142,forward_head
9.56,-0.3058174603521775,-0.1260603618654144,-0.051389431608617406,0.0022891799712692774,1.5433642128990739,0.028091124195313684,1.8592323502682524,1.0956756367252392,forward_head
9.58,-0.28897740057426974,-0.11634486133541148,-0.024737612995225033,-0.007733363992205837,1.5898802336350046,0.028129116781687905,1.837836052620064,1.1689091514720191,forward_head
9.6,-0.3037844524366661,-0.15211857743748697,-0.04610493147216363,-0.005763770566901381,1.616600734497013,0.01233076187433897,1.8104170149808543,1.2142482405805566,forward_head
9.62,-0.3252770632281181,-0.11794055778438856,-0.03654601281187989,0.011783696070514329,1.5076999491059218,0.027078491281791694,1.8491655416431594,1.1085521145903277,forward_head
9.64,-0.3142798197501149,-0.12578644677888776,-0.00987164961554062,-0.012948197189663337,1.7226780955063892,0.025950490638521635,1.7693015630506366,1.0583207961160974,forward_head
9.66,-0.3033143478637799,-0.1315510330513999,-0.023409712838248078,0.014432334692690306,1.6251127891866541,0.028462073019922617,1.8549201337226748,1.140447108397924,forward_head
9.68,-0.3283332285960682,-0.10394204910544812,-0.03142662262822381,-0.007439146324977628,1.558835939879922,0.025215679292221668,1.9772430009199196,1.0770713128440381,forward_head
9.7,-0.3582391663142355,-0.09638066888192096,-0.015372663549872453,-0.016509318297518224,1.5685215773567196,0.02932600717113807,1.837156335538695,1.1814975183710699,forward_head
9.72,-0.3298749529073196,-0.10807808180977867,-0.027599391033739703,-0.0011333124771272197,1.7149043795896577,0.030857452709326133,1.8193596601074753,1.116121175930839,forward_head
9.74,-0.3020719649047434,-0.1524292242065156,-0.007719902510206853,-0.009056987793483752,1.4682653207042586,0.0315855885674865,1.8150929518902492,1.1176183204266157,forward_head
9.76,-0.30932887973828016,-0.12775842302515622,-0.003563144329389655,0.017666623405753357,1.5958088346154442,0.01955722841443533,1.9710420108378308,1.1301098031315502,forward_head
9.78,-0.3128925595261948,-0.10115824590553509,-0.00792247953970396,-0.004230255265524027,1.6801053139723363,0.045584536301428676,1.9379328843679968,1.0870434895138013,forward_head
9.8,-0.32094198788161016,-0.14056675441425764,-0.029287725057483643,0.026111456716136093,1.6548065821919018,0.04696814462256698,1.9467036822510297,1.1098971112716098,forward_head
9.82,-0.32155650291834015,-0.09903551337451623,-0.014106350370968712,0.021025132298563926,1.5340634000512248,0.03988647886142881,1.8717656592397491,1.2100975274270789,forward_head
9.84,-0.3152360592499804,-0.11889339815404583,-0.03249560456872785,-0.014346565982743248,1.5018044165862003,0.028993065728694204,1.7632245947346874,1.2481889345534882,forward_head
9.86,-0.34124208605271594,-0.13554967190351574,-0.012860164681094868,0.0035936144523502247,1.635553169336215,0.02930501116841047,1.8985100667353492,1.1968398338003479,forward_head
9.88,-0.28358532008573545,-0.11958581081862037,-0.008781873641075988,-0.010444931912489581,1.5131874840162296,0.024167180611617736,1.7847070725292251,1.0598314265568582,forward_head
9.9,-0.28298946848624684,-0.13840119709375537,-0.010514542577015085,0.008444713882482078,1.5773745398454637,0.02455229439930536,1.9184771168644903,0.9949121100202486,forward_head
9.92,-0.2806209173038507,-0.11740289868624068,-0.015003943225757488,0.01602317449270231,1.5766975641010914,0.047127567889934295,1.838504668243519,1.2168526819906695,forward_head
9.94,-0.2658746692597736,-0.10754077092065409,-0.02025135852830436,0.004131061647644236,1.4866594691153237,0.021702877753933036,1.9350379714240549,1.194125223012014,forward_head
9.96,-0.27223575000157046,-0.11264082929671404,0.0010610235898215962,-0.022613319513162547,1.6737577864879307,0.03972379732638384,1.8132366608238824,1.2110609756739714,forward_head
9.98,-0.2850911220070969,-0.1231642550084761,-0.05219672386623524,-0.007912972232496197,1.5675599666415732,0.04226864345255668,1.8195157085753264,1.1631450950648583,forward_head
10.0,-0.3066964602408273,-0.09899414707762093,-0.005593408837123167,-0.012008924608713766,1.7120827717048483,0.03700781247707314,1.7527570857348964,1.1340179343264662,forward_head
10.02,-0.28901289394587926,-0.09375840448113217,-0.04129256078713297,0.000918233696544865,1.5634939668482921,0.03149590890271728,1.8739498862359374,1.2024760802677297,forward_head
10.04,-0.30202449840592055,-0.11882768581716222,-0.03200634170741187,0.004873231039628701,1.6387679973544116,0.05428788745693619,1.6985553206546322,1.0122111390465254,forward_head
10.06,-0.30049643995165826,-0.10827271385092022,-0.026538523770286305,0.039051887047298804,1.542850545457382,0.02309733874402512,1.94021103842103,1.2152427628527576,forward_head
10.08,-0.324255795511929,-0.09578243981879485,-0.02412792015654561,-0.011459700756296654,1.6032716981224735,0.02797210356438192,2.015108486928507,1.0887464848186583,forward_head
10.1,-0.30674386960107375,-0.11703943242584765,-0.02025001960083955,-0.02552321196223726,1.6262981002214472,0.012537243296162685,1.9236613575081796,1.177217371020005,forward_head
10.12,-0.3257659245054364,-0.11427290630639798,-0.013110563751889537,-0.004415982033028534,1.6046633004884232,0.034342760741914176,1.9047164908914165,1.1309833638661921,forward_head
10.14,-0.3475992035392588,-0.12487259642801704,-0.004525674969571928,-0.01169355495460877,1.6167631669399465,0.04274675749714539,1.8998765531940331,1.0844442167883874,forward_head
10.16,-0.3187029053917084,-0.13490528263451018,-0.01907898153745009,-0.018230833795944982,1.5246985586480577,0.045669522702809155,1.9565193250883308,1.1542620884235346,forward_head
10.18,-0.35091573639548157,-0.12443679389826917,-0.000938812703187503,-0.020723878188839535,1.5529143632304299,0.027137944646551698,1.8922839034570946,1.2429957679390895,forward_head
10.2,-0.30925200936448616,-0.1198538753034594,-0.007337867490012919,-0.005470029077027076,1.6357031500424686,0.025474559743479713,1.7872771875383602,1.1056199503579627,forward_head
10.22,-0.32212317922388356,-0.12640611461979218,-0.020213536246232174,0.004031358155434646,1.5675560520228233,0.02854582831091147,1.8160610366921954,1.1706986091885543,forward_head
10.24,-0.33517587055238723,-0.10434899276783051,-0.022351954010162878,-0.02348612374895083,1.6098021077687137,0.03250888820634012,1.8235963915119238,1.185244919685862,forward_head
10.26,-0.2990751555736986,-0.1341725685806908,0.011473447887259207,0.010477127994778254,1.6561059612653832,0.022931616895137043,1.855602905076321,1.1617329968768353,forward_head
10.28,-0.33944757445697465,-0.10305363689121498,-0.03384788438529046,-0.002989150836867173,1.6378090160978318,0.02979517905675338,1.930464221238477,1.1607221229126778,forward_head
10.3,-0.2898974511635658,-0.10220863561113547,-0.017875436011448902,-0.006941581053251246,1.6360686360222674,0.04287112937627401,1.877556099073691,1.168291210144666,forward_head
10.32,-0.2940099824992405,-0.11273783366207543,-0.03164588343884035,-0.0071904225670000824,1.5144954027781357,0.023614710068108707,1.9174305789178023,1.1773043271068229,forward_head
10.34,-0.29007269393310264,-0.137738201995501,-0.024594136609811672,0.005554132701735688,1.4381887402290991,0.04691064644451099,1.9966321217898297,1.1595157865700996,forward_head
10.36,-0.2910613654516784,-0.08485035322675347,-0.023165496738023768,0.010055083455120191,1.661969701741433,0.017390595448072123,1.7796624240016679,1.1032546076111345,forward_head
10.38,-0.29954203008667235,-0.07421248938263245,-0.005821991258048911,0.016686770477572693,1.7077736398428653,0.015057256455515361,1.9577353297411122,1.1607838826589032,forward_head
10.4,-0.32521443831578906,-0.10849914922326893,-0.03194374620725284,0.020012667372780842,1.4594395485906628,0.03604392056584596,1.928756299733387,1.1959857563749754,forward_head
10.42,-0.32563884750521116,-0.09291332087787248,-0.00277603295208416,0.006445331032572209,1.6890227798874173,0.032431250976468186,1.9263964935224607,1.146830132610748,forward_head
10.44,-0.31714803783574325,-0.11883434344447556,-0.020266523804045353,0.002026287818552274,1.6636370140350316,0.04029292206848283,1.8614920164166995,1.1133089422518587,forward_head
10.46,-0.34907273614232703,-0.09271570141404746,-0.015804144083698624,0.018513641757683465,1.6167330658215426,0.0182488976633409,1.9533919585282105,1.0769848231866075,forward_head
10.48,-0.3139056844100696,-0.10821584829835935,-0.03413002385914297,-0.01137356387736459,1.59619914207218,0.04009235609494745,1.768656604002061,1.1471399270714966,forward_head
10.5,-0.31631412527169583,-0.11202782749519218,-0.025844135429641066,-0.009026969801421852,1.3933407552191353,0.028982177301167353,1.8859271767428791,1.1446211613169257,forward_head
10.52,-0.29310387529823134,-0.09281631605020023,-0.03365661923492691,-0.01904572706958995,1.582697877783824,0.01520388475247028,1.8093853237387616,1.2184079372538785,forward_head
10.54,-0.3011973130801466,-0.10831829274839365,-0.0323813365405071,0.01353710693507868,1.6457229768414965,0.014727087966296617,1.873310921533402,1.2277718315415191,forward_head
10.56,-0.29707809647784883,-0.11101381547293396,-0.015931166533644143,-0.004878573038103323,1.638470190630995,0.018715920102364468,1.8896134547179604,1.1242869011415324,forward_head
10.58,-0.3176834103561464,-0.14089890012279463,-0.014305586325219496,-0.024280111993573633,1.6272500799767482,0.031012392694446927,1.7741495497844924,1.1914028483100585,forward_head
10.6,-0.26950568904027145,-0.12342796653837097,-0.035429724435630895,-0.02040614547905203,1.6356550144755169,0.027059805711817913,1.8029253832915522,1.1829884711048415,forward_head
10.62,-0.3483130509378429,-0.1429708928598559,-0.026767807490079933,-0.009528915521579868,1.5991900363953306,0.04877535322312835,1.7990093515684504,1.2432791696249597,forward_head
10.64,-0.34050973184223565,-0.1092126390604593,-0.02468629781195076,-0.00295117698142514,1.5667960130781688,0.016334673827214943,1.7247902291515462,1.2055479957392738,forward_head
10.66,-0.3215989577306868,-0.1300866856751773,-0.03028390383529412,-0.013857157946276857,1.6371200302616586,0.019402419427880065,1.8842864817574378,1.0654346765287284,forward_head
10.68,-0.337721572000859,-0.13176074044007163,-0.01435334396303065,-0.011520101798916006,1.502270519908015,0.0423347186029486,1.8655730334310832,1.1230755894230042,forward_head
10.7,-0.36104763876159474,-0.1244056158655705,-0.03699709465133191,-0.006626919940760093,1.5770453343919215,0.03060922470150974,1.8907677778574374,1.1605788570192588,forward_head
10.72,-0.34510843111231804,-0.09621512988550696,-0.0034669768244329252,-0.00013550955315105802,1.7108884302690206,0.048964957743258465,1.7938274543643353,1.1398523174193573,forward_head
10.74,-0.3087296740889057,-0.11522072207654896,-0.0172292918664953,-0.0012886579271412302,1.5492222789779173,0.03232819762294841,1.8303765556377913,1.0985982711869038,forward_head
10.76,-0.3042940759729976,-0.14494701883724512,-0.02790090413526919,-0.02135052161348767,1.757356731783991,0.037583308335434516,1.7597930702017905,1.1682774068853914,forward_head
10.78,-0.28349073890343035,-0.08863685797147132,-0.05272790738878267,-0.02495211261947733,1.6073674378721168,0.04714767933415181,1.888134537911605,1.1593913896733583,forward_head
10.8,-0.355589839212866,-0.11258857403450091,-0.0042731777153427256,-0.008837423049952907,1.5013158060884424,0.04463254213161731,1.9079946912161923,1.1864835851393494,forward_head
10.82,-0.29075922741800797,-0.1202162837207155,-0.010056473387354424,-0.02743896218068151,1.4750316362097557,0.025073710424591177,1.8343444706012457,1.1298349578526306,forward_head
10.84,-0.3714139409529855,-0.11884739008774316,-0.025918375188234283,0.01934798780070134,1.5653458832588636,0.008703336835512675,1.859475938881646,1.2339950630516061,forward_head
10.86,-0.310991702914685,-0.1022902460669134,-0.043420260669457526,-0.012066430790151282,1.6570718160255051,0.024780785302103026,1.9360728852336884,1.1982031542050051,forward_head
10.88,-0.34240388983247666,-0.14214791087207992,-0.002729465753236977,0.00521591769466299,1.4788656017173667,0.03027199313593095,1.8552603367403093,1.0501347914897265,forward_head
10.9,-0.30143140530329704,-0.12590393828330212,-0.0197709870945065,0.031843373555582685,1.5948352075459655,0.038369548712861336,1.7184276760044448,1.2201543089058935,forward_head
10.92,-0.34513971973741914,-0.1116035318211736,-0.008768480834475826,0.0020807874823960694,1.5669996986232724,0.023634352029900482,1.7954666283876568,1.131370798464822,forward_head
10.94,-0.2941342360982644,-0.13563506038497358,-0.0066114840139360476,0.013637551298816932,1.6382817341091975,0.01931856910608635,1.8379411057517845,1.1385680053424516,forward_head
10.96,-0.3498889191957473,-0.12258656669713568,-0.026310687358364386,0.008193587063357715,1.697474683374886,0.03405339926503049,1.843525015156661,1.2025152163215997,forward_head
10.98,-0.3421446864346712,-0.13438976221375745,-0.04752683742624018,-0.007463160962373546,1.481069631139447,0.02423447621034411,1.8549426974658174,1.1748764532740532,forward_head
11.0,-0.3286859800164392,-0.09796060382234224,-0.015756970343166397,-0.0006393075763125208,1.648154775147818,0.020454390469835045,1.8002659950659758,1.0824759179981254,forward_head
11.02,-0.3214346967238123,-0.12120384760359325,-0.01858089674996573,0.011441503777611656,1.5963904365491977,0.016909590364766778,1.9233043372478855,1.2093603672090498,forward_head
11.04,-0.33636778583703075,-0.1099601515448013,-0.016746140452318602,-0.002519351320262641,1.6171011531513608,0.02174832386539662,1.8352070615680947,1.1812336785911013,forward_head
11.06,-0.31214131043855103,-0.11505318765136169,-0.022706938461316658,-0.009131061477546196,1.7174694712164835,0.03036775140958125,1.8959662123557974,1.1259961653480142,forward_head
11.08,-0.29657481383593937,-0.10590422986825299,0.01541942029455225,0.00853041381675687,1.6801776958111736,0.027363452123509834,1.8266407985075042,1.1177918662997886,forward_head
11.1,-0.33040411924912294,-0.09004502137828155,-0.02617453095853821,-0.009716158730849533,1.4849744351635852,0.03835225877812949,1.8703523653124206,1.082195636609127,forward_head
11.12,-0.3333232798045429,-0.11555114695927154,-0.012357606361803017,-0.017476078826481087,1.6326220479037439,0.021674357396940503,1.7991680025004244,1.1618024828399771,forward_head
11.14,-0.30696964635334767,-0.10547873558223432,-0.017905622365173377,0.005215049780240406,1.5916620691367966,0.03125643019297734,1.8587674336112472,1.1660215309687745,forward_head
11.16,-0.31628665572088877,-0.09554448955614632,-0.0318840465884519,-0.01445548905541066,1.649888606229854,0.02727140880755062,1.850130291689028,1.0820475319206624,forward_head
11.18,-0.31955523605161,-0.10205278340991003,-0.04311196647542463,0.023900284361210736,1.5830019198491934,0.03377264804762354,1.7493018092700998,1.2069280300740801,forward_head
11.2,-0.31000730456384357,-0.11348529877196799,-0.017479559041790986,-0.001746435436068623,1.4458453838093481,0.048601400358976296,1.7525393253393675,1.142323702599221,forward_head
11.22,-0.3237835252037896,-0.14452761775005074,-0.0054059012235763045,-0.008825842659224566,1.5527070787140245,0.012900808148477565,1.850916038143938,1.1371506032833414,forward_head
11.24,-0.2884637267572511,-0.10362936043290057,-0.04661291797868671,0.0005677732254695333,1.6256639690662138,0.017778153440949684,1.9195175396853146,1.176723163494599,forward_head
11.26,-0.3147868460899697,-0.11726211011125723,-0.02636142084347818,-0.00047667448845831217,1.4735739688286908,0.029296329881861722,1.7650257117405848,1.1263170148634505,forward_head
11.28,-0.3101823568765799,-0.09989985817080292,-0.02774980879716642,-0.01626511992400496,1.5497225993654928,0.03355419764607083,1.8993159870384062,1.1558280659381859,forward_head
11.3,-0.3119755533572677,-0.12157337878695343,-0.03015320744275117,-0.002780296222199881,1.5046053293750223,0.01603040647104264,1.8662654129144207,1.1111776310293755,forward_head
11.32,-0.35997061342114184,-0.11619553769551721,-0.026364174008001656,-0.0011850173563034746,1.5968161777736087,0.020169485527541546,1.8969822966860077,1.1079012368977201,forward_head
11.34,-0.30373020551343227,-0.08656311062218149,-0.038329521886496916,0.019960851563245632,1.7046901335168692,0.02263093305783281,1.898856415043999,1.07158765978619,forward_head
11.36,-0.3680867541773333,-0.11717802547199732,-0.009650893455716908,-6.981412616348528e-05,1.7042663243849494,0.03238171216037188,1.8258791784925599,1.130493035053856,forward_head
11.38,-0.25909198568479197,-0.092369273049993,-0.024956809752962807,0.0032529420816325167,1.618156605913582,0.020074399629039143,1.8310355292536125,1.1133417145535869,forward_head
11.4,-0.27723029569167423,-0.11931742443447484,-0.014473178833415026,0.008294066387443516,1.6208026000656666,0.03056664264153221,1.9153467517571592,1.1828164946201485,forward_head
11.42,-0.3147653324205601,-0.13462079453153555,-0.031224040841874266,-0.005775904278548089,1.659805117998849,0.0386774325382305,1.891928647600652,1.0428041354511188,forward_head
11.44,-0.33163931512588946,-0.11725029243070535,-0.01664607225358751,-0.004470062839608214,1.652631139146656,0.02091056278452085,1.9131748161240831,1.112419519267926,forward_head
11.46,-0.2949749210481767,-0.1275428103778823,-0.02687810787701892,-0.0038271313044955686,1.5570421951592766,0.026179723405339146,1.8564282644854864,1.220016290021658,forward_head
11.48,-0.3225479004522237,-0.10151879353601363,-0.01752810869931142,-0.015836629395902573,1.5223102412062426,0.007954983334313239,1.746891234553348,1.1275021513396348,forward_head
11.5,-0.3435369741615988,-0.13187819554846153,-0.03975296392628282,0.007461011882970442,1.4421898661474502,0.008936259313048221,1.769528961070547,1.153514685426506,forward_head
11.52,-0.33843499145560496,-0.12492715940201632,-0.03801959152101478,0.002568668537923548,1.553117110249246,0.022208414937056435,1.8363214156690606,1.159298612891078,forward_head
11.54,-0.3177030606594831,-0.11379543592432562,-0.035234835502860336,0.004198568047071479,1.6403373143202997,0.028154064180615633,1.8770438642212872,1.0950989681095138,forward_head
11.56,-0.30506205712173845,-0.11678347249093667,-0.013820536312353436,0.000509934584599705,1.5772259348904685,0.030688423141587793,1.8194517585117043,1.252970507976622,forward_head
11.58,-0.32784559067307956,-0.14877599395941468,-0.018453742226796275,-0.0063971065144559445,1.708736875113419,0.023109154168464555,1.7971241172422106,1.1660179023590367,forward_head
11.6,-0.30287381107808375,-0.13650214475879513,-0.015625928959248084,0.0491660928584743,1.4340781452934033,0.019994853988844874,1.810891130465174,1.207650386523907,forward_head
11.62,-0.319209074459167,-0.1486709099710619,-0.021000468261850272,0.008104696705963555,1.5845607213752695,0.02928551474630365,1.8111211079927407,1.093314592698588,forward_head
11.64,-0.31052169111295874,-0.07180310890100246,-0.030511354114909923,-0.002264140589784347,1.6634150896336717,0.026133851494220463,1.7565040584071163,1.3180343660510891,forward_head
11.66,-0.2908801432594141,-0.09201573326850299,-0.034266690937054235,0.01021554815380093,1.712304445168773,0.03642521278006209,1.8899485823925386,1.123786632913213,forward_head
11.68,-0.3196575999368193,-0.11092925183993874,-0.025862990253810652,0.010696866008420536,1.5160363156450436,0.02601510364131313,1.8608064110597131,1.1403243193890895,forward_head
11.7,-0.3004209797693905,-0.08081333560462194,-0.03370234500183019,0.001033475807326919,1.5468235672047184,0.03591595018102263,1.8313836036065327,1.2519869249674163,forward_head
11.72,-0.32951699783472327,-0.12803031569141124,-0.03077509018949197,0.009091180201576001,1.62879758191029,0.027491920867965324,2.0407627315788233,1.140965142804495,forward_head
11.74,-0.3312528259187272,-0.10709314051424784,-0.029125710923250826,0.014710403167031556,1.5715584866419412,0.04062712511208391,1.9126235899732162,1.1530790037624945,forward_head
11.76,-0.35824460655243767,-0.14566530318111037,-0.042024727084191076,-0.020495280580096278,1.5978593204344758,0.02615958759501294,1.8448918084335677,1.1326016223109214,forward_head
11.78,-0.3138150160413716,-0.13196606682081988,-0.03125306827252031,0.0032011868442141764,1.4097803635908486,0.05116907982505977,1.9179841044703259,1.2125120609962412,forward_head
11.8,-0.30375105167354716,-0.11061752725313274,-0.00733902299135005,0.025506199014484785,1.429954514099118,0.0369129104389062,1.8262342929075779,1.099552810648426,forward_head
11.82,-0.310825870526726,-0.11187289247152019,-0.016805908330251758,0.009981202591690858,1.5585718280091259,0.033362179472777524,1.9527600413657225,1.1578436156054148,forward_head
11.84,-0.34265080882889204,-0.09140414832135225,-0.031546550526875605,-0.0053368544705189045,1.5040217769615467,0.04325992050262456,1.8946629849815553,1.1445099088494375,forward_head
11.86,-0.34039509356449976,-0.10912059592120746,-0.01701322081056293,-0.008330726269855404,1.4436396165385523,0.0338602484759906,1.7137471896745822,1.1915495639075646,forward_head
11.88,-0.3232418635554612,-0.13128771705637857,-0.01921510721006341,0.020020956057281762,1.7157129493092345,0.056591999309833746,1.8542218252080547,1.1910896876010102,forward_head
11.9,-0.33089110052765724,-0.14368818227964555,-0.015382525409111267,-0.01286427149289962,1.5357348689746706,0.044708304884383064,1.8096027878744245,1.0906861849726177,forward_head
11.92,-0.30554613043580553,-0.12304131069512603,-0.030272123282678205,-0.004525750153988032,1.464449679265399,0.0216693331120103,1.742996791662498,1.1293957836762742,forward_head
11.94,-0.3216815179801525,-0.1589460391354453,-0.022725191987654436,-0.01728616007269197,1.6467746084979846,0.023952123084621413,1.8687250134649396,1.1448345170593803,forward_head
11.96,-0.32623348363769694,-0.11294755599593383,-0.016975122175256176,0.018745089487238766,1.5979469100141876,0.016007146662482825,1.829306021718101,1.0849879457332163,forward_head
11.98,-0.3105718066578383,-0.16114136537173476,-0.01570276419566594,-0.0016430706284640193,1.6350701210104899,0.02818792003296117,1.8467861878669873,1.111007577827122,forward_head
12.0,-0.30088216113069083,-0.11360071439912402,-0.013765487222325568,-0.008945586486831665,1.4585751538804563,0.030944007220348936,1.9637858263475767,1.2205431200894274,forward_head
12.02,-0.3298218319320973,-0.11333268728316609,-0.019419404309781424,-0.0028136473078978434,1.663019328427435,0.03441287688420405,1.8617073112557936,1.2390221045096363,forward_head
12.04,-0.3058904613502104,-0.10087361351236247,0.0013319096132201357,-0.028386063309727972,1.6684640825437427,0.03216493783692538,1.8615082333458282,1.1248576248798705,forward_head
12.06,-0.2874603901020712,-0.13481833109403862,-0.034096525247514366,0.0036995933374094586,1.5524424429682186,0.03786081112089078,1.9260765972860021,1.0369600943030446,forward_head
12.08,-0.31929515933008734,-0.11313898009737619,-0.02862004227304505,0.02488051678883804,1.505446426538661,0.027088921048878896,1.8714942907384884,1.0417516830351035,forward_head
12.1,-0.3218293184536589,-0.11712521254545029,-0.032614149086184624,-0.0010166512729977678,1.6668405462964213,0.030597134044449616,1.8985218588264792,1.0826916618301583,forward_head
12.12,-0.34495444338542597,-0.11220101062755042,-0.03385974106996578,0.015947451056747674,1.5519337237829471,0.014861962926040796,1.8926040062093632,1.1521824610414002,forward_head
12.14,-0.29552618860387303,-0.12649558483597131,-0.016869017461045667,0.007590948428921406,1.631586245958806,0.015568485817720756,1.729010354750775,1.1256582252313223,forward_head
12.16,-0.3120862526017186,-0.08229369146875702,-0.012418082951099163,-0.0008262482196071439,1.6849683046135109,0.034879095693536324,1.8815185163751083,1.134404237181996,forward_head
12.18,-0.2916266058494797,-0.10964313046123321,-0.02903327275666806,0.012446773671683786,1.6305533934391971,0.009242323522728423,1.9838764740640495,1.1102760343100924,forward_head
12.2,-0.31474866732557644,-0.08178119025260996,-0.039125013429684455,0.02398485121605249,1.5782455692303063,0.014448645452170256,1.8871013471557199,1.188347878000435,forward_head
12.22,-0.304399512194258,-0.11894169559695371,-0.02628811600521045,0.01239295336385236,1.5174043256343044,0.03101798087160545,1.7437815060312656,1.15788267993999,forward_head
12.24,-0.3471048192999962,-0.08047969294809729,-0.018734606118165253,-0.022843499902970424,1.6033002064587702,0.01661886152821075,1.8423064669181721,1.2225770610317983,forward_head
12.26,-0.30219119280022266,-0.16092055445776857,-0.01947992690393122,0.001724765369943849,1.550535879005662,0.0457071462107174,1.856803419348504,1.1401280045465982,forward_head
12.28,-0.316181248235038,-0.1571649609439058,-0.02227844048492878,0.018973895892835033,1.6650851781314562,0.03247691260260753,1.8214782523726332,1.2104082635363511,forward_head
12.3,-0.3267186381486398,-0.12434813001580107,0.0005918658977227255,-0.028024986967887716,1.6483626397894373,0.02826981594287766,1.9298657985943617,1.1418609534098247,forward_head
12.32,-0.3002339862310246,-0.11265014931785297,-0.025279067465422366,-0.013453921568141554,1.7055552602598025,0.03604186174768781,1.7710919690271938,1.0204701739978883,forward_head
12.34,-0.2995793115724808,-0.11758310745484968,-0.034571940895733184,0.007068928729127038,1.5274207935446047,0.05708157476265427,1.8379880461811526,1.1581316224833633,forward_head
12.36,-0.31903718069053444,-0.1271268446995801,-0.017440693479166325,-0.010692949067722566,1.6312937690501748,0.025806713794432015,1.779888097739205,1.2072216351141967,forward_head
12.38,-0.3128065361178367,-0.12907063370481178,-0.005427597693383968,0.02109815363091808,1.6762156872714835,0.017164899208074718,1.866984331812621,1.1124561863131908,forward_head
12.4,-0.3113156531787082,-0.12823946104978023,-0.03285264440608523,-0.009167987616612704,1.5925507686077534,0.029484498127389493,1.8439670276038573,1.0629651348302318,forward_head
12.42,-0.3265243096818577,-0.1118522098154495,-0.01275388366247764,-0.002108536940880144,1.7290682616655837,0.02122006761570311,1.8760828833273246,1.1837125843169993,forward_head
12.44,-0.3084161235918812,-0.12117308722674754,-0.049955314720095886,0.017576749977523915,1.5942813615803997,0.029918558780773187,1.9218864377449674,1.186087936457762,forward_head
12.46,-0.325328355639373,-0.11670091088703789,-0.025554902932380292,-0.016032103201545272,1.5883150573165272,0.03286244811901217,1.961150655362844,1.0970136079999773,forward_head
12.48,-0.32213402915074696,-0.07550665516681515,-0.015466210944590903,-0.0004181422378955672,1.7537807898445041,0.0240252675196956,1.7687994366408457,1.218356644196794,forward_head
12.5,-0.3138312527124196,-0.1049440444960767,-0.009005723494954944,-0.00028045053402055685,1.4465803476200747,0.03159154176714212,1.7674969812736854,1.206936708618504,forward_head
12.52,-0.367850379364199,-0.12594534649448644,-0.034862146381464613,0.018006381424718877,1.5833446867420935,0.026778618898053802,1.8447894736803285,1.083079859873414,forward_head
12.54,-0.3301672324609353,-0.09764422794463413,-0.02565105072157562,-0.02931229875063433,1.538481079160221,0.031016435696702406,1.8468150960720713,1.2303607759395705,forward_head
12.56,-0.3600429073922053,-0.13866643531822415,-0.019603912387306476,0.016900584640179038,1.4344890259343894,0.030342686231355435,1.8805221729367356,1.1571464453479263,forward_head
12.58,-0.3707458455246049,-0.13577639526370824,-0.02278105977702007,0.0027824525739933133,1.5539905346769822,0.030032278935037172,1.8254587577921242,1.1713412540305517,forward_head
12.6,-0.31253723114691484,-0.0855642333093281,0.010928501713258256,0.010650673842685593,1.4421303711955384,0.03737918673873338,1.8396093112387943,1.1419587945462901,forward_head
12.62,-0.3660566216412025,-0.10121245388533723,-0.023483178020636764,-0.0030036133308712206,1.583849431315713,0.02307778523055633,1.7482669716123251,1.085493579908386,forward_head
12.64,-0.3524618867483695,-0.10614553402289688,-0.01667023257918434,0.005087089621604677,1.7229118237264283,0.03195558872293958,1.8814508894880901,1.0974815919842287,forward_head
12.66,-0.30818864182425254,-0.13546619895495643,-0.045967004395320345,0.012193516657640761,1.7153949605082466,0.044744228383781705,1.8163148779872862,1.095090509858353,forward_head
12.68,-0.27253724609177893,-0.11682005013124676,-0.027592010676176355,-0.013229011327522255,1.6806913817930134,0.03718051293383707,1.7415991493873009,1.0771266549539074,forward_head
12.7,-0.3059725575972398,-0.15028503155539066,-0.047836231692353584,0.007426377367405621,1.7936524837893781,0.030800090179010496,1.85035322164191,1.138066960926686,forward_head
12.72,-0.317968228286085,-0.11384074219824279,-0.03875475286601198,0.012905558967843055,1.525491412625142,0.04157232439294806,1.8426968394753385,1.1470172973519601,forward_head
12.74,-0.3372331482312977,-0.13495058729564927,-0.017326838268887396,0.01073565329776784,1.405251087802568,0.0482827828124699,1.7544673218925364,1.2469850368425426,forward_head
12.76,-0.31775775778238863,-0.11108413890752514,-0.019656122972474488,0.011425526992760627,1.6892932040128472,0.03419369125206753,1.7882533712610884,1.1153884266887182,forward_head
12.78,-0.31596775892325435,-0.10867905902632703,-0.0169897933689469,-0.013725636437061853,1.5208704923364083,0.023655808704483233,1.9181036441753143,1.0890013971173653,forward_head
12.8,-0.3159847819961255,-0.1140225604056229,-0.02572555606024806,0.024871146522521443,1.5925991914668747,0.038505422606074806,1.9803436550920388,1.1754573098394023,forward_head
12.82,-0.3090854496731932,-0.10062761808599283,-0.01802705665712497,0.005090725094548402,1.6707823863745408,0.0241010858062119,1.8797218367667226,1.073047788678814,forward_head
12.84,-0.3220681424001233,-0.13844731995595244,-0.02881386111642413,-0.010190721410240671,1.6410666377521423,0.03842015082332549,1.7661622770770984,1.1465389733274889,forward_head
12.86,-0.30805672340503787,-0.10606670391941872,-0.026506466528280922,-0.004245311800016638,1.5666949163506605,0.02727262567532157,1.8865651385211726,1.1258025163974643,forward_head
12.88,-0.315553099666385,-0.09863602697531289,-0.015872884141143438,-0.003901925318374114,1.6813871932847733,0.014504839045298779,1.8694734786962217,1.1117019140163125,forward_head
12.9,-0.32132592405986804,-0.11313327744834592,-0.033576831681705936,-0.013434147553692913,1.4265649055990708,0.03575009676702583,1.9182074769339739,1.1659075555869267,forward_head
12.92,-0.3259125782099919,-0.10385308091192084,-0.022990029598112534,0.00016851166361179408,1.5468551833387045,0.033115548525500554,1.7835999175273942,1.1608763758018215,forward_head
12.94,-0.3540516953569067,-0.1075423880763382,-0.008834983851121924,0.018233351879144846,1.6740523290912228,0.01935823745750345,1.7451236072212273,1.2169469754737376,forward_head
12.96,-0.2904683387299719,-0.11950826256550848,-0.0291799150727494,0.005076904939925167,1.666469915458609,0.026006336810067216,1.8176321241221935,1.305116725273563,forward_head
12.98,-0.3027711201300536,-0.1427883295812609,-0.033091763968813526,0.013086876846608364,1.6571918545279936,0.025677489439929507,1.8852216634667769,1.229367545854846,forward_head
13.0,-0.31995020457881745,-0.08910768715530594,-0.014064752849919347,-0.008444902954219784,1.6008687250804943,0.037957163605721295,1.750103613613055,1.1608819577741056,forward_head
13.02,-0.3270133791516856,-0.07221269562691833,-0.022706617511465715,0.013205580377062811,1.583667337932985,0.016721000632319898,1.8136635894761182,1.1207831881151042,forward_head
13.04,-0.3348085192666854,-0.11675184020915146,-0.03348312151966401,-0.004930082250177747,1.6843618540534175,0.03345306862194636,1.9037783524812881,1.178870342292529,forward_head
13.06,-0.31102611141215625,-0.1065378786166698,-0.029293412169642343,0.01387783195565176,1.5575160793677636,0.027596146186590884,1.8049007986709291,1.1215432740237519,forward_head
13.08,-0.3059177098455823,-0.12552949648891532,-0.017300928836817824,0.005346130094468539,1.4971793027092144,0.04147820888198195,1.8963949144602317,1.1005631524204225,forward_head
13.1,-0.334456342934767,-0.12710649915359215,-0.016648644771620758,-0.008962569608037773,1.599193088031747,0.028654355880984184,1.8340494710204682,1.1729978662725307,forward_head
13.12,-0.3389777510900223,-0.09493490097502703,-0.020295233879355692,-0.007725698045772912,1.557444704001166,0.02103190413715761,1.8472306438916657,1.1082453067897229,forward_head
13.14,-0.3172332808407495,-0.1387624031971352,-0.024901492451533908,0.0039605301647531056,1.604194302871719,0.030687018161995143,1.8498954903016287,1.2387260858269182,forward_head
13.16,-0.328320695621593,-0.1126051050234632,0.004818524178784015,-0.01123841404653955,1.5716642933197498,0.02503576623466266,1.9150770357903488,1.1491469491644648,forward_head
13.18,-0.27080261788266635,-0.12421599590696439,-0.012721586110829856,0.022273100880141058,1.7459927923256753,0.04282195037210658,1.8525359200398477,1.1217142203315649,forward_head
13.2,-0.3113926471616354,-0.12990168256571114,-0.015735793838054988,-0.016445866484945615,1.540335013958361,0.028628806879131774,1.8334886540347703,1.2796192823708514,forward_head
13.22,-0.3292620063573637,-0.09475192077006805,-0.023088766148147165,0.005921846696246782,1.7757659207813816,0.04303007328438648,1.881976209920565,1.0888018227513696,forward_head
13.24,-0.2890384331945257,-0.13121134502322834,-0.02724161965478881,0.0062002868224416575,1.5641870980606705,0.03420059572699385,1.8411842231476023,1.1014194577850067,forward_head
13.26,-0.35323080472516755,-0.1273766167755054,-0.008054855961077603,-0.017833376201104496,1.5525854806725432,0.03700974089723197,1.9205044983329251,1.2437078175212308,forward_head
13.28,-0.3275017809084786,-0.11309925592931756,-0.02386153618174455,-0.011259611026256897,1.635987777194451,0.032599615797195614,1.9162697869872312,1.0973949401170562,forward_head
13.3,-0.31391084913531236,-0.10907697367549413,-0.054533847994681584,-0.015525820233865902,1.778051722156769,0.023683171846177548,1.832681435588021,1.1248746474596216,forward_head
13.32,-0.32676668200257,-0.13024892936631544,-0.018129848133941143,-0.029207006161176528,1.5629471861008244,0.02393157602017886,1.844464245145964,1.1882719642972313,forward_head
13.34,-0.36987228335473643,-0.11250345525567397,-0.024884709430620915,-0.005759335574946982,1.5685330254593788,0.02438817698192598,1.8845247520401218,1.1565672288827842,forward_head
13.36,-0.33528698207950314,-0.13562365723527078,-0.01839785036242693,0.0028895993417760025,1.583210978599721,0.027754224302287495,1.9068315816670505,1.1705068525293099,forward_head
13.38,-0.2711721393004018,-0.10734803956878539,-0.019122606025300387,0.0005351580203515286,1.5420715825069227,0.03476476907765066,1.7706093784256645,1.2591019048860281,forward_head
13.4,-0.3256739007640993,-0.13991210002459814,-0.011693494634226661,-0.005301673360539677,1.4629461597943363,0.022430197490175614,1.8558446720545023,1.137358111302317,forward_head
13.42,-0.29939186091142483,-0.1332575723057822,-0.015135542796854917,0.0005253646420353354,1.624260268870285,0.03650628872486724,1.767342193580717,1.1710357492662375,forward_head
13.44,-0.2732898734235421,-0.0845611655098388,-0.013845340592541739,-0.010274777769283322,1.560687570026635,0.043166320068713016,1.793985725614454,1.1053070073409363,forward_head
13.46,-0.30644307738297377,-0.1082899552795502,-0.032520909797113626,-0.005639444245437269,1.6173627217870512,0.02098251708366509,1.8595032228072854,1.1051227558769308,forward_head
13.48,-0.29584354696151083,-0.1198648345137748,-0.027421371022141417,0.013247900046345545,1.7420980355744755,0.031675800128812874,1.7567696124520007,1.1914118722562181,forward_head
13.5,-0.3512986029635216,-0.14122579191872425,-0.022028989004213895,0.010387277431278687,1.4976344954147833,0.022898828222833286,1.8628563736381658,1.1604654578913398,forward_head
13.52,-0.3071685960735644,-0.13974941201404956,-0.0151675138293222,0.008337393423732919,1.6979208996961792,0.025753518896763576,1.8463474335786785,1.163272593887752,forward_head
13.54,-0.3292215044955545,-0.1266657958412027,-0.02840859454677526,0.0021797776386651177,1.6645440176321842,0.014715874940067673,1.8799453794361374,1.152420206604866,forward_head
13.56,-0.3282267453511769,-0.0855273447850147,-0.022026111616530373,-0.03049418501079634,1.6939116789959718,0.027044929314629363,1.91330532020952,1.0859615216179037,forward_head
13.58,-0.32016152049515056,-0.13422769106488125,-0.008251959251486606,-0.025254911138433728,1.4972457031813649,0.0229581341558326,1.8248278246421803,1.170975438650093,forward_head
13.6,-0.27416404489886015,-0.14506701960223867,-0.008232874184304028,0.0006861397566227755,1.5561226126046583,0.03574153767495221,1.7746525182029036,1.1412236250569343,forward_head
13.62,-0.29259599830065314,-0.10974131108912663,-0.04646993262896657,0.001193268348855864,1.6024306579408303,0.038095705195846624,1.902336708845244,1.0780048569648215,forward_head
13.64,-0.307004274419756,-0.09238852353904592,-0.005930615202832403,0.03927419333261634,1.6207606425143752,0.018591967771038834,1.8894975735796211,1.169481110986337,forward_head
13.66,-0.2982677078886229,-0.12771172485993226,-0.028868612853914427,0.02453493046466292,1.6104326188570628,0.027446764596137565,1.9311054221165913,1.0232131656245993,forward_head
13.68,-0.32983222878233187,-0.14750232536547808,-0.0125035688650757,-0.009717059585932062,1.562220258205465,0.0,1.9465791561437347,1.2364138694614455,forward_head
13.7,-0.3406763605428315,-0.13040756994763658,-0.032201403023451425,0.01839665481222834,1.838306766866199,0.030227846226024896,1.7955914574165694,1.1004397588159647,forward_head
13.72,-0.30654057434298343,-0.10186509296717917,-0.024854708891607517,0.03895381492886352,1.5823281776168177,0.03621718128336032,1.9281603864614179,1.1848293785933541,forward_head
13.74,-0.30274499854375253,-0.13571164142110637,-0.00919459107798443,0.022314376857821325,1.614263219042455,0.029069147897336663,1.817419675171619,1.1097092636060046,forward_head
13.76,-0.307060744037785,-0.09326380819997074,-0.02196869883272662,-0.021542232950537046,1.6296811871549346,0.02136770521174776,1.8409072665055206,1.149411720735672,forward_head
13.78,-0.30825176909354035,-0.11335592143219411,-0.017347803583255605,0.011464922551340144,1.5178402980196588,0.031498667711274374,1.7961498618872955,1.1422830749173198,forward_head
13.8,-0.3634575843576952,-0.1370625872549387,-0.052726733633993834,0.017237445190928197,1.6094932928326768,0.014094341566984076,1.7422617329199832,1.1306392144621378,forward_head
13.82,-0.2842650126353729,-0.12822898770804808,-0.029391047577295784,0.03744848050883444,1.567561923174116,0.021457709554994642,1.8067250832381143,1.1845902032441185,forward_head
13.84,-0.3001071578043927,-0.10205160175569215,-0.01759688118093159,0.014305535423222658,1.580655854799263,0.02756939191211784,1.8256508356706238,1.1184389372199317,forward_head
13.86,-0.28957651977760573,-0.16136229865466564,-0.02764996175229716,0.00458307871049907,1.5847213332013608,0.023575426178229348,1.8301289744103268,1.169527663402558,forward_head
13.88,-0.34871615776719583,-0.11588604703685189,-0.02222312044285623,-0.010866514658850768,1.5465885707961715,0.01950925838871736,1.785761704807593,1.1828571726608597,forward_head
13.9,-0.3150230412778021,-0.10846901403939313,-0.03803032876198971,-0.028044331190112643,1.588100115526054,0.028775727676621295,1.8929147672800035,1.1400445463580875,forward_head
13.92,-0.31924575144324885,-0.0973054038213289,0.0017343964997191665,0.033005213267173615,1.6688494090303048,0.03862140016123013,1.8111376325805129,1.188284896111417,forward_head
13.94,-0.3303853667769528,-0.14235661731693813,-0.010329933492320696,-0.020622067642280563,1.6467990913433173,0.027709282926413368,1.7972026236681058,1.220391963670596,forward_head
13.96,-0.3431159377105279,-0.09754310886049901,-0.042304380497837725,-0.015282522430646333,1.6075585165684962,0.023534518176927973,1.848027527059462,1.0428387287234437,forward_head
13.98,-0.2853442218622647,-0.10464626393632433,-0.017710776364013168,-0.028916571685127894,1.629717511104487,0.027656676777469465,2.011311357091487,1.2014201999968257,forward_head
14.0,-0.35112111386644373,-0.10454606487153405,-0.009265144052281595,0.0293230097517957,1.7476367403066893,0.03185391161693308,1.8894120253388742,1.1544646601823527,forward_head
14.02,-0.3428041345095861,-0.11195211988459929,-0.03541382219215215,0.004448704530436978,1.582368950763333,0.027292079453073444,1.8394308274871434,1.1700633371390772,forward_head
14.04,-0.34152658244035095,-0.09431027540602192,-0.028941352607241004,0.020209766861584988,1.5507163067142264,0.015695881926967685,1.8563890129061105,1.0796637694770832,forward_head
14.06,-0.29223922380180595,-0.1047943930132149,-0.02695129646683357,0.009962482746131462,1.6734301045113342,0.00821281827628986,1.8395328844524739,1.084729008845823,forward_head
14.08,-0.3400321755296315,-0.11251858536407104,-0.040689957035462174,0.0026050219591016604,1.7227116430114666,0.03129210226462386,1.9558390976931588,1.1821162272163732,forward_head
14.1,-0.29719510979477554,-0.16542997164208742,-0.00962092193309198,0.00813155011214576,1.6889500067158707,0.01742490506878558,1.8593442955676296,1.167012801711769,forward_head
14.12,-0.34365690298340545,-0.12181468742052508,-0.020696334748258976,0.007228141874113589,1.5910850854970293,0.024897245730020567,1.773296968103439,1.236792644487399,forward_head
14.14,-0.33187406800719643,-0.10767256015075165,-0.018500967670193543,-0.01763316901172981,1.5709275454494949,0.0197444539248569,1.8313311717976493,1.0856680970503108,forward_head
14.16,-0.34867897152816796,-0.1118735307733032,-0.013223592305544906,-0.023166752257638604,1.5524241920477635,0.020947477904266085,1.8104186315755435,1.0497848347273844,forward_head
14.18,-0.2820047261407541,-0.1051836086051419,-0.004715957616849664,0.005001966384824176,1.6953181196421967,0.025478756469104916,1.7771526690175987,1.1565967055007276,forward_head
14.2,-0.3197418033357209,-0.12503229568678012,-0.034142749332743375,0.0032890996567392573,1.606281542354275,0.015425748910408764,1.9586302573354262,1.1770791701765002,forward_head
14.22,-0.36366142328873863,-0.08851066438169752,-0.04825500897852338,0.008524706384643279,1.634039719642876,0.016203932278689027,1.8487116406387325,1.2323680685577132,forward_head
14.24,-0.35089626977261396,-0.13383093913266453,-0.04629122503884565,0.004106948627032497,1.576656251406179,0.04195447662471634,1.8149350110675377,1.1878072121445111,forward_head
14.26,-0.3129415395338159,-0.12278487542233728,-0.03366221448837974,0.01733866170120233,1.5484786461000615,0.010451356956747709,1.7776152365768971,1.1928435867048128,forward_head
14.28,-0.34121432805761565,-0.1218550468881799,-0.020702821735722944,-0.0008875272533544954,1.6581992690024894,0.03625916843285877,1.7953742945375686,1.0658292121510364,forward_head
14.3,-0.3189380002650419,-0.09569855125718034,-0.013598599791869318,-0.019776545803333854,1.6048870646507472,0.05245984214977669,1.9045646015667745,1.0656985026153898,forward_head
14.32,-0.35975983785632115,-0.12135080770095417,-0.014690875377025053,-0.01459435040732966,1.505441114491917,0.02742650037551736,1.8946157196980011,1.0514885547145365,forward_head
14.34,-0.32875664838311236,-0.1124117945252524,-0.041326180957112824,0.009748013437710432,1.5435891166206521,0.04398730786991668,1.8611875277780405,1.224313382358146,forward_head
14.36,-0.3016030587021708,-0.12313268299823756,-0.02771275135638659,-0.005173395386187332,1.5455048693416331,0.0260044117987006,1.9274260562215675,1.2099162923274658,forward_head
14.38,-0.33098283706169623,-0.1120988304145404,-0.012952981316833678,-0.00108033838219688,1.489210925548965,0.046824810790827065,1.864342437032458,1.064265376311422,forward_head
14.4,-0.36079408826611287,-0.08877083134092108,-0.01534503479993181,0.027891928324281914,1.6277646264995926,0.0269466190669724,1.8944279541572733,1.221564662632613,forward_head
14.42,-0.29486822509251953,-0.09986552023855141,-0.0438818843242145,0.007433485669401679,1.6546082905281208,0.03274673882744647,1.860484226027006,1.236581219427945,forward_head
14.44,-0.31107859273689575,-0.10548328450026982,-0.008437058896283618,0.004469012915523184,1.476844091782624,0.019984294712563983,1.8595860631810237,1.162428451403542,forward_head
14.46,-0.33021871699712724,-0.12486155781499134,-0.03955164734888552,-0.003781950533895352,1.6919383361663953,0.0317097945838149,1.792178971183922,1.1471669157648912,forward_head
14.48,-0.31306174734959996,-0.1042158814269042,-0.009270679389823589,-0.022355234605002723,1.467921729098615,0.03410232213610357,1.8325677273843366,1.1502239223802908,forward_head
14.5,-0.31708101556919877,-0.11132486179764053,-0.01933847922965015,-0.0012070553087247307,1.5181287030229227,0.031462912732593974,1.8999921057653208,1.175332214721738,forward_head
14.52,-0.3012032333274687,-0.10888545080881708,-0.009486783164684707,-0.003326381721053002,1.6398164402296116,0.016633734742995083,1.90980002425725,1.1681979994483613,forward_head
14.54,-0.3099062875203233,-0.11554935407372975,-0.006213525366114798,-0.012427576876721932,1.67311104376145,0.024236348328975373,1.7361879174994366,1.2213983534145503,forward_head
14.56,-0.31658025058505895,-0.10514509931430153,-0.02147147003469874,-0.0026999274250833465,1.6213189956929155,0.040438921777927885,1.7785741392300056,1.2327189461370913,forward_head
14.58,-0.2948929967911491,-0.1457067398815212,-0.017287116406751207,-0.015132154488321909,1.6463578478597443,0.034608067583408446,1.8236231969095895,1.1347053950371384,forward_head
14.6,-0.32327638093312233,-0.12481524875127963,-0.038311269424500846,0.014159747269935368,1.6906772729590531,0.04711662137787715,1.8532026621132232,1.1395072447004613,forward_head
14.62,-0.27623271281899725,-0.1085358614798294,-0.01409291331713516,0.00290512305554516,1.617702195365991,0.040818086797201114,1.9196308892111948,1.0537629218825662,forward_head
14.64,-0.3065424491080086,-0.11861950773244918,-0.04120313334482173,0.0023746348141420724,1.6931015578236122,0.017515977255965442,1.8524760155612445,1.2191867091317135,forward_head
14.66,-0.3005992712611173,-0.12104678309259598,-0.043317954127795454,-0.010804488232023356,1.5947534337571114,0.043940524587556505,1.8348050775550824,1.2622349785821414,forward_head
14.68,-0.31165886223685707,-0.09797770439868865,-0.021199072538718056,-0.02870411117597438,1.654599420408208,0.020683308406942522,1.854289502618787,1.1420295140780472,forward_head
14.7,-0.27236934475405933,-0.13979558877362136,-0.013626648203458188,-0.006085252553884236,1.6252721617149983,0.017963584497261948,1.7854407254485014,1.1959177241857932,forward_head
14.72,-0.31882629691741987,-0.12777127286389925,-0.034729893463108966,0.015838704550272642,1.5892992646033535,0.015267954609385475,1.8762696438514432,1.0970929093072754,forward_head
14.74,-0.29224203918444913,-0.10611169093183456,-0.025623465697847125,-0.0050145517508894955,1.6093918332358905,0.05060587757801539,1.8517521551605884,1.236462488406623,forward_head
14.76,-0.3140272753639455,-0.14494178921288886,-0.009781660447558708,-0.006422221111115712,1.5766867196786343,0.030868618106053323,1.838636605712845,1.22302422167477,forward_head
14.78,-0.32959423047248937,-0.11914989440068333,-0.024820673564154277,-0.011952100311915811,1.4930468956256098,0.021171662524437886,1.8124621435234622,1.1624100813567684,forward_head
14.8,-0.338959331781909,-0.12730146688425562,-0.010336546918574442,-0.02630647733853266,1.633504612173441,0.046096556341854465,1.887383308891158,1.0925712322973986,forward_head
14.82,-0.31530230245897944,-0.15041206497589543,-0.019331384308048732,-0.006588565656561514,1.6653685807758394,0.031062801431431464,1.9436541932866072,1.1837519118907223,forward_head
14.84,-0.34715346856603935,-0.07116748477612377,-0.02326143037565168,-0.003841798054522149,1.5566114409221299,0.02813964326179217,1.8174295967743315,1.148717258445049,forward_head
14.86,-0.32297727101738755,-0.11906964292433407,-0.01462268765247423,0.004755406962928067,1.492467735595575,0.026145358023547106,1.8221778075589374,1.0716453833716781,forward_head
14.88,-0.33253982521072656,-0.1594175210086532,-0.028384897866956083,7.353064690464221e-05,1.6508367744001076,0.02963845111987449,1.7806513196489708,1.0460872387116675,forward_head
14.9,-0.342186532010613,-0.0923233613823448,-0.030212707911286406,-0.017886539424016724,1.59926662580296,0.02175343278161619,1.8188148698570132,1.1875542055465442,forward_head
14.92,-0.32711773647341413,-0.08973980587484644,-0.01861963050322431,-0.018211443949794764,1.6061359793171774,0.022226863837521215,1.8171899353975332,1.0801217240690442,forward_head
14.94,-0.3230905369885327,-0.13595744837211982,-0.02566337415608043,-7.206245220955183e-05,1.6933058039032758,0.013085894274450338,1.8773004977912477,1.1459530610798578,forward_head
14.96,-0.28770532381944547,-0.12819530099312795,-0.019647587227237518,-0.004491995512897491,1.6205168419830505,0.013210102057002843,1.8867301278301158,1.1298863475763448,forward_head
14.98,-0.3577649145389305,-0.10440967943857125,-0.034761704406222754,0.0024227006296831115,1.73217368663059,0.04885561334119769,1.8908983368348493,1.0982009350236759,forward_head
15.0,-0.2928730444517129,-0.1291405423575156,-0.0201174292757876,-0.01628166337550779,1.6640935709948692,0.021265055601641852,1.8874609496589945,1.1822735396451078,forward_head
15.02,-0.3426974931422878,-0.15531070267483238,-0.03225483231981976,0.013792748277158104,1.5632906773012891,0.025872523998318152,1.944481898687042,1.0767539711425376,forward_head
15.04,-0.32909123028131704,-0.11241027685781012,-0.01800099025715257,0.019190230993661895,1.593942364724493,0.02499092244291549,1.8088004360399026,1.1499759924018222,forward_head
15.06,-0.32696233783082046,-0.12771887713367325,-0.0340326891882377,0.011851104217941033,1.6256349067898408,0.03978331340280809,1.8154724339835135,1.1594851513910542,forward_head
15.08,-0.3569062189549825,-0.099068433388049,-0.011528572760945953,-0.01481809419005334,1.6047250619960223,0.031206954054495206,1.840025709200231,1.0707048094204519,forward_head
15.1,-0.30497123177043406,-0.11684715743834151,-0.011530992898489746,0.00011262950547523526,1.6273243310388537,0.017409293262320134,1.9288626352147098,1.1786719812424993,forward_head
15.12,-0.30686879968478786,-0.12466295568774809,-0.03978520417856979,0.0021552119786714353,1.5843956398178833,0.036253841280794744,1.8111148571354392,1.2802342044620203,forward_head
15.14,-0.33488418756362165,-0.11307007693904472,-0.003748939852161841,-0.0073803395730818585,1.6851108509756525,0.017612490931979367,1.9369703776552087,1.200289713084338,forward_head
15.16,-0.3633256315504387,-0.12250061145876591,-0.01362669592867504,-0.00220106734843243,1.48542544429573,0.016193126938515462,1.83220994573404,1.2697918979875171,forward_head
15.18,-0.3573305841632635,-0.10055861439824787,-0.02475287176157943,-0.006735338445163382,1.5868621168823114,0.03301771028214731,1.8293787945457984,1.176212897249869,forward_head
15.2,-0.3141976528177932,-0.14184526983140616,-0.008924844425285735,0.006741172864122456,1.5222652446042666,0.03040069316986053,1.941104513468559,1.2095547102593949,forward_head
15.22,-0.33006770563280374,-0.13399256964416975,-0.022188795269423044,-0.00561318987757204,1.5838868346327086,0.04199840125986234,1.8502298579715009,1.169847400593256,forward_head
15.24,-0.3067890606481557,-0.12845918811622004,-0.04745193740176348,0.016785473419778225,1.471125561815593,0.026504633357684004,1.818777243366839,1.0763530719028154,forward_head
15.26,-0.2973712011270355,-0.09525322497849174,0.0007071406076461837,0.022392748101599823,1.4448870153009152,0.013661184504405866,1.8016034351528518,1.132720698676733,forward_head
15.28,-0.3254873075815761,-0.09181176566006427,-0.015188610727864413,0.012772073192980894,1.7490376599509003,0.03659929476885964,1.9686606219196778,1.1417138649866083,forward_head
15.3,-0.31559107288532057,-0.11990776615653569,-0.022158103204482676,-0.026301422135662424,1.5404754751173546,0.03428848999855668,1.7724467765197982,1.224457232839818,forward_head
15.32,-0.301802531551974,-0.12143891624503023,-0.020650472778446703,0.015382081303528552,1.5577439255483942,0.032753003165616995,1.8104577108030424,1.2080715877144197,forward_head
15.34,-0.30932136512099606,-0.10655342598206062,-0.006721778322053267,-0.006534743931143277,1.6056717392364888,0.04803612115543624,1.8851947345900673,1.174173288056736,forward_head
15.36,-0.36175591998135453,-0.07546304583590226,-0.024285526252703835,-0.003228268063937569,1.641616486645073,0.04027146908924332,1.9504518198331775,1.2152179111764327,forward_head
15.38,-0.3036242156458871,-0.12573622151965452,-0.027670197212699983,0.0004371054574347578,1.5487556623076129,0.031125254144827405,1.7632450011849772,1.1357696398323525,forward_head
15.4,-0.32671178350606683,-0.10278924994032285,-0.020293399484001422,0.002297650286790155,1.6939190263365402,0.03072861911436839,1.837467711018365,1.187000552735969,forward_head
15.42,-0.3615750241785871,-0.13724760528637966,-0.027504383076918954,-0.011989687970978014,1.6334806655389467,0.015267902378408367,1.8333094473846208,1.1611756675250422,forward_head
15.44,-0.3334738371074439,-0.09732239778271061,-0.029484918837663868,-0.013673649134280739,1.4935354388243987,0.02987643746439354,1.884674265385882,1.237863417522609,forward_head
15.46,-0.3210236786636383,-0.13100667632308138,-0.031638745806406444,-0.006358497793830173,1.6872359062982378,0.03162366796224093,1.9438328534155438,1.1164191690169438,forward_head
15.48,-0.2977998338060556,-0.08321937021771043,-0.04503879617472925,-0.005813592628040334,1.515591592078997,0.030667839700746286,1.8306955807803533,1.1655043197094208,forward_head
15.5,-0.34254102417404875,-0.08496335494310463,-0.011460281998087853,0.0011729349929448124,1.6274628352887872,0.036419799389866975,1.9028577783671945,1.209365436824445,forward_head
15.52,-0.3310105361477377,-0.14310045863008622,-0.006081446420125758,0.006002434349566102,1.6846609746588872,0.030290694430756715,1.8509834017544324,1.2019604735110887,forward_head
15.54,-0.29326094102641936,-0.0817884757176047,-0.025527760535630044,-0.009039785989331531,1.5268485692976104,0.027976961408160063,1.7981778196084814,1.1199254296249133,forward_head
15.56,-0.33478389979382306,-0.11686489125030539,-0.020226780191755413,0.01001022973241561,1.5994918523385435,0.01566341317382327,1.8307426293364144,1.114386547877841,forward_head
15.58,-0.29494977644073156,-0.1305166362059613,-0.021252590819954488,0.0001366324395555487,1.653154368941904,0.028133352752259616,1.8909081875161742,1.132010004116543,forward_head
15.6,-0.33703034740665266,-0.1270233175616042,-0.043431796623632064,-0.016082295045983467,1.6760107508502347,0.028050248452113936,1.7785462098580345,1.0971816471053475,forward_head
15.62,-0.3089675478178007,-0.1044053192177542,-0.039503825915220975,-0.00891343398573347,1.7194342232900466,0.022446820830740594,1.8230314680419253,1.1595718421589876,forward_head
15.64,-0.27158780221722284,-0.10821502221057588,-0.03677583679757331,0.0003239418658222348,1.734020342716549,0.01989537999332546,1.8100613889082822,1.19109868475617,forward_head
15.66,-0.34277023065692314,-0.11449864918823328,-0.020694921447972733,-0.005331378804964557,1.571178733659903,0.03482096016063549,1.9342497220524306,1.154686559894619,forward_head
15.68,-0.3200011866913047,-0.06959978475495021,-0.042747534486336364,0.009221745086604394,1.6312982752919236,0.01799296907394813,1.9135734130278639,1.2002734467149032,forward_head
15.7,-0.28234029183844067,-0.1441475890491883,-0.022366772796215666,0.01046245678392345,1.6604929666715604,0.021906999764284923,1.8915816528428906,1.1889990973969238,forward_head
15.72,-0.31175063820217785,-0.09965092862855822,-0.028459388182685594,0.024203879888653277,1.604556379964204,0.04542051240851947,1.8162132050485345,1.1899826115110403,forward_head
15.74,-0.32316416247124174,-0.12180589642964616,-0.03739218644158289,0.00031951981776687303,1.806473181267939,0.022536697794833346,1.9462111350566207,1.168067735891569,forward_head
15.76,-0.3175548367724518,-0.10324460654569954,-0.007536022096371949,-0.007167285310277045,1.6187706403770565,0.015424871657721318,1.7963210946949248,1.033005579484337,forward_head
15.78,-0.3071028328144161,-0.11253529599573941,-0.03824565854676463,-0.007168894274744947,1.5841027236846832,0.02941465810652145,1.945846521227723,1.1464209559378102,forward_head
15.8,-0.3035651752261823,-0.0945647129591278,-0.01238393384327814,0.02608368431928511,1.685494459423748,0.029002484398203902,1.8946816830432054,1.0235274107321652,forward_head
15.82,-0.3199467502844396,-0.13783129084714654,-0.012985838112705768,-0.015823629686228743,1.6059242226350194,0.030764011358727767,1.7449331527469847,1.0977348329352747,forward_head
15.84,-0.3382173017072898,-0.12580366779812954,-0.023865202799652846,0.0012606418695533896,1.6712858377252666,0.02337639233293916,1.9585840450256324,1.2678201895911463,forward_head
15.86,-0.2712545956922903,-0.11272716238977283,-0.014616088329475647,-0.01017563465254625,1.4346753888913026,0.04643864905262517,1.8274590699321267,1.1715500204885907,forward_head
15.88,-0.297688993960451,-0.11426242890070255,-0.033474430702841625,0.0025943258672648218,1.465530319350892,0.021960851758029407,1.809662117403382,1.062226389863223,forward_head
15.9,-0.2905706907180792,-0.12379157608034813,-0.046880628222582384,-0.002504823350628943,1.5728466674837938,0.020749234063899377,1.8741349502227633,1.1054566037387588,forward_head
15.92,-0.3478177662815762,-0.08974708943882391,-0.01800215165476738,-0.011323818130340649,1.6799545166349235,0.03826111811767784,1.795014876914219,1.085414225801133,forward_head
15.94,-0.33942664523063826,-0.09840767063031255,-0.01673223859190824,0.006205201004089014,1.5596925800183072,0.02131948118599291,1.9081259012419745,1.2342914363696136,forward_head
15.96,-0.305262952793608,-0.11798683409447147,-0.02027392403705918,0.0022821292484143836,1.6421054121054912,0.024792655630488897,1.8802159131188372,1.192343339409384,forward_head
15.98,-0.34477673442732876,-0.11700500983987114,-0.029859463595750996,0.04000445770432613,1.6479978836300944,0.03520176830060004,1.8864338273105936,1.261834209421992,forward_head
16.0,-0.3301353019637585,-0.1283409499179012,-0.007720546620393891,0.006971670708461592,1.6190494438810825,0.024174510003536324,1.987138525572678,1.1163349367108055,forward_head
16.02,-0.31755685269781103,-0.12718585738528143,-0.03373885491436439,-0.004287621743612817,1.5693233224772636,0.051384116798281095,1.8192101975205464,1.1446476941357135,forward_head
16.04,-0.35405708511006506,-0.11297893315219087,-0.03138178554651424,-0.0010655879917346118,1.5237555406702972,0.023350305954965234,1.8868685549670496,1.098550181905867,forward_head
16.06,-0.2930338585913617,-0.12264616565253893,-0.01865418014770235,-0.007626570429269412,1.694383274675515,0.025555277866296147,1.8209826948309529,1.2421221925142336,forward_head
16.08,-0.35182941772029225,-0.12339998533797772,-0.02304983208636041,-0.01426767736239092,1.7066728518782945,0.008953135708588394,1.7341912985428032,1.2032797240664295,forward_head
16.1,-0.36546776380127705,-0.09799537180065229,-0.012032088591235864,-0.00014599133492249002,1.5281078477524541,0.03632619044549766,1.8572201835605724,1.1352991018018659,forward_head
16.12,-0.2923035130468558,-0.1738958897920333,-0.01905174662938328,0.010001443538270162,1.69677965453311,0.04015327144084241,1.8014324343615942,1.137586178414198,forward_head
16.14,-0.3044479885026994,-0.09851836591357643,-0.045454919874272214,-0.012296268562293707,1.644321963763099,0.025036190707291687,1.9549873649456522,1.218116700938967,forward_head
16.16,-0.33731582159006374,-0.10513742906329986,-0.01824551303516886,0.007436260051487435,1.6512496495327054,0.0171403769052466,1.802384429942731,1.1575735684367288,forward_head
16.18,-0.2801320537886015,-0.11398654004864775,-0.029172594592614585,-0.02052317326369348,1.6808679502205095,0.03375385154661459,1.8467982745192937,1.1460565564451328,forward_head
16.2,-0.34394032448299794,-0.151558536041269,-0.036609741868242056,-0.019823759626575257,1.5624367374996955,0.01795678993031718,1.9197204755290613,1.2372858418887822,forward_head
16.22,-0.30419489466012023,-0.12328666377494502,-0.025788500759892644,-0.012564439623479716,1.4657298326192592,0.030998218394726374,1.7990241712385775,1.1816265477545003,forward_head
16.24,-0.3219693133714983,-0.10344543887411302,-0.04221076884548517,0.01023287588423624,1.5740989342227836,0.04666233712403715,1.8413464039856435,1.0345779687915837,forward_head
16.26,-0.37483503140935354,-0.09770963773148746,-0.010563696925569275,0.013540170650762568,1.5835720350034208,0.023035970315771828,1.778525721206553,1.2314492074747687,forward_head
16.28,-0.3174192317491616,-0.08888080870543597,-0.013550750761541878,-0.011256457720319303,1.5962500702815134,0.035473409121715135,1.7633440605228246,1.115429811100353,forward_head
16.3,-0.2821698884688571,-0.1349100468657412,-0.008456810830546443,-0.016741215046322602,1.4416200587712467,0.006916122038749848,1.8183188884698067,1.1121693273724698,forward_head
16.32,-0.32991299432163673,-0.09765283714589544,-0.0025514540431945338,0.007575253299260939,1.4854618931970471,0.0004609668272768657,1.9525206173561733,1.0930320465612808,forward_head
16.34,-0.3030141224986072,-0.09903506466282315,-0.029245458193655476,-0.009348945712173314,1.5710670687648538,0.02958152004999071,1.791367229378304,1.2041135998331565,forward_head
16.36,-0.3098861811315018,-0.08925356232110146,-0.011953611070184706,-0.01910069941452341,1.6835712817698518,0.03873308728004325,1.7703926989620895,1.200448924892433,forward_head
16.38,-0.27951657282472864,-0.10077208044565195,0.0128739518199257,-0.008401261578590245,1.5765019602253052,0.038386494768505315,1.8608175197778265,1.243861778251551,forward_head
16.4,-0.2778262013529674,-0.12523271684908005,-0.037498482727384486,-0.0002726851116730441,1.4362646235490448,0.02047935389076034,1.898810054004883,1.1453591656881308,forward_head
16.42,-0.25479662105184875,-0.12567135437180993,-0.03491886599576288,0.008158061096963716,1.6946047315889028,0.028580846811350594,1.8792382331331474,1.103202627048547,forward_head
16.44,-0.3009459095085518,-0.11905253234897288,-0.0031791557191150864,-0.01315849327999703,1.549512460247313,0.035560885772387,1.869285007144472,1.0827459001244635,forward_head
16.46,-0.36935149977676907,-0.10412240982881062,-0.015474506810519019,-0.0035969311529160304,1.7302061455284634,0.0134061764476289,1.828383688632457,1.217353880052397,forward_head
16.48,-0.32977894151111325,-0.10594832792302906,-0.021437792593331166,-0.002000346301105393,1.7587132164010912,0.028173777696092243,1.7069551896938424,1.209851444976098,forward_head
16.5,-0.3478655901896284,-0.12968931774271897,-0.03695793311293469,-0.00652196855368898,1.569755134685087,0.04098711659139103,1.8571238110746657,1.0762590733433555,forward_head
16.52,-0.3232967882556535,-0.08568349316211075,-0.014308870577484294,-0.012360690139224226,1.4625540472627567,0.03694236007873738,1.8117086304970735,1.0740862979713424,forward_head
16.54,-0.31415107571626655,-0.11178268600219389,-0.027707705649354465,-0.011026617733500643,1.6110017516029524,0.03185835542810898,1.8971672996741054,1.1016168372727078,forward_head
16.56,-0.32981124682427354,-0.12385689928444092,-0.00642158016132429,0.011221672604351625,1.7241124613941863,0.023786655919678563,1.8767959202435618,1.1763690983716746,forward_head
16.58,-0.3114184576178671,-0.11997874335160473,-0.00509500531019077,-0.014932236399779619,1.5227427724276528,0.006212221542828432,1.7845408753226706,1.134799933466954,forward_head
16.6,-0.3268617314307066,-0.12127768771932224,-0.03117014082322167,0.0002074245173118718,1.6071619878977623,0.028583226438780106,1.8064213607404667,1.2189232112797315,forward_head
16.62,-0.3214645636134535,-0.11837446048999418,-0.012065769867165965,0.010686132840363495,1.821942629307158,0.036242452117950845,1.8866960473475143,1.1252677033529401,forward_head
16.64,-0.287236642013765,-0.08680092904383305,-0.009879625046771609,-0.0036148320610461518,1.6495292420628764,0.03461109531120538,1.7860355785778648,1.0747282426317486,forward_head
16.66,-0.29957552469146187,-0.11950580142417314,-0.018490949188095407,0.007679198150941912,1.6479820857680554,0.04909055791494923,1.789928829287253,1.227873710754639,forward_head
16.68,-0.3217058819601955,-0.10882058426236813,-0.023852139234174462,-0.002348744382532004,1.6163184001613118,0.038293595514878175,1.9028980565254423,1.1860983240734126,forward_head
16.7,-0.32835959540547377,-0.1376837366322198,-0.011152601259227594,0.0006913231000219805,1.5880544779843473,0.037800429805157465,1.8246358112098442,1.1668985827768512,forward_head
16.72,-0.2931741332085408,-0.11218174948406899,-0.024563466248509743,0.020358898726697962,1.53427682907045,0.036684527365344166,1.786057038836994,1.2236593146398707,forward_head
16.74,-0.3258454745147768,-0.08908734401190148,-0.03079264732129658,-0.025337302169727165,1.5750874809182454,0.03484041949941239,1.7791793682955306,1.2013884598897544,forward_head
16.76,-0.3205536640575537,-0.1025974618613418,-0.015000852828586136,0.004121354394735797,1.5211976737386983,0.037656037093715386,1.8258625381886986,1.1832443763194962,forward_head
16.78,-0.3423426420852692,-0.13918542113213947,-0.040583434868972486,0.006778550413835918,1.5639931930479134,0.022949224238652893,1.8432241391444943,1.140145486166092,forward_head
16.8,-0.29657406836278577,-0.09360860057170474,-0.016765035643549867,-0.0038889774049572557,1.698683906217354,0.025013652813210722,1.8421393656136091,1.1050079769242729,forward_head
16.82,-0.334393307639664,-0.12638896920277898,-0.0025929364402530984,0.01981031494249857,1.619144251822311,0.015424468114988857,1.8125784612153895,1.2289731692839214,forward_head
16.84,-0.3063429473521719,-0.1303148079848907,-0.03688868800189776,0.0005314151482465687,1.529982206574885,0.06050519568807442,1.8507671944208604,1.2045909205144696,forward_head
16.86,-0.35496645173415364,-0.09823422824645456,-0.004199731383005794,-0.02427593545045325,1.5865704549755595,0.025617781709639475,1.8556267391047334,1.1374478090041538,forward_head
16.88,-0.3355263751930394,-0.1345734776779718,-0.020475285180218634,-0.004563024170068026,1.592825577774043,0.031198049854648656,1.8718339784029305,1.1615445310306203,forward_head
16.9,-0.29780046939719723,-0.1727475377964212,0.006071836202956705,-0.007565385053338683,1.6717903584504443,0.016712865623078207,1.9763488991602427,1.1721700841208151,forward_head
16.92,-0.3084048150350232,-0.1361904951560912,-0.030274970348637395,-0.01957993813370773,1.4995891467574405,0.04403025687206295,1.773172375869661,1.2241468009061132,forward_head
16.94,-0.32944299875247957,-0.09074332531622774,-0.0398672122852373,-0.014814485115332033,1.5817241511081024,0.019795677591971154,1.9854356089356933,1.143106926108492,forward_head
16.96,-0.3294215225653713,-0.12340305234959857,-0.03531948831426729,-0.023105409090483548,1.5667486998709605,0.014106982469624328,1.8465819165472046,1.1223225658399845,forward_head
16.98,-0.3058659675788867,-0.11592961099128314,-0.035799594345852434,0.012902886117452578,1.5304273921688027,0.032737047155978444,1.8087079372440193,1.2399472636145215,forward_head
17.0,-0.33536387406276863,-0.07758394141020099,-0.032423492583138,-0.02204315578167139,1.547115754285569,0.03001710383593036,1.969037565242833,1.2303906362710608,forward_head
17.02,-0.356520152848403,-0.13035866266271495,-0.021788644364093432,-0.0065176341995383654,1.7232314207329706,0.04250382308275127,1.8458218665853505,1.1375505549792067,forward_head
17.04,-0.29305016342881096,-0.10717935415902587,-0.015607075945169092,0.005193859042128266,1.667816731223746,0.028572801735816642,1.8085405902162301,1.1977519048133582,forward_head
17.06,-0.3569093088724657,-0.07584676746507814,-0.042849305328471254,-0.00010003597323433992,1.5555968551497281,0.016991696595144122,1.7728079514927662,1.1035630435401587,forward_head
17.08,-0.3219888691039446,-0.09906957914562173,-0.04493890215026073,0.007677384976745378,1.5745353579699346,0.029172213147740714,1.8242994737610143,1.3157725120631367,forward_head
17.1,-0.30204677418718234,-0.11664912458789775,-0.008346434604301145,-0.01780209952444941,1.630824146415954,0.02679205071503706,1.8756462300078787,1.014673067809248,forward_head
17.12,-0.3516015907570214,-0.14451890599030914,-0.011435363637016527,-0.010725234209979093,1.6016092739803078,0.01951925115755111,1.913979401068228,1.119501875716796,forward_head
17.14,-0.2857076051537397,-0.05684846061177691,-0.0314018578075407,0.006710526713937642,1.7064488712396004,0.03068935736030027,1.8000505456211628,1.2146831038877532,forward_head
17.16,-0.349076753064635,-0.09255926577631822,-0.0306023675907296,-0.012280701355439926,1.5210568208086,0.041884599365726444,1.9244140479827467,1.073254438821408,forward_head
17.18,-0.31729621866385205,-0.14325644612768873,-0.020588916699721266,-0.00732644785307767,1.5392162130100444,0.027613071497096377,1.714356747382627,1.1804773573285903,forward_head
17.2,-0.3078327384064287,-0.13455555564294552,-0.023841160403946918,0.006204830224838505,1.591934652301532,0.027742540428876968,1.7583147768428167,1.1822009088378667,forward_head
17.22,-0.30254016099720565,-0.09964049340832569,-0.011279819657283358,0.0241765207466762,1.587432039322211,0.044239846785931465,1.807096727853206,1.1396489793956,forward_head
17.24,-0.3296354382365235,-0.10229494963674104,-0.028719970950842055,-0.010403369060616114,1.6117840365577327,0.01348684613736708,1.7767402303401818,1.2031410401493527,forward_head
17.26,-0.31095416024494976,-0.15318370078639862,-0.014311724958866248,-0.008949373738768454,1.7792861328283027,0.018488145633159838,1.8252347742280948,1.218402648352923,forward_head
17.28,-0.3137736860575506,-0.150842516704331,-0.015353750329260908,0.007859303013185787,1.5899539526043796,0.05221540456680765,1.9255128048376642,1.199341017525854,forward_head
17.3,-0.29550546655071336,-0.15827102163208448,-0.0035820224391875893,0.0281252185227657,1.6668035073988259,0.025377451237452234,1.7430395171524642,1.073791977120481,forward_head
17.32,-0.34516896547357356,-0.0995458811617226,-0.02871098144047961,0.02790678549861282,1.5542609499131343,0.03225297051879452,1.7911964447207265,1.1580704902356076,forward_head
17.34,-0.3198197466922602,-0.11912290506174475,-0.021013519003485588,-0.0007558421146568021,1.5902886123096671,0.036007969159375756,1.7444090098946456,1.2246792929095154,forward_head
17.36,-0.28020341962366535,-0.09933472826073411,-0.018474649525655678,0.03092907581092401,1.5543275710058317,0.025694057035896584,1.7871093856820284,1.1056509207688963,forward_head
17.38,-0.35329716760445184,-0.09988021831437668,-0.015738397793377813,0.017705675158662084,1.6194375442381712,0.032304230240275185,1.8337936674306392,1.0876898649250544,forward_head
17.4,-0.3123781132558594,-0.1376721282085137,-0.027390686740143437,0.021507191048944233,1.5770360124769365,0.02773862650606939,1.8273906176066357,1.246372032822749,forward_head
17.42,-0.31723404579525716,-0.11615622639270473,-0.018671948049175862,0.011150144789450719,1.6680684003502675,0.021602967262999494,1.9920544707438967,1.1003785562134716,forward_head
17.44,-0.3264414546400387,-0.10423355696573106,-0.023902829170196642,0.012911799662706884,1.6284619756861378,0.031496647194559885,1.8116307847200157,1.107153600553979,forward_head
17.46,-0.3435458605778036,-0.14155171820074122,-0.026964792025175047,0.007673040928753545,1.639191580747615,0.026244192825815,1.8290291172758983,1.0447722625176574,forward_head
17.48,-0.30907574113224395,-0.11106331908158218,-0.018986006484155556,-0.00923024718258458,1.67634250795632,0.020982312932996773,1.8975762806157448,1.2587670312520745,forward_head
17.5,-0.2788292935441457,-0.10266521868271739,-0.024087503552087858,-0.006388687374066277,1.4955660899400347,0.027579236839454874,1.8115644090426863,1.3460924504239233,forward_head
17.52,-0.29879144616815345,-0.13435639296195415,-0.025868839143810045,0.001675739393365141,1.5509976264276601,0.04140549669968514,1.9378361799322221,1.145843256020911,forward_head
17.54,-0.29623152091163546,-0.12709882964102678,-0.037611705484568436,0.004616009793603553,1.5794231530715848,0.04065066139236818,1.9770222875672918,1.173465285587836,forward_head
17.56,-0.3259160608001646,-0.12327886647795071,-0.02229817654825124,-0.0024402777244028006,1.6630601049630704,0.02339340446907576,1.93291314001626,1.1598747079139153,forward_head
17.58,-0.3087026472517973,-0.11795269263369625,-0.01829810106939674,-0.0051133016566828615,1.6169997446741602,0.03987439311855702,1.8419535813462473,1.1555976430317247,forward_head
17.6,-0.33273794354036257,-0.12100226625107574,-0.029806314039134398,0.007199527238101382,1.6244775071088178,0.02689544375353874,1.7974700196909774,1.264905410600304,forward_head
17.62,-0.30478780891369367,-0.10791966622597578,-0.0260655829370604,0.010157742851257064,1.6024077998820043,0.02715863003443469,1.919897279575202,1.137717201128461,forward_head
17.64,-0.33951468451540895,-0.09490152261236819,-0.02431463005290583,0.013761957466098755,1.5683362673039598,0.033813586819886624,1.8419439769168044,1.1268128829388209,forward_head
17.66,-0.35024711177534024,-0.09814434865193636,-0.006854485486572072,0.00558656791021473,1.4618651266352445,0.013909068937973064,1.8492627044980874,1.086219297725629,forward_head
17.68,-0.2903892014821279,-0.09502649511987467,-0.009163876663169899,0.02167821543006415,1.4065940408842126,0.023903886804768838,1.8517454770587938,1.1542428216452,forward_head
17.7,-0.3010711562877172,-0.12375711208259925,-0.00495634866461466,0.009492819867213753,1.4146325142956488,0.01690011803335828,1.8158194933161527,1.1401459887941756,forward_head
17.72,-0.3482905542287444,-0.08521023528662872,-0.019696186932950815,0.0025049948352681315,1.6848895990621862,0.01725417650664258,1.7458763691582542,1.2363555747649984,forward_head
17.74,-0.27886105721148,-0.0963760872854557,-0.009192125597641399,0.01843994177596683,1.5040815519267585,0.017826155496132177,1.8264929429823342,1.0784201479889128,forward_head
17.76,-0.3153040446811077,-0.1184038764443015,-0.008273682382331097,-0.006842758968503983,1.5560245880146468,0.037317310586862766,1.8847581839130356,1.2287507325887146,forward_head
17.78,-0.36651566184172796,-0.1198500406297775,-0.019443240821463446,0.015174947142324981,1.6375540070192738,0.03222040958189555,1.7431333535839333,1.223393196798118,forward_head
17.8,-0.3190341505443984,-0.13417958917422967,-0.0383902379922422,-0.0064076145390188025,1.6014580171192538,0.04413389204213928,1.8020561544238294,1.0752134351204232,forward_head
17.82,-0.3175440404732901,-0.12709106407683352,-0.01959555853393083,0.006886396261245202,1.5776316873031027,0.008006328182540882,1.9406523622558827,1.1064078784129634,forward_head
17.84,-0.3417318645125381,-0.11426598861478354,-0.01776503410802256,-0.015376694156332799,1.6043669072216369,0.03676980094761691,1.8596329685864212,1.145443813973775,forward_head
17.86,-0.2697605623639202,-0.129078926587228,-0.03030015407593569,-0.002966769744901657,1.490309786458792,0.039445798788301546,1.812393986377075,1.0987306234111882,forward_head
17.88,-0.2862099189597778,-0.13971639422320054,-0.022110835663301773,0.0035622887233675597,1.6227094489635336,0.021245922699031007,1.9292713049463397,1.2104264483473182,forward_head
17.9,-0.30635219694168386,-0.10667493460540067,-0.019070491377304516,-0.016585259366571046,1.6332492219484855,0.024097279331184707,1.836740234083846,1.10162769983675,forward_head
17.92,-0.3447230944581621,-0.09453027462540842,-0.02511290197769797,-0.00181976416865816,1.4761144159191337,0.028646099331718643,1.8265055597096258,1.1044720540051398,forward_head
17.94,-0.3370798753755184,-0.11475495320339167,-0.03268922208306282,0.018802244210677683,1.7173874357272136,0.031275944154489206,1.805695353978844,1.171319414735262,forward_head
17.96,-0.34523749147509897,-0.14591061314206039,-0.027630556990726172,0.001628327691459452,1.4240153280900807,0.03724325319427089,1.8507037730598932,1.0583231489465146,forward_head
17.98,-0.3502961025327586,-0.1329309198769983,-0.03393565571240624,-0.02728518953653086,1.607517546450571,0.03222025091559599,1.9096294347654497,1.2281783768586607,forward_head
18.0,-0.3264027579272002,-0.10169239058581836,-0.017480550292836163,0.017635927473624673,1.5200614308182923,0.028166839133349917,1.7448619474155385,1.267802991800083,forward_head
18.02,-0.3532230088570143,-0.10278325605577551,-0.00800343035786939,0.008698826173430338,1.5375978234320322,0.027637202603548724,1.8265468254897308,0.9548559660234761,forward_head
18.04,-0.3128745252641812,-0.11267864617197479,-0.01653766014396613,0.006896527387228327,1.6580978718413086,0.03236933802009164,1.8919160331286344,1.3362669478035099,forward_head
18.06,-0.3023592353912819,-0.11286121956469235,-0.029554950890291087,-0.006270025820684127,1.515685546066434,0.010718501402871306,1.8427436020713632,1.185725196414432,forward_head
18.08,-0.3230215629520782,-0.12866500551187104,-0.016554416756397704,0.0051591944803753495,1.5446609545296974,0.032407020355774814,1.8608245725666088,1.1831485978982554,forward_head
18.1,-0.3066503521353343,-0.130905850065742,-0.03403279166274387,-0.01575539990426395,1.6212793689307874,0.024761844365136402,1.8193018807174646,1.1139125166540937,forward_head
18.12,-0.2959667672540435,-0.09793525135755804,-0.03163427318744297,-0.0007036737753039481,1.5892134753832263,0.0350068994673526,1.8628635768111914,1.2122601410453193,forward_head
18.14,-0.35286621442071725,-0.09726952905726521,-0.02481895630150496,0.005722006288726169,1.394031001949454,0.024539874839986844,1.815002710433772,1.2896777760909053,forward_head
18.16,-0.29643198610567406,-0.09552498768514354,-0.014707548807611166,0.0067530103010242535,1.5686921757420795,0.028768912040245648,1.8616094987943792,1.2330513292019374,forward_head
18.18,-0.33614948672063394,-0.10116435434231524,-0.01739074979102201,0.017175035005734984,1.4362680323648582,0.0318894205603326,1.8350747604580986,1.2399994921063684,forward_head
18.2,-0.33462695499867395,-0.07536972758181947,-0.03942281702223088,-0.01837988171751807,1.5466432416680338,0.028377895313019725,1.9428127769480235,1.2822813991284143,forward_head
18.22,-0.2944338998030491,-0.12390459698109024,-0.007482163950741739,0.02846420293873259,1.6927832863655994,0.05288805486950713,1.8919447754982062,1.126557515333068,forward_head
18.24,-0.3434882793671071,-0.13484974421678597,-0.015275401102937156,0.008967042481405398,1.6421124826041622,0.04332070568519129,1.8955934667193535,1.2053002651814368,forward_head
18.26,-0.33573569063480696,-0.10731809502265119,-0.007089105759640045,0.010948244857172332,1.5853708935075141,0.032650035047486745,1.7732753936648626,1.1592904660849823,forward_head
18.28,-0.3381884295440803,-0.1432089838246295,-0.041156285709774275,0.0040524383476283465,1.6319328158657127,0.013914506477319217,1.9884947304089595,1.075093436606167,forward_head
18.3,-0.29679559408843126,-0.14612420295005715,-0.03340037118688562,-0.005920770098947204,1.5977630682670398,0.044521789565237856,1.825478454634443,1.3487905526851867,forward_head
18.32,-0.28959334038180096,-0.10670802786062722,-0.02069564838355291,-0.010270412330421964,1.5747547270370752,0.03294975175898571,1.8050362168997633,1.1106268744489727,forward_head
18.34,-0.29481331159887975,-0.1267556370050303,-0.024211847003630677,0.009691054709324527,1.5264390101729775,0.03442511231209847,1.8442910880053083,1.1688657797903932,forward_head
18.36,-0.3208224693051597,-0.09828577774774509,-0.035649952931750266,-0.00020015733291240228,1.7169862496156378,0.030639678011181098,1.8177532968866867,1.1389958722776088,forward_head
18.38,-0.35796305203231626,-0.09305639831819146,-0.006279940087732465,-0.013870346743223598,1.5794699948846478,0.03258115904557796,1.7847429653961897,1.1849063927899366,forward_head
18.4,-0.285645935237697,-0.1442166611137935,-0.029064199168089704,0.00178480422314289,1.8329350715817574,0.03497945083473805,1.9011952339458797,1.13019544290779,forward_head
18.42,-0.33691128435927215,-0.12269887891923043,-0.022705486930602526,-0.022927500494922905,1.5386431267664018,0.03636768028273567,1.7429740470135482,1.2208266576685003,forward_head
18.44,-0.3071777051067635,-0.10736230718996646,-0.015164087729585845,0.006929907065653383,1.786599620070067,0.0383541966527252,1.9149078562162203,1.1508035236346985,forward_head
18.46,-0.33319378179586073,-0.1624656921385734,0.0192913241044457,0.01674689002310598,1.5964766143025488,0.03523666524323283,1.8747231586942255,1.197613885808571,forward_head
18.48,-0.30185137729723743,-0.11943925993114071,-0.03196220636239539,-0.010601585317758897,1.649336759870174,0.024724918550540494,1.8674103890830718,1.1338953758245165,forward_head
18.5,-0.33553199096745234,-0.12572209866700917,-0.030534349677245897,0.01485830752431122,1.6798200728152084,0.0282765723936235,1.9039432066315862,1.1614939665692534,forward_head
18.52,-0.30777758783152237,-0.09658647803047801,-0.02466042603194756,0.004425349252590794,1.6953652217803192,0.03476110146761639,1.7863971973663122,1.1057640915877993,forward_head
18.54,-0.30892601134270253,-0.10155732399638213,-0.03494239668150859,0.019801806345456665,1.528013565570313,0.018284250383108176,1.801177949195476,1.0909753440679884,forward_head
18.56,-0.30525844353618226,-0.08258100535724415,-0.02307707397826107,-0.01806305439241297,1.7383898261312567,0.0426113077274432,1.8102810594410905,1.168817437801677,forward_head
18.58,-0.3503292284132008,-0.10982382918375151,-0.0354482078244566,-0.0034542884822202392,1.5664429485476843,0.03546950560916958,1.865311924780287,1.184437745295634,forward_head
18.6,-0.27765153849181307,-0.09206821926302826,-0.022252374796741962,-0.016701997346751176,1.5311387673445631,0.032708461868267445,1.9118571496437864,1.1605031716655276,forward_head
18.62,-0.2874978087587616,-0.10953692902443743,-0.06158259263949612,0.014092292910746974,1.6091715670026112,0.05063110707383673,1.8113286238499917,1.1134805508847467,forward_head
18.64,-0.3035950348881156,-0.10285528253608983,-0.023271745928121004,-0.0026115388786107276,1.7524436728609132,0.03775190082226161,1.8968942199559153,1.1341894188774018,forward_head
18.66,-0.3528907494735591,-0.12409753130454414,-0.008965128204272926,0.02342267079309109,1.6427959336536293,0.018478078426595747,1.9106128785868013,1.1634145447519015,forward_head
18.68,-0.3055327023621423,-0.126271027685188,-0.0115643836204825,0.010944869413466759,1.5485500273759236,0.05278516279853383,1.7180945750442893,1.130625168392684,forward_head
18.7,-0.2985174010310393,-0.12371537952774847,-0.039052243840949456,0.008757869337974542,1.7467936313690986,0.03301597296570991,1.8854238645780457,1.2056640334726942,forward_head
18.72,-0.2783425780969096,-0.1206340779054206,-0.03262034050836104,-0.005886765118873221,1.6095656693300624,0.01472597162472297,1.8529642330478493,1.1339735981886383,forward_head
18.74,-0.32859246856732915,-0.12163166060250871,-0.021075921720142145,0.025213915108674056,1.5609667752570626,0.03411981428458554,1.8179439942171685,1.0786940809088423,forward_head
18.76,-0.3088107283406957,-0.09963394418924423,-0.02527784747668252,0.014883673534082143,1.611513957247799,0.008974999801357332,1.8370446105327187,1.1225095195389903,forward_head
18.78,-0.37024159149973346,-0.10974143203888743,-0.030634146056236797,-0.00028869039426023267,1.554395264711338,0.029744596609105292,1.853707738885582,1.1348622539909041,forward_head
18.8,-0.303782846263942,-0.12006647844853421,-0.03091708490801268,0.02502115278616326,1.5769148162474864,0.04584308134069052,1.9951263576875518,1.1233850489510637,forward_head
18.82,-0.31743322862701245,-0.09328004203601775,-0.034726276770016024,0.008797815098574906,1.5962573474163164,0.03418593251962966,1.797038255898924,1.1210186530921156,forward_head
18.84,-0.2917812076196641,-0.1280644293213037,-0.007226862463379525,-0.0030460890105256442,1.5819707696251077,0.023718552400185135,1.8324938305873666,1.1707334081438219,forward_head
18.86,-0.3177892807419541,-0.14466468743554192,-0.0038750575477599896,0.0007140766347997256,1.572470133351699,0.02658911919737739,1.9285084741129428,1.1298833282075977,forward_head
18.88,-0.30074794246247105,-0.12511850428080623,-0.008201065175675586,-0.005095297145135604,1.6907141557051033,0.032814107680890006,1.8508566389568342,1.215534392961765,forward_head
18.9,-0.3323956146000629,-0.11344958595274526,-0.024540295464702586,-0.019588528020286836,1.669981457943021,0.04475730774257068,1.7785543806542028,1.1544206010854325,forward_head
18.92,-0.2998544730649688,-0.12490301443389885,-0.006140373627945139,0.005228727584507686,1.6090811434009935,0.030092003157523927,1.7881135743064536,1.1010544345331241,forward_head
18.94,-0.33030707230657247,-0.09598948692876907,-0.0397433619981077,0.022780448227743944,1.6284785278554867,0.02581179912798882,1.7546796674091685,1.0784394611316583,forward_head
18.96,-0.3260538721052662,-0.09579519851057496,-0.023150208074136928,0.005828027636404469,1.5972435404177447,0.02202721172585621,1.875202065206295,1.0632952446009936,forward_head
18.98,-0.31595700185450865,-0.10077122076762006,-0.02049452963929387,0.009308575625198665,1.6000180572514273,0.03581253353550529,1.8743173149573285,1.139734893051768,forward_head
19.0,-0.3006174634809117,-0.10757108168836112,-0.01840476460644526,0.007849351876311009,1.6646665916413774,0.015782070677303608,1.7928774981134727,1.1651872171030755,forward_head
19.02,-0.33003524889723,-0.12621788521255006,-0.02439827214990739,0.028375631658730693,1.5224271434250742,0.033061945482825664,1.7901959886180692,1.085588127334209,forward_head
19.04,-0.2964219327570363,-0.14110959727440944,-0.025915231313466076,0.014937183911183845,1.6861687582463938,0.030183507973849402,1.8638528799485943,1.0632859964880395,forward_head
19.06,-0.3337830573357487,-0.0965595506711748,-0.02432448544908529,0.022336499906563487,1.5537284060854277,0.0394814692216403,1.792868290171901,1.0646101679786257,forward_head
19.08,-0.31184172993617276,-0.11260522209866902,-0.029971259563205777,-0.0023103239402939833,1.6889152973628279,0.026464459927157537,1.9418095117632685,1.132430855744945,forward_head
19.1,-0.3267790957451471,-0.08466664250569772,-0.03853800324745763,0.006792851361950315,1.519031022983144,0.008144606151519749,1.871220934190692,1.1285546316062982,forward_head
19.12,-0.28042115414151775,-0.10795644477486803,0.0041479741098810734,-0.006890979710001581,1.51803729397978,0.02372503638022695,1.8409603026966925,1.0628783615869386,forward_head
19.14,-0.3082200642603298,-0.0807987349410331,-0.03087857695465019,-0.01135680828743282,1.6638328801813802,0.04289172343529344,1.9457226922699795,1.3186501352508657,forward_head
19.16,-0.2884674490549412,-0.08425186588641705,-0.004218016453788432,-0.025274280203453105,1.5303435598699062,0.05970603591679775,1.7226986890699407,1.1708901979555337,forward_head
19.18,-0.3165871769790275,-0.10508516736780134,-0.029701559604533308,-0.011174464717470196,1.6352459229592826,0.03383220870829202,1.812349741674629,1.1141135871112366,forward_head
19.2,-0.31301447080395683,-0.12452074563868273,-0.04144385779499316,-0.01711388430688182,1.5733134400202313,0.03490243165458225,1.8729839382490987,1.2549540785590299,forward_head
19.22,-0.3277000927637445,-0.09638888506811824,-0.012239770824487451,0.008293014078969504,1.5833624206846215,0.0385642471318224,1.8821293754972506,1.1187824904085661,forward_head
19.24,-0.29239329107361,-0.13124327263574329,-0.017065272060556944,-0.004951386476862932,1.5807327476516642,0.036139916496111466,1.851208832765326,1.1141446411182339,forward_head
19.26,-0.3124727078018361,-0.08715645407735137,-0.03378508999141579,-0.005107634160032665,1.5491285926699832,0.024688560254537237,1.8759458270482499,1.251134047360346,forward_head
19.28,-0.3426498531584403,-0.12172812588663048,-0.016918400095671884,0.005747093453998414,1.6413881590402286,0.03188114874622009,1.8001308141818195,1.0813360983952471,forward_head
19.3,-0.2786878428619305,-0.08620684693193494,-0.008330672966013164,0.0016203027179023427,1.5716797870347634,0.01656966419743613,1.8783728622777538,1.16901041800816,forward_head
19.32,-0.3295611044705294,-0.1323741485001595,-0.02216195154694066,0.020038381678488638,1.4830701034110685,0.047814301163510896,1.757467102521319,1.0804683266292758,forward_head
19.34,-0.28116598607832916,-0.1474382157176121,-0.02483588402433685,0.006447126942371555,1.6217445761276557,0.02995929490052321,1.912832648776047,1.1342019018162646,forward_head
19.36,-0.31954290530564355,-0.13083490686700971,-0.02498849851331393,0.0026603576993428843,1.6617347547517014,0.036230242708599376,1.7543820522904867,1.1796299965584849,forward_head
19.38,-0.320534493117509,-0.1219103713310717,-0.03351362575519824,-0.02505847179777799,1.4950473504687314,0.01976475196794206,1.806549191594155,1.155328514253225,forward_head
19.4,-0.3312822317319459,-0.13065661132776948,-0.029206140564544077,-0.031115200379597353,1.5991135487248125,0.03800440927141943,1.835642969535294,1.0252344674195357,forward_head
19.42,-0.36004269343458356,-0.10579387788950816,-0.044709248442689226,0.008123098548931425,1.5930373438236054,0.02133850021031882,1.7553093278921774,1.1831553707529852,forward_head
19.44,-0.2988201579846593,-0.12860163593160398,-0.013039712344737817,-0.012724303692079957,1.561844496645254,0.026100472940375718,1.8070127817716841,1.148102125587307,forward_head
19.46,-0.3066434156867085,-0.12400479143439064,-0.020322117209583587,0.034078964493358975,1.684243947337309,0.044833853681841916,1.6955462377922408,1.1111884803684786,forward_head
19.48,-0.3531883456193166,-0.08050068007968993,-0.020880872320504038,-0.0002309953542306754,1.5541943773624534,0.040700826447999966,1.8775090016221025,1.209187903328892,forward_head
19.5,-0.34787634498278147,-0.09802354447357069,-0.023391120429559834,0.010753193864044408,1.6861095508494737,0.016798372639379732,1.8705714824802948,1.0837286640296304,forward_head
19.52,-0.29347822284828845,-0.08743820650664062,-0.011898013412515548,0.0404810885603303,1.7920958608914979,0.03801325166301835,1.9430882585628364,1.0321776177563051,forward_head
19.54,-0.3613751898098234,-0.1187880381433592,-0.039370667845793,0.013582561810196073,1.608622205127369,0.03778996594296207,1.8255829028110797,1.1550954279941088,forward_head
19.56,-0.33462589736513143,-0.1380424064636624,-3.915342448042635e-05,-0.02339278845140329,1.6427335546740587,0.028373078222556084,1.8180892963797808,1.1302574129797611,forward_head
19.58,-0.3092373370019424,-0.12693669219773487,-0.0470099396970373,0.021420589382663488,1.7258737114481253,0.025920061812852075,1.8667782207053416,1.0496225656177574,forward_head
19.6,-0.28956702738570034,-0.09796272442500192,-0.006069110647070809,0.00952969781242969,1.663458166462492,0.03369462303612311,1.8639320337039065,1.1648919081257825,forward_head
19.62,-0.30809544324638977,-0.07590139084651709,-0.00904395942735134,0.011225956491300829,1.5364785897556699,0.03276733103965736,1.760650995857684,1.072488023632126,forward_head
19.64,-0.33592339772371516,-0.09389562994706942,-0.03322297301786559,-0.00595173331334205,1.627832952745781,0.028924886843346525,1.8548864037935509,1.0164746879132127,forward_head
19.66,-0.2869404705453605,-0.09800211687421684,-0.010804596738657695,0.02156158830236832,1.6687224918763406,0.017747367176031825,1.886554588031409,1.1793627227504142,forward_head
19.68,-0.3150811904274723,-0.12699022742905675,0.0008026287444590708,0.005646343246814302,1.6437671914657799,0.016388470499267022,1.892293340521228,1.1893304676186638,forward_head
19.7,-0.27079458344133955,-0.1306401285907424,-0.021544804914054548,0.049742772271087726,1.5414940516371722,0.02548771960517932,1.8384095504564653,1.1282423462305977,forward_head
19.72,-0.3252049946809794,-0.1332498583726208,-0.03819998195695679,0.009010614648096346,1.6214860213066142,0.04285040954695268,1.8935643545172274,1.100795203429353,forward_head
19.74,-0.30103670134559346,-0.10000567788527066,-0.0151257651475609,-0.007567313094381751,1.6353320502594688,0.02473372740864083,1.8235988745099823,1.2233364144389847,forward_head
19.76,-0.3421643339841507,-0.10423046669812445,-0.007350992757130529,-0.011199465494703005,1.5233834629486582,0.024258289123103887,1.9129020271724093,1.169565818621073,forward_head
19.78,-0.29746248368442024,-0.11425837555122989,-0.03511147045577257,0.0031115472355139158,1.75911899644143,0.04839360494738123,1.8517767708002766,1.158508619625591,forward_head
19.8,-0.311488717512395,-0.13671632258625419,-0.020944429114404795,-0.016272409345928156,1.5821292232428426,0.037856984159671384,1.8156361216352526,1.0710549822495439,forward_head
19.82,-0.33444839328822096,-0.15330889671678094,-0.009507944789013732,0.009329676179658733,1.5669040150130085,0.021540163283130253,1.805963111943653,1.1162218944449447,forward_head
19.84,-0.29949300124709927,-0.08448009074494219,-0.026915406488029158,-0.01404590307750554,1.7014290580539417,0.027039372947491522,1.8509780654011871,1.081274127806519,forward_head
19.86,-0.31980475849858997,-0.1408633189114322,-0.023819308247425,0.005066645814319641,1.4200700265582094,0.034670900610912846,1.7775253832845475,1.1020649499359156,forward_head
19.88,-0.32727170961474555,-0.08958785927684519,-0.03031995360160893,-0.02967667165573444,1.6598486432073163,0.03222730825649746,1.8534006120831086,1.1306031483196621,forward_head
19.9,-0.3179751596620836,-0.10468636944168529,-0.027860706479664852,-0.016623098862351072,1.601132164728497,0.035499530418229286,1.747818177657812,1.1269211226916103,forward_head
19.92,-0.3125512964274267,-0.0921861658775957,-0.018467152730769633,-0.012552921587288107,1.5126293848139272,0.03742985314286205,1.8020850558069814,1.213459660165319,forward_head
19.94,-0.354220521762107,-0.11031016206465284,-0.01918753324331014,-0.013186375878262466,1.5330114228426335,0.01330512204446778,1.8402072460137107,1.1987978133868045,forward_head
19.96,-0.327109247862542,-0.1392808515078374,-0.038476152578722694,-0.00579887648607899,1.6107323147626482,0.039571726062674645,1.897260994931058,1.1142787867878772,forward_head
19.98,-0.3484650200470452,-0.12187236589295206,-0.019221570715732883,0.02112116885529469,1.6578758116691137,0.013061527526772742,1.8807740621158304,1.1412495838491856,forward_head
20.0,-0.30939963866188214,-0.1117143582622381,-0.030917453275042927,-0.01482236195460163,1.6014006424529763,0.03232095682734884,1.7632277768378442,1.0653586140083111,forward_head
20.02,-0.32631505070480177,-0.10730656205816219,-0.006034542675778855,0.0026077957143516785,1.550254259690589,0.027183583872972716,1.8012178662693061,1.123240580555117,forward_head
20.04,-0.309998405760083,-0.11457445505481194,-0.005521265644339189,0.008778413188668063,1.655299529652725,0.03910560403326488,1.8479090915589413,1.0606107395502575,forward_head
20.06,-0.30087017424877,-0.12864181608870187,-0.012424136436667023,-0.002865331286945589,1.5612275672002451,0.023565843700465237,1.8355872092853887,1.1628095167259331,forward_head
20.08,-0.3118099335229188,-0.11845785831150352,-0.03646985039966101,-0.0072037880788374505,1.5674557368758633,0.008117353112405058,1.8058914295457704,1.178665418781335,forward_head
20.1,-0.3353711846909311,-0.12440815128100291,-0.03574935091805855,0.006364051543442574,1.6587431503634635,0.023848559931635278,1.8622260421797627,1.118445257878756,forward_head
20.12,-0.3004518226958632,-0.09916043655204587,-0.01935243133923529,0.019522876271986535,1.559037897771015,0.03342300990616355,1.9097835148600322,1.2109518402412982,forward_head
20.14,-0.31000957714675265,-0.1257034011400984,0.0045601922566815434,0.001315967276137516,1.589635349376292,0.03763395249105923,1.8769423210841802,1.2270253886812075,forward_head
20.16,-0.34137589849156275,-0.11614993523292332,-0.029260898081798072,0.004477329467836584,1.4194155965606918,0.03158206119890844,1.9590310997565368,1.0950383876034686,forward_head
20.18,-0.2793691404520652,-0.12976873661009047,-0.037700818406720314,0.02434472191108191,1.5177049638272389,0.025618835430981996,1.8586481934903827,1.1965893376214776,forward_head
20.2,-0.33570574776724954,-0.14804325447677172,-0.028583479002698607,-0.010154249902171324,1.6531549876717786,0.03260308021511703,1.970882714977332,1.1743622379509004,forward_head
20.22,-0.31066659733971236,-0.11809331643507977,-0.03466546315819711,-0.002645624737634245,1.486434719248659,0.03562661439645859,1.7621430021111757,1.0461521285602815,forward_head
20.24,-0.29705213626029964,-0.13467191298542475,-0.0458971724773609,-0.010119058990655131,1.7102504937678764,0.0369056870088806,1.8866058982528513,1.084383054893437,forward_head
20.26,-0.34364081426356435,-0.11395593883091615,-0.03726399358210311,-0.010054252662209407,1.579557017820521,0.030282862749411738,1.8754212848340115,1.109451556009422,forward_head
20.28,-0.3136881876290594,-0.12809826319746218,-0.04554836002822116,-0.03824633632383252,1.5853838829125093,0.03944747177073182,1.811806226246851,1.2102008395427264,forward_head
20.3,-0.33509237079277115,-0.142221777151373,-0.012700088188749048,-0.010216200377371313,1.5540982877671055,0.0281019271955095,1.841708125375934,1.1753737322498676,forward_head
20.32,-0.30256617853080464,-0.09922207297152719,-0.021119016396536332,0.0015872533045690447,1.5908528261241603,0.03825676192571455,1.8725954061272794,1.1961695737864522,forward_head
20.34,-0.34848265762775876,-0.14158586621897812,-0.00762846458138424,0.009160234160913206,1.6240706652594488,0.03893647224678227,1.7933604403596972,1.15696854667622,forward_head
20.36,-0.3257851152836747,-0.08302315399968827,-0.0624730588503464,-0.005912824428513142,1.6228339519759365,0.02630986647724714,1.7862075142402916,1.2021511336760362,forward_head
20.38,-0.3157649280914927,-0.10704557677240668,-0.051622305761257925,-0.016781878175461316,1.5845903724186456,0.027597537492260103,1.8307366118741488,1.1285445163832244,forward_head
20.4,-0.3557045611742713,-0.09832993170036537,-0.03898293872319083,0.0039962105026841695,1.6002673032664079,0.005896474648599093,1.8570481266292704,1.1765964125558828,forward_head
20.42,-0.30510619138105766,-0.10787820737198217,-0.025046133165160227,0.008684408990241909,1.619907569349299,0.012565437634645245,1.9299569980918054,1.1716035527345992,forward_head
20.44,-0.305461581199937,-0.10433532089477277,-0.03806937794995401,-0.0035690945434136913,1.660389496617428,0.04495097126348625,1.8783452947521353,1.1174411570658025,forward_head
20.46,-0.3617418604478518,-0.11598110467053545,-0.020353704267167615,-0.003450435596986898,1.4717590745598745,0.03823847852000174,1.803051632146767,1.1867575114885394,forward_head
20.48,-0.3178361865213808,-0.10858094002477248,-0.019481146418471602,-0.012021891612783872,1.5704668086149498,0.019333898710717105,1.940558346256418,1.0558140083286203,forward_head
20.5,-0.3050964431813325,-0.11397425894099204,-0.03172918458683358,-0.037712886353478386,1.5371600426728584,0.027372763433741027,1.8657424324539087,1.1099161894184744,forward_head
20.52,-0.3143387335370862,-0.12175383455396323,-0.01094194157279854,-0.013880370131635738,1.4604270109384814,0.039698817475051475,1.7576895335714162,1.11513764738735,forward_head
20.54,-0.3330042007754542,-0.09637634098006433,-0.04007021093049488,0.010270758574733505,1.6081107495959732,0.03270903283490822,1.9009766378083137,1.1688848190424541,forward_head
20.56,-0.3139745593387748,-0.1230234944377864,-0.037662070144692535,0.009920719943987188,1.590721538346018,0.00643841281196209,1.7564933474734012,1.281857671153198,forward_head
20.58,-0.33194116012967395,-0.12394208051024845,-0.042511417321654296,0.0013686608534831893,1.5756752151302937,0.0362387220128895,1.7968231470728524,1.1911146380914501,forward_head
20.6,-0.35687936118286884,-0.11483315827039521,-0.03422276509380224,-0.00767424375298147,1.5339867928645212,0.030483556830093978,1.9572516862023408,1.1174461501381556,forward_head
20.62,-0.29825732292454415,-0.13606146490130613,-0.038933690186844734,0.013041975883455218,1.66493181358383,0.042374618790701736,1.8551711409145846,1.076555442197755,forward_head
20.64,-0.30703883121828807,-0.10789969655253308,-0.05542327708534923,0.022857154782690983,1.6883779782482624,0.036016447305608136,1.9170711423218725,1.0807803138348804,forward_head
20.66,-0.28942370624784064,-0.08790889790161832,-0.02082834887638119,0.005970980940026865,1.5433218686909616,0.04165231815523706,1.8188969224840794,1.1447041838315264,forward_head
20.68,-0.26456072896329974,-0.10188020599512922,-0.015817674917406807,-0.0023396782550377214,1.5032734842727093,0.04002712992179446,1.770034859983965,1.1652896968729503,forward_head
20.7,-0.3505083888381136,-0.11305301345453309,-0.019342270936047932,0.007272626080971143,1.6458524280376623,0.03453608112923175,1.857244565303379,1.072133785968168,forward_head
20.72,-0.3154702381158038,-0.13848535433074757,-0.05077650939061226,0.006548778132837469,1.5123914538086303,0.022875243349086388,1.8516837178091474,1.1352207286096312,forward_head
20.74,-0.3615770245072351,-0.1244510012914783,-0.0352547359090445,-0.0028999285490712364,1.5663391554082973,0.04147510082921909,1.9068287784682105,1.1622228577168907,forward_head
20.76,-0.27670726462710654,-0.10848389426968509,-0.014256147953236036,-0.007439892674537987,1.5525182323150222,0.03181467921226584,1.8619461943445743,1.1974325650048394,forward_head
20.78,-0.30888183377093376,-0.10900389149215889,-0.037973565914268044,0.013645793617267001,1.621071166511153,0.03216446165718916,1.7253651087306632,1.1528436894075669,forward_head
20.8,-0.3555574109523632,-0.1215688842346136,-0.013696066759057034,-0.0011413320356028966,1.6203447392007198,0.03865719322699152,1.7489892117323358,1.1436322837910755,forward_head
20.82,-0.29475273311476186,-0.09759545296387302,-0.02295266424738182,0.016327628652650632,1.6024584374419029,0.025076963916725602,1.8712978804507354,1.0179637242817505,forward_head
20.84,-0.26996284431301265,-0.11141723025153327,-5.75336886955167e-05,-0.008687306862376442,1.5815969616619063,0.0326822627531896,1.850255194400972,1.0831450000357492,forward_head
20.86,-0.3312572086906919,-0.10350286441922002,-0.013469642116469716,0.012619760876361439,1.5445996326624944,0.014067902215009854,1.8112614841276267,1.1873229857585699,forward_head
20.88,-0.2909675808145448,-0.11691813384537972,-0.0398004958236814,0.006040303665767665,1.712601793211239,0.025080970835641626,1.7613187068701002,1.1226474207380814,forward_head
20.9,-0.29945011461279314,-0.1000892328525257,-0.04857726212319152,-0.0006865150962810483,1.641926596848772,0.010580783870836935,1.7851473202138792,1.1819420558709945,forward_head
20.92,-0.34486522010434195,-0.13609839920678918,-0.01156216834079299,0.02091719154804402,1.5466529029480343,0.046166272046855014,1.8857342141295945,1.2545337427211394,forward_head
20.94,-0.3108132558989906,-0.09453038363078185,0.005262181878597996,-0.007613464939860974,1.6565962032631947,0.028727065697140085,1.832616070889771,1.1982881786634367,forward_head
20.96,-0.359611578215656,-0.11324102655920226,-0.020733998233584554,-0.004832918812485125,1.5412384152583412,0.030945737521879742,1.9261734240648896,1.200673350405913,forward_head
20.98,-0.344706184416175,-0.1179962324807627,-0.015653779414707535,0.008917034650797757,1.6245709424487431,0.05224435168655791,1.7862390065862397,1.157588766719738,forward_head
21.0,-0.3476504736553688,-0.11980162126581924,-0.033401082276917134,-0.012556652583029352,1.5145855847585348,0.011992381772910737,1.8513888549503497,1.284867205588234,forward_head
21.02,-0.3096036456988027,-0.11133357693715805,-0.021528626321898194,-0.005245453995488251,1.599091894486144,0.05450963324975751,1.794040861345796,1.1551880656461395,forward_head
21.04,-0.3069974384453239,-0.13689786614228747,-0.027213684310557294,-0.017108530329816074,1.6650531216739508,0.01189840971600089,1.7717042190656147,1.2086280793504236,forward_head
21.06,-0.34949156447680213,-0.10659671113704568,-0.03313141999707331,-0.01949088353030695,1.6827223435789473,0.047708064775923056,1.8439468426148329,1.1200405221297374,forward_head
21.08,-0.32014636206546254,-0.10598173468955285,-0.012801494667136981,-0.018268998834234107,1.7165828486711758,0.04726363719039223,1.786028797569053,1.1905929145887584,forward_head
21.1,-0.2903773902896029,-0.10943826746689453,-0.03789602282848215,-0.007504322454900706,1.5716751173002972,0.02464393903951395,1.7814304970086081,1.1666421455070248,forward_head
21.12,-0.33370336567573966,-0.12386363409574885,-0.010300635629625266,0.021498496897611196,1.6503664155560112,0.03261881395478905,1.8883579581669192,1.2006470763038146,forward_head
21.14,-0.30794911349039,-0.09250598788284425,-0.026071482438996613,-0.011111918040220933,1.8202466561209676,0.044655360493605196,1.9218603159253147,1.210809719458232,forward_head
21.16,-0.28411232450167817,-0.13056902519553354,-0.0012218167653780098,-0.017263578942094723,1.6764724722233728,0.024702037184434998,1.7808563670717976,1.0733900118751103,forward_head
21.18,-0.32360687850256165,-0.1630790712651962,-0.020732729873735756,-0.008327746593860494,1.5216405075939616,0.05401204402788677,1.885977514209003,1.1487977007992012,forward_head
21.2,-0.30931961863137064,-0.08677379162862392,-0.017477664041256422,-0.006103067962423707,1.6120497809138323,0.02379080218319983,1.7858052680441274,1.1212038507503916,forward_head
21.22,-0.31437710125627827,-0.11720494294845087,-0.0012688702637534215,0.005821847393481634,1.5914656291628524,0.01738250084723248,1.8115669045388967,1.1216375409139832,forward_head
21.24,-0.34458704982302535,-0.11864050673234879,-0.022237620752581358,-0.002459303349997878,1.638874209575827,0.026186477288399252,1.8555261826490625,1.0428639248768763,forward_head
21.26,-0.3477486293778413,-0.12159556553600015,-0.02383134829726635,-0.007448406263264876,1.465648921270854,0.024376074596284308,1.8093748372336054,1.1099295824780644,forward_head
21.28,-0.30298286532832364,-0.12681818002318884,-0.021675887403982377,-0.009332404806360831,1.7052044825801291,0.03171375294856363,1.763958122688723,1.1475281645100766,forward_head
21.3,-0.32702215144722063,-0.1549972571897555,-0.03761173978614925,-0.014237481751853754,1.6658287991711616,0.042971951899969066,1.8199252224902707,1.1935289562710272,forward_head
21.32,-0.2943294572758365,-0.09577276642541588,-0.0113391395068906,-0.004570703295354096,1.515045267595596,0.017745304139899745,1.9014138015385151,1.1208356339920962,forward_head
21.34,-0.3195315763780933,-0.09561899045994683,-0.03469355679557438,0.02046459624665741,1.547373330940365,0.025353572487436925,1.8358775550276507,1.1205530715969931,forward_head
21.36,-0.316415200007764,-0.11959274113774014,-0.02391093246258863,0.0065485241240741164,1.4721922379116825,0.03867021794257322,1.7840080985191564,1.1800404079601368,forward_head
21.38,-0.3170185097004796,-0.133201887204229,-0.04038378385295365,0.00625489541601155,1.579048493070344,0.02122987013805594,1.7980098670734117,1.1045335127249125,forward_head
21.4,-0.3077649372688428,-0.11162780098338115,-0.03025947798738699,-0.014912631126776639,1.5888535769123004,0.030037901504231752,1.886175372054347,1.0092624914456154,forward_head
21.42,-0.3130220458420067,-0.10932854074542246,-0.038229638631869615,-0.02814698333385009,1.6190021513001203,0.014738237269632798,1.7734951706720095,1.1904337355745118,forward_head
21.44,-0.2945834254253846,-0.11336816879929122,0.0008400585888925295,0.0015680518079714354,1.494475018888823,0.01831159237150471,1.8410515654231996,1.1513910588482064,forward_head
21.46,-0.3241515445746431,-0.1336695709916711,0.006599243998557144,0.0016292103162851906,1.5755479181601797,0.03368343128148324,1.8228574636437118,1.216628992958742,forward_head
21.48,-0.32833199505843946,-0.12053316792190788,-0.03874478370591236,-0.012750309031933242,1.5466931152525314,0.03010033695659923,1.9074486433593227,1.0344195778912184,forward_head
21.5,-0.31263633993833084,-0.10139153764780424,-0.016468170202266343,0.006171013600659204,1.61731766698579,0.0393322973382592,1.8793845042541035,1.1837198821029982,forward_head
21.52,-0.32568974889123464,-0.144446546039343,-0.003000708722900764,0.0030278120808843183,1.6816122998519638,0.024469146430742637,1.9803237528506306,1.0680858904414732,forward_head
21.54,-0.3040919122547233,-0.1128681700584478,-0.035866601289777346,-0.0034431832813280297,1.5226916069283702,0.026446049441360014,1.8858041257992564,1.198933887166209,forward_head
21.56,-0.31009921085512504,-0.0969755771149736,0.0027165476688336956,0.009112540743249362,1.6160400566412962,0.040094175693285605,1.8789257844857743,1.1420229547230727,forward_head
21.58,-0.2809224614014828,-0.12257349021287377,-0.043659510108796575,0.006812005095891685,1.7646938929052411,0.02522924845479839,1.91744977710675,1.2167877097828634,forward_head
21.6,-0.34982147885714376,-0.12175997371232179,-0.025236549520126494,-0.005512737264456808,1.6368952411444109,0.027641350866194604,1.7478720576133888,1.1524298866879379,forward_head
21.62,-0.30339797141987795,-0.09840143620322632,-0.00252476099382875,0.016403131976749342,1.620694399156005,0.024606270334952513,1.776285969935978,1.1146968012752283,forward_head
21.64,-0.315966168280964,-0.11684469800428804,-0.0478260827263648,0.0204139296145203,1.6218970010369926,0.039177410177538424,1.8652201757539744,1.0796613382158506,forward_head
21.66,-0.31145553354735284,-0.11050849204712121,-0.014190685208941827,0.0019238157042745611,1.7199356233310956,0.03284853540930271,1.8288836815044869,1.0906283890944044,forward_head
21.68,-0.31704212467725507,-0.08981291434581752,-0.020303054837003124,0.0025649741674022733,1.615949718118373,0.04206613605925244,1.8362883369790872,1.2416929606004323,forward_head
21.7,-0.31615439466646306,-0.12167722458830625,-0.024406858639918424,0.02345420953415545,1.4693941888960873,0.02532965787548092,1.7767628713327601,1.0589537078536366,forward_head
21.72,-0.31378903045369283,-0.1266531629788622,-0.029839528590612487,-0.015429114624871338,1.5455248409626008,0.029633994820239495,1.8882360831986895,1.2132281845350132,forward_head
21.74,-0.2749291807615012,-0.12404148643535484,-0.0018771889851806286,-0.002771153296044262,1.5068908374048404,0.04594359869874966,1.7951830776645579,1.298024898527031,forward_head
21.76,-0.3391905270034195,-0.12029863121554384,-0.046762684104966035,-0.00951466520865014,1.6579881488824273,0.02332982142111062,1.9098497526136042,1.1150830324093919,forward_head
21.78,-0.313815937907742,-0.11288490018578212,-0.010315989698261427,-0.0009125400186886426,1.57347791911351,0.02491743986221349,1.8881751247154817,1.170386795612962,forward_head
21.8,-0.3080622523172807,-0.14008474131332901,-0.0073780219592364795,0.007153740061221677,1.7971858876077087,0.039186420971790294,1.8845205637266023,1.1332558568867457,forward_head
21.82,-0.321603631964617,-0.10576662999020617,-0.027501740413792664,-0.014743929489238368,1.7797734969840477,0.026063827918413537,1.8078737462110674,1.161743610057147,forward_head
21.84,-0.3472274129175987,-0.10240231852472968,-0.048891671535121806,0.012168676422958552,1.6326079912343092,0.021538723785710902,1.861517102162947,1.0574442439063152,forward_head
21.86,-0.29997926416422976,-0.1080321589479596,-0.004975651193867832,0.010076735520260626,1.6447833592200332,0.037535478759390596,1.858782304312596,1.1721568036990653,forward_head
21.88,-0.32284316862303986,-0.1358767026032056,-0.0170970775614049,0.00589160646446606,1.5974872969061125,0.0328654933843545,1.8214850841628236,1.1946737788316681,forward_head
21.9,-0.28807839532403107,-0.12942604244390918,0.0018868603695259283,0.028954229388577914,1.4629729241136178,0.03576990872463442,1.8318037283333164,1.2360183487338965,forward_head
21.92,-0.33601239929693094,-0.0953237082143905,0.0009049292242693612,-0.008009261285185197,1.5262479176073753,0.019149871553660484,1.9362856808848163,1.0464877884625947,forward_head
21.94,-0.34121595407607525,-0.13032396090946677,-0.03634172322464011,-0.033764283752360284,1.614154132124541,0.030130102980013077,1.782497887668743,1.0421734219763379,forward_head
21.96,-0.3101292826898113,-0.15488534626608746,-0.015684904121600757,-0.0005491703281092504,1.5495301751931563,0.03047845889737132,1.8137279417437873,1.195395719004993,forward_head
21.98,-0.3176506004734449,-0.11679237983357557,-0.020061781056908885,0.01729358261533517,1.625817704338782,0.005965518563440962,1.922877242937624,1.2327301323196609,forward_head
22.0,-0.24683838598039023,-0.12356196314881715,-0.026359144579649024,0.005530047345344594,1.690310375520971,0.03492043201559171,1.8500739429969,1.1941866651744244,forward_head
22.02,-0.2972130902741677,-0.12518446997924107,-0.007607451193981116,0.008747432483414948,1.6598314773060807,0.030830912456325042,1.8587117207235273,1.2141241177664142,forward_head
22.04,-0.33635304736751054,-0.13944082253949397,-0.01004909312848114,0.003682168739599919,1.5183963022936517,0.029997796196043876,1.7274988683873829,1.095680346352609,forward_head
22.06,-0.2767741314911396,-0.12126448039566026,-0.01328352664585509,0.0003582533118744571,1.5616675496377275,0.036430302696112075,1.7888465773654485,1.189348944303098,forward_head
22.08,-0.3746253314801996,-0.15455167892347893,-0.02503448139867408,0.00031885455507645846,1.620307053976576,0.02666665950969429,1.8653556366204915,1.1700968266501337,forward_head
22.1,-0.30144775299663895,-0.1153865859201645,-0.026976872034008368,-0.012109298143163041,1.5375638661376458,0.023649726669444343,1.8824309708970435,1.1242391559934177,forward_head
22.12,-0.32342438435984616,-0.11756955224144179,-0.04741345571700628,-0.0034823808290637068,1.592282176030763,0.04118669395427876,1.9610204978529542,1.011789941655925,forward_head
22.14,-0.3288121168696356,-0.09106326620563386,-0.02374282627933217,0.003711725871975928,1.7016932116986874,0.03556068829008313,1.8118367133927968,1.1131875340968997,forward_head
22.16,-0.34609708177110476,-0.15164481050593917,-0.01270028840755893,0.019985253665724942,1.5890711663120805,0.03704060399417331,1.7086534512214508,1.1320134488213953,forward_head
22.18,-0.31514998686333734,-0.09881381005317909,-0.01780351463183884,0.009918665584558228,1.465896076815244,0.018990419737286587,1.8357798323412173,1.1048459655340084,forward_head
22.2,-0.3276070160627234,-0.12880944850607004,-0.0371008704314978,-0.0029290553904996325,1.6047669335100758,0.04089568148568403,1.9278737931798062,1.147911533690896,forward_head
22.22,-0.3173531796244078,-0.09886612373241342,-0.03935564394368118,-0.01561044290494196,1.5063600183117694,0.035332602510256966,1.8400269357316272,1.1478980924082725,forward_head
22.24,-0.2928935578098075,-0.11684615674491905,-0.020733478563274926,0.008833863958959682,1.731144423766079,0.02739845761370597,1.7830613776581172,1.0246424871936088,forward_head
22.26,-0.3591934589341627,-0.11135070381100524,-0.015724988386658208,0.021989778336773146,1.6823718389086646,0.01963069869606782,1.8961489996926693,1.1295949206243248,forward_head
22.28,-0.27322590781176576,-0.12392016215464854,-0.02090194785874325,-0.017147460292852346,1.6642112291748667,0.026000555890292192,1.8644759344739643,1.2840778688091414,forward_head
22.3,-0.38630219668122995,-0.09816629243076244,-0.02254066860351051,-0.00980946884820014,1.6530788139771013,0.03056751587695815,1.7798347002498793,1.1172263084193967,forward_head
22.32,-0.29493853072296183,-0.15713817441825212,-0.02680246276864676,-0.01882368413595962,1.607411052041813,0.031185137508998855,1.8990329283787308,1.1992010996370546,forward_head
22.34,-0.2924032565398018,-0.12087802168639311,-0.013726568640796438,-0.00998576116104542,1.5877817134003005,0.03690300743360632,1.8392394925415707,1.2176528089851841,forward_head
22.36,-0.2982359141772015,-0.11696919028699677,-0.03269539861697368,-0.002073971960207721,1.5199096056150165,0.03890551280091739,1.7649783565494621,1.1512193184616146,forward_head
22.38,-0.3016604852272305,-0.10667428008759025,-0.028745516574254393,0.007746291059651288,1.5273607644469824,0.03901007790851859,1.8724506080219343,1.0416399002008712,forward_head
22.4,-0.2798537518099983,-0.09694270062517177,-0.02736016961461325,-0.004980307698002145,1.5195758073684191,0.022154786244118395,1.8871139886728778,1.1692948967637917,forward_head
22.42,-0.33781552148160854,-0.11395385614109337,-0.054030081547971745,0.017290324487306944,1.592813513787949,0.03083110396295656,1.859714781346615,1.1441647584821684,forward_head
22.44,-0.25929923004039324,-0.09915144561933323,-0.04504759041600328,-0.001044593064030902,1.5816669130667607,0.029185122132052863,1.8152359012992265,1.1753509616746658,forward_head
22.46,-0.3336309383150247,-0.1114546306452675,-0.024470212676717142,0.010598176482896468,1.4844618595290748,0.028543421381071306,1.8349515468849065,1.1983228657392582,forward_head
22.48,-0.3079330119206524,-0.08469793310640958,-0.024920123764232693,-0.007703048790756591,1.7283956330757932,0.02127559773703613,1.7998147629901198,1.1159476802445956,forward_head
22.5,-0.3022233274175743,-0.10440258204056897,-0.031248005388748504,-0.009160416137466324,1.480829230890727,0.0264788408122151,1.7468820699249163,1.1868833000575205,forward_head
22.52,-0.33117095628009297,-0.101173219694242,-0.007591617405378399,0.004643146732735204,1.6389938943126698,0.04219933873564117,1.8534081154485587,1.0430732127926532,forward_head
22.54,-0.3257502697226473,-0.11699995896348894,0.0037914630359571913,0.0059816541950795,1.5989065990467057,0.02571555204380143,1.7849296936342085,1.0598851908624913,forward_head
22.56,-0.3563375565382424,-0.10766091641772788,-0.04259864032943033,0.001784422048474219,1.503660681125758,0.025192107662597198,1.8699073574618548,1.0872704966282498,forward_head
22.58,-0.339664770702268,-0.13123508440790807,-0.01961927675925361,0.019880416378398217,1.5790545822150257,0.020429473187419625,1.832780066492214,1.1073091220775324,forward_head
22.6,-0.3718688961382056,-0.11794927528576726,-0.0129254452008773,-0.00347184646559795,1.6338946531581204,0.026367235599848864,1.863857338331633,1.1340151421528106,forward_head
22.62,-0.3256708058015552,-0.08741626902470258,-0.02188764079500446,0.009821478885861035,1.5137884980437963,0.013949427332005491,1.7762426728496128,1.0239143337035193,forward_head
22.64,-0.3055231221858531,-0.1241839704536975,-0.01368002704743444,-0.0003187603087768697,1.5382810263100046,0.0515774600478585,1.6873447212979877,1.224541833684097,forward_head
22.66,-0.3422401523109749,-0.13153649993940297,-0.0452259039867955,-0.0013679103756796642,1.597257754295196,0.033455619750609025,1.8437083279247974,1.1313295137253356,forward_head
22.68,-0.35193113184321967,-0.13215289336445948,-0.006799118964839814,-0.0055599377954095785,1.5098278964028495,0.006320189124225764,1.8352380087906544,1.208713118902628,forward_head
22.7,-0.34403410155373854,-0.11691808330857469,-0.032795088230789825,-0.02882300025392603,1.6252229099872675,0.0369415256953932,1.9293028212569994,1.070846755143264,forward_head
22.72,-0.3230073729629139,-0.12967672136356945,-0.014979759568721262,-0.004856528300120276,1.6012924437574443,0.03353098250329242,1.9087890849073559,1.1180214440249088,forward_head
22.74,-0.30236115541786324,-0.11958816134108685,-0.036474842905536604,0.001814395006485525,1.6903709827677627,0.04032591967768292,1.8710718191045221,1.2472459711514225,forward_head
22.76,-0.3526351454079003,-0.09869174228251469,-0.017419249549636886,0.033221862292934105,1.4984650109052051,0.027926475569226145,1.8433974460552136,1.0319346618532552,forward_head
22.78,-0.3306700959243208,-0.11746889920387761,-0.034456049715481045,0.025598133477320848,1.6031374934685465,0.013659372841946722,1.8038874136683594,1.0461341932173018,forward_head
22.8,-0.2849698905979951,-0.09028489712507888,-0.020530050777793882,-0.020449869373272908,1.7061646608184828,0.02186890476277116,1.8718080813745444,1.1096399457544155,forward_head
22.82,-0.2797080336198119,-0.08128031310241875,-0.024364936874086276,0.006605442384901711,1.4819237388862656,0.01947217134779837,1.8944913875306122,1.1422967947448714,forward_head
22.84,-0.2958589037532549,-0.1130507772785862,-0.010147785737500943,-0.011987092897612994,1.440760081328416,0.030840635155049912,1.8145404110895311,1.1837708783241006,forward_head
22.86,-0.2742757461285703,-0.09799572211567,-0.012438706448181264,0.00807126227089756,1.5993132718198415,0.03592356974796835,1.9166969881364484,1.1520874349596915,forward_head
22.88,-0.28871537455045687,-0.10477431117696977,-0.03114725703171426,0.019515960024687046,1.6667165758413214,0.011391750570497806,1.8753874991065043,1.182949722581638,forward_head
22.9,-0.3025092509078536,-0.11001045393970132,-0.05095259885033912,-0.007843921972284782,1.6806991641887858,0.03154833081853075,1.8217996463023154,1.158014264256073,forward_head
22.92,-0.33705797340331317,-0.11912991446962075,-0.014285354354841058,0.00037139192270718594,1.5886040097371463,0.037546632007455165,1.9034520750725277,1.1645095714751974,forward_head
22.94,-0.3045167862141557,-0.11638389826726399,-0.0375108081692133,0.015165231248179846,1.5632715115779567,0.032096810628539064,1.8632513611490857,1.1585866295588814,forward_head
22.96,-0.298331912817913,-0.1152073882648518,-0.018912877209010494,-0.012186955553654984,1.8260706192425757,0.024328064571380655,1.8975379696090902,1.007365125622807,forward_head
22.98,-0.2716971009945408,-0.10246013049296042,-0.02024968455378712,-0.01694103004022364,1.5428378091657355,0.04157883958768196,1.9352452050594457,1.1944413683496857,forward_head
23.0,-0.33776973270577876,-0.10723594347558235,-0.016358379013859715,0.015580302200799203,1.5676498436841713,0.03913086268585904,1.9447981145885591,1.125754900966635,forward_head
23.02,-0.31295089957588074,-0.093174886427438,-0.023528604219678607,-0.006045040094083809,1.5295736013396353,0.025155664993047444,1.7484746293390832,1.0788940603870518,forward_head
23.04,-0.3063560721058956,-0.09922733334695379,-0.004305322147687864,-0.011896378380095857,1.5010987080445761,0.036315495060434,1.8520363954555399,1.075132318955182,forward_head
23.06,-0.3112851146070253,-0.10991195098178608,-0.007293996714594236,-0.009648048838175575,1.5212508429291354,0.03346713066253507,1.831735621041753,1.0914658062715552,forward_head
23.08,-0.3405155073172649,-0.09751013864810375,-0.022344604282674402,0.0019009034165074726,1.5967124480415675,0.03516114983590846,1.809057751371525,1.2442205516273763,forward_head
23.1,-0.3130784917797982,-0.08363387992403014,-0.017194044619129826,-0.018525565370481136,1.5089070485864242,0.02105120245559726,1.8520428487055325,1.2196729848003107,forward_head
23.12,-0.31725502857603655,-0.11350181956922306,-0.01317396215458678,0.0069074798358782245,1.7288638653974264,0.029831330703731743,1.8531397168867798,1.2217925998903356,forward_head
23.14,-0.33714212370319263,-0.13729526682227347,-0.009903358655919082,-0.011106486970719826,1.6204841246340167,0.02206255792509055,1.925750899856977,1.1694748213852173,forward_head
23.16,-0.3667599951218843,-0.1547951596765464,0.005691129072163122,0.0015674585918193109,1.7869503143124088,0.018795298917003118,1.8522875210158276,1.134440246930222,forward_head
23.18,-0.27059307786712233,-0.13291493413321986,-0.04128680771100295,-0.02319931610537279,1.602033614989323,0.032082854353459554,1.92560491146713,1.148713469221223,forward_head
23.2,-0.3174387874837368,-0.11075873429724187,-0.017538614365624237,-0.00456390595904395,1.473115968486925,0.006831170415837636,1.8040049303666235,1.1015459291094372,forward_head
23.22,-0.29887085196475377,-0.07247689915695943,-0.017115498080283547,0.006444114261122733,1.5863653594182445,0.03037288970953682,1.942044692210658,1.1531069567202108,forward_head
23.24,-0.3345030701081495,-0.1182926823988958,-0.03316026733111614,0.005367167910566919,1.4333940919758823,0.04918553516867099,1.8840724492199943,1.1739630107240993,forward_head
23.26,-0.2953288972731852,-0.1310855121641958,-0.005366270135967802,-0.027654617875727622,1.603314569792314,0.02381065798827113,1.8424432457714648,1.04434870123789,forward_head
23.28,-0.3080869703424172,-0.08973423989294652,-0.01774680364514018,0.010822328706719666,1.63889688293,0.028393411853466163,1.8389087871651626,1.1501142327032459,forward_head
23.3,-0.30031040179643026,-0.1096741632080376,-0.01999506353329351,0.01015342544993845,1.6198250455439762,0.047456384116804626,1.8356706796139148,1.2316578468613144,forward_head
23.32,-0.34950768380789504,-0.13248258087295453,0.013372894039215601,-0.01467496725323289,1.668250553821078,0.03330049197523303,1.9056310613228122,1.0952703187907888,forward_head
23.34,-0.3177239756972973,-0.09533578888396162,0.0024250942976728447,0.007418549148587565,1.5951201145623408,0.028504905700487113,1.9806141464782812,1.116187818306803,forward_head
23.36,-0.3479415246440572,-0.11755892021605008,-0.026140436775285707,0.001304776411678135,1.5230371226521995,0.0440806967012499,1.8615715169337603,1.05123704503926,forward_head
23.38,-0.34118051611135713,-0.10416901270790076,-0.023334984042804416,-0.002393689197505492,1.7029776124670961,0.036820481018904866,1.7969139810892691,1.1234268909193301,forward_head
23.4,-0.3167238349309762,-0.16509011136896143,-0.04080869714708807,0.007724364025460669,1.605030894476577,0.04955018280694408,1.9341126697312416,1.1167677699938265,forward_head
23.42,-0.334466052710965,-0.12260100767367804,-0.028185394215537323,-0.005676246947116397,1.5153524621038983,0.03472907353759112,1.8755973944760638,1.1090405572320954,forward_head
23.44,-0.3318936357860092,-0.11674816668795217,-0.033913936781083544,-0.02124555211873113,1.6447322405552143,0.03670747690690111,1.8254920939731345,1.1681420017836182,forward_head
23.46,-0.29998712781909365,-0.11005046741523222,0.00027559688399675077,0.011883298431965532,1.7943215808896675,0.028511561207077707,1.8492755056393622,1.082350061987147,forward_head
23.48,-0.33087975662190905,-0.1260700037442514,-0.04574809899869291,0.01492380324794567,1.5995041255063942,0.012045009312930096,1.9069283451359522,1.1261300741115476,forward_head
23.5,-0.30639278941992654,-0.12054193931503569,-0.008773802036628536,-0.01517120484559841,1.5461656920204574,0.0264279919337832,1.8441808682388396,1.1495406032297983,forward_head
23.52,-0.3321192384819821,-0.12948079443099347,-0.02723682916671291,-0.017003831502375884,1.718289979011291,0.04162748325258447,1.8872944658408652,1.2798011383732928,forward_head
23.54,-0.3570823207567998,-0.1052912251369552,-0.028604403225935247,0.014071749273875866,1.5765799892505143,0.01993397383725982,1.8566824871960212,1.244470114504467,forward_head
23.56,-0.33674371401301756,-0.09973662340278161,-0.009185151863342704,0.001076864084207872,1.6517893333016522,0.016625724147572265,1.9006011511310135,1.2538037214306197,forward_head
23.58,-0.3128310383324241,-0.129712002090043,-0.035710152900880296,-0.007988199179797614,1.6404145045142697,0.06262597611399938,1.9631740880808506,1.1947909657354217,forward_head
23.6,-0.32963698858115176,-0.10456757937055267,-0.0226942182177246,0.002272411107931227,1.5840956640985617,0.026085647353893175,1.8128509107929454,1.149170938480687,forward_head
23.62,-0.3139650880096177,-0.11852771593108945,0.004165452156575671,-0.009468962140737279,1.5980354626549675,0.023900375855617124,1.8249306591654164,1.213829850044997,forward_head
23.64,-0.3016007937538929,-0.11547205357915023,-0.03260939673050792,0.03442821912180927,1.6252261420450247,0.024254694653186176,1.958429450525397,1.1463567541858728,forward_head
23.66,-0.3029899024476119,-0.09335913295520387,-0.05743197109064231,-0.0009787500334007084,1.492038888312825,0.0334119742129992,1.923177586185936,1.1977233222371442,forward_head
23.68,-0.2678749996499054,-0.10315333785928932,-0.028946696761898278,0.0005241062452790339,1.5931109858728056,0.0217942056841785,1.7905402311334704,1.0815460714497527,forward_head
23.7,-0.30843017797169453,-0.10125630201770872,-0.007798813807752911,-0.013877710162250877,1.7150941375085702,0.039953566537802784,1.7809039470014854,1.1653760117026482,forward_head
23.72,-0.2875698432290906,-0.12827836497160186,-0.013073493140399201,0.011363623667810482,1.6810402767154993,0.031038002653776927,1.854881710760222,1.1553624124105724,forward_head
23.74,-0.27930688278525345,-0.09329769561298468,-0.022144376592129013,-0.009388483206046204,1.5770041127567076,0.032722894460497164,1.878135442471928,1.106005786752384,forward_head
23.76,-0.3143183518339821,-0.10591830281141588,-0.037906356379061354,-0.012922392125272754,1.5915865718577544,0.011116639605739847,1.8628947699561824,1.10306736228996,forward_head
23.78,-0.3231450505853748,-0.12699885745819195,-0.030828867716124635,0.008530975987363573,1.486743810233517,0.02770108442956379,1.9737926489850366,1.1331505653650107,forward_head
23.8,-0.2964373157290618,-0.11455949229443112,-0.014553345925022887,0.005557813494271655,1.596671897718476,0.014045910105977019,1.9507157818048377,1.1761903914452378,forward_head
23.82,-0.3139075747702906,-0.10812948705761258,-0.026356898599120424,-0.00994340140723373,1.5510842371085454,0.0324881929726889,1.8128693640309996,1.1028504576882578,forward_head
23.84,-0.33738860072762195,-0.1157868677760762,-0.028537385260224254,0.001785005190366643,1.654422773445398,0.030052285031594437,1.8353966884147281,1.141699638209209,forward_head
23.86,-0.30155419459134,-0.14281838033972943,-0.02156931855972882,0.023243979453205114,1.740298581109314,0.00973667678179324,1.7591850075457311,1.0631421618916237,forward_head
23.88,-0.3036450221302941,-0.10842914835359807,-0.015587496510351151,0.008688119361513187,1.6202862793567017,0.01405625456011762,1.8723481656711567,1.1053764558171806,forward_head
23.9,-0.321716537790312,-0.13159637012449832,-0.0255892319702276,-0.02359640438229669,1.5748262181273112,0.039504017708573355,1.880284464386697,1.1810773422434024,forward_head
23.92,-0.3315992121919926,-0.12424447483717634,-0.03523540363681288,-0.02093876964898114,1.5598901735363984,0.02663103561650071,1.8673129399976103,1.1810320618809953,forward_head
23.94,-0.322495276484328,-0.11667697849901287,-0.016741806486799522,-0.015141435070452396,1.5221115074936202,0.053328197688012856,1.9278407310168117,1.1966392553062795,forward_head
23.96,-0.30882174751412517,-0.1306698129045048,0.0016533937633505997,0.006505902540193553,1.679232258094033,0.022884067738246784,1.8192926352149177,1.0750023655214027,forward_head
23.98,-0.3133891676154811,-0.10706708458948554,-0.016323496501506427,0.009180435341346228,1.5980126764936682,0.01838726653553447,1.889937911233363,1.0853519483966232,forward_head
24.0,-0.32169912567902087,-0.1162980426946358,-0.03271556096298809,-0.004435288352650869,1.573441618764975,0.015318947943173148,1.9119225608786363,1.0541733140084029,forward_head
24.02,-0.34356016672026973,-0.13392557316184847,-0.025631571707094538,-0.0038598817509709576,1.564378763515587,0.02685571999091902,1.8730433782099516,1.075549859030014,forward_head
24.04,-0.3358064015935155,-0.1508389443121444,-0.007307532497839218,0.01429762983018856,1.7214807167445139,0.016079811583677193,1.8712212627348626,1.163882773868394,forward_head
24.06,-0.33088153535693715,-0.11512966930262981,-0.040055286263569224,-0.0036541207523505775,1.5705594924173767,0.043275438635739905,1.8173982445003996,1.156335940858732,forward_head
24.08,-0.327542323747995,-0.10090323225157104,-0.02530854639938179,0.01520361204494603,1.7383706618584622,0.03263541927426796,1.8579413307852195,1.1730219666494306,forward_head
24.1,-0.3028662976910961,-0.11297918445947934,-0.017970449953771332,-0.000609959268008631,1.5400489002349542,0.033575361793513656,1.852199170090333,1.1315035736878611,forward_head
24.12,-0.33396475801343567,-0.13175435672914423,-0.014868909710177793,0.005286381964384542,1.526907618993597,0.010700620718119173,1.8218398316368505,1.0942208814458823,forward_head
24.14,-0.2741252737839702,-0.12752296251682374,-0.039391078981986107,0.020322915003017566,1.5415302393277452,0.022289180780773195,1.8805899935016757,1.106071786581484,forward_head
24.16,-0.3132325282729314,-0.08680635009766446,-0.0168375510968769,-0.011892116748368525,1.7116035877744316,0.026498399988906737,1.858609104576363,1.2477940393356866,forward_head
24.18,-0.34104986386916464,-0.12956726031796353,-0.028944351442763274,-0.002325942706186817,1.7368764289236198,0.03932354428487477,1.8047703247234197,1.2078586234973512,forward_head
24.2,-0.3212204655882187,-0.12049681810556787,-0.045062336871623025,-0.014817468865139538,1.5240326055496558,0.021174321728682825,1.62779492278776,1.1849606531487993,forward_head
24.22,-0.32313951316475087,-0.12622401175623413,-0.025301208095324514,-0.010173173698026403,1.6402002453225777,0.029039176614790514,1.8704848671364922,1.1343710334965948,forward_head
24.24,-0.3194541028646076,-0.16251199840042085,-0.027565400432983708,0.006552803464652367,1.5927386161728203,0.035572813766131736,1.8509001669097938,1.0835217871071317,forward_head
24.26,-0.3388949246687625,-0.1350199658468258,-0.03730324670488343,-0.0006669781612043318,1.6334095155650965,0.0421966172664499,1.9306088046829304,1.0766786148680088,forward_head
24.28,-0.33078613548971486,-0.10714131812545728,-0.022388996916908148,-0.013513145743043176,1.6280714135486605,0.035709049818005184,1.8877790849736404,1.144513841758488,forward_head
24.3,-0.29735407686108467,-0.11625010445932149,-0.03099486822777556,-0.01525463217680102,1.67758131804159,0.018755062188120477,1.7697115301123723,1.3393248983754824,forward_head
24.32,-0.29101117831031675,-0.12226152291657315,-0.02815258129304687,-0.0019518658466811509,1.6640847203224394,0.027558539580121496,1.935215899870809,1.2145215257690019,forward_head
24.34,-0.3254545072863729,-0.10842210897990712,-0.021405074734652772,0.011592455982363596,1.6285812133254214,0.023100462139062083,1.9520568702947259,1.198830826817757,forward_head
24.36,-0.3043740209071985,-0.1192038769895437,-0.03530370404231294,-0.008706649729812686,1.6791464299215162,0.03153874896500433,1.9298026956736678,1.1297590056975855,forward_head
24.38,-0.3125834996702895,-0.10881253070663142,-0.024043266971205055,0.016673612546175554,1.6089689747815792,0.0223375458423378,1.801333764685724,1.1514336765418578,forward_head
24.4,-0.3486883929392461,-0.09739963660770574,-0.012619178862745606,-0.001752120011817624,1.5664414369937714,0.03619036311809724,1.8034374004736846,1.1047745678817695,forward_head
24.42,-0.3110450742656759,-0.10764222764187824,-0.04941491703519185,-0.01213010309177786,1.6743236816768896,0.04738913546054156,1.814025450101551,1.125601230159922,forward_head
24.44,-0.32256889088996227,-0.1376641374200998,-0.022340069897345924,-0.007683109363337776,1.590944123828518,0.035195769760957084,1.709326879442794,1.163984137907875,forward_head
24.46,-0.3088671387431207,-0.1107988019864703,-0.032942214293340204,0.006558652905439844,1.557715106242905,0.020594594119920425,1.9221333273523749,1.1270348435499982,forward_head
24.48,-0.3083495029526422,-0.13315513216416272,-0.0192933814971868,0.013140637834352343,1.5849053029871987,0.019310457963247832,1.7939946566828442,1.1556435053591672,forward_head
24.5,-0.3401885332383501,-0.11911261858007799,-0.015635539206682748,2.297165358475633e-05,1.5249889310096447,0.03144792715701358,1.7868943367222985,1.157625450703688,forward_head
24.52,-0.2799808057355231,-0.13659280134189875,-0.005354110624294741,-0.005789038389091481,1.5345470128493441,0.004076531938508422,1.839058394088906,1.072124243392269,forward_head
24.54,-0.33104266814329664,-0.09452552769443649,-0.03764765709583729,0.009430435283517537,1.5920241906612957,0.02907409604090069,1.8606249783638968,1.1369142296524504,forward_head
24.56,-0.36649997997117817,-0.11264080967059388,-0.026623863489066736,0.030410632427990757,1.6578200877888154,0.01391308435067987,1.850042518644263,1.1654779453520683,forward_head
24.58,-0.33322948000319724,-0.10934375405487498,-0.033123108007738586,-0.01344014039868584,1.617081310823626,0.047544519317516035,1.7862449348946625,1.1917128408074864,forward_head
24.6,-0.33508647736761565,-0.1327483827587309,-0.029729971023637954,-0.019143099125073646,1.6504312067614961,0.041483835374157514,1.925917440265938,1.1793736021434005,forward_head
24.62,-0.3565711044071352,-0.13587429987968938,-0.02804094999164887,0.017116883270379774,1.6649606895220352,0.0500839988842504,1.8666682685978266,1.07438105276184,forward_head
24.64,-0.31513706777077677,-0.10004952475845859,-0.028748219525929885,-0.011234936979292962,1.7024639930310979,0.03268022325261294,1.769773921823927,1.2060175611333346,forward_head
24.66,-0.2762080889686609,-0.14257893757838322,-0.02692958766725813,0.01648138966828459,1.7059792073892721,0.023635609444892732,1.9112703326090201,1.2463293664505526,forward_head
24.68,-0.3068361226781084,-0.14988062778749714,-0.02562370738393166,-0.0038850600964912534,1.5786558505237758,0.029664091085407095,1.8475957899526374,1.216391779249336,forward_head
24.7,-0.2889437508928277,-0.15461071338239013,-0.032836086808592485,0.005959710258610109,1.6032343128368225,0.039167651004360524,1.8714036870931172,1.035789528331805,forward_head
24.72,-0.31189108369296803,-0.1447722693730843,-0.03389420044692206,-0.020123440904004714,1.552512870671724,0.03119646506155784,1.8034496278203493,1.190152636977795,forward_head
24.74,-0.3008558922060651,-0.15184205151160896,-0.027549657227936737,0.014405205252757737,1.6150305623051426,0.02366910638430255,1.8519557529416664,1.1464658397656786,forward_head
24.76,-0.340020291801594,-0.11260137651614503,-0.015667680632721424,-0.014691576008483481,1.6251391239981758,0.04319128007448044,2.0216621415077203,1.1816221388664834,forward_head
24.78,-0.31525208727889775,-0.09919239062133275,-0.021756822890824284,0.006964977195875483,1.5318403073093676,0.010792481830134096,1.7845759447346932,1.0741512230987182,forward_head
24.8,-0.3296625924078758,-0.12770549278671994,-0.049841368268176346,0.017312965052618562,1.5343353314682278,0.013460964277904384,1.8461657519780739,1.3343329169963132,forward_head
24.82,-0.31632522365005095,-0.09488182095116171,-0.037099796210951434,-0.006039677157053906,1.5627183393663553,0.019452215938130506,1.8611650858664195,1.1902715955591954,forward_head
24.84,-0.3149560451666775,-0.1421166476058097,-0.015311021242644964,-0.017530741143674606,1.514832858292909,0.033586149911091205,1.8444946860782474,1.2195012723790095,forward_head
24.86,-0.37338189896828183,-0.13482820800030887,-0.03145885985172022,0.00020231644195932446,1.4885065327749574,0.02916455881247952,1.9599209266143132,1.1304065584599843,forward_head
24.88,-0.2965321094950744,-0.12175664836193306,-0.022475091555556506,-0.015358229445675576,1.7421393340271636,0.010312886942694005,1.866885276607533,1.1932287674770656,forward_head
24.9,-0.34383340292213366,-0.10398189040475922,-0.04296961967990762,0.003961047376864661,1.5453887670417275,0.024964769889464854,1.767287399733666,1.2153077128495051,forward_head
24.92,-0.31848529734119657,-0.14704977139104095,-0.014916739667160863,0.0033027346449113213,1.450180226190047,0.020939818342529042,1.8106015554594108,1.1143192365314114,forward_head
24.94,-0.342994364850521,-0.07742261768405442,-0.019788162216542015,0.012101070205406524,1.5425142290155291,0.027986755211995857,1.8684529210685559,1.1323104311387682,forward_head
24.96,-0.34924641129390993,-0.1234056951695586,-0.01675334471048779,-0.006326589435891285,1.6071574475383734,0.028510024668894785,1.875070180272623,1.052483680973053,forward_head
24.98,-0.32698059909701577,-0.10815090056409624,-0.020989104905178583,-0.013302730467732173,1.537206516873229,0.027355081724248657,1.9245257932451503,1.1771122748198763,forward_head
25.0,-0.2987302635692535,-0.1066189926072534,0.009924477681916948,0.007323780425700244,1.485696070567561,0.018039825715763465,1.960283672074101,1.2770496310327002,forward_head
25.02,-0.30778783796864695,-0.1110773807168126,-0.026368879733143766,-0.029596702671153913,1.6526039533967418,0.04610901927792228,1.9282214285273678,1.1603494906965468,forward_head
25.04,-0.3683526688345083,-0.10606332433087383,-0.003471241306913172,0.006604292416887719,1.5970826931542725,0.03953161916287699,1.8013591274419538,1.1731594169435315,forward_head
25.06,-0.3093339923403588,-0.13233079654122068,-0.02029591830393557,-0.007776998441666944,1.4883257898519,0.030516210904865556,1.8998154577775461,1.1440949824135813,forward_head
25.08,-0.3166127618618565,-0.12988264793775173,-0.004720004205216909,-0.0006989187911534083,1.547780394332668,0.02431572899842653,1.87721191067187,1.1729940691169949,forward_head
25.1,-0.3220266660379061,-0.12088638065402932,-0.024944159066618222,0.005198733126851701,1.640349144949748,0.04899034894713572,1.8021864270399053,1.2046000215226236,forward_head
25.12,-0.2881748986723007,-0.12134787826027414,0.009448752223512677,-0.009879349140658179,1.725104124735837,0.027457856018916486,1.9131791200203652,1.0615602215657145,forward_head
25.14,-0.3396542747909171,-0.11083329433271015,-0.029368274808719078,-0.020662057852466248,1.766444740459704,0.03252819371531749,1.8624233573009483,1.1915742559214078,forward_head
25.16,-0.32588437356089045,-0.1218130301214476,-0.0032555480244601987,-0.009167244649248996,1.609409955383005,0.034080066134723565,1.8320778164581466,1.1670872203860099,forward_head
25.18,-0.3063102687189102,-0.1120403308917306,-0.01861969490026873,-0.02374033809631824,1.668533586694793,0.05142967574391929,1.850652522320698,1.2374332317671,forward_head
25.2,-0.31179080285861316,-0.10126022206716052,-0.025577045568813406,0.003061585132732861,1.5150488251523173,0.017525117494352625,1.952641010092783,1.2094693602328805,forward_head
25.22,-0.31660454389247733,-0.10461284122483913,-0.029887478686327205,-0.0031933653622288395,1.5010109027034255,0.040583259493473786,1.868347702177145,1.1070814717339987,forward_head
25.24,-0.32646335993136577,-0.14772663003413652,-0.01659814956039475,0.007821052787430538,1.6466062792721865,0.040177284343893574,1.835655993566492,1.1907193709579453,forward_head
25.26,-0.3118975844305029,-0.10614390335154926,-0.03614450586510983,-0.0021420615325504597,1.60495983465583,0.022600709415038896,1.850244648272395,1.021563421324397,forward_head
25.28,-0.3075018986113796,-0.1327779953192097,-0.012571104720309251,-0.02142971040629432,1.5533610694625495,0.014363939727157007,1.809251584260348,1.1660285775966335,forward_head
25.3,-0.31064122266309874,-0.11971390679976435,-0.025185931197406124,0.0013990396167070107,1.6623900175213644,0.0372129812034516,1.825663679822501,1.174113066061149,forward_head
25.32,-0.35268751900907874,-0.09700284114410404,-0.03861160611519668,0.016261025650079648,1.4885893570963065,0.02232687775839925,1.785255099055993,1.0816568201591206,forward_head
25.34,-0.3438034346181686,-0.12372629206981157,-0.00583412448034798,-0.02452506827383166,1.672282140216044,0.024607436606928806,1.7776662544639008,1.1128419833894014,forward_head
25.36,-0.33913917723197795,-0.14611497835328813,-0.0031767178206299554,0.00881486110751873,1.5857320875000185,0.00877872146682316,1.7816374165818787,1.1248978364018467,forward_head
25.38,-0.3210770784144067,-0.12341315864718506,-0.02020983292060049,0.01447979804435735,1.6317591040199717,0.029734772037162883,1.9819782870822207,1.1626283371070287,forward_head
25.4,-0.3243630606931051,-0.12306296210014236,-0.023660980812018867,-0.02449627313163071,1.5496363647433646,0.021052100152944068,1.8611309700144758,1.1172734181208634,forward_head
25.42,-0.37713782715566296,-0.11964661335226845,-0.01061628871945172,0.02480848800415722,1.5504979379432038,0.030119936015790435,1.9225140754998846,1.198484719551797,forward_head
25.44,-0.3230680396658206,-0.1013361925264093,-0.004658169369434923,-0.028823957522891058,1.4816365128577362,0.04622378134212057,1.9673524493153491,1.0649549251869297,forward_head
25.46,-0.2785219570497763,-0.1322246474334787,-0.03252707552261476,0.0017848311394786007,1.583664173262575,0.04518093366827127,1.7926564226226398,1.0190581088781014,forward_head
25.48,-0.30948196802139377,-0.11666968025703046,-0.02452072909891661,-0.006260940647494573,1.5986815060035635,0.05475344377990544,1.8679293627212574,1.0953960888692476,forward_head
25.5,-0.29925325999785296,-0.14056206839168733,-0.005490101159206579,-0.003783010538907919,1.4808794451387657,0.03297761038890891,1.9644060835663906,1.149629014852337,forward_head
25.52,-0.3233910254196175,-0.12047906314629948,-0.015979625470442998,0.012034048378127408,1.7651884339861483,0.025069686418026663,1.8602724700695612,1.1668996044603832,forward_head
25.54,-0.3106111969526329,-0.09442895957190378,-0.02677771304432455,0.007692619613894129,1.5738068525212627,0.03135686252313745,1.9096409605970412,1.145372089845153,forward_head
25.56,-0.2988823305720644,-0.1096635161588975,-0.03195769949076788,-0.0034842761143297385,1.6599943413290141,0.030052443676458443,1.877568113559773,1.0678021181163904,forward_head
25.58,-0.32959319486794286,-0.16154599022295274,-0.023007887637799602,0.013421371598797123,1.5986243673385097,0.04060621510444328,1.8627640766190885,1.2159990296336156,forward_head
25.6,-0.3415310700772388,-0.14755908241562538,-0.02181916374979625,0.007888503851362739,1.6386356056887725,0.034781364718495245,1.8365842680278868,1.2147400140739955,forward_head
25.62,-0.2945925026316417,-0.12290231311286715,-0.006801029853289472,0.007030631680192569,1.542436722323114,0.03018003658311817,1.7862812605528917,1.1635694059234445,forward_head
25.64,-0.2609357572526008,-0.12647086977690664,-0.04204085526974387,-0.010661873029423119,1.673920117705582,0.0323488144518048,1.8348624500903654,1.156148546907537,forward_head
25.66,-0.3193796526359472,-0.09317218066311207,-0.022229079564583275,-0.02956569228961164,1.6806548795764673,0.023059225283508077,1.8012979417282322,1.1906733199208128,forward_head
25.68,-0.2910645189958967,-0.127069772228904,-0.002685790848734581,-0.019473195585119563,1.5630935119470204,0.054854760656224334,1.8317461197076645,1.1194561750145158,forward_head
25.7,-0.3205455415311033,-0.10103063786949765,-0.03904611003464889,-0.0010096781422990633,1.7156858939801365,0.03006868968628125,1.7772975853321373,1.0624879193799985,forward_head
25.72,-0.35828208874570205,-0.08785716368356884,-0.03285996209188239,0.014614485717426594,1.561180350112039,0.03724278981084227,1.8214096093567536,1.1743044347910196,forward_head
25.74,-0.29680029990080037,-0.1194466702404855,-0.02988106068601432,-0.0016617306651602866,1.6252098748834354,0.02554844992954243,1.8978896465640387,1.0799460834018717,forward_head
25.76,-0.32518803976464594,-0.13395034123436755,-0.02387593756942055,0.00015754446270234852,1.543591078835673,0.041115654618086354,1.9619610261718414,1.1110325195960258,forward_head
25.78,-0.3344536500542591,-0.1100575244774277,-0.012115588270131886,-0.01200522918250251,1.707784445949134,0.03072057768360014,1.8328715449594246,1.2153014153494273,forward_head
25.8,-0.3290745279809507,-0.12063733462598553,-0.018997318116318797,0.021099607228944602,1.5578278361143416,0.02609311492275254,1.8838261608321845,1.1018763025861056,forward_head
25.82,-0.3188534633126122,-0.10537290914802969,-0.024906496062570945,0.00720827536099643,1.7069352617283686,0.03158307498787071,1.8213065210258723,1.0319042815726018,forward_head
25.84,-0.3415970465872814,-0.1403167232974922,-0.0028732884361840623,0.015719294323211504,1.508668924717948,0.020786614846492715,1.7933233057797047,1.1445306597688492,forward_head
25.86,-0.2935942033356273,-0.1064634396840438,-0.03440405843247509,0.01631930812593923,1.529641601270688,0.01364926628337526,1.9071182816116676,1.110722118394602,forward_head
25.88,-0.33628321550851803,-0.09756919404462688,-0.019649812915811155,-0.02013982629180749,1.5424357149969539,0.02624510927687754,1.8237811387284846,1.2000397298703904,forward_head
25.9,-0.31250772751918415,-0.09126053267293194,-0.0397232658452725,0.015621411986969013,1.6548428419704322,0.037105131547458876,1.8530727954158739,1.1057937770482527,forward_head
25.92,-0.35404479852986903,-0.10448626436090953,-0.003500054186506729,0.0030896940406308785,1.553255706625764,0.03632456039275075,1.8235164966118347,1.0671091060264926,forward_head
25.94,-0.3239846392010639,-0.07319362837783427,0.014050684362027032,-0.007214336412051911,1.7278087032560425,0.022697137502184134,1.922448066624292,1.0567190951614283,forward_head
25.96,-0.26165489420348936,-0.1066509003335897,-0.02146269906613883,0.01928537231818444,1.7206224416406712,0.0014802725177102643,1.757441977843293,1.1332069367336648,forward_head
25.98,-0.32220393847277373,-0.12332032584438651,-0.04953485211621426,0.011566989118221252,1.6392204396547208,0.02814831328035405,1.7984758652379187,1.198354012550106,forward_head
26.0,-0.28812693411503026,-0.09861977142080547,-0.044796932201382374,-0.019329624662218728,1.6954411178270052,0.014021262226297432,1.8867363240721082,1.0815236894889035,forward_head
26.02,-0.36596990472765606,-0.13174220390204883,-0.029351973763173785,-0.013728727626543829,1.721155183017616,0.026699265304930497,1.9171889971303768,1.169880579037673,forward_head
26.04,-0.3230504375923269,-0.08795106232688563,-0.03174970631009669,-0.025451127158198274,1.689459296221571,0.013385785865083539,1.871641826737966,1.1419079766446605,forward_head
26.06,-0.3354692351739621,-0.12253851313032217,-0.030683520730176498,0.0019298197605997882,1.6659780390902859,0.01972405551579786,1.9619175373246591,1.2028477186774342,forward_head
26.08,-0.35357381052955156,-0.11991109969447682,-0.03874792495566651,-0.010653021390653107,1.5773650929593088,0.03956813702000342,1.8367415639853475,1.1173991685011833,forward_head
26.1,-0.3480348772145382,-0.13991039367460587,-0.03300177761820341,0.01054444390564289,1.528733901567369,0.027636738925366503,1.7824443060018973,1.1760486306637465,forward_head
26.12,-0.280103328935418,-0.09566921636355853,-0.028948150174842736,0.001022168515538314,1.5840035496725802,0.02663061878845933,1.8436206170733993,1.108696146309358,forward_head
26.14,-0.3094901180769677,-0.1013732815980065,-0.018519848540463697,0.00788542051751144,1.589671177990832,0.040884940870958314,1.7990439241454645,1.097373801178821,forward_head
26.16,-0.306319615091506,-0.14317161034503706,-0.014318270621739904,-0.0022987220910658836,1.46596383372895,0.03223745140607249,1.8800136137548886,1.2115046875496913,forward_head
26.18,-0.3105316225213187,-0.1293461112969047,-0.030136800955966544,-0.004124860333654603,1.6080528488592036,0.009257093213128334,1.766336520021384,1.2384096739092876,forward_head
26.2,-0.33537931318476294,-0.12466758673549277,-0.025563617753460756,0.009392316900298077,1.6941254834773116,0.04906198018922407,1.9182142435874394,1.2306053421417706,forward_head
26.22,-0.29669713510789464,-0.12744522373079012,-0.0023732504161574504,0.003108387912744051,1.559168576629812,0.026869067064100985,1.940721010690687,1.1070530101495548,forward_head
26.24,-0.31973525941006953,-0.136533825766204,-0.03198773176668471,-0.007595151588752122,1.6497998897082569,0.02403473582027991,1.8527878921970686,1.1938951502685942,forward_head
26.26,-0.29482878165546617,-0.14512569787717713,-0.009707511302987136,0.018653162918797907,1.6518511544740497,0.03375476436702778,1.8474109222883452,1.0876022015060236,forward_head
26.28,-0.343955973831491,-0.09815682583235695,-0.012200089910984783,-0.030156224917571472,1.7208790644332184,0.022261197665754667,1.8076678510288189,1.2589346002128137,forward_head
26.3,-0.3393786241500586,-0.12847265056172355,-0.021397238234626456,-0.0017270602999583803,1.5868947041447947,0.03185362726465134,1.7325215569841188,1.0706051906859613,forward_head
26.32,-0.3400009256627347,-0.11666821020471627,-0.018478077299044382,0.023694025503545865,1.4416825778121842,0.024431178753882732,1.8004418701610883,1.095369860373185,forward_head
26.34,-0.3614232775643857,-0.12437784478744074,-0.010447413028995193,-0.009888364795121188,1.7018388928738122,0.0353497765409466,1.9747732934650253,1.06922442047765,forward_head
26.36,-0.3312758869736947,-0.11400293990921011,-0.026047315967135626,-0.011187428735001545,1.556836723254289,0.04936034989143818,1.7787897179553347,1.185667791881523,forward_head
26.38,-0.32178832296259313,-0.1093098662202506,-0.011858860395672032,0.0057657861523421165,1.645639700832801,0.028759087012791996,1.8632461621241492,1.2158970242709404,forward_head
26.4,-0.3228717116705494,-0.09234780534238177,-0.005312805569255745,-0.008520446185655147,1.6289682185390268,0.03973129830785655,1.8933210846470803,1.1121389249003546,forward_head
26.42,-0.3055371999679101,-0.12091221604417432,-0.020671583918546,-0.014860259530824102,1.4751317114040976,0.02398577561568528,1.8855643143854388,1.1108202415815425,forward_head
26.44,-0.28482674180633044,-0.13137192164661196,-0.02398230751481566,-0.0074102176372782035,1.552652767392786,0.015727279282487284,1.8383414536371887,1.2315120476702002,forward_head
26.46,-0.29817598099841924,-0.15157226379499367,-0.003539027594640135,-0.009275887424747784,1.4879044128585834,0.023932613438604457,1.932792877650824,1.1115044945126737,forward_head
26.48,-0.3086832708122294,-0.1379937100393934,-0.0513731671715111,-0.014142697502296126,1.6548207418283445,0.02142693525111813,1.79993509700425,1.1334743478880704,forward_head
26.5,-0.32564010544063793,-0.11929990654757952,-0.022586374781715518,-0.01152530000649697,1.5445112732776678,0.027642849582665545,1.9063172664440333,1.1450968649958044,forward_head
26.52,-0.2824135832212997,-0.12838822951238282,-0.03678948979242072,0.013496257720134757,1.5519197204660855,0.03943715416517372,1.8581900126159383,1.2380472963009233,forward_head
26.54,-0.29474445297122737,-0.07827314219792338,-0.0010668993053883716,-0.012549896567585908,1.5460240795956375,0.03398331308613603,1.8339937105476831,1.1735182454110333,forward_head
26.56,-0.3251629627701004,-0.12688755116494987,0.00912737455003322,-0.012107018038933265,1.6547598033470647,0.0270084047266751,1.9250091000903917,1.173393188211807,forward_head
26.58,-0.32772135117215273,-0.09270590562442066,-0.038994869125964296,0.020057999777169367,1.58756948080386,0.02205000567261721,1.8439458140016411,1.1602528192193249,forward_head
26.6,-0.32551063241750966,-0.07858753647829946,-0.028931151448838215,0.00535517233692417,1.7195490013499122,0.04843689676663553,1.8805325839123705,1.1343414039124087,forward_head
26.62,-0.35894842991553355,-0.1755354005544337,-0.016502747175811197,0.0069494216035629755,1.6414926341716407,0.026605646519974074,1.8087669438381642,1.219782335981839,forward_head
26.64,-0.3121246019911537,-0.13627887532880503,-0.02360955514726475,0.01524190002945447,1.701177153288502,0.027757510086151387,1.81607518293625,1.1805445632481824,forward_head
26.66,-0.3307556384027812,-0.10008723680696929,-0.02445675278882193,0.005027900517295414,1.62317540057373,0.03196951909926223,1.885145342742242,1.2024576201005088,forward_head
26.68,-0.31799822883708345,-0.13233638246902057,-0.024186475263489465,0.005335163124083754,1.6246664249198624,0.04158924512956529,1.8834990036683936,1.1051754461466141,forward_head
26.7,-0.30178710605812936,-0.10202476189944772,-0.00783492945621338,-0.005819621227155329,1.5627038326492924,0.017342443550125937,1.8652602409497832,1.126560416655864,forward_head
26.72,-0.32548588378046756,-0.112781736074632,-0.015704584518348975,0.005567933349699078,1.7277427489743453,0.03386114485885554,1.7631799073231518,1.1605233238537742,forward_head
26.74,-0.3200916853945917,-0.10029544046833211,-0.030255336067198976,0.010125748821085174,1.5811988641247157,0.051050641424603534,1.8401978611476288,1.0971006961447118,forward_head
26.76,-0.30371149727061636,-0.1321390789899976,0.0056192301085506505,-0.008149561785758331,1.5679021328543754,0.036948742651830305,1.9018591417494028,1.2167895607546988,forward_head
26.78,-0.31583887698585283,-0.13091982411577943,-0.042383467007502985,-0.002065844459117753,1.5957262832811268,0.013049037354946938,1.8436374941005036,1.2036627267374793,forward_head
26.8,-0.2693109606031605,-0.1230677030744315,-0.03887079705838657,0.012877016414202816,1.5046188253501929,0.02794760677859299,1.8722455965031488,1.0231881233661968,forward_head
26.82,-0.3040880799703854,-0.10879510786951192,-0.013888145310628637,0.009156583475875404,1.4656750605882025,0.03322869013502138,1.9145458615375037,1.171315419485478,forward_head
26.84,-0.329573271878601,-0.08994931585846051,-0.013748198029480076,-0.013358518846995883,1.5384882009181315,0.023580465704589514,1.7823863656074754,1.1333323083198803,forward_head
26.86,-0.28711085998090075,-0.12969477961953133,-0.056015940868876936,-0.005546363457663532,1.6944015192156408,0.024335667108973134,1.8136956679058802,1.2949078840039472,forward_head
26.88,-0.3158897927424679,-0.11918605398484551,-0.021372191525934874,-0.01942816661174468,1.4649711092343705,0.031023161347792504,1.887592962191197,0.9975524463172943,forward_head
26.9,-0.3207483191601839,-0.12355587816945318,-0.009406606823693871,-0.01968936416460379,1.6671793331056328,0.04100780896138184,1.8621367375925977,1.1491376317024986,forward_head
26.92,-0.27813114831145214,-0.09469837089482268,-0.03397992513426822,-0.02168534521008496,1.6449171060566752,0.024020326617467034,1.837459270833747,1.0965766968716808,forward_head
26.94,-0.313201284290204,-0.12292889495339644,-0.041818507452830805,-0.0013533011287267982,1.5495108166027158,0.025647857641007014,1.9621046163639626,1.089649960356969,forward_head
26.96,-0.3358270934404299,-0.13782350109250613,-0.011342806747519637,0.003607975263578076,1.6656856041721066,0.028704763166568184,1.8850934682034566,1.0429666337363552,forward_head
26.98,-0.3039347520969314,-0.13238926424564873,0.011999179937487814,-0.013609722298309531,1.677783847805929,0.039452892068391754,1.8317443789404462,1.1481987418746216,forward_head
27.0,-0.2878918163613832,-0.13122383945764785,-0.019728499123779646,0.004272413495697161,1.5758165817127596,0.033365405326122644,1.7344945385738997,1.2241904580675214,forward_head
27.02,-0.3112710377610513,-0.12820293036589825,-0.027305942839883676,0.015026141879350235,1.601936559534005,0.033793070435310296,1.8749026963638806,1.1050002371376926,forward_head
27.04,-0.33140557110740393,-0.0911993096550937,-0.03544684321575737,0.0141769213309443,1.8073811752706408,0.050200906211639806,1.9124972077204687,1.2747025840113626,forward_head
27.06,-0.30646665304177584,-0.12038752474901611,-0.035773787642055854,-0.0032016984156703903,1.5477361871856006,0.027712777066628645,1.7741898727423993,1.1234127330636001,forward_head
27.08,-0.32047635010837117,-0.09604051468520845,-0.01832634559596895,0.016966831161353804,1.5581223763232313,0.029592074122133084,1.8590652091312803,1.21949778944109,forward_head
27.1,-0.3387608658846954,-0.10472666655707577,-0.020149095525563574,-0.0012425873182029467,1.688700885742542,0.014100855983405228,1.8170034024263917,1.2225797761910988,forward_head
27.12,-0.31310875481103007,-0.07865105225139529,-0.034802358418713715,0.009440266288008222,1.5257559256104474,0.03644030022339323,1.844523768509981,1.2222953629681397,forward_head
27.14,-0.3327108155432521,-0.08656580034030074,0.0009775428308963139,-0.004735029958531785,1.5324501893325244,0.03781756939634908,1.8348661295021498,1.2290298001850872,forward_head
27.16,-0.3336037233444248,-0.11758329539195349,-0.022710647023916706,0.00349451701919365,1.7033867577719342,0.012156463391893822,1.8097398060988181,1.038739849141463,forward_head
27.18,-0.3348942544291479,-0.11931845731844067,-0.02833792054897992,0.013359429236208639,1.5396850938164302,0.023083948745401123,1.7402142176619517,1.1234026302597109,forward_head
27.2,-0.3153433511172262,-0.1193868372837572,-0.00400406350699699,-0.013615616357823332,1.5402495763740935,0.047570000193883286,1.8823752456239993,1.0693851593815866,forward_head
27.22,-0.3037782423599414,-0.1307547531898511,-0.03630154717147375,-0.004356775904493588,1.620178674746701,0.028088597648703507,1.8073755591071052,1.0915781441944334,forward_head
27.24,-0.29192377868802644,-0.10497407204564657,-0.037661274329808765,-0.012263117974603532,1.4925144807749418,0.008278169573734815,1.7997114740447415,1.1063544988028726,forward_head
27.26,-0.3250554640509965,-0.12030022865279788,-0.023102303944137533,-0.008648397598324002,1.540142771361379,0.04412595271448173,1.8043877616889492,1.0500847449232888,forward_head
27.28,-0.3128704584006061,-0.14018012390516751,0.006638553901158127,0.03286323836059451,1.5130998224744852,0.02422506025770009,1.8881023113036222,1.1397425334035596,forward_head
27.3,-0.30636655167833055,-0.09277518485285707,-0.042711851239412325,-0.009630499892483097,1.5843136870837304,0.009412562522769464,1.8444437380301548,1.186199384501857,forward_head
27.32,-0.28447302292845517,-0.10312595743497557,-0.04434389690430259,-0.012673035823917086,1.6740686209335345,0.02632774075359843,1.772451465147166,1.1758015526169268,forward_head
27.34,-0.2947095563135937,-0.1394862900651596,-0.01832578706254441,-0.0008033829977282701,1.574856316518398,0.029925874126162395,1.7769138123982096,1.03956521788548,forward_head
27.36,-0.29531504359289557,-0.10477859303613354,-0.026939736477170694,0.006005406126619991,1.5648974506000575,0.03713356526689579,1.8045765655337356,1.1756509660910681,forward_head
27.38,-0.2895332520059894,-0.1029277439038739,-0.03036379722275006,0.018944569979433418,1.6360445396461343,0.029897962489754515,1.861731740562014,1.1440803799312642,forward_head
27.4,-0.3439630118672641,-0.11118091828077996,-0.01965390350176696,0.02975356732300497,1.6947041796446263,0.03723903217301813,1.9067423382267488,1.1686498662244238,forward_head
27.42,-0.2590076211977452,-0.11287245362030981,-0.024986051232692222,0.0004922818785460301,1.6634155686439092,0.027389640577626113,1.9657813781968978,1.0786953772506396,forward_head
27.44,-0.3462971968029064,-0.1295746468958548,-0.04477384990863831,-0.007972139185042538,1.524491634657853,0.025260274283548625,1.8420907602269136,1.1889564990534003,forward_head
27.46,-0.2919709511604492,-0.12002228120625807,-0.023633328051929588,-0.009280392525528524,1.5140067705482168,0.025618807405637066,1.8422183343724965,1.0383599302878606,forward_head
27.48,-0.29859538202946156,-0.12650588635650567,-0.004969491341634753,-0.0015531729017524494,1.7252576137416566,0.05981687226422983,1.7986901384730514,1.0605476615339038,forward_head
27.5,-0.34518761921017876,-0.09236262355907562,-0.027425647022252198,0.034666618187905604,1.5887582106850058,0.032349329072135787,1.872188617547178,1.1356898678323744,forward_head
27.52,-0.30158802749651564,-0.073542830838854,-0.009632291501158524,-0.012870259909790837,1.5135171713932691,0.037085090167739476,1.87991496035463,1.0978170046107167,forward_head
27.54,-0.3469312158839594,-0.14102213153219317,-0.030895714199833373,-0.0055198926717697425,1.6261117519291972,0.025336113396534275,1.7543900113544186,1.1799526739692443,forward_head
27.56,-0.3153144022012472,-0.10615192799610752,-0.0059254976733372254,-0.0093357082053254,1.5443338377621376,0.024469619042299127,1.8820359019022246,1.1979825808658253,forward_head
27.58,-0.3258391922011241,-0.12069198266364395,-0.006479022621211381,-0.010162207315452386,1.4603368379328956,0.028262908827410615,1.9024578714062805,1.1602541855149935,forward_head
27.6,-0.33716589939047553,-0.13539604723298104,-0.03408339607978415,0.013653557951362968,1.6258675258864985,0.024799133918988362,1.8578892333047994,1.0911296855336616,forward_head
27.62,-0.2775056536796532,-0.10870607023863624,-0.0661245776302825,-0.0037955334269017013,1.7664819898614124,0.033456360973878434,1.902419785555046,1.1676938687373075,forward_head
27.64,-0.30326962329483503,-0.10155880768316015,-0.02907738337970485,0.0263317634631031,1.6010691158467725,0.013948720626316694,1.836278095937408,1.157880497900841,forward_head
27.66,-0.3495090223727856,-0.11974558875455027,-0.03134458001761963,-0.005686841323900932,1.6174066148042394,0.03151261131942538,1.8396893876631695,1.1336194196553646,forward_head
27.68,-0.34330843602708694,-0.12863548739116396,-0.013598298271389982,-0.010792032898828604,1.5437241443084568,0.015326710461787142,1.8567475615518056,0.9851877671920228,forward_head
27.7,-0.3209696795812087,-0.1413286220651202,-0.01923225499141114,-0.02015617263009889,1.5610040309390272,0.03974297672151904,1.8055080557986782,1.174684266421014,forward_head
27.72,-0.3185742793818812,-0.07886698787331296,-0.02571624778137072,-0.0070739078545383645,1.6931309424581529,0.02784165808975171,1.8584312792216966,1.1948547010290445,forward_head
27.74,-0.3610205956299633,-0.13334364453098746,-0.015204883040765194,0.019567922617590366,1.509474791684976,0.03556653499269787,1.9715630345200028,1.0825108733763409,forward_head
27.76,-0.33052866355673927,-0.11962133965113692,0.013310378450191819,-0.0025035629724766296,1.5474097915636378,0.03549624724159834,1.8880054763339267,1.168024079288348,forward_head
27.78,-0.30965055787676515,-0.10998350173902276,-0.04378817288691034,-0.020922051038303174,1.6022920909138587,0.028309108580856203,1.8952486832930031,1.1385733549665704,forward_head
27.8,-0.3048374203983016,-0.10704551856652447,-0.025298444365177364,-0.0006263037645662321,1.5774288478707317,0.01254481173126148,1.8666065120365045,1.1041439807885014,forward_head
27.82,-0.32250951977799547,-0.08192259687190238,-0.04104022922493602,0.00010619676857583147,1.8393471481979702,0.04914041689737571,1.9360414483141142,1.1742419387974596,forward_head
27.84,-0.3300846819457264,-0.07092549942084186,-0.04004907848534695,0.004147508530437046,1.622551275220818,0.01880002969658463,1.8911006584873067,1.1350643644571219,forward_head
27.86,-0.34452559997906723,-0.08675568838036841,-0.007437152403664463,0.004337700926826901,1.5384987082332626,0.04011177083140489,1.7794911140261693,1.1492793568782618,forward_head
27.88,-0.2905273307617561,-0.0874335245250751,-0.0173331469238112,-0.0025218816252159243,1.600237808497559,0.015172777914986007,1.8551248761687593,1.1760316808433169,forward_head
27.9,-0.3047145167895455,-0.13800395795020218,-0.04600853480997438,0.011224682231156542,1.6460126180928123,0.03578230252838219,1.776579079691302,1.1469426472120778,forward_head
27.92,-0.3375108556327233,-0.1339877076969443,0.0005583078600974382,-0.005734530212401048,1.553317541752301,0.02256696958248792,1.7767410278020588,1.0940670058937936,forward_head
27.94,-0.30770184383353766,-0.12828311100939996,-0.00907041145248434,-0.014233467444055764,1.6606422572359574,0.03754212931737876,1.8054212065526631,1.162743331025552,forward_head
27.96,-0.3455595311573785,-0.08169413702267024,-0.04486356816376527,-0.004841637771226653,1.6326886224921444,0.045726175560027525,1.794187137195516,1.1798914436699413,forward_head
27.98,-0.3002195400265224,-0.08872857990109159,-0.02411465065730681,0.021024786253345112,1.6636634270946244,0.03153037984229851,1.8146771836410727,1.0885848000447307,forward_head
28.0,-0.34353295615277385,-0.14541357520109688,-0.038755343585375274,-0.004533901698086993,1.62053823007981,0.05259584598357137,1.835210626844663,1.1280690272183358,forward_head
28.02,-0.3199088440849917,-0.10683605702318114,-0.030052597835254782,0.02472936885799713,1.6495164840595133,0.044532456505056855,1.7863034323503142,1.1252711831202542,forward_head
28.04,-0.3069167350167259,-0.1183955140823544,-0.04568824409672644,-0.016719261524073607,1.569467171388251,0.047260722433362296,1.917895019339908,1.1590452088320482,forward_head
28.06,-0.3538556131544093,-0.10886105736133475,-0.00971016734265504,-0.0015567079895231473,1.6496903951171356,0.03187980725555052,1.7742142777723646,1.191524356646414,forward_head
28.08,-0.30199127548636395,-0.11210137632496636,-0.01674254390187284,0.028723600626684113,1.5198788745945637,0.024983374756960285,1.8628866830269946,1.1674095756453662,forward_head
28.1,-0.2898290725651649,-0.08667811495215563,-0.01848525007797612,-0.00019213916728486684,1.6166740715186847,0.03552734053828086,1.8624376925572521,1.1774977767458013,forward_head
28.12,-0.3352504876303259,-0.08786921116576608,-0.022229308792479377,-0.012213277649106286,1.6377448671142227,0.03610466071330505,1.8080097456000177,1.2652309660480994,forward_head
28.14,-0.2899366404535957,-0.12928676068021516,-0.012519246405674651,0.018454857054908975,1.7348523722087108,0.04156701429753407,1.9191673366093764,1.15273285701151,forward_head
28.16,-0.2903941813194717,-0.11196979290066951,-0.015842928716881588,0.0021597095473851946,1.5314775956792075,0.04058901251445737,1.9302360871975737,1.184862370481131,forward_head
28.18,-0.33650843603405983,-0.114543370151129,-0.0328790832259232,-0.024882543641681836,1.6651387950004044,0.028554841756120847,1.864241390060943,1.237834589171706,forward_head
28.2,-0.3159940750499713,-0.10380930656701462,-0.012054338659378,0.003896172910805779,1.6538384711101972,0.02704266324294854,1.7545386184746734,1.1367047886917332,forward_head
28.22,-0.30853467103036286,-0.12460302908234003,-0.01766625034011984,-0.0016029354040291433,1.632626470793052,0.018429326997048884,1.8116874228924815,1.2154709807543322,forward_head
28.24,-0.35249206823150303,-0.1422706695908842,-0.01603498994721972,-0.012342690612691224,1.5877995637348248,0.03366928736284256,1.7624152757798697,1.112633655049964,forward_head
28.26,-0.326073014175528,-0.1393714512571169,-0.012784745102073192,-0.000784452211544042,1.43260356946873,0.03350802566346677,1.8983508228849963,1.210148246443002,forward_head
28.28,-0.3043425516971019,-0.11034217966191898,-0.018561851441350564,0.0036110124625137858,1.5687806923671035,0.025526535861290844,1.9329533660636513,1.0943051380080087,forward_head
28.3,-0.36064458735020233,-0.13725194248864184,-0.0015151724793776853,0.0046838015865808885,1.763210441657865,0.04081752751384765,1.849637642006115,1.1560366955293289,forward_head
28.32,-0.294595495912433,-0.08337377151220798,-0.01933991364866494,0.02014895918665533,1.4900988558314723,0.0343449091637659,1.9150691238147435,1.1978055714720317,forward_head
28.34,-0.2681429668838844,-0.10543881322540655,-0.02463849814033873,-0.0070517157695805755,1.509967380893033,0.027510069831514737,1.729465937784139,1.20689836704917,forward_head
28.36,-0.3070590821832041,-0.09627943189429378,0.00332984378173656,0.01628289649226748,1.6823050101207868,0.038802505807180976,1.880736873915664,1.1679982870234313,forward_head
28.38,-0.31362887259753663,-0.09672684298869488,-0.03673645121823661,-0.02239381206302534,1.7064620926349605,0.0345467820691711,1.8145469563560928,1.1296069374026456,forward_head
28.4,-0.28623109508457334,-0.12112908913419126,-0.009520080666602948,0.014621262960741165,1.7197394095993683,0.017451048597770243,1.8812089265003789,1.1789264779554618,forward_head
28.42,-0.26556911956907814,-0.12437584346320152,-0.030356491221372697,-0.0014645513403570476,1.7397582193367864,0.023824796008281305,1.807041838605244,1.1120590421681988,forward_head
28.44,-0.36288277827220883,-0.13950703621454924,-0.006847761175923037,0.023466602368495883,1.4941899717216256,0.029253989237708247,1.9077934422844849,1.0875067230167024,forward_head
28.46,-0.3335730967418706,-0.12331953071638192,-0.02342355956990144,0.022136295394666376,1.722503884750591,0.04375303582465647,1.8864257118805223,1.2259145929703144,forward_head
28.48,-0.3613532453852006,-0.1362800561909501,-0.00917370519341049,-0.0018848203083712178,1.5703650566618776,0.04128264530093182,1.8105369633571111,1.094445106323338,forward_head
28.5,-0.2821632800674062,-0.15084823472137274,-0.031452676088340174,-0.0010595476947491988,1.5951157905569542,0.024759959466726045,1.887095725353896,1.1650309008243132,forward_head
28.52,-0.3245160311457837,-0.14218675701961328,-0.03589613122319228,0.009994371365304356,1.6190492841345114,0.006169949157364084,1.9005858799451951,1.1495653531266206,forward_head
28.54,-0.32383201855360405,-0.08954864656115587,-0.03978180989199087,-0.016396509645310496,1.5280168156011535,0.029225486451719837,1.8877810035168139,1.1392935010279948,forward_head
28.56,-0.31502115165433836,-0.12031551050845084,-0.02391677181804821,-0.007720774727362451,1.5021856410569385,0.03314045389841163,1.8593662849041346,1.1171499539149348,forward_head
28.58,-0.3049298723554009,-0.08014876273871482,-0.014094256463176072,0.0023686817692962657,1.6894005439069868,0.035833639980013904,1.8551987860148325,1.095994190131661,forward_head
28.6,-0.29147613884782375,-0.10797587363581114,-0.007348466849589188,-0.00472161616911225,1.531068432020149,0.021141247756311543,1.8317922533334132,1.1845369152904761,forward_head
28.62,-0.2984762702661838,-0.11549162064150392,-0.045198638315307266,0.012969209609435976,1.589737409390762,0.018126081716009726,1.8629880177636313,1.2235991017523717,forward_head
28.64,-0.323074327539853,-0.0900875881676173,-0.021321611384751124,-0.008215852238683551,1.415603262579373,0.01700510699506786,1.8166351737439745,1.2172064976608397,forward_head
28.66,-0.3330743339815495,-0.12401905859879979,-0.015267739391224099,-0.006232548552922956,1.663249158919198,0.04159074577103345,1.774894745092489,1.1165812082135682,forward_head
28.68,-0.3046000826051909,-0.14943358835093953,-0.03438465944779241,-0.0008532371508388017,1.5590645181675546,0.029457663586644766,1.8193619418501552,1.1146006976235083,forward_head
28.7,-0.35510764970706643,-0.0807886073618059,-0.010719228387970164,0.0015291438412902442,1.5973457139933034,0.03234054122670464,1.7691685276080196,1.101934732341084,forward_head
28.72,-0.28398850621083904,-0.11247326808887063,-0.03843299125865008,-0.022829776789583527,1.6247605514179466,0.034404281638435154,1.7972568262881128,1.2150793374107405,forward_head
28.74,-0.34214571482997663,-0.1385672914271072,-0.02253273121681638,-0.01858305047338511,1.544585250288013,0.03710119594612104,1.8273021553165456,1.0764458667261578,forward_head
28.76,-0.3037477095454144,-0.09206142828356638,-0.012746202515793456,-0.01062992557434737,1.548150942508732,0.023502039720691963,1.8062346948949903,1.1264255506983494,forward_head
28.78,-0.3089026953074852,-0.11949308284299562,-0.04105875550010909,-0.003727100169592177,1.6510548863857537,0.021654132848652193,1.8863060577440673,1.088788998984261,forward_head
28.8,-0.34149986557649475,-0.1177615077278748,-0.009534962306026658,0.006159280207513637,1.6156994306212074,0.009865797068146723,1.830295170709634,1.0905651506742362,forward_head
28.82,-0.3049330155397168,-0.0755728665619581,-0.025530078385773064,0.013342711086441713,1.7055407612167248,0.035658915136677655,1.8078472563454742,1.1632612475736617,forward_head
28.84,-0.29745545745430874,-0.13829889461732428,-0.009677436525330844,-0.008254533876594326,1.550377549636909,0.0334308818593468,1.8446490224205145,1.0922930010981728,forward_head
28.86,-0.3118630171264683,-0.14480403884370072,-0.031165097168074838,-0.02056851153788371,1.602338733672247,0.028495553289812417,1.8735639455276272,1.1918673271906772,forward_head
28.88,-0.3135928247563438,-0.16931127085999748,-0.014116620595394362,-0.007536785862581713,1.5957900238826717,0.01905235385913514,1.9426815611660457,1.1868545777511494,forward_head
28.9,-0.3325553335518738,-0.13895779048734333,-0.03634376688279684,-0.0022493145204682398,1.66031944116766,0.05339686799488412,1.8415845402054123,1.1630710738911387,forward_head
28.92,-0.3396047742547357,-0.10572874565125731,-0.02390047393167626,0.01244923277429507,1.648876201022368,0.03558775392854672,1.9545092619854916,1.089326545983618,forward_head
28.94,-0.3476077558461594,-0.14067987448382505,-0.031263302197754736,0.013016210863140093,1.6842503833125897,0.013491404469183904,1.923977369346638,1.0976766473061303,forward_head
28.96,-0.30870514917056663,-0.1191047347827536,-0.011472875958516536,0.018098354309149932,1.5798925931214003,0.026558557749373487,1.8271912223463815,1.1521548039965386,forward_head
28.98,-0.3380787238348878,-0.10341060466081566,-0.007597127891129908,0.008869672448352049,1.6756587077837672,0.035090005607451555,1.9338366985499502,1.2091187124741216,forward_head
29.0,-0.29897705240472927,-0.12445880223441004,-0.03546378420657576,0.013773579779187086,1.543026981418664,0.03902931216670292,1.8597976812171624,1.1374442237096987,forward_head
29.02,-0.360936498109757,-0.08926264741330754,-0.028940148173704904,0.008470273957927103,1.6116667825297117,0.03436093891008065,1.8167929128382252,1.1622999439810269,forward_head
29.04,-0.34949459530503096,-0.12089273598998822,-0.018135768444340693,0.005366283879812024,1.4708642255112285,0.019491148605597867,1.9139787548876834,1.1356452590241248,forward_head
29.06,-0.3054668814305101,-0.14740279302143366,-0.049224858562533884,0.004767482233577828,1.5225787777194941,0.033199276141782065,1.8201389476529917,1.0767453405547156,forward_head
29.08,-0.33010657679932476,-0.12827948248850335,-0.01606551161563086,0.02942954067709479,1.5235552299454158,0.017462323098689492,1.752271188372135,1.2355179319260723,forward_head
29.1,-0.28813336743245693,-0.11555112573255397,-0.005593060547645584,-0.015605289151794956,1.6520026108625374,0.008964206999329066,1.761805527957157,1.3032275070285304,forward_head
29.12,-0.31229683917750817,-0.09880936710420693,-0.022896008390038254,-0.013753534297926225,1.6902077405013132,0.02871240161945558,1.8505790025018733,1.1808136212490794,forward_head
29.14,-0.3065736683947901,-0.08755275817504023,-0.0018110071388371025,-0.017893092322565488,1.6275525451317818,0.04576565617779133,1.7905570895416818,1.2131636636437373,forward_head
29.16,-0.36386105991880174,-0.08770602026161849,-0.03838117052094256,0.01108371127716034,1.5543729742203014,0.020460049586571615,1.8959087519024491,1.2253763482866398,forward_head
29.18,-0.3227801753907154,-0.100442529478713,-0.030685631660845186,-0.0008460749065553004,1.6789143086691627,0.03202615058075297,1.9617037975507652,1.2009354975739497,forward_head
29.2,-0.3390835997003845,-0.16628441387615323,-0.03286933888904593,-0.02041096210889071,1.654494223593676,0.028859243679831895,1.778032466146813,1.1872249277305302,forward_head
29.22,-0.317961855085751,-0.11285375629186885,-0.001213720419469491,0.021407418061906727,1.6344660707308662,0.033019943729048394,1.8279562523841437,1.090754735329742,forward_head
29.24,-0.3152970359563208,-0.13786139733090644,-0.03327602627355843,0.007539773575003272,1.6587293371039522,0.03340440957799313,1.9734474709971714,1.222320456527534,forward_head
29.26,-0.2948254200975057,-0.11589155828931431,-0.019152290878712095,-0.0026541052702916865,1.517315332340074,0.02745051091716887,1.8761639583781924,1.1835440738284746,forward_head
29.28,-0.33252109087167653,-0.13870839241839855,-0.03641596675597018,0.02437997267226902,1.6643352850099729,0.00962506355406834,1.8743159116509946,1.0661871308830375,forward_head
29.3,-0.3213933496675033,-0.09418718887407797,-0.015417071095295757,-0.0044497775063717365,1.5633442747587591,0.03596707357903192,1.8259765405083463,1.1119968676212006,forward_head
29.32,-0.29284785519482864,-0.13347629309291523,-0.011652436272872326,0.01676288065204703,1.5988591348689674,0.021400432541350694,1.864595280513725,1.1410348292500914,forward_head
29.34,-0.315252191745964,-0.13217930855270466,-0.02581406790288265,-0.0024126603163740997,1.6700939257230407,0.028835642993821707,1.867457017468507,1.1205803591818653,forward_head
29.36,-0.28971098790076255,-0.10471814598356877,-0.008109027022164414,0.010063212965866238,1.5798825577521978,0.03717276463070851,1.805807245223473,1.106821229518721,forward_head
29.38,-0.2721961971522423,-0.10354111476630615,-0.02158045241055274,-0.005167375772899008,1.5438850617892588,0.03909500955557736,1.8184500690794305,1.0597316876228313,forward_head
29.4,-0.2927827010548582,-0.11296422644987943,0.007844074028029275,-0.01825365888659359,1.6150792536105405,0.03558657804475295,1.8352599055425354,1.1540183995353297,forward_head
29.42,-0.32090252138876196,-0.0794742501627878,-0.017368696638796078,-0.014333631293373153,1.5650463943585033,0.007080904859812217,1.8762455548944543,1.1739308582462236,forward_head
29.44,-0.33659195325877145,-0.1344394222112173,-0.034495867747688425,-0.005933980958616509,1.6154167987014592,0.04137660860090379,1.915468159143146,0.98135944800837,forward_head
29.46,-0.3263836070006226,-0.1594919917774792,-0.027373378006514425,-0.01159888742895336,1.6568157946868884,0.045956574653725366,2.0092166311711694,1.1590629231276308,forward_head
29.48,-0.3272218052560825,-0.13324927872330103,-0.025777798762049355,-0.014614093921461931,1.603111786494949,0.040287038196418545,1.9066391047846132,1.157420759214196,forward_head
29.5,-0.31377777639235555,-0.12123955928085368,-0.033683137701699034,-0.006327739226242929,1.5648492613423681,0.028311571313592986,1.9157626719505687,1.2289845613496742,forward_head
29.52,-0.3316405970914423,-0.09711875510498366,-0.012770252368873511,0.004434639298772047,1.5697128360431003,0.04060703854061661,1.83402710331931,1.3190985426882873,forward_head
29.54,-0.29561310823653403,-0.13238925753659853,-0.037322820377529674,-0.00033529859963251014,1.5111657386145536,0.036451194313857384,1.758994479590018,1.092272102805302,forward_head
29.56,-0.3123014455103401,-0.12466967249573879,-0.04201330073333793,0.010819749397731523,1.6904441578238516,0.043322755946443185,1.8854245205069968,1.1508287781110718,forward_head
29.58,-0.30301863186627664,-0.11984311998407732,-0.014283705111271127,0.014390892036527806,1.5215081843562568,0.031917005960606766,1.8722933542707758,1.1047908288541592,forward_head
29.6,-0.3306687473743035,-0.08996327106549817,-0.02831627225829755,0.02979565251907347,1.5563429587236841,0.03300453745851564,1.7796910208889887,1.10178726818277,forward_head
29.62,-0.291093641604854,-0.144420004938911,-0.009818379274270624,0.005990669746216058,1.6541326489067323,0.04090460846326583,1.8276692165423556,1.06617041141067,forward_head
29.64,-0.34855342210481954,-0.11320243911489934,-0.012920568557913058,0.03179740263565071,1.6428080548165247,0.03987374591466517,1.9101265874944044,1.0599773278907958,forward_head
29.66,-0.30948360658291385,-0.10492001187064456,-0.008948553151071594,-0.0021380212845540634,1.662547066272028,0.03604993602707725,1.8961975296512563,1.1399026183783663,forward_head
29.68,-0.33176406233606237,-0.10690508957902842,-0.0470899150759088,-0.0005373303633365884,1.6559391525518123,0.034208371080010534,1.835427080453262,1.1147172465534445,forward_head
29.7,-0.3127920825050495,-0.10262579432058712,-0.006236786652091367,0.022173671512586722,1.740527100982787,0.04536940620302929,1.9459888008675448,1.1503090597671106,forward_head
29.72,-0.3167066371158221,-0.12439940021054015,-0.009286351247357506,0.01017656619953827,1.599312830874598,0.029997482290540705,1.764414371818993,1.0974249814786756,forward_head
29.74,-0.29167238692230935,-0.15042272736508516,-0.019057322734913767,-0.01635638129049126,1.5091632573717977,0.005956017729652688,1.794335063137012,1.245627624070795,forward_head
29.76,-0.29978934507671934,-0.12098543199307293,-0.022286532598075847,0.010746562841441532,1.7146152452666774,0.03819252575991532,1.896113922381093,1.100840841191423,forward_head
29.78,-0.28962747282187756,-0.11916085761844421,-0.02055306763798814,-0.023660064864061702,1.5821510389203808,0.022016744298181883,1.9619097867239432,1.1202508974702619,forward_head
29.8,-0.3398308691250545,-0.10887470409186811,-0.027921021333366536,-0.008247583129044538,1.474216680772582,0.021173340644784357,1.839922170696086,1.0925303675097675,forward_head
29.82,-0.34990405384917617,-0.09499908951760348,-0.019271986565666182,-0.001460162243374312,1.6072390782108126,0.03226168162619752,1.875293180137171,1.112765541406871,forward_head
29.84,-0.3340789003929553,-0.10766052045779191,-0.03481877122179966,-0.027043431395688086,1.7093915949183276,0.0454302792782141,1.7812975435192906,1.1602126519275815,forward_head
29.86,-0.27838196511737,-0.11753743362390767,-0.012331453220810702,0.01618549991519227,1.4842693970608187,0.03659960384140199,1.9473677431048346,1.179269600186813,forward_head
29.88,-0.31578927939996015,-0.11003021108954779,-0.03186243466230676,0.0019384159622379891,1.7272156090067574,0.03466385851593504,1.9070759151528123,1.113268331736291,forward_head
29.9,-0.28401359843554347,-0.11369407739952812,-0.02800471093026416,0.03218021696439337,1.5730455413714317,0.029692456273123943,1.7833650226176792,1.1706656508475641,forward_head
29.92,-0.30721679221434495,-0.11265790865372986,-0.034879993014450245,0.012088552136706933,1.5576800762326846,0.037805093143170966,1.8663482558545448,1.1571180242218044,forward_head
29.94,-0.31079738594967954,-0.12123471135202582,-0.01785913323702813,0.010625780924815444,1.7705603611229073,0.023057104521655037,1.8428785131916179,1.137340659846094,forward_head
29.96,-0.29581202295901665,-0.11594835792756014,-0.052904269080040256,0.01964115732113648,1.6469803499769782,0.01384160370819892,1.8799603714303021,1.1320942659847486,forward_head
29.98,-0.30068019023579234,-0.13329757035129872,-0.028366445732764155,0.02116682549994535,1.6166488087391724,0.020188183765505446,1.8520140864829266,1.1403530308249363,forward_head
30.0,-0.3075145819962287,-0.12929173308586245,-0.031340441803791176,0.006046280314335077,1.4790003189469247,0.03513273987272496,1.9273908706747171,1.0651574192547657,forward_head
30.02,-0.31736793690829546,-0.122544832116798,-0.017564926204496536,0.026260063093982974,1.617150896028482,0.0377650097371171,1.8431585680349227,1.182495716300764,forward_head
30.04,-0.29984044654669206,-0.11636921806581477,-0.019191787214683207,0.012224248560823773,1.6193474905974659,0.03483353105141535,1.8283287510564274,1.1551207732392232,forward_head
30.06,-0.3002969795238067,-0.1082197574581171,-0.020548852158778337,0.008269394181486199,1.5542270715004747,0.03464644413715432,1.8492843210251042,1.2243228518366192,forward_head
30.08,-0.3235928618352689,-0.10047107526350246,-0.001977650512894402,0.01642808102477023,1.5124571639417894,0.016294218508585534,1.882335224898531,1.1412478559512955,forward_head
30.1,-0.33160061507610594,-0.10804516193416094,-0.022952107688982957,0.012088085545120645,1.5212610123065227,0.03760330314506091,1.879526028229524,1.1946910622596745,forward_head
30.12,-0.3553092858006341,-0.12761419318880896,-0.027133624692620564,-0.004324452742508501,1.447530003499815,0.022982076005192104,1.806847028513894,1.1610199970850903,forward_head
30.14,-0.3066475713763283,-0.09119518138790607,-0.02707860432186566,-0.012464333560282988,1.6359841656477645,0.01271139149267994,1.8511757677600147,1.0979413723272078,forward_head
30.16,-0.3158276790651586,-0.09765524635398294,-0.03369462256019292,0.003662181797855365,1.599028655332647,0.04442682650470372,1.8418850461530896,1.1804784416570948,forward_head
30.18,-0.3330474000556796,-0.10684332479074793,-0.03687476351283946,-0.0009280711138124141,1.6836919387751303,0.013550107893095176,1.8899779574780902,1.0799811757612683,forward_head
30.2,-0.3304489960079075,-0.1353989010422797,-0.002868373411911109,0.003998873880528787,1.6344870185542675,0.01949286233657259,1.8502737566655083,1.1192497496032763,forward_head
30.22,-0.3135201462661991,-0.10545648475113308,-0.02671985881039113,0.012054438259576108,1.6227934198780214,0.04461187014532642,1.8349174519448737,1.1135453024116815,forward_head
30.24,-0.3202034195149974,-0.121558284882765,-0.016500067311740762,-0.01676993467335623,1.761935996076688,0.03743331517972219,1.8094107778288295,0.9760844441489359,forward_head
30.26,-0.29190710544003423,-0.109941530717881,-0.014558516563121845,0.020181667869524064,1.5137742681166853,0.014711276918586237,1.7990147849193414,1.173817936041466,forward_head
30.28,-0.36586457493262947,-0.11610041313368076,-0.021383584796567646,0.008970969457858163,1.6113780084921074,0.02826051758093142,1.748262000779815,1.2832428300199867,forward_head
30.3,-0.3322721388909918,-0.12539080075466902,-0.011822237556724284,0.01236633456035737,1.6384731362505605,0.05011129047735291,1.827406788111502,1.2534906359552442,forward_head
30.32,-0.3264344853667782,-0.13737558137546552,-0.011510792141218348,-0.0019477469513235106,1.5752825156303927,0.04026693748696143,1.8277981064096653,1.1218944557100012,forward_head
30.34,-0.3049539304146814,-0.12014218143010451,-0.02045772802769198,-0.020763718619892353,1.5984337911986588,0.024454274069626632,1.8487270920721777,1.1945101676258008,forward_head
30.36,-0.29710568973009344,-0.11004106627852009,-0.024974475924114694,0.020597723739655398,1.6135228356154312,0.005261173791559125,1.75560815819945,1.1468411697014855,forward_head
30.38,-0.3261791126257977,-0.1445960995983426,-0.009810942589496255,-0.0011123679234728199,1.4992953005923035,0.033721282544535824,1.8062987478679584,1.1617792728019969,forward_head
30.4,-0.3399829217133323,-0.12965499905316666,-0.004171217300678781,0.0025909926600566407,1.639528857689837,0.03173025112192686,1.777266056111536,1.111175897278874,forward_head
30.42,-0.28638386855945513,-0.1394244466843645,-0.01906214675360665,0.00458142040293007,1.628046565128657,0.03646382160267418,1.8566778479140822,1.1876264253020385,forward_head
30.44,-0.26954154966184135,-0.1192155250911405,-0.0441983976226303,0.01840095695366596,1.5677652276449507,0.031006877097553644,1.7200820081427084,1.1383542118673036,forward_head
30.46,-0.3169646666845972,-0.11916840351071716,-0.01552727143186194,-0.009387986147573264,1.5168284185577985,0.02457965702410107,1.810461667504755,1.0766544748895837,forward_head
30.48,-0.3187350213973178,-0.12214145583131646,-0.02231391917717207,0.004857009963149969,1.4800719993039178,0.03206663561022948,1.8582762884469732,1.2214923973784688,forward_head
30.5,-0.29683378201496413,-0.1535298182865071,-0.03925131423926775,-0.006541587167314653,1.5726967464443014,0.030254493606982732,1.8876090361640063,1.0758213734617625,forward_head
30.52,-0.27918959030762586,-0.0910141470259218,-0.01153809933962906,0.019612365040241622,1.6375037217873973,0.0393953190996775,1.9406905383565414,1.2182710477113894,forward_head
30.54,-0.28391067552252913,-0.11366382137041328,-0.020314135470895528,-0.015332267606959042,1.5764148858913538,0.02309633187976608,1.8159639348006689,1.067084160263286,forward_head
30.56,-0.31538494673585143,-0.07982157513956123,-0.02658497044223603,0.0014017900711577238,1.5869281181238863,0.01513166593157863,1.852839039962623,1.1235256528463378,forward_head
30.58,-0.30744446423470934,-0.11095829113197746,-0.03229502739248999,0.034470140270489495,1.7136520270738738,0.04520912908776588,1.8624839977617014,1.1835755912244579,forward_head
30.6,-0.33903506025073027,-0.11608589551697193,-0.019177223094358417,-0.0031952805049524037,1.5668116918781783,0.03202067314223447,1.8786408794751144,1.1018437356911785,forward_head
30.62,-0.2839134686764756,-0.12954601155433826,0.009101876300836842,-0.0030376948629823757,1.7631266646775008,0.0515892391133942,1.882891081821439,1.1202513245509067,forward_head
30.64,-0.36379066525122633,-0.14231698243108165,-0.018792974579229415,0.012679847241497347,1.5954815729914538,0.03350179302665348,1.7327926652764194,1.1240028132375828,forward_head
30.66,-0.33458596675037916,-0.14710339161285077,-0.007862694123359491,0.01774578277962271,1.6136854751080976,0.02437580347359729,1.8669967764890707,1.1139676046232527,forward_head
30.68,-0.34023466370164784,-0.11114619505797596,-0.006473865776964213,-0.01146707398888814,1.581158417523386,0.03911741091719036,1.8392609846261019,1.1223132340160866,forward_head
30.7,-0.3054326906866695,-0.11720484438013246,-0.02767299690860929,-0.002355940566148175,1.808714466823327,0.03454484154531491,1.9208091747372333,1.1534067180636831,forward_head
30.72,-0.35622927444444663,-0.15549100738081242,-0.013659974346188075,0.006890445633623999,1.5362590332940185,0.03170634664269129,1.8221598132713046,1.1695117391549947,forward_head
30.74,-0.27470987612043857,-0.11004800685215667,-0.015952295876456208,-0.018463500068034218,1.6952358789924613,0.022815276905799955,1.89217256891279,1.1607940066125084,forward_head
30.76,-0.3071602524558627,-0.1137563445477598,-0.042130594792698386,0.003953654576991374,1.5544180218943104,0.021588170730271455,1.9294710661996652,1.0510972670180738,forward_head
30.78,-0.32910572522195924,-0.1310914808020134,-0.011351764498752385,-0.01595014202108566,1.6531020142220227,0.034947777475198345,1.8045761533962517,1.098341818517537,forward_head
30.8,-0.29095249373880405,-0.13673375449184003,-0.026018736768912434,-0.0006426691766988701,1.5842945653518106,0.024461262003110665,1.7880942383887184,1.1698319378637458,forward_head
30.82,-0.3140022644380347,-0.08137077453184532,-0.03308988765139178,0.003399912255900455,1.6698912764696197,0.022929681642082676,1.843668578452747,1.1012096220583578,forward_head
30.84,-0.3219087009484484,-0.14666539138811807,-0.04153371098572813,0.005555702186861502,1.6470298787661746,0.026282930037062963,1.745599802319043,1.0399761160026353,forward_head
30.86,-0.3444389936533654,-0.11790953718480005,-0.014695958498990797,-0.0001326051994252256,1.6056070136190133,0.03486264349504117,1.7735801175018293,1.189092471501396,forward_head
30.88,-0.3388276097543459,-0.12235241380056672,-0.038340615826280004,0.00833773606382899,1.5484363200777127,0.035856710613074785,1.872254044206811,1.0440898886434204,forward_head
30.9,-0.35618837650095,-0.1361627528982859,-0.0003164912098847471,-0.00644277209805771,1.7129490014348296,0.01907538463186158,1.8835715587123638,1.158929292912847,forward_head
30.92,-0.31334337795618117,-0.12354249350991342,-0.030181556788895014,-0.006122985688078353,1.6308021626124964,0.026996683170477178,1.8341270691472058,1.117067085606138,forward_head
30.94,-0.3238140574585532,-0.12055873821936942,-0.025140797307849624,0.026709583455984683,1.4822383294109143,0.03241129709807692,1.85475229503398,1.087404825558226,forward_head
30.96,-0.2810452842207445,-0.10096802509537124,-0.00934752670590332,0.0011231278400759947,1.5105979533863998,0.018640648998243477,1.9214074481205643,1.2297899251482372,forward_head
30.98,-0.3304169414060427,-0.09914994743662815,-0.018962725584769347,0.015690554506132395,1.5913751076259683,0.021251134469090997,1.8437307436625447,1.1768135943918265,forward_head
31.0,-0.32391179685334115,-0.12081152046416878,-0.031199604217845064,0.02259436159671953,1.4553394232479968,0.025811250446162302,1.8598058461061373,1.1576206475814494,forward_head
31.02,-0.32752214895212833,-0.119154659718341,-0.02917985333213457,-0.021046003939236883,1.6405796852270245,0.03036457203043767,1.797172954096215,1.0638558168111882,forward_head
31.04,-0.3077019832297833,-0.08801102538250329,-0.0052716170196258055,0.016189683693409982,1.5956598861416167,0.04028228059009349,1.8218336828727366,1.2488138233613386,forward_head
31.06,-0.3378759331527139,-0.1090013626715414,-0.038079425425675766,-0.014201409966133269,1.6018906261609116,0.024978937106006245,1.8790887611969138,1.2074440503071882,forward_head
31.08,-0.31562559673968965,-0.12966441072547114,-0.030084166235487632,0.006073148420075541,1.5789859583106978,0.024128229525224486,1.7784162251645526,1.1521139266569238,forward_head
31.1,-0.3147205956618489,-0.13002916562075847,-0.022569382239561016,-0.009038878961882182,1.6550345939569142,0.039633112371837885,1.7658536339835174,1.1504046196101523,forward_head
31.12,-0.3164515310011819,-0.10678142393739987,-0.042165739457850376,0.015147282227060466,1.4886526077269233,0.02130139277565874,1.917857456274345,1.2155660328014666,forward_head
31.14,-0.31148521852997296,-0.10898611798451521,-0.03481920108755018,0.02581184249552197,1.670591416745306,0.018435890449597207,1.8468783055787388,1.2018912195213995,forward_head
31.16,-0.31553416948678165,-0.12707085515720284,-0.016873737854862157,-0.030346582471060257,1.6798281057160889,0.02708216386204779,1.8433663908821076,1.1993988949546737,forward_head
31.18,-0.3229857628634142,-0.11243389768303248,-0.032337163171223045,-0.02415581751531404,1.6859278974130831,0.012711062889770993,1.8315036718642557,1.2040979688108258,forward_head
31.2,-0.3299008554657498,-0.0814254491632623,-0.01536368811222098,-0.017618512182561764,1.4908051581399477,0.016075137425930024,1.754366939770188,1.0960427010828295,forward_head
31.22,-0.3593426920144597,-0.09741922277339125,-0.04352521699903145,0.013328323549790598,1.7083791861114537,0.0304791096612354,1.872306522012295,1.0876513713092901,forward_head
31.24,-0.30490659521268865,-0.13524379337275572,-0.02590723485317955,0.01052992663250176,1.7019623802189332,0.03758563277015982,1.8177672893786585,1.2130313277704339,forward_head
31.26,-0.3538271989285546,-0.1136264318893334,-0.009660612646894943,0.023579836126019185,1.7321599101087584,0.02875649527331945,1.87199947529485,1.1931105271898734,forward_head
31.28,-0.3239463166264317,-0.10033908409153397,-0.010709338192238212,0.012203852880352728,1.6870493598085998,0.028620919846818367,1.771348437562625,1.1690268029072801,forward_head
31.3,-0.3053333235587789,-0.10650543608955305,-0.001762238137126271,0.006767616561789964,1.6924816256350128,0.032099011665478315,1.8200602573305429,1.0981636850037821,forward_head
31.32,-0.3327871246711595,-0.13499616347175677,-0.028967133491817787,-0.00193918498999272,1.526648246546698,0.02198474134237408,1.8932017541062445,1.0148539481992647,forward_head
31.34,-0.2894152041777761,-0.1534642469173153,-0.05136097470805868,0.001203190939480795,1.4740109390127445,0.02105019804473274,1.926225761843868,1.127367617037713,forward_head
31.36,-0.34213561804382253,-0.11117932862498302,-0.028337032932462654,0.00048492418239757997,1.631532191515115,0.026257103292853835,1.8321026686761044,1.1471052084815143,forward_head
31.38,-0.33650391314102185,-0.09334964377333975,-0.02376135310328822,0.0027970809223938887,1.4639820563244395,0.04899165179399723,1.8717271236389679,1.155955985968658,forward_head
31.4,-0.3346909740795104,-0.10216701999072537,-0.012066644541114526,0.009451156251373669,1.6490633276582065,0.03309062979672121,1.8613424053814973,1.2236948751245678,forward_head
31.42,-0.3004668516118075,-0.12264269928345405,-0.02431314826264339,-0.017039167678397214,1.4968212208467544,0.03373953577063997,1.8173466039855457,1.071145359907851,forward_head
31.44,-0.323592703348873,-0.10978370990167192,-0.011753361693536926,-0.00473811347964639,1.6210911313822436,0.016806113222145314,1.8177652503681576,1.095142541429881,forward_head
31.46,-0.3245416475266707,-0.10716709210974915,-0.023886856440946323,-0.00039293131209123286,1.6844780439933522,0.030817812242430888,1.890996456463785,1.1776096342984856,forward_head
31.48,-0.3008302983030285,-0.12870202497632216,-0.034804317802531445,-0.014352624403893307,1.7070096171149785,0.03161692693448657,1.9077266885406519,1.0588647417938166,forward_head
31.5,-0.3328366380249557,-0.1125083659524671,-0.003124403263992344,-0.002208768696107613,1.615919080418056,0.03386721544589435,1.7810331152884689,1.170253605505245,forward_head
31.52,-0.3413759246363177,-0.09324454364042785,-0.04124751729088391,0.004004816426833961,1.4705810561980075,0.03154893029206701,1.7848329599595476,1.0975780529204,forward_head
31.54,-0.3709402277899916,-0.11725382713020091,-0.030761037783316604,0.015892191853212022,1.7002608209205858,0.025317287414852573,1.7838516208824042,1.0970661323140856,forward_head
31.56,-0.32218011590528517,-0.12357569026252815,-0.04842195389874593,0.0018407529818463527,1.623948479255775,0.03165467379799748,1.780720823119284,1.1617616288246837,forward_head
31.58,-0.28695400084981554,-0.12863395587824036,-0.03643469944418821,-0.012344163073450173,1.5442723030125933,0.033756260017493586,1.8481217551471454,1.0785568182925083,forward_head
31.6,-0.34919165002937247,-0.11108207394954069,-0.01686473358007887,0.005074561724496272,1.624455972023461,0.045825810584143055,1.8795727147744246,1.221773048380279,forward_head
31.62,-0.3331904911098668,-0.12772841405538446,-0.016506788916584532,0.01800053865182814,1.701200749947305,0.012135908084892243,1.8960597429536472,1.1801074279784056,forward_head
31.64,-0.295938424399117,-0.1638610854390517,0.006453373763937555,-0.0062091786855613795,1.6347776322079295,0.03738540513543134,1.8822502004114716,1.055474649414117,forward_head
31.66,-0.3273804190637987,-0.12559719089686983,-0.011809669511922038,0.018030452534702694,1.5721194951032524,0.025058820943582374,1.760626999229926,1.0722258369934416,forward_head
31.68,-0.32210293943588475,-0.12794928674026398,-0.029749404151857364,0.021488256799467018,1.68734154969042,0.03036787191621346,1.8976515610632705,1.085382242659144,forward_head
31.7,-0.3534368377699009,-0.10778565263546815,-0.017883039179265207,0.01601947451420632,1.5930463046842451,0.028926912415332778,1.876296752273787,1.1709270194398613,forward_head
31.72,-0.31833879461803455,-0.1225967185937064,-0.036058981908197535,-0.021129181191521722,1.6737201214328195,0.03749152552810898,1.8773351705303565,1.1332835692201495,forward_head
31.74,-0.28682914446600266,-0.08969003178243574,-0.029818642651431297,0.016748157377736456,1.696363645813673,0.02851034586392153,1.8638261076103795,1.1609672747050808,forward_head
31.76,-0.2872797655182225,-0.10509568668804087,-0.017735273361772868,0.007113707004772426,1.4839460612956472,0.02491903335617522,1.7344764551293068,1.0550898864560143,forward_head
31.78,-0.29967098634818407,-0.10006380747471244,-0.035708415720132905,-0.0013272637446905058,1.5726659831714875,0.01932065489054677,1.8841918574196648,1.203549274487166,forward_head
31.8,-0.28682174422115986,-0.0890176450805835,-0.028281422875649064,0.001116485893841276,1.6271090554030774,0.03428788345007219,1.695958421955187,1.2131241845590053,forward_head
31.82,-0.30204642613232036,-0.10512341105415512,-0.028252552784311852,0.0007285305713325711,1.6093885632457186,0.043729227571145626,1.8454519950213846,1.2028862497138113,forward_head
31.84,-0.3288535089952798,-0.11905517641887547,-0.0013867419572647043,0.0083455708095872,1.5508082930838296,0.013240433084478483,1.837062727087949,1.1703757989079695,forward_head
31.86,-0.29568900477967647,-0.10662134166832486,-0.030155603814680194,0.006784327780085484,1.6157021513944463,0.049589380769595355,1.8364359883861465,1.0840294775149022,forward_head
31.88,-0.26673382868131096,-0.10374397280013645,-0.031585477440557556,0.0003905839267696882,1.650771921516215,0.020030103496205494,1.8334806447911196,1.2409546258778057,forward_head
31.9,-0.3002296193516986,-0.1565238656358259,-0.012908583567836618,0.012605565784919939,1.5849737342415962,0.024740603386397428,1.7958261644719513,1.1521706029010546,forward_head
31.92,-0.2825921899506354,-0.10782233300292192,-0.02996862590323852,-0.004453736324337776,1.5732765018160204,0.022319873913722584,1.8702163112818198,1.2126914443735923,forward_head
31.94,-0.31624300657684473,-0.14060907204266757,-0.01325520318912249,-0.00956497488191024,1.5100439669288066,0.01983847041849617,1.8907352809592621,1.211367840410169,forward_head
31.96,-0.2982898922392916,-0.07359453813481534,-0.01752517656535593,0.005497089710116928,1.7239095056875862,0.03993745849700531,1.8174966549898153,1.1729250693114759,forward_head
31.98,-0.3572745934956142,-0.11664988653639252,-0.028217555091213518,-0.0013434391491196865,1.4980732406713821,0.015393361504019857,1.9322115035774872,1.200893384183433,forward_head
32.0,-0.2919721983339028,-0.11669217058289622,-0.01607961198057934,0.0010203259920515187,1.6198629163242775,0.03488453667002201,1.9832125967586192,1.2187358668219752,forward_head
32.02,-0.3082312564913533,-0.12865381110521984,-0.03210283986268757,-0.013360820153038936,1.5999053412254474,0.022774158392552056,1.843536296661218,1.2368942089577533,forward_head
32.04,-0.33755859426413115,-0.11258428284215856,-0.02339094041681362,0.0005842792220635767,1.4615248911047563,0.03392352386943784,1.8635666266609903,1.0318206319931829,forward_head
32.06,-0.2963631746424545,-0.08469014754341272,-0.016047422621585136,0.0027824963400859236,1.5438522974394424,0.02893978611678289,1.8527564720528225,1.217051662960106,forward_head
32.08,-0.28825341883811356,-0.12005613348172214,-0.014292336261582338,-0.0020230568536465975,1.6886714019216038,0.017418023373391964,1.7893681845446512,1.2108917117827354,forward_head
32.1,-0.3195854456357295,-0.10963320536392805,-0.0022326405628947887,0.004982645442916113,1.5377162671137932,0.01321976354421656,1.8864054653263218,1.1310046475364792,forward_head
32.12,-0.3091413538588097,-0.10192973746245232,-0.02085662124395778,-0.003965840094938978,1.5875499594653368,0.026824149864697118,1.7876776221650845,1.1347147612519117,forward_head
32.14,-0.3643240697982964,-0.07282202752768066,-0.04386003623066027,-0.0015709815682426282,1.6517173453004033,0.05267353054607782,1.777633342796549,1.1520556663772068,forward_head
32.16,-0.2823843563436134,-0.1278894306662428,0.005072738770775923,-0.0024509511217037138,1.6767916152203244,0.03458096425463235,1.7567835575243107,1.0903737890263436,forward_head
32.18,-0.27800971628818927,-0.11817013801757058,-0.017577554135488713,-0.007870240946116899,1.5931814733536238,0.03699119691958997,1.792631939002243,1.103763169288122,forward_head
32.2,-0.3395569925039708,-0.11726858010003441,-0.018815774299485423,-0.005839845764960707,1.580337766235227,0.027223427873412757,1.8806942396579667,1.2227062795882506,forward_head
32.22,-0.27211769553656784,-0.10478820499717363,-0.026258237894286614,0.01667997154250212,1.553011362798116,0.014788943659013894,1.9222981321411223,1.1569468126412294,forward_head
32.24,-0.33444454606684926,-0.134672590375913,-0.02612706689596112,0.001686747049282696,1.5695969327674144,0.0307201292203325,1.9112026568735434,1.1623026484948311,forward_head
32.26,-0.30138963568441146,-0.10141992670555801,-0.012726075751046981,0.005415198890510014,1.675447880254563,0.028263061711747813,1.75679224111275,1.123889217008827,forward_head
32.28,-0.31921334603891854,-0.1053494892772829,-0.012854397768468634,-0.02074751213428292,1.5737611003319159,0.034546156663861606,1.9665355315444961,1.2151913756688972,forward_head
32.3,-0.3636720437305909,-0.1563070993735993,-0.021280514482585045,-0.02673856217405914,1.5394713592351608,0.04695713343224531,1.7347994367539903,1.1424947937681638,forward_head
32.32,-0.2914849769253309,-0.1257947282333901,-0.01676333511228934,-0.018294858933298574,1.5251099686094234,0.03732720269231126,1.8018488710304308,1.157743018968771,forward_head
32.34,-0.30023960439825836,-0.10520653398088398,-0.033702559344648525,0.030670399494643084,1.570439138528343,0.022481942423403605,1.7749688015544476,1.0995355191471363,forward_head
32.36,-0.3077271752516949,-0.11531970365372798,0.006380985979933188,-0.02102732520528951,1.5549480099597974,0.037244121523212215,1.8007802980690752,1.0737463620842436,forward_head
32.38,-0.3369064938350364,-0.12205682412094289,-0.026075734292318648,-0.023798854241963867,1.5814533650901836,0.033919622675903684,1.842861819950807,1.0870181030732649,forward_head
32.4,-0.32301112399747733,-0.10111758253825438,-0.02799612627684916,-0.012378260470752593,1.4314826121499122,0.0219594172063215,1.870966788637811,1.2197672991291417,forward_head
32.42,-0.35863309572308855,-0.12917874993953976,-0.028386379817777554,0.0042175000155314345,1.4551044797014472,0.028898954124901427,1.9767279448183055,1.2163400188825637,forward_head
32.44,-0.30814988888720396,-0.09309317749165096,0.0003684099172217074,-0.017797717976054006,1.5697713878344925,0.022028995580770035,1.8494431190646163,1.1049922076101233,forward_head
32.46,-0.3104127683892414,-0.1232832883629578,-0.024900536557560294,-0.007552605485915882,1.7462899754786314,0.03432152070663552,1.7196798117024246,1.2309335682322242,forward_head
32.48,-0.288406921904735,-0.1341026671262511,-0.03820313994049407,0.005911655953276212,1.721408970979725,0.032537553420828334,1.7976060144066868,1.21909570641316,forward_head
32.5,-0.3232541279128892,-0.10712416793202263,-0.01866405648188625,0.0004923911714629206,1.5822555304498973,0.03272868901803472,1.858614622244734,1.0985447582850667,forward_head
32.52,-0.28995861796472716,-0.1159128033159368,-0.042411503832256885,-0.021359819044829774,1.6646267638481518,0.02935599627889527,1.8462554048345365,1.3015963777373196,forward_head
32.54,-0.30264879401060024,-0.1008168436947168,-0.031848131458690775,-0.02720070708993841,1.6068600117065075,0.024257155918833602,1.8919977596742592,1.1482875830416632,forward_head
32.56,-0.3238766389143566,-0.13876276019066758,-0.0036360262138321006,0.0006411444099328698,1.509631661632326,0.035347753834973614,1.8747882885120275,1.225614683852523,forward_head
32.58,-0.36933770734227594,-0.11726053208133361,-0.03883819000249411,0.0017361740796966595,1.5579659504716827,0.04963463886905433,1.920462527904434,1.0903707168929855,forward_head
32.6,-0.3454518587640264,-0.11718280443942201,-0.03451348872734046,0.003899470614519487,1.524720371682877,0.04618822063665496,1.783000206774851,1.0336317847910963,forward_head
32.62,-0.30375799324408986,-0.12283314992543543,-0.05026321944392155,-0.027732881477965377,1.6474575894261982,0.02369583506956847,1.85093274099855,1.2890625073934012,forward_head
32.64,-0.3432068792403043,-0.11078734965943209,0.01685380918505515,0.00010751223680141596,1.6265556452039378,0.03371943290602106,1.8995033218426278,1.1096454048625917,forward_head
32.66,-0.29034785216301257,-0.12114260544994046,-0.03966860624601435,0.005378099515607408,1.683282389328287,0.021893464186843375,1.8632511920774846,1.1027966998450387,forward_head
32.68,-0.3065124316800057,-0.09035316495086136,-0.02191043867273572,0.005239663682058439,1.5128834452773288,0.025586476316889466,1.744107253902112,1.0739827501611265,forward_head
32.7,-0.3123779750969786,-0.1476062811195448,-0.014432032939469576,0.014839793396843106,1.6318107596551823,0.031047036317903103,1.8882844252807045,1.1400534572992342,forward_head
32.72,-0.3280827396684922,-0.11013013841722008,-0.022004382074647645,0.008897802615034917,1.5657074679636698,0.04339280641178556,1.9411141903528355,1.2309513216531982,forward_head
32.74,-0.29967532100321714,-0.12597825083463324,-0.03574544343768198,0.03596730861435038,1.5975244116167768,0.043029857258123444,1.857809999939036,1.1236435491025223,forward_head
32.76,-0.33913978344901385,-0.10894454299008757,-0.012062479869921488,0.0029989218422972704,1.5485211311556348,0.02348239157420936,1.7593429851108018,1.2001155163848352,forward_head
32.78,-0.34299391184925493,-0.1488982484343809,-0.022425131055978376,0.010108535696102866,1.5051712285528391,0.033957034050158326,1.8239419015040992,1.1525175025900294,forward_head
32.8,-0.3173420859548766,-0.10294174131516494,-0.023846671281252504,0.005827994997972093,1.7046147739558146,0.040371733268228946,1.8903037234839621,1.142436117102841,forward_head
32.82,-0.29020124529329305,-0.1317486363716362,-0.012550684260157971,-0.008955051177596984,1.5458087551444644,0.009626129537427934,1.8726136693978979,1.139320418068294,forward_head
32.84,-0.35369308104867103,-0.13264090763666403,-0.02357525696333003,-0.038324047784963115,1.6692713256829903,0.03750458132406864,1.855285890812939,1.0494368623673827,forward_head
32.86,-0.290632771807208,-0.1472580164844678,-0.019013937332740326,0.009175757547936468,1.6152577597741153,0.04070634410266421,1.9213639554512112,1.1990649686741555,forward_head
32.88,-0.28291262184786947,-0.13570068421359527,-0.015198856363564989,-0.014796637779505049,1.6179066560779791,0.03181785658573027,1.9200299896701072,1.250735011819643,forward_head
32.9,-0.3195515020732484,-0.10107501150731223,-0.018407600717465437,-0.003487370400346415,1.7056965927999597,0.035864033794116755,1.852753675368814,1.1619367259940734,forward_head
32.92,-0.25092259134940137,-0.11822083206049366,-0.009885593175495555,0.014029458068618664,1.6303089704291693,0.053807666178350665,1.8751490983390526,1.2171616667952048,forward_head
32.94,-0.3080003824469763,-0.1076178437146586,-0.023945782698349474,0.021112492980266573,1.581576519088519,0.017176158115641573,1.870630036787074,1.170794637451121,forward_head
32.96,-0.3518194090074581,-0.1337963852718538,-0.025754145799779783,-0.00540156128506541,1.4949727848121837,0.017601396766538963,1.814994413681678,1.1132110793655288,forward_head
32.98,-0.3504881508437765,-0.14752272269542954,-0.018221709280549912,-0.003209779682110614,1.6148249818779798,0.046577301569518066,1.9277798690916754,1.3208144110649196,forward_head
33.0,-0.3356731335381274,-0.11193509908996423,-0.031146881092828232,0.009372714488653483,1.50257838857731,0.049740105978319016,1.8527987702774344,1.073817327718168,forward_head
33.02,-0.34518421151279355,-0.14053379957123177,-0.03719574760478241,0.020841137686233694,1.7114123995760302,0.016418604724130533,1.7447128650720118,1.2215490447741055,forward_head
33.04,-0.29330427657984365,-0.13874835415664674,-0.028999850648189118,0.024635307713432128,1.4435487128810174,0.02747356328196759,1.8902157881826698,0.9986445854890258,forward_head
33.06,-0.2942021726760887,-0.12006315962582406,-0.01918505862061327,0.006181822885096566,1.5161708569024237,0.050020722799876405,1.7411523711652794,1.2011628979532347,forward_head
33.08,-0.34967840544152334,-0.1386610322552487,-0.0004556430046163175,0.01452267924356792,1.7251591121203649,0.03137034941986882,1.892312252248345,1.0764183268526504,forward_head
33.1,-0.3464989369650861,-0.09168936090201568,-0.032964464573215675,-0.012146087143181912,1.5935328018373476,0.03895671240714655,1.9252642840867864,1.1121064363413071,forward_head
33.12,-0.29877017463527916,-0.129879944968501,-0.02812166096532426,-0.002618035644494615,1.5361610972802089,0.020669146777180715,1.966624380954728,1.121118601085015,forward_head
33.14,-0.3072030208482687,-0.10776971924283517,-0.023118876109823286,-0.017261855924422517,1.4790653422845612,0.030362832989242205,1.9252016913150822,1.1634002962149868,forward_head
33.16,-0.32718652243055235,-0.13235314980234741,-0.013300712259174558,0.007402427900363115,1.5465791021524424,0.016918334409131576,1.8735360754673596,1.1497794694639782,forward_head
33.18,-0.3059501335478771,-0.1085191015906176,-0.02394780282248694,0.0036996304248964407,1.5636440732030068,0.0027167428591051064,1.7685906114609524,1.1291625161935053,forward_head
33.2,-0.2827456839125832,-0.10637901451372495,-0.02625726089196237,0.002838148079438063,1.5731123096629145,0.028869021677649896,1.9016699878002643,1.1427371304327378,forward_head
33.22,-0.29799617464247685,-0.10866629709933456,-0.05074434678241331,-0.011742787965793634,1.5379079503446609,0.019240182230775775,1.747589228251558,1.2524993664190676,forward_head
33.24,-0.32788014859530334,-0.11865292859405123,-0.03986074769279481,-0.004260911962415693,1.5147297903340333,0.018298575510561275,1.881254764423963,1.1389562148874017,forward_head
33.26,-0.30773617166518624,-0.1249904134950365,-0.029910352713098925,-0.0058844940008967485,1.5217414327992203,0.03668511019640187,1.8203855920184917,1.227726471940717,forward_head
33.28,-0.29656311628712834,-0.13395087997816962,-0.03706311033818862,0.006785019217366797,1.7803929337934619,0.045608261707235226,1.9002894979112572,1.1298921602040346,forward_head
33.3,-0.29435157823120833,-0.10154826434293956,-0.02246876124271496,-0.002407232148216074,1.5041031208993856,0.015730800238950817,1.8012248069584413,1.2432772443541271,forward_head
33.32,-0.3472468232054538,-0.13604180911443395,-0.034554700481841755,-0.03478138457608855,1.6216557281329198,0.04027872605842955,1.7810560660823316,1.2167016421453787,forward_head
33.34,-0.3259352154598543,-0.12233063078628431,-0.012263260524105334,-0.012549562413709364,1.5359334108897114,0.05468048598432392,1.8271648972524324,1.0365442271534966,forward_head
33.36,-0.3140617284666947,-0.1182360326530226,-0.022239542122769428,-0.003563725432799484,1.5256702575009577,0.028057481369381767,1.8435737578275022,1.1192424009802067,forward_head
33.38,-0.32282791377174386,-0.13545095867802767,-0.0340197467570899,0.0015495179785584283,1.555124000883577,0.022975903179728425,1.82264472632508,1.1450205060885685,forward_head
33.4,-0.2979458569708835,-0.14252900858919548,-0.028498268092308418,-0.019055749730427413,1.7239373953707795,0.027013699827076063,1.9354613329822379,1.1527206477506096,forward_head
33.42,-0.31536214196208023,-0.09696920684326828,-0.03571172058268115,-0.0025130217924226434,1.5399294149579945,0.02604178272639777,1.8559535077985303,1.1949059517261031,forward_head
33.44,-0.3278026297254086,-0.11119296393187025,-0.03147764626024424,-0.011866228257208811,1.6139279457751647,0.02235275715166241,1.8676143879495235,1.1949821247955856,forward_head
33.46,-0.36912815961257117,-0.1058799903655785,-0.02966850242890656,-0.0003848261597553656,1.5771106846088312,0.03376093856888767,1.873921472435553,1.2629078744601705,forward_head
33.48,-0.3172379519379176,-0.1241431250615825,-0.016475079344532274,0.006672037465643825,1.5882667556930734,0.04287594298974754,1.918327729289008,1.1483314341880109,forward_head
33.5,-0.32348748850660514,-0.1098286173709152,-0.0400766846456123,-0.02821992336148593,1.55695170605781,0.035600985479694605,1.8484463579686443,1.1967355571647098,forward_head
33.52,-0.30628782739590465,-0.12036692061359211,-0.014663158534649879,0.0064912540519784755,1.6645639622348374,0.02081464497888548,1.8074361410879691,1.1839407713182155,forward_head
33.54,-0.3385228572901797,-0.1414096070010001,-0.01243873930357396,0.0006518409557615583,1.6517444472195169,0.03359173728381178,1.948005916767336,1.1128903875079619,forward_head
33.56,-0.33722317035765575,-0.10482487172068801,-0.0194379494418158,0.014570780846370533,1.6233153972774552,0.01545773095881372,1.8866488968565218,1.1127330712475012,forward_head
33.58,-0.3364489281806745,-0.11260319911217097,-0.01468273967751706,0.018451283597877052,1.543217795468673,0.028228786932433927,1.9355286260353795,1.1686505364872921,forward_head
33.6,-0.29258904794368806,-0.12472678831159312,-0.036642070057498685,-0.00428934433851716,1.5875741109617167,0.03552560558203373,1.8116851017651383,1.1547405009093747,forward_head
33.62,-0.3118548144201245,-0.09900940348157397,0.009164528037865792,-0.011251765765870543,1.6444946216223504,0.028880558958178003,1.9316304734928866,1.1962193446922442,forward_head
33.64,-0.31673042282576963,-0.11265269956536443,-0.004637684856791012,-0.0038057995237210725,1.6871107553103564,0.029827204515840627,1.7859604304832668,1.0931030270891364,forward_head
33.66,-0.2796443205069348,-0.07983474087357652,-0.023119668134406864,-0.025684289620774053,1.6927011148970028,0.027347695127577572,1.806647945395836,1.2612479887178025,forward_head
33.68,-0.30277999308563824,-0.11527625576738829,-0.010195665783088692,-0.014841242856950885,1.6568502029740169,0.02579337725408676,1.940536487301295,1.101389445985155,forward_head
33.7,-0.3220929477543692,-0.10477478594840409,-0.025513704277515464,0.00950525098210619,1.5967262986826547,0.035231698726591494,1.865084010496532,1.1246730036271322,forward_head
33.72,-0.29743750106232897,-0.11007036431856472,-0.01751306456609457,-0.005861326660402194,1.6601526145451704,0.03888384125954782,1.8628290791296487,1.0831632734702332,forward_head
33.74,-0.31815448878146824,-0.09593127239189111,-0.03328039427921122,0.02371425886195828,1.7568119526357557,0.030327538975990536,1.8869493389243102,1.1206584539036666,forward_head
33.76,-0.31375035998788864,-0.11970211764974031,-0.009187748604677321,-0.008574904167484501,1.6024916108032452,0.03276213071308724,1.9411470919088696,1.043783715371844,forward_head
33.78,-0.36341319543225176,-0.09293720283373638,-0.031494067406382505,0.019688712006115813,1.4346250039259545,0.014622983409310711,1.9319739845592214,1.1365847762739716,forward_head
33.8,-0.3511641307214181,-0.12785282049089844,-0.0013882526551042642,0.013746172676597904,1.6211734184390403,0.03318899226163271,1.9057842105220357,1.055689956691126,forward_head
33.82,-0.30769001212049035,-0.11024130605476562,-0.03890426020484029,-0.006464863946144678,1.5044226801267806,0.01639496797776506,1.9120681498132472,1.0883110862769962,forward_head
33.84,-0.33902488753688537,-0.10920918081832084,-0.005733802705281248,-0.002636137812063556,1.5768991830132,0.044052781201223974,1.8850431923894961,1.1575843398797574,forward_head
33.86,-0.30168488785951103,-0.10631234328146832,-0.0023003058319377686,-0.009371724581565105,1.5477169436087947,0.03422658363765951,1.8659639066847573,1.0812760438024949,forward_head
33.88,-0.309923025595006,-0.13257152494606395,-0.024510319502483467,0.0182830730517131,1.6082097412630634,0.03757037569345464,1.9133187862585275,1.2373569411739147,forward_head
33.9,-0.3036821093043419,-0.11638530565364057,-0.016336293135092765,-0.012656023151655725,1.7150905815768285,0.040064305018713206,1.8608628843787045,1.227742296764074,forward_head
33.92,-0.3483377592607917,-0.11897169245292971,-0.01478038627444715,0.022072069000986506,1.745037823935472,0.02737082616977651,1.857007799904318,1.1993197353297325,forward_head
33.94,-0.3089198238328652,-0.1284535614653913,-0.04147592204353002,-0.019551556848070337,1.6899280568507213,0.04642854390152724,1.866283586230318,1.2619747139948467,forward_head
33.96,-0.30992042105861217,-0.1799940740037937,-0.02203248704893806,-0.014418621199948493,1.579102773650222,0.04053633479366932,1.7941127645477517,1.115868025547822,forward_head
33.98,-0.35651892669960955,-0.10756701848719838,-0.004336178921696402,0.00343514726105034,1.5435510715691527,0.04033370763103915,1.797336787168357,1.210551400441115,forward_head
34.0,-0.3096150710070846,-0.13423104815143994,-0.017041004524529578,-0.010639496787740758,1.6222090118659813,0.028755657909672185,1.7893562865202997,0.9803587413126345,forward_head
34.02,-0.3623339463269712,-0.10604129477202573,-0.033413532769921046,-0.007265709493227529,1.5837496942459632,0.03224809996772649,1.7945780174085302,1.172327629777036,forward_head
34.04,-0.3197618699402607,-0.14446269516991442,-0.03113084290339469,0.004972728533476915,1.6321640213663149,0.043856435075328194,1.8542135266855309,1.1057715917515307,forward_head
34.06,-0.2879472392232706,-0.08481440749951447,-0.007106347562488459,0.004256622442518702,1.5567247563874134,0.025867908986382204,1.8322040137470832,1.0273658217807786,forward_head
34.08,-0.31173765661592523,-0.11633183284963178,-0.035081986735769295,-0.002072590479948634,1.65289654234681,0.022016542445641298,1.8346873483636947,1.0783707065971602,forward_head
34.1,-0.3034884317725302,-0.11121628060172223,0.004512903967531162,0.01484023018192085,1.6215868251066274,0.012190576381037896,1.8505189956396602,1.1503815354193518,forward_head
34.12,-0.3332133427452493,-0.11297442433401218,-0.018696240658727933,0.011741022211096028,1.7134178972191065,0.024406862381601686,1.8672914191986851,1.1488815757962731,forward_head
34.14,-0.31693256671903514,-0.09489817621407996,-0.034940690689004836,-0.02422740942930597,1.4289137803180256,0.007008249433556254,1.7967507183380542,1.2058695060370819,forward_head
34.16,-0.32369968514771214,-0.11664986320018067,-0.02156773954486178,0.00833778952565064,1.6254396075753463,0.03406454057825117,1.9326061112333408,0.9946025604237828,forward_head
34.18,-0.363188534509144,-0.11539634806246732,-0.012722574174633298,0.020897621852728785,1.561542988430747,0.03521803635601115,1.7776058070556788,1.1611051265018093,forward_head
34.2,-0.2441777537426089,-0.13535380318634166,-0.04225691843555484,-0.014027204407866107,1.6954912737146746,0.018894052824438224,1.873822785115606,1.0851692825497756,forward_head
34.22,-0.32207532745815115,-0.10159372025332845,-0.04166271489522249,0.0025159347131371262,1.5507836911618467,0.02568307371099373,1.8303341545177827,1.1308688259975237,forward_head
34.24,-0.33064956764129955,-0.0512646076261734,-0.017093043182773292,-0.019796486253995597,1.6719795627509453,0.028460035848809177,1.8368194542107505,1.1911255975373796,forward_head
34.26,-0.31441507124461543,-0.1288703981331026,-0.028624582395990056,0.006730869730757521,1.6109572286858307,0.033704600380322344,1.7515162437022034,1.1024482312509392,forward_head
34.28,-0.3458044734377505,-0.09767415515956082,-0.013286899190288354,-0.00023183288506040546,1.450327503546651,0.018029577147985334,1.8156052549412156,1.2292271103061942,forward_head
34.3,-0.31195904824793613,-0.10086609755768963,-0.04125610357770652,0.0019099726077258146,1.5857021109348368,0.03203811920350849,1.81486480849416,1.1984435989057247,forward_head
34.32,-0.29700749412786753,-0.13652645893596632,-0.03508577382267741,-0.007231702807255467,1.5684372835041975,0.031392067677163495,1.9688304426649859,1.0705485936620827,forward_head
34.34,-0.3072552465861699,-0.08239942771342072,-0.010555475974388173,0.006053001583893753,1.6627609521896862,0.05277188287850346,1.821214209439315,1.1083694023720903,forward_head
34.36,-0.30609717687155996,-0.11222275652540026,-0.014042744943593907,0.006041779517630733,1.5392216489765151,0.03159055095358162,1.8238753575411035,1.1630586893391657,forward_head
34.38,-0.3418596767609435,-0.10152344419986961,-0.02833212309056861,0.016510923898489512,1.5710073813584216,0.031236870211520863,1.81394923313516,1.11917543687898,forward_head
34.4,-0.312978926074158,-0.12725708783382922,0.003166046258919303,-0.01685563086618727,1.701231563381881,0.010918473175580192,2.0069891355614837,1.0835223706450985,forward_head
34.42,-0.3126264955132586,-0.12952923214040246,-0.0056384196349452635,-0.005205940736711289,1.574602586039805,0.03428476389210214,1.8876134401196456,1.1418639411846703,forward_head
34.44,-0.31204947236552943,-0.11892348083383367,-0.01030078129214041,0.007548242059747901,1.5549545936121492,0.036810197168090426,1.7464098893899125,1.1390616854733056,forward_head
34.46,-0.3115150299753324,-0.14235491999811994,-0.02682392440774552,0.009616517660220697,1.5270935540967725,0.03684451508298034,1.8581145458528017,1.168844005479883,forward_head
34.48,-0.2815360825025476,-0.10630503060508915,-0.02418545715375212,-0.01324926407087353,1.4780170392191518,0.028693249974934932,1.8646537756739632,1.1248290877210165,forward_head
34.5,-0.3471457894502551,-0.09261455360308858,-0.03407333917117739,0.024579996433826638,1.5186589389502574,0.01481165132335717,1.8851556957592286,1.196466863948612,forward_head
34.52,-0.30509651237745145,-0.11793493667742454,-0.0346050903171511,0.05054562810312456,1.6201427481591733,0.046554230786869884,1.7875766394548327,1.117926973567739,forward_head
34.54,-0.32046555035471297,-0.11964732426257184,-0.021039135836633804,-0.02015504506081925,1.52328369877344,0.03450218959114316,1.7553677359731017,1.3648245720906675,forward_head
34.56,-0.34375118907642754,-0.10793910914003507,-0.014426935976475366,0.008338573305593193,1.5564792063411632,0.014686272265285348,1.8613945643327414,1.121712298473555,forward_head
34.58,-0.32795704087994254,-0.1345616952069879,-0.0420070941796435,-0.009326894199223468,1.6659033261764473,0.053019219369466145,1.840627408125964,1.1404917821191645,forward_head
34.6,-0.30655813282175165,-0.11822860713888352,-0.04596658293389045,0.03449352973538928,1.5469358828174982,0.026106919039559816,1.7643593891679175,1.0855760397128025,forward_head
34.62,-0.32831337308097847,-0.10363367117382928,-0.03446343676676446,-0.021721118428504476,1.592471050444224,0.026455395160725183,1.7931364464680417,1.119775427282618,forward_head
34.64,-0.3258602831284272,-0.11705738785367864,-0.007280702680070096,0.01080962788568327,1.7488597686063252,0.02345052136284687,1.7628221415905077,1.0770663697478609,forward_head
34.66,-0.28805281170795743,-0.13027471999839585,-0.011484572812679962,-0.018513282400290335,1.495208172347742,0.018874605632582635,1.9682285087698068,1.1958090584459928,forward_head
34.68,-0.3196095336944008,-0.13915709317344113,-0.029801181179073547,0.01638765204689166,1.6945377716347119,0.014937238965019738,1.8364934699600601,1.1066831792894907,forward_head
34.7,-0.32015529513321556,-0.12959793108814402,-0.02519915437347327,-0.0025073739419064042,1.8002351828266856,0.03847098053403127,1.8673224624516902,1.2444414233225582,forward_head
34.72,-0.33412323710166936,-0.15373669002159235,-0.007528650724214696,0.021591020051835958,1.673473856061292,0.028838874636709946,1.8489480910958045,1.153495848705041,forward_head
34.74,-0.34204389139857894,-0.12991853686555704,-0.025296000226314747,-0.01385219001303395,1.6298355293301936,0.03773694794993772,1.8591500208515028,1.1599285327005735,forward_head
34.76,-0.323048908069287,-0.13984616516581871,-0.024157196425145112,0.013282597801321365,1.5082529068069073,0.02940594350310854,1.7362363323594212,1.1571284609418324,forward_head
34.78,-0.3168822804153672,-0.10028155833480194,-0.0036101454399498755,0.027906842835283732,1.5881528042800457,0.021646705248161816,1.872288834527136,1.1917566406622004,forward_head
34.8,-0.2763580725938492,-0.13449605409078327,-0.02939486181525828,-0.009032535683938931,1.573279811358067,0.024464974087195744,1.8708845677216575,1.2156063608523173,forward_head
34.82,-0.3097163769049252,-0.11342697306841051,-0.014447543690557129,-0.012047740764246969,1.4984260378443974,0.040086908684605266,1.8604711911615948,1.1647187064772533,forward_head
34.84,-0.33796139245830215,-0.08812757046134667,-0.008879874248278888,0.0097580707611616,1.6050041233937336,0.03183906509206379,1.8287940088133787,1.225144729919398,forward_head
34.86,-0.28898014848273607,-0.10329782642968396,-0.02976155717004709,0.009558646866157481,1.5365434571618146,0.012548687585513033,1.899430872255848,1.217368027325832,forward_head
34.88,-0.33246422912017154,-0.12699983605151013,-0.03466098048308832,-2.5491731694687173e-05,1.7493788364735652,0.025508713223615885,1.813547804191884,1.170368377859872,forward_head
34.9,-0.28212732739339724,-0.09482097395257158,-0.021410392340791156,0.008971367675982368,1.4199299104066037,0.04176010339725381,1.908243892858075,1.115688573984373,forward_head
34.92,-0.2958087844392697,-0.1230556573445757,-0.020076834871578207,-0.007585230058985168,1.6014557940649878,0.04464232617621797,1.7821051872108014,1.176618993777816,forward_head
34.94,-0.2939993392342641,-0.1370696410483089,-0.013019759496256958,-0.01408891539209435,1.5781116343348514,0.030718809581127188,1.7687930958513143,1.1345287996117137,forward_head
34.96,-0.3423999418652758,-0.05802058894466755,-0.02692910580431722,0.011414923465107552,1.7402341627102935,0.0296252047215398,1.8014104192762528,1.136517353107265,forward_head
34.98,-0.3154949036153607,-0.11112547143417074,-0.009678995841538144,0.00938695122399622,1.661577968743191,0.027114912259239406,1.943441192558764,1.1583747592770477,forward_head
35.0,-0.3070602102198132,-0.13653793600958802,-0.003965951936241887,-0.008770017671769726,1.6798027526177588,0.024392296092400987,1.8423015784200336,1.3268797954712173,forward_head
35.02,-0.34635224735065395,-0.11697153572031142,-0.051086385802990186,0.011237864220000905,1.6755309925919561,0.0377714639962517,1.7999821543434016,1.0334407392942113,forward_head
35.04,-0.3281664731203088,-0.0974703431728216,-0.03116864348719525,-0.018977195438752585,1.7221521870803347,0.024531272478868403,1.8089244059894765,1.1441717912113434,forward_head
35.06,-0.3411935607063086,-0.08630003536276554,-0.02784734778800157,0.017383481234000804,1.6620415259240173,0.04297799152346028,1.8291757644054383,1.1886196340337603,forward_head
35.08,-0.32585150712670546,-0.07945914444680743,-0.020826902096753894,-0.01704992377737426,1.5794544487410922,0.03509230683517119,1.8944034330519732,1.156081078597212,forward_head
35.1,-0.31975650927989857,-0.0847516642075152,-0.011981145849573374,-0.015013946612225274,1.6173601738652796,0.01749865049400972,1.9331010347665258,1.207684766518879,forward_head
35.12,-0.32351011113220746,-0.09878254828080212,-0.028534196006656243,-0.00039826675147651257,1.5624670651164454,0.03948053693554097,1.9190002222480531,1.1491082694231896,forward_head
35.14,-0.3387085961937519,-0.10200984816933394,-0.026999487119531138,0.03291353275782905,1.5811113579190847,0.03492466493350327,1.8291688434976667,1.0833768353944624,forward_head
35.16,-0.35581043182283234,-0.0815515207141609,-0.03420207871009967,-0.005196322956913429,1.5571402997855048,0.026948072176091298,1.8231529800212607,1.189193945950989,forward_head
35.18,-0.3227505058133279,-0.08672866336150756,-0.03137635236812378,0.009663776541546916,1.7216462299750113,0.018824548744977306,1.8220769529732121,1.1575591434216563,forward_head
35.2,-0.32489275816149393,-0.11708847647074393,-0.022043757824285224,0.006149807127009849,1.6050089351174577,0.023510485345900126,1.882441470612631,1.0691331582332781,forward_head
35.22,-0.34040236026670795,-0.10944984072226753,-0.038936099645976434,-0.0020862467863569443,1.5746447511863797,0.013821267825306072,1.8579808668171256,1.1119595701424054,forward_head
35.24,-0.3049763293608217,-0.09633453645641354,-0.03534445417014487,0.0024740796733367047,1.5618578770853746,0.024810043375364615,1.8461191500457903,1.155732331066098,forward_head
35.26,-0.3586070281409592,-0.13681532762666646,-0.016073039247934226,0.002146482898542465,1.5387950742296896,0.025532364665184146,1.971879782742969,1.178536410851075,forward_head
35.28,-0.3067018103592162,-0.1142032903334904,-0.03459057731377806,0.018725073076614494,1.4813428996783735,0.038046224725735635,1.7136576933520093,1.1290989760642016,forward_head
35.3,-0.35101179026737866,-0.12667291900189095,-0.02937634501021342,0.012004936928803587,1.5744193601885952,0.03116288474129654,1.751681762684096,1.1397486262016376,forward_head
35.32,-0.3612254737415063,-0.1095068775158405,-0.023404654813097808,0.02030197389778695,1.6646371245551814,0.017031493442283274,1.8842096773382093,1.0646887498774629,forward_head
35.34,-0.3268905354640371,-0.10540594929886031,0.008421256935626922,-0.025028124437270767,1.6089813702235982,0.03260843304881046,1.816613702270798,1.1475485555201765,forward_head
35.36,-0.3591858694873165,-0.10989326614506312,-0.018994313473883424,-0.006213429142124534,1.6461381565490294,0.025471786877798133,1.8313537933826236,1.229266042096392,forward_head
35.38,-0.3314232782349443,-0.16577537067276182,-0.02411140230435827,-0.019724953412239343,1.647266634979214,0.019793539148634458,1.8507467147622998,1.1836416726840622,forward_head
35.4,-0.3115261614732123,-0.09808528840041957,-0.030473457810660125,-0.003479488870914338,1.5244727954689103,0.02715429129903736,1.9250910242031507,1.163776307365095,forward_head
35.42,-0.3182359343118845,-0.10304201613080856,0.004858491751772264,0.00654497202483464,1.6870263996810233,0.027569720446229868,1.8956815083131677,1.1855431075065326,forward_head
35.44,-0.3603286056091899,-0.14538289358158382,-0.03826842544349347,-0.004266159988182649,1.6093236201872898,0.030555436639852527,1.8433743402445184,1.2532561568115406,forward_head
35.46,-0.3033500089216417,-0.11540370537271968,-0.02600234022162073,0.003961544347842763,1.6925082944574643,0.029354791960314208,1.7280600100077652,1.21050225676069,forward_head
35.48,-0.2996563889343606,-0.1395851407000044,-0.03561195665220032,-0.005794299484064554,1.5810706974307969,0.029576267355104432,1.8742939415334134,1.0738745258925593,forward_head
35.5,-0.3433856624731713,-0.1373949870177,-0.01766473477058219,-0.025627874240446585,1.587986436379127,0.028152407084528493,1.9503516254176971,1.1678442391694144,forward_head
35.52,-0.3517617522873594,-0.14509325549593372,-0.0263742582774417,0.015963694627086664,1.5697612864534132,0.04014904423396473,1.793546281521699,1.134945102305916,forward_head
35.54,-0.3450472216588583,-0.14499824020310803,-0.03405722209425933,0.002698453026711046,1.4959532881907334,0.022521647409421267,1.866523872831739,1.3324405831418964,forward_head
35.56,-0.30437261775566865,-0.10247342065544143,-0.02634324668097515,0.001282095966498673,1.5296600378605354,0.01794845586216863,1.9204499900433045,1.169124473248517,forward_head
35.58,-0.3126069491591513,-0.12927814123142484,-0.019991919871029534,-0.010659058263552817,1.5869104106851326,0.0160502928151232,1.8197029496426962,1.079302197795535,forward_head
35.6,-0.3301536250331521,-0.10492073767620388,-0.012100824957622575,-0.040472332332686746,1.61331207606704,0.033249356459406985,1.9210361737563233,1.115382635904862,forward_head
35.62,-0.2859488575492995,-0.09804969884206531,-0.03801606334369729,-0.005290787170289274,1.4465205992342252,0.03460643731164098,1.8936914631167079,1.1331015473384554,forward_head
35.64,-0.29205126185300617,-0.09325056624378608,-0.02355802578006423,-0.0016558144380304507,1.5301251048551476,0.023710304545351595,1.7936919378330598,1.208314290330644,forward_head
35.66,-0.3140997842081493,-0.10887642898985146,-0.004884131484569559,-0.013509106929151254,1.5969578532340485,0.023004438810871827,1.8703388790514162,1.2471905639537413,forward_head
35.68,-0.3065347155015097,-0.1351249907411487,-0.017207950482899793,0.005287738654496314,1.6074486799319898,0.0344114884742338,1.8803003804670722,1.1494370674351702,forward_head
35.7,-0.29913019560615256,-0.10083706761757576,-0.02812534003731561,0.019571918781264644,1.7008330560603675,0.030398231345987015,1.8604924143248445,0.9881733300515146,forward_head
35.72,-0.3516609099222473,-0.11158925454571894,-0.06316676629724201,-0.019030150175832535,1.5169911153285205,0.028620669387893836,1.890438765597415,1.1563013607492956,forward_head
35.74,-0.2972883752724507,-0.08783613460024606,-0.014302108428517623,0.023252051718002143,1.628050990309677,0.009335673549259623,1.8135673034863562,1.1997348859173174,forward_head
35.76,-0.3259091007785791,-0.09973726169758086,-0.016783176528390908,-0.0018113616351872058,1.5260240266500344,0.026488681612862112,1.8870134409853756,1.1688910424456103,forward_head
35.78,-0.333027359228738,-0.15887343001735157,-0.037455929289046806,-0.006775231422619444,1.6161947941792258,0.033404407954973174,1.9369435005666964,1.011307903118939,forward_head
35.8,-0.29670861028988654,-0.11119911552232901,-0.017167315179989522,0.01828627492181216,1.59937532174431,0.03367504635024899,1.8653701066580795,1.0435864305472466,forward_head
35.82,-0.32520778136310324,-0.10242062380804508,-0.018686394638763253,-0.004164173509814191,1.6391729235612098,0.025833182637044087,1.8394402089160957,1.2578620823544715,forward_head
35.84,-0.36729820923524864,-0.10402148199467436,-0.026117941101250954,-0.0031788541804584464,1.6323051748296198,0.029179973446100335,1.8186219671735706,1.1011819230080289,forward_head
35.86,-0.3052979274022519,-0.11530209065163606,-0.024782935415388316,0.01010665716993034,1.6856792058146275,0.02547283889425481,1.8388885420008485,1.163508436926686,forward_head
35.88,-0.31599731305686574,-0.10778756575541,-0.025257425504981494,0.017353229069559266,1.5092286562916066,0.017390921994040427,1.9239466765537134,1.0981791621248456,forward_head
35.9,-0.38042636887006387,-0.12383235923252467,-0.014785610253699183,0.01569835512503935,1.6226141174387543,0.028085990305646156,1.9049661411464218,1.1330127494740825,forward_head
35.92,-0.3465221889780567,-0.13565703202428414,-0.02172392755818217,0.02260186595725517,1.662499959262463,0.02254714909877385,1.9069694165841917,1.1143888916362303,forward_head
35.94,-0.3319141957850291,-0.16686770400356932,-0.008667023807724154,-0.01016769706524325,1.591876703398048,0.03274732249333441,1.7151264103965427,1.1533764203748682,forward_head
35.96,-0.3071146555168085,-0.11756584450715107,-0.01616058261210741,0.007629390033849342,1.5245454561247769,0.03336668549623147,1.9481438324654778,1.1512767388029455,forward_head
35.98,-0.3487903718788356,-0.1199583026300587,0.01446353875387143,0.004601053636581376,1.6474454244582295,0.04499225728653636,1.9115177263964735,1.0589556262144806,forward_head
36.0,-0.3579665079113805,-0.12577707942479244,-0.017707944958989252,-0.005883442064426742,1.5399055006897557,0.02261544811061235,1.7519360280623952,1.1935288195302445,forward_head
36.02,-0.33645298312453076,-0.10271517080872716,-0.03937597691258737,-0.0075573305219813845,1.4579729361185945,0.04105200799730284,1.8254619668826126,1.1464766258146657,forward_head
36.04,-0.3268927148647663,-0.12544784211414733,-0.009939115472527746,0.013128572944919224,1.6859799608120019,0.03260701239270204,1.799347910631908,1.240685057348461,forward_head
36.06,-0.3191141941645429,-0.11625591316521708,-0.02666697090746845,0.004538765688153035,1.5860387118635149,0.02240943370066815,1.883523742568969,1.1286435525404976,forward_head
36.08,-0.2518094524224688,-0.14429888885402084,-0.02871875243013718,0.00072826031111576,1.557417114481794,0.03232144129039808,1.8739506470632419,1.1218745014388103,forward_head
36.1,-0.32169210096593415,-0.07457024249246334,-0.023347600162495957,0.003881924397402062,1.6296507333671784,0.04440513667592595,1.80720981166437,1.0185716428605935,forward_head
36.12,-0.2699949842165212,-0.10825915391168417,-0.013190271001685688,-0.009229861823580243,1.564888468699389,0.030592070665909302,1.9867199666939201,1.1449475057285015,forward_head
36.14,-0.3290344146566619,-0.07518974387426888,-0.010101251785388978,-0.020378608336485204,1.6250430414829944,0.026164265948590632,1.7898749977081785,1.2155644099399538,forward_head
36.16,-0.279000119551721,-0.13096926616618623,-0.01922508266713462,0.009211233260369392,1.5480890482637149,0.04135536066884236,1.9078820070948397,1.2257584590774762,forward_head
36.18,-0.3040130741148589,-0.1463016009889671,-0.024896708877024692,0.0051452281099149,1.6408466127597912,0.017676396708103757,1.8105846814762767,1.1330099287184403,forward_head
36.2,-0.3036840527923999,-0.14390180262330898,-0.013717786649913449,0.009292188497342356,1.6202281324989816,0.046264197647490554,1.8522467650833638,1.2375877931949137,forward_head
36.22,-0.3302455025246077,-0.09931305313370367,-0.02527827489752504,-0.04055447662762018,1.737208101315391,0.05121941876840731,1.7915461604660625,1.1439514456202944,forward_head
36.24,-0.2778539088442891,-0.13527880132204784,-0.03386330169160769,-0.00860282866435124,1.5691250991041148,0.027944207828209392,1.8466398602820886,1.0867301501305966,forward_head
36.26,-0.31185862410831056,-0.10476162918955398,-0.0258314723807952,0.003575386441088168,1.597728442732987,0.03039088426481017,1.8394429723798278,1.2613223860909581,forward_head
36.28,-0.29636046676726613,-0.09330091108692719,-0.017007065251801064,0.006726907627330548,1.6313154908544705,0.017699885900777833,1.781827143496262,1.335285314694109,forward_head
36.3,-0.2945059732196101,-0.10854582494375896,-0.037284431032882384,0.01308673012354699,1.6988507541674045,0.04485332211871529,1.8140962161158831,1.0666310940010382,forward_head
36.32,-0.3065081947699212,-0.11559309609225693,-0.014886109108324688,-0.018076720652349484,1.4223800072712627,0.005363124250985465,1.8743274016783553,1.1581367608928432,forward_head
36.34,-0.33264075378940355,-0.1133635141584607,-0.016901988423700776,-0.022716048842139156,1.5509440348900263,0.01810996509546847,1.9238272835392056,1.1796685334119663,forward_head
36.36,-0.31956330549384965,-0.12006979371874432,-0.003085730422760761,0.0032240032004039096,1.5617720627998595,0.030308273390343803,2.004079615657157,1.0400605974890644,forward_head
36.38,-0.34332960747274033,-0.12180461717831836,-0.004876339296023932,0.0048892517716326855,1.585541379592354,0.03607787045223017,1.8722235386193853,1.2454339978642337,forward_head
36.4,-0.3260187788829986,-0.11565784129066806,-0.021974530354206722,0.009793424966537507,1.743951580658975,0.03168161472189467,1.8154897871379805,1.3765339765099307,forward_head
36.42,-0.30195954790978474,-0.11107062112794802,-0.017725859803027245,-0.01150964210561142,1.535019350061558,0.022191273553721184,1.7884925473977988,1.1226030065715487,forward_head
36.44,-0.31803575307069715,-0.10910510541146884,-0.014529120997580637,0.00036761760964199394,1.7358485904751357,0.051048517403605456,1.861539430975609,1.1727971328434121,forward_head
36.46,-0.33407378927999976,-0.10911422893626549,-0.045937284536582766,0.015429850842052185,1.6058877624460963,0.030068783170129454,1.9128640597454813,1.2098966965171836,forward_head
36.48,-0.32409625446006285,-0.08028443742749586,-0.010334045964534357,0.0032468491297657403,1.6299845032478941,0.03387761531555595,1.7694544963067464,1.1342579696749775,forward_head
36.5,-0.317476092296397,-0.08258704139003797,-0.02795309815355208,0.014607583076648015,1.6698046660245485,0.022574002410416363,1.9368984520251677,1.1930176246078237,forward_head
36.52,-0.33553807460268964,-0.1160998761343589,-0.05768591987266815,0.012205215350569771,1.6079692080477328,0.041349818926252765,1.7103614833170075,1.2750957789064241,forward_head
36.54,-0.2943233906401569,-0.09471296365089898,-0.011828415965449928,-0.016377338607153433,1.7204085645662694,0.02718921541006053,1.9123039999689395,1.1619328339358572,forward_head
36.56,-0.31631673902838614,-0.1158480595401281,-0.021524094454191824,-0.002700034123936968,1.6250865115305755,0.0346963898480503,1.9401357047849763,1.1243960758453786,forward_head
36.58,-0.3546402906154926,-0.12092957838581338,-0.04501395935086017,0.015441472657885036,1.6242154144579783,0.02035757004824231,1.838393290727777,1.149934278148981,forward_head
36.6,-0.29328215308306094,-0.12817476135955963,-0.008626759094430307,-0.023391447347414874,1.5273494484965449,0.04133182375268334,1.8271018327580684,1.2257184948209818,forward_head
36.62,-0.3025362385368247,-0.09533896515351581,-0.027194234506941344,0.0016950334104171817,1.7235375087327676,0.030137940007493556,1.8171303718424643,1.151280662126518,forward_head
36.64,-0.297131580330521,-0.10569965209252291,-0.027292372389502894,0.014125713258656768,1.7249388338993679,0.024547137980765774,1.793339668419418,1.0467703695880433,forward_head
36.66,-0.2614389789984748,-0.08423430451862302,-0.02690830838580733,0.006182418979508797,1.587837887881998,0.03681330626726643,1.9472257215337196,1.2189955958589862,forward_head
36.68,-0.35966943748547753,-0.08804382118569254,-0.007349448165189089,0.00085561663879327,1.4917513820281478,0.033868326435652255,1.9511062435493205,1.2288285204623244,forward_head
36.7,-0.34118271716326415,-0.13124426297191857,-0.0036063149949560956,-0.022643665945400203,1.788684202742451,0.028215829826906763,1.8497737611282827,1.1458066484780487,forward_head
36.72,-0.34817662299182106,-0.11154676837383239,-0.036542826674829325,0.01745521332734039,1.6597426090525493,0.0254998335351442,1.8764582018966205,1.1921525845503915,forward_head
36.74,-0.3578570239809529,-0.12370004769402174,-0.030285594664523872,-0.0012807238857358656,1.5732700512512217,0.021704803836996467,1.7919964626306757,1.19479734496207,forward_head
36.76,-0.26752768653998366,-0.15464093764647016,-0.02601391367823552,0.006466250801305994,1.6287294505847107,0.030490578517826654,1.896130785163054,1.095792494319406,forward_head
36.78,-0.3291589114874397,-0.12734902639279966,-0.01842804792695658,-0.011195363452268752,1.6633103294208267,0.050794602031675316,1.882188419229255,1.1961903001593375,forward_head
36.8,-0.3297115193175755,-0.10197409498724652,-0.021116304065354478,0.009562773359798691,1.6415991715233242,0.03057940559073682,1.8437110029708719,1.1911581954538726,forward_head
36.82,-0.3289604774167056,-0.10129058306433043,-0.01588640549025078,0.03190408092773313,1.5782968868969316,0.028763668533449256,1.9001690414108885,1.2652696719819352,forward_head
36.84,-0.2961947955733865,-0.13696319896220113,-0.034313319690973,0.009053655055913417,1.4810338724741956,0.031243076271391067,1.7290643868099278,1.0884466880192591,forward_head
36.86,-0.34729995619258747,-0.13276705171905454,-0.014695210552949705,0.02335117888899359,1.6020644186962876,0.04114304187290654,1.7659086487245237,1.1328976146671703,forward_head
36.88,-0.32244282240787514,-0.12622451787314476,-0.012845492769634684,-0.021042808006520773,1.5873438021669366,0.035813231778253435,1.7999941017723458,1.1422913509304606,forward_head
36.9,-0.3338640033744738,-0.08897844753961805,-0.009620004225096478,-0.0012951970486940146,1.6141752287830442,0.017125367553467198,1.8939946705140076,1.19525847450668,forward_head
36.92,-0.3159077661219506,-0.1287830919731234,-0.05203379760506619,-0.0006902993318590233,1.613737831009963,0.036664678805003424,1.7767413705564015,1.2166545660642243,forward_head
36.94,-0.3257187300687323,-0.14914216401812758,-0.013831037127418155,-0.012699837126946972,1.6125708691832306,0.020358238323689142,1.7728924418332446,1.1114395581064902,forward_head
36.96,-0.3141198180192261,-0.10724175369464245,-0.046228987076708264,0.040837804424009555,1.6811152584190787,0.028117016880741627,1.9248726557071762,1.1538411293130664,forward_head
36.98,-0.32627678175127944,-0.13120863761111998,-0.01383027723930117,-0.029936034591101113,1.6502785156217243,0.02900155337023989,1.8859809638533624,1.1373285890763833,forward_head
37.0,-0.26520458600801744,-0.12726674520521492,-0.02515726957123661,-0.0019799226351493748,1.5880626007561838,0.023656727351539657,1.918345145781747,1.1518148156539854,forward_head
37.02,-0.2862690266879788,-0.12366809795184265,-0.041012145055422916,0.007448721373072492,1.7105306540263767,0.027882716654132958,1.8897989159843418,1.1979940112157714,forward_head
37.04,-0.31437889685521914,-0.09950727903796844,-0.028994112238545155,0.0060207850804160695,1.5351514563762985,0.03512039571433451,1.8664060397898614,1.2349115145165201,forward_head
37.06,-0.29621738402432923,-0.11341620893946466,-0.019212627575244647,-0.008130760976415042,1.6548941495580345,0.04210288555858096,1.7977518205714478,1.1088901082287306,forward_head
37.08,-0.32166605434276047,-0.10860891900864825,-0.03522140359289808,-0.0014421100274007999,1.7199000799460178,0.02049428220701765,1.8285512613179575,1.1097006727853689,forward_head
37.1,-0.3031336782824374,-0.11639514833899517,-0.024800479699006246,-0.015324717584236086,1.6539982694746183,0.029974429442178457,1.828240266906069,1.1527558072465263,forward_head
37.12,-0.2855439552843362,-0.1333425979151597,-0.02766126185227538,0.02238108242535418,1.7220265146268936,0.01979280045671115,1.9550462510026652,1.1682702838269745,forward_head
37.14,-0.34482125141087017,-0.1250454244651449,-0.008752326085872996,0.002943964813375508,1.653322363948733,0.04134243254488421,1.879960083314277,1.1509198769346247,forward_head
37.16,-0.2832587501381864,-0.09449040157304416,-0.028188010199707764,-0.015254464459778566,1.5845756551135977,0.055912107774226935,1.774132087481971,1.092258900277368,forward_head
37.18,-0.28037080423796956,-0.13875399635558214,-0.04350149908093321,0.011024639481781007,1.6503184337990529,0.0262819114857129,1.796686241425958,1.0757084630359066,forward_head
37.2,-0.3489180053366253,-0.13369701306879844,-0.032817143702950885,0.005002003601607199,1.6791018895207173,0.04537258589351463,1.8349092194503025,1.139049070170905,forward_head
37.22,-0.3572158216929822,-0.09399600390393147,-0.07498950582833261,0.0005279327747079647,1.6391032173757447,0.028420460223595893,1.922549617039088,1.1583377498946472,forward_head
37.24,-0.3090617662931775,-0.1429619193366181,-0.03183796516180811,-0.02288712444431274,1.5788289101991546,0.03549612590791779,1.8786445157618292,1.2458649581424233,forward_head
37.26,-0.31447803126045787,-0.12285596058329723,-0.005626739257452795,-0.0016088955115777603,1.646154499039876,0.037881022419329384,1.8552548121880497,1.1594853683311075,forward_head
37.28,-0.2857665653404953,-0.10305307784473244,-0.028392217917328946,-0.0048371308723682725,1.6814366551271858,0.039633272236236534,1.84066983361843,1.1274132911673953,forward_head
37.3,-0.3459815227377779,-0.11621430101310379,-0.023107582420572093,0.0032986628448187813,1.5139663433267418,0.038200983170167874,1.847278203891466,1.1888105713962736,forward_head
37.32,-0.33269688181538654,-0.12324888388909923,-0.012561634417946587,-0.00632544097406005,1.690677008630668,0.027353941181027172,1.8330200519139666,1.1897009162698742,forward_head
37.34,-0.30627342294322435,-0.10977355751981027,-0.024990667669031293,0.015626720744165306,1.667924676957805,0.028510962959691123,1.859074158377943,1.201111184603974,forward_head
37.36,-0.3476004684988735,-0.11999791565273003,-0.031732818515321684,-0.02425764038845252,1.5674307885128307,0.03735211010619413,1.9490210959310261,1.1651269901102268,forward_head
37.38,-0.3445213206052818,-0.11851490747005015,-0.023921148482027487,0.019311798813168315,1.5758842081658568,0.04000825882022089,1.8292301014596304,1.168642291926276,forward_head
37.4,-0.31237475522706437,-0.10013845436742053,0.0003105312167902056,-0.006824820372502142,1.561313878715792,0.027661388330716123,1.8372894657304395,1.243623365135354,forward_head
37.42,-0.3593122702565376,-0.10739022362027183,-0.006943016471366956,-0.009736508589354261,1.6318523282242055,0.02723292403026784,1.8474513247224373,1.1986333709474655,forward_head
37.44,-0.31924966418694184,-0.1344876283393898,-0.019266825910628897,-0.01157178133665928,1.4907103567043798,0.024268723837925426,1.8027420135622143,1.190600525538584,forward_head
37.46,-0.309427732037003,-0.1153190791250746,-0.024010271290954812,-0.012296472935084611,1.5240784660789175,0.04890397889131055,1.7863921784489742,1.2192943504536697,forward_head
37.48,-0.35245527433880675,-0.09114598413746619,-0.03928473697879425,-0.010510361342846863,1.4962727594468557,0.041356355839612,1.8289605749795135,1.0985727585391056,forward_head
37.5,-0.2939203844872336,-0.116782268568314,-0.017595218526208437,0.010973599716887127,1.6188594271175767,0.022972940575631817,1.8487588032770286,1.1454812039654894,forward_head
37.52,-0.2871369728811879,-0.1184754331900833,-0.021538225890448816,-0.014666698231371397,1.5765944335801172,0.031908395386887174,1.893174248849155,1.2068657972795305,forward_head
37.54,-0.3328193771155642,-0.12362675671570224,-0.028408852800850346,-0.015110960500474821,1.6468623400760434,0.022930603949479548,1.7807032138285936,1.1883855344428642,forward_head
37.56,-0.3563860995233337,-0.13588508291950824,-0.02809769358270644,-4.199181767655153e-05,1.6747096002712982,0.008424266431621684,1.853193151167349,1.1400627888472832,forward_head
37.58,-0.3248708159524903,-0.10953709295123866,-0.044444179335644984,-0.020987193985792435,1.6200896102587699,0.019133735633308474,1.8245171958095692,1.1257191084050595,forward_head
37.6,-0.2685195502498395,-0.11849038746000831,-0.03380151001162235,0.004493846347625921,1.5645268184776004,0.04125253016581154,1.9196016509623597,1.0721595401825172,forward_head
37.62,-0.31649003573706236,-0.07337507760645674,-0.04171428289540472,-0.021395181627895412,1.434907697049578,0.020107106642573657,1.8203993704341808,1.0709520967414035,forward_head
37.64,-0.2881410989503938,-0.15557622853954683,-0.0174234720657282,-0.012721689141989042,1.508102747851515,0.02938792460046413,1.8578331302138973,1.1067991938560575,forward_head
37.66,-0.2871290933927764,-0.09783660106347111,-0.02411468864549336,-0.003173864896349518,1.6194951428820612,0.01981954857783378,1.7436512411004255,1.1370541607550535,forward_head
37.68,-0.3271371029631477,-0.16902821882583424,-0.02428498647350471,-0.006200159888009322,1.5820616721406093,0.014884441572976933,1.9587756284537727,1.207879949013094,forward_head
37.7,-0.315194983438042,-0.12078717270874613,-0.004247263681883812,0.007972827405747632,1.6062487181038454,0.033926143428139204,1.8775861127575824,1.1832985989640186,forward_head
37.72,-0.2923755700341788,-0.10627122290103766,-0.031578592635922414,0.003127789464392043,1.6118801564334466,0.03731095648458052,1.8649133064380696,1.196777294539762,forward_head
37.74,-0.31387180357167166,-0.08395579816474279,-0.02363765754492108,-0.01436296938975085,1.6574042006264267,0.044623620640894826,1.8384443243870108,1.1471568829324585,forward_head
37.76,-0.35354564495594476,-0.12458252389200182,-0.03110109755715178,0.019351549630251114,1.6110293828152307,0.028533472995804346,1.836983555178133,1.1656175305015273,forward_head
37.78,-0.36911936887159064,-0.12293075187071535,-0.024382524248236104,0.009924427688690684,1.6070891296003158,0.01717622779138939,1.8068741706763825,1.1371336383875181,forward_head
37.8,-0.3040583550927281,-0.13725107849250784,-0.013536102360343173,0.021878204433935067,1.5939859796521145,0.02930284169088187,1.8792123648722001,1.2232423949377806,forward_head
37.82,-0.33239490384311643,-0.11463486623473876,-0.04018681466749592,-0.014542721880553182,1.6107787582761046,0.02532943349481279,1.7892705758995533,1.0602134819428524,forward_head
37.84,-0.3099501164694901,-0.12055976202479615,-0.03480424946716935,-0.01793703244036661,1.5551277010903442,0.03193322599813924,1.8772569921618987,1.1851048364464154,forward_head
37.86,-0.33874744081491714,-0.11582701569759021,-0.0037126265801397614,-0.0011120562258222643,1.5861188967052575,0.009620706782567974,1.9105530512027538,1.120159365828776,forward_head
37.88,-0.30998263381662355,-0.1266578682721843,-0.022577325328753707,0.0020050040302174404,1.6159815585728516,0.03661527948646338,1.8180907289967463,1.140605370787679,forward_head
37.9,-0.3322498787493771,-0.1187949452795928,-0.004715952879454483,0.0032657053604826947,1.6789765660779368,0.032531043694439446,1.8794189735914901,1.1477229108065194,forward_head
37.92,-0.3496792341296345,-0.10370430923084727,0.0005673704442520118,-0.005368814563708755,1.6998208447071592,0.041587952089741496,1.8105133576099068,1.1885374786127354,forward_head
37.94,-0.33401512880835205,-0.10983583834429653,-0.01281509571543527,-0.009782688019878276,1.5172047711188044,0.046353332250858505,1.8123464033053125,1.160543920903243,forward_head
37.96,-0.33666124510372336,-0.11265009921137768,-0.04062693206031801,0.0022039285530854615,1.665690661557768,0.028506808067524002,1.8717550625200507,1.1112337826529843,forward_head
37.98,-0.34411972417575387,-0.0987181006909425,-0.022982212192918388,-0.012497065179345969,1.7402223244601311,0.030266161286400264,1.8304701507916519,1.170058888297197,forward_head
38.0,-0.318460813351317,-0.11371172902311796,-0.00888418777241322,0.0068539241003581575,1.7619958284214066,0.042838187049587896,1.7559876711167095,1.0691938717858311,forward_head
38.02,-0.35994592372569006,-0.13551568186958882,-0.016476037087294296,-0.0005307207212488471,1.5657946873739912,0.00704502663165217,1.9100389200365715,1.1064898721907157,forward_head
38.04,-0.3320411899314366,-0.10826173152358289,-0.030705990461478906,0.004395989736359422,1.5285904659105625,0.00708575294684738,1.9054803385831192,1.0789689683657877,forward_head
38.06,-0.36943990982495795,-0.09850657372022545,-0.03449454551451649,0.023862535514436702,1.5741814039316118,0.027498411162643538,1.81539566643943,1.1266101953896368,forward_head
38.08,-0.31474455374401705,-0.10441595330793937,-0.02390820033416434,-0.0053257525937314395,1.7137569609066694,0.025794688129995656,1.8843121273630665,1.1123798165797458,forward_head
38.1,-0.3001677117839499,-0.1376056557882155,-0.028223843490280398,0.0017784133281723122,1.473497605836326,0.017277798194982007,1.706804678635589,1.1411182964303421,forward_head
38.12,-0.3265363861735118,-0.12760877228259115,-0.044641153051916065,-0.016138309503857976,1.5244666460992535,0.040640672313274666,1.8389037471036624,1.2098063739581595,forward_head
38.14,-0.31392202237736083,-0.1366402425812116,-0.0151275282699182,0.03157589104435456,1.5611709598575951,0.024755930768016188,1.9194627774043256,1.1098037724652745,forward_head
38.16,-0.34103735091870735,-0.10395897196719044,-0.013147053721343225,0.05172871650145019,1.6088199238389769,0.03854000423432393,1.856973827911545,1.1201899689168204,forward_head
38.18,-0.3097969990110653,-0.12025119520495113,-0.042525692573800254,-0.010561269880679654,1.5254755607215917,0.02707504223041917,1.8725307926350085,1.0591436853611234,forward_head
38.2,-0.3426345201931688,-0.1264195290502428,0.005143126227180207,-0.0004418777585355697,1.517760622535407,0.02981275620224312,1.8134841275713995,1.2445168674260652,forward_head
38.22,-0.3510411095457707,-0.10777157338664427,-0.02179612714498529,0.023474282226988677,1.5633474094572632,0.01300306580819796,1.9311137335962139,1.1068804020606466,forward_head
38.24,-0.3215675819001705,-0.09629027149783237,-0.014327408600877235,0.021661393023632212,1.400158498633186,0.0001360316620826279,1.8006350440107097,1.2077577410653142,forward_head
38.26,-0.35243940725448064,-0.13443681631537455,-0.01995694591791028,0.021859334734307057,1.6988721676854586,0.027637231946592188,1.7730887256663916,1.0855496962987417,forward_head
38.28,-0.3032306409509504,-0.1265531043109564,-0.014529713708980324,-0.01469742456488699,1.5528124708979516,0.044269353293935894,1.8824843949360217,1.1926754606797572,forward_head
38.3,-0.30567109696727834,-0.13495259995081701,-0.03127677995710379,0.019286168869920073,1.602266564824953,0.01600172991982691,1.9025082750011908,1.233829224263416,forward_head
38.32,-0.29889718127901194,-0.11428669658013395,-0.03959792033793667,0.014652833993205728,1.5974670259857262,0.03510454614397796,1.8091754840948233,1.1767759968162161,forward_head
38.34,-0.3331011111505428,-0.13751149712464297,-0.01804839744741141,-0.01696789261422778,1.5181440170430502,0.03512266138747033,1.8994803665139783,1.2432474682466863,forward_head
38.36,-0.2922880436338937,-0.11911153758262889,-0.026289114673229603,0.009988507548607065,1.4708573400028142,0.03405837142285805,1.8260778161846487,1.1640663833114864,forward_head
38.38,-0.32008174991756577,-0.10662264527359523,-0.03011782925866041,-0.013101969518975652,1.5382369827496298,0.027070165542995232,1.969951158991194,1.0833737127561829,forward_head
38.4,-0.30706416183346463,-0.12011568287420962,-0.026900276145805077,0.00317497402386421,1.4889483577014442,0.047679446033089136,1.8230556597789471,1.149972795787129,forward_head
38.42,-0.35244889830989573,-0.12842294781552366,-0.009557816801077182,0.008153580041629829,1.5492565408305154,0.03307835220336729,1.8184997737008393,1.1144014088441314,forward_head
38.44,-0.32111536529216106,-0.08824220216366833,-0.041451946939910556,-0.0036032066911391007,1.5366833382492942,0.034441307759107094,1.7527510654746696,1.1496971623537457,forward_head
38.46,-0.33447837679381576,-0.15197231702531375,-0.037019855680936534,-0.02311119913009696,1.6840921429307394,0.029954652240631322,1.9617033236539547,1.2028507100707535,forward_head
38.48,-0.33272273704055455,-0.1466154396663806,-0.03377125668163563,0.00876936613752543,1.5194087150913675,0.030972595848820762,1.8723086834658287,1.0924875089082515,forward_head
38.5,-0.33359355683407754,-0.09327148436749054,-0.010780084885964046,-0.002941568965736265,1.503738679755979,0.036218949467864164,1.887269773833013,1.2051866637581885,forward_head
38.52,-0.3248815313573793,-0.1212036232710258,0.004177567243181448,0.002909308692796086,1.569236063404979,0.023804010191372352,1.897339957062589,1.2154184587409647,forward_head
38.54,-0.3061898208621989,-0.09278463391418289,-0.030932982198005842,-0.02314143096590359,1.580009543002649,0.015769122860098843,1.795549261064968,1.0885544460463026,forward_head
38.56,-0.28491228187947915,-0.08922305743189787,-0.011316794711261615,-0.001857713662650233,1.6647213811074482,0.04505167864461279,1.826823193980893,1.216398061823907,forward_head
38.58,-0.3198908235751941,-0.11523857662259573,-0.02201660008316673,0.0009198080248298042,1.487566515668126,0.045434572387302086,1.9093152753387252,1.089656849163119,forward_head
38.6,-0.31545884354076076,-0.0969045666833586,-0.011004800012468797,-0.021196114127083505,1.6490761067729838,0.018610544123686703,1.8732099274930285,1.2947523605123732,forward_head
38.62,-0.3234931740056287,-0.10771204024470556,-0.0033021228334805725,0.020852919444368002,1.6860756688579726,0.014143862544247935,1.9601649859270889,1.2085564024452495,forward_head
38.64,-0.3286156707040529,-0.13660118278627176,-0.02580057540945251,-0.016302242997476242,1.618525836609732,0.0,1.9435464230814505,1.0537875329380715,forward_head
38.66,-0.31606321449426383,-0.1064693394191012,-0.042898984314369164,0.02358484647604035,1.621309319302223,0.03914289239347733,1.87042827594658,1.2253333689828085,forward_head
38.68,-0.33063472603364547,-0.07388125520513239,-0.030921911103422368,0.04094634188083608,1.6388916859513352,0.023660113368596285,1.7550785154744333,1.014188504420625,forward_head
38.7,-0.34646691557749093,-0.13058014810935537,-0.024717004553728418,-0.021797633797525164,1.508782822322658,0.03008268123584001,1.8439126707385913,1.0233920433411057,forward_head
38.72,-0.31852672859038517,-0.11023680583299644,-0.008038221733194129,-0.013519818295660157,1.6902435488367191,0.018735313022659073,1.860376706275089,1.1718784737163763,forward_head
38.74,-0.3335688702847103,-0.09696596701608097,-0.027114318511065032,0.004826727963821792,1.551815678719287,0.03608519573487225,1.883296262492463,1.1643977269662957,forward_head
38.76,-0.3070461464166955,-0.11134032384351633,-0.04405089658957027,0.008611634611638278,1.6634070358877764,0.03237183920755779,1.904292298010823,1.1643143599267183,forward_head
38.78,-0.3065191417331133,-0.10078579807834992,-0.012267369867891514,0.01788667478075984,1.4838274603611874,0.030578997338995353,1.8521232782127346,1.1415375591212318,forward_head
38.8,-0.2932806638005546,-0.12653699424732665,-0.020362137473987827,-0.015843416895604603,1.51633816542446,0.02798404320051074,1.8900669232273084,1.204750821623982,forward_head
38.82,-0.26871943112576124,-0.10804701941125448,-0.030933237393857147,0.0026888742770252477,1.6442807846138485,0.029433418025680246,1.8082844773014448,1.1041076943029813,forward_head
38.84,-0.3032470134202847,-0.13509871718360839,0.0009815422469783579,0.005520538016054491,1.5548555597891063,0.038768015609637704,1.9531093262490524,1.0946963438743365,forward_head
38.86,-0.31672189106464915,-0.12301926236424987,-0.01895901660518931,-0.004516745418900841,1.6798162419272384,0.03163667530260427,1.8561425947880938,1.1405797386773364,forward_head
38.88,-0.3455495537047741,-0.12626933207572058,-0.027226413183783854,0.003425462260385385,1.5755372606725628,0.01084220654781414,1.8886473911161412,1.181990245457309,forward_head
38.9,-0.29377436286844644,-0.12995514468945307,-0.04150735233242101,-0.02994972648062499,1.653999500344695,0.03651393732424753,1.938201802064835,1.1588032610032704,forward_head
38.92,-0.29386961490209057,-0.08176278085051245,-0.030888214261970897,-0.01900396394191396,1.6532700142525654,0.0253809077320095,1.8150275556740558,1.1132893040936411,forward_head
38.94,-0.27464519677225285,-0.10161084955396629,-0.03857334069140566,-0.013867374568781295,1.5583428421798924,0.0279324762667129,1.8874245203562616,1.1551442533339789,forward_head
38.96,-0.3373738961524914,-0.13074077655164582,0.003389261427487129,0.030106076617915856,1.4982560256128623,0.02018056259500644,1.8566638885823683,1.2665458817306632,forward_head
38.98,-0.34436132754822446,-0.14363847923960102,-0.029630106476478155,0.018750414576099335,1.4165726810157553,0.025558591083182088,1.8919702232247273,1.204525621621423,forward_head
39.0,-0.3029676740051368,-0.11099216400144912,-0.014008386037285953,-0.0054866740901413575,1.7743034444455577,0.03718423981049618,1.8858041776842522,1.1600736734193473,forward_head
39.02,-0.31531671884733237,-0.10537061280677197,-0.03203972915361429,-0.01916124279264874,1.6824079104199114,0.02813733513219733,1.8789203971859425,1.0717988954371032,forward_head
39.04,-0.30097132785812103,-0.11495057349689063,-0.009276015044196475,0.009559077947053952,1.7261289377644546,0.04858233153470632,1.842858348834143,1.1840747347171916,forward_head
39.06,-0.34749692420130085,-0.14623673435078174,-0.04358181797819903,-0.01370041640929127,1.706591128251221,0.017431018063255366,1.8450649814427416,1.1034700919066507,forward_head
39.08,-0.29325651571744143,-0.10516738977623506,-0.03325416637595698,0.01704005942253244,1.4259288966881454,0.02020871187374031,1.749720750023042,1.0629833813190488,forward_head
39.1,-0.31026304217086415,-0.10911055675663583,-0.0002088062695753726,0.01346729507214315,1.5573113275176178,0.041357445245224805,1.9384300073975202,1.1878261480389687,forward_head
39.12,-0.30476706959034106,-0.1117506660829659,-0.007956967260451087,0.006339474128113497,1.6287168088719732,0.03134324898772168,1.8113776623006874,1.1490441410068224,forward_head
39.14,-0.330323247179634,-0.10726307175388843,-0.03545591292637967,0.007546445647721653,1.6798601274456975,0.05222057942245525,1.8604212820691646,1.2565675840624775,forward_head
39.16,-0.31432793095333617,-0.105758167197321,-0.026704239434419953,0.005352027018163881,1.5761994671967983,0.044846063719354956,1.868723957654762,1.162545538035751,forward_head
39.18,-0.2851446722323723,-0.12170696164616898,-0.01881738784015377,0.0039619791498965,1.5246428984657205,0.007832882243537937,1.7399649643150636,1.1338101860776906,forward_head
39.2,-0.3010859696093528,-0.10018845200532449,-0.014073559902017618,-0.025989497712947385,1.4942902512404725,0.035536268160428146,1.7543447304270599,1.1499743465226115,forward_head
39.22,-0.32840794428571163,-0.11151041529835755,0.002004360269034489,0.018376442805897154,1.578461723062256,0.023142455248631778,1.8848561950777099,1.1467793535152342,forward_head
39.24,-0.3179653096155466,-0.12543046109041517,0.005268092050848044,0.015601108645563603,1.663473752614125,0.025482299454752513,1.8190199150771045,1.2093238240775865,forward_head
39.26,-0.29066847555344566,-0.12105902215644936,-0.00536912919617427,0.00475391283747492,1.5304939133834203,0.027348385522639806,1.8533320156927695,1.0164744128886452,forward_head
39.28,-0.3065199452636925,-0.14850327534457053,-0.031097430816838745,-0.030355030271341548,1.6048180943940396,0.03689122905957269,1.7797017312394006,1.0379943003954326,forward_head
39.3,-0.31724548104885697,-0.11633598165467035,-0.05114286033190539,-0.012847738803819042,1.6040993205053111,0.03568472206893457,1.818850695210426,1.1883682912663012,forward_head
39.32,-0.321614832481167,-0.14516210421973832,-0.018926481304111883,0.015178551645039368,1.579080472075237,0.02571527314847971,1.9515421853097694,1.154850244865834,forward_head
39.34,-0.31012808825516347,-0.11385429207719817,-0.028507301781303635,0.0021035356438443903,1.6511521513192127,0.026368195868203933,1.8796009971605672,1.2166044195819288,forward_head
39.36,-0.3172442453090136,-0.1287372031261839,-0.013774022746826988,-0.014688161745521856,1.506344243789154,0.032916762089186064,1.8656622510160445,1.2059121711309615,forward_head
39.38,-0.2897228138312654,-0.10469645390169896,-0.022550293407606975,-0.007725833764165021,1.5684222394112886,0.012670227785249302,1.8647217553310664,1.1223919386062873,forward_head
39.4,-0.306235631043067,-0.11900019220056196,-0.0033767626685642467,0.006816076978132266,1.654904977181641,0.030034395475738718,1.9301305688824495,1.1363396117255775,forward_head
39.42,-0.3319395500070271,-0.09494959543937162,-0.019700438679552342,0.019031940997060494,1.7349572072311465,0.024429935182534234,1.7946904138512445,1.1307590795232796,forward_head
39.44,-0.3098770677168484,-0.13568877247166658,-0.036174101677973185,-0.0033362897801244304,1.6324511251316502,0.02269339342827415,1.8542813326932073,1.139430968581451,forward_head
39.46,-0.3264680515017837,-0.09131570118567102,-0.019741258359451185,0.012856403464800844,1.5296735641041055,0.03147080203282123,1.9350571613722016,1.0457949234387707,forward_head
39.48,-0.31290987958963995,-0.11969342890561081,-0.030096199522841427,0.013808397279659733,1.6298302958504438,0.04110243853016234,1.9052555383333387,1.2332980231314798,forward_head
39.5,-0.316841395151403,-0.08789798084285055,-0.02453049371947165,-0.01089886286765725,1.5113965302832912,0.0214661986628379,1.7542561975782733,1.0796470100434317,forward_head
39.52,-0.312570118081895,-0.14625581886274291,-0.02078492258834558,-0.004797300693827434,1.6080443406907707,0.025985857228013727,1.776905180792149,1.1905438367754804,forward_head
39.54,-0.25286264018865917,-0.10003561087498933,0.006349896077759379,0.0034023043618565847,1.6925860243234105,0.031401217455895934,1.8066751190970203,1.1652780483801426,forward_head
39.56,-0.30528019968731873,-0.12545243038594023,-0.021130716645276826,0.02185059657850037,1.5325021098150613,0.016038742280123888,1.8671205015430679,1.1044301357473911,forward_head
39.58,-0.32850353335203747,-0.10757622539966136,-0.0076161098035007185,0.029666429712200706,1.6567796227350071,0.03187028387903662,1.8523129310906183,1.0657322450620004,forward_head
39.6,-0.3306715302030161,-0.10965652063320587,-0.008311515653057856,-0.002049767654770097,1.6622582138806195,0.023634960695355707,1.847763652524024,1.0688297769389101,forward_head
39.62,-0.3096128710115635,-0.12981119453406473,-0.030884662540637018,-0.012301481122110752,1.5498214637038208,0.03409922027304847,1.975955298268823,1.1244152406717638,forward_head
39.64,-0.28123927251239467,-0.09137385346011702,-0.03538912411885596,-0.016656928498924282,1.5378931882787459,0.035573269946792475,1.853551253436282,1.1365675553372827,forward_head
39.66,-0.31052995613542833,-0.11457212306000318,-0.05140743599821828,-0.013847420718004535,1.709869509163492,0.03282347964155704,1.8557817311757001,1.111688159411888,forward_head
39.68,-0.30388551182105494,-0.09689821909366073,-0.004249430714658442,-0.005895498255926916,1.443110341937236,0.026618621136093805,1.8021971856435115,1.2105585806876455,forward_head
39.7,-0.29626177534572196,-0.1328816658039563,-0.009394412115699276,0.021561687502629948,1.4923826317869162,0.019089760937930834,1.8410076293724802,1.1477670116595702,forward_head
39.72,-0.27742593797433096,-0.08526760760930671,-0.059099603271786136,-0.01658547948931631,1.6310370259998332,0.01207400258001785,1.8891835614644814,1.162446441928172,forward_head
39.74,-0.3492580600906482,-0.12246961873730682,0.0023950811638206175,-0.016747221952793385,1.5965181689789363,0.04523925831546749,1.813663288907838,1.1535286175873365,forward_head
39.76,-0.36535299595664944,-0.12949260859869144,-0.023268202732418735,0.0022572525895694444,1.5924844863269252,0.03346521344318958,1.789636371584896,1.1368932348722312,forward_head
39.78,-0.32061433227068453,-0.09854355891115363,-0.002544212935926937,0.002160277066610144,1.6297577156485763,0.024899295077790654,1.8500161427667234,1.2518381908256069,forward_head
39.8,-0.30111063892428214,-0.11884301171274093,-0.01828310899574302,0.007320954892283308,1.5007112458915415,0.027104569764406772,1.9543205220018214,1.045274210944841,forward_head
39.82,-0.33086650611536605,-0.11788472765541269,-0.03611340484838444,-0.006148371593523982,1.619794171210532,0.034555120812165475,2.000303948317355,1.1694530781663253,forward_head
39.84,-0.3066388182770808,-0.11690193283551432,-0.012806819595804248,-0.02636159906559318,1.5434399720829812,0.035672329793884905,1.8294200786670418,1.2208311738555255,forward_head
39.86,-0.3482371621533788,-0.14111556332936923,-0.018807679593951434,-0.005656962454003282,1.6177397931448967,0.02632627115210567,1.7879770287735988,1.1428868602666515,forward_head
39.88,-0.3001753129361179,-0.09433786707572434,-0.01461188519780713,0.0037254614295869196,1.528910100416331,0.03278382401423096,1.8738803537746442,1.0629089318266491,forward_head
39.9,-0.34761410005303,-0.11392563646119565,0.004308512046503813,0.009371399106274277,1.5532994025280031,0.045443486609536066,1.854336803454291,1.164882064978474,forward_head
39.92,-0.30718398066101227,-0.146918073253055,-0.008774124518573128,0.015481392920377693,1.6566605364206781,0.024702981814749395,1.8181148949239267,1.199000636557457,forward_head
39.94,-0.31377367557734104,-0.10981254131255376,0.007631129444625517,0.011287754468109638,1.619766038493388,0.03784758387943238,1.8531810968644158,1.2003323062975453,forward_head
39.96,-0.3104548079391518,-0.10204108171242433,-0.024125973151841288,0.00877781349733451,1.6543493905509434,0.030917867044400235,1.9257516051442591,1.2528875041238807,forward_head
39.98,-0.3196650524302819,-0.10956078487690986,-0.0008720731156310411,0.018544766414466226,1.741318961987558,0.03577139579112024,1.8532665367420365,1.189191747190773,forward_head
40.0,-0.3269857480749002,-0.12043580157446497,-0.029408013309168344,0.026534844672328084,1.621763195844794,0.03304438854627704,1.763964120733704,1.1902118833322175,forward_head
40.02,-0.3916120856556437,-0.12326839730200824,-0.02445978002390862,0.003874453009075503,1.7303792954834418,0.025168091594412325,1.9422623328623712,1.11551842092989,forward_head
40.04,-0.25881228566546705,-0.12051873858302538,-0.01922917665796554,-0.006225237914097761,1.4855487663261913,0.03491355680573262,1.8568187628742316,1.103421070683616,forward_head
40.06,-0.3326189480756047,-0.13438515048555177,-0.01326597312268622,-0.0238084665980618,1.7097628129533886,0.02569984242792885,1.823009967188127,1.1833210148470805,forward_head
40.08,-0.3226826197099546,-0.11360414451582582,0.0006917800651569411,-0.007990883461028385,1.6607436849143007,0.02267090467248844,1.9269327840229096,1.1559501387009072,forward_head
40.1,-0.32943692087200704,-0.1250066440280717,-0.02737240999445515,-0.0035556517326771923,1.7999743532596513,0.025459207173185137,1.7791513062930138,1.1730242933566608,forward_head
40.12,-0.30590285878111206,-0.11883547393018035,-0.02537971767388112,0.0022430058439724897,1.577216625786127,0.027571456997025862,1.858646670292915,1.10538267308236,forward_head
40.14,-0.29104963187455773,-0.11982513980871719,-0.013949506176109025,-0.006129780823374528,1.6212942666093269,0.03005087815758181,1.902129447473899,1.2383255626844887,forward_head
40.16,-0.3066304219968397,-0.11961923389339686,-0.026442980407376956,0.006715704887611248,1.6737418796917065,0.033914799007506304,1.783407921948192,1.2144281103174015,forward_head
40.18,-0.3119838406920246,-0.12985773826321959,-0.008172403756253397,-0.01639026919207233,1.7201630626875863,0.04514686876797613,1.8658280453504126,1.1162871932498326,forward_head
40.2,-0.33019904798123506,-0.13353116017093122,-0.021929234998862304,-0.03583913243161781,1.466795710740094,0.017782514832980052,1.9248244061640556,1.0768633534776635,forward_head
40.22,-0.3174867557097823,-0.1392164973667099,-0.017634677039757702,-0.03409612141094819,1.6303257596488416,0.03010829558590262,1.8820554690716238,1.2108193873222526,forward_head
40.24,-0.34845630997463495,-0.05387422372311945,-0.03491443827340351,0.021020778278177246,1.441000429613193,0.01459908925399901,1.825435787826686,1.0841286856154244,forward_head
40.26,-0.2989274500893713,-0.13555813507768658,-0.04536521010725565,-0.02909915287115878,1.4881564586726588,0.03576107441780359,1.9123056355539674,1.132288102811309,forward_head
40.28,-0.3487657407877653,-0.17835786880487609,-0.03786965562282405,-0.00819149891046126,1.5822759472128176,0.046180451461003955,1.7718840406103415,1.1340055245746705,forward_head
40.3,-0.3225113292490038,-0.08369530422117086,-0.02953548077641323,0.0030502368794397875,1.6191000864258709,0.022196334758864615,1.8319653555277078,1.1545944352972641,forward_head
40.32,-0.33615397743840236,-0.11924917654972729,-0.019375713198738872,-0.0063450430209858995,1.5860038875992295,0.016832528862499165,1.9128131752873245,1.1359880012557544,forward_head
40.34,-0.35235375197769514,-0.133841869353948,-0.005799988455873379,-0.014348272023402676,1.532428862780063,0.00781866958960453,1.83616712789471,1.0699140678698948,forward_head
40.36,-0.2975903551619832,-0.1133197865644131,-0.038929163676720155,0.0066580760150153845,1.6054710626866022,0.02612341382609216,1.7593968540339342,1.1195346832326831,forward_head
40.38,-0.33021827006500293,-0.11914686706911272,-0.02121530538850038,0.005098286715908878,1.4583773285839865,0.01906155475777267,1.7875367696078617,1.2121198361230614,forward_head
40.4,-0.3347993330818113,-0.11248339084550184,-0.034074604258337825,0.000318065495024381,1.5817422651608102,0.015902184964928148,1.8618000067598899,1.1931848515606969,forward_head
40.42,-0.2894092471588478,-0.11176221351234279,-0.027854039841213308,-0.0023911585671021387,1.623938526172425,0.030129261352134742,1.7864617262103721,1.1649023425156817,forward_head
40.44,-0.2996258989090246,-0.10485173267032298,-0.04984461855774557,-0.01294690612219876,1.566216154009427,0.026628861839904892,1.8443598342251866,1.0999797107870082,forward_head
40.46,-0.3366810519364846,-0.12724862409091667,-0.016671408596067205,-0.0053273080840362625,1.6295986998890304,0.019216354190876795,1.8365954443684473,1.1653777565634662,forward_head
40.48,-0.30191630867580277,-0.11232482288332014,-0.0013152322337861694,-0.016127927012362514,1.49803693719727,0.024600818645730868,1.9101207423205786,1.1536063189621926,forward_head
40.5,-0.32491140257011436,-0.0871999850697408,-0.0072539450542731376,-0.03701856997536321,1.5080411046756432,0.03577403318838005,1.888259124977854,1.1152010863888393,forward_head
40.52,-0.3114396852314697,-0.0975112970623912,-0.049438808322553165,-0.013970333913629764,1.6137586833849766,0.03997074901948596,1.8360204208546271,1.0649811253528698,forward_head
40.54,-0.3186635875807481,-0.09812556143551467,-0.03499758652006221,-0.011469266414299826,1.7831016404360616,0.021997782092131754,1.7292106939298133,1.1206044173267045,forward_head
40.56,-0.29846945494241667,-0.12046521822259766,-0.029646954983345693,-0.015570120148929206,1.7339616571493033,0.041073105041634854,1.647525300527738,1.1815718872587595,forward_head
40.58,-0.31446591395589396,-0.12362729362590863,-0.03540090654646302,-0.009504221948003842,1.5159879190803274,0.026500764516669592,1.819734828439245,1.0880296046313132,forward_head
40.6,-0.3057581833995206,-0.13131916957992248,-0.0173740535491984,0.012391487351745912,1.6524707127783833,0.04000523859834871,1.8637151742803912,1.092462939100346,forward_head
40.62,-0.3199760186035529,-0.1260590088895466,-0.01783579102620479,0.00855309051252644,1.542737464009717,0.006973070319079596,1.782618478066222,1.1542213748428116,forward_head
40.64,-0.27742554589220286,-0.08755261622793305,-0.018200905424298624,-0.013706142195641488,1.555899269150474,0.030447830814963186,1.9115852343913886,1.1116357685909826,forward_head
40.66,-0.3113047881202811,-0.13517610127598007,-0.0534395564390149,-0.003087853908159559,1.6528304566873755,0.032349345104752056,1.869181890790186,1.1063967746208445,forward_head
40.68,-0.3358822417994548,-0.1117512034000559,-0.012975208245162795,-0.004309071119336584,1.6382556605519885,0.02862906778494724,1.8101582148844033,1.2189987971027083,forward_head
40.7,-0.343866416740877,-0.08912575287106392,-0.004052423313047336,-0.0019682747006479736,1.579612100242336,0.03550205656989346,1.7900496625898874,1.0879077810069209,forward_head
40.72,-0.2879914008870258,-0.13746656108030386,-0.03951370487756638,-0.017148483528321157,1.6470084086847279,0.02463103793690778,1.8851075074029162,1.1431999981895802,forward_head
40.74,-0.35358887430504,-0.11647520224771755,-0.01899631039968288,0.031192726564615896,1.688754335159738,0.031203857363567813,1.8616053977509361,1.303958657201898,forward_head
40.76,-0.32873787439077296,-0.11187409277540525,-0.026866607495888907,0.00874267099930855,1.4957491323409209,0.01508305422379489,1.8527269465658567,1.093677444861271,forward_head
40.78,-0.30992694561144657,-0.08942447161239417,-0.015664679392712256,0.0037824899192246035,1.6268369000017822,0.02497795879140091,1.7851028561282214,1.2840953927950916,forward_head
40.8,-0.3090884385592425,-0.15492154701337493,-0.044130026683963916,0.004671687225064405,1.7801148641859987,0.01358443288989742,1.7741099942799474,1.113243068931335,forward_head
40.82,-0.34083543752084366,-0.13735381032441257,-0.01703615548653824,0.010575105062859455,1.5347750077919533,0.040221056480256895,1.759231446376986,1.1066413442096596,forward_head
40.84,-0.34916421918588,-0.11991134835065707,-0.029602600764647515,0.016184055746867796,1.7104663061720375,0.05216368706567364,1.9149992445986743,1.160146782811144,forward_head
40.86,-0.33485491474848406,-0.13690818536858843,-0.021385723626756812,0.022724102982111534,1.4350557953032548,0.042957718329782006,1.8763094134054223,1.0845119484042594,forward_head
40.88,-0.34505831593836017,-0.09364060345687016,-0.009934778110558236,0.006510117517997804,1.5063475353740545,0.014740691453022951,1.8732952020594296,1.1259093880203819,forward_head
40.9,-0.3219706741011472,-0.07278149882212981,-0.02104722908758405,0.00410016736511414,1.6037626151693603,0.014001031179985983,1.8881238529652549,1.1441238861872634,forward_head
40.92,-0.33927699096419184,-0.12704100530229498,-0.03401519695906423,-0.006606484763297389,1.584172230896139,0.037827995792731946,1.739654308201996,1.042084530208991,forward_head
40.94,-0.3177230886787964,-0.10357530231214304,-0.02571159114808166,-0.014772170734271723,1.4997344610546468,0.03491218086801276,1.7713535235637021,1.210688867162948,forward_head
40.96,-0.3068259895689328,-0.12945516904734242,-0.02705366506016162,-0.0008977686721469912,1.8127927753351407,0.027615620845631315,1.7922628677508532,1.2007883453797856,forward_head
40.98,-0.3122509141698973,-0.11825473627331999,-0.02664320475843535,-0.010543674429617237,1.7134680587501991,0.031066065446929244,1.8558578545501312,1.0564466865956135,forward_head
41.0,-0.3403640035255453,-0.08648678091909037,-0.02268956866730091,0.02410288472813818,1.679995833554302,0.020808538776260998,1.8042990697551016,1.1753551234644524,forward_head
41.02,-0.3476211708721893,-0.12309755977424555,-0.02682434674763697,0.0013289875498224484,1.60979804491615,0.022676508381148312,1.8825217945473767,1.118484803536066,forward_head
41.04,-0.31351286882367785,-0.12185353377972374,-0.012589903221615397,-0.0034472762408344435,1.5754489997234713,0.02840118782080577,1.8652884754267764,1.1192634791187175,forward_head
41.06,-0.3096391352929874,-0.11373596980696389,-0.027837889012258806,-0.00664682751657913,1.6883584976887058,0.046850611473969433,1.8261573391860804,1.2227696837920599,forward_head
41.08,-0.2879463753575322,-0.12339708576374833,-0.015051028159514713,0.013251576980339491,1.4838243470994468,0.013766197508197055,1.8799389058546025,1.0825853570932484,forward_head
41.1,-0.2786857009043673,-0.14246114440706723,-0.026488704960410083,-0.01980110119860187,1.4986671233584932,0.03015245928782433,1.8051641235950755,1.0692740923497626,forward_head
41.12,-0.30162861354217585,-0.09087821416187644,-0.029266038284151325,0.005682666586920856,1.654533123805852,0.03511502345597703,1.8679943096783318,1.1366156560523761,forward_head
41.14,-0.3296513936008029,-0.11231744179565106,-0.008524524941362474,0.020457876430056206,1.6161804873226924,0.028841168100495813,1.7120470175214517,1.113554592956996,forward_head
41.16,-0.34100000692902716,-0.10148569638209728,-0.019611924145161618,-0.024629189481786603,1.6191610766164222,0.046344139534973024,1.7400173856927772,1.0561483138827272,forward_head
41.18,-0.3322987680042415,-0.12025896224310494,-0.009079996693644518,-0.00018912201891577174,1.711038970784457,0.010204735783519579,1.8509420543027417,1.1518068739177425,forward_head
41.2,-0.3382347840816721,-0.10224463167750981,-0.017473403211143785,-0.006551348121756953,1.5848927201764018,0.011898061658491567,1.8533920516295637,1.2840690745318788,forward_head
41.22,-0.31186201020364973,-0.15723891984544575,-0.03242555572895684,-0.003585449914728956,1.7362302728143846,0.03455317838489341,1.7842509618893476,1.223690018457843,forward_head
41.24,-0.26831116822315,-0.11354047474892426,-0.02167232594362976,0.008305451177382524,1.6407333228680872,0.011465647350755875,1.7469171041159552,1.1770119037599551,forward_head
41.26,-0.3760669669131896,-0.06769366334412986,-0.029053645469464397,0.0028511827232523502,1.728316408347424,0.02614325649539067,1.741325197844779,1.099682932546604,forward_head
41.28,-0.3380275701601707,-0.1117686683187666,-0.04354787979613636,-0.01275478022606566,1.7592642730481491,0.027672808047894633,1.8600289339952802,1.0500660969075235,forward_head
41.3,-0.3048676415151187,-0.11931997072439698,-0.03635237753243532,0.018530849045112062,1.6098483785716056,0.024228050577820317,1.7885397215568732,1.1810081726272101,forward_head
41.32,-0.31042488606507285,-0.10459752136710238,-0.0036131161791241617,0.007955832331536137,1.6017706607374613,0.019190365042085617,1.790630859177922,1.2347425659886273,forward_head
41.34,-0.3437571904840171,-0.13537674500206956,-0.013091763470597075,-0.011256459980311113,1.6261675821713357,0.03555464641790387,1.8579507644487654,1.1524170227414818,forward_head
41.36,-0.3470739323140121,-0.11352862636670548,-0.01176056518319278,-0.016403498765503174,1.5935330339433205,0.03300511177735846,1.838520356421412,1.209228146751546,forward_head
41.38,-0.3412250508757194,-0.09810941460332023,-0.025221161180965797,0.014973655201470964,1.6697470095401885,0.030610527354578646,1.7235339036838762,1.2243029680028394,forward_head
41.4,-0.3336283415569077,-0.13214254347434753,-0.02387142707571397,-0.02546240025157431,1.6518219343315907,0.03780152692097087,1.9136253031426729,1.2269078334669936,forward_head
41.42,-0.306119591552704,-0.1379491896313028,-0.025799377312226802,0.02267025922885275,1.6627324014119913,0.04232690704060342,1.9579265708880256,1.0691554241677537,forward_head
41.44,-0.3455905872288712,-0.10126194904995553,-0.03516987294974886,0.0030422432448744983,1.5833972288081177,0.03896821360824616,1.821846369429309,1.085296115502555,forward_head
41.46,-0.30411984580498586,-0.11649297648008256,-0.023581249281665488,-0.019355101921529776,1.6939155251217863,0.024544001701681976,1.8658136810412642,1.0787826196376527,forward_head
41.48,-0.2932925765222634,-0.09561193573119253,-0.0407794092936618,-0.015314112531586736,1.623467108931519,0.03192249784808771,1.8394926605227324,1.1932266908780538,forward_head
41.5,-0.2900350677051947,-0.10242556901206033,-0.01695044520923187,-0.002724559814755387,1.519167946168844,0.01508546763721217,1.8317106716398674,1.093024492026213,forward_head
41.52,-0.29812309679840227,-0.09483010083350024,-0.030154764075426537,0.01422204886373534,1.5579773480620343,0.023197131567321155,1.9378803235600548,1.1315456107568906,forward_head
41.54,-0.33898283223373143,-0.08042243297293976,-0.02235850447814676,0.006724040987873898,1.6342844365001647,0.037739536908691404,1.8773910062635153,1.2427307068997262,forward_head
41.56,-0.2977826900647511,-0.10270951367874998,-0.015867652006270123,-0.003861355243776333,1.5593637318429838,0.01776654252052846,1.8947442848233895,1.2477877248971683,forward_head
41.58,-0.29952422433344167,-0.14291908224653155,-0.027089395412039384,-0.001255585268516122,1.6166244301178487,0.005775962214180857,1.8084284703751516,1.215403161848217,forward_head
41.6,-0.3534369287455169,-0.13274115411613113,-0.028730547398069337,-0.02265335477780251,1.7088321059544067,0.04858199742001596,1.7923407781291965,1.1744956300099,forward_head
41.62,-0.29315315478658344,-0.1097001433375961,-0.030833283257545745,0.0015682082202684714,1.5386064126173675,0.04296459683496233,1.9036238294990788,1.080422406709027,forward_head
41.64,-0.2978643552970982,-0.11440417126601386,-0.040111313020134015,0.010914520338825572,1.510278467398378,0.004352946112366832,1.831357107679175,1.2004458851574624,forward_head
41.66,-0.36805036916158385,-0.10252337593003134,-0.03289556977231195,0.01804385320870014,1.6053689533754187,0.04175171789485669,1.8380753170605904,0.9981596644808369,forward_head
41.68,-0.2916811197749401,-0.09637491555787545,-0.01889337868203968,0.008903304176613098,1.5890326425999355,0.03329049952338184,1.8287550088647357,1.2196283860037054,forward_head
41.7,-0.29841468433844903,-0.1363266231053999,-0.018436497580713796,-0.010153305448194797,1.7326917572703884,0.03866680260365256,1.910671636740438,1.3270811696300124,forward_head
41.72,-0.31068537586635586,-0.13847029357723364,-0.010810202552415238,-0.006644753113340068,1.5959321360151617,0.03291484849675658,1.7948947281011127,1.0765920157835833,forward_head
41.74,-0.3209276163570317,-0.1132029277778247,-0.019121361567096123,-0.012853368232206942,1.6390317185685919,0.0347437886702789,1.797947942445901,1.1759782860957342,forward_head
41.76,-0.30981127487677035,-0.11340439770990479,-0.011498912660101427,0.008231024137723827,1.5721772579956546,0.03731244229113316,1.872648302809318,1.2565015176577161,forward_head
41.78,-0.3480917276317619,-0.13875578348889078,-0.009861112752658933,-0.016161453750739633,1.6339643678515452,0.03875510327610725,1.8540427822818022,1.0776938165382084,forward_head
41.8,-0.32869597812790846,-0.11020225547867234,-0.05273844511742798,0.0074803216501446845,1.533720541182747,0.02034921872927868,1.833011644944417,1.0175939782982928,forward_head
41.82,-0.3362940148643194,-0.11167521210512532,-0.014510803152226958,0.015789071740817194,1.6485204071767514,0.022596826393364283,1.8799108121046217,1.2835113751703444,forward_head
41.84,-0.2859358423076402,-0.12035235746742708,-0.03747008159423667,0.001904776575752914,1.6044587339620096,0.05092831875156747,1.7127596383983235,1.1333789906812437,forward_head
41.86,-0.30045738346111006,-0.15389582617546949,-0.04014774074138902,-0.004334596854694775,1.4360025126574032,0.032126280330282725,1.7888846310043078,1.1676252123772757,forward_head
41.88,-0.32988321801202447,-0.10172125564114277,-0.020694290488680687,0.014571940042404053,1.6163645869297232,0.03410947708049903,1.9501244428670237,1.051787245966634,forward_head
41.9,-0.3412317738753987,-0.08942905984770817,-0.011923061689246582,-0.015700561939110933,1.6567618045475525,0.028402398529177926,1.8227300728193203,1.1851369544020975,forward_head
41.92,-0.34506655061010033,-0.11608899223742207,-0.001745500507819167,0.01155022318911754,1.48372990256016,0.03027600746686026,1.7957444375636178,1.0989482172116518,forward_head
41.94,-0.2875235804985982,-0.1257062037629537,-0.0200840253837546,-0.002557723086231983,1.5266860492338095,0.03739855555394488,1.7414572520490965,1.1641228090461404,forward_head
41.96,-0.2630806206781265,-0.10808475794804022,-0.04221885579720354,0.0028179824407249562,1.746941028392326,0.026140900782053743,1.7922046355742576,1.1399135074805966,forward_head
41.98,-0.28845804286112264,-0.12432014899458377,-0.006202027579257328,-0.00118913051021309,1.468504250644764,0.028575526274313576,1.9465689336245429,1.199879006737188,forward_head
42.0,-0.30828785979713064,-0.0949599900095609,-0.02604532428252538,0.014883454043616563,1.6648036847645817,0.03300952316508709,2.037122475300855,1.1183041638227027,forward_head
42.02,-0.32201414135480544,-0.10480360530757755,-0.03126223750731934,-0.003132803478275822,1.5352122126940904,0.029765178735991334,1.874275845618018,1.129037054375259,forward_head
42.04,-0.3223820750125278,-0.11029829588362687,-0.018444314299304886,0.013462317575476432,1.6211297636113107,0.033972106095972066,1.8443533089154935,1.11358857477354,forward_head
42.06,-0.3348463623758232,-0.09579138701479023,-0.022966356418397758,-0.0039675700670221145,1.5353921677140283,0.027889498340764145,1.7553570615181657,1.0983895594621547,forward_head
42.08,-0.2622570895883442,-0.08294656892961146,-0.04741989477796877,0.02248551774729735,1.705953352198725,0.03693463243420892,1.796679537728198,1.1768012477990972,forward_head
42.1,-0.3367105662861898,-0.11977806964864379,-0.035579979678944294,-0.0031405585026697156,1.565456333176857,0.034363193342955824,1.8771105234462493,1.2180323200595695,forward_head
42.12,-0.34682239424362893,-0.10428024172701086,-0.0024380583015466114,0.012542617352253687,1.5299889195056242,0.024962615236921507,1.9503842279677315,1.0535806322781749,forward_head
42.14,-0.31646774113507026,-0.11355181524692408,-0.02540729307940914,-0.0014916560767900674,1.5292043487362417,0.033479108092412266,1.8312774257105326,1.1723227094939368,forward_head
42.16,-0.37934781885424557,-0.10926256608478938,-0.04747763713885552,-0.006257507351171047,1.5082110197455467,0.02815360291812453,1.850394192384624,1.0560170581499344,forward_head
42.18,-0.3366798527709039,-0.13533954872931106,-0.03260162882535971,0.0063979624263499155,1.599985965792131,0.01927444496464254,1.9359390691461467,1.162360841980896,forward_head
42.2,-0.3182178904976338,-0.13993908310395528,-0.01803290224680693,-0.0024034244373708383,1.6487740051771484,0.03153717190954513,1.7722130395093276,1.155413310846969,forward_head
42.22,-0.30652128030621045,-0.1215753147964014,-0.023581807824941833,-0.01036331684394926,1.6096570945351956,0.03453291661438233,1.848663022693358,1.1118769391132164,forward_head
42.24,-0.305616908959465,-0.10587832297967166,-0.02232993013985695,0.0006305687772688047,1.6987139748946545,0.03667184934637944,1.912412843726879,1.1100309229924628,forward_head
42.26,-0.30320131656600013,-0.13954230431940845,-0.03726564394989312,-0.0016721143158931475,1.6595883104924978,0.036435280149231086,1.9306954916181518,1.0685259124057163,forward_head
42.28,-0.32433068244249,-0.11542311372796268,-0.012141598195390622,-0.005411652907447743,1.5669944060113945,0.03446332171049011,1.8063831930066212,1.1376714758234856,forward_head
42.3,-0.33516421836058086,-0.08197853310940742,-0.029734203218222715,-0.01175202992578451,1.6738676289026695,0.027355191959607617,1.95860786377646,1.1101190006331705,forward_head
42.32,-0.30306213342921834,-0.13805539476600853,-0.000880390949894955,-0.011522862855532903,1.493391878942941,0.023007640859056468,1.836674459200021,1.1858689859763494,forward_head
42.34,-0.3307282338245606,-0.15224642158413718,-0.024290195783580954,0.00736557351806265,1.5973235986552317,0.04153487087961572,1.8537287800152369,1.1377615813011892,forward_head
42.36,-0.3314013807903392,-0.14330254721748312,0.004996475165860869,0.005621298616426677,1.6468310288167358,0.026145649381536126,1.8490491804740963,1.1402565060494196,forward_head
42.38,-0.30845106358571134,-0.10273556918201626,-0.031465703284795345,-0.02231888541377285,1.5808519074040426,0.03074194570237349,1.808700219057694,1.1509233506776433,forward_head
42.4,-0.29758440204179276,-0.10945127834292295,-0.023899728122007177,0.021459994784303573,1.6609203320891772,0.018512127906698175,1.786108785067735,1.1644598680496943,forward_head
42.42,-0.34601264951702215,-0.11787117597424766,-0.005297792054125239,-0.004182398115991336,1.5703549013267186,0.03525400701329954,1.9491652140604645,1.1465117017148014,forward_head
42.44,-0.34266442256953444,-0.09643053400663913,-0.02400130488631614,-0.0018166118630785438,1.6450636846810478,0.037926209800676736,1.7678840140179144,1.1166077777808194,forward_head
42.46,-0.3050730776110203,-0.1424696774551618,-0.02494557244570862,0.005607722837606326,1.6811560158877068,0.021696809459517807,1.9517791609782997,1.1029128292954469,forward_head
42.48,-0.3426945617506408,-0.14281451987878882,-0.025828269808917944,-0.025865560725780223,1.5770550655855078,0.0331775852462241,1.857515084861195,1.1136263943232574,forward_head
42.5,-0.34405666580453126,-0.09926205563008383,-0.03440580663970353,-0.002323643483178702,1.6097739723723155,0.03567314986517159,1.7654002101295536,1.163411810981213,forward_head
42.52,-0.2796680564637051,-0.13443249337676483,-0.03430342378565061,-0.029585791619793904,1.5627753462558576,0.04437560449938292,1.9704290737182977,1.176220231513613,forward_head
42.54,-0.3429354793976325,-0.11410370727169233,-0.04471602431050443,0.01963869980614535,1.6934139182512278,0.0354303443602442,1.8702628468252434,1.120580825164428,forward_head
42.56,-0.3158307900058481,-0.10736768099795184,-0.010297041696229154,0.006580928952796512,1.6602638719845533,0.04023675947654625,1.8795638701687756,1.1583729411174637,forward_head
42.58,-0.30924873144191906,-0.11058172987131594,-0.01911539375049514,-0.006492548946812969,1.6411943766823478,0.045074820729705686,1.8073408056160083,1.136714383498852,forward_head
42.6,-0.28020158749432156,-0.11273040622675518,-0.020036980982659058,-0.021562835501505024,1.6138773551817565,0.04636256656766497,1.8575883700633915,1.2794790474147875,forward_head
42.62,-0.30787012892976506,-0.15027055827171765,-0.013092432452343454,0.017258806095303704,1.5462774035659343,0.033145027204304234,1.803003987240572,1.216504760911554,forward_head
42.64,-0.2836543423789723,-0.08840287285404534,-0.04856911640007559,-0.008784462853472468,1.4748673433313708,0.0268881632932911,1.9574903205748695,1.1983807857410538,forward_head
42.66,-0.2980772293236462,-0.14849603332793151,-0.030407504159731577,0.03341147262202288,1.5842933484144075,0.025884732846876292,1.7950539505422916,1.1288012528313431,forward_head
42.68,-0.3420143693908335,-0.11490901362186833,-0.022541777623748954,0.030393084891203133,1.5355871980265576,0.030679114432747064,1.816580371642547,1.0973238941291001,forward_head
42.7,-0.32193008313106247,-0.12119341035839656,-0.0406603954556765,-0.0030088849943610348,1.5240152011286323,0.009825153146180512,1.8232444713550922,1.0768960410966433,forward_head
42.72,-0.2968429607399357,-0.07839752882980107,-0.03990614869468098,0.0020333538485878804,1.4087070268661348,0.05109539799359483,1.8061433241822638,1.199386956853643,forward_head
42.74,-0.2850541526542465,-0.0967707846083488,-0.028734377253543678,0.02937139091505039,1.55548152203063,0.0336519203138612,2.026571292932944,1.1428969899512624,forward_head
42.76,-0.32475978117158383,-0.10484169818778799,-0.01179602840086733,0.013284463278006859,1.6313177065949591,0.03677860120371538,1.8237791781293091,1.0873432197908122,forward_head
42.78,-0.30419788761256994,-0.11236879613814825,-0.018393134649990435,0.0031293128907920868,1.7433504334710492,0.04082943084024324,1.8877223560314393,1.1874523559055346,forward_head
42.8,-0.3240198201713489,-0.09960357651141083,-0.02213642018036175,-0.0301154961803381,1.5018311218477567,0.0336964080985489,1.821474896781632,1.2764155760375995,forward_head
42.82,-0.31908859876740003,-0.12170114772364021,0.0053573194240896,-0.01341381658752942,1.5667631671625117,0.0224240648939007,1.7960404536274461,1.1593681638814344,forward_head
42.84,-0.31777912076236653,-0.11385280239522788,0.010291509244172789,0.016972956429477066,1.5879092270356303,0.02767961008925871,2.0061691353785838,1.2296461784589194,forward_head
42.86,-0.34924309924129654,-0.10529850057760022,-0.02656318907190681,0.016155983149292917,1.6854493578460168,0.03113984435799185,1.8813700888532865,1.1478954635981178,forward_head
42.88,-0.3012031966000244,-0.1302552080636448,-0.02443656374222151,-0.026210770285609794,1.6924635496792901,0.039056290550364366,1.8437618911055218,1.2439577104246062,forward_head
42.9,-0.3581790714392595,-0.15586260282982672,-0.005272753696236063,0.017806493926214608,1.4833972520379912,0.01897011561277632,1.8598239124306644,1.1634372911097928,forward_head
42.92,-0.261687873677518,-0.12733013206339694,-0.033257045216020305,-0.028945256648603597,1.6120349507942615,0.029765110898582463,1.9362483592531943,1.119296267736873,forward_head
42.94,-0.34892930179391196,-0.14768063672030368,-0.007326152868037317,0.016740481519338407,1.5944038413589174,0.020484608723020638,1.8382770602408973,1.1854977757501168,forward_head
42.96,-0.3162804320619826,-0.10120987969083524,-0.019369303682136216,-0.004998066804108186,1.507315727228496,0.03329506717310384,1.8554543974402014,1.1913156590362146,forward_head
42.98,-0.3033306123799703,-0.12608368961479216,-0.017902754652224916,0.02214394339244729,1.563251644724009,0.03657686272242466,1.8380196038646677,1.1365847483558447,forward_head
43.0,-0.2970343579442256,-0.10119670787776179,-0.03367135047198724,-0.011070971118193608,1.538475164697256,0.025295943677867336,1.9033815292090435,1.1001897072134168,forward_head
43.02,-0.32486354823102426,-0.11565795265742783,-0.03414269584494041,-0.00544069814965641,1.6460539190254369,0.01982910204752051,1.76645313694075,1.1537370572527539,forward_head
43.04,-0.33742011203711614,-0.1336781378217621,-0.009945176222558787,-0.014141863661402567,1.633840720834239,0.019988908068675634,1.8412146631093975,1.128642710018755,forward_head
43.06,-0.280694130423632,-0.138676527221444,-0.0022059347140396353,0.0014318536513519575,1.65974925943241,0.033494941040581504,1.9172404279983695,1.1282516281453288,forward_head
43.08,-0.34978625266492974,-0.12521493649617452,-0.02066870525012291,0.014655320241535968,1.6815513317565345,0.017850857616054705,1.8468966683813095,1.198827827794954,forward_head
43.1,-0.3616517386965383,-0.13598471688284017,-0.002897463084894931,-0.03421771334559418,1.8035844904319478,0.045732636632490595,1.837652819524412,1.0787599539603605,forward_head
43.12,-0.3177803537724656,-0.13158077231255405,-0.012116130257489638,-0.002331818714181033,1.7324500596263168,0.01508259530800152,1.8869914107640935,1.193222063184428,forward_head
43.14,-0.31467943628508477,-0.13998252298364786,-0.03338272434957162,0.0021603538132467293,1.4861464588346596,0.023881438902759847,1.816724215831036,1.1833807604030628,forward_head
43.16,-0.2928192964812519,-0.1481191587304515,-0.030750782381883057,0.005624755217314611,1.4185131890926894,0.03492983492646726,1.8879174403085943,1.1186849472445277,forward_head
43.18,-0.305611736645951,-0.10777784860398633,0.004423464886315781,0.004653830704324016,1.559571920384439,0.041132694301416826,1.9056904364919245,1.0829342278461325,forward_head
43.2,-0.32527981637224335,-0.11635325075377041,-0.022917072182047415,-0.01081548524331972,1.5323966081985878,0.044456125820840665,1.8838124836722692,1.1781928303413904,forward_head
43.22,-0.3048197698496882,-0.09663495031764764,-0.04408471565050327,-0.005793801727149292,1.6038852617976334,0.02119723290320581,1.835715340269499,1.185445948673818,forward_head
43.24,-0.29100317601780884,-0.08347009271585278,-0.03717205069166954,0.013636415923173321,1.6538821665943793,0.03056833463296846,1.857780345399654,1.0475341663987459,forward_head
43.26,-0.2912021664405763,-0.08205092193072105,-0.02878596000511765,-0.020085401825883763,1.5225584503908005,0.022892875249665916,1.8314001024151843,1.0661083565998286,forward_head
43.28,-0.33241536442724373,-0.09593935201943359,-0.015683654999770626,-0.00970116374603363,1.76424579736477,0.04637602310731512,1.8697410444762856,1.1370855574428713,forward_head
43.3,-0.29389777815999374,-0.11059243924009797,-0.03833479243057275,0.030587734218732253,1.6530785306847373,0.017329004960783198,1.7347051347206652,1.0549992596436186,forward_head
43.32,-0.29543368485317717,-0.09402229330656377,-0.03369118257056569,0.002749060190124882,1.5205168861117313,0.018366518696713133,1.8749232008545336,1.1725293537721522,forward_head
43.34,-0.33288843815635927,-0.10352235412240694,-0.044244808416641045,0.006355859986824725,1.6471346590471194,0.020280705361445585,1.7516511695488282,1.1532474818086256,forward_head
43.36,-0.31029443626010056,-0.09878562558270311,-0.006375384372109179,-0.02216161563031702,1.6156929195460814,0.03185890283015659,1.8300025885406914,1.1899353393635055,forward_head
43.38,-0.3012817764449187,-0.12235398564844482,-0.029758146813667972,-0.0036396985220145243,1.6309903901206992,0.02880061597746178,1.8815372973965778,1.1661006764192632,forward_head
43.4,-0.3011220066543878,-0.13503478379826372,0.005854529585518598,0.007506893607039522,1.5854186398195307,0.025770600971300486,1.7988165140652324,1.08420230825207,forward_head
43.42,-0.2789196813156882,-0.10817831981238647,-0.016072007540938498,0.010957968467501732,1.686141574187812,0.01852417106154256,1.8902441604895266,1.2026621173118264,forward_head
43.44,-0.3355646901531978,-0.14910409187080553,-0.016512785036268962,-0.018324944555926613,1.5864748079767501,0.007633150900408617,1.808880237182971,1.183354731241057,forward_head
43.46,-0.31372403400891336,-0.11458164153119554,-0.023834994366656762,-0.008920990045307296,1.6064869864079434,0.03280262599968611,1.8630827368183496,1.0362082133464312,forward_head
43.48,-0.30390387688614107,-0.14076450439116406,-0.02157858647325354,-0.01782375172835848,1.5965228218926164,0.021550188257606642,1.7439461775617244,1.324989264050254,forward_head
43.5,-0.3558397476012665,-0.1341328347794905,-0.03835917012912195,-0.011885716434119124,1.6481056981984943,0.02145336131960537,1.8809089138774884,1.046379122228663,forward_head
43.52,-0.29690446380107305,-0.13079908488843378,-0.029328400127985887,0.036712240452536044,1.6722849668704025,0.03506904251693912,1.693702954218363,1.1469163645465779,forward_head
43.54,-0.3374734071295397,-0.14354419027643162,-0.016388803495022964,-0.014661185446844808,1.7226463686090572,0.03829717724896633,1.8999093143312962,1.1431606143356714,forward_head
43.56,-0.31611952212908573,-0.13884678491894223,-0.03173135452890046,0.008936609944896852,1.4160469862650922,0.029162252555159186,1.8992393699314873,1.0933347711564887,forward_head
43.58,-0.3087947042643516,-0.1100783285950915,-0.01683445764268052,-0.0038396465390767597,1.494749851813626,0.03480731054134398,1.7775041804443534,1.1259258141791493,forward_head
43.6,-0.2770366373917325,-0.10064729371035948,-0.00946913576696854,0.028159948903176385,1.4966217994498545,0.03130814525200749,1.8528528798002162,1.2131924023388205,forward_head
43.62,-0.3260221348409185,-0.12242239848129631,-0.04760436158811266,0.0019566951711207864,1.6604869400070188,0.023617260448853105,1.82106081340895,1.211815453515185,forward_head
43.64,-0.3239797216640318,-0.1160798213470298,-0.008285771184136256,-0.02471508989969917,1.535748638378001,0.033167678396626155,1.8951252638663152,1.161030861571135,forward_head
43.66,-0.308444581363642,-0.08722605778618885,-0.03473524686403439,0.001499672073681805,1.5405559952231345,0.020827088469145476,1.8087483751944384,1.183098555875361,forward_head
43.68,-0.3049553073259769,-0.12643409179927054,-0.0359952102208842,0.03192752038305509,1.5592138887647664,0.024674261980893536,1.8252334186746595,1.103274721940055,forward_head
43.7,-0.3174435353612789,-0.08590822032992354,-0.011339311449705746,-0.015044728351174605,1.5939236620351687,0.018811155628829474,1.8724687694055229,1.1065075399742001,forward_head
43.72,-0.32259141608709785,-0.11337824054875244,-0.030114138241943575,-0.011243607518707573,1.5105191903979849,0.04413827897618755,1.8956491271052711,1.064994192303772,forward_head
43.74,-0.2927454254010424,-0.14611655938539347,-0.02564073159511993,0.005912639844388484,1.632058347593142,0.04172493669466476,1.8210287436484869,1.2637752132325921,forward_head
43.76,-0.3419431730760186,-0.10112896026386024,-0.020226115408420255,0.01870159365085494,1.7274584559560906,0.027421829874972024,1.8300230906844508,1.1303878330048525,forward_head
43.78,-0.31448478243032313,-0.16268351298590375,-0.016944813171849288,-0.003923343321120105,1.9026320765578857,0.03319462908323456,1.8394629613630555,1.1715583528791915,forward_head
43.8,-0.3411782119358987,-0.11353691927177859,-0.02254675235546746,0.008130226854323568,1.5937583125032344,0.02904937207290928,1.843855223151922,1.2084157808625717,forward_head
43.82,-0.31104791730210307,-0.17077831879637403,-0.017235215674785174,-0.014644950563865677,1.5923974737699245,0.024494808362278114,1.8446181933575823,1.2280156131566913,forward_head
43.84,-0.294059582488845,-0.11805067144889013,-0.02556332026960243,-0.015993618407069334,1.7445887380147507,0.02289686315482964,1.891248546867726,1.2283171395279,forward_head
43.86,-0.3471794923447788,-0.10849947826651661,-0.041502664340445056,-0.0007512725257129204,1.6246499464042568,0.025150799558520173,1.841575592277389,1.2272525170554254,forward_head
43.88,-0.3106097558515288,-0.10445004665824949,-0.00599742962751545,0.009139210894071229,1.7632827997731966,0.03715571005455188,1.8988216335732147,1.131444836888516,forward_head
43.9,-0.3597030766530933,-0.13931022412713986,-0.010944734551607445,-0.006945195038497952,1.6623343713556882,0.023878750584919898,1.8549676175228555,1.1578137983569885,forward_head
43.92,-0.317129173022556,-0.14093945770985145,-0.024112080791724506,0.021404057443406725,1.4928043268013813,0.03691145837574134,1.9058840365304213,1.218397471419808,forward_head
43.94,-0.305124822043537,-0.12111617977921935,-0.012819945969629216,0.0030881053806324004,1.6191784354928682,0.018739353957850646,1.8741074043477053,1.1925770857369633,forward_head
43.96,-0.32820942113237556,-0.12857560650630423,-0.017093215200312917,-0.009068262322653854,1.4697462975400266,0.04299484601016549,1.8873234455299779,1.1863411957010035,forward_head
43.98,-0.3125066290125895,-0.16007032551657852,-0.0183740345235664,0.009810794047348281,1.5289927432524675,0.036376755291607867,1.7926913313029753,1.0929137549793337,forward_head
44.0,-0.34231420236787274,-0.1336627545574097,-0.012679288401413349,-0.018376504738398372,1.659959892147122,0.03195716565190701,1.8748730581936348,1.0245091854519117,forward_head
44.02,-0.3250439189952716,-0.10134300617380886,-0.034222324348157286,0.010438501997528998,1.6607479511057455,0.02869897406462186,1.8182843557124748,1.1522508769182263,forward_head
44.04,-0.3393972855955843,-0.10425627204861294,-0.023489247965483864,-0.014962373656155705,1.6053245203233093,0.03575281128294769,1.7877162140069072,1.1206412240062626,forward_head
44.06,-0.2793405137331329,-0.10714293898468388,-0.029733451014440304,6.660968462711025e-05,1.5429650929919947,0.048949021017929466,1.7652782322968879,1.1678231693479295,forward_head
44.08,-0.33138752826670176,-0.12920257669578838,-0.03247326478128956,0.004599862052333802,1.5724774154763055,0.03558759348433008,1.8408255668476359,1.2159878091645595,forward_head
44.1,-0.2915640844230123,-0.09794890384935359,-0.03603861066896274,0.0009700595125774602,1.7254985579788666,0.04116511979540433,1.8033513952666211,1.2330877242834704,forward_head
44.12,-0.31828925314074735,-0.0675710066665675,-0.027301669355412703,0.00722118340354014,1.5742567331362947,0.021055929723383434,1.8205300883372262,1.1624511200918164,forward_head
44.14,-0.3269356783689103,-0.11867174452141435,-0.02008848141382635,-0.01387614652123251,1.5831063960128666,0.047261859139200814,1.9461310496123536,1.1033073407477312,forward_head
44.16,-0.30547884260605035,-0.11245119953662895,-0.014581946042407569,0.005862550664425147,1.5798381263357237,0.03967086192239433,1.8909279229322506,1.2487597845119838,forward_head
44.18,-0.3142316015694264,-0.10263024969236782,-0.013279030523092091,0.004203508876416064,1.687902368003307,0.015377187684552361,1.8309058864846608,1.1083371247941538,forward_head
44.2,-0.31876930677253024,-0.09482571877227867,-0.03561685148633565,-0.014324212310341202,1.5805216431541702,0.02737265260309471,1.840177324043812,1.1280995599787411,forward_head
44.22,-0.35185246791972513,-0.10144609427550698,-0.005008227092276763,0.027134529067585723,1.4378283801098508,0.04202748661511135,1.913971202539335,1.1691738221056223,forward_head
44.24,-0.33677595285558326,-0.10858023547542882,-0.019501144170407828,0.01937709498457707,1.6215681923506648,0.04216421498361732,1.816385234085661,1.1870608460655976,forward_head
44.26,-0.3077956068021553,-0.1334853084475837,-0.03150945738328277,-0.0012051122628668053,1.6958519932294462,0.0381253842211762,1.8292238807324321,1.0250497330412076,forward_head
44.28,-0.32272935019124693,-0.10908057030142668,-0.03273511388640363,-0.00557018578115896,1.5438759363281351,0.015421921306611627,1.8933018451687815,1.1694622206164647,forward_head
44.3,-0.3034293809903372,-0.11685559486015686,-0.048195987218605886,-0.01776225328495374,1.6281873374779607,0.03942181085085335,1.6839974035016358,1.0867108668068277,forward_head
44.32,-0.31786557461852794,-0.10962111597158423,-0.024750321655971835,-0.0005245843272266691,1.5996826635377714,0.029159824520574185,1.93649568122231,1.2769862524274598,forward_head
44.34,-0.3100950007696755,-0.12319552777308355,-0.016827785445654588,-0.015331702759977939,1.5410765959570292,0.03685051784287167,1.8164382975343005,1.1910824595402143,forward_head
44.36,-0.3578478517623634,-0.11538866302346927,-0.025689692216356374,-0.0015559242863526957,1.6886556293976958,0.04928758954167122,1.8216615667281169,1.1814198159200935,forward_head
44.38,-0.3396301869542013,-0.11940000386992346,-0.015913991745609486,-0.016951469018557336,1.5644759824827756,0.023486377907222463,1.8202250915592741,1.281372477459429,forward_head
44.4,-0.297959630722585,-0.13696172036315654,-0.04023651466170616,-0.02191236795804674,1.7049494430724035,0.025512407736889644,1.9361651652302527,1.1679626182010483,forward_head
44.42,-0.3482917731095602,-0.11105009913709393,-0.03911536009845942,0.01724773261356073,1.5486947895250855,0.04354560883482936,1.8576490316285668,1.1526942974582255,forward_head
44.44,-0.3295363849063207,-0.11140550929729649,-0.011152862674583285,-0.004880837511612258,1.6245982384494715,0.013274205363675821,1.8053444230507332,1.1565592652741885,forward_head
44.46,-0.3075775300110822,-0.12651162260196563,-0.03262955245818988,0.0043149666725749245,1.6310515656415192,0.049671229366546964,1.8703766686518464,1.2100900088401905,forward_head
44.48,-0.31830815922069144,-0.09548798760313561,-0.02411903077693909,0.01311760043452957,1.6101883129123478,0.042007054057496884,1.8760673113375204,1.0655649731734085,forward_head
44.5,-0.31388201872243043,-0.09878065598852266,-0.02177844335215745,-0.03185898693525133,1.5717464714633134,0.026819156295712986,1.8853522767011814,1.0778745124550742,forward_head
44.52,-0.30911656523332864,-0.13536169571961118,-0.005561799709519658,-0.028791685584640785,1.5079678951561635,0.026293394837188767,2.0233614629127925,1.2692909134487016,forward_head
44.54,-0.3063869618583101,-0.10043107828366998,-0.022855168558461748,-0.006354117155322208,1.6213902971430862,0.011714545302142224,1.880490895265203,1.270490437050552,forward_head
44.56,-0.3196719953464586,-0.11388378597660374,-0.04150063583582264,-0.012740026893621813,1.565457676079971,0.03317380250874475,1.9144379884466665,1.087009519440187,forward_head
44.58,-0.3182249089344766,-0.17973636258971046,-0.042259973232904764,0.029701147309455625,1.631487842814004,0.022195603668824605,1.911393980113447,1.0782556820060385,forward_head
44.6,-0.27937071494000243,-0.1355620920856816,-0.035361443970348815,0.01746720988700893,1.6400395379104171,0.034666517419899255,1.7541396114396832,1.1524210460926207,forward_head
44.62,-0.2761106848412081,-0.1612572741046559,-0.0006406651741658804,0.013459393741081013,1.6137813261633343,0.029615156828263135,1.8435504454658325,1.1266891643415555,forward_head
44.64,-0.36209734050970577,-0.10999054437892525,-0.03609443029451679,0.001958986665839058,1.5778832580567665,0.028529863894262937,1.916007121787818,1.2382376846385994,forward_head
44.66,-0.3078680188446726,-0.0747098978347385,-0.025344022340932103,0.01200232413680727,1.5869257690459344,0.021440388180778244,1.9129027655323947,1.187431211355492,forward_head
44.68,-0.28588526619314436,-0.12932930074696783,-0.03652681495726444,-0.017061392863767073,1.6322971567899818,0.03690758992665545,1.8237596987491989,1.258732191864378,forward_head
44.7,-0.31483314981442495,-0.12114294423885577,-0.007400733361117921,-0.0072936854290147,1.4926356596826509,0.03229861698591448,1.7526837624096496,1.0651812150807787,forward_head
44.72,-0.28169661482195485,-0.13905864029039125,-0.04554741810174777,-0.01463982434526067,1.5558330824846835,0.0201159910369252,1.8170277999624214,1.184584363949059,forward_head
44.74,-0.3269968734011357,-0.13822790555460013,-0.02387078578522189,0.0018653342113101312,1.7455003653450367,0.007403283821986706,1.8439335069525091,1.0887743642802816,forward_head
44.76,-0.3047403512237232,-0.10169558957999555,-0.044606652734004576,-0.0013995483526115426,1.5063840776041852,0.03812547362159463,1.9286012210919727,1.1439756701705366,forward_head
44.78,-0.3274404153732251,-0.09388192089877806,-0.010405226185234824,0.03788736192381107,1.6111746297524798,0.013295147712304318,1.895930929283045,1.1190044394771255,forward_head
44.8,-0.33421407340024,-0.13400734604138856,-0.03789623256362396,0.0032635130075860533,1.6474636785855687,0.034206200755063004,1.8268897342532526,1.202292766856181,forward_head
44.82,-0.33120807473791,-0.11583509456093188,-0.008713277179533734,0.006803914549909058,1.6001648956762669,0.03851911812380412,1.734543056823616,1.1404382779817188,forward_head
44.84,-0.3152794158228559,-0.1038072591775331,-0.013532051724700385,0.004288654570272105,1.648698438087161,0.03160025524757474,1.8336930741646935,1.1724238305905528,forward_head
44.86,-0.31882643810233824,-0.1321920216124016,-0.014891728017639806,-0.01026391648168659,1.6257978451370365,0.014607475743597597,1.874170233659467,1.1226887385477282,forward_head
44.88,-0.30872887066532373,-0.10111970056285902,0.001336682601983304,-0.0017518464587566417,1.7021114936978379,0.03018515120249744,1.8846297313849465,1.1281047852142818,forward_head
44.9,-0.29510170610543457,-0.0945653173431873,-0.04212385584824441,0.022684305655823002,1.5238374534584502,0.024496563877241695,1.8381834474273464,1.1154951179802457,forward_head
44.92,-0.3345636998149554,-0.11902652066876515,0.005736803567347717,-0.0009251163658353272,1.7397824138243339,0.030374729894972644,1.7703252453403004,1.19795588914576,forward_head
44.94,-0.3255470027665516,-0.1123213888002301,-0.02572820813117153,0.023896377130678586,1.516937806715873,0.02161424334670978,1.8030169073743143,1.1508800754008313,forward_head
44.96,-0.3246248030735782,-0.14457347429079248,-0.02540825773680828,0.017675527208775955,1.6670383779569087,0.031158437133178632,1.8383514374687735,1.1939651610519224,forward_head
44.98,-0.2883972273495845,-0.09828582870849745,-0.012967728770629789,0.014169194845224576,1.5492150596826342,0.04507200651062196,1.8549397605804225,1.140531730455365,forward_head
45.0,-0.28937579672490343,-0.13121587177354138,-0.012338914720277266,0.02517631869510813,1.6306166813799776,0.036528251802170106,1.7554054055941875,1.105515652687607,forward_head
45.02,-0.3292028959671247,-0.094003909428892,-0.04009789927019483,-0.011903281157571076,1.6823050266575263,0.03393488796466193,1.823505516774745,1.1096623859083221,forward_head
45.04,-0.292515465181796,-0.13568689031434397,-0.03985131517527802,-0.005892806957479851,1.515675051473037,0.030122133048387106,1.848968752337805,1.1746617587690553,forward_head
45.06,-0.34993674660628266,-0.15060392337824016,-0.01124177253483377,0.017585656518112336,1.5771880921897268,0.03311176651740666,1.7983765827388145,1.1122826002166657,forward_head
45.08,-0.3441999020985604,-0.11637294860168801,-0.006252584751677323,-0.02212830415087534,1.5788885173850753,0.03779804385913008,1.9086945863270368,1.1616309091534243,forward_head
45.1,-0.29501396414706743,-0.12776109037005734,-0.026504509965410285,0.02294078728374705,1.6906023128979446,0.022754128226682054,1.7548961424898297,1.1268463380905587,forward_head
45.12,-0.3362826059556557,-0.10609332865752284,-0.03034184756264771,0.0042362770760690765,1.550138648142967,0.04296075527228339,1.7150218928920944,1.245036018381389,forward_head
45.14,-0.3116007413419171,-0.09391246779956916,-0.027316269212012585,0.0029436368166377426,1.619679530014821,0.030354977765164496,1.9003480850691044,1.0853857179730948,forward_head
45.16,-0.30754194189346196,-0.11346440979461012,-0.04115460059709024,-0.001629043905657206,1.554165174127522,0.03053503954136334,1.7877820376840365,1.0978485407682355,forward_head
45.18,-0.3112191477424763,-0.13467237509584867,-0.031064110325988305,0.010159815976206283,1.5491126174668537,0.028790265952740382,1.8350455387996323,1.0957619693273293,forward_head
45.2,-0.34096647511858214,-0.11790450993092998,-0.029714557330906482,0.01956244389185258,1.6159211227685302,0.031607156279534844,1.811818625860877,1.1966134794349905,forward_head
45.22,-0.29984065803785287,-0.1388607294897102,-0.01659994081636381,0.021530372314997832,1.55976331865532,0.02806853627201823,1.9063776324899857,1.0476843136709262,forward_head
45.24,-0.3262312513685791,-0.10405232148101605,-0.013823044169859279,-0.010754636255526086,1.657955679758575,0.029967575031341294,1.8024329649639523,1.2354226369369128,forward_head
45.26,-0.3753126608297487,-0.12025587982111256,-0.013887383069501163,0.01607358235628577,1.7613427500627552,0.021407523501667018,1.9283326312453914,1.1695609866802867,forward_head
45.28,-0.30445328630460683,-0.13772086994213328,-0.00773706327659333,0.017539399890744416,1.5244192664670457,0.044607486728143526,1.7916140642987943,1.1048832441114576,forward_head
45.3,-0.33457691459055644,-0.13261413401667743,-0.014779074305254495,-0.002463060444259471,1.620155161837881,0.03800068314024858,1.9154770340504177,1.1020117029560335,forward_head
45.32,-0.30844220304888476,-0.13451337389418502,-0.016582273526353122,0.0015030493272963047,1.609748984764349,0.029460010005857497,1.8876697439582615,1.1711289004595544,forward_head
45.34,-0.2936979818261761,-0.1284726455669045,-0.03319119543856607,-0.005305164029165635,1.4810358510573252,0.023186716954337883,1.8203104856381815,1.1677559382037896,forward_head
45.36,-0.32007637203722045,-0.116798924588226,-0.03722631045752974,-0.015580467921182513,1.6399542261664957,0.03129710990688329,1.7972450124405688,1.252159519437739,forward_head
45.38,-0.2950432641100121,-0.1221613430958095,-0.017151860719736563,-0.019881858128062296,1.6864253914026053,0.041151855292421526,1.8912196658229814,1.2248219448618163,forward_head
45.4,-0.2968964829039552,-0.1387272303573292,-0.05314326842799148,-0.0008490431173700844,1.5712264265307572,0.03160163180543599,1.8621878954779656,1.1801654376845738,forward_head
45.42,-0.32620834410140703,-0.11994703156125493,-0.01844398827333328,0.025067865198227745,1.7361010892124584,0.028690921619302423,1.8785916478909785,1.1515421102072545,forward_head
45.44,-0.31180891029194474,-0.14579500457630476,-0.01868213799821245,0.015420111156056465,1.4593599848597238,0.04578048508549235,1.8642348239303943,1.2115920788836596,forward_head
45.46,-0.3390813092324873,-0.09959645578606807,-0.008017782393395543,0.0016467461685889164,1.5078699993332578,0.04967853404185482,1.6901254251641529,1.1549487511334149,forward_head
45.48,-0.2858285252179232,-0.14567069976449273,-0.014458386328429579,0.00735282771302805,1.6786201466356785,0.04239253014121874,1.7457688395222208,1.107780982741574,forward_head
45.5,-0.34816802708110667,-0.14438909067059433,-0.03648914197330234,-0.03348155628967664,1.6945609689101642,0.04229596755916893,1.868814860853748,1.1716052480814192,forward_head
45.52,-0.3279674802953374,-0.0970997680229581,-0.05612909016798905,0.025289473851278423,1.576417206402411,0.030318234327977516,1.9496085202485616,1.061047730656282,forward_head
45.54,-0.32743971695832114,-0.11562580832925949,-0.014500702625537286,-0.0005271330702866676,1.6492080109520841,0.03079582912652036,1.8296158483110816,1.1246612982984694,forward_head
45.56,-0.30310306352323335,-0.11855151500303596,-0.032683389445235106,-0.005434916281577774,1.5063608332058216,0.029429696318426662,1.898720669461221,1.1886603682203458,forward_head
45.58,-0.3151518139096907,-0.09565899251155875,-0.049147752867112975,-0.009245002077805525,1.543989130290167,0.03501718661256538,1.8954485110051875,1.1275134239488729,forward_head
45.6,-0.329924607713336,-0.1272446719823826,-0.022675417127488207,0.0006372298616927517,1.548504412769175,0.040289323981895456,1.8622225578475293,1.1523281239896273,forward_head
45.62,-0.2898517032995434,-0.12390763471683851,-0.013001414947438127,0.002447698457285283,1.4913891732022735,0.03435918220449115,1.9396266100987436,1.225936734386334,forward_head
45.64,-0.316250402260108,-0.11046804999786736,-0.013573179287914568,0.0003465855821673358,1.5455035494878193,0.02636190200612094,1.8499982482693038,1.088188979227189,forward_head
45.66,-0.3334976566514294,-0.1292425211867959,-0.0065072670664008195,0.006650803543344534,1.609314769403003,0.043089037934860484,1.9669963159948691,1.249787050306928,forward_head
45.68,-0.2984025799027467,-0.09928155252205279,-0.014970917499504535,0.012695853912674797,1.5491086568355859,0.03356742251736491,1.7994825158585361,1.130275594783563,forward_head
45.7,-0.3022451272466585,-0.11437532370611163,-0.021115684726978147,0.013169391958380485,1.709186955347772,0.03626070714786169,1.8558712085436202,1.0507945120755204,forward_head
45.72,-0.3514870975376303,-0.09504311205763706,-0.016003316409854883,0.026129255027653307,1.640331254144104,0.024478740821092682,1.9170064371815236,1.0919315117630217,forward_head
45.74,-0.29370467571831155,-0.10464129872268511,-0.02751385791209605,0.01906917227961685,1.6543793073955684,0.025666127548975525,1.9313614676372646,1.1121406716192408,forward_head
45.76,-0.3107249047261899,-0.09826748046717892,-0.04228723957079598,-0.016002632916965097,1.636754202971154,0.0147895520617233,1.8572894461642337,1.1352649226858482,forward_head
45.78,-0.3031672227082388,-0.12655092970483903,-0.03528935981340075,-0.010303376676812687,1.6067372767588104,0.035717368265993435,1.8294423323540405,1.1536653471344107,forward_head
45.8,-0.2886969316751761,-0.12299192925395272,-0.003910976812067217,0.014262461167893847,1.5151091716965408,0.025818114077218436,1.7987402619638413,1.1064828020488775,forward_head
45.82,-0.35800617268379564,-0.08460131693933817,-0.03548334460576311,-0.008413976585251766,1.6015411682810012,0.048210260205568935,1.9269868708809765,1.0510435998229508,forward_head
45.84,-0.31086709054247713,-0.11470879718773357,-0.045587369690828695,0.0035623372535839985,1.5480258915375993,0.03684106330621317,1.860664979792759,1.028815005583385,forward_head
45.86,-0.30437173559538877,-0.13103793876969375,-0.005127206405396543,-0.026472307529486858,1.5487366045787436,0.029250532562866704,1.8440568625985065,1.1117638144093762,forward_head
45.88,-0.3095857781109033,-0.11179318083429682,-0.010136715258909135,-0.01077752406161215,1.5455461088844837,0.027611363941891877,1.9180570639842847,0.9852771331260505,forward_head
45.9,-0.3039432799234466,-0.10126122524597121,-0.0005160641925245411,-0.015776857420667263,1.645309604318458,0.03870377997962846,1.8237269241345067,1.09714569348418,forward_head
45.92,-0.28533780437516154,-0.12598351890494075,-0.018844370839577136,-0.015210168816780547,1.5282619451918638,0.03748951340049634,1.8984380140573855,1.238639027905624,forward_head
45.94,-0.3553894760858363,-0.12434870626873996,-0.02097353908632,-0.002127572156109636,1.4897540120762311,0.025279559968154033,1.748036703864192,1.2159301218166703,forward_head
45.96,-0.30332380647736934,-0.1330612141920537,-0.004309851878660202,0.007764708273570126,1.5626216281696992,0.04741498729683475,1.884524289934286,1.1219435163981384,forward_head
45.98,-0.35855190631940054,-0.12364297544876239,-0.015365012403989686,0.006743511078189964,1.6134870615662775,0.011385846719648202,1.806011967820267,1.1961653736985984,forward_head
46.0,-0.35832993252160183,-0.10432942394179569,-0.024639780139454476,-0.013691084838687237,1.4685067352364058,0.025007086546150085,1.9360374974793373,1.1389118401012714,forward_head
46.02,-0.31799357290825797,-0.10821806540981099,-0.02271260918423037,-0.01863288552423972,1.6911296430884717,0.020061221583523414,1.7485926054837984,1.0694714818382183,forward_head
46.04,-0.31492299224158127,-0.1130094052059687,-0.02151608572009299,0.007651230335383265,1.6288450689884895,0.04219605292655094,1.8984068980927984,1.1223424073414023,forward_head
46.06,-0.34249539920050953,-0.08332407769369427,-0.002378504812566501,0.026390835276362063,1.4977546585624055,0.03066819553057467,1.8402227452133988,1.1873772069765787,forward_head
46.08,-0.3302459292804657,-0.12198499715149748,-0.004270579979526859,-0.027303715442423545,1.7257553056112163,0.033308596175722474,1.7555007604409787,1.254255220457693,forward_head
46.1,-0.32741604339734676,-0.11548732319928043,-0.025317881928986815,0.0025293170341586283,1.6252394670857444,0.04729446288684018,1.8754034212069173,1.0867656827417482,forward_head
46.12,-0.3186549173091278,-0.11660207138303058,-0.029348651116564053,0.01018183671297224,1.5082104049282246,0.04003331372468318,1.9155408617784788,1.1884746163600723,forward_head
46.14,-0.29335712193735036,-0.14315641407409996,-0.03848917709732039,-0.011715223012336289,1.5337621519734308,0.02467173789706946,1.8274109005906554,1.2207974972691231,forward_head
46.16,-0.34757463493454616,-0.08706996285559188,-0.03537073075544729,0.008325358130242752,1.5583760488963279,0.012628993604098594,1.785292163356029,1.20105034235616,forward_head
46.18,-0.3018568460843623,-0.1297278742317486,-0.030107313996857794,0.013565215028544447,1.5713431081095066,0.035553356391731385,1.8359930424702129,1.170731677228968,forward_head
46.2,-0.2978279190799159,-0.1165358528246417,-0.013854772453758652,-0.04696103900653394,1.6200218498083923,0.02215365810760113,1.9072300833884326,1.0656947613033183,forward_head
46.22,-0.33583492391105396,-0.11619865430733509,-0.022856354502937985,0.00718574354881453,1.5533770885538962,0.03386054118678721,1.848836414281207,1.1837053023463664,forward_head
46.24,-0.33833292159795497,-0.05809707600410526,-0.036208843916401945,-0.016304391100134746,1.6759269228097962,0.027993342517831882,1.8743357806911916,1.0865693975155721,forward_head
46.26,-0.3043490816949122,-0.13681496386443204,-0.03651727990563438,-0.017849300806810787,1.6173349981312464,0.01985654701422812,1.9038125483207924,1.1070672794023582,forward_head
46.28,-0.3217856939488354,-0.13396748446997103,-0.023164233595603035,0.004302003141267092,1.6472917274124523,0.03633703482533787,1.8818383742677967,1.113799139487505,forward_head
46.3,-0.2943977014300211,-0.11389607078914281,-0.014172611983645845,0.01603620951156534,1.575431053258006,0.0251496174722787,1.8870843888913418,1.1858668102843974,forward_head
46.32,-0.3599210412903067,-0.09644608858582435,-0.02861976041651795,0.018341321500814006,1.6511980309886094,0.0318183247264902,1.8487097832327393,1.132458138555544,forward_head
46.34,-0.3199425688253172,-0.11221635243997055,-0.014830294612389163,-0.00595542417557867,1.7305277402969999,0.018942853849266795,1.8164160984310198,1.1088785063921502,forward_head
46.36,-0.3014223441457648,-0.0899853112184334,-0.019367388068399122,0.0014131142736261443,1.8002464664211077,0.03884748756072993,1.9000256738850974,1.1462355983175867,forward_head
46.38,-0.33409038644467565,-0.11723178373982761,-0.007577568000866133,-0.010891737039804535,1.6223568032153208,0.026013672079510837,1.9483986301086031,1.2330157017854821,forward_head
46.4,-0.31960001544621974,-0.1322072093655806,-0.007394586540720649,0.012752389346867404,1.7390777109164541,0.016367820981982195,1.7709304026196069,1.0698480217758726,forward_head
46.42,-0.3188023633445778,-0.13789646192261157,-0.029771895524996067,-0.008418202106828712,1.6462557651184142,0.02732354561678557,1.8216827679563683,1.0631236280621508,forward_head
46.44,-0.3108822157760156,-0.10647987516928097,-0.03500740150842573,0.008204120373858668,1.6386757900317852,0.03550210441608381,1.8482684668903315,1.174474430567355,forward_head
46.46,-0.3229153542211135,-0.1328513340253093,-0.02263320875748397,-0.021562687479290202,1.6186647110691539,0.056495318348434624,1.889689600892257,1.1970206267667036,forward_head
46.48,-0.35032155105547685,-0.12384015735651775,-0.029296498687320743,0.0037576676425022594,1.6666037972566659,0.03062323655210861,1.9481482690551146,1.134272642477444,forward_head
46.5,-0.3699415232555622,-0.11682474208829241,-0.02886090627027937,-0.005650360555053918,1.579499653181082,0.02264947210225637,1.9056452849296925,1.1674228382453158,forward_head
46.52,-0.32193155705231197,-0.09018796371327066,-0.01512977344383592,-0.012233020544027898,1.479312605439195,0.005290779017848018,1.8587265578459184,1.2587577400814773,forward_head
46.54,-0.33528491416666206,-0.09415834200232227,-0.03196831789903824,-0.014449920560990573,1.6392577185439379,0.022610593093804133,1.9585148882682384,1.0718527700133615,forward_head
46.56,-0.2828518181998133,-0.11653691586708827,-0.017550288831150045,-0.0018941743368430831,1.617272239090773,0.05977287224919042,1.8921088752442055,1.2502553943455474,forward_head
46.58,-0.3295294886785387,-0.11683794683279143,-0.02590153317653047,0.022597553528674076,1.586921842343266,0.03820057947197304,1.8781458543975333,1.1624658224113216,forward_head
46.6,-0.3189114977106898,-0.1270368128836101,0.010814506805639449,0.006927614831504136,1.4840642965878108,0.028044814840173522,1.8325248259573568,1.167788775219769,forward_head
46.62,-0.35490225690467014,-0.102303816581898,-0.018879121089697075,0.008018889184140995,1.6865106300330341,0.027867982911777903,1.912636091348676,1.126097663531357,forward_head
46.64,-0.30075597681896904,-0.12180999372263794,-0.011137624619907555,-0.011239777147806804,1.4857044563425381,0.04515539724132415,1.793483155485436,1.12574997957407,forward_head
46.66,-0.35084824767243833,-0.10401606366799739,-0.015860608819367253,-0.0002445677849691079,1.5893223436409443,0.025282542396915644,1.9790168320309596,1.02690783141977,forward_head
46.68,-0.37642913738858325,-0.11171355233688617,-0.04574763235559381,0.011048826868796534,1.6997008226126913,0.033676885687911565,1.9009417033590952,1.035365694423449,forward_head
46.7,-0.33052154963255354,-0.08773336197471074,-0.014059743983187059,0.014303949935841626,1.5601843964791198,0.03503929535116484,1.892810247940421,1.16319980523075,forward_head
46.72,-0.36909158620591037,-0.1065888546455464,-0.03684301412201777,0.006607360947794776,1.6741337411102097,0.026038991506579668,1.889087941150293,1.1916784755038126,forward_head
46.74,-0.31319618163778107,-0.13499366589352016,-0.0029009346003124885,0.015452839447407727,1.5245055486627168,0.02653616675634948,1.8835093100201332,1.1310196653959035,forward_head
46.76,-0.2882778256843993,-0.1203169479892831,-0.024462227776095222,0.011511300207100703,1.5438880444653122,0.04125522494442437,1.8004811043898423,1.1441606612680943,forward_head
46.78,-0.33148620121932687,-0.10741141063648578,-0.02973589527026315,-0.014077242209893733,1.5685101304924225,0.024401310796775686,1.9046072004166419,1.0928558900536736,forward_head
46.8,-0.32664354291607484,-0.10603585612045832,-0.013098507395481608,0.0015235586156902834,1.5163762420628877,0.05139598601440255,1.8664248689923548,1.051549249503202,forward_head
46.82,-0.3288031724283549,-0.12055062647551833,-0.009375717580703722,0.02021100908682952,1.5736827334952723,0.032592489634500295,1.8801184844822432,1.180503190198887,forward_head
46.84,-0.3254275952695214,-0.08446156067788527,-0.026376739685220342,-0.013951761379125856,1.5934690627981976,0.03639441789220366,1.8278078412596628,1.1026897280717547,forward_head
46.86,-0.28463070688755465,-0.11427786534460126,-0.013506453059056421,0.0038932902074055743,1.5591051922151125,0.03194163666830066,1.850076031531584,1.1687622363664987,forward_head
46.88,-0.2681046704323138,-0.10411665032647592,-0.020149068783488,0.007616066842977034,1.6268565682506098,0.007006632957891197,1.945603929606139,1.1749179566687666,forward_head
46.9,-0.3495115410732014,-0.10751836507746766,-0.024364004106012582,0.001364934134060563,1.570220510621402,0.03919529274901452,1.9940192219323631,1.276614516594787,forward_head
46.92,-0.29713565069102216,-0.08249988299597505,-0.011409711169207897,-0.022225845345350412,1.6001015916441448,0.03582295485506549,1.8121212331416046,1.15450434145967,forward_head
46.94,-0.3392244787879154,-0.10286011838775541,-0.04453620661175947,-0.004445894730783948,1.652457361840214,0.03878846772116352,1.7560282736558908,1.2712430028832202,forward_head
46.96,-0.2953439370852025,-0.13542130361207053,0.0092806585170798,0.015905080230887218,1.6260030263795318,0.025833273405155895,1.8701551170410893,1.1058938093857014,forward_head
46.98,-0.2925207341017925,-0.1146125305604566,-0.027886327302318496,-0.017471338718903138,1.4060960370149336,0.030402897647223273,1.8404437313180964,1.140093851196264,forward_head
47.0,-0.2802725537738296,-0.0877147753859225,-0.026952364239809866,-0.009638042662896541,1.5923337739413506,0.02608428551616328,1.8551254801489572,1.0387767990025103,forward_head
47.02,-0.33647261558534897,-0.13073588734555933,-0.02799975837503691,0.014466157349810063,1.5847713959703855,0.03566846581708166,1.854868748010908,1.1151848726075602,forward_head
47.04,-0.3578873235846177,-0.13958698844266565,-0.023802903369225296,0.0008637993961499226,1.6502030331768467,0.0339558298661254,1.8966379818237602,1.081859494311944,forward_head
47.06,-0.32654586913488215,-0.13934090406046085,-0.030244730073002993,-0.005303179281849101,1.684518129830512,0.04035893005842991,1.7660062828963379,1.194187514683911,forward_head
47.08,-0.3354609259494044,-0.11348560920892967,-0.007952742258725188,-0.00022172550444049028,1.7161476932392676,0.01878901202159874,1.824173898858649,1.1135528019137881,forward_head
47.1,-0.2903060845730797,-0.10662047876937523,-0.008001996990471287,0.014010972552422448,1.6185612226748898,0.0391892405120739,1.8612339682436743,1.0775312692786454,forward_head
47.12,-0.32535993622706966,-0.1287280975176747,-0.016975532109147578,0.010896541913520278,1.619331088208294,0.0358642708691478,1.8149873521965527,1.1925798874884335,forward_head
47.14,-0.34292809372797667,-0.12199726685719112,-0.028075669734457534,0.003702407992734813,1.5811838085439522,0.025399505173494263,1.7058413279849434,1.2107965208872113,forward_head
47.16,-0.3061096893139567,-0.07480279846049609,-0.028704111153992334,-0.0057345938203240045,1.595939388616932,0.030619750541904845,1.7771315612782952,1.1520003160669414,forward_head
47.18,-0.320408024479441,-0.12203277150482907,-0.008777804607544844,-0.02610325700054318,1.4570078796588262,0.023723218230881405,1.9115055321266154,1.0410667244723233,forward_head
47.2,-0.3418034995735009,-0.14074800324612774,-0.039079816274132734,0.0025892328840938137,1.617354976753331,0.03553434119580385,1.797987826271856,1.2224725702384134,forward_head
47.22,-0.3087128407424385,-0.120693791130238,-0.01934020975052353,0.010797185369656084,1.615706584497908,0.026589326100156536,1.8897033352235533,1.2463617154247506,forward_head
47.24,-0.31329802048895256,-0.12356393489309232,-0.03135414760964127,-0.017996062266403316,1.6266984371111366,0.009894568984854198,1.8364670487338928,1.2964116036256466,forward_head
47.26,-0.33107511616613444,-0.11117644923917915,-0.046013183262324,-0.025489762479030974,1.6239840386158684,0.025752596444948744,1.8150301750940045,1.12550601269329,forward_head
47.28,-0.3308253211782906,-0.11014862658273572,-0.015709849238989156,-0.006777737605120199,1.5136137057063122,0.027998306869561507,1.8460704521292624,0.9964220918157257,forward_head
47.3,-0.3483349170061286,-0.10775297532905,-0.029536921036221585,-0.01895910551555992,1.57583561465416,0.038430942071613926,1.9256691680370295,1.2066864598136422,forward_head
47.32,-0.3105120569998364,-0.09464312702210866,-0.012646237164795703,-0.008800154948100746,1.6182283957405832,0.01851299031151086,1.8392326994616888,1.091056576955975,forward_head
47.34,-0.3199192598013553,-0.1465378894148235,-0.004314143673740269,0.0013967082834840932,1.5642037967352678,0.011567678667122668,1.830808148185673,1.0677823662222794,forward_head
47.36,-0.3669701343654615,-0.09072671599962104,-0.036849535969431996,0.010774178428252153,1.4857247899986419,0.03724080174771467,1.8883935763554818,1.152544958409651,forward_head
47.38,-0.32584737292124,-0.1335226580242633,-0.026229770039952832,0.011451625912900661,1.6283424866816432,0.027916568590638343,1.9847364044974338,1.0753711259129253,forward_head
47.4,-0.3256016582199582,-0.1532432740466441,-0.03209622852753317,-0.0028919461924368246,1.7320304396050579,0.025795859950247645,1.8025527685738918,1.085091960632507,forward_head
47.42,-0.2978384200568035,-0.1254567581195895,-0.027874452320650996,-0.013650754483682331,1.5741286877328315,0.022789126665022346,1.8577016630823548,1.1609210420752898,forward_head
47.44,-0.37776690349565634,-0.10836787227030463,-0.015163736527893967,0.0031092512876786963,1.6131494564266613,0.019986287786671966,1.926720682580672,1.1388335177871236,forward_head
47.46,-0.3655209739162074,-0.10476036613722986,-0.03083435452401911,-0.0153430386585968,1.566314803219779,0.02612571539944524,1.9114893708331164,1.1349571461614407,forward_head
47.48,-0.3390713041548652,-0.1382953539909742,-0.028730304464639908,0.008187600439129958,1.5803661835323348,0.023135096116881845,1.8160590246505177,1.1413759487980104,forward_head
47.5,-0.36622996437466687,-0.08789966345058378,-0.013520311449696157,-0.013546484485642519,1.5633040266386637,0.043163010006232724,1.7889736648406454,1.1268445956393243,forward_head
47.52,-0.357086268762737,-0.11741540652009579,-0.03670010807981725,-0.002792586006710487,1.55037685828381,0.012619050246053285,1.9097813491844091,1.0399836696873046,forward_head
47.54,-0.3010859009901134,-0.10633263881665445,-0.05028458102674014,0.006949873121827543,1.504438920680507,0.024268363586227852,1.9233354017001127,1.0527333377166785,forward_head
47.56,-0.29626867445620786,-0.11570605494835322,-0.015368699338543158,-0.007845628399817626,1.6367984251977004,0.02532985271428386,1.8071041608264693,1.2005325430856826,forward_head
47.58,-0.32386601867378956,-0.14213802441519652,-0.026008346574162913,0.02220345190310065,1.6556087973290243,0.03420187844200588,1.9640343535359623,1.1150489561436596,forward_head
47.6,-0.32181336387526877,-0.1193670052181441,-0.015341832197578974,0.010578886113762977,1.5295273001097978,0.043525877855973845,1.921212356665757,1.1609709942887148,forward_head
47.62,-0.36138731985909534,-0.1204428206610826,-0.013979701824435956,-0.017874361640850482,1.5526427503560811,0.025176065477545806,1.8362566109491236,1.12691870624802,forward_head
47.64,-0.33008142384434924,-0.11105099408625065,-0.025075972104095262,-0.0031432344807688587,1.6025027162622723,0.025185041116334753,1.944076685189841,1.175872040884481,forward_head
47.66,-0.2857698998998605,-0.13335067731680483,-0.003166525731387636,0.014094456742792855,1.4765166344362386,0.031266274435847806,1.8440468133495682,1.1127701831424779,forward_head
47.68,-0.33006051023892163,-0.1070763742939785,-0.016101229688617383,0.007545220852871353,1.5764219965139152,0.021170486096737953,1.9883522641192959,1.0628523965004535,forward_head
47.7,-0.3085405341505584,-0.12020243141723101,-0.03484106849148109,-2.643418780011912e-05,1.4644574453062154,0.02758730286097106,1.8534831946594685,1.146562972515415,forward_head
47.72,-0.3069922401947349,-0.11076519559553279,-0.016736517994239204,-0.027403992811268835,1.39237805124262,0.028454058583076234,1.849146463074056,1.1110190697640205,forward_head
47.74,-0.29270002397623507,-0.1090811923000586,-0.018322755830170376,0.026945457613884092,1.526546240845268,0.026103619255456328,1.8116897042212012,1.1714878996447262,forward_head
47.76,-0.316662975836724,-0.11579526375433584,-0.035609961467025046,0.012453586897136739,1.6101929425555122,0.04897841352844724,1.7900609117765112,1.1405043296165356,forward_head
47.78,-0.34622925080471634,-0.10751717365005789,-0.022639293403236754,-0.017849617783155365,1.5964227754276723,0.035505952829127864,1.808714012529211,1.1630225577518625,forward_head
47.8,-0.3329710058206402,-0.11607941514949564,-0.0366938438351941,-0.0053480640442783375,1.5722360304025411,0.020992807423260033,1.7703676818345855,1.2461501398748782,forward_head
47.82,-0.29854076344344044,-0.10259351699925891,-0.009547533024676697,-0.0004049330906156518,1.6253128570405706,0.041363929436011734,1.8667197984910702,1.2016755582776837,forward_head
47.84,-0.27015209236643983,-0.09679611258735699,-0.005951357316334314,-0.0024128777480293385,1.6324777223506302,0.046929522619488455,1.8492342191700781,1.0832759866967034,forward_head
47.86,-0.288849807815376,-0.11924074950388616,-0.034751755933710465,0.008766438209459425,1.729000824352175,0.035000698747693314,1.8163489666502017,1.1785333561051383,forward_head
47.88,-0.3336668126314408,-0.10362289196781772,-0.02777313018091026,-0.0029448886690345883,1.5740119685417742,0.05119441891983115,1.894059246093974,1.1895212318099184,forward_head
47.9,-0.30415132870163036,-0.16125484088557027,-0.0019000781980509165,0.0170291177169061,1.773721141961937,0.03301823045815522,1.9445822484745665,1.0756864792460659,forward_head
47.92,-0.2961072512634367,-0.12287808759581684,-0.023731423267479484,0.006820893737214895,1.6079842781483582,0.02555676871897243,1.8789031031154049,1.1209623395300579,forward_head
47.94,-0.35014054556557145,-0.15057581933547046,-0.03396525820531817,-0.0011838716070424612,1.616232352116072,0.041922375389803125,1.7753891410061875,1.2119596769315628,forward_head
47.96,-0.3103846839145822,-0.1187681307477372,-0.01730546647773419,-0.020113037574980643,1.5936191473416996,0.02590565727792374,1.8484264065849836,1.2321462095273994,forward_head
47.98,-0.29884798879922225,-0.12480303048517451,-0.01733381675319102,-0.005466340912562787,1.6529680118861878,0.044442289374691524,1.869183199333116,1.1414176684402824,forward_head
48.0,-0.3184343824680961,-0.158455245878221,-0.010840763897623298,-1.0931502973893327e-05,1.460059717353604,0.01500054591295216,1.7649424271042353,1.15856156782046,forward_head
48.02,-0.30758647966071034,-0.08880763664977219,-0.02185131503297172,-0.005743608914795831,1.5611230320209206,0.027676406289233773,1.7134154357890443,1.2069470294218367,forward_head
48.04,-0.35094151309610394,-0.10428696715657626,-0.029234918977776744,0.029066678512159466,1.606866094620787,0.03494429236848553,1.8107174653262326,1.1840999047525032,forward_head
48.06,-0.3396600559674347,-0.11937968436282032,-0.01582588333881908,0.002228220078626774,1.7265083121033205,0.013452899780830418,1.881648854678983,1.1418228605576455,forward_head
48.08,-0.32510436286600336,-0.12208154878731886,-0.02397932772937526,-0.0006017954809685348,1.7011314704592377,0.037976710787988734,1.8869229991913572,1.2188349491824642,forward_head
48.1,-0.31450373423340455,-0.1362524202155021,-0.01980289237050309,-0.0051975458098375135,1.6910743628472313,0.037437317758017744,1.7954209853209493,1.18758004774676,forward_head
48.12,-0.3275768789681583,-0.13062981260494727,-0.030397609035978507,-0.013583558705237133,1.6358628189221707,0.03495495987226417,1.8143473043744278,1.216664537741175,forward_head
48.14,-0.3110199104818519,-0.11879476407561904,-0.024083092636735037,0.01167586093440894,1.6467371334875422,0.03641869133860921,1.900624369482379,1.1729527864605775,forward_head
48.16,-0.31374740312746563,-0.13603987103438728,0.005208972197890192,0.017039865593168006,1.59179221212844,0.03643026763255315,1.8258065196872078,1.1711287101971044,forward_head
48.18,-0.3345509343638045,-0.10995759341672522,-0.022715969281676022,0.013328434953051865,1.6339768216751192,0.028400557127170933,1.806073768551565,1.070822293901352,forward_head
48.2,-0.31795430755459597,-0.1255961139234431,-0.04309021973832999,0.007627522252367643,1.496957283812594,0.027578258902017552,1.9362034522412652,1.2113106735411732,forward_head
48.22,-0.3329132379458964,-0.12242441507633874,-0.04336774429083819,-0.022920456353498677,1.4751298328099545,0.025907380958849924,1.819009063094985,1.0989007178187882,forward_head
48.24,-0.31170002005524183,-0.12569276432124066,-0.009215253336415118,-0.03355741463328844,1.5488371575383284,0.02776367368345766,1.8673355384238344,1.1365248214451216,forward_head
48.26,-0.30875142001402844,-0.12103103554497477,-0.014643802988550267,-0.0027752214490975678,1.5469559450303947,0.03484973276850702,1.8714653331117077,1.1472607796740033,forward_head
48.28,-0.3736663086512572,-0.1113897859631414,-0.03469154444685896,0.0059256019422876055,1.6079562896930548,0.022315491096157127,1.832723412125472,1.1551368844145875,forward_head
48.3,-0.3356612319042207,-0.1358955165532639,-0.025371289869220007,-0.0050768573364464165,1.5688693227780812,0.03876770064290721,1.8690905304940388,1.137434644402042,forward_head
48.32,-0.3312587427338996,-0.10750525982573594,0.0010967886872652382,-0.0026877944145311714,1.5258923966761544,0.04181101977144591,1.8819182405016113,1.0733672238260472,forward_head
48.34,-0.3463795114822456,-0.07346008164154715,-0.03458120190736558,-0.0030722620401566433,1.8201910649634532,0.0286618508833709,1.8069584076525689,1.1776504931715306,forward_head
48.36,-0.3028008718410944,-0.11226160281974497,-0.031240286840416444,0.00382583511726497,1.6383744994948237,0.02276924959977709,1.891545862242195,1.0929391000612927,forward_head
48.38,-0.30969980982133394,-0.12806208295964816,-0.008787268013579113,-0.007301025309530525,1.5651159759133908,0.02575062491661439,1.8619121177163895,1.147892190607668,forward_head
48.4,-0.3475128855013851,-0.09173543137652687,-0.0207483768985072,-0.006562366579179814,1.7159538717299598,0.026994669946048582,1.8700987763936197,1.214483830669062,forward_head
48.42,-0.3226944520373271,-0.10440127487583437,-0.030094914606750376,-0.00592701221704932,1.7124034594980804,0.03783033866328915,1.8096152647253052,1.1089025156264516,forward_head
48.44,-0.34789632321259206,-0.12835866399734017,-0.031347491585295206,-0.013254971105528222,1.5432157322700824,0.03575441566412073,1.879083526629977,1.2378056863746456,forward_head
48.46,-0.31802400270248665,-0.11394372564275441,-0.023317841754167446,0.021801603476393955,1.543674727023695,0.04339108465709158,1.9002183605564567,1.150948757727499,forward_head
48.48,-0.3022211167778774,-0.10184145336049813,-0.0010314123805985377,-0.025352010778529513,1.7540706306641825,0.028814299015772486,1.8726815179945693,1.109035939162915,forward_head
48.5,-0.26238775391079,-0.12567774288381864,-0.01730279620561977,0.011421665566066498,1.4134637360836118,0.032749038842656814,1.8951190324840168,1.1242955545896525,forward_head
48.52,-0.36855223776325335,-0.1296822608058139,-0.02468971515840602,-0.007498217269979209,1.7176993254625872,0.022950412532508985,1.9556135453116972,1.1511177500651342,forward_head
48.54,-0.2934148343700873,-0.14055406508832347,-0.01866662235136494,-0.01232834408918858,1.480247539605157,0.03683206543384073,1.838390036716402,1.2911574961975416,forward_head
48.56,-0.26620809446937743,-0.1198617704878606,-0.014870868912441793,0.01937090781054518,1.6876694504894645,0.018643551136912417,1.9039348221443835,1.0709427996197012,forward_head
48.58,-0.3311426487794295,-0.11565332227067725,-0.013235882759627202,0.009586311775008198,1.567403880741739,0.035826881876161926,1.8160744424932904,1.3061983308562228,forward_head
48.6,-0.31976466401129094,-0.09691581892036073,-0.02493587554905824,0.011008914188210548,1.62527435280593,0.016338700154278782,1.9428722313684603,1.0210591925411994,forward_head
48.62,-0.3088779014084323,-0.09706019626953083,-0.010644275421033616,0.008138018475739583,1.5152806481716046,0.03020702099971471,1.8820046173314917,1.2497088823910354,forward_head
48.64,-0.35775187580357115,-0.10817958508668389,-0.025695616509504797,0.025490739826162057,1.6039745849485707,0.046647507902732026,1.964638825942127,1.13508922161438,forward_head
48.66,-0.32123057330475363,-0.14947051918434565,-0.02827271014710989,-0.007962339758965466,1.5942214661781862,0.02561736898407822,1.8137911755597205,1.144918994709278,forward_head
48.68,-0.30270696616514836,-0.1487193592486135,-0.04645623064192102,-0.009180447050823659,1.6715545108238392,0.04921636095894841,1.8899136906962113,1.1380929652207463,forward_head
48.7,-0.2699283716273576,-0.09448107801379053,-0.029182920676026184,0.024536437855622765,1.6477387365207325,0.019339291988068028,1.8885182546990684,1.1812007496711483,forward_head
48.72,-0.29783080323194955,-0.097782689022537,-0.015505882075253991,0.007979524741771332,1.6970803359216076,0.026244324588587123,1.8232849369521438,1.0626993873068962,forward_head
48.74,-0.35315805099522857,-0.08430365730417792,-0.02736710481623425,0.004446377876632306,1.592148426064399,0.03367290163049037,1.7823692909982758,1.2562719077875713,forward_head
48.76,-0.2871074040832854,-0.11554716027672902,-0.03374697787421906,0.001993290435928595,1.5560629729727253,0.021585590257166568,1.9067569671473255,1.154300394230056,forward_head
48.78,-0.32419384851627076,-0.1178004019433198,-0.049286517292493955,-0.029390887106761427,1.621839773215079,0.029034102133272597,1.860539996038798,1.104716226712561,forward_head
48.8,-0.3007758764298345,-0.1155093490322074,-0.03754894285253633,0.0003596107765793022,1.6287054740114058,0.043800801348931,1.7960030232661555,1.1702345881482537,forward_head
48.82,-0.31734730310300746,-0.13359464043735159,-0.00630330042462763,-0.01762103690507936,1.6537893756817958,0.03194753128377775,1.8257212556130322,1.2273100787022637,forward_head
48.84,-0.3446098917218501,-0.12818272567092345,-0.011087538729422466,-0.008305240643398768,1.7962711832049465,0.02252629246127785,1.8613045329694422,1.1267354910466423,forward_head
48.86,-0.29517531876220293,-0.12405234405715525,-0.019793056020770288,-0.00038852583686010885,1.7312671536830089,0.03877515608034325,1.9515881450418373,1.1055564515512095,forward_head
48.88,-0.31644961730237675,-0.1001292742222296,-0.016460024722498374,0.002373376583421677,1.640754006889223,0.040301396377726055,1.771126303788574,1.1670551962717823,forward_head
48.9,-0.30976622662447806,-0.12627520879791254,-0.028662714563005783,-0.005462022304693825,1.5794048891579566,0.033442679009118674,1.7640478206203567,1.0361453506548335,forward_head
48.92,-0.3343063469490989,-0.12225917466698204,-0.05154550079612245,-0.010988600917828122,1.5515242241958813,0.03317904538154353,1.7993541099067405,1.2227587878547348,forward_head
48.94,-0.3164740325392586,-0.10570819866371388,-0.017000286582364542,0.00786618605899176,1.6447780977091968,0.03029576668640277,1.7817080169527606,1.2796046169026511,forward_head
48.96,-0.30318984588355946,-0.12297634682674174,-0.026845154387108223,0.0022284055388968227,1.5182535435360884,0.03910193833328332,1.871340647769647,1.1839463487964494,forward_head
48.98,-0.32028366860274465,-0.10851027692477727,-0.03208478622931145,-0.00991954551540361,1.5785085756300075,0.026753605083302007,1.907259278186788,1.09598395074939,forward_head
49.0,-0.2976635858996166,-0.12089156234854029,-0.03562475416386544,0.02120023717076823,1.6335428824421692,0.02944057383695296,1.8487345718960813,1.1655017745985703,forward_head
49.02,-0.28442819668779645,-0.14581701857094326,-0.00226645650051286,0.019372223925132527,1.464348562519008,0.010085513836096347,1.8377010797790334,1.1742321550081667,forward_head
49.04,-0.3200580803273874,-0.1376126248943294,-0.02509454895083447,0.019325738667802687,1.6743186664947314,0.04935320017030921,1.6751369968847678,1.0625978469520856,forward_head
49.06,-0.30061870904715904,-0.10837751445587485,-0.027985353191299668,0.002324935738379281,1.605136490942353,0.023149804281242137,1.79337920438143,1.1442341447303022,forward_head
49.08,-0.3206025133927524,-0.12234859871735025,-0.012890952138608872,0.006584936050532055,1.6506829148148194,0.027196042815935094,1.95535242597091,1.122221363546934,forward_head
49.1,-0.33239874395822816,-0.14191029995688623,0.013789822417595488,-0.016515683784858043,1.6057353175644224,0.029079882847298535,1.727085047775771,1.1894945947904105,forward_head
49.12,-0.3321036245724596,-0.09607796204940652,-0.02595479901518284,0.0009558532386662674,1.7054676327333738,0.03380565256248029,1.8263980975137881,1.167037755740065,forward_head
49.14,-0.30481585937880473,-0.10415850380118373,-0.012007435657699558,-0.011241617586087655,1.7315458189764712,0.04163297629865321,1.9001121890713903,1.1608558057804144,forward_head
49.16,-0.2914647502897405,-0.12531249642352174,-0.02639568881088982,-0.000601589346141819,1.522069192006266,0.03968277098849568,1.7942925015201163,1.191625670504746,forward_head
49.18,-0.2968243394084954,-0.08368689247747604,-0.02380493302700692,-0.02017146148682121,1.614992902505059,0.03262779206571389,1.708447390419395,1.137337310752013,forward_head
49.2,-0.3078875710539204,-0.06635796756914143,-0.02470140633182698,-0.019139415371742376,1.5589995618202568,0.031081004608829378,1.8728984556731938,1.187808972731444,forward_head
49.22,-0.3446723021591008,-0.14752122543636,-0.007655885327132795,-0.005173610457714569,1.4420389874628934,0.0192708886689543,1.923158736751668,1.1726140535882748,forward_head
49.24,-0.2879918527001036,-0.09151276008232671,-0.012770209868208243,0.014681634619580977,1.5878385642563781,0.04277899439094753,1.7092385926712323,1.1912149778763819,forward_head
49.26,-0.30119718633335507,-0.1455852577042846,-0.02449720839336608,0.02528754533454875,1.4784167625565923,0.027298890836402707,1.791510326499821,1.243255270409405,forward_head
49.28,-0.29122170421195104,-0.15118998209157125,-0.02138805225667254,-0.02042233534493231,1.7465173744205382,0.012274595214740034,1.9537565855107868,1.1847797962497408,forward_head
49.3,-0.34175947520471256,-0.1135079781558778,-0.0107668939389981,-0.0004003530119319459,1.5734063603346025,0.05163932343314573,1.8005873075504413,1.2323486582396714,forward_head
49.32,-0.30738435680361376,-0.12438845778275547,-0.0219399172409112,-0.005426905965769244,1.72689417172498,0.026478500915276603,1.9500351153279263,1.2274654644663163,forward_head
49.34,-0.32496215400852335,-0.09245984328224802,-0.03236233901902344,-0.006097359000987126,1.6067165217680044,0.014264492896047332,1.8788486410043348,1.128577109786832,forward_head
49.36,-0.31386924995785753,-0.10106090665249393,-0.017704791052164697,0.020816967227295372,1.445896213489006,0.024078560737615596,1.8889558783032052,1.1277486335660443,forward_head
49.38,-0.3390661320734727,-0.09742159340657604,-0.004451888134910761,0.004820424960932789,1.6641133766898784,0.0432769748920323,1.7890844273156066,1.1688305915388308,forward_head
49.4,-0.3691384988209928,-0.11974501580549311,-0.015257092292906987,0.020308762931998153,1.5401121422566424,0.028033471207396906,1.7333649771493687,1.2042265010652782,forward_head
49.42,-0.32513299079960045,-0.11833571340954074,-0.00863752135622749,0.011911665169456104,1.6143878009514987,0.023373501931412317,1.767954574673322,1.028109010918005,forward_head
49.44,-0.27590959597292797,-0.16532419947858407,-0.0221532987839646,-0.015140239044588229,1.4992779811987271,0.03992604404695952,1.7703857058074959,1.205943096604898,forward_head
49.46,-0.3229723964534126,-0.10666015835998699,-0.020138898157631008,-0.0055523065072024605,1.5325483153318205,0.014283848472933312,1.842819886914156,1.1374884909526166,forward_head
49.48,-0.30071935216901774,-0.12975991942625706,-0.023475172284090504,0.009086488741035778,1.6064594681416204,0.033068018649534486,1.8851776079619587,1.2491642299611003,forward_head
49.5,-0.34693520692712426,-0.07799793811632097,-0.0009395317094069231,-0.010422201534055271,1.5370725557211007,0.03487718456407148,1.9100136903788874,1.2646643837217961,forward_head
49.52,-0.31336738196702774,-0.12238181283800777,-0.04003894989371494,-0.00891759346189412,1.6946827601313152,0.023900813740743185,1.8422069939928656,1.2364143159239158,forward_head
49.54,-0.3270628736309775,-0.10072425791361649,-0.011007153833050363,-0.00044000521105069557,1.5717641986717579,0.04766242129605795,1.8940368194695416,1.1178968916279441,forward_head
49.56,-0.3121679191951356,-0.1453210126124741,-0.037488720972342966,-0.0034741591031638565,1.46695906418573,0.02909066114820754,1.8376277004447394,1.246456219458109,forward_head
49.58,-0.31344253612278045,-0.127919014353949,-0.031376648316009066,-0.015949979465054557,1.61172662263797,0.02452848990362199,1.7637934265155766,1.0823884064588425,forward_head
49.6,-0.3119663633512227,-0.09771722123179749,-0.012007292378126571,0.0014681863916894144,1.6625677067768254,0.028299551277011555,1.8691500026263987,1.1441480523274963,forward_head
49.62,-0.3138556369897882,-0.12003477855305751,-0.024106990022442796,-0.01367223603835307,1.571057840476884,0.027339448300288074,1.8148216045094325,1.1048046921259635,forward_head
49.64,-0.32380884211463346,-0.10302752472204078,-0.05245993508580025,0.01986474715457627,1.6618199688705264,0.03534979036400626,1.7215885709918501,1.2647445405243534,forward_head
49.66,-0.3381636940628111,-0.10575682577226014,-0.04072569133503985,0.012928951709525956,1.4873088379330464,0.031785220376420294,1.8555448497081988,1.186846078501213,forward_head
49.68,-0.29170737319374995,-0.12146017044488702,-0.0049637755962966485,0.0018679987975960186,1.7427361906119945,0.04923807324259939,1.7825247421850523,1.1560955439387628,forward_head
49.7,-0.32276678459669533,-0.12453495568094505,-0.012437343262845981,0.020126708811194063,1.5375907376308666,0.02089455014849034,1.8328464969944687,1.0811047870692234,forward_head
49.72,-0.3315824223807132,-0.11497956771038854,-0.028907343013750742,-0.006063066968091872,1.723252823711556,0.021777179868459774,1.7837250022762614,1.0780451494528849,forward_head
49.74,-0.33504521652970776,-0.11118172891700777,-0.03232921931786242,0.013490223122986332,1.6576220518655682,0.03701302141678739,1.8657101571421637,1.1860007749597044,forward_head
49.76,-0.3264589216482959,-0.10653531375434964,-0.009683710533422329,0.012288646341474883,1.5599455083840528,0.025647908662911383,1.9041109737733877,1.1812378421003902,forward_head
49.78,-0.3359102200396971,-0.12342497740776051,-0.01544970560865196,-0.0035450180281773928,1.5338814748458,0.046545918126736786,1.900976252308857,1.077190378809318,forward_head
49.8,-0.3206608765807048,-0.10105917829724329,-0.016191877740164708,-0.020061327965439142,1.545251261418155,0.02938523832005885,1.747800666986695,1.1887193246079943,forward_head
49.82,-0.33496833435460993,-0.10589840294919657,-0.007914736624551274,-0.003802089413451623,1.6184644613795458,0.03670073659221293,1.8309838761457866,1.247543363572268,forward_head
49.84,-0.37669276503285654,-0.1120886992218951,-0.02504899278849003,-0.01395331419728791,1.608937973940801,0.02008233532728131,1.8622802174651716,1.078818027524519,forward_head
49.86,-0.3289363098254454,-0.13080823870006678,-0.014083960125065697,0.0036573332995325555,1.6353551209791948,0.025894902710436627,1.8240156765874944,1.2316990703562203,forward_head
49.88,-0.3347970330465552,-0.12151578968658024,0.011460601475814854,0.0033815718342779374,1.553003645244585,0.03370338761367211,1.748855622766414,1.17191049378519,forward_head
49.9,-0.32407652361862316,-0.11434542467061039,-0.0077698969744154096,-0.019150977320919083,1.5014304580679008,0.04632898099140525,1.8023664467600757,1.1773271122138418,forward_head
49.92,-0.3322172735626448,-0.11306502670233375,-0.036035063305749925,0.01850936732693671,1.4991395904279408,0.0440410092015538,1.7360888849619944,1.2763474558601178,forward_head
49.94,-0.3673322857492725,-0.13982322838125677,-0.003695533735686181,-0.002533141112683924,1.5807211119228646,0.03504051959105747,1.8335006685706283,1.1118903073879065,forward_head
49.96,-0.28872355245102654,-0.10763519194355256,-0.04167708492701936,0.017972300722814534,1.6620811030862108,0.02012720593396971,1.9024586526924376,1.1447039199084332,forward_head
49.98,-0.312640168755623,-0.11534369258393676,-0.023508950142298722,-0.013263884984301885,1.631228324196488,0.02109320252279581,1.8525970072214655,1.1741340005592957,forward_head
50.0,-0.3305311878114034,-0.09805371529844759,-0.0049014713923594645,-0.016457009327781304,1.4140749751604116,0.0432188662085487,1.8155009876042336,1.0855519992333162,forward_head
50.02,-0.3496605600919301,-0.1048469012718696,-0.03440875407121953,-0.012237659631539994,1.6097754712221377,0.03727054826558205,1.8601947819247993,1.098160119357825,forward_head
50.04,-0.29493903568125596,-0.11047112422050812,-0.007611338486905049,-0.008369430868129009,1.6905500380534644,0.05000606920469147,1.800813076775801,1.1534811856101703,forward_head
50.06,-0.3527284093308276,-0.07347397404181466,0.0024528235007890385,-0.017406443318301087,1.6647915454911204,0.02931458857697747,1.8934843335474807,1.1719389136943636,forward_head
50.08,-0.31193122301468273,-0.10674782380258854,-0.053845903393406565,-0.021895914452616953,1.739590419288401,0.035772911750197194,1.8162571498051732,1.1194537250522536,forward_head
50.1,-0.314667029840273,-0.09834167098471552,-0.024630694937058963,-0.002730615572649268,1.5235111540975355,0.03661283806262068,1.840698993682236,1.1471907296313766,forward_head
50.12,-0.32806979062508485,-0.09480711000515332,-0.002796962095796081,0.008200401774754895,1.5792334937232015,0.029962294171369853,1.8397145510744721,1.0969001799053197,forward_head
50.14,-0.3028607769249601,-0.10585393594741523,-0.03077232014803327,-0.0028152557804715303,1.478020812555936,0.02974919072082524,1.9046964988556243,1.1738384170694351,forward_head
50.16,-0.36582879459211975,-0.13419839659787602,-0.016136592701028626,-0.0002424488718028525,1.668969510121137,0.03182928705702246,1.8601299095396033,1.1415732552057545,forward_head
50.18,-0.31012314316325035,-0.1284724350619399,-0.025562313004596073,-0.003531192226926123,1.6709374093490423,0.02014255347439376,1.8349864207537696,1.0324035146627946,forward_head
50.2,-0.3073750994040325,-0.09962452010917565,-0.005871826642894674,-0.011918798652101983,1.6279814727536484,0.037687053108769276,1.9482166894193262,1.0994999376600523,forward_head
50.22,-0.3026314094877554,-0.13229309969910075,-0.015893662013390302,-0.015762047493255563,1.5097214441463478,0.015856859971321222,1.882804074136425,1.2428125469820428,forward_head
50.24,-0.2934563885336912,-0.12537992572510448,-0.012530508651888064,0.016462482049235984,1.576507491256204,0.027619307229403922,1.8115946726828673,1.2811920247358186,forward_head
50.26,-0.3228516507754848,-0.11476063552742988,-0.026345213756101302,0.015431172959104473,1.6527856097668372,0.030503117451867956,1.7797014019590376,1.195174161176576,forward_head
50.28,-0.29233920583443335,-0.13863236341576446,-0.0431734709354983,-0.019983436017983795,1.5147749246746969,0.03034587261929667,1.7912202383758231,1.2126036214672138,forward_head
50.3,-0.3280829628369891,-0.1479711132397233,-0.01825436192254766,-0.004208951356511493,1.7098960717858598,0.022766812368554525,1.8834898791455816,1.0724012512859946,forward_head
50.32,-0.27279229659003335,-0.11014466963990735,-0.002797078651672801,0.013701329731146333,1.752106205397251,0.029892533831433053,1.7912916097057754,1.195567650386293,forward_head
50.34,-0.3588487396067486,-0.13736833665425768,-0.020350826209661214,0.014486099444440532,1.5041935367495884,0.038199972079682995,1.834675106715356,1.188702756383709,forward_head
50.36,-0.29093470539485244,-0.10518050846503514,-0.01061316060288391,0.017233086999735445,1.5877525967995831,0.02888548163667383,1.815634947634539,1.2420416554398304,forward_head
50.38,-0.3142024309537632,-0.13065699496131264,-0.01589136106843141,-0.0020602813378050914,1.6520738945450781,0.011403467335775182,1.800253975303154,1.1081783911677434,forward_head
50.4,-0.32649781513983933,-0.13148081908855527,-0.023108297365969047,0.010073229560666318,1.7437279243847397,0.020386285178436315,1.8354390042730364,1.322114082835776,forward_head
50.42,-0.31933745348409576,-0.11936909336157452,-0.023168863787254256,0.027904662090822346,1.594654469030018,0.030669685907717934,1.9821138883887681,1.1600058298075508,forward_head
50.44,-0.3190228670096162,-0.08431661212240617,-0.02726866386171423,0.005834011633569803,1.6876560463946548,0.04205432039505275,1.8885735360325084,1.1210296920272744,forward_head
50.46,-0.31590186348766575,-0.13129868686944465,-0.027883602374169602,0.020256324828919373,1.6325911674332607,0.0384568789984738,1.857740604921575,1.179049458541726,forward_head
50.48,-0.3107129974073129,-0.08883233467974488,-0.026810718808546286,-0.020746318537923428,1.6509863620462775,0.03341166155691136,1.8675395716231662,1.241526981570452,forward_head
50.5,-0.3424383925194044,-0.12312466942157328,-0.043233828297020015,-0.018336340178756762,1.5631524154267096,0.03342221140386801,1.8378108299588714,1.1546694361995475,forward_head
50.52,-0.31787382043242907,-0.12214060991190784,-0.03422983097816956,0.018464223892372254,1.7716916055745924,0.03867973217195262,1.7963419282631432,1.1669350910516216,forward_head
50.54,-0.28595979409904915,-0.07061076118024366,-0.020838276976222637,-0.008058783197033832,1.6677257046618073,0.029543210950554146,1.847289977083419,1.138089437627455,forward_head
50.56,-0.33387530878468613,-0.14016522085855285,0.0020914565704416694,0.004806681926655859,1.595032175875961,0.04093919798006634,1.7117071429022543,1.167833123043096,forward_head
50.58,-0.31323410145421493,-0.07854840767116986,-0.029099589899682265,0.010602394953103942,1.7456392600903952,0.036370920576840465,1.8828089177122003,1.2140748750032555,forward_head
50.6,-0.3242344686167437,-0.13039035729052018,-0.03220935463664219,-0.009495927571227143,1.4776307256815462,0.032555227661492714,1.855626071895781,1.1219374595962406,forward_head
50.62,-0.34286478818006116,-0.10274614709596726,-0.014754115324874518,0.014285421652932034,1.492032816002564,0.025476426876351415,1.878934360080665,1.1930915667927608,forward_head
50.64,-0.34034662953425365,-0.10946311598833047,-0.012395673290719495,0.010727141120790458,1.6440346312032053,0.029499876895610115,1.7451187876224619,1.2152749269200844,forward_head
50.66,-0.29901568902901254,-0.1275394653009675,-0.019327527456403003,0.008764321448185125,1.6305138935258467,0.05270126813999391,1.8905351919181204,1.1945632085395097,forward_head
50.68,-0.31121023287362837,-0.11738086629426604,-0.021539113640513714,0.01640106195398299,1.6826945796199257,0.028572975385894064,1.8087846849606992,1.1995950062732919,forward_head
50.7,-0.32312075892045733,-0.09714979902492454,-0.003814991639483394,-0.015517416073957561,1.592736158446043,0.034858772184296005,1.925859736124781,1.260643382582998,forward_head
50.72,-0.32124105664091085,-0.10902463759324164,-0.0173637380615108,-0.01639947019674268,1.7148736806738316,0.036267548923600755,1.8834475205256411,1.1236941649304781,forward_head
50.74,-0.31489747997688317,-0.11974909802213238,-0.013596240068645784,0.008047047554020578,1.7075127687558662,0.02277586123799917,1.9279608912002202,1.0929189853450707,forward_head
50.76,-0.27523143468377664,-0.1140370045181418,-0.013549889287678524,-0.003375180602104344,1.7239555164277929,0.038356343948112506,1.8867447282398624,1.1160621509745947,forward_head
50.78,-0.31009332532715655,-0.09241468126673352,-0.02325062022857013,-0.019496271474038786,1.7316732789493423,0.02759140473935547,1.8316578763813738,1.2150814041473905,forward_head
50.8,-0.34547432114383014,-0.12776565735586723,-0.020188431251012055,0.02474683779102737,1.7578955712135638,0.012914071055084048,1.75458978614928,1.1871015907063227,forward_head
50.82,-0.31271049590216204,-0.09960272845670366,-0.02169009973315042,-0.000504539859429604,1.6170604830899367,0.0320258056877664,1.7897812285307562,1.2582015026495599,forward_head
50.84,-0.33391581352315347,-0.12448884176908175,-0.03952417998615542,-0.00744234069503839,1.5126301182057662,0.034408237858495345,1.90477651397501,1.1219116056524305,forward_head
50.86,-0.27150035249926746,-0.12081858772738775,-0.02863890358737377,0.00345590401297076,1.6464281819701192,0.037713067554872956,1.9020961441817739,1.0808222664890037,forward_head
50.88,-0.27773996632970827,-0.10065775892878961,-0.025953841872331435,0.005808299072289174,1.545873059304033,0.025998312511048435,1.9138810616205844,1.169397732791728,forward_head
50.9,-0.3030439130706223,-0.08576903977828024,-0.025557591384789427,-0.004843749132939427,1.7063471354625102,0.024070630730256195,1.7392481226298668,1.1831672551906547,forward_head
50.92,-0.3083116693941321,-0.1323209528277059,-0.016582663016596718,-0.03691790641732289,1.5821836130572016,0.00011987282746359899,1.8039542161977429,1.1176092025516102,forward_head
50.94,-0.30648980403653014,-0.10411101989768604,-0.006007271555647054,-0.031321211963232516,1.5753125763525055,0.02808770165070537,1.7819677550807278,1.183257590067168,forward_head
50.96,-0.27426881684513926,-0.12219983659676367,-0.002910364332145669,-0.011606964654047053,1.5079893720290507,0.03839286918898146,1.7806539549186753,1.0876063871001724,forward_head
50.98,-0.28265550933110406,-0.1295117558163028,-0.02473561098884523,0.013863468207686186,1.568653469026806,0.03172159298756742,1.9681293147307208,1.1086460126117998,forward_head
51.0,-0.2704947033282843,-0.12415380136231677,-0.0024845311692765987,-0.02315846564745243,1.5982429245765906,0.0270135641686376,1.8285390058088897,1.1641864500406005,forward_head
51.02,-0.3102952169209799,-0.12797166398247556,-0.0009464719250229831,0.003115589497729161,1.666195474466373,0.029658054440417633,1.9190146336229161,1.1045957434359266,forward_head
51.04,-0.32192603778981566,-0.10291509873576087,-0.04136919761475897,0.011166485298977229,1.5375851170965729,0.02924870433602487,1.8667440170232852,1.2168766090097327,forward_head
51.06,-0.36717920772348306,-0.12135351568479595,-0.0275167137457196,-0.026743952497308782,1.5587493748781194,0.029889381927974062,1.926991004753756,1.15596132638922,forward_head
51.08,-0.3549635605498435,-0.10796609997123638,-0.02856513681545632,0.0034374006071915242,1.7168470623109153,0.010856633769114474,1.8468851916345561,1.146414925690232,forward_head
51.1,-0.33788174574280117,-0.11609381525718238,-0.005694703900806456,0.012063845053302718,1.5213112888697682,0.03550892446156737,1.832922328287843,1.1162155089585433,forward_head
51.12,-0.33591802340364635,-0.09079325898899761,-0.02373201494653368,-0.005363837846410785,1.6468366597524575,0.03734622709610657,1.742213344394637,1.170842021315537,forward_head
51.14,-0.3213378309016754,-0.11885469385522683,0.009775319470304765,-0.0029389691659831773,1.656932815503598,0.0315783432721239,1.7853313106069246,1.1891983005498155,forward_head
51.16,-0.29028175346237783,-0.10422693494557163,-0.032843333544177095,1.3527440215842612e-05,1.625941085445662,0.031456463089874015,1.7933347230811987,1.1564870572477404,forward_head
51.18,-0.281002046582984,-0.1429966265503138,-0.007156340623116549,-0.007748032549707411,1.7879495197200723,0.06607148494566724,1.9646381166512201,1.2265784858275326,forward_head
51.2,-0.2995723138545767,-0.11997811317374028,-0.014940083946854706,-0.006566360250070706,1.618594535320725,0.032459534970162345,1.925241771217992,1.2302818803845246,forward_head
51.22,-0.32060511653161156,-0.13503588060713978,-0.008128368898774368,-0.004551475241458899,1.63019720878205,0.03822619794336022,1.9006552516839907,1.0829013746218394,forward_head
51.24,-0.26119907054114727,-0.10770733245885895,-0.0230025655315014,-0.0032243918615292634,1.610317234937761,0.0431779114749234,1.9019117944553896,1.1124435929540102,forward_head
51.26,-0.3565318500815132,-0.11800157412504547,-0.04082275828236977,0.018106174979390786,1.5835857528662116,0.02102430348355285,1.7126476849993684,1.2556900305521241,forward_head
51.28,-0.30992151981413185,-0.11606213767676773,-0.006048170553288836,0.02659088387760531,1.4402081779711073,0.03200323460518471,1.7962395202487287,1.0754000100189802,forward_head
51.3,-0.33634227559028196,-0.11067687165499232,0.0005294407442201903,-0.0015957866862748398,1.6497115073838777,0.03181467296630309,1.8328972312078657,1.2213165033432265,forward_head
51.32,-0.31446161440600506,-0.09822054045120737,-0.031806848368181345,0.007622424896897386,1.6428073404728394,0.029766732400622633,1.84095725298635,1.1971624324861174,forward_head
51.34,-0.2764435807574641,-0.11266723018159493,-0.01650989980273212,0.006942559885464396,1.7157469611508125,0.04031169735007841,1.82081261245928,1.0638129453610152,forward_head
51.36,-0.3166876443882187,-0.1179375167730046,-0.010567792558922519,0.024899847264429644,1.4727963438278635,0.044259556323538965,1.8394985396190011,1.094284609952017,forward_head
51.38,-0.2989899779003804,-0.13457159874573515,-0.019582815686914293,-0.006531057073313026,1.6641214302370086,0.01716212125149347,1.7718898913806165,1.1556418918271287,forward_head
51.4,-0.35062887258024705,-0.1090727300246646,-0.008113584639552003,0.0060247717931656555,1.7399141340209257,0.026324034843623213,1.9298632714582802,1.1918984593463902,forward_head
51.42,-0.3047966768567635,-0.0950516639396597,-0.027084524108287714,0.01085631610317209,1.5495682810589957,0.031608814345479214,1.8946013208377743,1.0384630739032987,forward_head
51.44,-0.34858210507141735,-0.1025165124520808,-0.014542205367461857,-0.004544867377859109,1.7078167793127732,0.01969961423032364,1.7511013451577928,1.063473383278688,forward_head
51.46,-0.29406280044137195,-0.1429288996217346,-0.01049423987520838,-0.003969419842519528,1.6070855601430103,0.02754320263688227,1.8231150301532317,1.1661912447762697,forward_head
51.48,-0.2928808577341467,-0.12111305966500992,-0.02804879940025607,-0.004367174375190023,1.617398193612912,0.02135001716099654,1.7810063705206323,1.1171107605480142,forward_head
51.5,-0.3346224885556007,-0.09643677474580854,-0.011620735594897269,0.00362979807207363,1.6577272730234172,0.02149485811538067,1.7939988586753426,1.0927321171602615,forward_head
51.52,-0.3392612516976025,-0.11391738159195643,-0.021639677669376713,-0.005396277297666901,1.607811598885645,0.03687502638588015,1.7489746967666198,1.218011992760726,forward_head
51.54,-0.32379569331047636,-0.13308046067328336,-0.044230422807239766,0.010038078588380276,1.6099962270658266,0.029066661215922867,1.8598247020152114,1.1741697672132385,forward_head
51.56,-0.3418965030019998,-0.09206485465265878,-0.004568841283516241,-0.0014979342353851942,1.5170180044049,0.02946131111729895,1.9337372716396335,1.0710691017839786,forward_head
51.58,-0.32288759252559657,-0.09372014842980238,-0.02084125787449802,-0.004186562093217493,1.4889942537707783,0.03211934825179012,1.8600415172499432,1.1004207045437273,forward_head
51.6,-0.3485227469410801,-0.12157413863352103,-0.02582436028774737,0.012219883884019758,1.6215704301875127,0.023303822514361184,1.7202597042300165,1.1269470445137066,forward_head
51.62,-0.3669771655925025,-0.08964490129730758,-0.024301905626308996,0.014751075535540498,1.6957192825421858,0.040764306069076425,1.802293725529292,1.126953470696562,forward_head
51.64,-0.33222736851040724,-0.11676472645116603,-0.023000116542049476,-0.005358331375350231,1.579475142581488,0.020860612159783857,1.8088947961374546,1.2666469283359287,forward_head
51.66,-0.29063445802780147,-0.11530176212005679,0.0035916474497241285,0.0073707816530614685,1.6660780714473384,0.027218667712031207,2.002122773647693,1.0774526589518079,forward_head
51.68,-0.3071921753539388,-0.13390646452405838,-0.022798373030452398,0.004868288831465965,1.6873276772747037,0.02981791939897678,1.768815906273836,1.2499832192103169,forward_head
51.7,-0.3190880957774458,-0.11793104079859944,-0.02819856721494212,0.009254699452564265,1.6403125775405143,0.026705487367968392,1.836434828487233,1.087149893090731,forward_head
51.72,-0.3535188051165672,-0.0980801555904033,-0.014514364031719315,-0.0001385475502781281,1.6857310865915625,0.019763651640185828,1.9035993179628665,1.193890115259021,forward_head
51.74,-0.3362671129533729,-0.12508195436646644,-0.01960064524973246,-0.0014904437295529698,1.7503177776290404,0.0465874233467933,1.9249011051996878,1.2341627012540646,forward_head
51.76,-0.2967371518373077,-0.11808257239595911,-0.016246800210671767,-0.006391495902155798,1.7539361776049536,0.022830034563510373,1.8466019098537807,1.183310566727011,forward_head
51.78,-0.3190061442487262,-0.10872315714421252,-0.0029327523535312137,-0.03173087271544277,1.5441364816710266,0.030626617834677638,1.8694185282782034,1.1367764030444194,forward_head
51.8,-0.3002584508905947,-0.11228792388346931,-0.02047604102324148,0.02025594114330922,1.4715428920472953,0.031325769503760356,1.8020189565157794,1.1501804291913036,forward_head
51.82,-0.34418327455915687,-0.162814311629261,-0.032136586492004265,-0.0065711449501993065,1.5026564224579018,0.030456457764495234,1.7960363461231845,1.1156249603141917,forward_head
51.84,-0.36754714750067086,-0.12483182993406657,-0.033413260736238834,0.0017695774443634285,1.579221191400901,0.02716774993379042,1.7892073466433525,1.104033821957245,forward_head
51.86,-0.3027787291489089,-0.11470952068121076,-0.0066315328307685025,-0.005895274034066295,1.7140249945895212,0.04201578767239018,1.9062040432815526,1.1119712517623441,forward_head
51.88,-0.3618043014965874,-0.13353323558391167,-0.05377337623222245,-0.00574412662557465,1.5997599606647137,0.022657480671756068,1.8283139445722352,1.11816130683866,forward_head
51.9,-0.31158804768244314,-0.13937159130449936,-0.0319938246257075,0.03242812152658003,1.6776969916954518,0.026596120611751057,1.7668061902840515,1.167629585430866,forward_head
51.92,-0.3180395924544926,-0.10205032478753723,-0.021651962617631953,0.0015862181370303833,1.7299691198316802,0.037417959769105565,1.7476174727783096,1.163393618984199,forward_head
51.94,-0.30137983153233855,-0.10276125957824217,-0.03951975557676178,0.014447981045469037,1.6762405470749688,0.0388342242767664,1.8881406672503724,1.0821209590679237,forward_head
51.96,-0.3432606034308253,-0.10677256392445521,-0.021210079598555517,-0.00845933520553713,1.58797181679353,0.02754516736483751,1.8515153672428541,1.0985038118450605,forward_head
51.98,-0.3336648640138612,-0.1274531400643049,-0.023834005921036964,-0.015803862743619407,1.6559135109572256,0.02858758950286574,1.883017477814019,1.1165841232753475,forward_head
52.0,-0.2959691271543911,-0.15294263861237756,-0.021509512907596614,-0.019438039751234596,1.6352561141483228,0.022404471198484092,1.9341054549896393,1.125001425829444,forward_head
52.02,-0.2929529903306045,-0.11662400482888167,-0.01534891813691739,-0.0279472388767342,1.4442681072208279,0.02564158522932956,1.8402834925639462,1.2178648234056384,forward_head
52.04,-0.32441803137066133,-0.12609243439365708,-0.04018725704233594,-0.0037453900648950944,1.5844527886477668,0.028345015391755702,1.8842328946431854,1.2413463341701574,forward_head
52.06,-0.3270361682479928,-0.1609410891097736,-0.018617981280423485,0.0044637050875018175,1.4995533242930659,0.023505033906549174,1.9482224676768682,1.1799140525482057,forward_head
52.08,-0.3108579834434899,-0.12154571630386726,-0.0046155335431775826,0.011385063760659581,1.549240872066264,0.018271985778794183,1.8938119906821929,1.0656822709357552,forward_head
52.1,-0.29794013613227815,-0.12086657527981917,-0.017652160712448517,-0.023539522211520267,1.6698336287890267,0.029508303913739892,1.8611055428642844,1.1039436895371673,forward_head
52.12,-0.2850535761260859,-0.11275751729899439,-0.04773611281190963,-0.010684982095956664,1.6333897213469326,0.03632354947128289,1.8366089760978006,1.0115116058445632,forward_head
52.14,-0.26790394407820695,-0.13652593134605034,-0.03353780057158059,0.013038735802528085,1.553330397357746,0.02833783297512632,1.8450486781882531,1.0838635260059866,forward_head
52.16,-0.34998128592156275,-0.08970238480619797,-0.01576993838146514,0.004984692084041275,1.6644417967045115,0.028183899578969922,1.819771177402504,1.1696518709377255,forward_head
52.18,-0.3066102374924866,-0.11134350267405278,-0.0014070934476376352,-0.010755068739713351,1.6010142907472864,0.030281957116270755,1.8114632324736908,1.1321446296064288,forward_head
52.2,-0.30445953937897313,-0.11546589172626534,-0.011533111094123619,-0.013170509739325717,1.6362813203588267,0.026337410430757557,1.8762466344491129,1.0876365709930074,forward_head
52.22,-0.33707041980683305,-0.11117679908661346,-0.02368913865686152,0.026753412818172406,1.5254891125290055,0.026844158368235446,1.889694650370241,1.3186915051770618,forward_head
52.24,-0.3116435504400221,-0.10168064014651654,-0.012400464715713537,-0.003677470803108711,1.668025244941097,0.038799292614855395,1.9235868337330688,1.1061760558837765,forward_head
52.26,-0.3036770808692529,-0.10577332002552857,-0.023411762811830633,0.005182976200167518,1.5918966310982994,0.03851097641716583,1.9096872660611202,1.1185552363598197,forward_head
52.28,-0.29608712367238005,-0.0778524681504502,-0.0338333830044202,0.027318486301979358,1.6880901180063241,0.019402217699218436,1.9102945098875792,1.1290996463518612,forward_head
52.3,-0.3733264541652347,-0.13877710844404087,-0.018115617403591387,-0.013984212081944737,1.6982192750277745,0.03147374964892602,1.918074466676756,1.1763989083668132,forward_head
52.32,-0.3058850430240752,-0.11444612821952274,-0.029648363375619304,0.008247487753988645,1.575537791224936,0.009749015602275979,1.8494511592609766,1.0680621464082387,forward_head
52.34,-0.3408834685632132,-0.11989867992636741,-0.02199898939024538,-0.0004770202916072528,1.6154625684019561,0.04027681035446226,1.8961419437564808,1.1986997363006768,forward_head
52.36,-0.2852978601048997,-0.11593771533795799,0.002418374115714355,-0.024247590479079175,1.6686813639965672,0.036929288318434686,1.8845971317812817,1.1505624503557372,forward_head
52.38,-0.3127784197208405,-0.10770312317665821,-0.024080074423881263,0.02254213017742896,1.5248464504053705,0.0597330279796315,1.830862778683325,1.1173578967477178,forward_head
52.4,-0.32561118939758343,-0.13325660882540222,-0.025499499238173247,0.026245259550405742,1.4226679640180286,0.027469923339037663,1.988299970723984,1.1661687268390257,forward_head
52.42,-0.33163550380554585,-0.11602303098975596,-0.007130569673458329,0.005971599139135254,1.5497710247572682,0.03342701245707709,1.822108005853252,1.243048826934396,forward_head
52.44,-0.2803797360703109,-0.12464824879285241,-0.020976838461118977,0.014358144693477161,1.6140211993371238,0.033888627045848774,1.8356136530202098,1.1399386459885612,forward_head
52.46,-0.3355761933573333,-0.09523053148378663,-0.012844979546540423,0.02005529593450092,1.5531575296446969,0.030638919256163886,1.852492355610964,1.1671474019862658,forward_head
52.48,-0.33978938316886714,-0.12524236658272986,-0.03220323359822467,-1.4622530573391982e-05,1.6484685594230268,0.02983428160561546,1.7859909305691535,1.134050484343067,forward_head
52.5,-0.30751616414839633,-0.12031213355698826,-0.021469214321805735,0.006411878621283284,1.6556075123800318,0.026376482358565403,1.7771927719798568,1.2312984758369407,forward_head
52.52,-0.32171927061751066,-0.13742240942075684,-0.012635620698565617,0.0015576202845309953,1.4914826031710675,0.0283064582015853,1.876816529231114,1.3263938186143875,forward_head
52.54,-0.32704161783278685,-0.11355368449810316,-0.03636323447988379,-0.014298488767699381,1.6360057974807003,0.018957744071828563,1.915227495727139,1.2220275486480203,forward_head
52.56,-0.30112968133307627,-0.105297578551218,-0.037349039956991514,0.033217240105870835,1.5698388063744206,0.020120348018913013,1.8017215634291979,1.160376516433004,forward_head
52.58,-0.3450413858639763,-0.10557171225681211,-0.02046241856858318,0.001263598975676814,1.5898620499029457,0.01666362574498332,2.0060347437720427,1.1207935706674428,forward_head
52.6,-0.2909720134125164,-0.12920094282847552,-0.012178138300748445,0.0027738639503054816,1.635675559887893,0.03297180581163904,1.9301477828685805,1.1711125211307383,forward_head
52.62,-0.3486116114832811,-0.09417432387040821,-0.023967413434093823,0.004797757399584167,1.5468730690006116,0.039103686283465236,1.8315409699796223,1.137213578967775,forward_head
52.64,-0.37450235203821336,-0.12928090037179296,0.0010337786196981578,-0.0021203149505167446,1.681629584481424,0.017640596098880017,1.776745009399851,1.1447902539155197,forward_head
52.66,-0.30603732876693607,-0.0895214149200461,-0.03159241735999172,-0.013381795218352553,1.6129820948525364,0.033140901967073796,1.875918526526295,1.1018306237159434,forward_head
52.68,-0.31292037385396404,-0.13504448971895208,-0.003325381831780404,-0.006518432689182935,1.6986714784578534,0.03297561876411585,1.8325958897793397,1.2088469940896462,forward_head
52.7,-0.35122294910631785,-0.09612373342212872,-0.03849533006379893,-0.001382699451346732,1.5231265439293413,0.027119154816024765,1.9113502466992258,1.2156960702497435,forward_head
52.72,-0.29115589171473566,-0.1318972157036601,-0.02311618619263675,0.008308667157192222,1.6861997822619181,0.02767952920845803,1.8426038222663996,1.1169533246301102,forward_head
52.74,-0.29212964840355093,-0.13758182352411114,-0.015129968715543684,-0.0025365310851432035,1.5234667825298727,0.03232133176820086,1.8632500500084022,1.1599009880362396,forward_head
52.76,-0.3207809698243462,-0.10912062351624352,-0.010396849497948571,0.00866384375107042,1.5692550002942922,0.031121596155365302,1.8045787920063079,1.1473394925210085,forward_head
52.78,-0.33840209562451956,-0.13389709530584432,-0.03808067377484171,0.004594829512246551,1.5122745192525728,0.02567727176396571,1.8723818525577955,1.190903202180225,forward_head
52.8,-0.36051893888078945,-0.1098731366672599,-0.03930024609030664,0.007008712383998996,1.6087134422199847,0.016811607669408438,1.8723360052729463,1.1979986760288317,forward_head
52.82,-0.3554562226555734,-0.14120851105741494,-0.030807643680064046,-0.008438913052810387,1.6159898897901348,0.034935126368488514,1.7961824699122184,1.120560867795085,forward_head
52.84,-0.2939151202835903,-0.1102773523462854,-0.024164275850293765,0.010791064070313248,1.555213194599989,0.03656514376263522,1.7773025772775297,1.1466984661250887,forward_head
52.86,-0.3496929847974171,-0.12949560108345606,-0.052203780880375666,0.005604500030071904,1.51057488113035,0.024117839791789105,1.8262501861653113,1.1509533493810717,forward_head
52.88,-0.30713716504493,-0.11468382035180111,-0.011007893528588324,0.005019725293264153,1.6076270816981808,0.03730164405523513,1.8517933868369747,1.1848722788926567,forward_head
52.9,-0.31011913958798126,-0.08501579073785347,-0.01993059758495747,-0.004370982341246293,1.680585335010882,0.024483079563016083,1.7922993301631283,1.2074909955362976,forward_head
52.92,-0.29199284117885627,-0.09531643996104913,-0.025590575418800655,0.002415698310925646,1.6200213846790188,0.03178481467681959,1.794508976189052,1.0971411615566609,forward_head
52.94,-0.2991798513085506,-0.11203298616857145,-0.006346027437729113,0.0019386146578943392,1.4920601176394368,0.045360678012181806,1.7425382094689261,1.1247456058820215,forward_head
52.96,-0.3215053013382222,-0.09083285804878806,-0.019257578175294207,-0.016188081024205405,1.4850074787271677,0.028473405581706236,1.8296687086954648,1.1626646923692798,forward_head
52.98,-0.32123282910419654,-0.08992999785267689,-0.012513007994234415,0.003565132410674323,1.5872244600535235,0.03188095127345391,1.715763867184623,1.1300736826418223,forward_head
53.0,-0.31657665898027953,-0.0986079179922823,-0.025652978752181022,-0.004550626726913007,1.653290739193378,0.033940640539033666,1.7722782766187513,1.164933713226588,forward_head
53.02,-0.32469365447766957,-0.14617279695511823,-0.016972979572455898,0.006366156657162388,1.5182220170891991,0.01411156104612311,1.812643929331065,1.1965311445086575,forward_head
53.04,-0.3274908696066621,-0.13305213528294538,-0.019044067887059653,0.017502238420739683,1.7162938167907504,0.016179542801417573,1.9011947948872792,1.2065460993676063,forward_head
53.06,-0.34410152347056383,-0.09318762387298617,-0.029586161753078436,0.0067571613027375445,1.5534188166661558,0.03748793380979935,1.8821803450611325,1.2248280142410224,forward_head
53.08,-0.28386042080448387,-0.1429836938352925,-0.024798860074429878,0.009018577214868526,1.4485076139866402,0.04915248544181489,1.9219252298532634,1.0845251207715545,forward_head
53.1,-0.35406750925568997,-0.09514997434398421,-0.029269213733360708,-0.01742176607722203,1.6222189457874594,0.04240861060964819,1.8810849424023102,1.0685670782047931,forward_head
53.12,-0.33364552616637205,-0.10685577599208214,-0.016348012832738238,0.0010072441275096107,1.7357815543458093,0.02339600131328173,1.8050707514690525,1.2250410673449907,forward_head
53.14,-0.3423202109338857,-0.07442331922358779,-0.04589303675944195,0.015582168477863806,1.6098522365726198,0.037127202810414206,1.8226639148661887,1.1615307940101138,forward_head
53.16,-0.3218640989755882,-0.08536079264110254,-0.029959959537559172,0.007590639336407838,1.7396820393827077,0.026625632062660443,1.8965814701118124,1.0547170784178432,forward_head
53.18,-0.35521902102151814,-0.13768506693338317,-0.04046647561411785,0.015753030972084203,1.4752776546289283,0.045211176005398535,1.7738391051970044,1.1330278241099467,forward_head
53.2,-0.3387032975087778,-0.11199327716207874,-0.025941502648032955,0.013184316036091043,1.673413004136749,0.0316089493487573,1.867084025147836,1.094450735422007,forward_head
53.22,-0.34966454071075026,-0.1185036417832094,-0.008879169724082599,0.013736208386463576,1.5603629888180686,0.027733475550708354,1.8716014851142946,1.1976612043587036,forward_head
53.24,-0.3706439287983893,-0.1056666510823413,-0.017338066646194104,0.011582639693096801,1.5854289671107056,0.023928504403646012,1.9060858063537376,1.1999064221799733,forward_head
53.26,-0.34307769294828705,-0.10307342291550402,-0.03283149671817089,0.015452926628482312,1.679253193837203,0.037511064977004356,1.820002887303295,1.2005940444110155,forward_head
53.28,-0.31902013299816756,-0.13773675626916143,-0.02661128304284494,-0.004141004455162105,1.6216151270189905,0.03405168676096014,1.939040602971227,1.2037773669413765,forward_head
53.3,-0.2980556376224247,-0.0876514922482294,-0.010760603325851978,-0.03252938832814813,1.7142776050899462,0.0273096394224096,1.8767023559869145,1.2421388129353248,forward_head
53.32,-0.29976705735656084,-0.14253799506432854,-0.02688168197072608,-0.0008249404024964365,1.4921951818915669,0.03876118385148982,1.804629590880288,1.2766996277703024,forward_head
53.34,-0.3637751635814609,-0.14328511321221213,-0.024743802063556003,-0.014666941555640278,1.6082349437609293,0.019225209111401832,1.9525038045295953,1.204916586983331,forward_head
53.36,-0.30128294535828654,-0.11294741692240297,-0.018023719209347054,0.0004530171258608623,1.5138095733111434,0.04407606108997538,1.7763343452019047,1.1150686441881315,forward_head
53.38,-0.2900994182164324,-0.12182748626525523,-0.022711297137062977,0.012141472030824305,1.6507974235658782,0.03420179686268584,1.8475426582204435,1.1115146882641944,forward_head
53.4,-0.31592529739251685,-0.11140395986934765,-0.029056609982147798,0.0047238649380129906,1.5627254523906742,0.01700631197401554,1.83903776539191,1.2752255575629547,forward_head
53.42,-0.3085135258045711,-0.12664987570715777,-0.0222156137315286,-0.0014441387684378656,1.7582109047822447,0.029448310675857275,1.8401457529008125,1.143648608955991,forward_head
53.44,-0.3275300953437469,-0.12458253546578775,-0.021696240818335592,-0.01268611794580424,1.725981501651291,0.04118282204686998,1.9360162933905878,1.2276484798240483,forward_head
53.46,-0.34551535530740995,-0.11989048076697145,-0.021771502715974826,0.012149904519060742,1.7181040578176274,0.03367988658247543,1.8037696518026365,1.1483379589733578,forward_head
53.48,-0.30115685870951314,-0.09147216371321583,-0.008465743655044366,-0.002721932895717807,1.532921399568069,0.017362756629389624,1.8429209443301762,1.1471413429499415,forward_head
53.5,-0.2903096110604842,-0.09567218926453448,-0.017576049396639263,-0.024466729327364812,1.4945495282505261,0.03776775159917414,1.917951899724923,1.1496883448945279,forward_head
53.52,-0.3295022609915298,-0.12235915736172544,-0.037380565443572183,0.03078530235727571,1.594347463053016,0.030410184294891215,1.8516274193188293,1.235474405482247,forward_head
53.54,-0.29727002463522206,-0.09990698816258194,-0.02858976700498142,0.00960736361662777,1.5761464841043025,0.01783106471219783,1.8187345742375502,1.1462150126207662,forward_head
53.56,-0.3389136415140033,-0.0876158188991428,-0.026338413892411195,0.01362737258997351,1.6784106943221933,0.024212793487769998,1.8934050101994133,1.0899087681062904,forward_head
53.58,-0.29094759633590755,-0.12721085028526982,-0.018926537780394027,-0.0086403847670774,1.5866852251102932,0.022921369523943823,1.9157491580811798,1.0307358833244942,forward_head
53.6,-0.31130650081406264,-0.0943414449257752,-0.030750146391594922,-0.009018952226071674,1.6709551516046663,0.036435321068498776,1.8686983497459866,1.1684496972625849,forward_head
53.62,-0.3270853639468331,-0.09905318740383717,-0.044875595499065835,-0.011535765960310404,1.5646377859510825,0.03431165642559859,1.851089010644558,1.2415511112233375,forward_head
53.64,-0.3160010184470961,-0.09371046134255193,-0.03728034334447547,0.019096312533733496,1.5047313068879817,0.018318234438880983,1.9675558092840313,1.158146253070676,forward_head
53.66,-0.3071262959632459,-0.10537968671768425,-0.022002755298837617,-0.019819878328753888,1.6101404489797335,0.04259493118989988,1.9303919304907466,1.1377424085892842,forward_head
53.68,-0.2995342277301926,-0.0980051543409354,-0.02245718056171664,0.01027355425875054,1.7109555813127801,0.030827731678301162,1.9292904444025252,1.2111400478168228,forward_head
53.7,-0.312619461411063,-0.10638310528572568,-0.01826544647177877,-0.0026222374762927426,1.6280570064323794,0.04085892228953708,1.836574011876646,1.1419639261946806,forward_head
53.72,-0.30861419170933685,-0.09862975833285915,-0.017589955799336445,-0.0066348296106513195,1.456462275774275,0.03298244254420997,1.8946370295769392,1.036013869573965,forward_head
53.74,-0.3424046198948286,-0.1249472138063255,-0.025642599751406085,-0.00879465629787691,1.5985825220474243,0.030734372180589196,1.804805660148109,1.2591928509602308,forward_head
53.76,-0.31349686199088245,-0.08988464921110388,-0.015454180691771912,-0.031102406948646147,1.6223051405101725,0.02631544467623037,1.7730917187668243,1.2082989887653,forward_head
53.78,-0.34933314094162465,-0.1339509333037405,-0.014895248051119107,0.02026424056949488,1.6114834751436755,0.018425988599916128,1.8691337533508305,1.1889016261209069,forward_head
53.8,-0.2953266666316725,-0.13461813277282111,-0.0273918687750355,-0.030443655374833106,1.6254816459841308,0.033975996080053375,1.8839842835910852,1.21751738991136,forward_head
53.82,-0.3290133570206406,-0.10183567592858603,-0.03305461681919813,-0.006172511406424623,1.541695847180798,0.016591479196089828,1.8921348635470527,1.2100833595262965,forward_head
53.84,-0.31582552430237176,-0.11063183150910137,-0.009590002908872401,0.009597224572730738,1.7206691951998978,0.035367505926973346,1.8876761783611335,1.2365732359740462,forward_head
53.86,-0.3466360691382609,-0.14598138041280595,-0.01570233147163297,-0.02513541292005047,1.6518193976415938,0.02754705101513829,1.8403000431877548,1.112202375642216,forward_head
53.88,-0.31356368338189594,-0.11133908862919313,-0.04143495731627512,0.01596672819399125,1.554322038787831,0.04211556601880291,1.8682267554266732,1.1288026593013998,forward_head
53.9,-0.3135100187497865,-0.12716681353434175,-0.03918567531177142,-0.016687326660017914,1.5042852444336043,0.05310798909532332,1.8072517272519633,1.0567359212675247,forward_head
53.92,-0.3032279348143062,-0.08843930634630502,-0.003950993281530669,0.026559551928852752,1.6202879584571104,0.03462521452435767,1.847513088658777,1.1020603726878844,forward_head
53.94,-0.3336869265688979,-0.10179306742628966,-0.024932587863242747,0.013060318095692764,1.5880542328042477,0.0198227245165649,1.874368091453312,1.1299026298101207,forward_head
53.96,-0.27772523949842065,-0.10434008703579471,0.006223776272775309,-0.035362269272484564,1.5394530875211792,0.017386811974152205,1.881775027320141,1.2221997534402465,forward_head
53.98,-0.29938859699167364,-0.11482672937807883,-0.016715687348438698,-0.0030615196725704086,1.7028736446913428,0.037049595799083554,1.8697022390259486,1.2399310811544058,forward_head
54.0,-0.30560645093065514,-0.11582510840596676,-0.05391203980716475,0.015699326885628372,1.63656192371092,0.024134704418230114,1.8774649342169167,1.1309210904870062,forward_head
54.02,-0.3180053033153022,-0.08885640983240084,-0.015152078916191346,-0.008420920388091625,1.5661921208076808,0.028065587332709765,1.827832656969461,1.1808440158093503,forward_head
54.04,-0.3130631979768588,-0.10885358790849042,-0.021574535655956583,-0.02027294696785599,1.669387646606046,0.026589392340554296,1.8017894207571195,1.2319955604764787,forward_head
54.06,-0.34035184187101447,-0.10087274911990864,-0.00472751458268407,0.011495229949861038,1.5338106645779956,0.031689280750498414,1.7773087338090743,1.0938771256286903,forward_head
54.08,-0.3091224464078289,-0.1022547193861711,-0.026046625829141468,0.00802972357357269,1.560060332105455,0.027955085767103486,1.7000848414679492,1.2740166656137255,forward_head
54.1,-0.329516432409077,-0.10145751917538957,-0.0425273707522622,-0.02112998036553749,1.5229976623885397,0.0312008846788658,1.8707083839579386,1.135804713709594,forward_head
54.12,-0.32371627647591417,-0.16232390257225182,-0.013367237788630202,-0.023039925361534146,1.6657929330574959,0.035655534422597786,1.9478169258303888,1.1847458792707848,forward_head
54.14,-0.34327964222449603,-0.12909853369088217,-0.057343220568612234,0.016562207021317426,1.5013633198382457,0.027557972726020927,1.9333016765791793,1.2784751254636546,forward_head
54.16,-0.26668825791050327,-0.14887303153087952,-0.018974561070296818,0.006937991824204759,1.673253934147707,0.03028657102436976,1.7697942474350157,1.2666186234093513,forward_head
54.18,-0.30867398857997325,-0.08946986830449469,-0.03148201717934349,0.015835202069675813,1.5927618429364674,0.03329097059640178,1.8329616143042757,1.1258664564286254,forward_head
54.2,-0.29177998881264133,-0.09175497714115483,-0.019353536848658894,0.0030193861266252496,1.6602030095609728,0.029981052452093503,1.9847602103822244,1.286812228930072,forward_head
54.22,-0.299758406606997,-0.15518101832598288,-0.01772987386704442,-0.0023667008529737773,1.7162482879380458,0.042536018695238535,1.92263822271141,1.163386621269761,forward_head
54.24,-0.3399069260970267,-0.13691098499442833,-0.027583880858660845,-0.011487849587295346,1.6144991446025188,0.026423691610437224,1.885695084041665,1.1074220658392129,forward_head
54.26,-0.30344748105203034,-0.12099213287883813,-0.030045663886397882,0.0037882897958762774,1.6368369811387036,0.026814207029944855,1.7597135829349222,1.066785155576903,forward_head
54.28,-0.3108314329183801,-0.140227607596293,-0.024437633443271215,-0.023991259028029246,1.597804698785776,0.03527041239167802,1.7865453700754705,1.1018365249332873,forward_head
54.3,-0.30851370786066373,-0.14085862867896268,-0.04282923952162076,0.020678089346947672,1.5889416138725443,0.0374539841974876,1.8310797505017928,1.2149974425317478,forward_head
54.32,-0.30631401505340716,-0.09701231259211042,-0.029267532147971155,-0.024786779923248847,1.5358533826864487,0.03222139329657046,1.8994784863754162,1.1620796684909596,forward_head
54.34,-0.32979446236722454,-0.13352433210177497,-0.02834147311662946,-0.012027457198082216,1.708349740192092,0.027464662901488957,1.8867421480082824,1.1622107894162241,forward_head
54.36,-0.30730254832051956,-0.12287690687790674,-0.014698973832837312,0.002513284900722862,1.6435460450145498,0.03531246775953624,1.808686948684632,1.1393773237998652,forward_head
54.38,-0.29724830308647315,-0.11274010824642319,-0.013796604574642279,-0.008422807423386613,1.848054777020164,0.01625011954897567,1.8005176457155228,1.207247520603587,forward_head
54.4,-0.3319695042827705,-0.10869033819916166,-0.007702409435381449,-0.0008463288088314997,1.7469712859654947,0.03740924074323836,1.7638012852698275,1.1718318284771494,forward_head
54.42,-0.35187767218477306,-0.08855167721341702,-0.03339904706184469,0.014834723664678221,1.6461217391760046,0.017461634319451025,1.7705853816832657,1.1843853695289546,forward_head
54.44,-0.34106716791529057,-0.10051675632140486,-0.019407388967124264,-0.016538894472097252,1.6475948182433282,0.0,1.7556560985985925,1.2144230261873061,forward_head
54.46,-0.37164954867178174,-0.11283220568678907,-0.024415407281162517,-0.010006796160374837,1.5515059850837103,0.031546406936991324,1.8578596527020463,1.2427666592911402,forward_head
54.48,-0.34309568907767357,-0.14976128310906936,-0.0220655098762415,-0.0077060409215032035,1.5826428397223196,0.008852240122265582,1.9082426153569638,1.087679024265876,forward_head
54.5,-0.30261379430990576,-0.08749384003664006,-0.04941294873267788,-0.04319163073370398,1.4357684962549035,0.018714754503826998,1.802273322765399,1.1921123775642415,forward_head
54.52,-0.30109911421711333,-0.10729152834313366,-0.01894768184948747,0.010300077165215126,1.5788309230823783,0.03928870702557267,1.7988713704604267,1.0636873293727098,forward_head
54.54,-0.2963104740530533,-0.11851886951681007,-0.02846320279345531,0.028891844110918018,1.7325558544681439,0.032817254797986875,1.862203314126864,1.2128923545281172,forward_head
54.56,-0.33852565669122153,-0.1262211309209527,-0.03220428735227811,-0.007326411338712908,1.6116216595592228,0.007068236515580193,1.8709668529688182,1.1599526392822805,forward_head
54.58,-0.34249143385792813,-0.11429983685790217,-0.023222945596074802,0.00040633826709691594,1.6910954106274974,0.04320274364063598,1.9083620981183373,1.2957719679419146,forward_head
54.6,-0.32517870281064326,-0.10956847311958332,-0.019794409526139728,0.006994982650590952,1.6848992156169524,0.031440003641271475,1.7515016351003427,1.1456526087632222,forward_head
54.62,-0.2995278802226275,-0.12141693680350843,-0.0169268661027702,0.030780115915858088,1.645212702662131,0.030701977452535396,1.8517312713455334,1.1641226751542433,forward_head
54.64,-0.278404367444229,-0.1358150971111867,-0.022365694951322835,0.012330677383007365,1.5866063158031571,0.01811329408779274,1.9353200244790554,1.0390681643470954,forward_head
54.66,-0.2657793023549457,-0.12147178534806498,-0.00900177551087836,0.016014941178036472,1.5041186323803646,0.044100999469274794,1.759428197795487,1.24186097989379,forward_head
54.68,-0.33824533515295635,-0.12465308897069484,-0.03063942130512813,0.007182487914830579,1.5945292873389951,0.005122934026481907,1.912426355559184,1.1745070289600228,forward_head
54.7,-0.3043553414136664,-0.11829225423416659,-0.03240824489948211,0.015356352553862548,1.5783088878203602,0.028490939497475828,1.802809045240559,1.184131491807954,forward_head
54.72,-0.2933194325992612,-0.13574327683218873,-0.016809902646681345,-0.012850121061728715,1.678970882986651,0.02925071369287822,1.8210142427679696,1.1407755200805318,forward_head
54.74,-0.3352086545914197,-0.1115974570317413,-0.005176778500036246,-0.01972967337433002,1.522357939312452,0.01711671048228237,1.8520666770812957,1.054303587742161,forward_head
54.76,-0.2950862301175676,-0.14630291165411427,-0.014836988420067388,0.028090641544772966,1.6689136310798671,0.03032705376791452,1.7648501774068015,1.141459553247643,forward_head
54.78,-0.3594910334108522,-0.09605537699905527,-0.03528980668158095,-0.005570151669055783,1.5310623528353025,0.030416874058888755,1.823540432014596,1.12180688899559,forward_head
54.8,-0.3093856233901903,-0.13113243327187615,-0.038307006153914976,-0.024022281991187604,1.6826073071602718,0.03134065175686453,1.8073583384044516,1.208493253635915,forward_head
54.82,-0.3045434844004478,-0.16113190883480266,-0.02623207931395388,-0.015314865611117263,1.7229133770536658,0.05218238615128198,1.8694203511448304,1.192932260676303,forward_head
54.84,-0.26735451730036597,-0.11458772135706304,-0.02177787360143809,-0.012926075573962366,1.5067659039005052,0.02326531054217496,1.8387076365152801,1.1210329186259227,forward_head
54.86,-0.32782513552561715,-0.0834384498924143,-0.02491823423885683,0.00212316444399531,1.5550541044833126,0.014176496704491691,1.789997595334235,1.1442856528133705,forward_head
54.88,-0.3295765028972377,-0.14737091140585382,-0.021444474979206183,-0.011131473212535225,1.518525800177889,0.03014205923800853,1.8528293773093745,1.198526861997263,forward_head
54.9,-0.3074880262271802,-0.15322090804646787,0.008048987077187991,0.011871750349737547,1.7014454601871507,0.024892012629239495,1.9428195298463649,1.076959159471934,forward_head
54.92,-0.3354959031147625,-0.10772680748048473,-0.009289368125835846,-0.009928276954808553,1.5902919464704057,0.03410325770480717,1.8552742396706314,1.1504677327526376,forward_head
54.94,-0.3192108713922964,-0.1488764564979058,-0.04930141496387754,0.019291196624324956,1.5995664171853363,0.01416725091901332,1.9318588133267132,1.1587333745671804,forward_head
54.96,-0.3575081798658518,-0.15642670138804193,-0.020397037899455545,-0.013477411930453771,1.6467835297508002,0.0163702111500623,1.7997485185120048,1.1172279129580125,forward_head
54.98,-0.2938615278790278,-0.13905822235152543,-0.021983326378924136,0.013030446259451144,1.4667479136414259,0.02551962013172536,1.836798246121408,1.207924075507173,forward_head
55.0,-0.3519093689128958,-0.10056809681443346,-0.009484002071880953,-0.009914915992223376,1.646420233815501,0.02771048309054764,1.844876393096109,1.1454556617566702,forward_head
55.02,-0.375838364580234,-0.09439496153414365,-0.06104508428978158,0.006137020578491749,1.5419296373463178,0.03659963249755155,1.8466739319250034,1.1644969168026107,forward_head
55.04,-0.32499922433554906,-0.10263899780602155,-0.016014558795940027,-0.00469577723770044,1.596427439609244,0.04698094434671354,1.8236097100205952,1.1326231453174838,forward_head
55.06,-0.3512797414343976,-0.1023915920003971,-0.041985701310376815,0.020152471930712595,1.6337231081040893,0.029722682324924216,1.8433222622524486,1.1431322498939778,forward_head
55.08,-0.34655153708177666,-0.12053575854615743,-0.015955359418774646,-0.007607399856052449,1.5277566059714063,0.010187869463890394,1.922783337731598,1.1337236308223606,forward_head
55.1,-0.3385419368491362,-0.12801932165753452,-0.007822907449388605,-0.011780359366218818,1.7337527676082505,0.029984980279324967,1.836560472756381,1.2081670693255013,forward_head
55.12,-0.24502115635585825,-0.12169704778096603,-0.03677906229552481,-0.00795214642833943,1.5909199929470328,0.011542090231565069,1.8545183907196068,1.1739986395228392,forward_head
55.14,-0.327015117329334,-0.11833366977180662,0.008156640162075509,0.003896512379448557,1.644002240504884,0.01699876662777543,1.9526788036770721,1.1561205001098998,forward_head
55.16,-0.32147246485842074,-0.1253950227555991,-0.04250355526702883,-0.01007684204402267,1.5813501171105089,0.04611264157852396,1.8271171378277644,1.1403821917621462,forward_head
55.18,-0.31946334172067953,-0.13976288678164311,-0.017726838860135895,-0.014302686099519055,1.7440448401506228,0.04013758327554086,1.8660123069456107,1.1149209959168471,forward_head
55.2,-0.3232769473081816,-0.10813841296369457,-0.02200444107608568,0.0009727971081600696,1.5463146469943176,0.03288978887348079,1.8878867650461775,1.1970363711845027,forward_head
55.22,-0.32629053020850124,-0.11645519805717879,-0.02010716079695217,-0.017652700888061396,1.6432204670434647,0.014631881799579808,1.8847244581818783,1.0815019984219927,forward_head
55.24,-0.34258193632910466,-0.0695041354416474,-0.019481789270898647,-0.0029416371426139614,1.7368772626441378,0.02250456159280345,1.8646015519353765,1.1537902833424432,forward_head
55.26,-0.3040994011970522,-0.11486919315892634,-0.005857223871309899,-0.0005294037924130117,1.6662308258370466,0.03523576066066817,1.7611791551312597,1.1424762150448282,forward_head
55.28,-0.3517999252782624,-0.14049889999646428,-0.020965421040438307,-0.015201460679505254,1.756917358237521,0.026035561679881802,1.7744558713222378,1.220192977056261,forward_head
55.3,-0.3342981695431787,-0.1334476669785276,-0.004747556821835726,-0.030741193573061827,1.5190290358712377,0.04907200006356201,1.8438544629566305,1.1303707852482425,forward_head
55.32,-0.3062749099814845,-0.11230789742890508,-0.003966028285205697,-0.022163522540096934,1.4572377116161126,0.04825630774229915,1.765873455817235,1.193152677523873,forward_head
55.34,-0.32499119148440503,-0.11636614637520515,-0.009251882176632614,-0.004269246145164619,1.4176476903386703,0.03542316046507649,1.903377943548688,1.0900766451937953,forward_head
55.36,-0.2892303908030659,-0.09820467656857619,-0.022297492781426825,0.014129147635365123,1.6399639387730653,0.046174433039978785,1.8817049490033628,1.1098042345707522,forward_head
55.38,-0.3492209475043942,-0.1425540065748551,-0.028689158604073506,-0.013117448348830708,1.6418674882896829,0.028665754368369194,1.8791910197323318,1.0704486579896542,forward_head
55.4,-0.2937970186258229,-0.10969373977529136,-0.008384604197967351,0.014055529360292977,1.4653082707979639,0.02902335883608377,1.8236063884177838,1.0635183989738455,forward_head
55.42,-0.33950379747834847,-0.14934096939063396,-0.009990932626656499,0.001467865228047768,1.5703275337581633,0.03363184833262622,1.902225554714489,1.2113533295421082,forward_head
55.44,-0.33919021604007266,-0.12347233899183001,-0.03213342474911848,0.004100885821500552,1.6074809315206022,0.032825630812335256,1.9209403539507564,1.117805690344461,forward_head
55.46,-0.29887518187271356,-0.12633401545794132,-0.03080767915142449,0.014885824930022202,1.745910068823094,0.033562055995516746,1.817472896369781,1.2325493463233534,forward_head
55.48,-0.31187923002809953,-0.11839153052405277,-0.009950858274700611,-0.004239564843583346,1.5830534919156445,0.03125178882433192,1.8609332306538189,1.1683726094871043,forward_head
55.5,-0.30587507889803783,-0.12107841158658196,-0.011182530431642194,0.008819887427236443,1.6346123665918517,0.034847483555803985,1.8697336405866885,1.0684976443357865,forward_head
55.52,-0.3336403519596791,-0.09532398697179995,-0.05171085349516488,0.006916148710875776,1.5583950429951483,0.026497470842340935,1.686327843351154,1.1975950135212574,forward_head
55.54,-0.23914449937243581,-0.1271091143741478,-0.0169348154540516,0.015038620023487345,1.7336935264804174,0.0259206885995744,1.836907518844347,1.1437337385262247,forward_head
55.56,-0.3363691743188718,-0.11765492940397339,-0.017894723547283123,-0.004432342863374081,1.7017484993864758,0.040588222845696596,1.8069872283770227,1.023802008975106,forward_head
55.58,-0.30390590225123065,-0.1253049913053756,-0.027068364842743112,0.00015117206062437947,1.5928786316062737,0.022063109987226995,1.810556211425872,1.1007805844974137,forward_head
55.6,-0.3651583083279481,-0.10798987448210039,0.0034838958982329683,0.00361275263982696,1.6671851127121005,0.04015538878692662,1.8311195838584116,1.1722457652372864,forward_head
55.62,-0.3245684822367615,-0.15987372979133535,-0.013700152990612799,-0.0009220377875023835,1.732650948738469,0.012220708729822423,1.8677487425084358,1.0767561959912868,forward_head
55.64,-0.34186157219267516,-0.11928024055473606,-0.02639827379003256,0.0004575332411298983,1.5616049683877096,0.034225220273973664,1.6766437869158122,1.2004610479535536,forward_head
55.66,-0.32717360946003776,-0.1320913323138319,-0.0155837255064835,-0.008032913758825502,1.4274346266181588,0.026675609873047314,1.7776998531831614,1.0401797280864622,forward_head
55.68,-0.3012132498668612,-0.11654996222808423,-0.010465527685616666,0.01638002529408616,1.5787652105302532,0.019472016353441972,1.863532180807873,1.2070312791047348,forward_head
55.7,-0.3195722462309866,-0.13717759511787506,-0.04962190588132869,0.01474915401053088,1.6554084092919406,0.03302195481997642,1.8840153392270738,1.080385163112586,forward_head
55.72,-0.291301309723401,-0.09486711775445032,-0.032703299944712695,2.1821385532596404e-06,1.5718996946007255,0.03120571644181305,1.7601641301408653,1.118666734262283,forward_head
55.74,-0.32723020991608515,-0.12845602809739598,-0.039820932486180065,-0.0005509405722455086,1.6712760225922818,0.03676171407596243,1.8765956086472015,1.1353572985730618,forward_head
55.76,-0.3814218205667381,-0.11035362945786537,-0.02742765756730992,0.002109657773350219,1.6427957452686628,0.03786089515317732,1.8157806861581096,1.119838570463963,forward_head
55.78,-0.2917940589885576,-0.11343380641837009,-0.03669619651766524,0.005671496982419574,1.653545299649189,0.039985526630572504,1.939177380224602,1.2110137993552266,forward_head
55.8,-0.2859597453140669,-0.1013465291975437,-0.011194323470443163,0.008088241094460913,1.5871514494729964,0.025535184097324914,1.9021664437077874,1.0677073149543825,forward_head
55.82,-0.3237694214592592,-0.16144242020621255,-0.017325375924215024,0.0044160054308517,1.5310146881397797,0.025908614266075245,1.880976090037059,1.2553580984499477,forward_head
55.84,-0.3524319913411859,-0.08181459145062585,-0.02908260476986035,0.014024747160793098,1.5159458685653306,0.015434215933386574,1.9096216941278856,1.1017954083012869,forward_head
55.86,-0.3101650636868404,-0.12521821968354374,-0.017680428977945983,0.004459131443266787,1.506624159475498,0.04902682279262878,1.743038694190485,1.14728607610829,forward_head
55.88,-0.29441044469096805,-0.13249284836014721,-0.027527822906574684,-0.032154038053114495,1.7030015962372111,0.02151506409632085,1.7786271652181762,1.1111083220096425,forward_head
55.9,-0.3265123420672627,-0.08881216647108801,-0.004998744687929067,-0.019699793407240908,1.5739875725335408,0.04030445970438065,1.8792918947345298,1.1649003457125646,forward_head
55.92,-0.27582341331678095,-0.15222364175216066,-0.026535285614478078,-0.0005708000428324505,1.5245973194876712,0.03361250184720334,1.766617005036794,1.0566357731554574,forward_head
55.94,-0.3163758962460446,-0.13048520129070873,-0.011791118894574262,0.02053745974742965,1.499206457424031,0.030136143050345142,1.8760874069937232,1.1708083971696186,forward_head
55.96,-0.3192571932896694,-0.07054473217552006,-0.028165338342030975,0.0011328123124557847,1.5508404535114972,0.019631807658031748,1.9352315401521634,1.188639239585088,forward_head
55.98,-0.3494333313289396,-0.10721098069103265,-0.020295051813024025,-0.012883044792331681,1.607176312770452,0.04180498710044684,1.736104952488489,1.1953833043680948,forward_head
56.0,-0.32589611254852724,-0.1382071653162759,-0.01882138493215141,0.001226307977990473,1.5349796360965573,0.034142470290450866,1.8717662950944105,1.1737813699006672,forward_head
56.02,-0.26656183524410093,-0.12983681725560198,-0.023981536474411175,-0.01685574129541878,1.526485670661378,0.025994072482915572,1.9007208768963957,1.1620482374720862,forward_head
56.04,-0.32678911739314054,-0.1368949086972758,-0.011837337902441939,-0.00737170671886464,1.6050083749087296,0.02590591190150807,1.835878142119516,1.1086649592322007,forward_head
56.06,-0.31821183924473684,-0.09429791663367332,0.0018687706839018178,-0.011069439446037409,1.6152793050668595,0.04277667955953289,1.7574272008414764,1.0797957818466706,forward_head
56.08,-0.2902105639859759,-0.11699710788311561,0.004256958916630142,0.008160425995705406,1.6319268772544646,0.027614163131092922,1.9344622623078425,1.1753285147790804,forward_head
56.1,-0.31528727543157836,-0.13096009006543163,-0.009357185441167728,-0.018275416284430072,1.672366413904213,0.039932570561836016,1.8053400809865185,1.1667504908747535,forward_head
56.12,-0.34427074969691707,-0.098239290714486,-0.012266865895382343,-0.01649929846489675,1.636842690711131,0.0249979516712394,1.8151556817832004,1.148495761885827,forward_head
56.14,-0.35524558731488315,-0.10856465145300284,-0.02468429640261567,0.030486561967484456,1.4833754277177749,0.00960222689501926,1.7150760318013243,1.1406824623088871,forward_head
56.16,-0.34039339550642655,-0.0837476889162046,-0.044313323477167814,0.01947978659786362,1.6922949155344236,0.03792829648789465,1.8442333524323828,1.2005299332831405,forward_head
56.18,-0.3336667912536383,-0.12504402503512718,-0.02331787771070713,0.00046157162888799905,1.6630280879527546,0.040646831021306756,1.7980343675996335,1.0554909398868466,forward_head
56.2,-0.288176731305787,-0.11164495664600213,0.008629036698626292,-0.03247172270556451,1.664443000439467,0.02034546032535358,1.906940576304657,1.0785622555204661,forward_head
56.22,-0.3267308046931933,-0.12979498911859738,-0.028478680315715793,-0.017319549980614034,1.5892089653927746,0.02122631324722977,1.8134876677030436,1.1554856701184877,forward_head
56.24,-0.29536083183354944,-0.10208809852367035,-0.007423331858610412,-0.007259028372783922,1.6211918047847058,0.027931887802848915,1.8273100888648168,1.1988910683406073,forward_head
56.26,-0.30163529511610715,-0.15496000843368124,-0.04354589770057294,0.0027136199832563596,1.5813399875324863,0.028062427201217408,1.9254787271978648,1.1680948912721685,forward_head
56.28,-0.24766954751618506,-0.11729440827930036,-0.026013381571863885,0.04783411963653593,1.6433192571613295,0.03985879173326958,1.8704024415988298,1.1890508816433019,forward_head
56.3,-0.31461287729795295,-0.12177278466262377,-0.028515545830575677,0.003102975086696295,1.5581099008025219,0.027220417347820266,1.8819969184190841,1.0936040933760278,forward_head
56.32,-0.34446276463804626,-0.11867384261194698,-0.007420417305127202,-0.034941180835096265,1.6052966339582966,0.03254307365561695,1.857892857535534,1.2294887055441805,forward_head
56.34,-0.31348346194361426,-0.11009180393440168,-0.018484973850596637,0.008267138587109044,1.4804596735524091,0.037397094776671594,1.888283250778467,1.0979532241610919,forward_head
56.36,-0.3414210439067765,-0.11222098344863647,-0.04119046742139903,-0.026381362724666606,1.7304322876466536,0.019620831908804436,1.851222428043664,1.1790080832157517,forward_head
56.38,-0.30952958674443554,-0.12344535370343301,-0.021729369505993693,-0.003001553085382511,1.448979403426082,0.03481382856289168,1.891273175839693,1.0602624089333492,forward_head
56.4,-0.2988347071223739,-0.07404728879569385,-0.02914187029703973,-0.024722254583175732,1.5720558522303514,0.024949108229955195,1.8473391395870196,1.0661796252486762,forward_head
56.42,-0.3253259419549246,-0.13295051929874632,-0.030257901048097387,0.01519779406165712,1.6287218213499022,0.030198378835563876,1.9337538496517284,1.0728721058637622,forward_head
56.44,-0.32233945535320996,-0.09769803953858035,-0.05295726473313132,-0.0038974164730263346,1.7050572958423216,0.03177469957030554,1.7259173630085556,1.0734557607626238,forward_head
56.46,-0.31214094900352496,-0.16164261016659587,-0.028492294279342627,-0.0034325578141715597,1.6267185133386528,0.042517161471327475,1.864641574318721,1.2620407231698854,forward_head
56.48,-0.31655383597497677,-0.11255772910129508,-0.019678705855530613,0.019105162436990418,1.595702362624442,0.0383329566521382,1.8856075856375905,1.1925977913781525,forward_head
56.5,-0.3386037250525874,-0.103015407830947,0.003560653572844192,-0.014243297658376211,1.7849270028827113,0.041149996072492784,1.7927129095076995,1.1471496884503791,forward_head
56.52,-0.294291390872798,-0.10671492289527705,-0.010186977897610236,0.018317738055448403,1.6187913586803024,0.018667566810370056,1.7372552695414951,1.1374890603058285,forward_head
56.54,-0.3449526871199184,-0.10755422528043668,-0.015250641894301581,-0.002953047394794546,1.602933469034168,0.017703184548943658,1.8458093418478845,1.128609893342467,forward_head
56.56,-0.30637043347726284,-0.12485617447373898,-0.015083113315910415,-0.016315798985418413,1.6094258973232178,0.03873449642232124,1.848723573853605,1.1813704937177332,forward_head
56.58,-0.3185442912074614,-0.09567605524334234,-0.026510658925452766,0.016516109335277633,1.6616955550734829,0.03836228364197397,1.863772677532836,1.1598145708344918,forward_head
56.6,-0.32367274919680955,-0.10821265360297973,-0.03353843055135297,0.003227379401187549,1.5636813591259069,0.023617792842535082,1.7963470100163224,1.1128501482272837,forward_head
56.62,-0.31039537085480395,-0.11704204384753623,-0.026377245947226426,-0.0036661419454931507,1.6345848596891208,0.04824558972350153,1.8917156766747303,1.157995884756529,forward_head
56.64,-0.32151203801888184,-0.13718300999643424,-0.017550219553640407,-0.011572246511853502,1.6154813916839121,0.025091630567086087,1.7831145598974527,1.161351292174846,forward_head
56.66,-0.28517336443872493,-0.10395967653180706,-0.01979032997707592,-0.002646537681979556,1.7259446220873707,0.04739862851440607,1.908136710109216,1.1618813145364801,forward_head
56.68,-0.34664994996685333,-0.16462193134046216,-0.013493633654459344,-0.02315944396298226,1.594008997437744,0.04261053815426948,1.8824711526323794,1.0777044957403898,forward_head
56.7,-0.31979467699409125,-0.10593080468757742,-0.02822848043279306,0.014408633303101975,1.5974984826841745,0.03235417923562314,1.862092149574865,1.1565802613271383,forward_head
56.72,-0.26055045319203696,-0.14074224630631074,-0.03744994364661896,0.030292039000441945,1.6615530983583553,0.006283995874765884,1.7992368429748546,1.1843211578527113,forward_head
56.74,-0.3401009250263398,-0.09153639902211845,-0.032119162877842944,8.45191193961496e-08,1.5969995681446099,0.03947073018836413,1.907157026055343,1.205807609196439,forward_head
56.76,-0.26607892985041015,-0.10482363811880141,-0.02274243396265695,-0.0005652565692703733,1.4493479766827035,0.03443916768939891,1.8282454599486235,1.1303705642017976,forward_head
56.78,-0.3265644739070347,-0.10938926020795829,-0.0245868156203624,-0.021064665577208954,1.5091169481723348,0.030719791757126216,1.8383246705580987,1.0921596701029903,forward_head
56.8,-0.29448700852587295,-0.13223900206240508,-0.019237973230846285,-0.00833614994090381,1.5988533914401033,0.020700943238196764,1.8237673996247232,1.108090134786525,forward_head
56.82,-0.339774782875483,-0.1190813050248049,-0.008531559263031972,-0.03475255511282058,1.6263937720943469,0.029364563368318584,1.815833942344569,1.0088772187165207,forward_head
56.84,-0.3388876189297114,-0.09326489069046275,-0.02604732638181976,-0.0007852346759951119,1.6337135637672513,0.04121123442412002,1.7350118793405829,1.105176130124103,forward_head
56.86,-0.33690872836134644,-0.06853551548409446,-0.014626353548263504,-0.014421344991301339,1.5399691667593702,0.03840207133815617,1.8281857672551547,1.1243572897171994,forward_head
56.88,-0.3223439963677141,-0.09447232410407651,-0.01688904857762776,0.004725581616816354,1.5953234361932571,0.02645399446097027,1.8792053212380058,1.0927867736376342,forward_head
56.9,-0.2880684438975971,-0.08415174013335312,-0.028650344170125366,0.024326401401615384,1.5213381694558388,0.018196659124716765,1.9385372682230777,1.119008142241025,forward_head
56.92,-0.29333731979015365,-0.1483897667107656,-0.02035630884593561,0.003979079028081081,1.679851986692969,0.023000790173556246,1.7702091818056165,1.1110682882143579,forward_head
56.94,-0.27762388761740947,-0.10611694354551092,-0.028348895237215756,-0.0020926593076453833,1.4806720976116463,0.021828696752289566,1.8525664665941575,1.197798682682467,forward_head
56.96,-0.325179432168493,-0.09657353634771203,0.01257999280688696,0.016723716656768747,1.4995907218143099,0.03996193579207489,1.7281918961047222,1.1844439495002734,forward_head
56.98,-0.30650072970541453,-0.12439953833168453,-0.039249020364231516,-0.00044923131974552565,1.4874190843866542,0.019389473642629575,1.7299937028815988,1.1565963316564207,forward_head
57.0,-0.2801471068317866,-0.13127925250499112,-0.005258900118236378,-0.001437078697436143,1.5928142762569,0.03440785199996368,1.8314527434349954,1.2662062765088848,forward_head
57.02,-0.2854509499380414,-0.1460145248865529,-0.045316199126999614,0.010649693595779684,1.4967024749168734,0.02483719172746019,1.8386702356312012,1.2170342125575628,forward_head
57.04,-0.2890249305711916,-0.10861062642490187,-0.007356358229900133,0.0024205444480883834,1.4865706467556983,0.033590998293341306,1.8437956881144826,1.2878233695462773,forward_head
57.06,-0.3512119841095006,-0.11293572410542733,-0.04098775022501642,-0.032912915736689516,1.523392240987231,0.04291486074090352,1.9303345776565373,1.1936634959652157,forward_head
57.08,-0.3195990855538915,-0.11066788468423817,-0.02737682383560834,-0.004116789397149784,1.5479219750522575,0.02935311553044097,1.9205909887135482,1.1639132069783633,forward_head
57.1,-0.28445594203770114,-0.1254894946112875,-0.02082113885941809,-0.0025281890754275662,1.614057895258288,0.03099479070033146,1.8658684146765872,1.1888060004048142,forward_head
57.12,-0.34208806296812055,-0.1094450675011891,-0.029748164833572642,-0.010616202944382746,1.7345879279423695,0.01298829691236802,1.7832313197987832,1.107448658063973,forward_head
57.14,-0.2506903269653178,-0.09825579998383842,0.0030815646042798976,-0.003070056689834308,1.567170041890827,0.02534194827974013,1.9164155243041534,1.0189030421846268,forward_head
57.16,-0.3293807787148487,-0.12845683240504438,-0.01736862600233152,-0.027650685128299466,1.700508103476815,0.03049881406613683,1.8185448346121553,1.1538506488654074,forward_head
57.18,-0.2890604266646241,-0.11140468214693577,-0.018244398129425504,0.0051114385623271695,1.614591425254855,0.03353526643906186,1.946330153641276,1.2153462534928903,forward_head
57.2,-0.3268471140692395,-0.116956516766191,-0.006899625113410168,-0.02764612694958673,1.6481952891585672,0.03527346799287326,1.8919960000100613,1.2060714285163363,forward_head
57.22,-0.29512789793977773,-0.13543006485668418,-0.008738397591392917,0.018042744574922217,1.669557159785877,0.02923761080026805,1.7910739729914487,1.2284023280282956,forward_head
57.24,-0.29790711738366493,-0.15612742790548426,-0.01761720992189942,0.023558529595550846,1.5714143246801462,0.03103245504978118,1.8844207740692793,1.1851632693959326,forward_head
57.26,-0.34043091555769117,-0.13095581595493186,-0.030245813332964208,0.010672963869306138,1.6179192276901206,0.03219068767844065,1.8447302954332032,1.2004370544798815,forward_head
57.28,-0.31378055141351346,-0.1195761404842511,-0.009458841327633388,0.002699642550322468,1.5999622777193363,0.029875073324329766,1.8772221984724768,1.1267573309100314,forward_head
57.3,-0.3298560361798374,-0.11773124325543873,-0.025015524531653604,-0.006049406246591554,1.5426368184352492,0.04168984844884677,1.943230319104656,1.1557647295468059,forward_head
57.32,-0.33331453992540433,-0.1398680535853869,-0.02183513422037658,-0.0012325964984440608,1.7571445205657852,0.04041223219169762,1.8013653596872001,1.1535279456195844,forward_head
57.34,-0.2922161262936377,-0.11176568120262885,-0.019523241574472352,0.0024407160419865582,1.6086348544688525,0.03819240208914703,1.8054902311050116,1.1846559581052691,forward_head
57.36,-0.2591941851418277,-0.1373806010574338,-0.03804461645899566,-0.01691219836226413,1.5976435647860594,0.032086917658034696,1.884951437421677,1.1914950501852124,forward_head
57.38,-0.305387296496039,-0.11957314987289179,-0.010406559402425679,0.010837510876956872,1.4684354431858249,0.00804763614331612,1.8895537187602207,1.1582464106508426,forward_head
57.4,-0.29385393090839373,-0.1194376579716362,-0.036872265042713244,0.0014547648635551591,1.5556274332508873,0.02466180598938952,1.7785326884926973,1.1018338718352372,forward_head
57.42,-0.3063335039106939,-0.14201838855084123,-0.008859289034159069,-0.018696392082128196,1.6158654763522766,0.022963749313696692,1.9578870497780174,1.12686098270475,forward_head
57.44,-0.3519139041271974,-0.10936932484583564,-0.0037826859907494036,0.0002994331774222949,1.6231486708072207,0.03914110706101464,1.8615842950405266,1.0915665215259425,forward_head
57.46,-0.34297178453808114,-0.09825465910111487,-0.03006388609593021,-0.002344963605418839,1.5321055492022588,0.03125368708976466,1.8549732899010538,1.0721663719646406,forward_head
57.48,-0.30028488408915305,-0.08816878006397495,-0.01312777863837413,0.021281865368043162,1.6022860164916033,0.02554415838329156,1.8172956089033085,1.2219272236114045,forward_head
57.5,-0.31255827869950314,-0.12858968001930046,-0.014423105377360789,0.023550876564283747,1.6171576318742296,0.02009109182907414,1.9152115954686635,1.2123878981616978,forward_head
57.52,-0.3424251226608052,-0.0854149542949698,-0.027892472197353843,0.02716560001158314,1.701771356251923,0.03572158647339979,1.881129764095507,1.1739884118692276,forward_head
57.54,-0.31358323425733065,-0.13424234870335006,-0.0343178154567277,-0.015173485293449961,1.6354341223549107,0.03409859931543192,1.849993771354882,1.096184446038088,forward_head
57.56,-0.33029715873731985,-0.12110070738160333,-0.01076630633952371,0.005828893961739306,1.6348662600183452,0.036030957273910175,1.7850350514396969,1.1307093934093764,forward_head
57.58,-0.30189294267945116,-0.07893397798681531,-0.021821829514180893,0.000670610273538676,1.735007032464706,0.03339652088694396,1.9017325902329174,1.1687081425072516,forward_head
57.6,-0.2928188552985706,-0.15054225084990713,-0.01054423310141453,-0.007833352196929684,1.6089690653681847,0.04089438950462938,1.7338065765278408,1.1245848988042966,forward_head
57.62,-0.3244607334173424,-0.10356012424106444,-0.02031624342181579,-0.012375962942092594,1.6172066380344183,0.03190857791640616,1.9055010911226942,1.2055359315158316,forward_head
57.64,-0.3040822007928534,-0.1037077726879009,-0.03176093730450129,0.015546095073995564,1.586777493593801,0.0462942621376194,1.8829106554249795,1.1264583379421267,forward_head
57.66,-0.32333342550449234,-0.11990668683550497,-0.03505610470945533,-0.03694568622125933,1.6814058383656743,0.04095841739383852,1.7883249042154972,1.2340194269157403,forward_head
57.68,-0.3356927949970425,-0.1021016615052807,-0.016301843250690066,0.03682158311937221,1.5380778710049827,0.029688093929178618,1.8972180224890205,1.1351862467418232,forward_head
57.7,-0.32503964592628304,-0.09343511035583793,-0.02461342705415162,-0.022049035912416456,1.5117637407120195,0.028349850958116447,1.8701270353668684,1.122826637524643,forward_head
57.72,-0.3304118282176741,-0.09432054442000748,-0.02067064350865048,0.0035586240241038715,1.5909910205846376,0.03489881189957026,1.8736984893774664,1.1701469565648812,forward_head
57.74,-0.32986174442925786,-0.11710119653447734,-0.027866095471655448,0.01339574367194845,1.5990215011240574,0.03653124852085634,1.8034282611718027,1.2323251408925673,forward_head
57.76,-0.35301473610391326,-0.12119934100071923,-0.007677945727430241,0.00934155025707324,1.4988605556716017,0.03399701776271097,1.7798806704212393,1.126100144355826,forward_head
57.78,-0.2965578517578865,-0.09686384064618768,-0.010208600543891723,0.001110015998867766,1.5934815384157472,0.042992885852085584,1.8553968243484418,1.1824879852325931,forward_head
57.8,-0.33157011956589794,-0.12259192942151056,-0.05152936364264801,0.023085382917730716,1.685637797937801,0.025815200535824406,1.7720805475993506,1.0159245193123585,forward_head
57.82,-0.3304875461960424,-0.1291022550680781,-0.004831650385181883,0.00889142931265951,1.6235239182508132,0.03479377264318855,1.8760228086063058,1.1796097391071856,forward_head
57.84,-0.2970579951908086,-0.13859087293034061,-0.02691227323746202,0.006399967494818901,1.6319470815098531,0.01073324005324041,1.7993500723555396,1.2310108066838323,forward_head
57.86,-0.3152538977645052,-0.1252905294484616,-0.02660082282798691,0.01121943993003325,1.5736025676130831,0.024921030588942666,1.9655559882048184,1.1551286668900345,forward_head
57.88,-0.31593150269541476,-0.1264899632855526,-0.026228077368935017,-0.017507225809483152,1.7126248946826788,0.03820575950975735,1.8174271023305366,1.0845704421461544,forward_head
57.9,-0.3470562383316002,-0.12872008632466078,-0.04271964441571408,-0.002077052919159376,1.6451691886996485,0.02158172913584338,1.8929417629026741,1.2888525201797636,forward_head
57.92,-0.3077109722522208,-0.17150335080698814,-0.02357607984818633,0.022902874420170437,1.5689218273080148,0.019682454822041062,1.8541916708520538,1.1510791756494354,forward_head
57.94,-0.3340484822681238,-0.12760195774807925,-0.01984071571089099,0.006989537666406497,1.5726799148307522,0.02776057423206573,1.802071667700973,1.1864662714223957,forward_head
57.96,-0.30664954171960424,-0.12363093090371675,-0.026340580570103474,-0.006131108404987654,1.539679275118824,0.029248616741420617,1.8759761751850637,1.1784580844061607,forward_head
57.98,-0.31138482363315295,-0.1346520566456304,-0.02328942688247658,0.028713988761278623,1.621610187467562,0.03668467145023998,1.910826019645571,1.0736806919036972,forward_head
58.0,-0.3325225312564304,-0.11918063700356682,-0.004769516374566117,-0.003825615422260853,1.6604872608798686,0.02589003129586516,1.8398292615347924,1.2312419103136036,forward_head
58.02,-0.3317796247023369,-0.07309548373565819,-0.02881250239618428,-0.004692600350122741,1.5803116489806472,0.032401767483191665,1.8591590865093042,1.1858995231791893,forward_head
58.04,-0.3365592109588465,-0.10491033089082943,-0.01381559444437639,-0.017947425622656242,1.6273078802415206,0.01986854542658433,1.8919012974440192,1.1289991647691864,forward_head
58.06,-0.27968361721907853,-0.09075102042396878,-0.020092102279579353,0.005649084133543015,1.6581802348517758,0.020597236442902823,1.7806584021454046,1.0704333580928722,forward_head
58.08,-0.3209440966651919,-0.08834321250829742,-0.025726928330421527,0.0173156881365408,1.6507216192665481,0.046165142827424996,1.839559007184033,1.1912770625414542,forward_head
58.1,-0.3242532034061103,-0.11439307167594728,-0.008082390558943189,-0.014720247211522208,1.582909229380281,0.03622553595688509,1.8802596876943027,1.2273437373155713,forward_head
58.12,-0.3183008664829981,-0.16104034169393366,-0.034058530512879374,0.004906331052203438,1.6501530360264007,0.0234409814044816,1.9038353658177773,1.0097355643947155,forward_head
58.14,-0.324326385065646,-0.13699223527131707,-0.03015605875909268,-0.016740401906649823,1.6056558297600985,0.03521884556431235,1.870731973295379,1.2183712465711671,forward_head
58.16,-0.29656547580728276,-0.09919782555927731,-0.002601842029960845,-0.0038200837674402135,1.6783433456053989,0.049955432843546095,1.841949907494277,1.2379293411781713,forward_head
58.18,-0.3300874046132208,-0.14895377290235523,-0.024702513084454515,0.003223824039991376,1.6984589010241682,0.045220432260364526,1.7902234465174753,1.2349997674927156,forward_head
58.2,-0.3361108622963829,-0.14697574932524698,-0.023489903984723438,-0.005144864161883023,1.5987258683013748,0.02775466070954537,1.8785833389049738,1.1921608168902127,forward_head
58.22,-0.2953763712462287,-0.12638404728369965,-0.0130528288368465,-0.031524932169784484,1.5734244648798263,0.04277959107412304,1.7705095079060769,1.1420049568462984,forward_head
58.24,-0.3213601237746415,-0.08725471264941462,-0.028430698875332262,-0.010646845482977741,1.7029686338815606,0.021337115081634588,1.782133810260297,1.028254109112906,forward_head
58.26,-0.3281069728827313,-0.11008514486112005,-0.024030157954826475,0.014044543403821618,1.61917678205402,0.0320077417145355,1.7988880783343273,1.2074125738048407,forward_head
58.28,-0.32576656173649493,-0.14330122352617963,-0.012839901113139287,-0.01837270789585339,1.563351826657569,0.01812492149948831,1.8993031479309255,1.17218804575739,forward_head
58.3,-0.30924416876751254,-0.10440283833548175,-0.02554922965346162,0.005831779816461139,1.6528273097354451,0.047470725237442946,1.830068859187797,1.1945234878117765,forward_head
58.32,-0.34726793175824966,-0.07856646912195057,-0.03162610236687254,-0.008335081040403442,1.434131564395076,0.012759202705490568,1.7362643941782916,1.230149549013858,forward_head
58.34,-0.3242334024335129,-0.09976325990889616,-0.02712168533681605,-0.008381797945322763,1.6129651907087919,0.028387909569889187,1.7998355706996871,1.1521614071472117,forward_head
58.36,-0.29822567519066884,-0.12407707840158341,-0.0022595018961342446,0.0067276686483718215,1.4839974259424618,0.037051399050074374,1.8152553824313211,1.1825214537577622,forward_head
58.38,-0.3209646871181904,-0.13001980288026568,-0.03176814761362513,-0.00023934874281683898,1.5843799157782854,0.014565707071647161,1.8972492009264332,1.208003093020719,forward_head
58.4,-0.3557703175346132,-0.14443923518443869,-0.02477630830587239,0.011384152800266788,1.7776162556139212,0.03243586264931987,1.7326619435082864,1.2065413102754876,forward_head
58.42,-0.30661599077972906,-0.13724979553901945,-0.023905103750897307,-0.018819133388828752,1.6562053997251687,0.02268610309739009,1.8225698712154277,1.1224784858426755,forward_head
58.44,-0.31964341753163394,-0.0990547914566054,-0.03119128884747901,-0.004863254587389127,1.6419307899521303,0.025759923110172,1.8815943960474981,1.0284599823090494,forward_head
58.46,-0.32870239267634777,-0.08677053294686059,-0.013609601809169798,-0.008971983897973297,1.499895773869623,0.032245658058869725,1.8868951603688622,1.1456664590979413,forward_head
58.48,-0.2982857374103569,-0.11477055500665703,-0.04028547429838435,0.011961689797329986,1.621402759566809,0.04200769064231919,1.863041184612881,1.2613384009912676,forward_head
58.5,-0.2855878983330213,-0.11253985160448317,-0.015571328272618382,0.0029261089905784584,1.4983759104613326,0.027214175075526866,1.8259103546646038,1.1576662724829136,forward_head
58.52,-0.29959690178953874,-0.10108238385636849,-0.02813955750934462,-0.006943682737850891,1.537259712794521,0.015184603893460028,1.8583612290245943,1.0803581892502567,forward_head
58.54,-0.3192003118969172,-0.13514256082348672,-0.011573004702171128,-0.010340358729043517,1.6246812916597904,0.022446033440014054,1.8679173027878802,1.1315521291552886,forward_head
58.56,-0.306811341618721,-0.11058028658521105,-0.008628614778415044,-0.005664407090960967,1.5567660837877755,0.04166412135373523,1.805721263459266,1.1286591831115584,forward_head
58.58,-0.3584309081915758,-0.1521948733708156,-0.036186297146250185,-0.0011056898046684761,1.558076238825464,0.02957230810460751,1.8455949592567495,1.1943629738748378,forward_head
58.6,-0.34354343806096627,-0.10979021537113028,-0.026005220761210535,-0.007844456654136758,1.648856504211229,0.030469977045033545,1.959752316855018,1.2043427500054291,forward_head
58.62,-0.31867195873129545,-0.12772135597331336,-0.028230314803690027,0.00017931081192728015,1.4794251236275353,0.01694739112978404,1.8427278697032328,1.0988806720914523,forward_head
58.64,-0.30889170444450914,-0.08686732045538456,-0.03202290861418928,-0.015575020071582705,1.6240119285609356,0.027964904137563786,1.809289929801677,1.1429381479813425,forward_head
58.66,-0.34368893734291545,-0.11261797705934398,-0.03299566530493947,-0.008959500540309322,1.6630122251482575,0.038671124351587594,1.820032579329352,1.17884287255363,forward_head
58.68,-0.27298773435324114,-0.1704422034019018,-0.003923520890304012,0.007250771340953344,1.5805614998571669,0.006066152986727478,1.7283465231343411,1.1362372288787306,forward_head
58.7,-0.3354265978998383,-0.10158974972642597,-0.027881676471965478,0.0011042482313103558,1.5871732997369326,0.026206163349240953,1.9783386091604485,1.1713600159158237,forward_head
58.72,-0.31546670586239284,-0.13772732708596724,-0.02824375992260447,0.0083362326023532,1.5399200794885175,0.031503835822173275,1.7863800010897146,1.1624238560744304,forward_head
58.74,-0.364026681932163,-0.10710359436884795,-0.016080647651617215,0.018037161222065484,1.6887981182007155,0.04419993955834895,1.8773403204904906,1.202265976021043,forward_head
58.76,-0.3240091817789721,-0.14005662475822372,-0.018630612128973236,0.012396232816277834,1.5088099161073507,0.0301415802326607,1.8855716060556054,1.1063940726964847,forward_head
58.78,-0.30503244479934355,-0.0994138643670989,-0.0035260314646245166,0.005013152316977208,1.6357875291968018,0.017485616848492733,1.7889423218439766,1.1027215989738686,forward_head
58.8,-0.3454132496796028,-0.15335350565314795,-0.04555343377924798,0.020137416622395987,1.6800674089225678,0.04515514368254914,1.7417489553673295,1.1685481976494008,forward_head
58.82,-0.31457671812441856,-0.11611819605608109,-0.006394885095753679,-0.017322130691958468,1.629900947162691,0.03031968405624918,1.9482562586991543,1.1242148227973625,forward_head
58.84,-0.3286172232391547,-0.09467250946226191,-0.027182811660729937,0.0118286748972791,1.5014674331689508,0.02762991861552799,1.8567529183270655,1.1866741503495366,forward_head
58.86,-0.3383219291028727,-0.1307004566229107,-0.035792167095167554,-0.01676906075593396,1.7565032710856532,0.04223040237037732,1.8803524487160954,1.1480407010487363,forward_head
58.88,-0.3085806295919573,-0.09987430453250275,-0.027553815610247154,-0.031866204530916466,1.7041789564744076,0.024152368065360096,1.7328554038727189,1.2386889797288594,forward_head
58.9,-0.3403628985499188,-0.13245826053833595,-0.022784657706886362,-0.006481567494069871,1.5530163826290375,0.03801849570997382,1.8136111936926116,1.025085468443429,forward_head
58.92,-0.33825460136765134,-0.1092253852575055,-0.019308799514279877,-0.016715165857326405,1.5565120994619817,0.01831889845443917,1.8671321299161496,1.1103701518463232,forward_head
58.94,-0.29129583406230203,-0.12195299330272688,-0.01995792351218607,-0.01362218882368366,1.5268217212802953,0.04275769096619192,1.8420626266656357,1.0058318677591263,forward_head
58.96,-0.3198460320653309,-0.08302274435787758,-0.016057126280116078,-0.018711854361573098,1.4867863114294473,0.032136486390933666,1.8574498542578328,1.2250176347461874,forward_head
58.98,-0.29255623186948604,-0.13899556041143749,-0.0005138666307430354,0.0038900091250942833,1.51623250364289,0.02835528765381371,1.7834778736612564,1.110695864838142,forward_head
59.0,-0.32281731668680186,-0.14246493104350413,-0.030214032849686864,0.017707173525563617,1.5037385032884971,0.01674745722821922,1.8311520550770501,1.2009720786941047,forward_head
59.02,-0.2921162193684162,-0.11872867938317308,-0.009678189179926449,0.01755028844845004,1.6026193227360654,0.03392524677504583,1.8229046973998477,1.0849448357245457,forward_head
59.04,-0.29755498191661806,-0.10244084448586141,0.0055454856348530045,-0.004617853796888043,1.5177851910747815,0.04088497115653388,1.7990600925677285,1.1305707067910942,forward_head
59.06,-0.32826317092047735,-0.11265785411423526,-0.03266603616886641,-0.003406440236941018,1.5491743187501092,0.020275482113753122,1.8133039377167466,1.1102467974051313,forward_head
59.08,-0.35817958603268907,-0.10795592534291024,-0.03361836425380142,0.007169468123290492,1.636362793731133,0.0182490421102486,1.8015859959047453,1.1947167929834124,forward_head
59.1,-0.3303542432866704,-0.13196115250836915,-0.02851128807409346,0.020123205946990144,1.3735590009389431,0.03704132055611613,1.7999915863063651,1.158948014360775,forward_head
59.12,-0.30166741718021584,-0.12891308099999657,-0.03273852014246428,0.005348719218391538,1.5117340745693155,0.04197098463758007,1.9483928079470596,1.204280740462356,forward_head
59.14,-0.28873634227907813,-0.13129069651544267,-0.02193441758231272,-0.007288671068349479,1.574290279175339,0.017564164328045195,1.890033668253952,1.1880489997304637,forward_head
59.16,-0.3591729434312448,-0.11691322936963833,-0.031722305364007455,-0.033048187734960016,1.683433433188105,0.030033361591568608,1.8477945716340334,1.1423888051628062,forward_head
59.18,-0.2743452818239635,-0.09456717433135806,-0.014448763310241426,-0.0037168652072701166,1.6857719673627516,0.047457082261255265,1.8506897888265448,1.0876397575412788,forward_head
59.2,-0.3530536802230684,-0.09836883694084685,-0.04720844829924337,0.004176578966640095,1.64383018642961,0.014197309031876385,1.9786437587344923,1.158043818781901,forward_head
59.22,-0.32287478361673927,-0.10523742784473704,-0.028713381887640065,-0.01105947751022768,1.6050814210953481,0.02598357333340903,1.7382827551003344,1.0885945887023063,forward_head
59.24,-0.3439469705346131,-0.14223589203390613,0.003449105499322365,-0.022600697048038992,1.638710219585735,0.04443709761087923,1.8087797009020565,1.1471968127561358,forward_head
59.26,-0.34523235046889267,-0.13160476978270222,-0.024242277436463195,0.005236657223809454,1.6791039343889107,0.02008429243153421,1.854012420322098,1.121165537864718,forward_head
59.28,-0.2787284169766622,-0.11004395076673698,-0.03814108324082969,-0.0010773184905505414,1.6915217361339137,0.015649543364847588,1.8551255629643078,1.279962093526445,forward_head
59.3,-0.3340985495600111,-0.10055344002908347,-0.029223857501908004,-0.00322355977496169,1.5403139580296388,0.037913505904659736,1.8429073434603334,1.2038581313368013,forward_head
59.32,-0.29331836951330287,-0.13884207378935295,0.012565881820557043,0.0070944598902007204,1.6844620173288845,0.023297909011248213,1.7008157958127772,1.1943991519845247,forward_head
59.34,-0.3300417085203344,-0.10876953060306183,-0.021073989787976484,-0.004789172457314262,1.5096642922871448,0.03458363401032176,1.864407221531662,1.119964053336661,forward_head
59.36,-0.32131879882841036,-0.1272505811651801,-0.023498136270250932,-0.004221963754453927,1.5570816667124558,0.024976443096956968,1.8357338459807504,1.1122360401533087,forward_head
59.38,-0.33612515458581665,-0.11676372886048306,-0.04680794552868697,-0.009970056597685677,1.502382540316094,0.041102849767366154,1.8676528644629828,1.1166269705370553,forward_head
59.4,-0.2935440741359239,-0.1206967078796808,-0.03732020213926262,-0.007029859557462921,1.5519852702826773,0.030272700248424794,1.929728506660655,1.211908425382772,forward_head
59.42,-0.32089477289356666,-0.12996543774398994,0.008074246184452101,-0.006721290528198758,1.451197119133083,0.04883306519154881,1.9920401545864634,1.1624511408881608,forward_head
59.44,-0.3325159248549831,-0.1195816914666413,-0.015488896265695907,-0.025437315480630787,1.560286612550712,0.02287295015142987,1.8961945743644875,1.1509351077859626,forward_head
59.46,-0.3102851468228356,-0.10650215725893167,-0.037305358928506394,-0.008769187802134969,1.5380050170754738,0.028231854012982116,1.857968732625919,1.2031799609575209,forward_head
59.48,-0.29785256560270795,-0.12921964908585196,-0.004549651909600985,-0.0025058903248914664,1.6412781262247824,0.032363990047776944,1.930622549432394,1.138522343730532,forward_head
59.5,-0.31898106493855266,-0.09708667336519718,-0.02082154475643086,0.001793740230642801,1.6309945310600142,0.04325137227346589,1.8772656710634485,1.1123294042548364,forward_head
59.52,-0.35164790940880897,-0.13629223255542267,0.002266661285645529,-0.008245445442512598,1.497903217171928,0.03301012673235391,1.8530464722117748,1.2634394986300974,forward_head
59.54,-0.3232097619761973,-0.10054557864026033,-0.0008617156465359823,-0.006116857422982982,1.8219509912709841,0.03148963812087579,1.8934001444249982,1.1399258782708832,forward_head
59.56,-0.29964057194223065,-0.12785830985419558,-0.011492576313523545,0.010669276555359127,1.7469915926379604,0.016982458994435633,1.8096281345408323,1.1249327911577331,forward_head
59.58,-0.2964323780787329,-0.1183313309590695,0.010958713175467615,-0.0008806414724474301,1.7430202430659196,0.021730981256207222,1.85498210191684,1.1073773230967197,forward_head
59.6,-0.2743110695379749,-0.11569004178382794,-0.01987641121491636,-0.01695130147988824,1.5853350860415625,0.029296981778740728,1.8075869633430364,1.0572567967875577,forward_head
59.62,-0.33061408704847817,-0.12845798815118087,-0.015229323273092829,-0.0094275615454843,1.4476998674050092,0.03421899353994276,1.8262975824828105,1.0823211793378023,forward_head
59.64,-0.35233101395486144,-0.08495543908672379,0.0048001629277883776,-0.011800211813054334,1.5912852562149458,0.03683064671424334,1.907741763726243,1.1843039764773335,forward_head
59.66,-0.3678032023475246,-0.12741722539039319,-0.030978962938901847,-0.044445262244644256,1.5306822542018772,0.03114711795049743,1.889732782675097,1.1212848944369065,forward_head
59.68,-0.35263462136545204,-0.13266669373604875,-0.012764037616831323,0.00812816300545819,1.6565335191347228,0.03484116777544999,1.8460628016863427,1.1535328363336463,forward_head
59.7,-0.32582722400280245,-0.11949430200824779,-0.02381963708489049,0.012622431126574983,1.7145359196548662,0.021243152019621965,1.8196087408553678,1.1222792571680174,forward_head
59.72,-0.29446738460677424,-0.10237683721318283,-0.00762124062697971,0.01583921212733313,1.4924826449203261,0.02967069400876244,1.7709735713533474,1.1477425813461786,forward_head
59.74,-0.32085293040754065,-0.11251944570186351,-0.019449166932376815,-0.01388287930927845,1.7130595416979961,0.022927247371396405,1.7383743520307435,1.1985150715887232,forward_head
59.76,-0.32121016710698647,-0.10599980574374153,-0.03352262767350527,0.015406843295235251,1.468297902803099,0.0339387796134202,1.9022295550462238,1.1377223069032794,forward_head
59.78,-0.3177627399527575,-0.11444297212876696,0.0064936142856031834,-0.0035220702981074614,1.7290621814873277,0.021569019485797224,1.8668800944349957,1.1800147282434363,forward_head
59.8,-0.32967313996314684,-0.10838319594277342,-0.022878133474807487,0.0031009011129983512,1.560666363290926,0.052342423327569325,1.9503093025391756,1.327531268753782,forward_head
59.82,-0.27236505854140797,-0.128083512265663,-0.017640478458642975,-0.007521851733330426,1.497212465197321,0.026442133833119014,1.8072347247865896,1.2442902141463863,forward_head
59.84,-0.3193868050620531,-0.1451935496001231,-0.04242351049036939,-0.000899929992674722,1.5781204818248578,0.02527156104819983,1.8774855806242825,1.1232958164605975,forward_head
59.86,-0.32338219099161847,-0.12497960431058462,-0.027602359183559043,0.012334036063397516,1.6640610729577585,0.026625590289397566,1.8782013854784014,1.1606655605486411,forward_head
59.88,-0.3381546646049371,-0.14192656331152415,0.013386476567904497,0.009555084564477428,1.7031257446205998,0.03325730050843468,1.826111589319867,1.1875020149185356,forward_head
59.9,-0.3136071908884899,-0.07105108584571385,-0.016268440067667894,-0.001550701984489561,1.4805796950236327,0.033760733273139436,1.781784522242104,1.202960675093395,forward_head
59.92,-0.3240709445007418,-0.11742641515349744,-0.020004697809506426,0.02377835607420655,1.739240420329968,0.03666483874603947,1.9073567553076114,1.1975281648418474,forward_head
59.94,-0.345144593929607,-0.10602658558818454,-0.012363892871395048,-0.006414557349288647,1.6438199673418312,0.03111662420637752,1.8710956895436244,1.1570978082638868,forward_head
59.96,-0.35544649238931325,-0.11729129960057594,-0.0029035403593143595,-0.014915286969499614,1.583790695842854,0.023506310036510797,1.8933768970797136,1.16983068996601,forward_head
59.98,-0.2895910847287981,-0.11797899852682951,-0.02600564316791999,-0.028580027403665803,1.6167917510835088,0.03184529987535217,1.8527544884489826,1.157363722240934,forward_head
