timestamp,delta_c,delta_th,delta_l,fwd_head_ratio,shoulder_tilt,torso_lean,ear_sh_ratio,label
0.0,-0.28718928277665823,-0.13876600171325484,-0.005439373726245796,1.6898071598526891,0.03658055377772972,1.8325263634191766,1.0712834142900252,forward_head
0.02,-0.32652089352180425,-0.15724341404840617,0.0007766105127176042,1.6690557311136234,0.03267608910772882,1.8861432873736805,1.1740255832142148,forward_head
0.04,-0.2846621141637554,-0.07628993644031346,-0.02753985684343404,1.5646431903237605,0.038970260782641195,1.9075227110548487,1.0329177079109135,forward_head
0.06,-0.297732008109334,-0.11949423988093903,-0.004419600419705801,1.6393492442184652,0.03747635517124461,1.74350470720334,1.1153057263677684,forward_head
0.08,-0.32098788117216587,-0.12056406102973216,-0.016058954437214553,1.6753453454133986,0.02697485555961738,1.9882383834946653,1.129885333766313,forward_head
0.1,-0.2904640930003469,-0.08571699166840253,-0.010491232463181325,1.5933558467111928,0.035137745114064825,1.7617349617787827,1.0978383624827466,forward_head
0.12,-0.3179338700226714,-0.13096968672178994,-0.024537291758627202,1.696868730548987,0.018727355667647487,1.852569804686141,1.2003185573976836,forward_head
0.14,-0.3350897298305161,-0.1207075422372475,-0.02322454251538167,1.7407047413256538,0.029877800634514746,1.7530151594926664,1.081578524722231,forward_head
0.16,-0.3131184955234168,-0.1125957827904302,-0.019068446264468943,1.5169396095445913,0.036956411887420715,1.758829552180044,1.1167707576509476,forward_head
0.18,-0.33910872785838414,-0.10495098143196564,-0.030914887258240528,1.6558015602589773,0.0284579758440956,1.9465316283624348,1.2515993448315321,forward_head
0.2,-0.32164117221555627,-0.11882417339185204,-0.045039085029377375,1.651583895874261,0.029970896592200334,1.7877734544078816,1.184466466636001,forward_head
0.22,-0.31876948905698566,-0.10066133243393155,-0.017623251287719816,1.6267894666161273,0.025752919802555722,1.833512759946594,1.0365342729782199,forward_head
0.24,-0.3029481798321093,-0.08550977948326786,-0.008844643368382726,1.608382064650197,0.01672044116971881,1.813297663492299,1.1613300863911091,forward_head
0.26,-0.341060783585915,-0.0985063745863404,-0.0199931722262547,1.6295042932431,0.026628692663850217,1.800230162573877,1.1957865005685675,forward_head
0.28,-0.32517651276273457,-0.14423334133762594,-0.022417343555125032,1.6678262478168822,0.026994008977611852,1.8671861986792766,1.2396382227671872,forward_head
0.3,-0.28999599965942335,-0.11009225731905423,-0.02459640562027289,1.589204333120597,0.03290067934488997,1.8661378256105545,1.0623661257809804,forward_head
0.32,-0.3037387908767091,-0.08376973902409825,-0.012622114166674296,1.6319378943245768,0.024678672332745375,1.8930016546685606,1.1398786225234898,forward_head
0.34,-0.3192447961063308,-0.1472654075415365,-0.04949187240853086,1.5829924510500453,0.024594672278804415,1.8229813875384038,1.1247510133929965,forward_head
0.36,-0.31730670643313064,-0.13387291820128974,-0.029808306157333587,1.6921181561421446,0.02370890518845123,1.8213507166466598,1.1603037529966485,forward_head
0.38,-0.30713494099928085,-0.13191764531564384,-0.017832690695887995,1.573668863113708,0.03620731293143766,1.76088376312965,1.1965765256566745,forward_head
0.4,-0.3211155300621707,-0.08246406327979637,-0.005474046200050828,1.5085582495713583,0.02964285169222342,1.7865829765270234,1.2183959238846016,forward_head
0.42,-0.311579910430685,-0.10422941775313607,-0.019438375239781674,1.6713419200441824,0.03561322294571134,1.904485821822003,1.2062516763177071,forward_head
0.44,-0.2780184495641135,-0.08862621590354307,-0.0191461613224603,1.6029956243015868,0.019887278722118047,1.880001604409632,1.3529271215713874,forward_head
0.46,-0.30613574429998336,-0.09130916014736729,-0.01617538883350572,1.5300126047354983,0.04913722022943684,1.8968644297691406,1.1500059766535158,forward_head
0.48,-0.2521131265498494,-0.05615091160804262,-0.012780208479525754,1.6519293234579304,0.014539137175240852,1.937518780724333,1.170521865736036,forward_head
0.5,-0.29379597489472353,-0.14103826570389735,-0.0175651565457314,1.6465852524049702,0.01650896763649071,1.834427335676141,1.1542147065677955,forward_head
0.52,-0.3062329241604516,-0.11002163939257709,-0.02083976981086558,1.705686737662073,0.04625035898360265,1.9347441428810612,1.1563618952292942,forward_head
0.54,-0.29364122144189414,-0.11428203664216843,-0.01938164646395762,1.604998383625603,0.03141832848089001,1.8834137783324851,1.1748359838607634,forward_head
0.56,-0.3345327730728476,-0.12932840639320792,-0.014088705145539912,1.6430447838491842,0.022671326168699494,1.8386100451518312,1.1131260834044752,forward_head
0.58,-0.33825130231337547,-0.1516740290774116,-0.01810667261750456,1.6481634470101847,0.026894723727663834,1.91020555880529,1.2254696006029073,forward_head
0.6,-0.3074986097562983,-0.12423530979359892,-0.0072557044299761085,1.5973338349838844,0.017461917721283284,1.7995168772492562,1.2274651034945416,forward_head
0.62,-0.31203894822095196,-0.10340185509461884,-0.016151409674322444,1.710517404461892,0.025870371002892772,1.8855416156768232,1.0655726408743806,forward_head
0.64,-0.26234583448743126,-0.13076662334050365,-0.037407848405095846,1.559679526464694,0.02919764676077664,1.7684709908048963,1.1485998413467005,forward_head
0.66,-0.3040739622729203,-0.1338024036390151,-0.031069889882000216,1.554193962855869,0.0326701795185557,1.875852902696356,1.1361879037159228,forward_head
0.68,-0.3175352229128126,-0.1094929279265696,-0.027038201722178832,1.5830771803482229,0.026605649198682482,1.950612374036024,1.1767087626715398,forward_head
0.7,-0.28666639379076514,-0.143692698594753,-0.0013316793636876474,1.6652455048883927,0.017886774079641024,1.7748105311651678,1.1874834662031637,forward_head
0.72,-0.33499051661743473,-0.0877898678553887,-0.03800548524696197,1.583985204078914,0.019516011727982008,1.8975917747667304,1.1406541540557902,forward_head
0.74,-0.32542167432419866,-0.12919867150792808,-0.009578076318931854,1.6235079186992574,0.034730025189605926,1.7036225982883877,1.0559461531758105,forward_head
0.76,-0.35602209953954167,-0.11542026748641071,-0.01462802395458351,1.5792421451732948,0.04126649012395047,1.8833821905433539,1.183473673154832,forward_head
0.78,-0.3348832687364491,-0.12700400944936985,-0.01773381770072161,1.7001098666436805,0.046932186491152064,1.8787625223122018,1.2343612458291615,forward_head
0.8,-0.32425948275828637,-0.12461024002501597,-0.02166272825496178,1.6039459282169146,0.04153761115092767,1.9058110047121055,1.1188394728995679,forward_head
0.82,-0.3270344690488294,-0.09158597489341974,-0.04082729450109325,1.5493735433237956,0.006708734324562798,1.8421396880694032,1.0828897492378613,forward_head
0.84,-0.3447654193402992,-0.1077212139281916,-0.04761597099494081,1.5877662221263533,0.032834167085209254,1.8543984737157615,1.0891896309787925,forward_head
0.86,-0.33763790437205826,-0.14002165556228413,-0.02027599428005606,1.6187491072645646,0.016272668121702468,1.7860363406450805,1.067896836502469,forward_head
0.88,-0.32184348253006545,-0.09470265525774087,-0.015650158847239134,1.5659980964654139,0.04103334927709888,1.8841017724511004,1.168382701053355,forward_head
0.9,-0.29361256141607606,-0.14568331344450958,-0.029382750535579046,1.3569918665373024,0.028473300628680705,1.8114075799643279,1.0899730180249925,forward_head
0.92,-0.29901699392669456,-0.130471977181717,-0.02961403637956842,1.546362434318329,0.038312624748975045,1.8537623787042998,1.0245749566317082,forward_head
0.94,-0.30808410631900324,-0.1081799716914832,-0.010351271068503474,1.632339730897183,0.040015283131853666,1.8532599241692853,1.2996364189943241,forward_head
0.96,-0.31972353460960695,-0.1300203489260069,-0.02930882828000904,1.5257416861213104,0.009966790504235969,1.948829643177279,1.2658112434208635,forward_head
0.98,-0.32878289916061465,-0.1199098075636173,-0.024126813646515113,1.678592514544349,0.03281971242720007,1.7882413497442247,1.0499760208569549,forward_head
1.0,-0.31043439464975864,-0.12564868089369632,-0.017295184837926764,1.861393068419965,0.009102486285855676,1.8782749168000534,1.204021287407301,forward_head
1.02,-0.31835522556010964,-0.09173684235810184,-0.011394682530392698,1.5979831054519809,0.025468112026762673,1.780211144508357,1.2223824962424068,forward_head
1.04,-0.31939424459040106,-0.0927099961427038,-0.02547867715418385,1.5229227075769083,0.035642544727241904,1.8609164186506841,1.1801890369182295,forward_head
1.06,-0.30246878974273034,-0.10555545954305312,-0.025630476545159424,1.7583273828416326,0.03029696287267989,1.87463477769318,1.1734977387093588,forward_head
1.08,-0.30132604724221573,-0.10356072857882695,0.003666332986192925,1.6393340345897651,0.03326148390854835,1.8168790956435514,1.1399364056856334,forward_head
1.1,-0.32075841923638254,-0.09305097436766531,-0.03711569195519785,1.6987613727310595,0.033299338830240506,1.7714838512246733,1.288798418104601,forward_head
1.12,-0.2796978680382388,-0.12228562462988098,-0.03936765237112586,1.6112644248244203,0.039482350206545086,1.8593385315509892,1.1790284057395233,forward_head
1.14,-0.33907020442118274,-0.12864044615959122,-0.043299767035122505,1.3782050341320295,0.03816610924598255,1.9355601954197361,1.0538549050378208,forward_head
1.16,-0.30847438204593913,-0.07839914305970143,-0.025412298975523537,1.6260278175842484,0.023983955134901293,1.7138761846314032,1.142147000933844,forward_head
1.18,-0.35332086287371006,-0.13919302272841114,-0.021445423494941006,1.5693272681839234,0.02386000590625062,1.8110727223197842,1.2123554244732373,forward_head
1.2,-0.32182868603236586,-0.12597185367704994,-0.042478552404281604,1.4780612463481149,0.008890164398882915,1.84356724456786,1.1882339298169917,forward_head
1.22,-0.3119254087421664,-0.13085952859212888,0.001809310723099019,1.610663070289034,0.032274317847527594,1.7208330582712856,1.17467187868153,forward_head
1.24,-0.33202902731753975,-0.14173887890972034,-0.0142470800279548,1.6234046120063628,0.026468187642270498,1.924612649610016,1.2347105787332593,forward_head
1.26,-0.33150754730706883,-0.10322037596289584,-0.012801317360822791,1.6075606883463127,0.024949930444954024,1.8108815422344176,1.130540792700729,forward_head
1.28,-0.3080855258424065,-0.10392048885527169,-0.014539158452618682,1.6075182709628233,0.017293384861211868,1.7153580549058285,1.109356861477907,forward_head
1.3,-0.321450966307829,-0.10008362362452804,-0.01413855748872997,1.646341473470287,0.03771988146069672,1.9413974054815204,1.2680528845648025,forward_head
1.32,-0.28777515837572115,-0.09844703433459176,-0.022838370820598,1.6727175112117592,0.03171976660221985,1.8700408932595534,1.0134840821677578,forward_head
1.34,-0.329048043388735,-0.1438295941824614,-0.014680749884405882,1.6818945030939236,0.04993610274782667,1.824233165678714,1.1075619985870127,forward_head
1.36,-0.3007328267357121,-0.13906018922237878,-0.028116755936565548,1.690195837418274,0.026035115737962577,1.9162927720598697,1.0840090169924814,forward_head
1.38,-0.2860538802217543,-0.12440142141388108,-0.0031107259549893887,1.4976129185291216,0.03472228980655004,1.8318729730372552,1.1820134871279584,forward_head
1.4,-0.32165498077826865,-0.06615931856563959,-0.02797960030412884,1.573581808471489,0.03685304997874764,1.8026271860608014,1.0140959938197713,forward_head
1.42,-0.31179329978999776,-0.12101431562501783,-0.024608764344220616,1.6003605243065302,0.0403092201331411,1.8912754337600601,1.1128700069219069,forward_head
1.44,-0.3117519911351827,-0.09808919488654663,-0.029060154175708505,1.7337250393760226,0.03292316804648545,1.7512264476658537,1.1088552070290718,forward_head
1.46,-0.24042933100974903,-0.12788066696260314,-0.016139045135509466,1.673444068770139,0.012481956708322382,1.8925087275043448,1.0515130444793266,forward_head
1.48,-0.3569314993079208,-0.09263539322304443,-0.009346260404814807,1.4708025245152923,0.042021627192485936,1.8611358340721074,1.148694220900368,forward_head
1.5,-0.31630037631254737,-0.11728914028148084,-0.02931757623316472,1.4970787945444048,0.014973851834951982,1.8408762386119457,1.1769512187772349,forward_head
1.52,-0.32850176735863534,-0.12775371368814334,-0.010010589932311553,1.6010350531180746,0.025701079720866625,1.9463699945678636,1.1201441479501628,forward_head
1.54,-0.2655823028248482,-0.10215247293346566,-0.017600031866802607,1.5497341949230756,0.030428407067816604,1.8186324568001848,1.2245665000321342,forward_head
1.56,-0.28145839839414905,-0.11282206128382515,-0.03770440060835782,1.4162234717022937,0.0,1.86376677687835,1.0489898524150076,forward_head
1.58,-0.38035156012680815,-0.1367440849215939,-0.008524729230354315,1.7086323399873562,0.02722774531950392,1.9519514035488652,1.1666833092142972,forward_head
1.6,-0.3430375993341148,-0.09196438286146172,-0.025583976736828173,1.417154471615614,0.028797075071870112,1.849773198721515,1.183836127178336,forward_head
1.62,-0.3068790972282497,-0.07842690901001005,-0.03382496831844136,1.6578777524909156,0.01777033322489186,1.876658312973964,1.1107428437317155,forward_head
1.64,-0.29742433897447135,-0.12333946530831982,-0.005711164000612885,1.7801975162426908,0.034053080661071045,1.8901669721889967,1.262947907206553,forward_head
1.66,-0.3304782299193901,-0.12046126505539802,0.005903327808461021,1.499936481666898,0.02550875787326351,1.831269951099701,1.2001022640326258,forward_head
1.68,-0.29161983924503604,-0.10735033866784423,-0.0392628111990513,1.5492592272490946,0.04180488968883801,1.8401724433948543,1.2782895412096869,forward_head
1.7,-0.3019463996826132,-0.12466636135373974,-0.036630696461402296,1.5079578054167957,0.051974501582634995,1.8661392876053575,1.106699155180052,forward_head
1.72,-0.31646495537405517,-0.10073503336344973,-0.012550418564515182,1.5956313885475921,0.007853461090970272,1.7905487361052803,1.1243328417464118,forward_head
1.74,-0.34192345241534267,-0.1411217237025954,-0.004780657871490447,1.677525257604397,0.03129041266367767,1.858072006202176,1.1612955331871058,forward_head
1.76,-0.30588587639703263,-0.14982630118300305,-0.019342830497694787,1.6101327854902114,0.03275662750050829,1.8900617521859895,1.16932773191302,forward_head
1.78,-0.30070138117313544,-0.09306640855279691,-0.021503581044506302,1.6704698240966562,0.021401153333957458,1.8013652348460667,1.1188519033771847,forward_head
1.8,-0.2666182325884342,-0.10605952334101508,-0.017177203846912483,1.7103512110164358,0.04095804699904601,1.81322864308216,1.1849852948271506,forward_head
1.82,-0.32649907884574253,-0.09392793071692584,-0.03944179145434132,1.7178655442894313,0.037571370290592154,1.865739652827336,1.1465408683197864,forward_head
1.84,-0.3600413638678957,-0.10570732275900238,-0.02407947776493351,1.648043927022071,0.03874878548015245,1.9121288047481066,1.1886818190663317,forward_head
1.86,-0.2886281661106854,-0.13990633599868954,-0.022293169143382804,1.7675507806479995,0.03598809825620235,1.854652309831505,1.1508673132907763,forward_head
1.88,-0.3079348583149212,-0.11878530223221301,-0.02898869988419056,1.6480936089398905,0.02116504653690977,1.883559140451234,1.1916702618213704,forward_head
1.9,-0.3101558377654417,-0.08460015852749726,-0.011966404505742306,1.5149275072304933,0.038718517045571395,1.855496225000575,1.1405577764800587,forward_head
1.92,-0.3618923311362196,-0.12101162923287977,-0.015239301656398193,1.5730760126769778,0.03633795922140697,1.8600524911057899,1.2286624418611913,forward_head
1.94,-0.26668623628111515,-0.09936477199369556,-0.019142682817037182,1.565115766728929,0.026293983151349634,1.9066764988766534,1.2038735364057809,forward_head
1.96,-0.32964309565908084,-0.13533424947181438,-0.03400203269621967,1.6502779473258717,0.022161651034286294,1.83455763420826,1.146387269004024,forward_head
1.98,-0.3106196461767951,-0.12573673596296672,-0.018218529678534334,1.6617312005371134,0.01192996487332201,1.918082401380358,1.0703636361191988,forward_head
2.0,-0.329244971529566,-0.11080344381879767,-0.029158366743571525,1.412709288943951,0.0348397744143078,1.7036935818796792,1.2413429927423398,forward_head
2.02,-0.3371407362342007,-0.10947345330778759,-0.03576130850666291,1.5593171561260495,0.02985255791145456,1.8513039054358622,1.0881431889641067,forward_head
2.04,-0.29621636434589815,-0.13101100060811807,-0.02340923273021002,1.6815600406022002,0.029890897556876843,1.79668057065754,1.2160312155731312,forward_head
2.06,-0.32392231397129184,-0.15337353146661636,-0.025810052688611113,1.442394471222634,0.03095162045110272,1.7711052499546267,1.1176875928125338,forward_head
2.08,-0.27725583399966747,-0.11507631073325642,-0.028239815793496905,1.6561000426010317,0.03737651109358072,1.7570825692311898,1.1326224701084489,forward_head
2.1,-0.35642689426933505,-0.12939826421746517,0.015643064118939155,1.5739786362967112,0.02513656656865869,1.8511804126821054,1.0332588887491583,forward_head
2.12,-0.3101861074729156,-0.10300832480986057,-0.027850243471642225,1.5740516470901031,0.03225504197695167,1.8424291721260615,1.1529318622461842,forward_head
2.14,-0.31677476715362846,-0.15478342356938693,-0.015119619213135633,1.5212738413461357,0.023654172486126564,1.8173503512486093,1.1077863186888912,forward_head
2.16,-0.33837108413179035,-0.08732023035584377,-0.021579510757309357,1.5732539811224329,0.018676411686743596,1.8213885281532902,1.1702674179392083,forward_head
2.18,-0.2803239335945408,-0.13252047557913663,-0.026012167171337672,1.5276045496732382,0.042082022274467425,1.8911358944737406,1.1279065147038936,forward_head
2.2,-0.3236818780799999,-0.14298550077366598,-0.02087055016331444,1.5908122547317076,0.020775248069391863,1.9166633574170355,1.10857561697385,forward_head
2.22,-0.3308625258429859,-0.17649769306863122,0.006569675455417857,1.520045624230594,0.021901797097926362,1.7158241222081472,1.1257552322758952,forward_head
2.24,-0.33316955188559,-0.10906950659275015,-0.03816073321126149,1.578676933994084,0.012646532459933711,1.8833738998223553,1.118579712747456,forward_head
2.26,-0.2997484542387351,-0.10684095491093061,-0.0037424538967863316,1.7063968091079096,0.024089667838932106,1.8060053781803078,1.123032118632201,forward_head
2.28,-0.31707639931372783,-0.10120776097542222,-0.0160844662039003,1.4708494966532486,0.021118917404870107,1.8226790675913582,1.2085280689504228,forward_head
2.3,-0.3271650693271067,-0.11327914661668728,-0.01398779926350234,1.4657580454906438,0.03593053297307888,1.850531378857093,1.2789584860843293,forward_head
2.32,-0.3023911304747678,-0.11866991330740634,-0.022923738865290786,1.5559676413963932,0.037371688213543156,1.851775197402875,1.1729970271784116,forward_head
2.34,-0.3439140037751071,-0.1340322962131915,-0.03391122096649032,1.712327412098136,0.03003446841900679,1.788766130131958,1.0580673068504958,forward_head
2.36,-0.3121142300462963,-0.11484121044902929,-0.010093550864590803,1.5962071175231605,0.02005278522190468,1.8853441781106866,1.1630519963506463,forward_head
2.38,-0.32005078966820466,-0.10753590762685224,-0.025588099241362926,1.4945646777400672,0.02996951694448105,1.894536572525776,1.0906806897917305,forward_head
2.4,-0.28235718999216625,-0.1154116240663861,-0.054179063302683815,1.4603211856438458,0.0367857577577232,1.9228489503990922,1.1318784751053692,forward_head
2.42,-0.2787670980828159,-0.10618333380400187,-0.030119968053232974,1.6735090542088102,0.051977753390871156,1.704585185989239,1.0618801247489218,forward_head
2.44,-0.3143200999054619,-0.15053961542166466,-0.0014042591639712475,1.594956210597514,0.02128085789991224,1.8990909034988839,1.1117972931351852,forward_head
2.46,-0.3776974888351205,-0.13530154403666456,0.01871351452660846,1.5870396469961892,0.027938846807098513,1.9546717578366566,1.1120745484644936,forward_head
2.48,-0.28972418032627006,-0.12436103647901238,-0.032462903244097265,1.6305109400564217,0.04499716048275869,1.8356081880514008,1.1849725192939355,forward_head
2.5,-0.3185855237056754,-0.11715274027444476,-0.01991871490312089,1.5836038856641226,0.030393384117775826,1.839007927843559,1.0983729737143286,forward_head
2.52,-0.3325775190784708,-0.11656419916617683,-0.028901732713212447,1.558308370297019,0.027242377965453358,1.8903773692462447,1.1198436927772666,forward_head
2.54,-0.32096287129589585,-0.1224831981484269,-0.007315792834001118,1.677218321778136,0.042987717431022344,1.871681446587799,1.1167603105025052,forward_head
2.56,-0.3267989593137662,-0.126341218684879,-0.024758735328436476,1.4769572510080646,0.0422786742042935,1.8124471742873842,1.146863305417734,forward_head
2.58,-0.29248795928973315,-0.11015511953812314,-0.022140348128766717,1.584935890209059,0.03077323818245227,1.8754540590084534,1.1435601190702693,forward_head
2.6,-0.31813407773409713,-0.11636221299936762,-0.03212814067736773,1.3905037583968802,0.028601487871680504,1.8250927996119868,1.0442201853410165,forward_head
2.62,-0.3475258673396019,-0.12626979738804514,-0.054722602937218735,1.412532669220396,0.03041701842989872,1.8012266065023685,1.2179884033365738,forward_head
2.64,-0.3180380122570715,-0.11882339691855323,-0.04358809594183857,1.686787280923722,0.04179640357490125,1.857559651175444,1.1378258302193642,forward_head
2.66,-0.34321753499605245,-0.11589816687178987,-0.03394094251492531,1.6705527149573802,0.02524638796846947,1.7602794363367904,1.158847610497914,forward_head
2.68,-0.2840455232097806,-0.11417627788069133,-0.010613139232055683,1.768265952494346,0.039084699650832125,1.9235672982748702,1.094522167649844,forward_head
2.7,-0.3386467522777913,-0.10887638883996768,-0.02173725016141203,1.55335884521579,0.0335917712870774,1.782357927337249,1.1833973687380133,forward_head
2.72,-0.3004044828800937,-0.07529874319233862,-0.03527640126079009,1.5818391573717576,0.009854822599234522,1.6566397010631584,1.1166540638124824,forward_head
2.74,-0.3106684204367029,-0.1315313774395645,-0.003040726229448173,1.462517737860608,0.034904039647753494,1.8428779272578717,1.0682788902335432,forward_head
2.76,-0.344557536694652,-0.11355657957996575,-0.024436357095800224,1.6644337054610272,0.045816006250802135,1.8465648742495107,1.1422332455363216,forward_head
2.78,-0.336510175021175,-0.11836505124851936,-0.05635800322304496,1.7152992506861648,0.02486569146612718,1.8098238324516294,1.2599879378815226,forward_head
2.8,-0.30078867373289003,-0.1270507287595812,-0.009551724726713631,1.6794725800696715,0.045142893710907794,1.8426887265598753,1.1925563282859715,forward_head
2.82,-0.3264649596317816,-0.09018250595337407,-0.007516438361676592,1.7320843021372623,0.01809548094642914,1.8284954101747248,1.0984382659100997,forward_head
2.84,-0.37062683006029723,-0.13957329571591515,-0.021078363696998444,1.6806492077332869,0.018326049918282565,1.9220944785398315,1.2550186956861802,forward_head
2.86,-0.2796603825482687,-0.0893173943625669,-0.022209515331771162,1.6492165985736156,0.034277493002252184,1.7215204358827942,1.160953006555305,forward_head
2.88,-0.3273662102137199,-0.13576682272364515,-0.011758159514963906,1.6230776421524966,0.03824563260965128,1.8801955668118384,1.0538787022425065,forward_head
2.9,-0.33521244757423946,-0.12208874783088387,-0.01422704490526465,1.5640758653558364,0.03003316544121577,1.9418932978301353,1.1071792724628342,forward_head
2.92,-0.31166019215863955,-0.11012453046955342,-0.03480565141860354,1.6322752840136103,0.025296737908931624,1.778630744023899,0.9951562401950838,forward_head
2.94,-0.3160456864383745,-0.10954249969755173,-0.025190679728684898,1.5908600948272438,0.01874151163954174,1.831605829513811,1.262784312603594,forward_head
2.96,-0.36627651732714245,-0.1378079912046086,-0.02698665707353939,1.558869894436002,0.03420802412719829,1.9338314259269622,1.163875564515991,forward_head
2.98,-0.3145699918257751,-0.09334555508447254,-0.015268406907276861,1.4559425033918199,0.03798709461502317,1.7520361323377878,1.0397260270477369,forward_head
3.0,-0.3191814615710031,-0.13288645279677502,-0.021676676163056467,1.596318481122042,0.039523675057871265,1.8967608344360831,1.2189808429114748,forward_head
3.02,-0.2982599847631913,-0.0963780686012473,-0.0355202215583212,1.4633881801957287,0.02742719433206649,1.778807251952776,1.0993252544719367,forward_head
3.04,-0.3169964881425213,-0.12413906457328795,-0.020555207342378274,1.5242194160063405,0.021682706876479572,1.9188598948956415,1.1422989747846413,forward_head
3.06,-0.2996227424904245,-0.1383912311624129,-0.0068117222445765865,1.6441922678085639,0.03213459770242277,1.772630616632892,1.1812879945087664,forward_head
3.08,-0.3779438424365527,-0.10084092171021132,-0.007699561834532015,1.637720299398909,0.03777153072998881,1.7951927271596828,1.0977400241772233,forward_head
3.1,-0.30193361755156317,-0.13046777656494427,-0.01875714925561367,1.747590653263656,0.03295769017767996,1.8565937455270225,1.0532480513386193,forward_head
3.12,-0.33765372793625975,-0.08384347409005598,-0.023854130750626847,1.405153200068997,0.03226567630172537,1.7873386633264823,1.1060397102299355,forward_head
3.14,-0.31076997775042325,-0.12137231380184742,-0.026582272086886564,1.4714585379587897,0.03090193164759658,1.8181510426139635,1.2412818623749833,forward_head
3.16,-0.2533713968340273,-0.14510887449667523,-0.013820500741082627,1.6731248245114174,0.033141905425599964,1.8134595954025852,1.1028080208200948,forward_head
3.18,-0.3560597922417806,-0.15202800514853237,-0.023868612217931472,1.7344413019111147,0.04235012284819997,1.8299569040727304,1.1297138783239808,forward_head
3.2,-0.3443555597964875,-0.1399019572040545,-0.031751979100928585,1.6929476152823075,0.022237933553838254,1.8203932150294155,1.1451010031578195,forward_head
3.22,-0.30856659510145834,-0.13250060106360823,-0.01745214183802427,1.6988115148707161,0.024983799299156305,1.8157744292561468,1.1733338125089128,forward_head
3.24,-0.34254204618834094,-0.14061966131540568,-0.020601494841046824,1.582800535241917,0.04151195479254967,1.8522753159720324,1.0492482786197315,forward_head
3.26,-0.29745700314314966,-0.08387703095609257,-0.001989346676853371,1.6872766358375482,0.029436940494631927,1.8464792865276476,1.1052361083273932,forward_head
3.28,-0.32599495782765053,-0.12461455986175013,-0.007508855245800987,1.6120638325473238,0.03635830229422591,1.7059356820118512,1.3456152460525448,forward_head
3.3,-0.34360787322381775,-0.10405912688466668,-0.029533980592423376,1.4732610409989202,0.03747452921559057,1.766607390840994,1.1274298167810495,forward_head
3.32,-0.3279574705751784,-0.11249371754708136,-0.022483283090113337,1.6079574173001911,0.0269415952685573,1.8915944869189003,1.1353046112790413,forward_head
3.34,-0.338310045693659,-0.15212540982947345,-0.010548428571017251,1.5710967343132574,0.034475001634839714,1.9075758090890873,1.0706158882333159,forward_head
3.36,-0.31200258712962875,-0.10826182824772712,-0.007863927395854894,1.6387313108681376,0.04211008608993997,1.830799118636118,1.1359885337986226,forward_head
3.38,-0.3093793814409791,-0.14744816640956435,-0.03655332333560617,1.6919095526762016,0.01993585888443642,1.9445107148063638,1.118255429078983,forward_head
3.4,-0.29829349083076645,-0.110862198748243,-0.014770151508235595,1.6021494069174935,0.03960203255856019,1.8502617439293458,1.0789501192282962,forward_head
3.42,-0.30255940741767723,-0.12780846333342388,-0.041353141392046974,1.6863249357828844,0.03881866421451563,1.9476264430487058,1.2440120771105236,forward_head
3.44,-0.3387300191693555,-0.13233292245923114,-0.02466325444752981,1.468357200692722,0.02554356634825951,1.949864048123655,0.963871772930408,forward_head
3.46,-0.3435847538195161,-0.16140528162853296,-0.00728154017682735,1.6501443053158495,0.03207090946514202,1.8961441208644791,1.1165380223053922,forward_head
3.48,-0.3393253867081727,-0.10286041606156612,-0.026043272521161943,1.7784331436491114,0.01213896424656196,1.8951559846565664,1.1482967037429763,forward_head
3.5,-0.3416093803848261,-0.13258529466878383,-0.003952051493310255,1.6998124790417977,0.0018500888509773473,1.945034938154461,1.1700476570185654,forward_head
3.52,-0.31380034164041554,-0.09514764733097816,-0.012845976899723452,1.614487618772605,0.03271175508839513,1.9519301130268705,1.1358281830782164,forward_head
3.54,-0.30307598303602723,-0.1018282518163463,-0.04053420491427499,1.6594485512594666,0.049399245388006725,1.7954399605470903,1.2437107089614854,forward_head
3.56,-0.3240838234501785,-0.1104098880341591,-0.014953366983955557,1.6022619285835462,0.023334670991634283,1.9106523752347508,1.1235148526755245,forward_head
3.58,-0.3360322926592892,-0.14654305669612885,-0.014273150157003962,1.495425290113189,0.038100297233028844,1.7472029689485435,1.147826849474302,forward_head
3.6,-0.30773851778311734,-0.12765759228551296,-0.015189461692358118,1.4883026867897202,0.03406261166275053,1.9106026143301258,1.08465352263622,forward_head
3.62,-0.2995292317792872,-0.09630073196248855,-0.03572327003151515,1.451158889803609,0.040234762976761505,1.9057486098333942,1.194075656919372,forward_head
3.64,-0.3310634315795066,-0.12612250729839405,-0.02813441575701745,1.5491364990458583,0.04035872521710698,1.8779948618692723,1.1817113756027875,forward_head
3.66,-0.3759376167221069,-0.09227090475003563,-0.040186214088489575,1.562405618517479,0.02929812727985691,1.8211455276566548,1.2488573974442465,forward_head
3.68,-0.337574700919157,-0.12515061072664074,-0.025198343875880432,1.657757612110708,0.03174557502829124,1.873241865447891,1.1771824779086606,forward_head
3.7,-0.2781360158350598,-0.11750243448956722,-0.014176961093548332,1.5354553314147588,0.03558920203364684,1.895055995188228,1.0593603820407038,forward_head
3.72,-0.3338787222282789,-0.10110586880459439,-0.039968401586392165,1.6609824685337584,0.026767767998771834,1.7724013509742527,1.181710067283626,forward_head
3.74,-0.2742448154753546,-0.12681736301438123,-0.020371221869694953,1.578858252801689,0.028036962448296017,1.838700589233081,1.0206307384952806,forward_head
3.76,-0.29328201798298087,-0.1410366022368235,-0.03703372636932707,1.602480036754571,0.025185221208656655,1.8595095119256682,1.079808156175467,forward_head
3.78,-0.30608216493754714,-0.13272607070935136,0.004494088478107227,1.5415564525441536,0.03582361819033335,1.852657229265809,1.136711405586309,forward_head
3.8,-0.3364476196578188,-0.10474350136778793,0.00530797917737207,1.6742329180403979,0.02280018083486914,1.8566403889543799,1.1793531056141626,forward_head
3.82,-0.29709026500746133,-0.1241131573224145,-0.0575131143707983,1.6657708229780164,0.02659432618807342,1.8840319932145084,1.114216755468594,forward_head
3.84,-0.304604175313356,-0.10485830637366478,-0.0005484085753968153,1.6263687142317738,0.04141577477382769,1.8426876806639565,1.1843294005700786,forward_head
3.86,-0.34317008486253,-0.12236262768425561,-0.005097028607356744,1.6732974802010778,0.02370975890260329,1.745787110408188,1.1034216355258568,forward_head
3.88,-0.32985971143586135,-0.12434846751271125,-0.053760451219294854,1.6949297688509315,0.037808345843328525,1.8369179293766182,1.1816967039620305,forward_head
3.9,-0.3299392736381866,-0.12460666274005562,-0.009830431828270222,1.6178082918762529,0.04071737481606427,1.8386587378056587,1.1823986951078005,forward_head
3.92,-0.3542357694849817,-0.14666584525040074,-0.02671491425243106,1.415520818501884,0.028206869464422912,1.8508935211838704,1.162875668265584,forward_head
3.94,-0.3216300714697808,-0.10562937077140495,-0.021577486026438275,1.607468532674289,0.008642703373197537,1.7661848304699337,1.234677946035849,forward_head
3.96,-0.3415134612360183,-0.12375584751216562,-0.029264039429667325,1.6065701478109369,0.03465808424819789,1.8842065925820115,1.2258581489045137,forward_head
3.98,-0.30109065524459827,-0.08122717967830784,-0.00530757209477918,1.4667051417175392,0.03682504143937322,1.8920476501775552,1.126543436064619,forward_head
4.0,-0.32493432655334015,-0.09433431424706341,-0.025142231592046854,1.588472978992158,0.031727759403234725,1.855974659125441,1.1605805677575782,forward_head
4.02,-0.3537949504299879,-0.13543778858824182,-0.034171115944592476,1.6264283140476488,0.012771358889194135,1.7666699903449263,1.2024732506064384,forward_head
4.04,-0.3279734395672243,-0.11393856670078348,-0.03677709220616358,1.573356404374317,0.02122895735635594,1.802230813837654,1.178672341269165,forward_head
4.06,-0.33791550919128915,-0.11440116740584705,-0.02271940946721177,1.6418371842413335,0.03827221529887691,1.7594199528717778,1.2533726803919902,forward_head
4.08,-0.34400967987188735,-0.1299863209748757,-0.013102372359935149,1.5842837916320411,0.02161753737012874,1.7501461955508244,1.0903935975047807,forward_head
4.1,-0.32548427043836786,-0.10360140790716275,-0.009144367120871404,1.6512493335102896,0.040782679640935515,1.861137206331644,1.2421912862241284,forward_head
4.12,-0.3105726916995887,-0.10155839060206406,-0.04694463667419432,1.7132212913604206,0.03277911977874205,1.9421203179291626,1.23118475681376,forward_head
4.14,-0.32160189111597903,-0.12911601633507702,-0.02879314071899325,1.5667064314444874,0.024651324494840067,1.8902886203701246,1.1194196220101726,forward_head
4.16,-0.28196488130775493,-0.11665945670642539,-0.0328498741323398,1.6095041260112999,0.03410905367277789,1.7327728975876273,1.1398860736151013,forward_head
4.18,-0.29873231822826296,-0.10129295517406336,-0.04344009895576263,1.5655517737286153,0.024738668172240526,1.833194806757627,1.2314824357646215,forward_head
4.2,-0.32645729719046407,-0.11737193396242113,-0.029197440452940298,1.544101971168385,0.04044496968589527,1.789667675127064,1.1197982559161794,forward_head
4.22,-0.32964949360137574,-0.10695369309396864,0.008534428716730753,1.5009636472376604,0.019413501636354802,1.8240952199186502,1.0055806096660338,forward_head
4.24,-0.3216279774702887,-0.13287511045811878,-0.04292563604881904,1.7398516629781595,0.05014224418045551,1.8961992407190316,1.1972453113072625,forward_head
4.26,-0.3065030681853812,-0.17567108711655968,-0.03446671881324243,1.7947384088385485,0.044232623937345436,1.8310887402735398,1.1135560694074194,forward_head
4.28,-0.3223711891933896,-0.1130468655199631,-0.03484482553450008,1.604413117089583,0.01759405967858225,1.8867213902397941,1.235474838848055,forward_head
4.3,-0.32516449796727576,-0.09367943767484946,-0.029432964720512166,1.6540805857299845,0.04751192697141185,1.963807129734709,1.0886430626326697,forward_head
4.32,-0.3617023543550778,-0.08249952866509333,-0.02334175122134164,1.674575788578958,0.02994722579629327,1.8761470779867038,1.2062384470976228,forward_head
4.34,-0.3603932978235025,-0.10850864723153769,-0.015768961529408404,1.4953158184415343,0.018045955081730958,1.968637787252659,1.1329261046225019,forward_head
4.36,-0.35335866433306273,-0.11627379844444498,-0.005421736631476604,1.6317840122647362,0.03712697613676258,1.832771636871332,1.1259239213716759,forward_head
4.38,-0.34130899535793985,-0.09072111505964617,-0.004546906509468974,1.589433472125085,0.03535836739901055,1.9374116656521343,1.180726592781596,forward_head
4.4,-0.29386066418050744,-0.0894066570495761,-0.030753950756112595,1.5942423586810737,0.021704703498383673,1.977099476031863,1.1618850041902933,forward_head
4.42,-0.33111732429080853,-0.09531474479447656,-0.026587477250196452,1.5703204205106716,0.026577889254937034,1.804286241263512,1.1883586608905428,forward_head
4.44,-0.28983791128115927,-0.13184143251941086,-0.01238316971022394,1.7735617133154629,0.01234704748679527,1.9531832805515184,1.1011383688986836,forward_head
4.46,-0.30279250480419573,-0.11290759638259133,0.0036632244108716844,1.6115875242063427,0.03527174008830914,1.7459008772055409,1.2295282431736037,forward_head
4.48,-0.3402754964530731,-0.1321191751777672,-0.020783611004522834,1.7566695398247147,0.025232022624825646,1.9330894598255186,1.1278845714681796,forward_head
4.5,-0.32094737038639415,-0.1307463439464634,-0.0040209115200094975,1.7002913236571648,0.03220884029310843,1.7046389457331101,1.1462899417571342,forward_head
4.52,-0.33298066302496376,-0.09457384083877059,-0.025428870013048332,1.6228039895159456,0.030341504269913968,1.7879320696703527,1.1623736399918063,forward_head
4.54,-0.313297256230529,-0.12589322092931704,-0.033550282046368285,1.6122046391837028,0.03423826713665236,1.8875684082362327,1.101016899659728,forward_head
4.56,-0.3137291917426817,-0.11914483082844643,-0.012371676713793299,1.6544439025165694,0.026856253419677144,1.7827692576783742,1.0728897837187368,forward_head
4.58,-0.3377549483579018,-0.11343722320824845,-0.022663465249782584,1.6027104414927484,0.025503263277074074,1.8549233386984374,1.0691969351536523,forward_head
4.6,-0.3241235802087341,-0.1285486462664534,-0.023201406029543844,1.6601311637096632,0.01781847306349179,1.8578688843281883,1.0199058580109686,forward_head
4.62,-0.3525733722298203,-0.1230602470870285,-0.013830701875229787,1.451737446484072,0.03312971514254362,1.9164585568468226,1.1724391184772815,forward_head
4.64,-0.31072892489715614,-0.1090139656149498,-0.020570668331109355,1.8172682106135825,0.034497784944325344,1.6775613944526124,1.1883125034757467,forward_head
4.66,-0.31112379441491167,-0.13782860898528504,-0.0193842856031073,1.4535319073821307,0.018466262839547307,1.8182861503085008,1.2216021705569544,forward_head
4.68,-0.3421756798945852,-0.09259195539066717,-0.042675570325770185,1.6094107489647174,0.018774447993700115,1.9031144039872119,1.1602684733208894,forward_head
4.7,-0.35208048858954766,-0.10354066894120373,-0.020860722941354097,1.5187512885435284,0.042524936398061444,1.8542026457056122,1.104468799745521,forward_head
4.72,-0.3246926324577766,-0.11670800340050096,-0.029778761167747927,1.4537677675063958,0.04229641534686229,1.8458263199994145,1.0702757224649817,forward_head
4.74,-0.32099694246820054,-0.10800984779423531,-0.023890342526518036,1.6619038578206806,0.03933908120639928,1.8017308229425852,1.1459856787045462,forward_head
4.76,-0.3334119262122277,-0.11985223553065458,-0.023904096110632846,1.6044854670920463,0.01646686166437878,1.8353328281755452,1.0847383400200232,forward_head
4.78,-0.30117256049822333,-0.1343872434641919,0.002465480323928165,1.5230000044268104,0.03085674008240207,1.9094156118783487,1.170620879609708,forward_head
4.8,-0.30272495832947055,-0.07482421110210791,-0.028672372465901232,1.522779906023197,0.02435915958322784,1.8049315280176552,1.066463281359526,forward_head
4.82,-0.3097901223605671,-0.11048317723259568,-0.02840196087758416,1.6189898252636468,0.02678324918295626,1.9304698841328716,1.1156239218540875,forward_head
4.84,-0.3123916316848857,-0.06994269019602344,-0.020684509259965084,1.6974780050047191,0.023096284684631915,1.8663324989839596,1.1469298748221373,forward_head
4.86,-0.292957015402315,-0.1302114022960726,-0.03730168626989266,1.66008970586637,0.0340265013267455,1.8347016474448812,1.0690878255626037,forward_head
4.88,-0.3300309271553502,-0.1298620738946916,-0.033923735304426335,1.3530252397718445,0.024295258063713937,1.8182540775605665,1.1663495890587783,forward_head
4.9,-0.35344005302451065,-0.09115470651265326,-0.016750754988741432,1.7577083368389053,0.03768233903728178,1.7686021816863013,1.1211692981393167,forward_head
4.92,-0.3260528596522171,-0.11994486210705746,-0.028923681221375695,1.5309085760681311,0.041932087199482805,1.8687202008440436,1.2019641956629012,forward_head
4.94,-0.3405832823526125,-0.09835361428729367,-0.0048622982373725514,1.6510699515954848,0.02127744343349805,1.8394713039056318,1.1643184493254866,forward_head
4.96,-0.3282896378654153,-0.121275451873661,-0.03136619437939158,1.5642789431785231,0.013938392401891216,1.8376268031409204,1.027263777726391,forward_head
4.98,-0.3134500700276666,-0.09992310164385947,-0.01857446993481497,1.4667200599117027,0.039309727221802454,1.8686064774373354,1.1167453867142685,forward_head
5.0,-0.303112494947607,-0.12608689861134575,-0.021947865470004654,1.617410381458756,0.030591953125293673,1.8832207074131277,1.220140455099658,forward_head
5.02,-0.28822764394476125,-0.10683021805101107,-0.037370596646412554,1.6703320605055565,0.03066742261794612,1.8239747520708838,1.1279601861910278,forward_head
5.04,-0.3070423233671482,-0.12003829725920166,-0.03747554729983775,1.5467695075288643,0.023135405881394,1.9171011827107038,1.1384162573521406,forward_head
5.06,-0.3305525847438666,-0.10082104528366398,-0.03923615348185115,1.6239545563908984,0.0017594346263159442,1.7776019371474119,1.1534707873449497,forward_head
5.08,-0.35367444146824195,-0.10876412246471837,-0.00011207285616681317,1.6800635417145078,0.04058641698171936,1.9090236752124703,1.1650239480961075,forward_head
5.1,-0.3220994328230807,-0.1167393286116683,-0.02905537261158058,1.698778506765496,0.03128993187698449,1.7856290196518627,1.0797173928508237,forward_head
5.12,-0.3270565343092619,-0.16145098562029733,-0.024611993764106836,1.6309838776834507,0.026791333126263788,1.7611757628582845,1.1413339378905878,forward_head
5.14,-0.2976060323555597,-0.10867503879443607,-0.019190278629613283,1.480460379160861,0.032844314861852776,1.8571981250087923,1.1088822499941962,forward_head
5.16,-0.28954032659624357,-0.1087393575609353,-0.009879740630253368,1.6506065387225204,0.0279179532120048,1.9069983620648365,1.223442813911777,forward_head
5.18,-0.3247051546846404,-0.09216599629755418,-0.01673828712516119,1.6504262273528918,0.032257094258774724,1.8775788635139625,1.1062514705703348,forward_head
5.2,-0.2764414209908717,-0.12282854292787539,-0.01989705006932799,1.534029795589913,0.013650275578024503,1.8659786243903285,1.1441357918295259,forward_head
5.22,-0.31309016286294467,-0.13023432645894276,-0.020956578986978575,1.4784720574719254,0.05175796218125342,1.8456139897237256,1.2676400031774127,forward_head
5.24,-0.2896974976489843,-0.115418397599351,-0.019334801020158526,1.5957061882590682,0.026038848388092804,1.885926859687277,1.1842912983745095,forward_head
5.26,-0.3095306989774314,-0.11113300954590741,-0.006640120813454695,1.640204024253117,0.028771389797873106,1.8559986581579084,1.2245866355369455,forward_head
5.28,-0.2850467549762172,-0.12159627826460258,-0.019049360708359216,1.5455532378413799,0.019546420051784558,1.8980996245524153,1.0932747075480227,forward_head
5.3,-0.3234576731775157,-0.10550253864526714,-0.007523834099227157,1.5412455229350905,0.007118668441381322,1.8918531299272627,1.1630656931833137,forward_head
5.32,-0.3194114713957577,-0.12040758853782971,-0.037423265507059704,1.431615248721476,0.02936056343709329,1.8971712812815729,1.0547134516786014,forward_head
5.34,-0.3352160993227421,-0.09126747698359533,-0.016430824142778914,1.4693770769978756,0.02725739912019822,1.9346037211601868,1.08323958778262,forward_head
5.36,-0.3114318438923438,-0.1256626851028141,-0.01492681703882602,1.6145056299644005,0.03744292505157204,1.8236170438783783,1.1615686864653125,forward_head
5.38,-0.290666125859088,-0.09541321145009597,-0.018216034644902998,1.527524233402382,0.02086230709642386,1.8721824041121717,1.0552288385726216,forward_head
5.4,-0.35423070016230823,-0.11005699311108316,-0.022375788406499415,1.5275603514277563,0.04184153771659596,1.8908484770513132,1.2478634334569143,forward_head
5.42,-0.3011985589654731,-0.12874415766276553,-0.027841106561775276,1.6203114716878158,0.037516212627186005,1.8038451102226156,1.1753337274662772,forward_head
5.44,-0.33483038571632423,-0.11684913818448528,-0.016645685465223124,1.6146763494224734,0.021134697664597954,1.8138264298759226,1.088398408182731,forward_head
5.46,-0.32161534772944866,-0.0970786509700435,-0.008379836570288124,1.665565118591776,0.02992488254450562,1.7503810882206614,1.090614055094364,forward_head
5.48,-0.3169112237177629,-0.1091517534206715,-0.02477627270675068,1.6154797467274447,0.03818042400358941,1.87208691471397,1.2742971883531173,forward_head
5.5,-0.2877488381876471,-0.129221019778764,-0.04289231800362023,1.6505732254919145,0.028698617719260664,1.8875397605267645,1.161744646820101,forward_head
5.52,-0.3267837393660091,-0.1135788569281549,-0.01627009408916602,1.7408055914132698,0.023537482528073757,1.9144049743084701,1.2438196149228404,forward_head
5.54,-0.31278383456432546,-0.15003711645517204,-0.03169900306819233,1.5874557274368708,0.019481924369440365,1.8665613493462525,1.1544953676013219,forward_head
5.56,-0.3216727351972877,-0.11443286144453618,-0.017081398964699117,1.6301724271952263,0.025392767685609285,1.8162796172933446,1.2260519337474736,forward_head
5.58,-0.31085289694898877,-0.14054276305466934,-0.020686307873668975,1.5767767284201482,0.02455337336019251,1.8510755081694852,1.0804098875085406,forward_head
5.6,-0.3355737711023682,-0.14596875718178273,-0.02706217863562158,1.5243473864611163,0.041107010419117324,1.9058739302862462,1.1836406217217592,forward_head
5.62,-0.30756212168075103,-0.0961696685572042,-0.0038542798190762725,1.6106947930921391,0.028394783884644285,1.8916158779078946,1.0402444764108858,forward_head
5.64,-0.3242544105632852,-0.13480342658894334,-0.0205463292141916,1.5829118491699332,0.029430364997330573,1.8206666513271184,1.1341068461990889,forward_head
5.66,-0.3411749364787589,-0.11484070478316268,-0.007739410763043135,1.6228898361609685,0.029302169533489138,1.9024426402472234,1.119999773972885,forward_head
5.68,-0.2873017121042155,-0.11639795698871525,-0.025918510857348774,1.682753454067983,0.039638866933376725,1.8507792194769774,1.1899068809467328,forward_head
5.7,-0.2804330110433928,-0.1296462316359435,-0.028430127151997192,1.7657672342298547,0.021537424840636372,1.8588985137968568,1.131024245750996,forward_head
5.72,-0.2923091146148611,-0.14190100710464904,-0.034648347533599286,1.6082260550356522,0.03521679224069521,1.9181022538952892,1.0973247740217735,forward_head
5.74,-0.32094680606039155,-0.10859886592831022,-0.0027253523400086917,1.6720498530072385,0.02664607539062566,1.7225385706451937,1.2217871179906488,forward_head
5.76,-0.29655062775498015,-0.09708811656624072,-0.019007652696295143,1.6026224037648238,0.03217411613190075,1.9075592143629363,1.142129711179863,forward_head
5.78,-0.3025111119995518,-0.10491576071530416,-0.009700850640163124,1.7055621893165496,0.03020502641785868,1.8135315782026225,1.2196747455049577,forward_head
5.8,-0.32559260291850706,-0.11360012571082058,-0.012241139625807394,1.560890064210241,0.01625529324544525,1.9581914863863068,1.1376723227479861,forward_head
5.82,-0.3230516102119251,-0.1126289221230517,-0.017437593082737176,1.4017621721049656,0.03278230453937707,1.9227453012538123,1.0876748297988532,forward_head
5.84,-0.31766478503251694,-0.10578387376090145,-0.025679163001271106,1.6690861938799648,0.0305928848525465,1.8976481728394312,1.2142413672455716,forward_head
5.86,-0.34101464700388406,-0.12742322405360282,-0.03671857541544044,1.5721343923713258,0.02716383602617148,1.8325592372151347,1.10473962674868,forward_head
5.88,-0.32142697346676746,-0.10254876809696915,-0.02086144956112588,1.6476683562114092,0.03459442826285908,1.8635752371137109,1.2075696146497918,forward_head
5.9,-0.3364075757870793,-0.12804043121977027,-0.0267921494374836,1.5854591495730896,0.037952371083412456,1.9514662075425468,1.1708287281937102,forward_head
5.92,-0.32927258142006055,-0.12603241733146797,-0.0289658760976173,1.5414152994058903,0.041564010616773645,1.8710812859794081,1.1657380314830532,forward_head
5.94,-0.3114972674180309,-0.10213644500622872,-0.005832035500073922,1.6489355249191808,0.03739894526402029,1.95032536289232,1.2145597853326533,forward_head
5.96,-0.30479101860756197,-0.10748335979279768,-0.001442038771510061,1.6278950765491988,0.03563300517673931,1.7248021565105407,1.1257854408153265,forward_head
5.98,-0.331010540384796,-0.09813192135156897,-0.017713798779215088,1.5739710820645816,0.026340211456707775,1.809175989282593,1.1166957573597456,forward_head
6.0,-0.3123106953031973,-0.11901072978601807,-0.036987207374375275,1.5517291019840351,0.022114975312989105,1.7058382753233519,1.124649829137208,forward_head
6.02,-0.33803920610263627,-0.08610716587891115,-0.034963915614881325,1.5318695337703796,0.015175214324649074,1.8824264407113747,1.1915712146202586,forward_head
6.04,-0.33565071591051987,-0.13820021700707394,-0.014057072094157934,1.6659643546206298,0.03626032702030552,1.7886352672914572,1.18099747338711,forward_head
6.06,-0.29251978975735915,-0.09181760099536161,-0.016516813570923976,1.6189318856347994,0.023256831522018847,1.887965449206436,1.1289751359509201,forward_head
6.08,-0.3698031789288119,-0.12037895414994976,-0.019747576403728997,1.7089933253013767,0.027107517825206318,1.7852756672599475,1.1749265955164714,forward_head
6.1,-0.28317941675316993,-0.11725954605177691,0.011573017669178941,1.6425481839245488,0.027209841855312167,1.8164759264807921,1.2159992460646274,forward_head
6.12,-0.33140759528817243,-0.1256566286393998,-0.028261461951497237,1.478125930723801,0.040390649317543464,1.89392940129475,1.1939256400293905,forward_head
6.14,-0.3244026403348619,-0.09431782887950291,-0.02002148796760218,1.547235358999873,0.028579609104945985,1.901873994687932,1.1312166359519842,forward_head
6.16,-0.29178934057350303,-0.10494331395484276,-0.031090430312414475,1.538803743544835,0.024944683763749278,1.8148472457762657,1.132234343738415,forward_head
6.18,-0.342977737109864,-0.11550983407215046,-0.038129141827167465,1.6110363645444075,0.02822932203941883,1.9304551585971546,1.2542448411436335,forward_head
6.2,-0.3484206933394596,-0.11803067857961186,-0.04180656308972946,1.5834911345365732,0.033825845746926014,1.8221664120160017,1.1994568811008302,forward_head
6.22,-0.3024916933246398,-0.1107340248882784,-0.022004920892282905,1.6549728552470626,0.031494010915931514,1.8801236797312242,1.2215586983516582,forward_head
6.24,-0.32980938887828765,-0.10250825860483928,-0.029843641977212745,1.5998879599843112,0.016641662233087086,1.9484870772448237,1.2395618396844508,forward_head
6.26,-0.3144432932912932,-0.1434371697182756,-0.025263310636083273,1.6050718467557064,0.026939027344690197,1.8585484981530969,1.1654324495084054,forward_head
6.28,-0.32665373973288875,-0.10691537684888867,-0.013603682107014601,1.6677235413435958,0.03976661461676419,1.79149892644372,1.1318951062470952,forward_head
6.3,-0.37060669032570415,-0.10934644151334438,-0.03571236372793484,1.7458093493190394,0.021389692699840906,1.809482800875912,1.1672197392543833,forward_head
6.32,-0.2999425416322877,-0.10512922102278523,0.005588434168443517,1.5899488619607727,0.02177964416936831,1.8435443589956226,1.1204596553657251,forward_head
6.34,-0.3315526050126323,-0.10576850984758113,-0.015005532790663812,1.5409412746074818,0.023841569263066187,1.9568241231746533,1.2193892594416955,forward_head
6.36,-0.32933661638141176,-0.11081198993303715,-0.004229475341277541,1.661974078799327,0.027899816273217207,1.828452755965562,1.2045875272921305,forward_head
6.38,-0.34378668139745244,-0.0909685078433629,-0.016877896062775583,1.5844108815046207,0.024551366636801065,1.910873082558404,1.1540558633961666,forward_head
6.4,-0.2974127933731377,-0.10461184912242928,-0.043266499307489104,1.738081474216832,0.01235966779852123,1.8697419458578934,1.1908735372052008,forward_head
6.42,-0.3201485674034945,-0.0953320603275634,-0.02449688050424732,1.5514476348854227,0.02342626725022374,1.8584742774279968,1.1095635178806706,forward_head
6.44,-0.27637235450810343,-0.1168020310496954,-0.03415669516088814,1.5660903865727012,0.04221913996391541,1.864378814080001,1.1852393490887423,forward_head
6.46,-0.29727607628247504,-0.12610479670709157,-0.015894222088261654,1.4962707947078187,0.027049708008735372,1.8436419297165816,1.2072238553032677,forward_head
6.48,-0.31007659713334107,-0.1447499384657508,-0.01684696336758387,1.5651049217744142,0.017848878949049823,1.8062263134065022,1.162529826876352,forward_head
6.5,-0.2983354630941051,-0.08827552433457292,-0.00922562471468886,1.4711578716585803,0.03370967804270555,1.7126002041436053,1.0610548326823994,forward_head
6.52,-0.3084145560174829,-0.11552345267429637,-0.006862351334533464,1.645273639109985,0.02367717698094086,1.771019592553518,1.216664961385707,forward_head
6.54,-0.3218790555005195,-0.1113344982432449,-0.01300238218966866,1.6564215302576988,0.03423423436632966,1.8598617203128793,1.2230508389179902,forward_head
6.56,-0.34742895979665905,-0.10982291433493575,-0.024938464753255847,1.4601763484960242,0.027057295879923452,1.849058061785303,1.1573959829211982,forward_head
6.58,-0.3236045133712659,-0.11698427613455732,-0.027680527673516697,1.7151038088584152,0.030360831658161988,1.8017712250680222,1.1456059915427972,forward_head
6.6,-0.3522518473147052,-0.12168655539568854,-0.01866387737242823,1.626497958895674,0.02168889134979347,1.9159513103007904,1.2170654876598286,forward_head
6.62,-0.32963775571715925,-0.09728959884360837,-0.006893114127487341,1.473663175739746,0.03912507397960869,1.9343191406283569,1.1136628019288128,forward_head
6.64,-0.3086291092757606,-0.10872027699239932,-0.001437959176123711,1.5986551245947527,0.04022136148438198,1.8723550816232177,1.1193446840913868,forward_head
6.66,-0.3408620064355776,-0.11312525683494366,-0.02721668919590565,1.5730230869911856,0.034832288556473426,1.836711746530818,1.1714588296092772,forward_head
6.68,-0.3194527666125877,-0.11734243966151997,-0.003381351422529643,1.6649551781618068,0.02305383744542077,1.7408611403503413,1.1770552369708993,forward_head
6.7,-0.2665398149780297,-0.12622023308881697,-0.03156552918752526,1.4934190662559843,0.017493831364896018,1.9213620997390604,1.1383793910471482,forward_head
6.72,-0.33911806319114746,-0.09460505009383417,-0.001602306242206119,1.5350641563066203,0.031907642417215124,1.8625816597205194,1.2636669742643594,forward_head
6.74,-0.2915529016874826,-0.13678605578246714,-0.01294197474272511,1.5965254447385389,0.03553856882877794,1.779164446927742,1.1288104943712105,forward_head
6.76,-0.3036814627636395,-0.14747886976478017,-0.043975993722893174,1.682123181618664,0.03324541401672579,1.7862339749252722,1.142308927398603,forward_head
6.78,-0.30777499807759157,-0.10315228094004471,-0.025078879784761896,1.5560902107867662,0.02522811474436207,1.7423703487048325,1.1702271624385125,forward_head
6.8,-0.3200585943533242,-0.13098949376102917,-0.03317119618258739,1.6249371873479643,0.046568889009897696,1.8410759736677502,1.209689179555673,forward_head
6.82,-0.29038264879579856,-0.10592102120955345,-0.02485933136216456,1.5534062617506006,0.02906145529728104,1.86765080910189,1.1495601031213551,forward_head
6.84,-0.3339075208731244,-0.1074319131037186,-0.014869096589964497,1.6727943781738779,0.024468736982315158,1.7930001881267024,1.0994255117520964,forward_head
6.86,-0.33727116207245217,-0.16531433641044313,-0.010009851462471133,1.7593929292477783,0.03521197449867811,1.8864119827543,1.1590858516746625,forward_head
6.88,-0.27401110255873423,-0.12313690876712942,-0.024389883744914027,1.4398418502909953,0.03507928573420534,1.8455655384616911,1.0923790976216359,forward_head
6.9,-0.330627761944844,-0.13926818302688568,-0.03032268984176149,1.6349728728038226,0.02991545957672568,1.8160405463965457,1.226757158108222,forward_head
6.92,-0.31903150289313154,-0.06648666379115777,-0.03159954561082605,1.618581587011583,0.03289651824340537,1.8453133000457898,1.1627126484393893,forward_head
6.94,-0.3050573115630943,-0.11457511381683785,-0.034202773660877026,1.6146388754498096,0.03471267007266021,1.8670626971351838,1.1502646689111407,forward_head
6.96,-0.32450823075671514,-0.12064154058697854,-0.029886154744179532,1.5823368607924664,0.04239462182949814,1.8624662965295318,1.2125322639066367,forward_head
6.98,-0.3239028696356869,-0.12560589511687373,-0.02242563038327104,1.5919497504820552,0.022964895802130316,1.6641885633087083,1.1000449220315944,forward_head
7.0,-0.3126535421930217,-0.13608161886120448,-0.018971109093647853,1.5681603081702236,0.04110039027328988,1.7960920686192883,1.073712948518473,forward_head
7.02,-0.3121623690666303,-0.12026557241824004,-0.005010189497306585,1.6708003093744095,0.033880718153270616,1.7124557506308096,1.1886245043941015,forward_head
7.04,-0.34332542678486333,-0.10575015824787506,-0.0071957949320409645,1.4569920218818848,0.03722272750832055,1.8809705533538148,1.216780245526199,forward_head
7.06,-0.3185515107691996,-0.1200440977755557,-0.002702172898599478,1.5942230035505036,0.04978811592189977,1.8392817664941206,1.164546640639492,forward_head
7.08,-0.2839421963257801,-0.08997173179744053,-0.018796454374063336,1.5504913713463488,0.03248717953447957,1.7630482973453114,1.2411796065856302,forward_head
7.1,-0.3059192514961878,-0.11882352795396982,-0.010074375573599354,1.4634917936131684,0.02137690703664181,1.7546234143522275,1.1546621839477484,forward_head
7.12,-0.2790459737096099,-0.10102389373535262,-0.0382516794426024,1.538207781627714,0.034773848282520274,1.7890158036071027,1.138753892113311,forward_head
7.14,-0.33141497623176996,-0.1396101991538753,-0.016928572852617514,1.5312473242032902,0.036899409826602475,1.8666240892701491,1.1551355293953194,forward_head
7.16,-0.3372295631190123,-0.12889657433821655,-0.013962340676100766,1.646035935886509,0.03380487605689539,1.85222721814118,1.1608180147932556,forward_head
7.18,-0.3148340057756456,-0.0961019632998563,-0.048345769977157664,1.6830918764240586,0.04475655305409888,1.792317135836832,1.1693302600085607,forward_head
7.2,-0.32467879267952865,-0.12110192853530767,-0.0356311218890604,1.5012156883186532,0.03566364355605269,1.9584779021295904,1.102926994175044,forward_head
7.22,-0.3128100456646958,-0.11471208602359766,-0.02629162091596438,1.6683055795307025,0.037205575695090795,1.7693472195093323,1.1277256878113169,forward_head
7.24,-0.3380914166218684,-0.08673968882317695,-0.01653047779818972,1.5614549948164016,0.04309399579822174,1.7531166201306385,1.1635195328585264,forward_head
7.26,-0.3280443233730536,-0.14205544306546322,-0.0538470058911652,1.551136614097647,0.032931073552077486,1.7823621727351988,1.1847129119525426,forward_head
7.28,-0.32285629576196717,-0.118773646385877,-0.01317466504004721,1.5992770725667067,0.03190691778154212,1.8257436958769644,1.092168597840875,forward_head
7.3,-0.34530977954110476,-0.12250455948502613,-0.010038349758229623,1.574195870344774,0.03456117070141038,1.927933377852399,1.2112820119500727,forward_head
7.32,-0.29164040208985276,-0.13103236408817137,-0.022316675865024633,1.4559076332142196,0.01983404138819218,1.7812174620362808,1.13762532806888,forward_head
7.34,-0.3063320643572994,-0.07289267086856525,-0.010842346372143529,1.567020018585487,0.02323744079298548,1.8913163201338776,1.241250800507452,forward_head
7.36,-0.28398050722484963,-0.15597320260632355,-0.0133146741730076,1.5948760203051624,0.03540906005145412,1.8709332845540863,1.162414260391893,forward_head
7.38,-0.3276761987207543,-0.12681278234710822,-0.017667710699450292,1.5372163291304874,0.02543075169870994,1.9151863426237299,1.1335362051294784,forward_head
7.4,-0.3529161953620216,-0.14576369992343094,-0.02557505401129457,1.5747675629399058,0.0391649651068546,1.8262802777084879,1.17081999504993,forward_head
7.42,-0.33283019821344595,-0.13251111365317156,-0.028303655613093844,1.627629904557117,0.03554485953003039,1.9150999139335925,1.0871458520758503,forward_head
7.44,-0.338456965276549,-0.1186304877276803,-0.014391886537194138,1.5374430644895214,0.038542737357040176,1.7954146772678095,1.2256516083971896,forward_head
7.46,-0.3102641694228109,-0.11938503535613827,-0.041489082833457,1.7456830420466336,0.03634800816992079,1.9265935976893678,1.1882664790526203,forward_head
7.48,-0.33691706690802065,-0.10078164537528421,-0.026759888850449345,1.7292825094256055,0.02259430685942468,1.8977149518654934,1.1231352498771021,forward_head
7.5,-0.31218525085798465,-0.10359022717709554,-0.009769193114373237,1.6375473389712638,0.0418983411618462,1.916182232085262,1.1749726182525488,forward_head
7.52,-0.31215881306441745,-0.14259267776498916,-0.01129759519168898,1.549364172765601,0.025456572024626718,1.8358575384084646,1.2211535542856615,forward_head
7.54,-0.26934004742774,-0.12573842509635597,-0.004169734825269861,1.6572951993811995,0.029513502910407934,1.8855378106669565,1.1936483348033187,forward_head
7.56,-0.3105387018735495,-0.12577753632445768,-0.018925439325053642,1.4910956678457434,0.0037294454959625883,1.7855929634385197,1.2109020329528672,forward_head
7.58,-0.3298977170210467,-0.1477437764290877,-0.017641626955828344,1.6532805515727347,0.017409632924096745,1.7728374296297642,1.120412927843164,forward_head
7.6,-0.3167404734767495,-0.15308261962194042,0.007492611777136556,1.6222791079101504,0.029438450520433347,1.8414438255177765,1.1994696237336315,forward_head
7.62,-0.3220130199064151,-0.12492551059117304,-0.03705834520975951,1.689517348028165,0.036742968460927124,1.849508727391521,1.1592519994299209,forward_head
7.64,-0.31475038925642035,-0.1353670936684429,-0.006067437053793978,1.6112032339984808,0.04074943288355183,1.8114314561524065,1.1284119384905993,forward_head
7.66,-0.3111914029790488,-0.12438129934357368,-0.025787797727654004,1.5508193363873182,0.027920460668085414,1.8166056309116985,1.16023769342123,forward_head
7.68,-0.3144151568380025,-0.1539192438577679,-0.01981623793333315,1.667103751577352,0.019493485818047315,1.798545481661368,1.1920071759070798,forward_head
7.7,-0.35013919772786856,-0.11104848230031833,-0.040152095850944536,1.6262672982176536,0.04364588361245224,1.8346597258665507,1.0827387032761084,forward_head
7.72,-0.29528688472014064,-0.12996579468981076,-0.04337381974244339,1.4891290110572137,0.0,1.8596227530373235,1.0457744857092437,forward_head
7.74,-0.29324936276484703,-0.10162487790451767,-0.059365872681311646,1.5904949392799972,0.015047681610582815,1.8722453088355655,1.167231332452783,forward_head
7.76,-0.352470709058348,-0.09831959946840439,-0.01993560385544875,1.4307317386320466,0.03160078709763299,1.9022383944031833,1.2213680146333101,forward_head
7.78,-0.3001470590905457,-0.12336397867891899,-0.012824815500925386,1.650359047068295,0.029837307265651866,1.9305689432094837,1.284963030767713,forward_head
7.8,-0.28541807915942763,-0.12019212042625388,-0.007518514956641806,1.677793983735158,0.034166600741308575,1.7438684008447163,1.190936151684132,forward_head
7.82,-0.32961448200261845,-0.11211748920748886,0.0009218141178058906,1.5233752733785872,0.012351392872022075,1.826258561755303,1.1896237555820828,forward_head
7.84,-0.29384035402834735,-0.1118501256985374,-0.006618741394002269,1.7314435813451692,0.027426330915144112,1.8091660679944115,1.0721924929155455,forward_head
7.86,-0.31011721032178996,-0.13057624779405128,-0.004272428954417315,1.7526525627913438,0.03326877369039426,1.848730130167335,1.2003787035732711,forward_head
7.88,-0.34960304330137704,-0.1224504090700419,-0.028354503713677214,1.4422010016062863,0.024705179064348753,1.8293966341326025,1.1369921625618349,forward_head
7.9,-0.3385439892327119,-0.12222053901429146,-0.022923290229946953,1.5859641908419768,0.03370340089362804,1.849763706291327,1.1666353057841121,forward_head
7.92,-0.3128066545782008,-0.10820401481868377,-0.02857616539814187,1.7596662016356175,0.03279101029025331,1.826598500481294,1.141945501293726,forward_head
7.94,-0.3148123208788661,-0.09959398631735894,-0.015763158595799843,1.4779723387325419,0.022653097522321995,1.8377903466799488,1.197715785942311,forward_head
7.96,-0.3530786964088655,-0.1190809238765019,-0.03808765218953004,1.6712921130256186,0.02780663908787329,1.8027352507657866,1.1701214725904516,forward_head
7.98,-0.30337615675780955,-0.1309154221412788,-0.02201019904797348,1.668958176124313,0.029662652097363018,1.7311827473837569,1.0743486518843584,forward_head
8.0,-0.29450666102097156,-0.11173240014794046,-0.03542618836267039,1.6239770671660223,0.01960489114318995,1.8993528725823623,1.0399054699145827,forward_head
8.02,-0.3140578633427082,-0.09255356945585962,-0.02180038061253981,1.4679411992355063,0.0321879666304464,1.7189969763074626,1.165848516691335,forward_head
8.04,-0.31310142140572267,-0.0773430182661997,-0.012502234481017378,1.6213803394167596,0.0,1.80798327243205,1.2406509641670227,forward_head
8.06,-0.3216732970005764,-0.09914373488317725,-0.033564786860893626,1.681225937961719,0.033913690113846845,1.834809918203426,1.0917790268553529,forward_head
8.08,-0.29072307917725726,-0.0972495956741694,-0.03540406880014021,1.567365200407775,0.030002670456882412,1.8171480550722916,1.139698738125613,forward_head
8.1,-0.3146755644383677,-0.07709424680979673,-0.031650836603283335,1.4561936590835423,0.04237982937575975,1.8901012380016582,1.092095204064677,forward_head
8.12,-0.34949148160541726,-0.0938885647620066,-0.006960558227839971,1.6737168763502068,0.021633205018467626,1.7825335040410666,1.2402394516239288,forward_head
8.14,-0.31395887823272656,-0.0949769048292025,-0.0024430998365618426,1.5402691802686848,0.04206501505275917,1.9216707619942117,1.1430091802998639,forward_head
8.16,-0.2748222093043626,-0.10152004529638256,-0.018146447590803767,1.5547808624957677,0.03399558871265962,1.9231606950781621,1.1079601075508836,forward_head
8.18,-0.30311721220200266,-0.1218695446589088,-0.010398613942494273,1.5239868167365946,0.03150046430925863,1.917448322189065,1.1678592987252265,forward_head
8.2,-0.3125055092976003,-0.1103071304065492,-0.018586384071794703,1.6627176352468556,0.028816473918873053,1.8953647381492091,1.034775057657999,forward_head
8.22,-0.33105351475380645,-0.1202380448308966,-0.020024245518895797,1.6336086379531263,0.023480551227580703,1.9508332195767695,1.1598382549973414,forward_head
8.24,-0.3011535060160254,-0.08924265421652455,-0.028606411495398866,1.6815837140097976,0.034501064626055844,1.9143020828487682,1.071509755674856,forward_head
8.26,-0.3205778877528519,-0.09251756715409006,-0.04409494354177498,1.5683182107890925,0.045508457358594274,1.9248155271968543,1.129435953217891,forward_head
8.28,-0.27514849979800776,-0.1140061940604877,-0.027116883522203747,1.5177128732461576,0.03131868748572175,1.8195064954670501,1.1137912590709487,forward_head
8.3,-0.29935055973236674,-0.1360860618501168,-0.023120316656505643,1.5825677616813107,0.03320951560943995,1.8640233898231546,1.128213027595688,forward_head
8.32,-0.2839357616045037,-0.12547543985332066,-0.03122396879136135,1.6152237250548218,0.030682065298102936,1.8491478164084711,1.1142744679916061,forward_head
8.34,-0.33401908275833225,-0.1680262801203348,-0.03736514690459464,1.5441403985810662,0.036799617113971006,1.9058187941953986,1.1534362369636673,forward_head
8.36,-0.268608001670333,-0.12744227045096757,-0.007525317137938343,1.646248037272208,0.03175537950519723,1.801745614305895,1.1700266703121056,forward_head
8.38,-0.3338245301325701,-0.10419129423777883,-0.02607290377502799,1.4856972518033873,0.039738325767516236,1.9030653999803875,1.2044974943680866,forward_head
8.4,-0.3322613528897926,-0.08937489636612427,-0.029847338035267807,1.5961676117187422,0.014896426491794755,1.77919365390796,1.2125860198668088,forward_head
8.42,-0.3002544011224395,-0.11344556368888799,-0.012097938825862239,1.7410502749073467,0.03153596483562151,1.8435230275145498,1.070534587085464,forward_head
8.44,-0.29444388153545065,-0.09516136541808073,-0.011106736567106885,1.5719345875911075,0.017640391660055516,1.931047454860825,1.0931513807337947,forward_head
8.46,-0.2894619636373191,-0.09719551767167654,-0.017547050000042794,1.740372712040076,0.034488871234396805,1.9222182143325215,1.24264498059737,forward_head
8.48,-0.30801850027731614,-0.07480192568197508,-0.003577512040241068,1.5988114392563832,0.0120940387434933,1.8794433090026972,1.2029224600761017,forward_head
8.5,-0.29974650225867355,-0.09727922649757771,-0.026918452012231208,1.5757399496880833,0.029423867816390004,1.9170177577365037,1.1515066989810143,forward_head
8.52,-0.31242248582508,-0.140963452406602,-0.006639003007082426,1.5100843386199334,0.01992530790614604,1.875084418413892,1.155496400073189,forward_head
8.54,-0.3175562558957416,-0.1241008836496817,-0.03529584535282281,1.6203837320125247,0.021428132054323874,1.7487526455072795,1.0540532718017326,forward_head
8.56,-0.3182822277899449,-0.09861713261302654,-0.015511753797993112,1.6089614613097287,0.04661930811920949,1.9880759422151197,1.1627310772324015,forward_head
8.58,-0.3196987872580662,-0.1307865279033279,-0.011208774968369811,1.5827690952597906,0.027736502027638967,1.8486770514603326,1.2084601872238965,forward_head
8.6,-0.34847567520746037,-0.111740298376161,-0.022050201381556018,1.461949127712911,0.03474856688106033,1.8460283535008837,1.253638455030584,forward_head
8.62,-0.2977891008375145,-0.13710119992142525,-0.03749298358158048,1.6743606882095021,0.02485144489026476,1.7480950893736236,1.1845824004926462,forward_head
8.64,-0.313190964732592,-0.11547469488854996,-0.014940716376568755,1.569774086612954,0.03209809568560424,1.8038472601763185,1.0831802370257073,forward_head
8.66,-0.37104565766145575,-0.10970074876475834,-0.04693430811140289,1.6595629667743865,0.04464331638857595,1.855190463975761,1.0969857869575559,forward_head
8.68,-0.2995382497528423,-0.142015632058511,-0.02753970252892862,1.4819464420545008,0.026129528110234574,1.8671142046903566,1.279471099447918,forward_head
8.7,-0.2762867176360057,-0.1268976577795785,-0.010232286010017482,1.571966086612512,0.015039120486331204,1.8714475979201668,1.1797692740400156,forward_head
8.72,-0.3507037579966341,-0.14608708625073705,0.0069248530251011095,1.5647612824857988,0.03378905040663831,1.778166990937806,1.1522489411920689,forward_head
8.74,-0.284986874625319,-0.1345879760879497,-0.037740183165940674,1.6222158505085367,0.028769670503924732,1.9221670197255307,1.1469106078365985,forward_head
8.76,-0.3341204847717012,-0.14461090117259923,-0.026023226486915282,1.4903096328291523,0.010879619221895231,1.8725885736440004,1.1549989813006423,forward_head
8.78,-0.32136727113834745,-0.1423131974430657,-0.023709008236530636,1.725331402090588,0.039006877888250455,1.8216918525687635,1.0335915046002122,forward_head
8.8,-0.3056393693533688,-0.1009931272944916,-0.00026318745897143623,1.553498619303626,0.042447570654614714,1.9916831224797609,1.0741187542882853,forward_head
8.82,-0.32472432739672036,-0.09544868923711515,-0.024064256097532526,1.5624202606261242,0.04736342247294639,1.8849093590712178,1.2395731047715206,forward_head
8.84,-0.3275155804211625,-0.11573591234046542,-0.032487189617208374,1.6610158398491777,0.026358614163088004,1.8649079265717716,1.1722568901459005,forward_head
8.86,-0.30636448568133695,-0.1179498403208825,0.004947378726702165,1.6634153062561259,0.016908950132135097,1.8057793827809396,1.201794095272009,forward_head
8.88,-0.31328603114059855,-0.09403846710622633,-0.006619443841766398,1.6089691765482623,0.026977671153980087,1.7268747969170857,1.1269231889960893,forward_head
8.9,-0.29995561591480757,-0.1431086612829777,-0.02349270732142506,1.6446751800960109,0.03029852701661904,1.8439634519147658,1.1266674259752856,forward_head
8.92,-0.35165961835628784,-0.12213183676286843,-0.0306101031547059,1.6330989351910559,0.0244277060816403,1.8949195297434571,1.0987612873778503,forward_head
8.94,-0.31482255754441524,-0.1498179764753657,-0.026060573727784923,1.6369285701483451,0.030631451316087115,1.7891654767899456,1.177743196698274,forward_head
8.96,-0.3332568052380413,-0.11227566571075967,-0.015297127978584167,1.5062457990707259,0.03020990946861455,1.8366900952765515,1.2082888691241294,forward_head
8.98,-0.3193908627259962,-0.09894381496245229,-0.03063017591139254,1.4555389223071107,0.018044594224915597,1.8904299262798179,1.192984519865018,forward_head
9.0,-0.2933458545866785,-0.12284830080015613,-0.028250704212060437,1.5564693713332194,0.03960194534446742,2.048632731874887,1.0024775490278577,forward_head
9.02,-0.2857633758431608,-0.10946660194014564,-0.02963768222294675,1.631499153271916,0.03500937290434472,1.8584453660413045,1.188376061571646,forward_head
9.04,-0.2738254637719339,-0.11285537149719106,-0.04666525485975418,1.733531230228769,0.02770784942447643,1.879339237853625,1.1512995866508158,forward_head
9.06,-0.325874252350562,-0.10892107222206705,-0.016479166173938645,1.691440728484252,0.031086781511933944,1.9072335383721326,1.1122069504978134,forward_head
9.08,-0.3261039988198585,-0.0959528549206168,-0.012722869893762475,1.6373627221651321,0.03831665271061776,1.8539142606416494,1.1450246810308298,forward_head
9.1,-0.25618755701392254,-0.11757600391555718,-0.030121400156813846,1.5672688460471247,0.04109804273057596,1.880608945900246,1.1120563094368963,forward_head
9.12,-0.2931951700324327,-0.1112071481128212,-0.02977117058083956,1.5792622391749034,0.037101752188207784,1.8535665871103033,1.0230086578622974,forward_head
9.14,-0.2797485185953079,-0.15436685109396897,-0.04388834822128778,1.4712952285820533,0.024137875366197,1.844608595270407,1.1841459501201688,forward_head
9.16,-0.3333456765281904,-0.15302281387568656,-0.03322698811005546,1.5690342046346222,0.024372650862204654,1.8930283975853446,1.133742141338431,forward_head
9.18,-0.32337207966263865,-0.10658173513579133,-0.028828383352056532,1.6207050504692415,0.015174759774584299,1.8531404853238513,1.2068738748448498,forward_head
9.2,-0.3165068288111895,-0.13503195037249677,-0.007958187068061702,1.7078854013751064,0.026882871763857622,1.8744129883108611,1.1795699497543097,forward_head
9.22,-0.30876475235424145,-0.15012564077417156,-0.027642639234238982,1.6466752218180778,0.006191725789765762,1.8891770135328598,1.2018535917972246,forward_head
9.24,-0.3032815718921688,-0.10411807913393235,-0.03733314977842106,1.5002384703016347,0.02332193767309244,1.7908088752546374,1.2107982018959085,forward_head
9.26,-0.3439819349972247,-0.1179812799770818,-0.03140923411884931,1.599042375600136,0.024409167785003096,1.9271230751858581,1.1248388540896213,forward_head
9.28,-0.3326435567434681,-0.12445155409440324,-0.029243521108188834,1.5893874392613012,0.010858881153523008,1.9596572470044062,1.19295745546207,forward_head
9.3,-0.3014199197421459,-0.09953457742096901,-0.03971689164733047,1.6128839485819608,0.024037456883921705,1.9703003141232573,1.1635351264373288,forward_head
9.32,-0.3010453112303342,-0.12657257892077162,-0.020580989151874982,1.5980485689098338,0.03293415508997225,1.8077077266097301,1.1618944451003987,forward_head
9.34,-0.3230103508161606,-0.12270405345568253,-0.021213158912490974,1.4844646169507896,0.03159586912541679,1.8841544485438673,1.1424430243601522,forward_head
9.36,-0.2782393451323507,-0.11686659479067615,-0.03595867706490224,1.3887948351500734,0.01695967497596116,1.8398262393738514,1.1573257349831114,forward_head
9.38,-0.31787154423207137,-0.11473832972488761,-0.008074163249515471,1.5293227711848003,0.03524556763965264,1.8160767418532826,1.1940314511554868,forward_head
9.4,-0.30957105734910007,-0.13631664229024779,-0.030058775315800552,1.5269624190208189,0.032605801126313005,1.7031429290105926,1.2275899390930918,forward_head
9.42,-0.29801537972581,-0.11259257521030154,-0.017860150346791868,1.5850946593281767,0.02313964036975341,1.9285054072124592,1.0896909332568399,forward_head
9.44,-0.3254906006159025,-0.11805189980476963,-0.025990827275536307,1.4997368899615808,0.021880925381943007,1.8531949220780304,1.1718305000481515,forward_head
9.46,-0.3380827274058235,-0.09045748614310299,0.003614963707672676,1.6637509023715775,0.01935718997028698,1.7735952230367436,1.0477418381914763,forward_head
9.48,-0.31558899084272735,-0.13424200118063095,-0.027721540141214578,1.4924013560109088,0.023394778810118422,1.9222225711544239,1.1360446834820817,forward_head
9.5,-0.27512020104336177,-0.13483070069463718,-0.01513351670728456,1.5658177502856423,0.03542651805914734,1.804296351578831,1.1032375233454395,forward_head
9.52,-0.36513145482965415,-0.15855013490396677,-0.010640632870577855,1.7041789499610827,0.04023222347547191,1.9443232277889861,1.0872553917241632,forward_head
9.54,-0.33199390092355274,-0.10853899883963465,-0.011765280871287241,1.5917344817487333,0.02802405582703931,1.825518658005369,1.0894274627327072,forward_head
9.56,-0.33086890638158334,-0.11877931348162864,-0.02226541852730802,1.5397848206558384,0.028124418420729214,1.8184124760650047,1.0873797098845632,forward_head
9.58,-0.2799397678680101,-0.12924609393138525,-0.02272655455647193,1.4843154833117838,0.014321902842988923,1.7677883989320158,1.0959405819754717,forward_head
9.6,-0.3662286919812054,-0.09273847557443025,-0.027428770447609958,1.6360188210472013,0.03461482437265919,1.9397801176948797,1.133057589211438,forward_head
9.62,-0.2877445327542643,-0.10703019049190432,-0.045648639339502035,1.6384332132664003,0.014099466708399132,1.8831250782956352,1.1558276164036976,forward_head
9.64,-0.3305824408339052,-0.09020440254465113,-0.02876037907041198,1.647569279646448,0.01703594194407652,1.9133419304489463,1.0646850540390316,forward_head
9.66,-0.33934145421283285,-0.13087033489889996,-0.03989922084201739,1.6759375233817084,0.008876308396863208,1.7932288423320266,1.1620128455437948,forward_head
9.68,-0.3568402095634904,-0.10998221682689778,-0.03934052332585452,1.707941900142913,0.03018347847845598,1.8607199788369215,1.1400199602829642,forward_head
9.7,-0.32216999090481396,-0.14769113002317596,-0.014625135187734683,1.5698385975109395,0.02861581012486534,1.8338405465550724,1.1883223376404553,forward_head
9.72,-0.3234281664046425,-0.12650814477187428,0.0016802262626557105,1.7164008083724869,0.030756752714346507,1.8518838327438334,1.2355612046639057,forward_head
9.74,-0.29669010011926955,-0.11879012920268493,-0.02119677265032608,1.5173883263899994,0.0258074521164857,1.7755605380670278,1.2693144802753353,forward_head
9.76,-0.32330832501480233,-0.11059017386728323,-0.016760103376755466,1.5279257339560075,0.023228988638291405,1.904973279237955,1.1676435323072183,forward_head
9.78,-0.3252739056941059,-0.150919025659215,-0.02913380135816604,1.6358391480034922,0.03996500801491294,1.8855764185804016,1.1302724273501732,forward_head
9.8,-0.329216492443144,-0.14336387293580735,-0.040215241149937714,1.5573731698997642,0.017007849000490457,1.9532796220480009,1.1121818990819943,forward_head
9.82,-0.3159768895613766,-0.10197499912067659,-0.019293699285148763,1.6788992594836085,0.017055107562827992,1.861267814073124,1.124007634394787,forward_head
9.84,-0.29641624524556226,-0.12481623155995442,-0.02486691923237686,1.5918277237418146,0.03830827474936089,1.8971320884325238,1.0768844087922878,forward_head
9.86,-0.3016281445033145,-0.12241610041847654,-0.007503255630036896,1.5337321914613395,0.024228403855145655,1.897124039545411,1.1367530112809365,forward_head
9.88,-0.33161644299726173,-0.11463161545659384,-0.026867050186326947,1.5724839716187842,0.04013266487561454,1.8394753347298276,1.0199647296474754,forward_head
9.9,-0.28064924608636693,-0.13891133241557274,-0.020162525816231208,1.5442088523424906,0.01982674542448713,1.8348113776525423,1.1433412130124816,forward_head
9.92,-0.3631481806591076,-0.1296488133512504,-0.02558404461737728,1.5516289017811806,0.035973146390121044,1.9042988718981628,1.200822788904829,forward_head
9.94,-0.31735145991837993,-0.13040382883149737,-0.029091428353342212,1.565299514758096,0.030172533165188233,1.9720085535896354,1.1643428599672168,forward_head
9.96,-0.3488788920224991,-0.1316731202283469,-0.018636809993770483,1.5566399014697292,0.03988430657970675,1.949309249724277,1.1562979677892833,forward_head
9.98,-0.2892828020553208,-0.15251772880908215,-0.016439809536300344,1.5885805390904881,0.047472900690604294,1.9171443756679842,1.0593892186618648,forward_head
10.0,-0.3198749846722164,-0.07577349191134915,-0.03342636705686069,1.5906397787438522,0.02048064877604816,1.9636624521693338,1.1806151705416417,forward_head
10.02,-0.30537569438456413,-0.09571242340628423,-0.008757435060857934,1.5978730754812092,0.020965626733068666,1.9243908036044333,1.3165195598415116,forward_head
10.04,-0.31557923896551665,-0.1208425408984232,-0.019613149437505143,1.569986026041895,0.0043661685096392025,1.7948458048964255,1.1194180472654882,forward_head
10.06,-0.3268287463698433,-0.12759767179386092,-0.02248860505807403,1.7350004694918375,0.034064093687938224,1.8273825720064194,1.0857587261307335,forward_head
10.08,-0.2997085731902684,-0.09959177335539131,-0.02565404431554567,1.4810571951997897,0.025676039300327982,1.8186831478650574,1.0765335240314409,forward_head
10.1,-0.3310501590131758,-0.12453165154723328,-0.014515590790792687,1.502612320090773,0.04322563278885939,1.8263372272923246,1.1826852526960707,forward_head
10.12,-0.3188950014715276,-0.12527786809653915,-0.016440892025847975,1.5971019523742143,0.02823418916327931,1.8082065198754993,1.3133681701118978,forward_head
10.14,-0.37076692494823554,-0.13603130164900026,-0.022844000195416058,1.4730574900564086,0.03854919107252383,1.7792241471765398,1.057613964369678,forward_head
10.16,-0.3172496036176757,-0.10504500948868575,-0.016727980159310034,1.6006650157140099,0.031696135169687174,1.828007066189233,1.2687677718508144,forward_head
10.18,-0.29705158968862294,-0.13073612146674254,-0.01220777453162179,1.5929762010326138,0.031066563208098228,1.87863708316605,1.276454960224056,forward_head
10.2,-0.3614546376889749,-0.11026174294270637,-0.03312885964615243,1.6295107791360377,0.03467568868214,1.8853242849255472,1.1939629005409151,forward_head
10.22,-0.2820428324744575,-0.10548073893082695,-0.04652947841943822,1.4887852703739404,0.02424540923243448,1.8213956539535265,1.1987289063776945,forward_head
10.24,-0.3247154761546705,-0.09627972697470669,-0.015968133745382543,1.4880486475356354,0.019687351602489113,1.8068664395887861,1.1297116124781097,forward_head
10.26,-0.2981409425807595,-0.1372596926155122,-0.02376516513734022,1.572514799685566,0.0221360497654134,1.8773831722835768,1.1802248816340217,forward_head
10.28,-0.3589914246607505,-0.1306236954375861,-0.02913204382168339,1.6245326672261826,0.01836123406882274,1.8335064970552664,1.2200091225802527,forward_head
10.3,-0.3551961681396529,-0.11466949926163506,-0.01951491537615153,1.5399909455600456,0.03514151743183623,1.834655841237165,1.0837380394698273,forward_head
10.32,-0.3047617480028778,-0.12538768261238073,-0.05408680715319742,1.5020659553765725,0.02310958992475686,1.9320309175802386,1.1344582141661583,forward_head
10.34,-0.3483992057565789,-0.1029902795261809,-0.002188817564940663,1.6425129076337404,0.0356647489674181,1.829706751351044,1.113403877318415,forward_head
10.36,-0.3198433930193908,-0.10321908129081421,-0.018793446358123495,1.6931733935543112,0.02392908818017595,1.8354382256446449,1.2233028567596052,forward_head
10.38,-0.3457959385663417,-0.09246221315992634,-0.023024703310259652,1.6089197586706825,0.04324122402420749,1.76070477870428,1.061147407880313,forward_head
10.4,-0.30267254064533117,-0.11477836102117424,0.00158845143036259,1.5839755993210163,0.037809420574470454,1.8889620295672707,1.1195366825803637,forward_head
10.42,-0.34504809646757384,-0.12868790177116363,-0.020955153900029118,1.5834694268000091,0.021763612425441385,1.8793270198988976,1.0953456764732439,forward_head
10.44,-0.32081721744378733,-0.14524677701243036,-0.01222171638066317,1.7332372978290027,0.017843202292338548,1.743746889513071,1.2249557380556733,forward_head
10.46,-0.311155165557201,-0.1344865190205537,-0.0238864412267523,1.566678590577843,0.02319418280412433,1.8914353283250196,1.013341158410185,forward_head
10.48,-0.3069921171301895,-0.11672157848641006,-0.023211628527506037,1.7375319237544415,0.02662523641659936,1.8751729780261044,1.1367019057682024,forward_head
10.5,-0.3405720319015297,-0.13315195603707083,-0.0454109926310281,1.6809469609836716,0.02421246567152087,1.837331410406108,1.236673420232448,forward_head
10.52,-0.32477621817866925,-0.11608136714464636,-0.02889957008029737,1.7121264752315755,0.0336352510054796,1.8471347009777628,1.183650672533636,forward_head
10.54,-0.28808428173417866,-0.08117318540591473,-0.02371160671712677,1.5313634143275872,0.038279952712430725,1.8893016186573997,1.1851202651046089,forward_head
10.56,-0.3023704402353685,-0.14863238860286868,-0.030328985990226418,1.5598528181555769,0.016982865587873562,1.7895630873310204,1.2102547097738752,forward_head
10.58,-0.33834935575279595,-0.11820795869933506,-0.04080996727884786,1.6322869235413835,0.01900320117209365,1.856824885347614,1.0972560662246564,forward_head
10.6,-0.31191867300463816,-0.10304107674579321,-0.028143620863426567,1.6405691802538211,0.029438712456259748,1.9266057189206047,1.161553955262574,forward_head
10.62,-0.3375930246827422,-0.12597449308020703,-0.02768159781566006,1.4449515042894145,0.030762997657767993,1.8687674691473763,1.1353747855542393,forward_head
10.64,-0.36662724973051997,-0.13660901763448438,-0.010284002850741632,1.4059324523313148,0.030350685326500065,1.9239458297877747,1.0920485143253218,forward_head
10.66,-0.3299159174514538,-0.12626925980201534,-0.01653902166212684,1.6968990177911127,0.016542900146256215,1.8574935947264075,1.1217335657918384,forward_head
10.68,-0.3223764724148636,-0.08266841278146976,-0.005980456368820144,1.621967894162595,0.023944132741147615,1.9058224999801943,1.102534623806672,forward_head
10.7,-0.3038393346245115,-0.12321601843395615,-0.014082275139592084,1.5604503451380987,0.0374380662047984,1.8977296871280431,1.1818599735495428,forward_head
10.72,-0.3655813215632306,-0.11398053583823935,-0.0013303857818701822,1.6461358461897035,0.040537513148271406,1.904629089821213,1.1770178612232551,forward_head
10.74,-0.3198972249612913,-0.07375330703740739,-0.008481437450031595,1.5669010151911533,0.029572889440196735,1.8825232868231456,1.1861407417901995,forward_head
10.76,-0.3247678576868758,-0.14870386936187283,-0.006717877395781809,1.5922093329502467,0.025049739607076633,1.9162692658493787,1.1310950548818244,forward_head
10.78,-0.3007984493136739,-0.0907659348039624,-0.037875072532610236,1.6484080655376083,0.027756417721495088,1.881031750751277,1.2254790728015432,forward_head
10.8,-0.3498026985341959,-0.12216420037109961,-0.03569998838416229,1.6978883275026362,0.02487301639727694,1.8053358511739606,1.2078210480895937,forward_head
10.82,-0.3423877632366507,-0.09259403489951955,-0.016268825905032987,1.6759501044461174,0.02041597054973941,1.7757409621818219,1.26936822981268,forward_head
10.84,-0.3445937512688208,-0.11507649490788248,-0.039816263541756595,1.6549308825253624,0.037328513680852674,1.7318280413782363,1.1939921739712744,forward_head
10.86,-0.29625330296728064,-0.12435916100281395,-0.005320263390877975,1.5834259080798214,0.03323396369852118,1.7554882125525526,1.1692251352640042,forward_head
10.88,-0.306520410788429,-0.12762289833185098,-0.023867882418434933,1.4081213242803263,0.03141166010134699,1.7959289587264307,1.1387577999047054,forward_head
10.9,-0.32080839821583834,-0.13913156194798387,0.006821277477734523,1.6164674309698563,0.03125782301242782,1.8943424057227172,1.1273883817318915,forward_head
10.92,-0.30459520381844984,-0.10651707322624092,-0.028699421851581024,1.5638959074557603,0.027812164427093892,1.814907850385548,1.1167336186109806,forward_head
10.94,-0.3236366309145803,-0.12127471542687428,-0.008145731076745545,1.5529045199586673,0.031231353055299567,1.8346175172129624,1.2533732592592899,forward_head
10.96,-0.32477345889225107,-0.1391994470780533,-0.02768488901485319,1.533072245898552,0.03588367109535651,1.8680535211367253,1.0812574478134187,forward_head
10.98,-0.31598245819019716,-0.11443138025701956,-0.0184782256456247,1.5690900135927406,0.02656369098383942,1.7759127007609694,1.0961268920466631,forward_head
11.0,-0.32433513674705305,-0.0928309959119445,-0.0027498976219725514,1.710343186717595,0.03566809901832014,1.9072872226297959,1.0786322095167376,forward_head
11.02,-0.33476218909439975,-0.13470064419852967,-0.005818780318070268,1.554821408576175,0.023491361421920553,1.9366086367438793,1.149369917081362,forward_head
11.04,-0.3108474342832454,-0.09202481112189616,-0.004615296260883991,1.5719432260741153,0.01645131758912191,1.9706801487134862,1.1937300367342398,forward_head
11.06,-0.3470228918715281,-0.12865344501329917,-0.030236944210639945,1.614172119163389,0.03692070178930853,1.8087250519227267,1.2063797730035848,forward_head
11.08,-0.35465297764120507,-0.11960519880515137,-0.039643490308406436,1.6830036499397454,0.037741156568904075,1.902443084411175,1.145557721576643,forward_head
11.1,-0.30890510632946,-0.12832323399644688,-0.006506238944511215,1.7669183668486173,0.015723418839236735,1.892447165004929,1.185017572925001,forward_head
11.12,-0.27727701353083367,-0.11366428707905808,-0.029378601249335508,1.5798862566825351,0.036923516508392526,1.7838994880481607,1.1735754766742452,forward_head
11.14,-0.30809715135729593,-0.0963476202982598,-0.05051646090846549,1.54570754088803,0.03214617614739642,1.8517749934696146,1.072309174932417,forward_head
11.16,-0.3271023261213759,-0.1212819982522857,0.005636039399334115,1.633074230502993,0.023926408480209684,1.7269213773743908,1.112077641380042,forward_head
11.18,-0.3555202403504952,-0.07845990797158593,-0.028323374151511774,1.6041394592570868,0.04035817107059262,1.8685992521419132,1.1561863288136283,forward_head
11.2,-0.31651296488783115,-0.0814335789697322,-0.019131090879843965,1.6128482118590062,0.03958142715736314,1.9467014323261218,1.1370137225913253,forward_head
11.22,-0.2992382387519418,-0.12081845462889125,-0.03994444570616036,1.5319168885462116,0.0448132511100111,1.7703229260783724,1.0623278019441778,forward_head
11.24,-0.3258383169583841,-0.12133549298522477,-0.022886074393951353,1.4869806713869649,0.02342066255667844,1.7832545389327865,1.2166221120409246,forward_head
11.26,-0.27099179166116655,-0.1417798281695832,-0.013767070641259954,1.7195448466910421,0.03541965647528972,1.8341815953355667,1.1525973631023236,forward_head
11.28,-0.2778139980566837,-0.14845674705333464,-0.034653323035358286,1.5893140606272573,0.037446335374099575,1.811232133375681,1.191947023872957,forward_head
11.3,-0.31291296749171765,-0.07183010720529437,-0.028364796134272223,1.6151620698230973,0.011411761218490385,1.8907511468884886,1.2093606619469959,forward_head
11.32,-0.3474606602608911,-0.1113193174617107,-0.015717415513408727,1.4854037677405765,0.031797294762126664,1.8349049250826028,1.1690847366139094,forward_head
11.34,-0.28311194364950737,-0.10529812905726875,-0.03274270131449335,1.6772557699501531,0.022073779390053352,1.8305867824223043,1.0469816479253156,forward_head
11.36,-0.30799262926841037,-0.12499209675279713,-0.02844477588719122,1.5867024603484345,0.027401562466839918,1.8190124461915613,1.170294900432888,forward_head
11.38,-0.3299655902541986,-0.09580227530974562,-0.036237141034490855,1.5086409181381981,0.036184423921187446,1.7900539503443869,1.2796214205878798,forward_head
11.4,-0.2966785895836635,-0.13645786937333945,-0.02186820668071762,1.5732219714993545,0.02181068370348671,1.8468426696816382,1.14763262241539,forward_head
11.42,-0.34022026081681084,-0.1325976303910641,-0.013827189325562832,1.656212745689245,0.038216129326635456,1.8680761294820893,1.256991440336369,forward_head
11.44,-0.3229600632626502,-0.13020310429174578,-0.0041270354076012785,1.5967166601125682,0.03045434943508412,1.8550656526713756,1.1209295442910618,forward_head
11.46,-0.30068120399273673,-0.11503910501164863,-0.01898280321136692,1.5862252353522,0.017511915966625363,1.857978719878503,1.1875693292419447,forward_head
11.48,-0.3420773312907857,-0.12323454291386,-0.010815316283594218,1.5730575959812734,0.032701206216792435,1.9125719988911825,1.0590119033388412,forward_head
11.5,-0.3107288433322697,-0.10645904993367547,-0.03349445814323763,1.5942570566221594,0.028768257894329855,1.7804957854408874,1.1418039642359616,forward_head
11.52,-0.3420887175734453,-0.12659282017008378,-0.026009369601628668,1.5898118155644068,0.047183491067024776,1.8570178155186488,1.0922040855415978,forward_head
11.54,-0.27630593981349005,-0.07503840472463474,-0.022392030094071307,1.7134829718502653,0.040420913977388735,1.9436856050790776,1.1639838067928323,forward_head
11.56,-0.33790406493494235,-0.10641319506520155,-0.023581728620518768,1.6051326384640041,0.022548934050587395,1.7897762914721174,1.2363984096597553,forward_head
11.58,-0.29010555872973887,-0.12127461261052219,-0.000959403320834613,1.5362744662481647,0.032158947124645385,1.8802255369657122,1.0627459539809194,forward_head
11.6,-0.3302881179802571,-0.1254968974286497,-0.018069911420268158,1.5222251166332936,0.015645028236108825,1.741662484611432,1.0139441203594803,forward_head
11.62,-0.3434812703330287,-0.10761269183682004,-0.009813046069814885,1.4577352720428616,0.021116683683089263,1.9568079875622024,1.1236452796690817,forward_head
11.64,-0.2980602111806365,-0.10733198144962804,-0.008493610872937018,1.6894965938315316,0.030225460784368014,1.8398852710111586,1.126387999074933,forward_head
11.66,-0.29017291320326855,-0.09267229696678304,-0.03430874268619193,1.7114940963174432,0.038479538536615225,1.8791302164365822,1.116609563428729,forward_head
11.68,-0.31615620615221496,-0.12416524991856699,-0.030998112055549625,1.5710503677262746,0.048782674838836027,1.8515257736098896,1.0916620725057842,forward_head
11.7,-0.2740255973584777,-0.11575555862121154,-0.014301001803625656,1.596220594116533,0.01776227291909239,1.8961824621410912,1.1773091986393618,forward_head
11.72,-0.34076014257116083,-0.10222657242600404,-0.02045094093504857,1.6297650654947344,0.03000049975151128,1.7739761214266632,1.0901350746851732,forward_head
11.74,-0.3103032095575331,-0.1290992478304567,-0.020194671076758073,1.5615346882089374,0.03918944828604197,1.9376237795582607,1.1111780833060574,forward_head
11.76,-0.3193269847568636,-0.13597139525527402,-0.012337689999139517,1.5301252160967507,0.028693016685262494,1.7451632726640207,1.1562830380586422,forward_head
11.78,-0.33344301706976004,-0.11483721095166476,-0.03247958993636886,1.5823323904744508,0.032497370464913494,1.8744131629646903,1.1441728029103304,forward_head
11.8,-0.3129026692986557,-0.12022983634515154,-0.015466581828473151,1.6264380925829371,0.007421917528639167,1.8128670358595957,1.1342802316124065,forward_head
11.82,-0.31835051418763505,-0.10288063011130362,-0.026407960930567874,1.6026949611416397,0.04639808360542573,1.9861226615769236,1.133906445525468,forward_head
11.84,-0.3152593623576049,-0.10681472977110082,-0.010306734579422364,1.6245429973878702,0.0428257620380686,1.9429972223388554,1.0488792404626268,forward_head
11.86,-0.36809300618996366,-0.12213844130446379,-0.009959598796219285,1.4399231453319319,0.030266010459509447,1.8864612182006706,1.1222846419171528,forward_head
11.88,-0.31957342357868007,-0.13767506347359137,-0.03007781130674155,1.5795709125266943,0.047992277434475344,1.7858939688648934,1.1836104848862672,forward_head
11.9,-0.3353286794747637,-0.10219372238548446,0.0010304169347306884,1.5530371656038207,0.0012494635760610003,1.8369234514355373,1.2358066315791842,forward_head
11.92,-0.28082865483473823,-0.1228687359761019,-0.006414928742205634,1.5267553172758546,0.028696922379597065,1.8978578079728066,1.1676980854496644,forward_head
11.94,-0.3053771979594932,-0.10202211877765337,-0.013448054597676042,1.5611171867674538,0.02828932134811219,1.7826512615008037,1.149286845758841,forward_head
11.96,-0.3001972255009456,-0.09678039605910473,-0.016007972024371868,1.43582607534834,0.04809060491938517,1.8760999477119515,1.069056564787518,forward_head
11.98,-0.31945049282135024,-0.11972484246933915,-0.013110285948426519,1.611873702376831,0.022103993543186734,1.8554857977218948,1.0709866696768993,forward_head
12.0,-0.32655773357472506,-0.10311761438274103,-0.030979968337559432,1.404604187251302,0.023224540718795837,1.8795469348590201,1.105652595441672,forward_head
12.02,-0.31731255106254036,-0.11610130151000016,-0.05181299254023404,1.6391028051819065,0.013965389284127154,1.8315058765459749,1.2114349921680787,forward_head
12.04,-0.3463450924627463,-0.13789359948034344,-0.022445051492858827,1.533724709716305,0.04066598783537391,1.797449663017256,1.1896528521084215,forward_head
12.06,-0.3492415745959911,-0.11509365707113628,-0.03405123871022684,1.6014496979252102,0.03684084101537499,1.838561768568991,1.1654967778505207,forward_head
12.08,-0.30415052455082603,-0.12594401364710933,-0.029860901235968847,1.6661428144880417,0.02846475081185633,1.849089615966697,1.1553320447567703,forward_head
12.1,-0.33351136959570576,-0.15085643042093547,-0.035819285573567436,1.6909040619669176,0.03015888477546847,1.9275973016097185,1.1903920402575345,forward_head
12.12,-0.29389068540872687,-0.12935790691495344,-0.02857177207014284,1.475654749543225,0.028261098943533316,1.7942526916961505,1.156118402719761,forward_head
12.14,-0.3313539310709632,-0.11776349968589087,-0.028821222275279147,1.4796896007384737,0.03175812330665438,1.8401624513302082,1.0821810442933553,forward_head
12.16,-0.2576342003624256,-0.1072400085425263,-0.026059654255761573,1.645448175058641,0.03833162506883542,1.8675022522966462,1.2283989422075539,forward_head
12.18,-0.24509310113178406,-0.09060142034911836,-0.03889600504850359,1.5533564441939411,0.027834374837482252,1.689775108101851,1.2013031916031158,forward_head
12.2,-0.32466509160628065,-0.08605797736950958,-0.020465041117456128,1.6521451195566683,0.010611876732061609,1.9447358018054535,1.2255614882385268,forward_head
12.22,-0.3103687329729559,-0.17963413843478096,0.003993672994522216,1.6213968682715947,0.03004056648223013,1.8592952631609905,1.0138343288050946,forward_head
12.24,-0.28473484528461807,-0.15264743597569005,-0.026113503577815445,1.5510406189501311,0.03464284898536627,1.8271121079194979,1.02262358637635,forward_head
12.26,-0.3025414444243922,-0.09346176435635814,-0.014642183697625787,1.6434011031786544,0.02974908305640585,1.7429981642324914,1.260382693124913,forward_head
12.28,-0.31352285100584576,-0.08013598714987237,-0.01892516515413777,1.64873721426849,0.034768284665994235,1.7702774353649635,1.1073370644937262,forward_head
12.3,-0.3372967241269248,-0.1483147631099787,0.0015588727783824652,1.7306797736623867,0.03164066627139161,1.8099864961471817,1.069269190028202,forward_head
12.32,-0.30221227069933215,-0.14015246246463045,-0.03840777978698438,1.631560982429066,0.025779957684633446,1.8693184056500012,1.2544241416531903,forward_head
12.34,-0.2862162946538579,-0.12064242620814798,-0.018050390160261366,1.5716072877684901,0.030351741352083093,1.9536011217812796,1.2392709264226642,forward_head
12.36,-0.2750279091958819,-0.08667795027925729,-0.023354390766289132,1.5407903892077464,0.031159190522271563,1.905897122531951,1.1671723386523656,forward_head
12.38,-0.3446761288841254,-0.10149737802790114,-0.02704103450060875,1.6801961941576646,0.036495758476063976,1.8827089910300148,1.09083556869787,forward_head
12.4,-0.35569753768039347,-0.14564275209952166,-0.0017973355883718202,1.540480095424591,0.027265758198493292,1.7842353619387175,1.1939031369181539,forward_head
12.42,-0.29319353118388025,-0.165219305857609,-0.012455063380558663,1.5928350209230568,0.03154843009930664,1.9037007944009918,1.0755280825750178,forward_head
12.44,-0.36490614156722545,-0.13921651870051752,-0.04678816812320687,1.6935028957716671,0.03438970864789359,1.9095898127561233,1.0963643500880487,forward_head
12.46,-0.36152284930049744,-0.11901834018812213,-0.03548362096473877,1.6579240260774168,0.019296946111441372,1.8369537989739975,1.1201398751247889,forward_head
12.48,-0.3314764245737089,-0.08667745833560021,-0.019793428536326957,1.5835376099072267,0.029761456023114686,1.8462248346203554,1.228223776693079,forward_head
12.5,-0.3176773720462524,-0.13881352764539145,-0.023221332978815633,1.6312227490998419,0.0513396260947269,1.8090538752210974,1.1779369939887272,forward_head
12.52,-0.34793613226704656,-0.10552959947974,-0.01974981264479914,1.5696672504433882,0.011591049999142813,1.8206519086948678,1.299815932355368,forward_head
12.54,-0.3152312729237345,-0.10135457817914367,-0.014936079844213489,1.5892750472843804,0.008603069346575662,1.8713067705459596,1.1529920588736624,forward_head
12.56,-0.3300362088151462,-0.10615715239595883,-0.014177811154114234,1.5734633988348479,0.038463263930201004,1.9076169357365658,1.1570413615741284,forward_head
12.58,-0.2975722431794604,-0.11773271466917111,-0.00898031669004843,1.6097903600734296,0.035549915395061124,1.8855435654079027,1.1346614331663287,forward_head
12.6,-0.33030135197724153,-0.14110272053956366,-0.023659396157235595,1.519536410445559,0.03328967457899044,1.874602801516604,1.1638801212343972,forward_head
12.62,-0.2839180077254366,-0.09560108627644345,-0.0110371473461215,1.4165398116674073,0.02966087446826501,1.8311505120056104,1.2907210207780182,forward_head
12.64,-0.3132800959105286,-0.15092798122778012,-0.03361669718777826,1.6695599372094423,0.02187398558226271,1.8002956196023387,1.1429151785252736,forward_head
12.66,-0.3420624693667655,-0.12759055361870988,0.0037912525684164985,1.6841862061946449,0.019138099523631148,1.8787735187565722,1.1021962964176695,forward_head
12.68,-0.2874559950375355,-0.11664506296625214,0.0022129672543279295,1.4754850283570846,0.023396130041125316,1.9674114616507161,1.0749201939974802,forward_head
12.7,-0.31694991653707244,-0.1234578128102593,-0.028380420423584678,1.602016672016072,0.03241582688932167,1.9268349364976296,1.0608196956977023,forward_head
12.72,-0.34084972689972076,-0.11982279574992062,-0.002063544791317722,1.5224617790942978,0.02105914177017619,1.8174166351720082,1.130132222650395,forward_head
12.74,-0.2643749287414658,-0.12241431112672566,-0.014171558805509568,1.6905398500735203,0.030019410576705947,1.821364572902581,1.1714837513925698,forward_head
12.76,-0.38845551472472134,-0.12064602876241277,-0.002137565016001724,1.5867599559726462,0.03854985598886572,1.840929602815285,1.2049037531773372,forward_head
12.78,-0.29694100335710605,-0.12775784831392187,-0.021128770739155103,1.7608042422103165,0.017480403966157222,1.8270362854093645,1.1469497356625837,forward_head
12.8,-0.2971041381748456,-0.08685627575941389,-0.02577776377248147,1.5407313766136637,0.03427102560965604,1.8574039166506389,1.226874256886156,forward_head
12.82,-0.32622645003409617,-0.1293262280349592,-0.029408810783047756,1.7225427765498034,0.01868530198909487,1.873999422615615,1.089488852350819,forward_head
12.84,-0.30677450978432985,-0.10045813078181413,-0.026827075440921323,1.5597578106033168,0.02629822688176121,1.907093786089744,1.227184777616736,forward_head
12.86,-0.3365869476331619,-0.09722953438034279,-0.001260158031469552,1.5562018334716512,0.04882545559565532,1.7961250062720493,1.076165634982129,forward_head
12.88,-0.3526455228681269,-0.1201859624472226,-0.011849841206406224,1.5968450880108722,0.02168653812971661,1.8511553332496065,1.091919414787935,forward_head
12.9,-0.3382294047342138,-0.07872919966746035,-0.026164177592737835,1.5201563953393897,0.04143298413081373,1.7456102410846883,1.2236405280716254,forward_head
12.92,-0.33678045303030196,-0.11637043550122841,-0.005276919907572965,1.5680151098267765,0.0324060722628505,1.839110933952867,1.11440614808251,forward_head
12.94,-0.3822072563438986,-0.14472663887229595,-0.010907866070725386,1.6750219818051193,0.019254509556866983,1.7736951597978279,1.0628367723267933,forward_head
12.96,-0.34006155377977476,-0.13492765757519593,-0.025798508375706148,1.7008887126228107,0.03190303805955145,1.8235603521128658,1.2058085786507808,forward_head
12.98,-0.34152236769283717,-0.08649815799261422,-0.0027100923086122155,1.5796337353184973,0.028457651081386964,1.7164906880530253,1.0979732166234217,forward_head
13.0,-0.30552272141498354,-0.09201855755200107,-0.024251068411321998,1.6238824737025894,0.038876771411456935,1.822988182035726,1.1682595534973865,forward_head
13.02,-0.3392643241059225,-0.10035748906146257,-0.029359381818251717,1.564270993296638,0.04931460921264323,1.8276128980745188,1.1590635688090187,forward_head
13.04,-0.32918159716033485,-0.08722374560579103,-0.03479354283126411,1.606538375127323,0.03360442588800895,1.8689061254672228,1.1458225818780607,forward_head
13.06,-0.3063255904001893,-0.16181637888893535,-0.0197898992186166,1.5512818200715146,0.034807366527229745,1.7998931380635717,1.1810429625386243,forward_head
13.08,-0.32763728015496263,-0.11553941962831178,-0.021932235516047394,1.428298222486471,0.031319817776953314,1.9074477771192306,1.1103857056221462,forward_head
13.1,-0.31822194326954123,-0.141507191123891,-0.028049148061506813,1.6179135502214077,0.03193772027746351,1.8578381433075413,1.1623021119290589,forward_head
13.12,-0.32591580017157495,-0.13460365065955007,-0.0066602765608898985,1.7435253495998297,0.00740973799013997,1.8258611581912503,1.1454714957249716,forward_head
13.14,-0.3132462656893878,-0.10219678905606648,-0.008969176159427621,1.7002197932010736,0.030866867016978727,1.7766647978371448,1.1870250105041724,forward_head
13.16,-0.3034261418810043,-0.08536291942180035,-0.008210279463519526,1.6877329063886497,0.03000906630388737,1.7782432275907867,1.0455084659258358,forward_head
13.18,-0.33911091779760444,-0.12628191568948094,0.019103926001407475,1.5756343547655733,0.04161833988146,1.8445004380237804,1.2151285431191348,forward_head
13.2,-0.3088063257200222,-0.13255347873185433,0.0029621349020469453,1.554186567444636,0.021537241896571205,1.9649887760857587,1.1696306382201238,forward_head
13.22,-0.32562945465555315,-0.10225339843724056,-0.02034908648588281,1.573796100203535,0.03113586121176595,1.9385467729028265,1.1761567172434897,forward_head
13.24,-0.3100979167944205,-0.12204642869059139,-0.0256662008160528,1.4932799150351928,0.024110267590295838,1.8257136575284267,1.2178896694759733,forward_head
13.26,-0.32023966105375695,-0.10767837682073636,-0.015534733605092657,1.430311929967704,0.028117672859906743,1.8994357012824878,1.0818997347347128,forward_head
13.28,-0.3245324277661368,-0.11162293489196853,-0.02738330955409587,1.6156480409425582,0.034547247516648,1.8007640602214117,1.107614063330184,forward_head
13.3,-0.32116096813306055,-0.09065196097908801,-0.029060294665989757,1.650913884917526,0.024547091106489637,1.8507954321839317,1.1681451355400108,forward_head
13.32,-0.3194945293432002,-0.14802507466367715,-0.03311911310087077,1.518822015928602,0.02585407691752619,1.8576481265958271,1.072951294306639,forward_head
13.34,-0.31315675727909015,-0.08003900393498466,-0.05018679151882877,1.5300957003971258,0.03022769211234815,1.8983132513363081,1.1641568989124504,forward_head
13.36,-0.3310649207985585,-0.08960099485034503,-0.03686740004858146,1.7152298520258364,0.03828932703458635,1.8409304283781767,1.115153605996113,forward_head
13.38,-0.34103208284021735,-0.11057246151882451,-0.04290444004522096,1.6504261697994154,0.021179290209252383,1.8504723359887396,1.189085571956757,forward_head
13.4,-0.33321199535361506,-0.1277751870582855,-0.0282103377156225,1.5723959969278376,0.02041518311916549,1.8073175228288525,1.1314411059371845,forward_head
13.42,-0.3168199183853797,-0.10794599911398933,-0.019186364907877364,1.5478136577825183,0.04060271759789517,1.8846025551472598,1.1625620147642768,forward_head
13.44,-0.3140098799264282,-0.12118620342215583,-0.005310551060810331,1.550120565342332,0.039951203012609,1.8587202719774585,1.2589989345973256,forward_head
13.46,-0.33115916289499936,-0.13219446291028963,-0.011132821509841644,1.600769320413213,0.036499239327490204,1.8604309568751032,1.1782380203242044,forward_head
13.48,-0.3251571895505913,-0.12689081695152676,-0.01681698707265142,1.6369523227172307,0.016716133831876916,1.8701327383202717,1.0940651565687918,forward_head
13.5,-0.2751476294132042,-0.11844855085215089,-0.02345237224673917,1.632459055484309,0.034281559458113106,1.7718601941241632,1.1374041252859348,forward_head
13.52,-0.3376773642726257,-0.12398376686364784,-0.053200909966296187,1.5678405550641354,0.02748639448536298,1.8417107638293673,1.1648866768604647,forward_head
13.54,-0.30611787866156503,-0.11376219497845806,-0.02349655340294624,1.6181739474867451,0.02660664289731022,1.896894934996568,1.0980268619947848,forward_head
13.56,-0.35975024230000546,-0.12362626184484322,-0.015920559151405028,1.6273002843787547,0.03279172646940802,1.833915128894353,1.1710154788062275,forward_head
13.58,-0.32143902063855917,-0.09787189771013018,-0.019119467701648712,1.708658941076036,0.05226044549909027,1.8171462058767065,1.197424303562188,forward_head
13.6,-0.28934432074879646,-0.11283262671971368,-0.03581092138066473,1.5284905605807944,0.029939660847344972,1.773829165093003,1.292609440510611,forward_head
13.62,-0.36704819098764085,-0.10505800139273931,-0.025110511205472665,1.6856827191157528,0.03451948907363858,1.8977385486049019,1.15073726391507,forward_head
13.64,-0.31531831659726145,-0.1341031166656547,-0.0013036480183091438,1.734313004112645,0.03905820800898721,1.8355439489736949,1.0906735234480434,forward_head
13.66,-0.33560343415847094,-0.0863133022476381,-0.0002326347097934321,1.5340977424023523,0.01506819969087739,1.8225067667430508,1.241755947348833,forward_head
13.68,-0.27175365952084646,-0.12091315869097544,-0.01373932576531368,1.4222866931661429,0.014610058645395003,1.8856732429468275,1.18098244485872,forward_head
13.7,-0.3026050455857081,-0.12529283577784892,-0.04569903290062504,1.6768409976248444,0.02786205887078058,1.9092372482754267,1.1672697152092557,forward_head
13.72,-0.3400355671360704,-0.08085103441903134,-0.031442807717562575,1.5650524769491778,0.03741729819970637,1.8899299451211262,1.1458393187675997,forward_head
13.74,-0.313173987643236,-0.12157773113781944,-0.02121885738193135,1.4599027586494318,0.013454866091847185,1.8197531714230446,1.1329617399387655,forward_head
13.76,-0.3086547772680805,-0.1313268745324616,-0.023835619194963763,1.5989481784544302,0.027634516421094123,1.827860334560405,1.198263695604351,forward_head
13.78,-0.3073205214687969,-0.13085208444085375,-0.005330835875343323,1.5932651373124198,0.025373482836016308,1.8914418211391313,1.1103872855455674,forward_head
13.8,-0.2717045985495448,-0.09427257655702623,-0.0421269504019054,1.692422230874067,0.0438840954137952,1.8543479600042394,1.2117729412305747,forward_head
13.82,-0.29911447067668806,-0.11867438289921146,-0.04302406517769095,1.5074423420375598,0.019410859101173877,1.7826537479597453,1.2168214230534353,forward_head
13.84,-0.32957161498525106,-0.13104100453121964,-0.027740749464228033,1.6195425601436226,0.03239173348348093,1.8340770466071208,1.1676107925879906,forward_head
13.86,-0.3389182741263958,-0.10058118700037941,-0.008817021570067165,1.7146776559345782,0.027626137415096726,1.9537421213745205,1.1868698417685815,forward_head
13.88,-0.32509896334469274,-0.10230033926637377,-0.024021916837465022,1.4407222857001742,0.040718077792569266,1.8711164681322279,1.052218170686115,forward_head
13.9,-0.3165448419829694,-0.1225476631606859,-0.008647961727109087,1.4291381293794552,0.0292338749375654,1.9182492985886566,1.173282621533006,forward_head
13.92,-0.30999990087321233,-0.12526620356352217,-0.013852410231202157,1.6569911641221495,0.00820049526274149,1.8778193292127754,1.1649881418882422,forward_head
13.94,-0.32619536676835503,-0.1016920304957573,-0.009962372187301892,1.6245766057399806,0.022071864520032063,1.8374457722476816,1.1115021867639214,forward_head
13.96,-0.327456942180494,-0.12726397965836408,-0.017573338185265644,1.5345697101536608,0.03419288394347971,1.9545408170860912,1.293320892354837,forward_head
13.98,-0.2974472044410488,-0.13269545216650608,-0.011255403833829603,1.7013356755354547,0.04280843463000506,1.7940498651944152,1.0936921042065482,forward_head
14.0,-0.32225902696869546,-0.1181741549199885,-0.012232243510629815,1.5724532930815032,0.03609390513384965,1.8777499095009131,1.151924210587084,forward_head
14.02,-0.2995222476599049,-0.0993465911009133,-0.024444945255631668,1.6852241119799103,0.02879032717276264,1.814219351693817,1.0613114479392247,forward_head
14.04,-0.3299766656514363,-0.1179259780402281,-0.020448358472823083,1.6221867890365358,0.027308295491076353,1.863990114124209,1.1538344379195555,forward_head
14.06,-0.3169195717566068,-0.10640677782565691,-0.006810029922386568,1.5904733103228232,0.02080987113625887,1.8794955734508991,1.1696843410786324,forward_head
14.08,-0.3147588409939444,-0.14562374425186284,-0.029958607473618625,1.715458438256717,0.010401420585920376,1.7806338147192482,1.1533889428946904,forward_head
14.1,-0.2857247137491532,-0.13966701619029567,-0.03712850361646578,1.5700197981397293,0.02203897865418955,1.8464002589877662,1.001878572814492,forward_head
14.12,-0.35708657493193374,-0.06349638494422918,-0.00979219046533217,1.7168316343997474,0.041052317921931425,1.859437940894081,1.0894819276127985,forward_head
14.14,-0.3061784902043865,-0.07699172912016862,-0.03383319147366701,1.5210517361698392,0.03138428580082476,1.8744071583587345,1.142496716151351,forward_head
14.16,-0.35955828059113537,-0.10213957589177489,-0.04256643899645793,1.5821904543309533,0.016224688575809998,1.8298659510610822,1.0361820430337032,forward_head
14.18,-0.30896810763807636,-0.12413468339509458,-0.051725569524485406,1.561452873223369,0.03981466417425879,1.9474431970544752,1.021150870737205,forward_head
14.2,-0.31288782333911763,-0.1350256933274679,-0.04525467250023172,1.5671503290300364,0.030336727798245436,1.867441234564174,1.1865232928162446,forward_head
14.22,-0.32180103117046943,-0.11530721263175257,-0.0250872512867205,1.461953561207998,0.022868513478175763,1.9136127311440227,1.0927762008616244,forward_head
14.24,-0.33086326259671184,-0.10767216548763393,-0.04674393180243719,1.6638624076655315,0.03683388724548987,1.7503120946485606,1.0826456475397785,forward_head
14.26,-0.30568334238734174,-0.08189616080836057,-0.021850558067354225,1.5963737829403843,0.03601262352085976,1.93875959160019,1.1453692228299057,forward_head
14.28,-0.3011693196610317,-0.15502379171842878,-0.0184365769228915,1.5919563292561565,0.03076460322950876,1.8342208904365473,1.1404422091522264,forward_head
14.3,-0.36585413644352893,-0.1315539901271914,-0.016103632461007614,1.7407006162175098,0.026442184311564393,1.8436607254995587,1.1244245041246088,forward_head
14.32,-0.2767157242904938,-0.12385099008900947,-0.020749854184053458,1.637111861724246,0.02376188409313494,1.7779095153462916,1.0864921099391542,forward_head
14.34,-0.28879521165528166,-0.1085963660261981,-0.023437629128270205,1.6212408900871722,0.041001088915539954,1.8227081379619787,1.1746254498505793,forward_head
14.36,-0.2805695206050584,-0.12082330476546452,-0.02406305068554977,1.745799983197222,0.04118213127941065,1.8892132308633411,1.0075135543726712,forward_head
14.38,-0.3175778077690065,-0.12025285174740792,-0.011085679917279144,1.6180779482488477,0.03345071601731741,1.8727531188074604,1.1809035887541146,forward_head
14.4,-0.3504441141422438,-0.11388648239368089,-0.022497967912539264,1.5487400364367194,0.030774157539104462,1.854267031997139,1.1738219691511125,forward_head
14.42,-0.362007956129677,-0.09848458046375887,-0.04094713794117287,1.554256964093991,0.03581581538964425,1.8888807331076947,1.134856342800024,forward_head
14.44,-0.30002262420544795,-0.13025552282622652,-0.009702552808577979,1.5646032346963559,0.029885631152307662,1.834781589133858,1.1040379731990366,forward_head
14.46,-0.2926912598233979,-0.1540508288537194,-0.00853403999589674,1.6187501888483784,0.03334289347864202,1.9189337997376348,1.2441547288603219,forward_head
14.48,-0.31238300499260574,-0.08902911842265683,-0.01361603067317565,1.5862653835749432,0.03734468593441795,1.8187757119233425,1.1217422169482416,forward_head
14.5,-0.3110580228975481,-0.13857598534068455,-0.01850628128066309,1.6523218186807054,0.03344331061238564,1.8795920030264623,1.1055746725223607,forward_head
14.52,-0.3212081454343144,-0.10304142495598256,-0.043133494834735005,1.6826112300751486,0.012821191043834699,1.825040467149236,1.1129184953151163,forward_head
14.54,-0.33068042810416015,-0.12244574588644969,-0.04047455109757463,1.6911013553029801,0.02551253845523995,1.8499220567122199,1.1482623766504998,forward_head
14.56,-0.2898930110163706,-0.10531911656843149,-0.01845806692063315,1.6302384815556215,0.024973951266119794,1.9597964829767172,1.1817517012620113,forward_head
14.58,-0.33686735782068966,-0.1411788177756802,-0.0020205080979169157,1.6397288801414789,0.04160764923861905,1.8565462724753363,1.1058087024241328,forward_head
14.6,-0.316328709544572,-0.10218274525144119,-0.020605232759362282,1.706394574015187,0.021776600916773844,1.8424113008612548,1.1571795196420027,forward_head
14.62,-0.3038065969315111,-0.0914460415105645,-0.022198049476794397,1.6758187116270706,0.04856046389643598,1.907316905045694,1.18061263680896,forward_head
14.64,-0.30255694761508267,-0.10676031512754572,-0.019438503055274375,1.5955813818931073,0.02787187726055412,1.853523592178389,1.1094740792276365,forward_head
14.66,-0.355826801864788,-0.11927467205410891,-0.05041541828815594,1.5917850892406098,0.031429298940427404,1.7298258590756546,1.1707136676665788,forward_head
14.68,-0.2615410739108161,-0.11471310439671321,-0.04891616173371107,1.5837728067448378,0.03240967690873464,1.8523428953829766,1.197637260596742,forward_head
14.7,-0.34104267053410686,-0.11115616582882626,-0.009168154927992873,1.513641749398652,0.026209076871613828,1.8255191256733625,1.1955203868317013,forward_head
14.72,-0.2999796838742204,-0.1169335628886219,-0.009450627629012555,1.646623690226762,0.028200401497088287,1.938166501820026,1.1027747701669288,forward_head
14.74,-0.340226725951956,-0.12833977058067195,-0.014441806706772102,1.6389470762978806,0.0361644107119673,1.7399734023943898,1.1821773498844366,forward_head
14.76,-0.2849601373890353,-0.1438024662811003,-0.021846077783378583,1.5818341349640288,0.029157003302329898,1.7713302019376573,1.193837711999492,forward_head
14.78,-0.32471717768502,-0.13398291535370888,-0.025816251077759735,1.5314286257164205,0.037609289113950686,1.968880191407659,1.0914084957356531,forward_head
14.8,-0.3243373213083633,-0.1254232408239639,-0.026796751511064545,1.5924665095376125,0.04240502231167099,1.7025329670374152,1.2093009949845368,forward_head
14.82,-0.2828956854544337,-0.12099610226710918,-0.012718945201284877,1.5695407670515449,0.027147931060069474,1.846825733339651,1.1957275583202942,forward_head
14.84,-0.3350397288275354,-0.09844454399263276,-0.02518373497672359,1.5929681127883109,0.038744386609974396,1.8847086881148272,1.1629752428971942,forward_head
14.86,-0.3630312600015415,-0.10178194865133634,-0.010762895322934089,1.5607905675703644,0.04634495274536031,1.784063768250022,1.133750055176589,forward_head
14.88,-0.32493140786209335,-0.1242460491094987,-0.012587714066293222,1.6360156507682668,0.03293679177540658,1.7726819804033385,1.1082218094580683,forward_head
14.9,-0.3249863368546869,-0.10262406189701737,-0.040802870547882855,1.5749327431190225,0.017995850735736292,1.8295409399410043,1.135100213578548,forward_head
14.92,-0.3352037941796104,-0.11260318793866772,-0.015659164379907966,1.5823515626719808,0.02289023135719702,1.7755747887545181,1.1432543327918148,forward_head
14.94,-0.2725070091464667,-0.10422685061889392,-0.0007728513192790595,1.6577292812903617,0.043252425877272176,1.8564334751835494,1.2388946339679956,forward_head
14.96,-0.34165281375388046,-0.07725594207959095,-0.013450458829415765,1.634988682087822,0.03804719390908083,1.818183113671784,1.047526289311345,forward_head
14.98,-0.3052010611619468,-0.12302176926750182,-0.008041308217925688,1.6099406186775054,0.02604500501532596,1.8228635736720171,1.2153120230947145,forward_head
15.0,-0.28836276680901135,-0.11390088042396655,-0.0037478811781924692,1.6084849181798322,0.05461724447301529,1.9145569170335268,1.1174497658206106,forward_head
15.02,-0.30775337051415613,-0.10655759314490476,-0.012880874223564522,1.5351533944840676,0.028124085713428705,1.767866189250499,1.1546839738588779,forward_head
15.04,-0.34178467113568106,-0.12659763708011829,-0.03414813881048857,1.649927145424982,0.03086333755565118,1.8938865335911295,0.9843679466479749,forward_head
15.06,-0.29904202621467285,-0.18075582353292016,-0.03775607377801882,1.6754214996680692,0.0391350258133723,1.833997152274397,1.1312990224258783,forward_head
15.08,-0.29138915100062107,-0.11002093466311476,-0.017562563635936623,1.6607428904523074,0.022345646903317234,1.8981745082436958,1.1497847656598488,forward_head
15.1,-0.32266668888123984,-0.11839376372721533,-0.023243974561875366,1.6030560091470107,0.016034506367831464,1.8786755454167163,1.114033777638883,forward_head
15.12,-0.31155576759994513,-0.13080765078494086,-0.03538728041802444,1.6238391984739178,0.0335023135751198,1.7929517276853917,1.0554966711394467,forward_head
15.14,-0.3162463962834512,-0.12424942743373121,-0.03893190893645743,1.5728275296870233,0.02131905833096523,1.8813137332973235,1.1085429919598697,forward_head
15.16,-0.3236259005740912,-0.12158370695371802,-0.04658180257833741,1.6365804606034031,0.03867444632233384,1.7428915258311997,1.1740754869993149,forward_head
15.18,-0.32313435639412413,-0.09598289645495645,-0.04344100392703022,1.5700647563848045,0.03297609694433316,1.8370077256474313,1.0993322421465732,forward_head
15.2,-0.30121998416465845,-0.1328334400337881,0.005764260316899827,1.6896545959546971,0.03587292382534026,1.8170217982844024,1.2050844597916717,forward_head
15.22,-0.33590116949780197,-0.12230166289502407,-0.019787076823633627,1.6421456281828248,0.03428487387333213,1.8040084906140779,1.1955124759953968,forward_head
15.24,-0.3499894195343895,-0.12839989177540986,-0.019080140931122237,1.6046799316052136,0.04461562591468136,1.834278316750346,1.103884117999218,forward_head
15.26,-0.3349612309947644,-0.10760911907001416,-0.005676754039165407,1.55056722784357,0.038262039660545796,1.8812180512592056,1.1096352590747591,forward_head
15.28,-0.2866917860954772,-0.13826193345273338,0.010192803337402676,1.5462093129395245,0.03488892463614663,1.8002460950562722,1.0722473343859085,forward_head
15.3,-0.32008116495111255,-0.12266755415333845,-0.03413553759290746,1.7070189006832908,0.03072455241894426,1.9882735566660854,1.1151284874949847,forward_head
15.32,-0.31875041204120674,-0.14275577752863386,0.010514125377770973,1.5291036907851405,0.018027887510622346,1.7696423714841218,1.1575180649341608,forward_head
15.34,-0.302970183912771,-0.08245127951977127,-0.01903912905190341,1.499488521084702,0.020013266800089104,1.8754004574986105,1.259247800854348,forward_head
15.36,-0.2909414108371187,-0.12317257549026318,-0.01140756456954339,1.5018105802755093,0.03797338829204979,1.8260308885539667,1.0501731280295785,forward_head
15.38,-0.34060148095414156,-0.06579046991551846,-0.014099555006656848,1.551425723365381,0.030790424091640105,1.8878931717574283,1.1547884165876992,forward_head
15.4,-0.3192828744704375,-0.10500281410390683,-0.03595061751902054,1.7328485991812328,0.0345669831440932,1.8993178260004264,1.1081234461567098,forward_head
15.42,-0.32884050831255807,-0.10411323049491752,-0.01974598678734725,1.6199007059711306,0.03458855448471593,1.8756231230930747,1.103579493187004,forward_head
15.44,-0.3466012446209876,-0.08882140250421047,-0.023776261893746937,1.5663027191904169,0.03096600111951464,1.8115273389397466,1.0863903005178024,forward_head
15.46,-0.31768262352663895,-0.12392836878012838,-0.023593163246867572,1.7064163082811246,0.03295145438933324,1.8920678978582988,1.0896982677906966,forward_head
15.48,-0.3303477752054786,-0.11185829119469523,-0.012548155820067934,1.5170343165153848,0.019944878776329836,1.762592379949405,1.0950157911834002,forward_head
15.5,-0.30563137337233837,-0.12656332973747,-0.03823733909125187,1.6335151666210117,0.01589851390978661,1.880513238044235,1.0875921665550545,forward_head
15.52,-0.3085898544840733,-0.12788472102628243,-0.030973404403943198,1.5433205193559065,0.038759261236121736,1.781238130220263,1.126351474802157,forward_head
15.54,-0.3481231104027904,-0.12326235721891322,-0.028680344870453667,1.6296988458531223,0.0385497273937286,1.8832771554985337,1.081325201625332,forward_head
15.56,-0.35736198590030344,-0.1098808892363968,-0.021073065927110925,1.683617661332274,0.034298833453967635,1.8868994805266301,0.9938205257740211,forward_head
15.58,-0.351990314442498,-0.14467326263998573,-0.020469323111607953,1.7289224359875117,0.007942225249677633,1.9150436150019912,1.1701617211174662,forward_head
15.6,-0.3150838925284898,-0.09483206875692463,-0.026543021288393507,1.649390345895938,0.02570960959569673,1.8630099594942842,1.2815043109999733,forward_head
15.62,-0.35437114541971265,-0.13917384187965115,0.005708699356069384,1.6367979528048782,0.034827157709020604,1.8658908559631422,1.197324761630313,forward_head
15.64,-0.2941125914542184,-0.10343006383589538,-0.02813235894639725,1.4084654285918672,0.032487968656206956,1.7371622931477622,1.1017461671865691,forward_head
15.66,-0.3419467264636193,-0.11934986302844156,-0.023319632514793066,1.57258456090621,0.03738730017643071,1.7937164087632427,1.249753964775254,forward_head
15.68,-0.34936772392998994,-0.12148582704062603,-0.031753965130706684,1.5845878444942876,0.035392989262606964,1.8552050943606788,1.075394498534629,forward_head
15.7,-0.34375302817122744,-0.11652963681859811,-0.022918533870154176,1.6313292326344837,0.029834621668200396,1.9317228998379283,1.1096438601997924,forward_head
15.72,-0.31361383819381394,-0.1386719738116737,-0.009370805382372173,1.7295865601885219,0.026973111491322904,1.8246770904109368,1.115671973512129,forward_head
15.74,-0.3447925377230495,-0.11321700882955167,-0.029411329883225097,1.6500390058959697,0.03951728769406811,1.8614911977479005,1.1748168542387065,forward_head
15.76,-0.3002662060873673,-0.13058243372212927,-0.056784866370040106,1.5356215236558657,0.03515422104519067,1.8175477308249364,1.0768751730089037,forward_head
15.78,-0.30630051525355717,-0.07847069044137686,-0.010361660324624608,1.6111082628607718,0.02275802975240185,1.8705343298324473,1.0910345973802655,forward_head
15.8,-0.33606985941325124,-0.1344654916841714,-0.0003621608034838731,1.657474980685158,0.012810885790568598,1.8747679626416838,1.0420227003979832,forward_head
15.82,-0.353465984423578,-0.13875647833354876,-0.02445631980135006,1.59940565132056,0.037276052230522286,1.8169997734180277,1.0988526432208927,forward_head
15.84,-0.30310522946758095,-0.1257794688656395,-0.016689387321173893,1.5901676931232505,0.014944226178002245,1.8943591733798524,1.1619811755144838,forward_head
15.86,-0.3147878877601968,-0.09367528680381246,-0.017582364426561387,1.5487287626228061,0.0520096862127385,1.906993869095386,1.1800441477279617,forward_head
15.88,-0.3333230975132478,-0.11667429476449914,-0.026717107023724644,1.5927337035492524,0.04449516867154355,1.7909042658591332,1.1070135500584504,forward_head
15.9,-0.293945729602673,-0.13000694632131335,-0.024193502998284756,1.761045767502819,0.026374164971402953,1.8646932633949926,1.2064910434090108,forward_head
15.92,-0.3141486748565348,-0.13317969455492795,-0.054088018976344555,1.6994890010727628,0.02710849775159053,1.839627565245992,1.1912895618205048,forward_head
15.94,-0.33131329352149524,-0.08749326875467284,-0.008503678778734352,1.5643146707054256,0.03369984874037949,1.8822308527900617,1.1023385920027569,forward_head
15.96,-0.3121450896166045,-0.09895267572058031,-0.027682535148323754,1.5627083460761633,0.02450547767439136,1.9214240341299917,1.1503908604648245,forward_head
15.98,-0.2989483080848785,-0.11075819779162842,-0.034307522421512776,1.601856370290274,0.06328609447410083,1.9584429558498484,1.1182369642606382,forward_head
16.0,-0.2797568173213879,-0.13697353654582436,-0.033757985174780396,1.598745067889395,0.03828374997781326,1.7107858278189412,1.1345549998493984,forward_head
16.02,-0.3517283483639436,-0.14471091328261104,-0.013406187348897891,1.4933890038023576,0.02257197005303843,1.859002647509593,1.109336922978946,forward_head
16.04,-0.3235417484504843,-0.08782786156998745,-0.005759478551706549,1.6044642958750366,0.03338279569321525,1.8821396098849068,1.1847584035625687,forward_head
16.06,-0.3244550293554744,-0.14696268105683186,-0.028543945416991925,1.646426395595067,0.05153345215966386,1.8544266211466476,1.187292487218542,forward_head
16.08,-0.3125646879557979,-0.11084713915492769,0.023330915024580266,1.6960790142774174,0.0347681347479362,1.9052720235375276,1.1684936481828272,forward_head
16.1,-0.3342100399767682,-0.056038125139963764,-0.017787934276519715,1.5454213534474988,0.03346751668214406,1.9203196687715633,1.122647192288793,forward_head
16.12,-0.3350535470680803,-0.11247428895795956,-0.008614443165140232,1.5728835471220777,0.04723491678062981,1.7671741948833484,1.1123258462479806,forward_head
16.14,-0.31937780745270206,-0.11630272210497677,-0.027932113594714515,1.5976577694366492,0.03902698468673286,1.780948202198378,1.1107007761543766,forward_head
16.16,-0.31917327336628204,-0.10688265916322856,-0.027173362365506562,1.4869824037911936,0.029700964307462996,1.8603001057529271,1.160444291973122,forward_head
16.18,-0.2928872520807466,-0.1372589628114639,-0.00434690377262284,1.6531059402099226,0.02677941606132199,1.9685217325705633,1.1128027297220657,forward_head
16.2,-0.2987800236621024,-0.1213309342998435,-0.02730896314438763,1.5026904143723803,0.022297596670190614,1.8324735759197421,1.2531381551982688,forward_head
16.22,-0.3301149378193956,-0.11967568810876358,-0.024366986959007984,1.6375241189371306,0.03246296373861813,2.026023202329079,1.2131055486477673,forward_head
16.24,-0.3134803126904106,-0.13075637998987533,-0.010481600825192285,1.5409385515255234,0.03765971111064613,1.875028083932387,1.1738756905237844,forward_head
16.26,-0.38168405635956976,-0.10670349391936546,-0.03312332933771003,1.7336433598232688,0.025288003184385267,1.7715266620221557,1.1791018304852943,forward_head
16.28,-0.3498806970424937,-0.13213154728266058,-0.015411538742856347,1.695703084628787,0.02903097094428566,1.8653301843878751,1.1894397101005365,forward_head
16.3,-0.3221023822715916,-0.11547731950536207,-0.016566794338670227,1.5570054490280096,0.03267536109585608,1.8730283949675643,1.1873677469722894,forward_head
16.32,-0.3627268216428848,-0.10839007872681493,-0.013417496170032277,1.715426572133649,0.01598673673329206,1.9092418128846096,1.206327189509207,forward_head
16.34,-0.3267995380387453,-0.10562950467619314,-0.0055263541187834725,1.765004272709979,0.031844693842344125,1.855498396641083,1.1198743502512196,forward_head
16.36,-0.37270016455220645,-0.10214010130652718,-0.033046032335752464,1.6665093534636368,0.021125464129700126,1.8397092792217975,1.0891751850255913,forward_head
16.38,-0.3287984876880236,-0.1060930380597515,-0.05071815323726795,1.6441646500589175,0.03668825076838046,1.8166336715257398,1.126006502939881,forward_head
16.4,-0.3120623758544923,-0.11949628866703438,-0.0008982280942407907,1.624225433402441,0.038652471814339034,1.863759615893854,1.1173989434232086,forward_head
16.42,-0.3279769850957099,-0.10857128279239088,-0.03194163218581114,1.6162069278310705,0.022444232112809555,1.9213835411776066,1.1585229522260336,forward_head
16.44,-0.31950741559690105,-0.17423025463508354,-0.03793661779270836,1.661488596150311,0.039827538134737564,1.9815953253514764,1.0797949196495171,forward_head
16.46,-0.2946770024454764,-0.11252795347259782,-0.011612091430922745,1.7231286947531432,0.017098027768823257,1.9237079367842012,1.1942763189675247,forward_head
16.48,-0.33425336490440133,-0.11965572238757866,-0.02583828019412324,1.5228335897765322,0.027608779405648827,1.807660436591329,1.123082118125575,forward_head
16.5,-0.2890446451059012,-0.12815778086854862,-0.052214888534406624,1.605289185073791,0.03152531416214455,1.9564024906334847,1.248187894500799,forward_head
16.52,-0.3475279602707262,-0.13642656228167652,-0.0286504161994866,1.6688669400422256,0.020596172597134615,1.8499650734676214,1.2067427460474145,forward_head
16.54,-0.32585079627874375,-0.054919702314063915,-0.03704878684914053,1.5596083314556273,0.023954705371677473,1.769212662501377,1.1507487273230745,forward_head
16.56,-0.31666519512755203,-0.09071983873180184,-0.01552776563986319,1.7043154788149697,0.028718993955351532,1.907547627322301,1.2463554334807423,forward_head
16.58,-0.36739879072822934,-0.13360497153533785,-0.0202503618132671,1.584245194991603,0.036650652168928224,1.8516902822553447,1.2146423415078824,forward_head
16.6,-0.33534421743586024,-0.11902431981290182,-0.0297262231013201,1.5745140525344516,0.03249497079823494,1.8253374326515783,1.1623862793009514,forward_head
16.62,-0.3525494179595078,-0.1416940539565818,-0.031309433660896065,1.5108154171554424,0.009964491061597254,1.7706011719620016,1.2198739460499746,forward_head
16.64,-0.3416682727669812,-0.11279629617562371,-0.020343321665473806,1.6702217679102234,0.031120330923344614,1.8801346703731436,1.2234310533446204,forward_head
16.66,-0.3350807845388276,-0.1152350660435339,-0.03020115632044053,1.614453557860698,0.007671820138287003,1.9030164363985986,1.179863535566434,forward_head
16.68,-0.2989197609530101,-0.12289382908672662,-0.009991729589524252,1.6278385092848087,0.045631282204163855,1.8947026088180192,1.136938386193219,forward_head
16.7,-0.32560030670690965,-0.10325467264968634,-0.011025985063094754,1.6496424490029518,0.04052698156018223,1.7551745344191543,1.2459207857026784,forward_head
16.72,-0.33744245853825244,-0.12812784129715415,-0.02568156388307453,1.4445188983351658,0.030187859954646713,1.8817825671557291,1.1929457816811708,forward_head
16.74,-0.3171426936508475,-0.10104275846550853,-0.003191980942410737,1.7068561977729533,0.028766236625363338,1.8640720266625068,1.123978110086087,forward_head
16.76,-0.33879244939092235,-0.15926788377190934,-0.03360001129903396,1.6202565996500813,0.04999247546422321,1.896667096053445,1.146630874744035,forward_head
16.78,-0.3670708044724568,-0.1195339389443,0.007997854226171355,1.619005612387288,0.02090286283792703,1.8947408880599224,1.0768015257212014,forward_head
16.8,-0.3497363002633442,-0.10764246335293084,-0.026605115197042364,1.6420401251696972,0.049902576410025795,1.7658932102485043,1.1046114252300792,forward_head
16.82,-0.35622515944157107,-0.09345264891642675,-0.03809389114993634,1.6590991505646842,0.022493435144093472,1.8415789815026995,1.1714164753214336,forward_head
16.84,-0.3021349023660045,-0.1256191369621016,-0.008316153851716555,1.5987346771429112,0.032316196233650854,1.8111352530123883,1.1495826711253105,forward_head
16.86,-0.29844830777991876,-0.11590493962225146,-0.0035145175037027713,1.6881164868739327,0.018258475228660014,1.8331865478287581,1.1409783943247773,forward_head
16.88,-0.3142602985588644,-0.14532741644948147,-0.017811927142414117,1.5390675489386103,0.017619094696650052,1.7949905333567115,1.1192961667055443,forward_head
16.9,-0.3815443929471057,-0.09804350895621568,-0.0021759278268665065,1.5554608482304746,0.026942829701778692,1.8720166374653011,1.1699699159726642,forward_head
16.92,-0.31286209443546525,-0.13720878342795945,-0.013525583496315765,1.6251070472698643,0.029497900207063693,1.8192589770940917,1.2047048991913807,forward_head
16.94,-0.3478701772666445,-0.10224630044278646,-0.01408930022739439,1.6675290484155942,0.006515075342353557,1.897117069187641,1.0799471450910625,forward_head
16.96,-0.30026855761944954,-0.10399392582868892,-0.024782721324744395,1.6034352674282075,0.014142453387035289,1.793116078530642,1.167883292982731,forward_head
16.98,-0.3393708933435207,-0.14345668564649977,0.01069590193977784,1.695622174096347,0.031242490376963805,1.9055400267975688,1.1557130805140847,forward_head
17.0,-0.30669385899540536,-0.11495138091010948,-0.023464024614988928,1.6034489372064344,0.034016723231810826,1.937925470962185,1.0761918026403419,forward_head
17.02,-0.33786259329937574,-0.15707011797483086,-0.02444420217397277,1.8444030037176677,0.030797840407975157,1.8819712113737135,1.1287549243910195,forward_head
17.04,-0.3079394575737463,-0.12086425947147121,-0.018704963043641644,1.5193216937050298,0.02525585620048046,1.8579233705715907,1.1819487116481797,forward_head
17.06,-0.3377471813227586,-0.1552915761670792,-0.008134733432041132,1.5068543849786953,0.039278131175011416,1.9122677976037759,1.2182107224576886,forward_head
17.08,-0.33976364501219397,-0.1244528938849268,-0.015602551328958093,1.349110240102245,0.024079253648892525,1.776359949895781,1.2315780491190758,forward_head
17.1,-0.359498012652495,-0.10573640464184918,-0.022498882373654296,1.7435149661839433,0.018879591219062797,1.844470891695783,1.1530382149004323,forward_head
17.12,-0.3071060171672034,-0.0780219876649413,-0.020955049355856042,1.6103654528455624,0.04287337532366398,1.7443529848199844,1.0742075624203078,forward_head
17.14,-0.30120167712532797,-0.12273332772470069,-0.02655635144967737,1.456936527161438,0.01384776565349475,1.7657466195939948,1.1180373719810788,forward_head
17.16,-0.2921706593234855,-0.10687477602277626,-0.028551605699854404,1.760257761947561,0.025126637184694992,1.86187920832492,1.1480006275852,forward_head
17.18,-0.30213843609124036,-0.09822898071708414,-0.006698803564864529,1.5848035230723942,0.045336636761777335,1.8731297488567622,1.1923604373080097,forward_head
17.2,-0.3149087550025146,-0.12361158842787645,-0.0036268953400489727,1.610689068806903,0.03099928367918209,1.9971482111600134,1.1711422116244325,forward_head
17.22,-0.36253916814220755,-0.0957318696104826,-0.017843504090273517,1.560062024389788,0.030512843877424964,1.9052987166257271,1.0741286597546131,forward_head
17.24,-0.3030244788691882,-0.09586817350804944,-0.005997281831094409,1.4519330899174974,0.0298424187044974,1.9240313338359574,1.0475558231355693,forward_head
17.26,-0.3411165154109296,-0.08754087954087597,-0.014420662669653528,1.4354938507776962,0.029446890067115535,1.7744975397294953,1.1124811493164215,forward_head
17.28,-0.32977045984626735,-0.10842801777687508,-0.01420101402028333,1.5557990871727883,0.037214896779821593,1.8703018719401747,1.1988573660356532,forward_head
17.3,-0.30876950289879523,-0.12687845697340955,-0.04143994422550646,1.4828891114927707,0.03743428636322091,1.869159571094836,1.141267536420034,forward_head
17.32,-0.3481248613153107,-0.08100644237668612,-0.023119661546632257,1.6252026961094896,0.02065671958094712,1.9054827640117713,1.1468398427185296,forward_head
17.34,-0.33954679964859863,-0.11127645066047884,-0.02410310498930733,1.5809829835525524,0.032964627953811616,1.9801107640612485,1.1093661153267211,forward_head
17.36,-0.26591022763354677,-0.122541609731483,0.017250384583036737,1.6333177063894366,0.019334957905248383,1.7819038079471272,1.1876277029500535,forward_head
17.38,-0.30616564603522495,-0.13294911854630553,-0.007692702835873048,1.530320452225327,0.024177449286892232,1.7429238375108085,1.1505677543216104,forward_head
17.4,-0.31893412780509434,-0.09818876386023963,-0.016115130444877453,1.6033982014236017,0.015532131086651156,1.8853033228701026,1.1030678017574937,forward_head
17.42,-0.34020564240919043,-0.12675356551016595,-0.023984144438741365,1.6020323171378512,0.035867098718521784,1.8277665172450814,1.1608966225300381,forward_head
17.44,-0.3411875530290584,-0.1141912059225118,-0.03552397354796243,1.509850345269233,0.03875517934836278,1.90930427766886,1.106595157995676,forward_head
17.46,-0.3379508051769738,-0.13005349259218482,-0.027915169098298224,1.6551622243675552,0.02667833818262706,1.7264098602770053,1.1169958683611056,forward_head
17.48,-0.31335672178044205,-0.10858036196454832,-0.023464306588362373,1.4446211954427721,0.022907511239231248,1.856501698273793,1.1666577375821412,forward_head
17.5,-0.30067308691442896,-0.08552524256800531,-0.010139740373487178,1.5915054189617086,0.03563894468924174,1.9339729784128785,1.0903868471945914,forward_head
17.52,-0.33789341738837536,-0.0984857579047697,-0.029042813707794622,1.6768985219604395,0.02653622645839598,1.8606943011510984,1.2093839147542307,forward_head
17.54,-0.3192737673360616,-0.06459036228836192,-0.02099174015264215,1.67834063136258,0.02081588831390719,1.9680828123838772,1.2308293890563546,forward_head
17.56,-0.353598764670975,-0.09121938376914734,-0.0332957406541976,1.5069696992523265,0.03165653479931881,1.7917423100248042,1.221741084104103,forward_head
17.58,-0.32961026513053454,-0.10327733421309393,-0.013953795649376053,1.578107215920525,0.03799518649046374,1.7733948845399226,1.2010387299280891,forward_head
17.6,-0.2812634892805549,-0.12067654226372619,-0.046150375562638346,1.6342778077225646,0.009404740929080842,1.809770723835014,1.1806427421075874,forward_head
17.62,-0.36199339339424796,-0.10830657440859055,-0.01354384014428433,1.4473616472239523,0.017094467953464837,1.8811860972535734,1.0779685482868044,forward_head
17.64,-0.3016414944590611,-0.09717073262813396,-0.01953038826446395,1.6344753246215484,0.04065833583065904,1.9358758293598088,1.1591764837114185,forward_head
17.66,-0.29894170236915296,-0.13435641162266979,-0.05004012845863006,1.6074014847281375,0.03419566285497799,1.84575295507288,1.0623632031551298,forward_head
17.68,-0.3460706836081691,-0.11876912131173697,-0.01814518059233073,1.6078681773324373,0.030293301829448917,1.9643966572708869,1.13958401973369,forward_head
17.7,-0.30049783317842516,-0.12492853022348945,-0.0020253227091491326,1.5204545839113206,0.03916839009517083,1.9174127997514783,1.0907871050247058,forward_head
17.72,-0.3287089848851069,-0.14940464493749955,-0.027724194392862164,1.6550156417327109,0.03252776076156565,1.7950960495563517,1.1748457168655986,forward_head
17.74,-0.2786947592351733,-0.14114785480359746,-0.028972998686194247,1.6563123381470164,0.03950680722518525,1.9366099262177043,1.0855768086098452,forward_head
17.76,-0.319295090530077,-0.12997916771017973,0.0007592553553359208,1.516781307097687,0.039362329774532766,1.8855764101300638,1.0061904172064418,forward_head
17.78,-0.3090303798055192,-0.1246143788621395,-0.028718824380378503,1.6008368064861587,0.025838013451821285,1.8035073731257536,1.1455096897851555,forward_head
17.8,-0.32555870294350814,-0.11724123682713156,-0.03881937983505533,1.6005698026892483,0.028568857733629105,1.8531116079386634,1.202381500996564,forward_head
17.82,-0.3173807742311974,-0.11239357768541806,-0.026189778563481685,1.6135531481434353,0.0318148178319174,1.9449857231419436,1.1133540056204398,forward_head
17.84,-0.31567291004957526,-0.12041132168365504,-0.016655264733143983,1.7355292517631895,0.03496057403884039,1.8305965250904521,1.1763741313924152,forward_head
17.86,-0.3431082159002668,-0.1167258397185704,-0.004911644357626835,1.4803225300921776,0.03179513186529331,1.8515376835895183,1.1241775884114058,forward_head
17.88,-0.3300884240359035,-0.11025737135967247,-0.0324782766419665,1.6841802809602462,0.0319271957115388,1.862307839738017,1.115401776932815,forward_head
17.9,-0.31773570393003997,-0.10136923053566946,-0.03298254407708377,1.579099093817861,0.03435674914689213,1.8708814039141846,1.1611807839180597,forward_head
17.92,-0.3243806539828933,-0.09422199062218159,-0.01770455587905318,1.5795018320330103,0.039484095283840955,1.8124133089681351,1.0805156659642106,forward_head
17.94,-0.3448262173045075,-0.11778790541770504,-0.04322954516395602,1.7151314873419727,0.042880513886026976,1.9003390942953786,1.2219977293422066,forward_head
17.96,-0.36480631508931277,-0.13483364461265093,-0.007385907124789019,1.492257332230977,0.024851715575633197,1.9158711015263108,1.0756779002439694,forward_head
17.98,-0.2649390295059013,-0.117641907685017,-0.014135309087445341,1.6136562524518856,0.029818392536554193,1.8947465235900256,1.1493806397693385,forward_head
18.0,-0.3259767218997486,-0.12988667961578917,-0.013799805990133,1.6498991010764952,0.0396408571517788,1.9610465972416833,1.1016564422211614,forward_head
18.02,-0.2781338563055953,-0.1537120930950769,-0.018524128269150623,1.5308690843345814,0.024095094126167622,1.8375166735647412,1.1801483312995125,forward_head
18.04,-0.35118198837834497,-0.08891410226797203,-0.003249056606829151,1.6545185141000867,0.0260270670955665,1.8041086463625524,1.12142411724666,forward_head
18.06,-0.3135853853858004,-0.12065929907284689,-0.0410747881862762,1.7267392393153767,0.049445267286118776,1.8424933334005622,1.0618901589527232,forward_head
18.08,-0.2879299318182967,-0.13644020917197427,-0.027652360797989353,1.6918061236709827,0.04426737557427479,1.794245980525038,1.0462190098998807,forward_head
18.1,-0.3333966397949669,-0.11184416152822249,-0.037501404645088415,1.7190719981936866,0.040768834963882894,1.8962898098208179,1.209637856864736,forward_head
18.12,-0.30459798729936066,-0.12020994218277084,-0.037461496940823645,1.5549428904458698,0.023564300478182684,1.8458060243959893,1.1003231370698272,forward_head
18.14,-0.29537923723830173,-0.14741952069782094,-0.022269019652096926,1.5556385754343431,0.022058294953061608,1.8634933664312918,1.086297047113291,forward_head
18.16,-0.35326220311628814,-0.10573390388203321,-0.060644721191495436,1.4943584121770586,0.040559145986107506,1.7286534332121462,1.1180611315181452,forward_head
18.18,-0.3287581522708794,-0.11557471605987134,-0.025249245904666446,1.5388876942196739,0.04010754499879246,1.8216195980222245,1.1667386477033483,forward_head
18.2,-0.2968186319518985,-0.10865578439916199,-0.023052958629313766,1.6986761647137683,0.02782363453561482,1.8120021170931582,1.1280510435637843,forward_head
18.22,-0.2892821252838271,-0.12467361054158044,-0.02975208559215745,1.6398535052530605,0.020595015485756027,1.8785835180334822,1.2610937900863988,forward_head
18.24,-0.32848240350304536,-0.10225272062697566,-0.008842878449959046,1.7076379870716323,0.03320842497909033,1.9647915579182398,1.191229282612103,forward_head
18.26,-0.30380462952887466,-0.10627236908712454,-0.03958422276109183,1.6256998234479407,0.04654359164285214,1.8756578043625955,1.1793317248254345,forward_head
18.28,-0.29002811504358356,-0.1123381191848997,-0.027148628865914994,1.6488466293701238,0.039315066966621764,1.8237071984776354,1.1856885815543532,forward_head
18.3,-0.293979514113685,-0.11692246796648897,-0.0006169227253279962,1.607102186210992,0.04683962868647498,1.6881551486315352,1.1256267696582574,forward_head
18.32,-0.30451854760461533,-0.12707036648553216,-0.04812891722240278,1.5156159988226965,0.006796443362004061,1.9540250689460508,1.2138482076318788,forward_head
18.34,-0.33580517025912276,-0.13788570995347993,-0.014957819981295474,1.617663876044237,0.0411063764739247,1.863840543890935,1.1789323026082592,forward_head
18.36,-0.29939851645116683,-0.0818496357811239,-0.02901796791149141,1.6313626165426267,0.02833056440630944,1.8054590915162305,1.1717381589396623,forward_head
18.38,-0.30849423089886935,-0.15223517463748343,-0.041012007130952356,1.5372316437995375,0.029748432077369297,1.7932933550078458,1.1433994785337436,forward_head
18.4,-0.2756154973501637,-0.10717534842766845,-0.044208454064148854,1.6717950271035673,0.03091373024947055,1.7711679353585068,1.1475739833542027,forward_head
18.42,-0.3094207076208834,-0.10891588406435572,-0.012040675929053736,1.6736491192362637,0.029001766030129217,1.8001108674258828,1.1743311157786083,forward_head
18.44,-0.32178760386602406,-0.11876014214512949,-0.039444410334899656,1.5895959309036714,0.02591206191607574,1.8725017486932327,1.1872811870707969,forward_head
18.46,-0.33204600686662905,-0.1118734661532371,-0.043210206994307276,1.7215257084224094,0.031427516999784175,1.8754204847562124,1.1048003053108746,forward_head
18.48,-0.3006510767882086,-0.12842068723515462,-0.03817979021057553,1.4828262669237182,0.008936224122990291,1.7586128257838007,1.0594383871670496,forward_head
18.5,-0.34195759203841103,-0.14917929290911097,-0.006562810949408428,1.6717798815373448,0.02811801444417704,1.773824961362131,1.1782069391324546,forward_head
18.52,-0.31941798141032834,-0.0858364430128661,-0.03345771005565557,1.6168339848848774,0.04559603918753921,1.8156494876151852,1.0332506356552238,forward_head
18.54,-0.32329583900601927,-0.14093814991090842,-0.04094059684097018,1.5815111941308944,0.03466874501348367,1.7698958106471847,1.0953971675762972,forward_head
18.56,-0.2929211817846405,-0.10044649538293544,-0.028370706990525952,1.5137238057637907,0.04493809174923168,1.7749462406704617,1.1365437625552746,forward_head
18.58,-0.33395896900946914,-0.1255179378215664,-0.033958114848832655,1.48797086873299,0.01435100195764948,1.8280747664093573,1.1390524374025444,forward_head
18.6,-0.3568492158925217,-0.14084168300767594,-0.02538379227113835,1.488351893692818,0.038974920104313526,2.004728790234524,1.110231830711936,forward_head
18.62,-0.3676237940626156,-0.10988583605631014,-0.02451685628024635,1.6579898606983956,0.027677451040792396,1.7443351855545262,1.1403161550665977,forward_head
18.64,-0.2865178403077984,-0.12603791338776393,-0.01491251453775555,1.6277077303743086,0.011702883903105938,1.815909946928497,1.0811762720842546,forward_head
18.66,-0.32044734980371603,-0.13048861212080537,-0.03281852259981525,1.4701967864731262,0.03408419600755955,1.8385040053591883,1.1054338846522676,forward_head
18.68,-0.30477349905495665,-0.1382116798879297,-0.04359956414266099,1.6882652020205875,0.024843061193964466,1.8138226711851226,1.2309644686762948,forward_head
18.7,-0.2955379218849212,-0.10789975946371003,0.004345954393186374,1.667708780701798,0.036998593176710295,1.8718362878791235,1.0891825558932398,forward_head
18.72,-0.3346017098701477,-0.11979677596520961,-0.025383703838396998,1.5291034257853469,0.028826079950529833,1.7995408977211809,1.134189006317973,forward_head
18.74,-0.32807214364727655,-0.13173304260784366,-0.03199863960886116,1.5180265455275015,0.029610022878041712,1.9104002203999872,1.2219086272258641,forward_head
18.76,-0.3492312080210099,-0.11140399919291434,-0.029970054606146337,1.6089819322820882,0.0576764921757963,1.8328799733091192,1.182174120699956,forward_head
18.78,-0.3136407365724176,-0.10934491189901521,-0.012440670535285948,1.4799116720524246,0.03973297080400862,1.8400132599141825,1.16976106095375,forward_head
18.8,-0.2936889108965758,-0.13190502231539783,-0.012598331805289766,1.5129679344998874,0.036460616354782066,1.8393695468132705,1.1412841272550598,forward_head
18.82,-0.3483878449538134,-0.11934980139673022,-0.020274139630866914,1.6355004164065565,0.014651931083434619,1.7626304835692486,1.2302503919641146,forward_head
18.84,-0.3395828824068904,-0.07205715080220639,-0.053457932777492397,1.7128189472529194,0.022358244124611848,1.96061033226146,1.103741828028124,forward_head
18.86,-0.2900697895441475,-0.09940788788173577,-0.022825202273745914,1.725590148893436,0.02317928491056168,1.9267775959427769,1.1057213141082416,forward_head
18.88,-0.31793565938066176,-0.1005825611870391,-0.022030004976138075,1.6041929125873222,0.051469867400473074,1.8736330135038857,1.1227207224887086,forward_head
18.9,-0.3200617613024251,-0.12341576062812332,-0.025309182467575065,1.536349233240574,0.024349094330114604,1.8905459715809494,1.1289537173981297,forward_head
18.92,-0.3333721694563577,-0.11168998486441101,-0.027146524417249053,1.7997742215153831,0.02456697974082496,1.7792249816013994,1.1813597493377823,forward_head
18.94,-0.3213313215180327,-0.10680015513682224,-0.018295192267382843,1.7440098275149416,0.034664232308928955,1.9143420950988834,1.2426457265738784,forward_head
18.96,-0.3182279362823889,-0.14056628989809988,-0.05128138770474518,1.6285622157948112,0.02632349089589829,1.8984465695031993,1.0838292585070863,forward_head
18.98,-0.3081781392215309,-0.09829426722781685,-0.011970391567381779,1.671421052467364,0.034785058406875444,1.82367131399249,1.1643104536848239,forward_head
19.0,-0.29244063671527515,-0.15639054376114506,-0.029899403117816963,1.5727783346598565,0.01077386079432286,1.8852396088065502,1.1867716353653677,forward_head
19.02,-0.3608978446086515,-0.10276800360219134,-0.0216927147572195,1.4670708669116808,0.04452882507195849,1.8384382917999649,1.1096328921448315,forward_head
19.04,-0.30286175921698466,-0.11196596941502172,-0.00767080513004262,1.5062571644358806,0.034753490429107976,1.8985507605831298,1.1374351342966162,forward_head
19.06,-0.29907502083013715,-0.10365721070129492,-0.02090327814000909,1.5285864465757262,0.01965487415297321,1.879051074739387,1.0681795437812815,forward_head
19.08,-0.3432971100036899,-0.1485878839783494,-0.005119278745605895,1.534655838114427,0.027384319995780098,1.879320696494989,1.0942484026536148,forward_head
19.1,-0.3198385591536341,-0.10737934892351679,-0.026104619184558902,1.5644299645757818,0.0461762114496123,1.7277827570041275,1.112564563408796,forward_head
19.12,-0.2974965016841871,-0.08518280857405845,-0.029925855780692394,1.5696426606441485,0.0338006182642448,1.900125454871836,1.1791280168400455,forward_head
19.14,-0.29714115820905185,-0.12360608938378793,-0.03149195572830669,1.5465294239878247,0.027552681863201686,1.841007073049146,1.0905566539532754,forward_head
19.16,-0.29808749205789437,-0.13611511063974185,-0.024301177580528414,1.5835744912096295,0.02738725230591057,1.941111577221641,1.1477276695680774,forward_head
19.18,-0.30549474976023405,-0.1313953121904508,-0.037820927945774754,1.5625688754215117,0.029749842836960888,1.912015674806034,1.17759937035646,forward_head
19.2,-0.3573193501297234,-0.1212086450990382,-0.027246995148769635,1.541511841271165,0.03295277447909747,1.826724856800302,1.2377321034598514,forward_head
19.22,-0.3094819107029291,-0.11514757452074348,-0.03931178885346506,1.522088991690137,0.025274809496494736,1.778186372468788,1.0306828261280014,forward_head
19.24,-0.343063299953383,-0.12820105933292641,-0.02291398058057597,1.6666756612327025,0.028489283775497684,1.9407334545012582,1.0559092020259089,forward_head
19.26,-0.32710400452251365,-0.11556329585556299,-0.02258256254228775,1.4590426206507165,0.025222230262038556,1.8627746469527613,1.0834593587513004,forward_head
19.28,-0.3237415011337309,-0.1285113672164184,-0.010828129870153885,1.6936587765246252,0.014773929659841383,1.9771276891400633,1.1651634765841685,forward_head
19.3,-0.3452632172923611,-0.1519444223948747,-0.011433689320804108,1.5903063970274216,0.04662396758480667,1.8922889713691753,1.1291624700124279,forward_head
19.32,-0.3218708850983757,-0.1252830168898259,-0.004451945977677852,1.686086147112169,0.05837154082902472,1.9161328171207634,1.1633373123229511,forward_head
19.34,-0.3193441672097454,-0.1043844591856252,-0.01758579937003303,1.6180674340217314,0.01340338578878605,1.8240594779624641,1.0973441399453154,forward_head
19.36,-0.2774077675073397,-0.09751567451995163,-0.007616156655479087,1.5024907030327856,0.005549187778764796,1.8730192147250975,1.1794228124856225,forward_head
19.38,-0.2880091083333892,-0.1205639376450989,-0.026539001704344943,1.6633559964183848,0.02081861383767845,1.8483840739825879,1.053532007862819,forward_head
19.4,-0.3063445970190786,-0.0830096106701395,-0.02468005033436048,1.4844416201788369,0.013717010189750287,1.8039664923370382,1.0849358306916481,forward_head
19.42,-0.3457761985951875,-0.09988822760636118,-0.01328542870107531,1.5410541071552406,0.018221910240482933,1.7668877646899204,1.1547828504131263,forward_head
19.44,-0.3563343397278832,-0.10110323155839418,-0.012664511665605895,1.6461275857618782,0.036574206512479446,1.8336077969003302,1.1554693371765885,forward_head
19.46,-0.29966087614319775,-0.1159928410682115,-0.03290912277482636,1.555405627328406,0.03569459826614398,1.987274953551324,1.0407969549316907,forward_head
19.48,-0.3179842794230059,-0.13013472629258463,-0.017213993085720178,1.6473953590255246,0.04303817189596226,1.8413790765874782,1.1552929236852707,forward_head
19.5,-0.313359042024182,-0.09080172345401828,-0.013611810838129595,1.6204522374411947,0.045871042697324504,1.7794357973468264,1.124557876190376,forward_head
19.52,-0.3201796996676413,-0.1265471518287256,-0.025016662948561214,1.5920766143465888,0.017245351345041765,1.7706086289626115,1.102399697971024,forward_head
19.54,-0.2854304556768686,-0.08517063322703074,-0.03883706065726983,1.6599627449447591,0.024690857650467135,1.9348486643872271,1.1439986826722792,forward_head
19.56,-0.2915779649654589,-0.1040991837307824,-0.01096543376377687,1.7516170640956206,0.03489709972307489,1.9160105340461338,1.146202871780709,forward_head
19.58,-0.2909701200744218,-0.11967218597167228,-0.004272944692089843,1.6047011769593345,0.032303040335313206,1.858299247439996,1.1144462029015971,forward_head
19.6,-0.33170547467541095,-0.1257571977317865,-0.025622120222821215,1.5988700629272987,0.0025518494307810863,2.0278298752009287,1.2074644710706044,forward_head
19.62,-0.3365445022584313,-0.11783323950074424,-0.015072428991361646,1.5612228996869897,0.039223949485037164,1.7986113077731045,1.2367615347709942,forward_head
19.64,-0.3191652291311018,-0.11793801350309718,-0.020213454729036445,1.71364160094737,0.022204858502298332,1.8170775639215144,1.153661670789847,forward_head
19.66,-0.2977070919046393,-0.1556000982689837,-0.011706412133523332,1.8286843450940182,0.014230272290820304,1.7217811618814456,1.086733351272389,forward_head
19.68,-0.35870876770820326,-0.10719540929342455,-0.02812557387694122,1.5261304760270802,0.044798782900029824,1.8086821005789278,1.0845335033007086,forward_head
19.7,-0.33129171693776555,-0.1321035496157085,-0.04694509048085919,1.7483313080637175,0.03820124422751356,1.8294325153239255,1.1710049010455283,forward_head
19.72,-0.31229958702575694,-0.07858620077599637,-0.02921370814645481,1.6875325148910219,0.05081034786387027,1.8905452410386676,1.0856146214589233,forward_head
19.74,-0.34049059744347615,-0.1181766477562711,-0.028066647958319504,1.7233979825961456,0.02193378402469686,1.8562238083060183,1.1482652067240486,forward_head
19.76,-0.319940255991509,-0.13090744899773357,-0.00730586435398535,1.5202808558543555,0.025169284885191615,2.005294688404299,1.1978681177627442,forward_head
19.78,-0.2685801619618035,-0.10780661100309508,-0.02395022493404252,1.5827863946709362,0.02255584693505236,1.8013204921981305,1.168609156030686,forward_head
19.8,-0.27818702433273995,-0.10273844008991492,-0.04819304203663567,1.6004379280651475,0.029662051790110812,1.84300590964333,1.2800505018655448,forward_head
19.82,-0.3460266000247567,-0.12802782829300086,-0.026972654285486106,1.5904191973777806,0.02897119587231668,1.7943610012828284,1.2634269731024312,forward_head
19.84,-0.35496877884331357,-0.10125222646126383,-0.054432099418618436,1.565687361426399,0.026651524231733965,1.8541533932724572,1.1533673389660888,forward_head
19.86,-0.3002338670788759,-0.12206239142678442,-0.02133266952150141,1.5311807688979007,0.025933273331618763,1.900822132372484,1.2660924291625637,forward_head
19.88,-0.2922599864922039,-0.09044679946952879,-0.01526265634101215,1.6386628349154153,0.02218262052279113,1.8513349962777195,1.1738058474123527,forward_head
19.9,-0.30461350934215475,-0.10654359837642163,-0.03950018715974495,1.7181166631048168,0.03032329621512893,1.7533273814570727,1.2539230921897218,forward_head
19.92,-0.3059208317579756,-0.09211343287679959,-0.01212369313568457,1.5933672132236183,0.04096177851458665,1.8208149342775046,1.1927212414387145,forward_head
19.94,-0.30048204325880584,-0.08885440929311202,-0.005096105821843712,1.5480969265209639,0.029133121614087418,1.8193230660315358,1.3332518765415933,forward_head
19.96,-0.3181321622289029,-0.08827603848476005,-0.008347709788128826,1.7169297378575754,0.022265970875284532,1.8363888176981782,1.1675491634548683,forward_head
19.98,-0.3012860087898478,-0.13849992877040476,0.0003963273146163097,1.781697142750782,0.03487024788306945,1.9096023733772947,1.0961676133766045,forward_head
20.0,-0.32100921102425073,-0.1118207413516082,-0.040654642482804974,1.62763289087977,0.029461392503718153,1.8407720871339504,1.1722459655765127,forward_head
20.02,-0.3417130472076226,-0.11481698003790762,-0.0050343650244515275,1.4877094813572849,0.026737547769305845,1.8397460865419197,1.2297516544930251,forward_head
20.04,-0.2943594095247,-0.12109440579236361,-0.025956482876471374,1.5968132863583389,0.025016616690763202,1.806058549043573,1.043890353209474,forward_head
20.06,-0.3673354372877661,-0.11260417415588711,0.00403846407851787,1.6874465457745844,0.04442860541767961,1.8681210625864253,1.1358265222507284,forward_head
20.08,-0.29981422627161514,-0.13314458332749465,-0.023942495536565255,1.5619453852292657,0.01590995567856599,1.781394977030668,1.2379943947313292,forward_head
20.1,-0.30412085802155153,-0.1161459367585471,-0.026562989969087066,1.7531419621283246,0.045516150052655094,1.7904767863925555,1.1350017231939642,forward_head
20.12,-0.28462526245048303,-0.12962510588690715,-0.04428816099576856,1.481571373662583,0.022723046789684443,1.8948862585332236,1.2922449084316419,forward_head
20.14,-0.30534439495523036,-0.09035500318679582,-0.046059673828508695,1.5302733905698482,0.026688870046913844,1.8204493294056006,1.1736317331136121,forward_head
20.16,-0.33761218314511315,-0.08005991882872326,-0.019528844781834382,1.5427555829927428,0.031983163198719876,1.8464596791060661,1.0242430004480538,forward_head
20.18,-0.3353892868484046,-0.1122155347715534,-0.011910478387084486,1.6012075229922746,0.06675730106818145,1.9091913629779387,1.164445677163721,forward_head
20.2,-0.38242218445567894,-0.12416369191434665,-0.02964568906861626,1.6046542648443145,0.019233649358013694,1.8090750876469033,0.9606981199138638,forward_head
20.22,-0.30354345168802915,-0.13597547286824074,-0.0351559529749426,1.5884524130767523,0.031778629970164264,1.9181143858269059,1.2337075997649016,forward_head
20.24,-0.3377076931594977,-0.10383107662538318,-0.01536837230460823,1.6141783125033278,0.033781536540050734,1.7271343863690918,1.1322388916304247,forward_head
20.26,-0.3108338169782716,-0.13373873354963942,-0.019937154483823376,1.646188393730609,0.021581801463961617,1.870452696045041,1.051320857683822,forward_head
20.28,-0.2878170290724647,-0.10276314911244774,-0.05130539818144707,1.5025660478722718,0.04486900154343578,1.7992655804373647,1.024567256429657,forward_head
20.3,-0.3641314286148585,-0.14262295372311604,-0.03394115112526023,1.5687919616582644,0.033204808007661464,1.7900403662303301,1.0834360758919737,forward_head
20.32,-0.31331365666538863,-0.13461404609237254,-0.0271189330236245,1.6478761119342473,0.03150285954899408,1.8003851804334243,1.192737491981689,forward_head
20.34,-0.29893233124616636,-0.09928805630602965,-0.02820376968228214,1.584887699652808,0.018749940332567133,1.750054465376983,1.0344810960742998,forward_head
20.36,-0.2691212227620503,-0.13679206764490826,-0.011563565622125719,1.6776120760381397,0.03179920074375803,1.826271797620601,1.1916006490616213,forward_head
20.38,-0.3137449354553905,-0.09493060922859312,-0.015613365979025611,1.6346586459455015,0.024790622839350344,1.9352474751275657,1.0955926057749124,forward_head
20.4,-0.33733020763123023,-0.14907514348965303,-0.013534160376978079,1.60759433947957,0.03924373040186217,1.8632256954134676,1.167982372569755,forward_head
20.42,-0.37499571624420025,-0.11186349368907327,-0.03130766867525322,1.5394058316480057,0.045540183907505624,1.924348720240655,1.1223690606050105,forward_head
20.44,-0.33068168191459996,-0.13477662922168251,-0.0019081935508357556,1.7015666814191295,0.027534475911194754,1.8401673484596488,1.1059416019384947,forward_head
20.46,-0.2858949395701267,-0.1282996998517846,-0.028241688671113402,1.7479486452319128,0.029092120934116384,1.7899382748327604,1.0783550146471192,forward_head
20.48,-0.3217039554237991,-0.12239376896143798,0.009379604482896669,1.4234294412696213,0.03475631917355719,1.856166549949019,1.1780573699084063,forward_head
20.5,-0.3308208694918521,-0.10829857900200136,-0.015050061295216596,1.6451432168057518,0.027153570595846454,1.8750047929573077,1.1240192220776384,forward_head
20.52,-0.33521017427760047,-0.15807842587009735,-0.015258570209518202,1.6617746339861588,0.03644529040141899,1.8510736111795294,1.1633974920534382,forward_head
20.54,-0.303713780721378,-0.12484155004153868,-0.026482317443995113,1.5303313026802485,0.030728041299411767,1.921496356750569,1.0715564635212687,forward_head
20.56,-0.2994871433505254,-0.1426400171669096,-0.012805482086450668,1.5171695021182687,0.030621427762950446,1.8340565023683206,1.0937772160459815,forward_head
20.58,-0.3165416493871358,-0.11752839284745521,0.008181586452322573,1.5958868456337887,0.040932015251854054,1.9186446410052909,1.1531611051363149,forward_head
20.6,-0.33284642729009867,-0.08014774304687815,-0.045770093804483464,1.57229732035569,0.029514745179303123,1.983573032714531,1.1084629376356572,forward_head
20.62,-0.3636791611444903,-0.11680283257935443,-0.01604542015564715,1.5473904594621666,0.03167868774704741,1.8350833318179747,1.0973409263957565,forward_head
20.64,-0.33041126749220356,-0.11529449451166361,-0.015725147467403826,1.810372430668108,0.036259308156552844,1.8223355667902925,1.2058515894926969,forward_head
20.66,-0.36769214144430823,-0.151304006791625,-0.03495036577184019,1.7436677200429,0.024670442449350193,1.8196031403672694,1.2181031976845123,forward_head
20.68,-0.3302329359756838,-0.13359240285176435,-0.010677892282515724,1.4745593233772385,0.03641220175684825,1.8022764974552674,1.302121128188615,forward_head
20.7,-0.3321234072152479,-0.14419578843570044,-0.02285748729729913,1.6814906007992125,0.01783727977131192,1.8578778058066598,1.1789993707484119,forward_head
20.72,-0.3089289329105924,-0.11825799246301738,-0.024353779819680708,1.5426425739497591,0.038997743518647446,1.886841616975568,1.2236445613088947,forward_head
20.74,-0.28688048519344833,-0.10223251006304032,-0.031369081835188765,1.7555853362650464,0.028318880692884556,1.9022842773238022,1.2960570757569048,forward_head
20.76,-0.3130285736683696,-0.10088502632405602,-0.02880017056638478,1.6997108122136348,0.0345654873226185,1.8360995497784494,1.1238365197162221,forward_head
20.78,-0.31737351969023825,-0.1318913380006934,-0.05045078775648226,1.6583465098838297,0.018972295838170984,1.9823227088529969,1.1313865420022893,forward_head
20.8,-0.2681190617842185,-0.133888422340983,-0.04343116308540669,1.3854492452232083,0.01589892200569873,1.8887065881078258,1.1013196444931763,forward_head
20.82,-0.3575154757559791,-0.12804296728250245,-0.019248428762336477,1.5068837940727755,0.03269125837017064,1.861996553048111,1.2139256850333666,forward_head
20.84,-0.3406403558030946,-0.10818555525525828,-0.01866865332381325,1.6447492618064599,0.019134149501323403,1.8449085776075043,1.131077336460901,forward_head
20.86,-0.3109391989084712,-0.10498788202208924,-0.03136870673147373,1.680053209221573,0.027927263456004173,1.9066127491792184,1.2605223855750611,forward_head
20.88,-0.30449165520934035,-0.12558833475986175,-0.026651536768821763,1.7894684826640326,0.01961825415800371,1.8344534642045454,1.1640047118010255,forward_head
20.9,-0.35504196469120997,-0.1273772082970605,-0.021983502192993595,1.7304791821397874,0.018295976450712167,1.9611811541506052,1.143326580650612,forward_head
20.92,-0.3441222558635399,-0.12005154008873169,0.03551875382424698,1.6528456815652723,0.030074691617638052,1.8042158337538463,1.1276952464774128,forward_head
20.94,-0.30587942076011443,-0.1190734161851814,-0.00806770690015029,1.6411200604568092,0.03474939570121486,1.889637340212146,1.1316453377810165,forward_head
20.96,-0.3120777010823986,-0.10587031313847271,-0.04286602214246673,1.5881836536124445,0.034716789172920495,1.8069603836522175,1.114571511447458,forward_head
20.98,-0.320987169887756,-0.13694555889580115,-0.02546992742157766,1.6202267525102372,0.014687297469206991,1.785160177127576,1.113262948761053,forward_head
21.0,-0.33196665329799296,-0.10455812113038032,-0.005272518679276286,1.5489766779867893,0.019292841950258002,1.757108747347882,1.0857476468990868,forward_head
21.02,-0.35607447588425556,-0.15194769685073986,-0.023739540416284042,1.6949742892912436,0.033858496529684416,1.856118072876266,1.1056030624311737,forward_head
21.04,-0.28003556341891517,-0.08997782888677712,-0.02527094750373121,1.4123784258848069,0.05474763738697414,1.8789496162311776,1.0527834621232226,forward_head
21.06,-0.3338197929582289,-0.1082581942017859,-0.0412528451798123,1.4908546661487185,0.030942108460507246,1.8150230944823766,1.147278660899636,forward_head
21.08,-0.3253399254663223,-0.12636926614057292,-0.025314993521391563,1.6516949083499828,0.02631335777167267,1.7494144622480918,1.1299492366619122,forward_head
21.1,-0.3252458893747896,-0.12488290130009096,-0.03237082181979709,1.6495550366730443,0.03309114309550214,1.884907523352447,1.1648939728315004,forward_head
21.12,-0.3250432142505771,-0.1306986456164757,-0.007630008520006374,1.568161802641147,0.01822458262200967,2.0113963051169423,1.1872852433557632,forward_head
21.14,-0.3041345405371117,-0.16373948781705874,-0.03118762034050119,1.5442518923524615,0.03930948306324721,1.8050763048849134,1.1646553676679374,forward_head
21.16,-0.3428246924802474,-0.1087918254768538,-0.024139262701602368,1.6178481797794557,0.036051899704960894,1.724680292111463,1.10213757337822,forward_head
21.18,-0.3094381445088927,-0.040868527054887825,-0.02597034307271572,1.6827802172147353,0.03558697260115409,1.7757819772977372,1.214210003327588,forward_head
21.2,-0.2901913549033031,-0.13715206467853658,-0.015231516035878287,1.6147588031805018,0.02569000363982472,1.8364319300537153,1.0459455332363283,forward_head
21.22,-0.2966864084713175,-0.0924538040780063,-0.0038098771148804152,1.596100353652543,0.033093189627651884,1.7384525420203416,1.0711071310530964,forward_head
21.24,-0.2981774477511137,-0.09070157839372049,-0.03151059682951773,1.47997191844284,0.03777151635960721,1.8815301130050028,1.1438015120300367,forward_head
21.26,-0.3416398530405566,-0.12354699273511172,-0.0139204106828971,1.5982371185320936,0.03128418182510592,1.8712888220912463,1.2350290929196643,forward_head
21.28,-0.27685303669128697,-0.11167082255712092,-0.005101611733100625,1.610385930407392,0.014117406086281033,1.8643492826655792,1.1719007164554793,forward_head
21.3,-0.3235836362447803,-0.0929151553229039,-0.0227210082716289,1.5883268393869032,0.030841913579507007,1.8568148104942541,1.203991849796532,forward_head
21.32,-0.3174663429610483,-0.10516885527428702,-0.022903582427873555,1.611707106477318,0.047295230606755397,1.8388198935978728,1.302099088385283,forward_head
21.34,-0.37571525617296164,-0.09981422818025093,-0.04694325292911443,1.7019593948243787,0.028389007638535232,1.8383758481806518,1.0818552029388673,forward_head
21.36,-0.29442769162512544,-0.09195212842261394,-0.02979952539878903,1.6437130516229976,0.026688422903516935,1.8657659356341356,1.0574839029053225,forward_head
21.38,-0.3304821330089532,-0.11461825179779649,0.012532737679053635,1.6396118486594093,0.01746089754962034,1.810523659927031,1.200066931420896,forward_head
21.4,-0.2936434224007131,-0.12074666268646313,-0.015530859095687565,1.726460068842023,0.02564672275033304,1.7856134631645468,1.1126390245397766,forward_head
21.42,-0.3199462799339373,-0.12310688269089845,0.0006323764914312683,1.5658532003708832,0.03463720346580461,1.914756265899852,1.2198393753505492,forward_head
21.44,-0.3055320683992542,-0.11573086497839635,-0.03216041634668846,1.6384438025030021,0.01884665797217617,1.8659850774048468,1.1759267887692866,forward_head
21.46,-0.32170998195973427,-0.12604713135232287,-0.03489550613759369,1.7438317440695839,0.02800250585164143,1.805668351146023,1.2565641903803824,forward_head
21.48,-0.32320317155432843,-0.10458202955620743,-0.03220512014251515,1.579555088498526,0.029782315316603296,1.859175422629977,1.1453352685335545,forward_head
21.5,-0.30909631165777124,-0.13496871272324085,-0.021416704252199097,1.4873622990437814,0.021095549725141872,1.9647625801192126,1.2741035320420162,forward_head
21.52,-0.3414545497352115,-0.11794024901439475,-0.00994822686955677,1.6384852919527728,0.04487831498725411,1.933491138177041,1.1533163251794527,forward_head
21.54,-0.3138135913804868,-0.1346102759838629,-0.039316920887616146,1.621332004131202,0.03358348112504456,1.8242226437363394,1.1025464516458268,forward_head
21.56,-0.2879372809383639,-0.1133530164347743,-0.01855164302158419,1.5923158262703088,0.028562900715849843,1.8328168449824203,1.1875652062139754,forward_head
21.58,-0.2953497685957051,-0.10053467225273782,-0.023598803503570864,1.679103589791968,0.021451641017761022,1.8146644564125138,1.091198811707348,forward_head
21.6,-0.3142037764739845,-0.1190682460240361,-0.030680542043941703,1.6866238798820201,0.01858212327481582,1.9353748747686108,1.1711229957538105,forward_head
21.62,-0.293772710747402,-0.11493349726272004,-0.013376347128953017,1.6741465396338628,0.014827592707003083,1.936405270238777,1.0884973077822433,forward_head
21.64,-0.27354580535848133,-0.08469473800260487,-0.010916477149201494,1.5992220020434595,0.02745214009978682,1.7994108481162305,1.187176110472521,forward_head
21.66,-0.29386900474436123,-0.10407732113143835,-0.012351237860006341,1.5407320324538978,0.017730639114104326,1.8478539760369916,1.1589269110258456,forward_head
21.68,-0.3343917991357356,-0.07443332481316427,-0.038153416652970444,1.5882698207674961,0.03676150845969882,1.9485859296977093,1.0948292430810191,forward_head
21.7,-0.3192646181399393,-0.15144962108970714,-0.04533925652055191,1.4915830455466412,0.03328385729452461,1.8589130617892347,1.1691447898835368,forward_head
21.72,-0.29056465354010685,-0.08730960346713293,-0.007984269088449408,1.536392222188828,0.013804359935232966,1.8819472122733716,1.183579569019178,forward_head
21.74,-0.28595740219711946,-0.1470935371696029,-0.02242449085148782,1.7630156483653834,0.030372555815892974,1.8964303209716922,1.2123833515081448,forward_head
21.76,-0.3099905840237889,-0.10963082435330772,-0.021532075370074854,1.4757127801741579,0.031511636057420904,1.8698863424153116,1.0225970226564214,forward_head
21.78,-0.3219661747157324,-0.0945332610570336,-0.031652776424522494,1.563317349616082,0.033984450836226886,1.769683310438458,1.2803715755235205,forward_head
21.8,-0.30246494211929026,-0.11025083908622502,-0.04167988391167396,1.5613761198688765,0.04725485217228202,1.9720452502687076,1.2244895269972076,forward_head
21.82,-0.26936746109648674,-0.10801932133818017,-0.019417355880173685,1.5832349003954411,0.022699063673441537,1.9966229871030843,1.110376272736177,forward_head
21.84,-0.3173051221761216,-0.13166722385382623,-0.02666008270526143,1.72907881085567,0.03554416175015409,1.8075201040209212,1.1129623761328018,forward_head
21.86,-0.32892368920438414,-0.10060061498578476,-0.014044916172568898,1.5574148170042437,0.015315006228682246,1.8756846211728009,1.12798602038112,forward_head
21.88,-0.30359352623406444,-0.10672131518380781,-0.030955623057493144,1.6814281570076517,0.018179258418068014,1.8143285080129574,1.1504396704067636,forward_head
21.9,-0.3031221416789482,-0.11360812012186691,-0.00533376361442962,1.706464825426629,0.026263068474209283,1.9233359249390092,1.1323308804586139,forward_head
21.92,-0.32189226356042006,-0.08066182633189752,-0.020139306205981918,1.5043866113404156,0.050951273719624796,1.929899643544586,1.093978634352525,forward_head
21.94,-0.32945874527750135,-0.08958242123913542,-0.030078918401522773,1.5310977158638897,0.013689549109776464,1.7995754430759603,1.1271739047905522,forward_head
21.96,-0.3410672863656983,-0.1335400826952986,-0.02878249089017948,1.7019996098950698,0.03694138966338979,1.804981068947079,1.2271345724408695,forward_head
21.98,-0.34475524599075086,-0.11756467155184933,-0.014673432163662571,1.5926867086832346,0.02296627235960197,1.9793551275764316,1.1311091026005116,forward_head
22.0,-0.30817528897704566,-0.1246670157646785,-0.0320813431630924,1.5634224144714521,0.020804856334814346,1.802565983882545,1.130261528915802,forward_head
22.02,-0.321696437172789,-0.10241826616075023,-0.014312400761369921,1.617331348733536,0.04454978159895619,1.8788239065013526,1.2245711974122433,forward_head
22.04,-0.32577295739934925,-0.10095444304133326,-0.011451057764679124,1.7823287851773486,0.018556678663330994,1.8853623075919326,1.100993106391571,forward_head
22.06,-0.2724317976084725,-0.13130451440828184,-0.011184086999666326,1.4855452285056205,0.03147013940702587,1.7708122150907726,1.1108009453330336,forward_head
22.08,-0.33318382541261227,-0.13216581405730352,-0.031705943408905625,1.5759427299456208,0.049821856207319555,1.7857170057819867,1.073615141554841,forward_head
22.1,-0.29684534960863485,-0.1426776472520192,-0.02588752527019828,1.5605682993800913,0.040905466013331324,1.702728472082444,1.2157189849292933,forward_head
22.12,-0.33316740460885824,-0.10256558201274898,-0.021612184494444946,1.567182952751839,0.017104272476548,1.88116719850009,1.1115145514380527,forward_head
22.14,-0.3473376013842265,-0.14765850152054522,-0.02154512261313713,1.7516776955879105,0.007586988926566222,1.8232989656615428,1.223861044804881,forward_head
22.16,-0.2985440419461758,-0.10634226922332504,-0.043176504186705406,1.5231700337992427,0.03448447627601301,1.857114958853923,1.0574491982117633,forward_head
22.18,-0.3305741310268045,-0.1255330215102367,-0.002251911182675821,1.5526687752146178,0.01237447337858118,1.8136362106583286,1.1423697633510614,forward_head
22.2,-0.29728013844671897,-0.11210499606834917,-0.008700248213590384,1.577740481239237,0.03667675384048444,1.8254036143310133,1.0564089190164097,forward_head
22.22,-0.2898909746894955,-0.17066196100155837,-0.01684730757364219,1.5991501023086812,0.03784244415171882,1.7664013737330162,1.1700242265586953,forward_head
22.24,-0.2820032485570101,-0.14036456152813961,-0.04347381873005479,1.717792089582897,0.028748393197203778,1.8438222876339085,1.1844477959234925,forward_head
22.26,-0.3238464683942096,-0.11046199281217521,-0.025370136440396693,1.4776149322012222,0.007184754769246373,1.8338421041983834,1.0935892205319862,forward_head
22.28,-0.2750833019991945,-0.11220713763616025,-0.02066956904613661,1.6230107229920891,0.02958247913762299,1.8874037879532966,1.132230944714302,forward_head
22.3,-0.30500174407965297,-0.1196564113985117,-0.017804520554898614,1.5883373096025475,0.055021782775282024,1.8181727883888779,1.1320718882824585,forward_head
22.32,-0.35089507523206975,-0.09394946144782458,-0.0005803818551246718,1.4900971427888305,0.037460718990845805,1.935735720299461,1.1620675782648069,forward_head
22.34,-0.2927382450797464,-0.10038362800883205,-0.023692219345778975,1.5864636696918204,0.01664394223908732,1.7838074038799225,1.165947582806773,forward_head
22.36,-0.3019939770088142,-0.14354236350890281,-0.021963206555635977,1.6163399913202694,0.029854061413689553,1.890429840782753,1.0803501893566274,forward_head
22.38,-0.30348587954887163,-0.1278357379631086,-0.02589200888626791,1.479358552918509,0.025477899885137274,1.8052231316666767,1.0963716890969584,forward_head
22.4,-0.35359686579349064,-0.06899277870032863,-0.02139481166678291,1.7387242002867331,0.020735234988900786,1.8013239459670634,1.1629332769308982,forward_head
22.42,-0.34682380974681204,-0.10824869585269774,-0.030604866531596837,1.5169922318253928,0.038884409751077785,1.7497265962969923,1.1164158500988892,forward_head
22.44,-0.3334154026967815,-0.0951589722801339,-0.006138369227734944,1.6862492113409278,0.014715276460422687,1.7617781901954008,0.9670498307087853,forward_head
22.46,-0.3495036055085493,-0.13826723034863822,-0.024499917839108765,1.6237441276924551,0.018995145647515845,1.793457309548872,1.1954104198047777,forward_head
22.48,-0.29970224513740173,-0.09151712767881796,-0.0404369695687329,1.59067362688522,0.018081029125403845,1.8793005425029705,1.1798376525590246,forward_head
22.5,-0.3171398286777045,-0.11897309209784432,-0.032772861779722405,1.6221883329044757,0.04478941222301861,1.8084003897637306,1.132541471947398,forward_head
22.52,-0.28560189208298437,-0.10811327559562404,-0.03714030852977015,1.6299038062255398,0.03269594596930572,1.8859646591384918,1.1910508216760944,forward_head
22.54,-0.2871938723457819,-0.10101899794510161,-0.017983933994118673,1.5569282233637067,0.04925841473769194,1.786919699538105,1.1161147181982096,forward_head
22.56,-0.30200484237982345,-0.13018647646409717,-0.0194554691002654,1.512270401903774,0.042139877963506336,1.8350650638017405,1.118350760591704,forward_head
22.58,-0.3197830747051857,-0.09509386641415954,-0.000526254279054782,1.600202779166084,0.040042531267229994,1.8476019209066104,1.1198686155724211,forward_head
22.6,-0.3463713130658937,-0.14450037233220184,-0.02003135933936807,1.5438654713886222,0.027797112675720458,1.9030748041371426,1.1369627870302035,forward_head
22.62,-0.3049834847449692,-0.10175274556618681,-0.02530033557510844,1.600127836565897,0.024539014720873616,1.807904530706662,1.0954025658227164,forward_head
22.64,-0.315443683682387,-0.080577810707503,-0.02977736225545552,1.4945300563483737,0.03443135586302868,1.8354958334459455,1.1870726609309885,forward_head
22.66,-0.33166701613885763,-0.14774281244455642,-0.007209431980431873,1.7214302054435908,0.01864726064099917,1.8642967297269832,1.086183781036167,forward_head
22.68,-0.33035085780668677,-0.0998987032534273,-0.00900555157364401,1.5327239093801988,0.028840902910059026,1.833370496237517,1.125477929274291,forward_head
22.7,-0.31547032526404317,-0.10883848598304804,-0.015515692221021076,1.6176048523518831,0.025417211867405077,1.9012786871759466,1.19900553304355,forward_head
22.72,-0.3359159036967307,-0.09986062034701368,-0.007429659277343925,1.625764197951886,0.018577637053882344,1.7691377028186495,1.1099787140392634,forward_head
22.74,-0.32027703385444056,-0.14858457337366132,-0.039605456008319814,1.5465207586458407,0.027292105747578878,1.922286883703248,1.1988685829817574,forward_head
22.76,-0.3277821552569525,-0.145392437543175,-0.027725691805869996,1.5636038565354773,0.030008717194553492,1.839027379113094,1.0353359794687165,forward_head
22.78,-0.3161125310975749,-0.1026486230805782,-0.008264475557652591,1.6166725606145025,0.03269038575690055,1.7937617934590115,1.0870850256193965,forward_head
22.8,-0.3126239577724478,-0.09263581736012003,-0.0061641927412054666,1.5220459910633628,0.028105161111990344,1.8090282703578566,1.0514248319826982,forward_head
22.82,-0.3272879044922946,-0.1113805306926755,-0.04006033540232831,1.6528316612800371,0.02903196341714587,1.7693088309545342,1.1526312788156836,forward_head
22.84,-0.2685162847275371,-0.08785291592748107,-0.022754414192861235,1.396961717924985,0.04659385460794124,1.817174305345351,1.2240392257527601,forward_head
22.86,-0.3293041842603076,-0.14153181938359108,-0.0198708049641041,1.4832219585024233,0.04018328971413787,1.880536230151478,1.1782227092996362,forward_head
22.88,-0.3322101369000649,-0.07986212427540205,-0.0034067433616216834,1.59707100390386,0.03988208670626797,1.8026444316135877,1.0894880565874534,forward_head
22.9,-0.3042682284559432,-0.09273474281013383,-0.0129083072214717,1.5389539545994524,0.034493474278821185,1.7835710051404603,1.2409718475422018,forward_head
22.92,-0.33153593589344266,-0.09343263825409892,-0.020942890370045302,1.6754806584710942,0.027314151730584265,1.8224371004999476,1.1256019945249687,forward_head
22.94,-0.3279546478384281,-0.08126944964899384,-0.03827045516548266,1.6714875447547846,0.03241434416830792,1.7501359868050275,1.1285135959356967,forward_head
22.96,-0.3136541034624376,-0.10422431098829081,-0.009706161005502192,1.7265162146200572,0.03221500435886462,1.8706017100555663,1.1781961181222036,forward_head
22.98,-0.31546476153580016,-0.10551806511519148,-0.012476662052174858,1.5170175841494957,0.03222368921145617,1.8607215869867368,1.202206814107383,forward_head
23.0,-0.31525090869949746,-0.13616985362528444,-0.0161246332029698,1.607002472901072,0.029241117201512228,1.7844865365525555,1.1167635183582076,forward_head
23.02,-0.29357458995602725,-0.10917244911644841,-0.013439168943886335,1.5240297803120897,0.0307949636533956,1.828062126372572,1.051482035399099,forward_head
23.04,-0.28439213052141255,-0.12797759145459983,-0.02027376038215508,1.589668608025388,0.04088440517695803,1.885622647143149,1.1669396551561066,forward_head
23.06,-0.2865790191157742,-0.13853438577465038,-0.010235210055741292,1.691431759955824,0.025358489383941,1.9188851918865435,1.0051114070272822,forward_head
23.08,-0.30423177242461447,-0.112358110504272,-0.01702611808249418,1.512179731473352,0.04590563710002318,1.8160248963211587,1.1703412029346068,forward_head
23.1,-0.2878758048766867,-0.11540321169490675,-0.011413052260380066,1.6053730036045821,0.021919933507002554,1.8229199475804168,1.1017717410477021,forward_head
23.12,-0.320245455611713,-0.13305639969761984,-0.008284973165422264,1.5349660437455108,0.035835533323492375,1.8198026323417855,1.11307498354155,forward_head
23.14,-0.31473903539679304,-0.10530300371133837,-0.012732921641713999,1.695551849126836,0.033048766808521146,1.849429342313781,1.0672205663209728,forward_head
23.16,-0.3207022807624096,-0.11499917179753591,-0.023670820246937223,1.5683166993543678,0.03839062472187773,1.838472004779097,1.1892009266434134,forward_head
23.18,-0.3293087122536688,-0.12164966141315237,-0.01389033860722125,1.3976194383448894,0.017545418051920277,1.8323918311690064,1.16018944120795,forward_head
23.2,-0.35376195054114534,-0.11052984012053045,-0.01693212197414991,1.617096938995033,0.011570063943036005,1.8299342058143417,1.1224237346850414,forward_head
23.22,-0.3199324337650104,-0.15802938930401397,-0.0425601088711443,1.6540922118803179,0.007470074273197739,1.893159714675342,1.1953438067346043,forward_head
23.24,-0.310537951478063,-0.13301438926585307,-0.013220578378354532,1.6168566172787355,0.0365923181100799,1.88188071989816,1.1240688081045427,forward_head
23.26,-0.32950494580213074,-0.08906556765468786,-0.02291821704004712,1.5254711359740858,0.025511920983665618,1.8187012683041908,1.2111232128594929,forward_head
23.28,-0.3310382651940988,-0.11355394383871202,-0.0014922408288673425,1.7104209132907993,0.023462741428001917,1.8565124220324325,1.0750760115249673,forward_head
23.3,-0.30122290373128385,-0.11836453334440532,-0.015049304669505941,1.7072272164108186,0.02775754870018558,1.8895890533614594,1.1101878341203775,forward_head
23.32,-0.3178608718509656,-0.1254496334565227,-0.009616198412425388,1.6306564876155871,0.023828225935288112,1.7918929191887252,1.0955204556468479,forward_head
23.34,-0.35448661498310025,-0.10189724378941814,-0.0282525100511224,1.621301619054806,0.0166926748360619,1.8213350490254245,1.1496990407149816,forward_head
23.36,-0.2759472823552215,-0.10180922260299118,-0.041316084710973804,1.728979289597344,0.0372860090207054,1.8471645743203324,1.0802922580761423,forward_head
23.38,-0.28232088712094394,-0.1144658826201737,-0.021416451058317444,1.5293960634273285,0.04542137927863483,1.7495982803219894,1.2006895247938476,forward_head
23.4,-0.32989944269458915,-0.09238412457757128,0.0022287971521995054,1.6953624091909645,0.039431913438224955,1.7390652475492125,1.2009649646447842,forward_head
23.42,-0.3262875810709598,-0.1419521426379419,-0.019259822281273757,1.472955177268972,0.02607530576506365,1.8281414716625455,1.17059815199848,forward_head
23.44,-0.34725966418516796,-0.09635916863298251,-0.027639864655035994,1.609922389194125,0.036652539880957145,1.8139450737417915,1.160800653017843,forward_head
23.46,-0.3157035016174796,-0.09932725405690637,-0.023721018769150483,1.6994198743961597,0.022038605228953304,1.9109688175121191,1.2391868531598365,forward_head
23.48,-0.31538822264479366,-0.11626992690384277,-0.03945719102673098,1.625106094193848,0.03190073037155301,1.8425536035043775,1.2034025647614817,forward_head
23.5,-0.3102738925827709,-0.11525909228423262,-0.029316575376089688,1.6378171637259393,0.044289335243207884,1.8204292674362035,1.1352077473035571,forward_head
23.52,-0.3392730239668973,-0.10757535117281815,-0.055076071244769514,1.6593255053337552,0.034896833587150615,1.8771496235495255,1.1159999290709581,forward_head
23.54,-0.376324794697361,-0.13545843601059046,-0.0075267024408031315,1.5020746973932582,0.024886429603362074,1.7631026730621293,1.1514541727488314,forward_head
23.56,-0.32208370646656725,-0.12321087484185111,-0.024745989705708543,1.6406885909487234,0.0427975746024884,1.9023504686284178,1.1343422036717434,forward_head
23.58,-0.3336506302140053,-0.08283201497068318,-0.01853272802014485,1.6805104490165805,0.029022648339792623,1.7813556236823502,1.160974242029593,forward_head
23.6,-0.35497039386467244,-0.11991324906886697,-0.0024652352636645525,1.6495649150089033,0.040627284157241046,1.7497542944250555,1.1788279619949347,forward_head
23.62,-0.29790625500482953,-0.12865321334806426,-0.025075074028348986,1.5873972718428986,0.028786086805988976,1.7852294975473242,1.1451931371189217,forward_head
23.64,-0.31722913147735116,-0.125891662875995,-0.0010358296793018108,1.4903651071673814,0.03225989358921164,1.9687561040481791,1.131901445306931,forward_head
23.66,-0.3291470605744136,-0.11996736804530597,-0.022021745010678506,1.6020391133567455,0.025028522843556493,1.7881486372741804,1.1825931259636957,forward_head
23.68,-0.3093487131035213,-0.10909894140397228,-0.016831501401963735,1.557085836047904,0.04558129437600594,1.883434308490024,1.0996828334450022,forward_head
23.7,-0.33006271996066444,-0.10079854694947847,-0.022373102951265024,1.5129249558209785,0.02932450322024083,1.8690594788306516,1.2117364759168936,forward_head
23.72,-0.29813880445470164,-0.10143174636853897,-0.023825389312421816,1.6093381743449924,0.01499551818341839,1.915046936896065,1.200803342233967,forward_head
23.74,-0.3465633086031473,-0.11866497524228084,0.007896809378347351,1.5824270357418426,0.026854231401116237,1.8603175380541086,1.0809702943876225,forward_head
23.76,-0.2825186629199032,-0.0919712577342293,0.0026333312382886384,1.5775507181670956,0.040025752259676736,1.8817288319001197,1.2408014355784713,forward_head
23.78,-0.2991515648015136,-0.10068171600847119,-0.012770959737323092,1.653565060306611,0.03952467072570656,1.828263373062642,1.123948199169301,forward_head
23.8,-0.32472060801943115,-0.12145469486666158,-0.011229458184226607,1.6122102620173264,0.023917864754403058,1.9221509059873836,1.1293866726088329,forward_head
23.82,-0.357523461923226,-0.1010361085892906,-0.009915624387299432,1.6960899508339724,0.016889001367425754,1.962917641840191,1.0148438572019034,forward_head
23.84,-0.31162839899830747,-0.08779820729891324,-0.02470221357141208,1.5421545538310908,0.035814268671480486,1.9003236492767388,1.1384399777396743,forward_head
23.86,-0.30174443781280647,-0.10229979815835863,-0.03451846638128423,1.6347036557175554,0.04104432290205404,1.822064250769879,1.1963523508979057,forward_head
23.88,-0.3247660072671869,-0.11794403914151676,-0.016723651726853028,1.5871988214752257,0.025702611920573628,1.7349229373372046,1.1004907643594226,forward_head
23.9,-0.29878543663390134,-0.0694253662095559,-0.0070129377432872194,1.6134037393901712,0.03183253492824963,1.8371906082237761,1.075244571745464,forward_head
23.92,-0.2956063836268228,-0.08116089590737903,-0.03565923946952669,1.4890718514377492,0.029860795834606674,1.7363299719674807,1.2213773113339441,forward_head
23.94,-0.3226800007152812,-0.0860930289966351,-0.03455628933523574,1.6441189481759317,0.03607204007287356,1.8891716408633052,1.1056326984368432,forward_head
23.96,-0.28086070351674036,-0.14774180424555852,-0.012023880637039916,1.4962206692604358,0.018231309719286968,1.8799518711670913,1.1265683314985164,forward_head
23.98,-0.30778426877129855,-0.13226421310643155,-0.005298529715174363,1.4568027884841737,0.02726674123187899,1.841505985827368,1.088048827411571,forward_head
24.0,-0.35712392789197017,-0.1371769232480322,-0.02857259128742004,1.6270672092583403,0.05533067499056822,1.8132458596301133,1.1558838489921055,forward_head
24.02,-0.3205406264472009,-0.1337867026148177,-0.023130707427826764,1.4224307981029496,0.03452951934755987,1.7879399032006185,1.13758231412901,forward_head
24.04,-0.3342390111725497,-0.12937647438164182,-0.013077381381371513,1.540206631341858,0.024254435494082485,1.8688472930452305,1.147951873851667,forward_head
24.06,-0.32153352031317517,-0.11841200711989185,-0.03324536465090442,1.5820597753695138,0.02852618116785633,1.8206706252252025,1.088359151427176,forward_head
24.08,-0.26903007860603223,-0.1264303466115285,-0.02127501998119086,1.5157299599578895,0.016984594623927006,1.8942480240576016,1.1743749954041554,forward_head
24.1,-0.31048046650738004,-0.1239922660898055,-0.019207561793788915,1.534302209136729,0.02993428199731475,1.7899397329348603,1.1473150144959028,forward_head
24.12,-0.3332017585468913,-0.1271233245178397,-0.009053902225669331,1.642606657049709,0.028724334157694913,1.8704219088403637,1.14935091164942,forward_head
24.14,-0.31941867588417017,-0.12312161365350115,-0.019923206810395718,1.5375199934179034,0.0032461607208182156,1.866745541156166,1.1238633065898238,forward_head
24.16,-0.3117024368811489,-0.11223225006767132,-0.023711366219681423,1.4767581944480743,0.04686411213189631,1.8895302217807621,1.161374547137709,forward_head
24.18,-0.35067899057599716,-0.10310952446754812,0.009197596750016046,1.5849319560296382,0.018823303735649697,1.9266535347596938,1.0880969391988156,forward_head
24.2,-0.27888832413926085,-0.1433679551196164,-0.01513482119528184,1.591520527515128,0.022468753951099443,1.8281758098351475,1.1732787282588442,forward_head
24.22,-0.3096382070034786,-0.11983306987327058,-0.017758694172302372,1.5903571859047703,0.016566816142997792,1.9310294548985447,1.1630570607720905,forward_head
24.24,-0.3299899318787047,-0.0919736566542831,-0.016830280423354767,1.5697211126834074,0.043547465861891364,1.868625067215979,1.158236387316199,forward_head
24.26,-0.29299635746711644,-0.08860631099703781,-0.04829420979851895,1.6162088228105074,0.02159870349939616,1.9067648201042093,1.151617591753992,forward_head
24.28,-0.30318066908592795,-0.10298563224630862,-0.016645300399141177,1.5050398614974878,0.04479923931030358,1.8242708993523318,1.202990506329066,forward_head
24.3,-0.3153318643132528,-0.12946346021960062,-0.023371020902184327,1.4828552223712337,0.02827382969766548,1.8419883802638997,0.9699813977886608,forward_head
24.32,-0.32332310795812996,-0.11848662899801449,0.0021945613326369824,1.4246274582864173,0.02056276642041466,1.7486731615695437,1.1751551429653158,forward_head
24.34,-0.28001941240671624,-0.10631147236848773,-0.02948248594532881,1.6999140814563367,0.04824681357958524,1.7342945171396125,1.1161552285673284,forward_head
24.36,-0.3027324730331398,-0.11834411390338563,-0.012574919313626552,1.6191849213876002,0.014854562606655486,1.9254175960648567,1.0812330154637908,forward_head
24.38,-0.3241706015223463,-0.12818444492133907,-0.031114164104281212,1.6137902637779256,0.021734116595109626,1.8691801864434965,1.1736455868748261,forward_head
24.4,-0.3191466825045864,-0.16006663753258846,-0.023444415504000855,1.537289936732254,0.019855761696665995,1.8149741486551794,1.0999200647444416,forward_head
24.42,-0.32086382108655626,-0.12479960376232348,-0.04074838757436045,1.6141798304551842,0.02703608568686532,1.8857773503925894,1.1634300437355996,forward_head
24.44,-0.3354025919053639,-0.14734971309554007,-0.004203301766465697,1.6720753403693998,0.024607432444312696,1.8931179452557365,1.1092262301933684,forward_head
24.46,-0.287553962171558,-0.09142530386515076,-0.0031539627910945494,1.663904497214536,0.039216328449425464,1.7543348657225244,1.1596762994216254,forward_head
24.48,-0.30678923607338604,-0.1286447223257192,-0.01821601460816668,1.4788046269734445,0.04250270626229494,1.8445008062147459,1.2553749276228525,forward_head
24.5,-0.29763749396266587,-0.1346385961315806,-0.032097806549502464,1.6350927689076526,0.018800687072482246,1.869310279375217,1.2500803867436676,forward_head
24.52,-0.28273276069807707,-0.1000091369013334,-0.018411773419329223,1.4906336303638505,0.02355636706973666,1.8422977943262293,1.1446330748295082,forward_head
24.54,-0.2890227890195187,-0.14977361529258074,-0.014618614797021149,1.6874245974330662,0.015540795034073771,1.846278976997098,1.0787825107294442,forward_head
24.56,-0.29424449697680893,-0.11588654278212246,-0.040369451815460866,1.665695088792571,0.027180492218865846,1.7561240217301117,1.1235666915991092,forward_head
24.58,-0.3237497743671137,-0.10643010135801634,-0.035433051384610656,1.5869999212168584,0.030008188173158735,1.802143038857897,1.0862070873124212,forward_head
24.6,-0.3234523304612663,-0.08801471923862664,-0.03352793482028218,1.5823123699087809,0.05433759285150522,1.8987801917284988,1.1625971149911654,forward_head
24.62,-0.3149917667304902,-0.1472553650468957,-0.004393020993130528,1.71160981867666,0.039637472355613816,1.7789189010505675,1.1664520072944677,forward_head
24.64,-0.30701029284516484,-0.12598910144858394,-0.05568324019068966,1.6455483238535307,0.03373062775737973,1.8745970505962124,1.059174190776151,forward_head
24.66,-0.3483474168116952,-0.13016425511765764,-0.008456980796141659,1.648078127847435,0.036715235407481076,1.798574638750995,1.1736969046789767,forward_head
24.68,-0.2898134796003533,-0.09348767956476232,-0.0008168029303068698,1.5281407654651387,0.03703016454039142,1.8646598582385612,1.1593684769858315,forward_head
24.7,-0.3002036746382161,-0.13144373766777176,-0.017194961317066017,1.4627464874457854,0.008888285271967854,1.7771010005124985,1.1507433667201692,forward_head
24.72,-0.29926015050774635,-0.12737232565821466,-0.006643061736217335,1.5394975649505047,0.03223180667001212,1.8470132345536043,1.1626851213973237,forward_head
24.74,-0.37045286884149536,-0.10019400881868255,-0.02464729233607139,1.6875235159910686,0.02486335145852637,1.8027304940024975,1.039395587434343,forward_head
24.76,-0.339522279004636,-0.12572153279028941,-0.0048946526496679915,1.517181666545436,0.0390112848732493,1.901317149642892,1.1903025226261235,forward_head
24.78,-0.31719102258360615,-0.11393285963077845,-0.0062346218047239586,1.5779204627302352,0.0230190802001057,1.7714239805910552,1.1100244668197488,forward_head
24.8,-0.35770478936358285,-0.10244941325313903,-0.011095869685294652,1.5529015637912762,0.016927308347631047,1.908437712154305,1.0582112853487833,forward_head
24.82,-0.31966777002386826,-0.12394261308582245,-0.051181553387043055,1.5142716708800783,0.01391182339032708,1.8358361241743002,1.1730739412403064,forward_head
24.84,-0.3373449481391374,-0.09806330698154693,-0.02532934647967819,1.5359574620085452,0.035313147388170166,1.79456334627976,1.1899810428009663,forward_head
24.86,-0.31300797794827273,-0.09062331343087122,-0.035563384779898906,1.5538460368594103,0.04752451387249653,1.662026052600469,1.1691668155494568,forward_head
24.88,-0.3347349592707354,-0.07101157571837935,-0.017569515611605666,1.5303857954123068,0.027585338423280325,1.8955192319990644,1.1692425476738286,forward_head
24.9,-0.2716935887730601,-0.12523684752328176,-0.02881666612600621,1.6071531650759423,0.026485650928326117,1.9598695650936795,1.1957655289108335,forward_head
24.92,-0.3298233935083006,-0.13137979659576463,-0.031092909998057187,1.4219462821503757,0.0320642206710344,1.9438069558380988,1.2241812873217062,forward_head
24.94,-0.3367151880012043,-0.10033027940987056,-0.03451298198966331,1.5874905074598846,0.0479278669068376,1.7814250689036428,1.1646847986474886,forward_head
24.96,-0.31941684149538374,-0.1213083009277257,-0.006633073995814575,1.6009149613036087,0.026176555031055513,1.9159128777434604,1.1175470431559893,forward_head
24.98,-0.3389204267550934,-0.11874675478955767,-0.011372673469714637,1.534942009018947,0.03859775301944276,1.8153124209799196,1.2351156429958237,forward_head
25.0,-0.341771483534653,-0.09334939176455019,-0.04800352417855107,1.6726535877366175,0.028048563165368873,1.8376786391340176,1.1711726239596068,forward_head
25.02,-0.36065413996606954,-0.10702495158171554,-0.02864576392327308,1.6791500529133554,0.026527191163956382,1.8970943548299082,1.1838519328933836,forward_head
25.04,-0.3252949415026941,-0.13586069192730182,-0.02063560841043909,1.596147830805186,0.03170436878704502,1.8141976828715924,1.1041614618812028,forward_head
25.06,-0.2984923907044738,-0.12253564170715361,-0.004492013971734907,1.5710872336183495,0.02408032730307142,1.8879524529199252,1.1579765737327978,forward_head
25.08,-0.35620895972081146,-0.09217281338205424,-0.006832114626749701,1.7054874300269276,0.041589586752503335,1.8155532287924594,1.1669998702913569,forward_head
25.1,-0.33410899027213997,-0.11732900553323805,-0.04097310681707056,1.461251639982007,0.03397891267952107,1.8371657818160485,1.2055767058589881,forward_head
25.12,-0.38142955689980784,-0.15125993315031294,-0.012199517980268311,1.5298781741409666,0.030385902077964492,1.8174991058211432,1.1094996922541887,forward_head
25.14,-0.29039602435694095,-0.0745511062149037,-0.022316104091144196,1.6129820947330848,0.014690368899042102,1.8930058453770748,1.1173441384593419,forward_head
25.16,-0.3534423869035435,-0.11410138201653892,-0.03916376301616073,1.717590926422438,0.03109700715082003,1.8189709212233014,1.1147573058984956,forward_head
25.18,-0.31328672317860723,-0.09520931929520578,-0.005696623190658655,1.5670803447960022,0.02609996047318962,1.8111285885266974,1.0934486559224308,forward_head
25.2,-0.298612243912011,-0.12094472690109712,-0.0036333760807466483,1.6139482301813246,0.02578790180212695,1.7313267840797255,1.2411250033581556,forward_head
25.22,-0.29764090966665985,-0.13169586900510535,-0.020805252396998698,1.6016674565284734,0.048218932256145014,1.7755966965804388,1.1730611932856931,forward_head
25.24,-0.284863030501267,-0.09710470698998326,-0.01275101274279203,1.573329112641192,0.021084663014915378,1.903443440751613,1.1225827342886265,forward_head
25.26,-0.34216278035909714,-0.12018976109850078,-0.017085423323157517,1.59021307780939,0.01837621001537048,1.820505380546896,1.2213973309563122,forward_head
25.28,-0.31883748448457017,-0.09982279132178815,-0.013359851633910456,1.4972237586760326,0.04652054186719738,1.8913125414992573,1.1665332162583797,forward_head
25.3,-0.32376157199039685,-0.11228906424757804,-0.02475942520008788,1.5003831506387553,0.022969187299309624,1.826359079342397,1.1703271289793593,forward_head
25.32,-0.39353009266541294,-0.14225288851629378,-0.006658139573206505,1.591963459341587,0.018333608262214432,1.862926285979686,1.1016925721703719,forward_head
25.34,-0.3207739709785668,-0.11349221910619975,-0.00704660198939129,1.6532900840549676,0.024473502686534414,1.7832460501222438,1.1830578268437593,forward_head
25.36,-0.36367182528542,-0.11597259273723372,-0.029302093187954358,1.6541804969409037,0.04163311225687924,1.859172293360812,1.2016689472427686,forward_head
25.38,-0.36060520077376107,-0.13104787786501093,-0.019004995817964183,1.4019819483189027,0.03324693574183078,1.86492648357689,1.1996269172946483,forward_head
25.4,-0.37105990324913973,-0.13507660544552258,-0.016725900756128082,1.51671256179681,0.02836362387374695,1.838632463582629,1.143432779142964,forward_head
25.42,-0.2980182916995823,-0.11407166337112559,-0.018134875376342043,1.509167917921802,0.015101251681393304,1.85302922966919,1.1656577517415827,forward_head
25.44,-0.3042003061378894,-0.11565957412630819,-0.03734752331802156,1.5827645736616118,0.0285269377505502,1.8571220836927234,1.0355357069213649,forward_head
25.46,-0.3246217342671947,-0.13420635973338058,-0.016477310052882194,1.4654247803408227,0.03487455815942831,1.8718028814343515,1.2136256352784491,forward_head
25.48,-0.2861377783797868,-0.09948657438614698,-0.012886014292753118,1.6202558721004043,0.024690024021444185,1.893811505015161,1.153867448641261,forward_head
25.5,-0.2860819029089367,-0.13601965458440496,-0.03150550985575038,1.5628924591036564,0.030700920367519553,1.8637769570244693,1.0986914832544863,forward_head
25.52,-0.3005687411293441,-0.0961294963154405,-0.010148071627315956,1.5290447872363961,0.04037761469916755,1.874893727921104,1.2222725341247032,forward_head
25.54,-0.2734446423041351,-0.09249913384687886,-0.012233933099023488,1.5938961680833912,0.023105937540747478,1.9019929292138698,1.1560914018317545,forward_head
25.56,-0.30687606224396785,-0.11180417335173166,0.0019734937259476204,1.8341619266990765,0.025191287462777438,1.8179178836450784,1.1489986572653483,forward_head
25.58,-0.34146061361283986,-0.15086342925186874,-0.046478178335199356,1.7029323787519106,0.019517316432636742,1.796278871553017,1.1990032151100074,forward_head
25.6,-0.2689834239987143,-0.11896809261121033,-0.04092741890646543,1.5681694539993958,0.02978819079739659,1.847793123519721,1.1964074108879004,forward_head
25.62,-0.31691797174015607,-0.09465640674649485,-0.005283473775299646,1.5181722331349174,0.02801257607322395,1.8298526116043414,1.1671599952180538,forward_head
25.64,-0.3405003694328463,-0.1605861745163133,-0.03231917867583434,1.6504334672752579,0.008437524500046537,1.8153988219409576,1.2174110853449343,forward_head
25.66,-0.3147699751133016,-0.09115964755351078,-0.03758503732368354,1.6051207043052782,0.03294395639707884,1.8959376397423795,1.1722877292317404,forward_head
25.68,-0.31609151050991974,-0.10293327357498605,0.007868621288172582,1.6635489598949629,0.036000279472467825,1.786329608914202,1.1055103113197142,forward_head
25.7,-0.3094341318097423,-0.10474931813552112,-0.023334864524084405,1.6138839812394588,0.01924993269663538,1.8303948384808404,1.2080111262364857,forward_head
25.72,-0.2868954540080275,-0.1271228113955273,-0.03178051062882491,1.6526572139983844,0.0333409393141879,1.7685548856271371,1.1244919924277186,forward_head
25.74,-0.27881243380860427,-0.10361559515098222,-0.038311648080368445,1.5206340922482535,0.034883232518537456,1.8616856943404139,1.1281446880012183,forward_head
25.76,-0.3143258252591137,-0.10553264021359345,-0.02536297589353442,1.552772448420633,0.04126389231937687,1.9153299121602225,1.1691827409756492,forward_head
25.78,-0.3549732986143769,-0.1117592071684132,-0.012145871037038057,1.5984743518807405,0.0387726692775777,1.8349563603030623,1.1456588264818028,forward_head
25.8,-0.32390042052257484,-0.08680386499071933,-0.032160880996546876,1.4484468968474762,0.018092115422329656,1.7941853369843623,1.0217953693063007,forward_head
25.82,-0.3013366750588063,-0.10960497669063189,0.00803158131236555,1.5718164701561077,0.02957758474407582,1.9338106501452668,1.1512778100916623,forward_head
25.84,-0.3268919537890099,-0.10411022284764364,-0.027607746373535164,1.5820700568651258,0.03144956041300432,1.8701606862670301,1.0599218822316603,forward_head
25.86,-0.3208164200652613,-0.13669088364912813,-0.02351112711642125,1.681428963712898,0.04261572335619111,1.8394398960266134,1.1236221389503065,forward_head
25.88,-0.35196138182656483,-0.10267262600493057,-0.03606608050333742,1.5888282210717781,0.014813413152753306,1.7918382563793807,1.1136353111585016,forward_head
25.9,-0.3084552295804473,-0.1364636328628268,-0.014041916877536293,1.623441808340915,0.02662538253440806,1.8952465143685093,1.200743801585318,forward_head
25.92,-0.329010348443899,-0.1303768194382771,-0.020597276779627742,1.5282060493360308,0.033239093742488734,1.8732493113019761,1.1467054646300225,forward_head
25.94,-0.3062725183382895,-0.10643358004161677,-0.013320457962976947,1.5198290540242396,0.02122478946393783,1.8336157471221228,1.0889753667469886,forward_head
25.96,-0.3092027793940122,-0.09973981085501776,-0.0036420654843071962,1.612579940411235,0.01431045584483899,1.800148907769312,1.1672053473067572,forward_head
25.98,-0.3396664122574521,-0.11166818621807854,-0.022260294334642702,1.5517912799757845,0.03595712053689313,1.8123360948967748,1.0628076034499603,forward_head
26.0,-0.3337006604542544,-0.1426588535837103,-0.03082553190943659,1.6306719909311906,0.02901279413906276,1.8909424017439784,1.117660311475737,forward_head
26.02,-0.31527711031980515,-0.10103392387128933,-0.010787916344512743,1.6699915928166278,0.02138629304794741,1.8506430429532768,1.1440455867469097,forward_head
26.04,-0.3589009809407304,-0.13539783072376882,-0.022257044255408167,1.4273347894066104,0.039789194631447006,1.8008937923540396,1.0731214921717833,forward_head
26.06,-0.31684021975864335,-0.11394852141300013,-0.01696970496953564,1.571524396968642,0.03086661898336135,1.7994315347014112,1.2965931362834746,forward_head
26.08,-0.3389067677248142,-0.14372491934200055,-0.023161113310372416,1.6315751484931065,0.03031161930049559,1.738566137228871,1.1732190538812832,forward_head
26.1,-0.29609924047199593,-0.10946663881594991,-0.023761280436477968,1.5943950893397383,0.033124531663702064,1.8937643065902414,1.2199363284774953,forward_head
26.12,-0.35543451349433997,-0.15858108278699493,-0.024618735976972186,1.590458091888132,0.025249652802183938,1.8979941541306542,1.1542679443249841,forward_head
26.14,-0.34887189198879714,-0.12693327665278567,-0.016843679535634534,1.7142476402061175,0.037497804773583776,1.9104979652656426,1.2300706542437005,forward_head
26.16,-0.29188264809674064,-0.08291234994801344,-0.056971856004810945,1.6883833711049105,0.0422599683208769,1.8882184046178279,1.2154591591234756,forward_head
26.18,-0.29133722631605274,-0.11674541371142473,-0.010647500756342751,1.6290901292280349,0.040497703790110806,1.7420049788676415,1.1454311711362888,forward_head
26.2,-0.31564916639865126,-0.1455464705604402,-0.029222995911557557,1.5698046773903218,0.04908075195056941,1.877353693251589,1.1822099469350562,forward_head
26.22,-0.35813264697265346,-0.1202673057530372,-0.03280379701166092,1.6925693115719773,0.03251456607366839,1.8806607960497246,1.209790925999411,forward_head
26.24,-0.30094280471584667,-0.10195985993697969,-0.002317026796177031,1.5764369707816948,0.03100869817628568,1.8084512518857343,1.1874471417018304,forward_head
26.26,-0.28326740828919533,-0.08777646039046917,-0.03566756838691993,1.5838095242216985,0.03290845740860914,1.8364058523377231,1.1106439046349543,forward_head
26.28,-0.3262690145938638,-0.09268574319805994,-0.025524428877099086,1.5718069534452341,0.00957255670455696,1.8145741978602348,1.148006119598713,forward_head
26.3,-0.31845489564656354,-0.0957054008831652,-0.036260045178000244,1.6199151459183867,0.022461959044756674,1.7818456591160796,1.2064053798764593,forward_head
26.32,-0.3200207506656721,-0.09888842220489846,-0.02448758318084263,1.5606789254911309,0.012113746511751153,1.8867113282723351,1.1669741244000205,forward_head
26.34,-0.3645347568275219,-0.14200616622978635,-0.018760957498351,1.5878636123231187,0.03711580470647487,1.887421316883963,1.0885546857474655,forward_head
26.36,-0.3538248476510737,-0.14033250647421716,-0.039540047152611446,1.6666449124753409,0.017690967176469022,1.871371891246088,1.0521543802108997,forward_head
26.38,-0.3262829694210406,-0.09096291892357661,-0.005790253131763166,1.5685050880690206,0.03327923789971079,1.8383587386930726,1.1107428736316087,forward_head
26.4,-0.3344065879493402,-0.11665340651036152,-0.03525035547351763,1.5811154614456702,0.01992738922120387,1.861031251743982,1.1956005907246954,forward_head
26.42,-0.3387738527522091,-0.11881548730948621,-0.05406904406248051,1.7418172137053727,0.018737766785877966,1.7422621554185624,1.054421287779212,forward_head
26.44,-0.28873839366111353,-0.12377759310352324,-0.006136534347621977,1.659039545231298,0.04279917035356058,1.8747302701233686,1.0819428882831645,forward_head
26.46,-0.31619423533108354,-0.12264099741269431,-0.026591456153563068,1.4993530581677221,0.026534504056219425,1.8425529748545366,1.160015654475519,forward_head
26.48,-0.3169573770098874,-0.14304133085746057,-0.03468768899950587,1.6976084457062384,0.03910066081149717,1.8262034952645911,1.15715991933452,forward_head
26.5,-0.3053988997078823,-0.10154268913554831,-0.023496707368472806,1.568474850923755,0.019994651408646716,1.7923205568165885,1.0962896841188612,forward_head
26.52,-0.3007414752044808,-0.11128085276764481,-0.019239076039502437,1.605507002344105,0.03823013990846322,1.822169078257315,1.125675080966309,forward_head
26.54,-0.3495280927699729,-0.11225263429301607,-0.01621788401009662,1.7326351041772252,0.019304217288512136,1.8136374198267997,1.197488992654786,forward_head
26.56,-0.3371352292280687,-0.1425772788143737,-0.026345809152008848,1.619319230234648,0.03126057192729001,1.897639820449176,1.1520798659007714,forward_head
26.58,-0.3283542662250947,-0.12102677430031722,-0.04890854758863853,1.5740440584932212,0.036864123344564036,1.8599777254882628,1.2192246802491973,forward_head
26.6,-0.32730146414388567,-0.1367156459801808,-0.033649181784072106,1.6777294623592232,0.018860176855989966,1.883246895526079,1.0857815331454423,forward_head
26.62,-0.3489902423680715,-0.12606876732699357,-0.009292021422400902,1.562776407872742,0.02801589222213449,1.8402068397543694,1.15990935525514,forward_head
26.64,-0.29670707872031005,-0.10753179872184224,-0.01517925040154454,1.5935623769133853,0.05375397847965242,1.8308099919133949,1.123532715652883,forward_head
26.66,-0.3534515426982355,-0.08312065448295217,-0.016177901747290613,1.4155436242891601,0.027390047086338822,1.9262951940311992,1.1018079740972644,forward_head
26.68,-0.313883325964186,-0.13399506892223217,-0.016945243729308102,1.5830974592155451,0.018353743876003362,1.8823787319986824,1.0498399574443094,forward_head
26.7,-0.29783110188165346,-0.09194009175940061,-0.04084167519885657,1.7479297683132469,0.04161860573347875,1.813065486495597,1.1994254138095721,forward_head
26.72,-0.3275344620004209,-0.12947389744300106,-0.024909108775119697,1.5545616615848856,0.03474265633677489,1.7458023627841075,1.2096471903814723,forward_head
26.74,-0.3166307125565134,-0.13788115679306429,-0.02231315699402963,1.522163450182056,0.04791635383055576,1.9302110388509082,1.2103786772867782,forward_head
26.76,-0.3153273793972123,-0.10181347908209075,-0.027878475626455086,1.5955948239748277,0.050255701847644635,1.790182459489896,1.1394046368726798,forward_head
26.78,-0.2909204311754665,-0.09053870346961408,0.0031588632596513773,1.6706994477885797,0.024124427517228826,1.9150370629761568,1.1287638989388,forward_head
26.8,-0.3526188533867935,-0.10537630894672137,-0.019407038844539152,1.6544188749376025,0.032725720010107436,1.9158574607240408,1.1312685780939256,forward_head
26.82,-0.3579628099619425,-0.10261074880212534,-0.02483252591455252,1.586180114845983,0.0342505013968807,1.8707824889584712,1.1686996095771902,forward_head
26.84,-0.3328655250019326,-0.09064769129518492,-0.03366150114201169,1.6422635478088987,0.026008096947582,1.8273167267738828,1.0879744508875961,forward_head
26.86,-0.34853764998636777,-0.12209057451087954,-0.008664633325138707,1.535542513525458,0.05521188122433836,1.9193132212134343,1.098214192216565,forward_head
26.88,-0.32445393906200337,-0.11002120157395259,-0.03690196062200555,1.612421803462755,0.04335421397925405,1.9388640019400185,1.1829998396224952,forward_head
26.9,-0.3029894550181872,-0.11818340451139944,-0.01853669580836239,1.4438358643887692,0.030218034184919074,1.8951580492061308,1.1515580129863674,forward_head
26.92,-0.34432409113948653,-0.11081017822707445,-0.02844366563441109,1.5205460239109732,0.028532825305542724,1.8743448947963632,1.1330256348472878,forward_head
26.94,-0.30434838310170914,-0.11969477652904283,-0.0225396472204266,1.5520816539180982,0.027426689574102193,1.8353628871245105,1.2357810567685366,forward_head
26.96,-0.35513904263777785,-0.12450326982012558,-0.042839451816061344,1.5232698482000373,0.01666495663049925,1.8116631288904197,1.1486350054950776,forward_head
26.98,-0.2777391618556357,-0.12152140095412094,-0.005487013622729414,1.6313286104363653,0.02725225057185091,1.8589755164288695,1.136184736922966,forward_head
27.0,-0.33142067031054157,-0.1235789290122485,-0.003005632686682949,1.6192857855528686,0.0366590912204227,1.8072129772791101,1.155531365296718,forward_head
27.02,-0.30564870603333194,-0.11477414144813465,-0.012088964081315523,1.4287163488933143,0.03194132165280041,1.9468448995727403,1.1631800162232975,forward_head
27.04,-0.3155781141359303,-0.12248818261890614,0.005234157688360226,1.697254390904453,0.03720310203675871,1.869125147617661,1.1766960696761262,forward_head
27.06,-0.3251283580210136,-0.113508461032841,-0.014915706158183679,1.7548400019692534,0.03065177819201002,1.77104755202326,1.0762769819565359,forward_head
27.08,-0.321837635900267,-0.1098757805956907,-0.024538140349062935,1.647507502588244,0.04682720918678132,1.8261487134835521,1.155711423674491,forward_head
27.1,-0.310563160622264,-0.11795530331068814,-0.0025537670973438294,1.6905199399723068,0.03947875200727398,1.947199679935748,1.1354422012529157,forward_head
27.12,-0.32018725762905753,-0.09929246199048901,-0.012688301159024456,1.538602691660583,0.025813270633664318,1.8062263739923436,1.1444468345304613,forward_head
27.14,-0.29089850428749164,-0.115974423641886,-0.032801751600759814,1.63882803090037,0.01726212215437748,1.8100092278757518,1.1546536913737324,forward_head
27.16,-0.3484925707817675,-0.0866683755551723,-0.0003114327244639239,1.5698177924885763,0.015246009524516853,1.9507068836134192,1.247324380846667,forward_head
27.18,-0.31938267140505716,-0.0682097565968901,-0.017051399224493925,1.5891566875369296,0.014718341601941297,1.8266303517560682,1.1952121229485453,forward_head
27.2,-0.32588070681715386,-0.13304420648930307,0.00502282202343711,1.6532842314388831,0.03523238739436997,1.9167087826431293,1.1926937049604245,forward_head
27.22,-0.35007982110155816,-0.10782038940873008,-0.01669475321399679,1.5581546373061168,0.03600200370609102,1.9149574417813984,1.0520718562047664,forward_head
27.24,-0.3167897553307281,-0.10899544028008021,-0.015373254166884379,1.6288763413856029,0.02945592728731313,1.7677014859803064,1.1391320785239327,forward_head
27.26,-0.31854762422041805,-0.11158482659494905,-0.027051503677254677,1.6556587464708707,0.030605527662470603,1.9385732359068464,1.1909886904240934,forward_head
27.28,-0.33314946580191573,-0.12020180966158985,-0.03794984723413939,1.5595001932171837,0.024823040068640466,1.811913900948078,1.1208992450902353,forward_head
27.3,-0.2945291642939811,-0.09942756146674023,0.006295996092493743,1.5661277317466933,0.030519584121364574,1.7821028603068745,1.225792435663607,forward_head
27.32,-0.30140730819186323,-0.10644632719752069,-0.022085538524382015,1.526127493825189,0.01951824981561895,1.828520018521434,1.111730710327978,forward_head
27.34,-0.35814646333007866,-0.11164275514773032,0.002375860848005291,1.5595959981503322,0.037520426755437715,1.9656679630346419,1.130472840958154,forward_head
27.36,-0.34795178255401826,-0.09955698630332104,-0.02433296415394639,1.5000883437950554,0.03134659023382716,1.9609391581506352,1.1498685593936016,forward_head
27.38,-0.31586387114934156,-0.11231439869243215,-0.034840996618340794,1.545156205004388,0.019460116917713426,1.8526745984308337,1.2169221180319616,forward_head
27.4,-0.2961647531788276,-0.06443091575146238,-0.02202970547051455,1.5306213886820212,0.04250050611564227,1.8750889260753973,1.0724654229664543,forward_head
27.42,-0.3364896908252023,-0.12583915500446755,-0.03208615734996586,1.5537826928338905,0.03125008978240507,1.8619668617278444,1.1325248786954076,forward_head
27.44,-0.31806182221682266,-0.1408465807277902,-0.032964809156269835,1.6590450191617716,0.029778553367377836,1.924293359244227,1.2045278056162279,forward_head
27.46,-0.3523347695169426,-0.10926647144827606,-0.0243454993912523,1.6433196587893775,0.046410934514426246,1.786194231353043,1.1131986339658178,forward_head
27.48,-0.35551170697019796,-0.1101426186557853,-0.02807675660795034,1.3806895322927604,0.02414633376590758,1.816269873949036,1.1338570129054073,forward_head
27.5,-0.3236951563465418,-0.06386890242798166,-0.02559250084215977,1.7200555435795524,0.04083969683239574,1.8915570041011096,1.1659777917796461,forward_head
27.52,-0.2768525658493227,-0.12084500895246365,-0.02327698649406735,1.4724465658480228,0.04788165858030818,1.9107193395242472,1.2179198517587388,forward_head
27.54,-0.3275207030381713,-0.06503303048213448,-0.017493406130539648,1.6124743211808157,0.01895126368123793,1.8324811708570417,1.1329987877436525,forward_head
27.56,-0.2656330442524741,-0.0989164757326435,-0.016088059364966167,1.6958617317303157,0.04404860168956928,1.9024203488664577,1.2351753135067958,forward_head
27.58,-0.32524218609023015,-0.1000373071995719,-0.028715705413261353,1.5748553785822865,0.03224382565219132,1.8141525931042581,1.1475938102049525,forward_head
27.6,-0.2945340251858259,-0.1085826754201551,-0.014377140386902638,1.6712674687184768,0.03751221334649545,1.8036959986019707,1.139447662751426,forward_head
27.62,-0.31706846870881267,-0.1325759942142311,-0.02595018810817237,1.7317112895841245,0.032442673791155174,1.80866054097651,1.0192836849088844,forward_head
27.64,-0.3022855945700286,-0.09939893849553501,-0.03081127663483664,1.538211173070381,0.026019654655442592,1.878475960013783,1.12009146164541,forward_head
27.66,-0.34885069854414413,-0.09907042421760454,-0.0199994676373984,1.6190794581834098,0.04425144408797526,1.7692161316982196,1.1230947962055804,forward_head
27.68,-0.2951568928100683,-0.12148006294678759,-0.020874705634322234,1.6610676856083104,0.03914948004943784,1.890058750235503,1.1420202409822662,forward_head
27.7,-0.3154683670743637,-0.11766304543674841,-0.006999018571242706,1.6832779496432864,0.037094767023667555,1.8489105001545223,1.086596562141067,forward_head
27.72,-0.3092400772888145,-0.13374349872723584,-0.02707336819866293,1.533291378394752,0.029004737139301927,1.931653606801986,1.1214007251676952,forward_head
27.74,-0.32745580834688504,-0.1091697453015843,-0.027304224069598405,1.5593509656911009,0.021383796053868573,1.7558336199868576,1.2060026328883793,forward_head
27.76,-0.27137258684101423,-0.09387648696971218,-0.012556852835516467,1.580159103463258,0.03462640860556056,1.859240567878519,1.1417564068460893,forward_head
27.78,-0.35965581102898414,-0.12791430794944095,-0.04591011660251278,1.602217574875336,0.03489738348307997,1.8100191687454745,1.1343508939389586,forward_head
27.8,-0.2826200597254064,-0.12769307531164126,-0.03841087345189882,1.617122075220093,0.04051991634225468,1.8351402459487636,1.126545706109618,forward_head
27.82,-0.3339897096996296,-0.11025645899113717,-0.03137633881965149,1.6134919876600893,0.030067027340966442,1.8852148999893925,1.0230550710668815,forward_head
27.84,-0.28609805789782533,-0.09170322624004881,-0.017190212488832676,1.62913302153415,0.032065143569453905,1.8134594484477962,1.0447405714927873,forward_head
27.86,-0.3098119039635492,-0.11596193627065225,-0.011561679978281262,1.4646318593450245,0.021133431015306778,1.8052260497066677,1.1163636890995505,forward_head
27.88,-0.31132533364263043,-0.08460929718009369,-0.026907887848982206,1.5538834756091697,0.04069847127044444,1.8929954694210995,1.1537058232734243,forward_head
27.9,-0.33391246206923164,-0.11430655773310804,-0.021476292514088644,1.723353358710114,0.020212249255080264,1.874125883469184,1.078816801457152,forward_head
27.92,-0.36556132474946934,-0.11171800871306999,-0.009958009704111408,1.3952435204194955,0.03389826669416181,1.9372651862778256,1.2623047993779408,forward_head
27.94,-0.33931661334701374,-0.12738796538915478,-0.02017259074597543,1.6299901855496928,0.03700193682132979,1.928025726258647,1.2227388913848065,forward_head
27.96,-0.3062172225641056,-0.1173022241994521,-0.022916446185991132,1.6003175609399567,0.04672300134520008,1.9175581704676712,1.105938611949768,forward_head
27.98,-0.274070334608295,-0.057325613982916475,-0.025972984959710274,1.5004743435211385,0.016675480826635364,1.9466022701297194,1.125868466809155,forward_head
28.0,-0.33051061253287367,-0.14920968252727973,-0.03996900630278402,1.603242064936441,0.05200936647522536,1.8326460490825855,1.1192298195765313,forward_head
28.02,-0.2990835727789142,-0.13083110651531285,-0.010663620058698064,1.715444014708788,0.03558425756442905,1.9787606811687921,1.1724417317438298,forward_head
28.04,-0.3461375457888044,-0.1222387119195356,-0.017737313521688718,1.4041663662051687,0.031885044019861156,1.857058404730556,1.0608303393913487,forward_head
28.06,-0.2948695886960263,-0.11009295652656123,-0.0033142494187505572,1.4420230845310653,0.009724998331387333,1.8303800844977147,1.171354048695376,forward_head
28.08,-0.325322732576752,-0.11223831948082406,-0.01397238849677686,1.536797286000212,0.057751167520292856,1.8509153866739554,1.1641115523151007,forward_head
28.1,-0.3075684143385656,-0.1298965254842311,-0.033776668783817985,1.5339376774228155,0.033045995849955455,1.873903400548628,1.1577760155820327,forward_head
28.12,-0.3521403866721171,-0.11805624440458053,-0.002398116499188014,1.5210754755457787,0.02018576574255016,1.8062701998211836,1.1177069357823801,forward_head
28.14,-0.31271644691398176,-0.13062190916076075,0.005930146944734272,1.6447573473405557,0.027878092604667996,1.9100169961088618,1.214487663941275,forward_head
28.16,-0.3106129299518656,-0.12480899905632224,-0.0015843680308709103,1.5913045137029944,0.03125362630829883,1.8875597676530687,1.0742731639954965,forward_head
28.18,-0.3190332576978236,-0.08026781906802985,-0.023384453938193356,1.5431994607214945,0.034357449576680625,1.822174335685991,1.1591525248747425,forward_head
28.2,-0.34024746480744894,-0.09637626257674287,-0.008484610838972517,1.5665079978936294,0.03311710589822641,1.8222412554093241,1.1258267490080305,forward_head
28.22,-0.32613748211919613,-0.08870429479550122,-0.0009902279675266666,1.498708664394685,0.030614412523480548,1.7273913487564434,1.1915357697191196,forward_head
28.24,-0.33903766489647275,-0.14211425472149564,-0.02293773144944443,1.6396811675836795,0.015749707742170015,1.8393725141718107,1.1589002561737225,forward_head
28.26,-0.3271645358782173,-0.12926121040445662,-0.020578293612414634,1.4793007957382232,0.02781575200294066,1.9169323207153053,1.225843563438937,forward_head
28.28,-0.33713654856920605,-0.09668944526862677,-0.024532856273953376,1.6101323119455455,0.03683795679721842,1.8713603583314724,1.1020240450679315,forward_head
28.3,-0.33145018305615237,-0.11097320288397346,-0.042350459459775974,1.6606514558267274,0.025581926604826333,1.9254950850504642,1.1288806841831889,forward_head
28.32,-0.28641196634679833,-0.13510700643592816,-0.012897686446535772,1.4185238560510842,0.016412179499417166,1.8132951567837448,1.2336755069684944,forward_head
28.34,-0.2919025695088292,-0.1493510981817143,-0.037141324143736984,1.5976732724132425,0.04485626957477398,1.805458678835653,1.1083490817166246,forward_head
28.36,-0.296601378895197,-0.09164294689278249,-0.04272613337997012,1.5929115633147977,0.02849331403282765,1.7977339878267866,1.0376023817568623,forward_head
28.38,-0.32276607087672493,-0.14376226501031375,-0.008736596629267335,1.6232614286999607,0.01838948663101466,1.8653629360206097,1.26803375773159,forward_head
28.4,-0.3010828728719302,-0.14372261950304155,-0.03174727421498159,1.627072533057411,0.053530645923251914,1.7366123067273627,1.1932290761067295,forward_head
28.42,-0.34542770196516204,-0.12683075644411232,-0.020549185272080134,1.590550097791334,0.005675944567865465,1.86724112778664,1.1313202001178189,forward_head
28.44,-0.3090703559420776,-0.15677689564972944,-0.019715998746579394,1.7248895249051477,0.028301309886492453,1.852791351156629,1.2666943221366613,forward_head
28.46,-0.3334870060683598,-0.12319322244991981,-0.03519556425853906,1.5719879260483296,0.02533726654939242,1.8170402666552898,1.1604035964847288,forward_head
28.48,-0.29062736036889325,-0.1200723541968734,-0.02890612708148855,1.4558377653759391,0.03028425545539739,1.7901949781517068,1.1474745337514483,forward_head
28.5,-0.3119785482581983,-0.1271828118588429,-0.019805492102348027,1.7017670537456435,0.030404003437377,1.7961996667442588,1.0264961936367365,forward_head
28.52,-0.30400748426307533,-0.12859877053994095,-0.03188033899503728,1.588157662996485,0.01589999229149039,1.7617805325996785,1.1951917779439805,forward_head
28.54,-0.27836249469627755,-0.12410742813642395,-0.045053194944190855,1.6714062895487076,0.036885090660442946,1.7235354278664963,1.2311327033210022,forward_head
28.56,-0.35785146244915444,-0.10863736649400063,-0.012491521957376394,1.8121316746202982,0.028124430529859655,1.8851644488893702,1.1823361717761498,forward_head
28.58,-0.3172700229493332,-0.13586849976254767,-0.03216648248443542,1.5085196765043118,0.021456719370715787,1.8274448909341832,1.0807938822809948,forward_head
28.6,-0.3390783976811975,-0.16145981163595363,-0.012493304184000882,1.6255585545574704,0.038288862824273094,1.9457604383074616,1.0966702691469417,forward_head
28.62,-0.30793522874178975,-0.09594753927375486,-0.026009881894611956,1.5662919841323641,0.030349019906640223,1.9412105971558828,1.3224932967410687,forward_head
28.64,-0.3059074156650658,-0.09968063154872218,0.007741632669641623,1.666558912566281,0.013921464687131017,1.7778775252487626,1.186558180358835,forward_head
28.66,-0.3097515263426147,-0.13676831885451096,-0.0356286942240592,1.511131308043866,0.02698593808132948,1.9106293110950894,1.1506338412324582,forward_head
28.68,-0.3621149063363704,-0.1101247974206457,-0.025417055139159067,1.6030714555604342,0.015388362989649318,1.8389422009603231,1.0617598753776325,forward_head
28.7,-0.32786136673004423,-0.0779119665616336,0.0015525055438353735,1.6628572230607168,0.03617876196963497,1.92976695710742,1.13262360232398,forward_head
28.72,-0.2779893661989301,-0.12450207370882994,-0.008397454804798263,1.568160539431838,0.03718180085360979,1.8961367010378425,1.235565115707052,forward_head
28.74,-0.3171579438225615,-0.1331051415611345,-0.02649299487870117,1.5888020660919349,0.04592984353431322,1.6665406734599109,1.1683999542383703,forward_head
28.76,-0.2954173765358621,-0.08883107915052015,-0.025168950151920676,1.6188183817889692,0.03795460543739695,1.8341695108204055,1.0988377681579755,forward_head
28.78,-0.32308020265932835,-0.1331779519921007,-0.001924151457868823,1.6591469247888524,0.03135942994325926,1.863803656648426,1.1291607972326887,forward_head
28.8,-0.3284054886257013,-0.13253369950148722,-0.030466340788358415,1.8016674424685526,0.024905164639680663,1.837383279848619,1.1167140197283232,forward_head
28.82,-0.31564242013209215,-0.10254005941367765,-0.03733933033740908,1.5202183183902895,0.035831064997896414,1.7788200493902264,1.1906548421067937,forward_head
28.84,-0.27672148936728264,-0.13923373112114829,-0.01710323128534899,1.6287678186564607,0.01957879502037997,1.9245107390238234,1.0924262987095859,forward_head
28.86,-0.3122941066327343,-0.13014057807128718,-0.015972901664724662,1.6166364793614256,0.030066156676015168,1.7587754978664571,1.205041300201295,forward_head
28.88,-0.30863144570736495,-0.09697960064597114,-0.023723195534570866,1.5383858705030933,0.042694344804064845,1.798708734787806,1.1472410560742796,forward_head
28.9,-0.33179353004916295,-0.1262861749692766,-0.03515775094770462,1.615638382742231,0.03679139809303337,1.8988172589879597,1.1647351622593054,forward_head
28.92,-0.2843544000806578,-0.1290342962827228,-0.022824369634972756,1.6971461795654128,0.014651246104621006,1.916964192232126,1.0565530803710372,forward_head
28.94,-0.29583660356809643,-0.11415947766597731,-0.009923042549588623,1.6527669745030917,0.04647900050384347,1.8724890245491388,1.1066271800161789,forward_head
28.96,-0.3141399122607164,-0.13559314881265755,-0.02163765042128983,1.5354824309491826,0.029113718922729476,1.8981509625794168,1.1842985671859756,forward_head
28.98,-0.32982164777012385,-0.0935366104377736,-0.019826313732348118,1.5861488414041454,0.031815871302892484,1.8306058875723379,1.0231838075817214,forward_head
29.0,-0.28153419047934625,-0.12011241240243709,-0.020821462908033737,1.4776076280279455,0.0277115050478366,1.8125269045464727,1.2745481721573286,forward_head
29.02,-0.3263446961990641,-0.12756959954370825,-0.02825385350214595,1.5108810473356586,0.042843449579211074,1.873111814881082,1.2044785337807185,forward_head
29.04,-0.34479134303964376,-0.1272992914859813,-0.007786802145629024,1.6437518707434349,0.039226751468919144,1.9075159465868,1.1530924489397194,forward_head
29.06,-0.34418649197145534,-0.11193745853790006,-0.03216467882450319,1.5366310500352593,0.020409009655333904,1.7903637710799098,1.1513636975847517,forward_head
29.08,-0.3839604069245699,-0.12668429329021946,-0.019728576443142274,1.6740548774370967,0.018875326185183016,1.8017635255570377,1.049741864111479,forward_head
29.1,-0.33083254220751274,-0.09329615163267252,-0.012088171925681665,1.5917127014302928,0.03747113923555329,1.87238175730066,1.1936481128495071,forward_head
29.12,-0.3302261744194559,-0.13673647834029623,-0.027969295094315623,1.61779771789907,0.01205327309738399,1.7295462063848959,0.9799699856689578,forward_head
29.14,-0.3201767933992898,-0.14586426497617797,-0.018060418861863502,1.5473645238566414,0.026792916373547648,1.757208188517073,1.123831272302164,forward_head
29.16,-0.3196716507881868,-0.07993261984035144,-0.028441964118793177,1.8922527722771663,0.012663231482216101,1.8343610837506572,1.191541526839775,forward_head
29.18,-0.29294717340592186,-0.1231731428533899,-0.02413450921762136,1.5353396120249891,0.00994608746758088,1.936838199894592,1.0922815000400936,forward_head
29.2,-0.3110983404844225,-0.143083028483823,-0.050655828750501786,1.669717253483826,0.04051101377882796,1.8989011620309146,1.1750656622748097,forward_head
29.22,-0.3242710534493427,-0.07510993125645835,-0.02022315665556364,1.5890485076391863,0.03184911336636827,1.8605951931712943,1.155335871397658,forward_head
29.24,-0.3280874102265619,-0.11058713391273423,-0.035082666852456146,1.6273017444112576,0.011442097772212122,1.8683188245640616,1.0748400349555554,forward_head
29.26,-0.33361039384386304,-0.1153464177700162,-0.028345158578924345,1.704544983756046,0.037714440622155614,1.8865178060331884,1.04953644187239,forward_head
29.28,-0.30361524935204537,-0.12100704493907986,-0.01905440452885871,1.6919265994205868,0.03319587436722223,1.8423354338410987,1.2586274583319073,forward_head
29.3,-0.3150421385191221,-0.12036714369958307,-0.0038200440027258476,1.569121231256262,0.03735489047293753,1.7935708140400626,1.2000763145142124,forward_head
29.32,-0.34236308458101433,-0.10943301327584999,-0.016163070638233915,1.490306595685791,0.030351143259957393,1.9196477208726026,1.124138404446744,forward_head
29.34,-0.3269270925770764,-0.12398201961633573,-0.008978491848429653,1.6222781026534252,0.04476275331564172,1.966514086404864,1.0551970220496727,forward_head
29.36,-0.3307750402720359,-0.1306558541752134,-0.043401245166345415,1.445942257638388,0.022209927096734156,1.8200793299619809,1.1269879784235253,forward_head
29.38,-0.3078826492256612,-0.09746324436650211,-0.02748813511891908,1.6482037470458728,0.021648486119149636,1.9333677633816042,1.1736189369817698,forward_head
29.4,-0.31835868601389866,-0.12891185887479148,-0.028903582239970842,1.4596206347064693,0.0320688709311561,1.855761409842011,1.282706221723828,forward_head
29.42,-0.3116811209342361,-0.10654284454611591,-0.016371055558230655,1.6880952258397632,0.0404174136992267,1.784004866296729,1.1255677710875747,forward_head
29.44,-0.3115506560437799,-0.14212219082957755,-0.002977956180258606,1.6024959888043537,0.061146894297622614,1.9738013729509591,1.1427394785411416,forward_head
29.46,-0.3044836158239367,-0.09895854441497419,-0.01530101234414894,1.5713710328132713,0.025252257867635054,1.752895790422579,1.1572992548370342,forward_head
29.48,-0.318393232372058,-0.1475267548708282,-0.03876248279947108,1.4486980375189165,0.01974130639503765,1.7272531535535378,1.261650017159273,forward_head
29.5,-0.31604313409441714,-0.12007740950146663,-0.02399095780817808,1.5661108654338876,0.014830210520297421,1.7459404678256334,1.1723035522237426,forward_head
29.52,-0.31696146846130296,-0.13082117669187568,-0.04010571030044226,1.5545031760062928,0.02503385091201091,1.8608711630509425,1.1547783374622542,forward_head
29.54,-0.29091351968835416,-0.08547700975778594,-0.009418839770941224,1.5712047990885354,0.01482614611654833,1.886692770881568,1.223913546360279,forward_head
29.56,-0.33453946146375796,-0.098736821238265,-0.04160764238442643,1.5227836547784714,0.019621670448195825,1.735638232575056,1.2656275852389185,forward_head
29.58,-0.3079156166828703,-0.12090746124355106,-0.03323910689629587,1.572518752069003,0.014436924701807977,1.9360238415408317,1.1378849167320149,forward_head
29.6,-0.3051488361589606,-0.10025024932952292,-0.023797173145279016,1.5407207231589006,0.012200110213371442,1.7930547008616946,1.1143468490386699,forward_head
29.62,-0.2659606072243846,-0.10988609373345234,-0.01899001221185284,1.6720340150054973,0.025486306840724168,1.788273098810744,1.0379962808611563,forward_head
29.64,-0.29120632183356426,-0.10881730194054197,-0.024523942000438854,1.586435381462392,0.026588049810456073,1.817666864970764,1.1189230639249268,forward_head
29.66,-0.3020073119300355,-0.11717613311326341,-0.03440724737480749,1.6923270223103546,0.03440663584361346,1.9487946020525393,1.1166189512416689,forward_head
29.68,-0.3206735369566829,-0.1276584607261106,-0.02408285395466405,1.5955149183393627,0.04682842811515918,1.7970681967259143,1.1348255712336135,forward_head
29.7,-0.36175496142858593,-0.1449097715824509,-0.028022174631936375,1.6699516268637993,0.04967747436436551,1.9871171226008144,1.1215890940122883,forward_head
29.72,-0.28313712536558505,-0.08673961536664307,-0.002855303897226804,1.487511210759023,0.02639081746209511,1.8872643670701474,1.1055258197666389,forward_head
29.74,-0.34769498328185666,-0.09662470073741058,-0.026023845707246317,1.6155073451668975,0.014412895788046243,1.8862189644866587,1.1114680241438946,forward_head
29.76,-0.3073933589218768,-0.09567138236311389,-0.024787366210023958,1.55572215297318,0.005302697599611352,1.8216289787927733,1.1263239117846358,forward_head
29.78,-0.3039219593181063,-0.11329085550962782,-0.00678464692784493,1.5260398128005617,0.02109581386264711,1.7877059443368004,1.1351049257526196,forward_head
29.8,-0.30946697832148073,-0.10912887170479174,-0.023798456787058848,1.6645385504301746,0.01863464175377981,1.835014278587527,1.18781831635667,forward_head
29.82,-0.31638525437725246,-0.1078085010236264,-0.030402128178412646,1.6086250583897523,0.03456715257422381,1.829615034948083,1.0340383349543065,forward_head
29.84,-0.28519944774810546,-0.132692223522792,-0.016083650162819416,1.7010118777044867,0.029552689144532438,1.8928189037079484,1.1864509789633815,forward_head
29.86,-0.3188315049762332,-0.10773217412758777,-0.022910325827809806,1.6501661816475506,0.034214341483362484,1.8706049673991334,1.0493896180763906,forward_head
29.88,-0.31166440740844314,-0.10505463176128699,-0.032929501994798875,1.5546271253060637,0.024459718733553976,1.830020532585544,1.1869426942925092,forward_head
29.9,-0.3190970451460895,-0.10801691830442842,-0.002928657588984448,1.536245520249739,0.0360490586409232,1.8786440023998676,1.193834161581886,forward_head
29.92,-0.3171482533177698,-0.10601764428369723,-0.020555509261589774,1.558052319475047,0.021364607208954802,1.8722760858006027,1.0247463178409546,forward_head
29.94,-0.3193961033698382,-0.10880483851086643,-0.031924048462656764,1.4900539962263324,0.02563184843463951,1.9049364166565035,0.9945964932394503,forward_head
29.96,-0.30043742006880836,-0.09020278006133435,-0.02598555364190677,1.512228510305225,0.044117048302112306,1.8870505970186398,1.1456070417039455,forward_head
29.98,-0.28739248039117765,-0.10045626706344889,-0.005481751139227724,1.7500078684197629,0.01767399401672787,1.8617774239884188,1.127356812508134,forward_head
30.0,-0.2838900811292439,-0.12886112386947368,-0.03001193513853235,1.7114197743448814,0.026307965936717942,1.9134370020399665,1.2033119227874602,forward_head
30.02,-0.3467311492534978,-0.13100614849387415,-0.012433251274930586,1.572835222959033,0.02340847784213395,1.8031545727068983,1.2979406118376453,forward_head
30.04,-0.3023454311508378,-0.1389403503027042,-0.015043880005934585,1.642563369452684,0.03493115770299396,1.8347610019500336,1.134638350302957,forward_head
30.06,-0.2464557271487398,-0.132840226705545,-0.0374429991981153,1.6391415891490129,0.020966507742716346,1.8071586395195445,1.1152830884692864,forward_head
30.08,-0.3114704802757345,-0.1137240677568232,-0.006107546649838854,1.6467645740053867,0.028961607154149797,1.7418688081594786,1.1538958628722122,forward_head
30.1,-0.3190504268473575,-0.10656002060582777,0.009396556412962127,1.3829491505522635,0.03622569751287979,1.7859519110161508,1.1203019394758047,forward_head
30.12,-0.3579353990768066,-0.0967052582087656,-0.007411580028605702,1.4576268041093452,0.02126209280295993,1.836881775019618,1.110388008805699,forward_head
30.14,-0.30783425132267295,-0.12289016776593334,-0.025817121222940526,1.650355124979695,0.0444031167891467,1.7538362401506966,1.1228177011207934,forward_head
30.16,-0.3333617960794567,-0.10057539231345419,-0.028173595991859497,1.451101806106208,0.02786774988395029,1.8059911209758408,1.1729483812951478,forward_head
30.18,-0.30693318684734944,-0.11785467254384288,-0.011967887196856479,1.7143705125281021,0.024741621406933284,1.940328497058482,1.2893866414822157,forward_head
30.2,-0.2959727064739474,-0.10501706987905171,-0.009741897943662203,1.603915570194478,0.020417519556415024,1.9021298762926162,1.1702013664067925,forward_head
30.22,-0.3005531158967751,-0.12029890528560266,-0.020946080000108336,1.6433691721728503,0.04606365919292718,1.903408113255921,1.0963626060618619,forward_head
30.24,-0.313000837109072,-0.10703709818411088,-0.050303631408648235,1.7228554681295154,0.012167543973144693,1.7798769875383142,1.2001024916485445,forward_head
30.26,-0.31326889652198187,-0.09198396420607127,-0.016551143066440684,1.418786667731241,0.02137046915149389,1.9518166030600475,1.180893892814472,forward_head
30.28,-0.32632470997502144,-0.10181658653944639,-0.028841365176937632,1.5505225969666108,0.015511754859939931,1.828119052749433,1.1501623785310475,forward_head
30.3,-0.31970841946166934,-0.12160272951343275,-0.029160854794727128,1.5643479112974545,0.047281764534451674,1.8663107507085448,1.1579483896801301,forward_head
30.32,-0.3223449599952443,-0.15008650192250073,-0.04282658165757391,1.62159063420137,0.04374757890834184,1.8316533796211163,1.2044285186837147,forward_head
30.34,-0.31192296088832927,-0.09134977778108022,-0.024785288160722736,1.5751160769207468,0.036743021835034494,1.9188850122050904,1.1687496769822585,forward_head
30.36,-0.2945144454504503,-0.08986995034784329,-0.04551558740918015,1.6171066004762444,0.04106654715469912,1.9558156215689204,1.007443080426397,forward_head
30.38,-0.3172178229386236,-0.07755378563067383,-0.03566335132207749,1.5776054073787338,0.02588402252146807,1.7223511287545734,1.2122313793791617,forward_head
30.4,-0.32011176671146213,-0.11877029362075085,-0.03180364871518933,1.637069197240789,0.03528988541308801,1.8540830343339563,1.2110504253262881,forward_head
30.42,-0.31609655494591865,-0.10486576616337219,-0.008404099681984403,1.6187935325230958,0.042942922882729995,1.8310800030068983,1.154151724326486,forward_head
30.44,-0.3270145418528646,-0.139713846883084,-0.01939065486022667,1.554536637889764,0.03726590928726626,1.837085186717228,1.1778273955096628,forward_head
30.46,-0.2969208170327918,-0.10556826814291356,-0.05785529489884064,1.5515345287288955,0.025972683450175095,1.862063029785679,1.1160699558191367,forward_head
30.48,-0.3378714539648061,-0.11113637423855284,-0.01577353013741132,1.5594436965498193,0.039136846294881324,1.9011190829470983,1.0499727595395263,forward_head
30.5,-0.34155331077451107,-0.11070460975505411,-0.013533323010849373,1.5344842565006533,0.03438550055746223,1.7934652560707705,1.1554550972639557,forward_head
30.52,-0.33671828757603717,-0.09039903690997192,-0.022873824287581834,1.564634022579687,0.008733997171922987,1.6952905229744277,1.0989896810669622,forward_head
30.54,-0.30950015469778286,-0.12464629594875236,-0.0313709681786294,1.6443930869309227,0.0,1.763495607547101,1.0629178909941528,forward_head
30.56,-0.3335679026886362,-0.12689348301754044,-0.02777702602596531,1.5264320799862572,0.030028365212569696,1.810510021486182,1.1733685999286625,forward_head
30.58,-0.2844938133986716,-0.09178719520204753,0.0020822086357417864,1.631163908687608,0.04737909265254992,1.8609615497717402,1.1776221059088396,forward_head
30.6,-0.32249189721177146,-0.13134165758226307,-0.017456858112830202,1.6279772867076858,0.039359034016702175,1.812788562656727,1.1377334185872183,forward_head
30.62,-0.3491122722457543,-0.09337678232953114,-0.021333002700989513,1.6139896809513823,0.03827169277128554,1.8004522568205052,1.183188238706033,forward_head
30.64,-0.27455882304686324,-0.1458070267076993,-0.014823862692585902,1.5313741585334015,0.019667552988028372,1.9063862785600971,1.1541366438978036,forward_head
30.66,-0.33683965725732035,-0.11767603711290323,-0.034411717946867336,1.6305898145471254,0.011687420824292909,1.8093817451198344,1.2135131310561849,forward_head
30.68,-0.32116767200243707,-0.12484459332769242,-0.04371717214861984,1.4892917220905626,0.04244902369633311,1.7483692360913368,1.1479490664716525,forward_head
30.7,-0.3671112071943887,-0.11306834247299881,-0.007765132948246427,1.6164359012886187,0.023915439335171873,1.907279706954984,1.2540765557496953,forward_head
30.72,-0.34175913619123754,-0.08174748046086014,-0.0012762616340084962,1.507927039144257,0.03413041274138782,1.7948887464304117,1.1170055756090476,forward_head
30.74,-0.34513271851765076,-0.14686731658020627,-0.018370665941364796,1.5904291398112598,0.03641672942298701,1.8521765176560148,1.0807927190407327,forward_head
30.76,-0.3183571821949369,-0.1235409036985053,-0.013739682001226198,1.5759844819151414,0.03302608865736876,1.7871928301302946,1.0393891824939914,forward_head
30.78,-0.3296288545664545,-0.11180154052498882,-0.05325221593926294,1.696907643800301,0.04224214067748357,1.793000870159733,1.1022239253892998,forward_head
30.8,-0.35912070556758263,-0.12045422597827954,-0.03258928806587629,1.702954308591458,0.0384025049935681,1.7955713029187677,1.1143561937263313,forward_head
30.82,-0.30541029092710265,-0.08749894162120146,-0.03150570901704668,1.6874838807062644,0.028062422278263117,1.928548734451627,1.1189510273066963,forward_head
30.84,-0.29027224845891064,-0.1370539660314025,-0.023107568696774133,1.6032936501057298,0.024019487709436484,1.8043816836484912,1.1655120475470244,forward_head
30.86,-0.32976551078781197,-0.12174054959286094,-0.020171906771130798,1.4334579704795922,0.02471135554935247,1.8909097634420287,1.0585314476013357,forward_head
30.88,-0.3135777523154746,-0.11662598207677093,-0.010971658932897536,1.6207030678789227,0.019795466048850123,1.8707949976069356,1.0952252894405066,forward_head
30.9,-0.3188274081953152,-0.09561695851800947,0.011802259772903792,1.5986727205431543,0.044235568032140335,1.8096226210805,1.1895070393649843,forward_head
30.92,-0.3278047995776617,-0.0947103603996129,-0.03654456144903416,1.5738711630136284,0.04732069865015237,1.8778936978182577,1.2028266012736712,forward_head
30.94,-0.3188694613728261,-0.1341931108683092,-0.019268677076760193,1.6758391160140684,0.03393914101212047,1.7909079177826093,1.1361603837311791,forward_head
30.96,-0.31325265008055203,-0.10299311100241444,-0.012276840848652208,1.720261955208151,0.013485148742756685,1.882478835923477,1.2028658621298531,forward_head
30.98,-0.32439619946084114,-0.13611519943900086,-0.0343165437995802,1.4456406061364644,0.022593535521444812,1.8307881078835924,1.2432292324080634,forward_head
31.0,-0.3217252380859432,-0.11829420335647038,-0.030653637700955028,1.5975235066906068,0.023218308606235513,1.767067555477788,1.0821822078959322,forward_head
31.02,-0.30202275612649043,-0.12079305549085051,-0.03177551384412235,1.6999439219279813,0.03366820842505585,1.7387014385125432,1.1544113531976867,forward_head
31.04,-0.2968884454624445,-0.1342388423219372,-0.026187594197977174,1.5117826539432584,0.015447639385202943,1.9835585173302608,1.1282097230082768,forward_head
31.06,-0.361358523419416,-0.1492249592416926,-0.025745555075782644,1.6304707436926118,0.044085351088789124,1.8512340990918832,1.096391303112785,forward_head
31.08,-0.3406881120185305,-0.0942660371880776,-0.029928278748827877,1.835636007120969,0.034669723416181776,1.7609675178188249,1.1939845203436892,forward_head
31.1,-0.3413293721897777,-0.14181749529350232,-0.03857186405608465,1.6750943746807445,0.029752345285076337,1.8763841349635977,1.2621485439559155,forward_head
31.12,-0.3033153226609152,-0.11545445220353708,-0.01870053433474546,1.6483436309656732,0.033854325823427275,1.7425989315332087,1.1450672076214528,forward_head
31.14,-0.283028539614396,-0.08468073131542994,-0.031771436175830906,1.68116467643697,0.04481938251452898,1.852579057865264,1.1930117926988428,forward_head
31.16,-0.3292687554502135,-0.09728792541726201,-0.022140103196000818,1.5728890162597593,0.02662867247459862,1.937057164121505,1.2367864709755598,forward_head
31.18,-0.3136497767666084,-0.12494507342595372,-0.01322190700792876,1.64289773394861,0.017527724334727768,1.7261154891948,1.1176116161856962,forward_head
31.2,-0.33486164134176266,-0.09275926702116839,-0.03457755260507601,1.7018203521426787,0.027327551316085108,1.881211203568354,1.196962848032548,forward_head
31.22,-0.2899516600618309,-0.12955651276560443,-0.040431207215870214,1.5928499151375943,0.015279442501260218,1.9745173033182033,1.1357197117505686,forward_head
31.24,-0.3289011888279659,-0.11951694965463884,-0.0322689489516154,1.522944804421636,0.02873227931007054,1.811006148638334,1.2352356546969385,forward_head
31.26,-0.34719920422150763,-0.057621553887088235,-0.02513586457833753,1.6322655833568882,0.027268675918538092,1.7368257706248398,1.095370299653766,forward_head
31.28,-0.3067844624956676,-0.11226849842170628,-0.04510799185786986,1.7133064687101518,0.017771791214680407,1.8788906708396116,1.162428521292331,forward_head
31.3,-0.31380227421376233,-0.09247382430548325,-0.05722316397719307,1.6074080516661013,0.03430265406637059,1.9265464776531624,1.0830914274291683,forward_head
31.32,-0.32404653246663345,-0.10200479340168957,-0.02251426424844676,1.6340420219352032,0.03741981398971067,1.9005142613621737,1.110466594125357,forward_head
31.34,-0.35383985267212387,-0.1353778726286556,-0.011316324049064505,1.598746700485405,0.023366435726970943,1.8086227233480927,1.1449263815015511,forward_head
31.36,-0.31493776089818437,-0.11431507786738165,-0.02719239485379346,1.541288608344861,0.027764059670960076,1.8682110090702846,1.1787978553864948,forward_head
31.38,-0.3068625776041722,-0.12222861002250242,-0.028743621138854432,1.5589848082699818,0.01988341052049647,1.7781486448367245,1.0919509902901126,forward_head
31.4,-0.32814856559875033,-0.12162875297580666,-0.018839525619536803,1.5372624631384582,0.03061389843201285,1.8220488877398862,1.2766499522199095,forward_head
31.42,-0.3255286539035781,-0.10763188423272083,-0.01594473907727918,1.653646185043213,0.026183678476149483,1.863434246372469,1.0755438357835085,forward_head
31.44,-0.31345180840927167,-0.1377554467264465,-0.0047511214769852105,1.5898610607963874,0.05411496953043958,1.811909040503018,1.0293397948663465,forward_head
31.46,-0.31660872712664057,-0.10611794184843253,-0.030109717568707707,1.5674093985655502,0.01218968609856974,1.6713765257641753,1.2631597327904676,forward_head
31.48,-0.32492323511024973,-0.1421277992573066,-0.013380996764191244,1.5894971556360804,0.025734576282281037,1.9328984425359492,1.1083458391420102,forward_head
31.5,-0.31218763032954555,-0.10288148962298861,-0.02941711270052466,1.764993135491997,0.024083346148620698,1.9041128926148427,1.0668215870032567,forward_head
31.52,-0.3462396731983289,-0.10957289020963619,-0.02367708285231184,1.5822700610426703,0.021125517254622927,1.8493490467924758,1.1738620593079803,forward_head
31.54,-0.2694970908638629,-0.09512863972862295,-0.0036021025186854507,1.543776088469855,0.027815907245916,1.8340986020201286,1.2093926225604796,forward_head
31.56,-0.3552040992218911,-0.12360123918829877,-0.047772352479359854,1.492245334026483,0.0410864708993864,1.8932155798013173,1.265711048761657,forward_head
31.58,-0.3025923094489568,-0.1366719703646906,-0.03971219189094427,1.5761286306573132,0.03025624590529671,1.8936668919054385,1.073440605442764,forward_head
31.6,-0.3171271810340882,-0.08840169677242218,-0.013958155071514225,1.442014946686416,0.03477883431440991,1.9702334887730562,1.1381958822266958,forward_head
31.62,-0.3512548745625311,-0.12422902759993482,-0.03114180322274953,1.596556267293411,0.02356891426123691,1.8347846184772523,1.0950811020829132,forward_head
31.64,-0.35994943502416843,-0.09848971345064456,-0.01939342691002663,1.6231676987791808,0.032491743849437156,1.883452355869555,1.1841846652117085,forward_head
31.66,-0.3184273049788174,-0.1040161351929312,-0.03391789693425736,1.6627531264637636,0.032138406293253215,1.9161800962353785,1.1607139077169686,forward_head
31.68,-0.34433361738861745,-0.10467691606735179,-0.038209161046177186,1.5452444913577468,0.024921259946561036,1.8143468525079798,1.1448133308454937,forward_head
31.7,-0.3165999136847352,-0.11930197558379521,-0.0026287963427862253,1.7256115144138442,0.024309502323533787,1.7611607940171559,1.2411927217996876,forward_head
31.72,-0.3350625031456868,-0.09098240760767037,-0.030202048485853873,1.6417054280276655,0.049258887641397575,1.913942016549112,1.0971832853516437,forward_head
31.74,-0.2810684754553411,-0.14937859252539457,-0.04702673820874501,1.598711464463191,0.05294992353545059,1.8923704193791164,1.0754139111400896,forward_head
31.76,-0.25740582352145813,-0.09699200394536504,-0.012776462478807685,1.5779200274420315,0.018502348722486336,1.8762569320342624,1.122731291132871,forward_head
31.78,-0.3371527872097888,-0.13964664394060258,-0.018422379849977875,1.5360255718997051,0.03622107771524689,1.7508806725540862,1.3376378981915305,forward_head
31.8,-0.28222408233178914,-0.09270197056427985,-0.008690755022376912,1.5279799290861662,0.019666759238036825,1.979944648094195,1.2433976001213216,forward_head
31.82,-0.31094289408600917,-0.13106236009357036,-0.03600237185493271,1.4633360239178623,0.046033935536163126,1.7407971725717812,1.0942350042356777,forward_head
31.84,-0.3065144221955174,-0.12105605646069942,-0.02490492606765498,1.4731375757443694,0.03958484455464549,1.8468565527561418,1.1450581509713529,forward_head
31.86,-0.33247596260625073,-0.13392088193196783,-0.04890525433312375,1.6597406060977622,0.01765602159861493,2.027959861503909,1.149869446037306,forward_head
31.88,-0.3127503438029982,-0.11813230765330826,-0.02394372906087305,1.5661347558271776,0.039548358232185804,1.9380003872267832,1.227062903467421,forward_head
31.9,-0.30719750186561545,-0.11544006459888669,-0.01917675775934561,1.617755207149606,0.0465754034631176,1.8680131771306592,1.096328207910341,forward_head
31.92,-0.31154666576479684,-0.10549576039607335,-0.028177977967762356,1.5964058354823167,0.03647438277817997,1.8700422400932988,1.2021568548700825,forward_head
31.94,-0.2844627703201084,-0.12368744113069592,-0.03224876613478006,1.6073393279009445,0.022863636069363376,1.7888693503049453,1.068367500600533,forward_head
31.96,-0.3200232207104872,-0.1387734779003229,-0.025974181498663117,1.5386898387789745,0.018863343674132893,1.7762778964544899,1.0439783205060662,forward_head
31.98,-0.2990531000754114,-0.126516139864881,-0.014408264731091351,1.6015168859854814,0.015929968004650033,1.851511675063141,1.1218514170330351,forward_head
32.0,-0.31006175968993355,-0.11870162578727052,-0.0344771436069975,1.5285274651858922,0.022016803446551166,1.841814700460196,1.2495930867994547,forward_head
32.02,-0.34140193856356,-0.11252895102133278,-0.010035075745484628,1.668146241782603,0.02252594221681292,1.920393977148628,1.1184936294627472,forward_head
32.04,-0.3272442292982553,-0.11906374765131374,-0.04305084347118123,1.6488700181798066,0.041832309469733465,1.878113872648821,1.0722980706785352,forward_head
32.06,-0.2896689842316665,-0.07824821631125509,-0.016563102285215632,1.6829352118500185,0.03875407712749164,1.8239095051582743,1.1149916613137674,forward_head
32.08,-0.34457257060700003,-0.12332638674633081,-0.015149176645407787,1.6924811735670682,0.042072332110155514,1.8234959261427197,1.070182769944232,forward_head
32.1,-0.2873048990260629,-0.1326043155546443,-0.0013721122987847237,1.6238118262680066,0.019597112892388167,1.885039076650575,1.0303472502924835,forward_head
32.12,-0.3527683595887784,-0.11624482349045255,-0.012096627361971198,1.6163084809568948,0.030114766295718756,1.801787878593684,1.1482227136111007,forward_head
32.14,-0.35285259910753447,-0.11861847212855019,-0.015868793356259195,1.5820511745156152,0.039709463015379164,1.8688970204638458,1.1044503669458325,forward_head
32.16,-0.31651021875489765,-0.14030394640367672,-0.01491365089966423,1.5467072353744393,0.025381327984425894,1.7996160438983684,1.2002190581111918,forward_head
32.18,-0.295918842756649,-0.14081158093974344,-0.017077890654415333,1.6836080426441073,0.0347658930071211,1.8267517843378187,1.2457407109516203,forward_head
32.2,-0.32760417858311464,-0.10149817875829846,-0.01651112287551215,1.5133528315162896,0.013600284678979065,1.8642253610213644,1.2016336009900974,forward_head
32.22,-0.3460272213385538,-0.11075490584459044,-0.02575120323638855,1.5007373762506246,0.034184406621275996,1.7789174171120625,1.2271225283401375,forward_head
32.24,-0.2912919198415495,-0.104113860685263,-0.017501014270558342,1.555220915468691,0.026893206148262603,1.7317819142864785,1.1432072006026266,forward_head
32.26,-0.3086154450846236,-0.1269914348737225,0.0006347496691203402,1.6677321155663294,0.015921857293038105,1.9315391288545063,1.127377699927607,forward_head
32.28,-0.3026879982121416,-0.09208832222726784,-0.004614417627770546,1.679583538883516,0.02357136518167295,1.898883676223634,1.1198477257311055,forward_head
32.3,-0.31209417163194697,-0.10337861981266976,-0.022454228704301662,1.6082807713222054,0.038498876635046066,1.7855011476499305,1.1224329186657804,forward_head
32.32,-0.3247211668562693,-0.08488421554217619,-0.03148356058636103,1.59719298439094,0.0,1.847487856809463,1.1777954080194823,forward_head
32.34,-0.31606196907488343,-0.12368764478135809,-0.03092718735568348,1.5841271981940244,0.03079576834782168,1.9158024109557839,1.1934189638677064,forward_head
32.36,-0.30732198785365117,-0.1013740886946273,-0.01444074235008271,1.7485097903587505,0.01956178455993765,1.898508416987533,1.126585159146562,forward_head
32.38,-0.31278125156694964,-0.14904968636473367,-0.021153475788419595,1.5138935440456136,0.02778945350922667,1.7675453437913222,1.077248443720042,forward_head
32.4,-0.34313213327535336,-0.11916517580847814,-0.009307634251955556,1.563555588859259,0.04600465317686384,1.7318781658071152,1.1298010423127947,forward_head
32.42,-0.3226991774205149,-0.11514140414439585,-0.015648430491450715,1.7073521057092742,0.02773819117343056,1.9060465779398392,1.2121514196179743,forward_head
32.44,-0.33232969129889006,-0.10255136280051713,-0.023222425822466152,1.715449244629102,0.03142221548126468,1.8093423043362435,1.1522206283782188,forward_head
32.46,-0.30910894365222846,-0.1136802834376288,-0.004228994083022292,1.5367775823473333,0.017776990722134466,1.9169190492649397,1.0189065418244987,forward_head
32.48,-0.334645114071424,-0.1395795718431087,-0.03463756799717826,1.3423327629088475,0.03326066121036088,1.8393477421009723,1.1153917518954517,forward_head
32.5,-0.31444836755074657,-0.09895140119354204,-0.024300914270573466,1.7358887182685478,0.022725896398759583,1.8514966202334937,1.1866642145163184,forward_head
32.52,-0.30841074975058613,-0.12919711611583184,-0.03658791540784616,1.585908124311144,0.030569501323094057,1.8994427574699622,1.2725837642487554,forward_head
32.54,-0.3190934087828124,-0.13536133052453395,-0.019353863923923437,1.6092468879959472,0.04662928988088608,1.7577748819287171,1.1282361987203215,forward_head
32.56,-0.32959723842398725,-0.0947845375532372,-0.01958970391026113,1.5656619720270744,0.03366331645538851,1.79513436696322,1.2725562663348438,forward_head
32.58,-0.31651063172048793,-0.09696343002989113,-0.0034170988460213584,1.4680195340184423,0.030009987008104175,1.8913059002444976,1.1141630912563754,forward_head
32.6,-0.32202230557188616,-0.14631638253895904,-0.033835638740846975,1.5771813969419683,0.0227670861417075,1.8066385977095765,1.0588025498445468,forward_head
32.62,-0.2950244611463825,-0.10709055359429258,0.01387193651811468,1.7079683436909865,0.03360786359446791,1.8509496750514374,1.2685903274894876,forward_head
32.64,-0.3165138941729833,-0.11414147284264166,-0.013547611331302663,1.6802247217233666,0.03728323607278559,1.9099369367314094,1.1077524978556392,forward_head
32.66,-0.2868081554421825,-0.10948731035631343,-0.0025379114336959428,1.6767017398977841,0.025108174996617882,1.8759258349826207,1.1682435731240246,forward_head
32.68,-0.3035165637968402,-0.1060880629644127,-0.005843262920620082,1.62091297043676,0.04869666966621363,1.8051986338717732,1.2053185971586498,forward_head
32.7,-0.3551884774490801,-0.1504870712650224,-0.013208773369006532,1.524661552447121,0.0258745015665513,1.8829382795966876,1.1203528585060192,forward_head
32.72,-0.30204345637766394,-0.12678333205726441,-0.014807091388857652,1.6613362931199616,0.0209797587509203,1.7277339567283028,1.1449992869074843,forward_head
32.74,-0.37388370760244943,-0.12094737372314993,-0.051628224077258776,1.5906877196487315,0.03324548327097017,1.852128546935074,1.1912155925342374,forward_head
32.76,-0.3400926680045652,-0.1089436984825393,-0.026795183947315112,1.6615087710672822,0.03018432464096928,1.7319912289282873,1.1733069991866998,forward_head
32.78,-0.33883494446005713,-0.08254970799920049,-0.05399731364277416,1.6740080687642829,0.04457629137283209,1.8854317344045444,1.1192286075040485,forward_head
32.8,-0.3406190929452313,-0.13764949187262532,-0.03146289595853788,1.597774906720806,0.019711571501703024,1.8162987886157789,1.1558793959804095,forward_head
32.82,-0.2942505519708303,-0.06983100114173509,-0.0032030260498057666,1.573064188541509,0.04565031146164725,1.830140736943114,1.1987774643716316,forward_head
32.84,-0.3415324440652398,-0.0948711667111579,-0.01747907999655324,1.6236545430558567,0.011565381045737046,1.9562926481631222,1.1712814905034046,forward_head
32.86,-0.29842804629451136,-0.12670305291996692,-0.02832943676277785,1.574443832696176,0.013241422808818914,1.8052156570792348,1.1948479427049983,forward_head
32.88,-0.32961224029615893,-0.11022917337779756,-0.03107617786148081,1.6676321149971471,0.031965481313926465,1.8637462386103019,1.2221779286773888,forward_head
32.9,-0.3273595118034923,-0.1362024272100891,-0.019672819784371156,1.524496523924928,0.03279976165937516,1.8121216741119057,1.077543436394636,forward_head
32.92,-0.3288299632663676,-0.11756669579220913,-0.025010171964332268,1.4698995814050768,0.03085526139710263,1.9054124698305572,1.2162320970162444,forward_head
32.94,-0.3345420494374952,-0.0932021313332784,-0.02976740310240253,1.5937841954258056,0.01846177865777807,1.846516608857468,1.1878709134810188,forward_head
32.96,-0.2664470820758902,-0.11546678176214141,-0.020461189173081592,1.6461780639210177,0.020563890911699363,1.935971148609983,1.2312265295494331,forward_head
32.98,-0.32590682538440174,-0.10587002264102117,-0.03258353659697486,1.6253619494182716,0.033649366296089334,1.9054663678845807,1.181853617459622,forward_head
33.0,-0.3049964390372369,-0.1156275249035891,-0.00824046933839821,1.6056326608356806,0.03931446970103476,1.677483026152645,1.1159104308841372,forward_head
33.02,-0.3197228344821403,-0.12096434541290829,-0.03101333927377472,1.6913680019318442,0.022802264115602856,1.775709950324402,1.1019149318360701,forward_head
33.04,-0.3245962460819626,-0.08991289591628185,-0.004571072851035949,1.5459212895135537,0.03361044941498044,1.789754628931502,1.0511587215237346,forward_head
33.06,-0.29988452283884004,-0.12585980466480165,-0.03741995563541304,1.633816262707877,0.028941823452417942,1.8160985457358345,1.1303011806465393,forward_head
33.08,-0.3436005416735246,-0.13037254506740314,-0.030161667198967932,1.5350478338741216,0.03158138843613931,1.7987963026262914,1.1321251417496674,forward_head
33.1,-0.31744664475316964,-0.11016957890928308,-0.025277474711953563,1.631129536112701,0.0543730937299374,1.8621352667991162,1.2400281662858879,forward_head
33.12,-0.36371066676151714,-0.09948075148261228,-0.025226786823707936,1.632088216506496,0.052031099982120556,1.8472325275971537,1.1812130225544601,forward_head
33.14,-0.29543846159663156,-0.0984914382405149,-0.026223259192534383,1.6487364819135026,0.03674011729221254,1.8987589384509953,1.1050872928550184,forward_head
33.16,-0.32711311020136463,-0.10267438434230224,-0.004672694997200027,1.7477191985084373,0.022506979244011967,1.8204740314323975,1.1912388401948237,forward_head
33.18,-0.32789314719506807,-0.1323883059719402,-0.03703978522090616,1.6825656809078826,0.027018603127870355,1.7972209587915957,1.0801842238025752,forward_head
33.2,-0.30032769148232163,-0.13246615977278028,-0.026079886712808253,1.6419754947325158,0.04213037500850806,1.9389445767196825,1.1357936383852534,forward_head
33.22,-0.2765518846360888,-0.08923592043021092,-0.03150901937627939,1.5433059549462205,0.0071901009543403095,1.7849455269947394,1.1342302748227728,forward_head
33.24,-0.2962895767621686,-0.13908304930727924,-0.03581768728850915,1.6899048546482727,0.019042859322260852,1.7758741023831297,1.1441648590174194,forward_head
33.26,-0.3051933033576909,-0.10218000604485518,-0.03173676128888454,1.5988338071713806,0.03979113649671962,1.915893523731515,1.0796143649854608,forward_head
33.28,-0.3110021950100708,-0.11298839677146229,-0.034595091844544186,1.5988759768473875,0.03710352786675716,1.8718080658426186,1.2208287102159885,forward_head
33.3,-0.29366654637508605,-0.13200783212060963,-0.006634520894420783,1.5725357428852567,0.022729922221132327,1.9263063618292375,1.295796937253475,forward_head
33.32,-0.3069485309982842,-0.12981886386552666,-0.02664661432532067,1.6069307005541948,0.05326178353545013,1.9188684701538221,1.0866732836646138,forward_head
33.34,-0.3114550639155972,-0.13139964581538163,-0.037436102043382005,1.5985083680202925,0.03873455794700716,1.81957570435885,1.2301182931075558,forward_head
33.36,-0.3062925930699621,-0.10989760171484249,-0.014732571392247417,1.551155869965105,0.0315018905519176,1.84838064408152,1.090928210531007,forward_head
33.38,-0.2957438767917739,-0.1190613769573011,-0.007626111250801051,1.5869195503734181,0.06128921545989419,1.7633725140368646,1.0705774344714387,forward_head
33.4,-0.3199661334454347,-0.1215934105907115,0.004665027068582553,1.6701287972995336,0.04265930067128861,1.774387161268184,1.1001347929970866,forward_head
33.42,-0.39497299521058393,-0.12060056285898829,-0.006146279494477826,1.6663498070201723,0.02452823546986744,1.8928755569080948,1.2402828755499087,forward_head
33.44,-0.3078017294350335,-0.0964551772678517,-0.013163432225136523,1.5677177548013608,0.016235346567678458,1.8863767319480726,1.2217518179227673,forward_head
33.46,-0.31588258337569836,-0.11557532526241271,-0.006714580882655909,1.4929085216052131,0.033711017977648,1.8311054370267266,1.209844319296899,forward_head
33.48,-0.3548519651337251,-0.1659619222467885,-0.0013944702280589453,1.5462307879833073,0.020617105357265804,1.910056369013954,1.1314400615600615,forward_head
33.5,-0.3331177177894911,-0.09415283125247242,-0.01832081467544452,1.6029161632055924,0.02862564462335805,1.8503419546338697,1.120874138606847,forward_head
33.52,-0.3048889060707871,-0.07134076043780518,-0.03394599996736341,1.601507577015567,0.024216977503939363,1.8954135950854134,1.1440131156923912,forward_head
33.54,-0.28532576044069474,-0.11579456321140422,-0.015415360325087023,1.604424362605781,0.026919563115567816,1.7510263175257785,1.1221518033425644,forward_head
33.56,-0.30990955759444205,-0.10207328625981232,-0.0200976307377313,1.6838168289985604,0.03933433485436717,1.8363174401391618,1.1515012650755914,forward_head
33.58,-0.3159250350135483,-0.06783511806035582,-0.023788914705608913,1.6051627856227995,0.03478755165384068,1.8241743741867793,1.132258933172811,forward_head
33.6,-0.29275548572408144,-0.09870764037980596,-0.033756238525816114,1.6247570200572699,0.03570635911679833,1.8565467789036496,1.1000282201253204,forward_head
33.62,-0.3331351865352475,-0.07125970312023001,-0.024457165903435177,1.614504960623832,0.024795528640207117,1.9417877935031804,1.2148865053936166,forward_head
33.64,-0.3193306431757192,-0.1126489973736588,-0.02375628352465059,1.5634316318083858,0.04422294678917363,1.872203802391993,1.200420322222545,forward_head
33.66,-0.33074831951861733,-0.1353557642640672,-0.023094032924552425,1.6219939676513584,0.04097366126907075,1.8809105587470178,1.212134533728036,forward_head
33.68,-0.2916999740507903,-0.07627301602197772,-0.008353382548698985,1.5985920411425756,0.01993041441919236,1.9022620009792885,1.1566077115860236,forward_head
33.7,-0.32866222113541704,-0.11985333582606875,-0.009222435548051536,1.5259935630662294,0.03625550301935908,1.773768590687629,1.035853821526924,forward_head
33.72,-0.28084931917671185,-0.10413221291608141,-0.01941388265882502,1.6667723965690666,0.022754710511773624,1.8816604682176277,1.1661266794877703,forward_head
33.74,-0.3890840318329733,-0.11303684444936037,-0.0025889940612094744,1.6192119817271216,0.0071864733772785995,1.90158730446106,1.0848025475690213,forward_head
33.76,-0.3112781063782158,-0.13657160921987313,-0.02860321658497726,1.6296613000658817,0.03404771682899152,1.8736967945762022,1.2866345831569406,forward_head
33.78,-0.3095154427961945,-0.13081275596401992,-0.009991233971061815,1.67701504362624,0.039479033951068804,1.8552334329586198,1.219536862605052,forward_head
33.8,-0.29406173829453597,-0.11545338389381805,-0.003855592379225369,1.6135167728461102,0.035790673783955264,1.9041668744350013,1.1297889500168812,forward_head
33.82,-0.3234828823908685,-0.11100670485091954,-0.01706643756184665,1.5803128205489096,0.023871910687398967,1.8019594809740103,1.1116785407201693,forward_head
33.84,-0.3138299571008983,-0.13732583381264768,-0.03956168275166993,1.6016561776160263,0.03438577266925045,1.8614920075672703,1.2389862610907605,forward_head
33.86,-0.3116833285455283,-0.10743856285189955,-0.00037237873646438896,1.5183372588399024,0.016135098958006532,1.8116967800752999,1.1208209847566641,forward_head
33.88,-0.3082333983861073,-0.09778901545067636,-0.035817835002550924,1.6146132617081286,0.021998589490041062,1.8556371120820043,1.1136107640246324,forward_head
33.9,-0.3256490354805081,-0.11795808937744474,-0.011643088575040407,1.6393630839033437,0.04009248715248324,1.8388755961479475,1.20335062120091,forward_head
33.92,-0.32638864907997106,-0.09866566105635038,-0.011834433699352264,1.6462676893479522,0.030048471508354012,1.7971058851254644,1.0654204691122442,forward_head
33.94,-0.3139599776200192,-0.1451744582407011,-0.03783169234939558,1.4766311789628261,0.03264673617409605,1.800421054199776,1.1356262901892182,forward_head
33.96,-0.319679082635352,-0.10600792741106467,-0.01883734495679223,1.5832999606514369,0.04019958434434859,1.802861932537018,1.157678262536469,forward_head
33.98,-0.3040461325249052,-0.14269838490012357,-0.02246547725896562,1.589442022855485,0.030111776908127344,1.8259009300022448,1.116246056654893,forward_head
34.0,-0.3036836503590387,-0.09715078746190144,-0.017097277423308698,1.6602483336770073,0.030576600848304037,1.8840730506491588,1.1130500722320178,forward_head
34.02,-0.3302958263400921,-0.17639643492838902,-0.022781297528958338,1.5402479568766316,0.027671738283447257,1.8620148606274185,1.198699036984666,forward_head
34.04,-0.3172755599687573,-0.12759688975979855,-0.020401455813468167,1.5856505278889077,0.03242179843227558,1.81117054634813,1.1557883003638891,forward_head
34.06,-0.3274184534571716,-0.10080566776108288,-0.026080693301199498,1.5324328268145797,0.030738968707141927,1.8577219100572229,1.1608258509030187,forward_head
34.08,-0.31776645800482967,-0.09476020859022027,-0.026563615120984967,1.5153527363488353,0.03940833786137987,1.906999510497153,1.106451810305271,forward_head
34.1,-0.33104323420613735,-0.14311167388118592,-0.03036569133043446,1.7934599290314934,0.02667390505146514,1.8063644662902862,1.2189566077949654,forward_head
34.12,-0.3159684797239807,-0.09168839760616636,-0.009400992688492016,1.6682255371013792,0.03507655030565898,1.8837088036146172,1.1450136338577508,forward_head
34.14,-0.3493446342180924,-0.09063854560875413,-0.04604705943410942,1.6738005407256338,0.04273676364760862,1.777295872496926,1.0388287286651752,forward_head
34.16,-0.32037117078768834,-0.13133836602208207,-0.028877757480986078,1.5600483826566751,0.037535769507061154,1.878405267992279,1.1394679754857333,forward_head
34.18,-0.3656759721971294,-0.11431627791601016,-0.040730350193163914,1.4921828326762108,0.02717150779588674,1.8554150511706464,1.120685604052237,forward_head
34.2,-0.3147189469122388,-0.11518440841687501,-0.025869949657959572,1.6546195564362476,0.049129466811666675,1.9480899128349802,1.1511640939675283,forward_head
34.22,-0.3317482057363287,-0.12057376203888336,-0.024583450831464293,1.7640855394135209,0.023597990698641467,1.8524119169999849,1.2108120056632758,forward_head
34.24,-0.31034067414480937,-0.10553917590981919,-0.026984425775092108,1.5420131954008136,0.031830491841399126,1.9276790945458404,1.1404135719343764,forward_head
34.26,-0.3433750607118177,-0.1137928148964918,-0.03079495748229973,1.7134032950007094,0.030235949748982863,1.7445824844452342,1.182330807482205,forward_head
34.28,-0.3042946057242558,-0.13691979691381612,-0.029730249007726223,1.5925594871329678,0.0176086546853784,1.8824003985960414,1.1856205769696684,forward_head
34.3,-0.35347657832686435,-0.11805793508165639,-0.004986721215291056,1.5406313962741334,0.0188938766090933,1.885571864006974,1.1577480081722764,forward_head
34.32,-0.33467489805582795,-0.1335918333271371,-0.033375915569708925,1.536484620322693,0.017126992739235607,1.7257440427859703,1.158585753354023,forward_head
34.34,-0.3008505500400964,-0.09921853690264121,-0.027206812194030452,1.5909378497127369,0.03263036834249954,1.8299297754370754,1.2271905450544895,forward_head
34.36,-0.3278062728067521,-0.11750862816716816,-0.02881816317950601,1.5275057492727648,0.04205385106036968,1.870590976512023,1.0285601080290006,forward_head
34.38,-0.30514482692562866,-0.10787956849329021,-0.001183287591729427,1.6028353357152587,0.04285615022143916,1.8869043626443731,1.1298123488810374,forward_head
34.4,-0.3126036073486154,-0.08611866513592928,-0.0036714921830371563,1.5730156560923736,0.012761923820730044,1.9180574694341597,1.1465752436095877,forward_head
34.42,-0.32255185822223303,-0.1324853878308369,-0.008929058555128865,1.6237785398000366,0.02920403180361247,1.781578484480413,1.1837204027310069,forward_head
34.44,-0.3499670665530053,-0.1013116527728951,-0.020423534042369008,1.6686753313446208,0.04830241409531055,1.8629564931063822,1.2087079356527946,forward_head
34.46,-0.292881267264642,-0.0806724816069231,-0.02638099616743385,1.3863415606586917,0.02246926436709877,1.9193866436060552,1.1013211609521258,forward_head
34.48,-0.30264556533708176,-0.10248892396857004,-0.024958815348226103,1.4761209860636595,0.03750102726562662,1.766134271818135,1.1743242565696437,forward_head
34.5,-0.3278048496734036,-0.0822151617673904,0.00464949603212873,1.556384755640885,0.029079134188521785,1.9903823975976127,1.0814247359794287,forward_head
34.52,-0.3558760104563722,-0.09349015819353712,-0.013003108849440413,1.7945081792397672,0.02420240002079866,1.923182350529666,1.1649423274200221,forward_head
34.54,-0.32501587667314374,-0.1044622527387868,-0.019991449581217714,1.7885712679649828,0.02752582164684086,1.8064914606964613,1.1257599892112276,forward_head
34.56,-0.2945830793641736,-0.11516426526018614,-0.00878287492931557,1.591356698977226,0.04033024612202371,1.7047673367184226,1.1346117043816877,forward_head
34.58,-0.29164981623099595,-0.12540585967480575,-0.02640807724377223,1.6409899414313214,0.02614733872814547,1.867631013604005,1.1583945260672843,forward_head
34.6,-0.34153917829608377,-0.10535567840796671,-0.02879492644800512,1.6188730924118397,0.03917214134403484,1.9831626549315224,1.1960284463906994,forward_head
34.62,-0.3437945776956291,-0.11917738541144371,-0.03044528447091362,1.4920749213959885,0.01567261354353524,1.8243486663359267,1.1865520806399983,forward_head
34.64,-0.2907452092640579,-0.0999314172582274,-0.0328461579904797,1.5167830413930037,0.04823331787744877,1.913721398354183,1.1897773662163316,forward_head
34.66,-0.3384227993253195,-0.08009187201076096,-0.028845277757903836,1.5595514785880196,0.019190350557020723,1.8896328313791195,1.1910661887049723,forward_head
34.68,-0.2859058660163676,-0.11743632304235255,-0.03414184743956016,1.621774670864712,0.03263879689644906,1.8291266961557437,1.1264481820251007,forward_head
34.7,-0.318807850572289,-0.15538020671480915,-0.03835015785313495,1.6937194624599838,0.018428834337896022,1.8138462800221724,1.1982422777505188,forward_head
34.72,-0.30540131436320156,-0.11941934371647867,-0.03135993127118008,1.7662314146125555,0.042581961641962866,1.9470251186788299,1.1712484704433435,forward_head
34.74,-0.31903016955322755,-0.10270007401659272,-0.01739633097680207,1.6475966470354517,0.04371795493384335,1.9810354538981227,1.0914102600003122,forward_head
34.76,-0.3046886097051403,-0.13285239545593094,-0.020571462395115186,1.609394824680088,0.048088115542853686,1.868959178587379,1.1856852598864573,forward_head
34.78,-0.3452883595840371,-0.13136259207520853,-0.032570906480544025,1.5461902185811598,0.033160521850749934,1.8188826721871243,1.171242407329201,forward_head
34.8,-0.29931016362222695,-0.10097083150207582,-0.016551868582133148,1.6349582539908598,0.024887929196445058,1.9498655787793704,1.0725529651783472,forward_head
34.82,-0.328476088054206,-0.12043624048277442,0.005000094861807354,1.6638866135684363,0.02523508498306748,1.863271871683919,1.2025136675823818,forward_head
34.84,-0.2947058897516302,-0.11205117477572617,-0.04187762888910999,1.46508958034536,0.03429449093249974,1.8471673615294635,1.1155678453193651,forward_head
34.86,-0.2902034955484931,-0.11834129203578012,-0.023782781031750543,1.676138511167015,0.03467775129524719,1.728536289022715,1.208118256418004,forward_head
34.88,-0.33858561243525453,-0.09428207646808459,-0.02518107941921402,1.7683116518772597,0.04512928078010165,1.7705409462842334,1.1528758953417888,forward_head
34.9,-0.33678334654199465,-0.1343301890358662,-0.029591394865508887,1.5072542564322466,0.014632034226501427,1.8288785999121315,1.0146155997998731,forward_head
34.92,-0.305018370973056,-0.13982005219777674,-0.01632780005853558,1.5728466417089568,0.031138675577858193,1.9234699016769792,1.0839823631788137,forward_head
34.94,-0.3315899597633894,-0.1288372218331768,-0.04451429941333908,1.6735120863106967,0.0340226874247972,1.8186305371435456,1.1953370652204123,forward_head
34.96,-0.36394939514183267,-0.1220368844524838,-0.034875381320990606,1.549519926406242,0.01933078654303324,1.8969019323366105,1.179639629053569,forward_head
34.98,-0.3008477038692494,-0.09929482814841163,-0.011092568333476622,1.511152019686227,0.02526224474743916,1.8654378743515603,1.0538280149880295,forward_head
35.0,-0.3441142694904721,-0.08845269130951988,-0.016730430677292966,1.6115262502722791,0.04491212539036036,1.713174808370295,1.3034699735639286,forward_head
35.02,-0.32784845244958555,-0.14189611069120645,-0.020636082739441838,1.4927575206110433,0.013394661845209363,1.8403449101948315,1.1815147041458574,forward_head
35.04,-0.3111454293267382,-0.12287764961565392,-0.010092276332246436,1.710358130439617,0.03306451911023983,1.8339813315214086,1.1701671126107056,forward_head
35.06,-0.3152310271975161,-0.1140845528746862,-0.01568924223155393,1.5577976384716719,0.02090422410493769,1.8887414074001356,1.1541613763821912,forward_head
35.08,-0.35292947362895594,-0.10965728746929218,-0.02183257398218579,1.6543622467411074,0.036936183146334886,1.9005746752174804,1.2192977605466844,forward_head
35.1,-0.334926147917968,-0.13361265862758362,-0.015197666210165944,1.5922787136383998,0.028072090373374894,1.8193428649535623,1.2384238395498475,forward_head
35.12,-0.40108539586333675,-0.11233408523112927,-0.002098969236523732,1.6067326794703432,0.04392560838907929,1.8976632196590904,1.1694638087046416,forward_head
35.14,-0.3350475953918684,-0.10608185241192936,-0.016931281041042696,1.7407179071570864,0.03028575258000333,1.9200776965145874,1.31917991070103,forward_head
35.16,-0.33347890876354985,-0.1339245420200947,-0.006863276281530449,1.5674175977001852,0.019592872343813836,1.8544066956569398,1.1524405310018615,forward_head
35.18,-0.33085427882613233,-0.12443416710079461,-0.03259609805335577,1.5884637527433643,0.04589499102725014,1.83789707201068,1.070743130591714,forward_head
35.2,-0.30834179106479054,-0.1304484003944225,-0.012789960379588355,1.5462145717790354,0.03077475113630276,1.8395993309220606,1.114641068967832,forward_head
35.22,-0.31983316283790764,-0.12545422228537845,-0.025107576474286797,1.5980817775008656,0.0275211082183048,1.8968193348884825,1.1417456805592476,forward_head
35.24,-0.3326011102767153,-0.1231683714152686,-0.020492371943792616,1.5618657751853982,0.014381495181774649,1.8397840402653025,1.230455485487436,forward_head
35.26,-0.33084350969829995,-0.1104003642477271,-0.020538290631880046,1.5289317204955706,0.03510588837607648,1.9779552145831505,1.1768536572280743,forward_head
35.28,-0.2568565770819495,-0.10538104823532723,-0.022937867810655325,1.7037027094572716,0.03295224176887289,1.8267722389639336,1.1682237120451608,forward_head
35.3,-0.3058141584854656,-0.10817755762798718,-0.03141785720655286,1.586407148830951,0.01263337304826918,1.884506581724,1.1630453725994891,forward_head
35.32,-0.34079435334592517,-0.10079073739154579,-0.029620692194238196,1.5272525044587244,0.026355142051415082,1.741211631248738,1.1584825054658099,forward_head
35.34,-0.34974032235968294,-0.15017919593238085,-0.027723463252833702,1.4056137438384955,0.0355339752986511,1.761131266677089,1.148722734652707,forward_head
35.36,-0.3022381969326954,-0.09182920211942917,-0.032074709840729,1.7571339096874492,0.0373279730488567,1.7609667204717567,1.2607856790615144,forward_head
35.38,-0.3356526894109369,-0.09119009093780246,0.009276907048261899,1.6188282579583904,0.029708193855823347,1.9081642037813742,1.1422352900206716,forward_head
35.4,-0.2887488551934142,-0.11344597370034037,-0.02282455110220741,1.6397891773233633,0.03072001079433362,1.902907913043769,1.1089194130481703,forward_head
35.42,-0.33229340901254967,-0.11303625219240741,0.010551980101341622,1.5743554006682356,0.035659310429377186,1.8873785393424607,1.1891494218693386,forward_head
35.44,-0.2858922803546012,-0.14876043587056312,-0.028363824634376887,1.493042875224295,0.03059283983363517,1.6584266989891918,1.2380125196576328,forward_head
35.46,-0.3268542264834886,-0.1158091148098009,-0.03378200634191928,1.4541446045982087,0.03150619128736402,1.8617435129568398,1.1729911283322134,forward_head
35.48,-0.34268489646577555,-0.11727365279356766,-0.02086841065382724,1.5426877701091415,0.02639020052238776,1.957448908283297,1.1904454178136614,forward_head
35.5,-0.3450184024195257,-0.11398104291281258,-0.01044978615838891,1.5978363922672114,0.025948976712440612,1.8730230591300112,1.2043437839230438,forward_head
35.52,-0.31701325350367565,-0.08356895254222964,-0.006455902945400419,1.6872567013699686,0.027105990390429643,1.8501386770397379,1.140900197186955,forward_head
35.54,-0.32435100816812856,-0.12175987708040434,-0.017037991413311554,1.5343487120968318,0.035903719618459756,1.8202902136812193,1.1124954090765955,forward_head
35.56,-0.31554435632981415,-0.1394841076661357,-0.024268118442446987,1.5873051489688441,0.036219826917172085,1.8243862185386248,1.1557659471462054,forward_head
35.58,-0.33594613989486466,-0.12274216511539243,-0.03288480567869022,1.5255448923426427,0.041598098778703,1.8660071445660327,1.1647658395603042,forward_head
35.6,-0.30015026861854743,-0.1018606728655534,-0.034535740875000914,1.6191610673451389,0.013333695490028854,1.8582497655321513,1.0657286280508136,forward_head
35.62,-0.3033131665305779,-0.10488330624438974,-0.028928329293752067,1.5976622268928748,0.02115883361288647,1.861923610685145,1.1178081407207654,forward_head
35.64,-0.3322315723242455,-0.14598221289698518,-0.0385026774468238,1.7332660563857594,0.021698592030314164,1.7545319767707397,1.1183295242804192,forward_head
35.66,-0.31827672438615245,-0.11242251600043515,-0.006803840997585726,1.6378074639918472,0.041722119947873754,1.8277981127058718,1.0968511377716434,forward_head
35.68,-0.3174487257194736,-0.126821603652731,-0.025264056747698067,1.8173337423793683,0.043909324624048625,1.8001000389960944,1.0883264021361378,forward_head
35.7,-0.31690446575975617,-0.12498677552793747,-0.01882100864773154,1.7221316029927023,0.02184401733428067,1.9393724664945093,1.123996246144419,forward_head
35.72,-0.33534691206430395,-0.13211927661950593,-0.03404427761080826,1.529937322925522,0.03680578398272188,1.9016161437554586,1.0999341643625873,forward_head
35.74,-0.3222921307825502,-0.07362601429556033,-0.0023754358536738755,1.4959680912639723,0.03384841343318512,1.9559841217291332,1.3168048328132804,forward_head
35.76,-0.28877098126727735,-0.11477847034944388,-0.015728219045845437,1.7414194335153357,0.028524136976608116,1.9146189883667695,1.1674495166459675,forward_head
35.78,-0.3432375838184495,-0.10731486468854465,-0.029663508871452627,1.522717141920721,0.019363237275341786,1.8780111723952713,1.226785931493572,forward_head
35.8,-0.3266317856813828,-0.13760112974750946,-0.031367536174692484,1.535560001357626,0.026252531148366568,1.8633985161339217,1.2069879314208989,forward_head
35.82,-0.3311224902918465,-0.09552060725369058,-0.0484231366589007,1.5010423801428279,0.024758291771855755,1.9222745736823952,1.029439578366641,forward_head
35.84,-0.31953671841895614,-0.11473234980752009,-0.01757346357661054,1.6799151636887828,0.028689169889689097,1.887177211481389,1.0924415390821094,forward_head
35.86,-0.30420896497698185,-0.11765580392417252,-0.030751898163285937,1.708971220152211,0.018562598347754377,1.8826929702133957,1.1357064037529776,forward_head
35.88,-0.3410979605474,-0.11474932500627262,-0.03050261074532263,1.580772956716077,0.03576340054849831,1.8129487753739304,1.0619095751904883,forward_head
35.9,-0.30255803705283213,-0.10045666498045373,-0.014987906829664216,1.6052149844010766,0.035908419602697896,1.8199246767763293,1.1695151708579314,forward_head
35.92,-0.34829340306340784,-0.09182439599709015,-0.009497968001612365,1.6698502988556676,0.01923411849631468,1.8784242764827939,1.0508904354444943,forward_head
35.94,-0.3312413520787506,-0.1071787384929472,-0.03766432703118129,1.6518148499089105,0.03535408802359242,1.9196665049129318,1.154778199286255,forward_head
35.96,-0.30706921698292966,-0.10745373189087448,-0.012656751304097586,1.5774818194672884,0.0329353427197486,1.900798140640247,1.2645730416545227,forward_head
35.98,-0.2963010758680515,-0.1004800856872331,-0.01853762046141128,1.610610549324321,0.018550358360637474,1.8467298818537856,1.2268753900533962,forward_head
36.0,-0.3038409090667027,-0.10993578104653277,-0.020403188342319994,1.623810320919001,0.03300598308390534,1.810328532620016,1.10906488917264,forward_head
36.02,-0.33735455267581105,-0.12022454626496192,-0.014847249891861437,1.6678471413457574,0.02861666649934474,1.7983400400743859,0.9954697993604914,forward_head
36.04,-0.338117619767174,-0.13168474605825312,-0.04250103645409146,1.5387329356518284,0.029391340061352515,1.7298657464536813,1.2093541288581764,forward_head
36.06,-0.28952423065694605,-0.14889179375247708,-0.010568134602650468,1.470104327134068,0.04018386980407564,1.9951939716364981,1.11435061620685,forward_head
36.08,-0.33897996235858957,-0.09466040456796998,-0.02629128534950763,1.6011704021678408,0.0207986522416254,1.8221042414867914,1.0901522473451741,forward_head
36.1,-0.30859401123852565,-0.11596939187713699,-0.026507521948220807,1.493151993278318,0.03307284477959922,1.9288546374766304,1.1365353187890685,forward_head
36.12,-0.31022181758706885,-0.11570679327259821,-0.0356059305556423,1.4668621789389518,0.010789028634519686,1.8671165410128356,1.023402219072504,forward_head
36.14,-0.30127680345499525,-0.12380953590898836,0.0064038217777250914,1.617799849160532,0.027086363441864866,1.847473496722115,1.0922735063473574,forward_head
36.16,-0.3553686145219402,-0.1089816739511468,-0.047830861833253156,1.5460017545414984,0.02986287148772606,1.819918294192689,1.1397691772232295,forward_head
36.18,-0.31358210632764427,-0.14435271586859302,0.01010011423269984,1.7417111911542178,0.019840801088265213,1.753209626507377,1.1480913942967903,forward_head
36.2,-0.2672822056200444,-0.09370186742769895,0.008260538415665115,1.5446386285228517,0.011978041322582803,1.8692002704650659,1.1170493402745596,forward_head
36.22,-0.35537410293773325,-0.08518951710677748,-0.009355058873299403,1.6649420134433037,0.04125948931504108,1.8870659610936205,1.1721775114534192,forward_head
36.24,-0.3302159711402554,-0.10839243307609037,-0.035344448533616506,1.4384393674619582,0.030067080408358086,1.9140319375394041,1.0823302208081849,forward_head
36.26,-0.32661222748588803,-0.12483967849356949,-0.03458549385992742,1.6855229366382503,0.02565286290432424,1.874012004656371,1.0635610542401794,forward_head
36.28,-0.29750217206832985,-0.09519047921847147,-0.057902036055309546,1.538049005663265,0.020657587360398192,1.8645743527235483,1.2457367179055188,forward_head
36.3,-0.26023993833222603,-0.11535218374649503,-0.013496221233294225,1.560271021557451,0.04965444804411226,1.8387023611993043,1.2307568444173913,forward_head
36.32,-0.3145777200894057,-0.11783002223843861,-0.01821085739184859,1.543115788565866,0.03445114257776696,1.9187828081877603,1.2145229175995236,forward_head
36.34,-0.3006323249602545,-0.09144992119336261,-0.00877268043535878,1.5338321994528052,0.02530950744795477,1.8505925331072188,1.1541990300121396,forward_head
36.36,-0.2904556867158809,-0.11015481471309074,-0.0175048510389299,1.6102362209713186,0.02301901350602601,1.801620790648761,1.151421197247074,forward_head
36.38,-0.2892700273730204,-0.11330036909519084,-0.004694316428487345,1.5021654959529016,0.04164207773533945,1.8578851729606105,1.2133221980737208,forward_head
36.4,-0.32844801188251693,-0.09687396847988715,-0.023841700453752546,1.6806589280072892,0.031423175476583354,1.8256918169178844,1.1658360134644814,forward_head
36.42,-0.35748859885984624,-0.11843172919934628,-0.010784679251307905,1.5199456746333821,0.039135104164911706,1.7425854279238628,1.2071889173437655,forward_head
36.44,-0.33292938610235245,-0.08996715283720129,-0.030717586635963648,1.5695133862210615,0.03682249087297395,1.9099576798866194,1.102749417457835,forward_head
36.46,-0.32987747215551094,-0.162668065937447,-0.022839120340541225,1.6312100048993432,0.031721903229267025,1.7929127654837183,1.1189956758814739,forward_head
36.48,-0.3181285442069061,-0.15190003707030322,-0.015746662520191027,1.6309557576563798,0.04651445997767821,2.0184563987199184,1.1181044712094774,forward_head
36.5,-0.31273996351752825,-0.10240953239010746,-0.025155612036727414,1.6716416384746937,0.023529124128232,1.828715125584298,1.1016765102645294,forward_head
36.52,-0.2757996148416702,-0.07645075589567431,-0.013944337330333482,1.53313013851234,0.04429063675138223,1.7763138033633903,1.2148191314683987,forward_head
36.54,-0.34321392405244255,-0.10742637556724308,-0.020180613332899472,1.6740433020567242,0.03225408763969909,1.832261632243166,1.1550572380914312,forward_head
36.56,-0.294803823732243,-0.12446152768623348,-0.023809702553694675,1.5938207693153907,0.015694000921261907,1.816539815574264,1.3351227713939366,forward_head
36.58,-0.2926540874197657,-0.12407576735871274,-0.020106158802069014,1.5833932942663034,0.02935194281518262,1.7182002304879336,1.096077579460944,forward_head
36.6,-0.31365101036486603,-0.12022633448470674,-0.0032484180718748853,1.6847479547171247,0.04082196573422626,1.900240100482769,1.1004036463588593,forward_head
36.62,-0.3279643987883281,-0.10938047436490082,0.002788938223319865,1.6678233789572965,0.0312338727437291,1.9049866303516425,1.1036858993615075,forward_head
36.64,-0.3201628720277126,-0.1326894493398559,-0.02318166104886705,1.5619319023191958,0.035166491898913195,1.7917738855320535,1.183920415128869,forward_head
36.66,-0.30673642695708475,-0.09424487558818909,-0.02539063381072419,1.8339491392715366,0.019647516072987335,1.8626675524743146,1.1000543444589603,forward_head
36.68,-0.34404617845267943,-0.1437022469809294,-0.028359811049939825,1.6173822884751528,0.021971698325714432,1.9053166917912594,1.1865495545811064,forward_head
36.7,-0.3068371898570056,-0.12966361270920135,-0.010629509995298339,1.5466616976875334,0.011410184967381536,1.8348593328171525,1.1318222991037472,forward_head
36.72,-0.2898878307847409,-0.15385005670127327,-0.03466503157345256,1.6213180161218015,0.012815222308370799,1.7990921205741506,1.2125639575597917,forward_head
36.74,-0.33863908213407284,-0.1329826242867904,-0.03433484250974466,1.654683840767005,0.023416867210517445,1.8967823025289428,1.1876977774258213,forward_head
36.76,-0.34067446243531024,-0.13200420399156523,-0.016770518626623095,1.641690948148006,0.0301946173857318,1.8931333347793486,1.0939258784337742,forward_head
36.78,-0.29901024130951515,-0.12505152258476765,-0.041558091584352044,1.70796466698544,0.04071539437447495,1.805206748886209,1.1004744833447537,forward_head
36.8,-0.3125084786100149,-0.09754406484459788,-0.033869324556586713,1.4269474673022233,0.01931229169386163,1.9079679297958545,1.1322257579774606,forward_head
36.82,-0.33059957507017285,-0.0840500698760602,-0.025962235722958728,1.523012009675895,0.022196944680781167,1.9201290031102731,1.118274378246149,forward_head
36.84,-0.3291291718559358,-0.12040332409186989,-0.02717503121424413,1.5358756056593976,0.028630261899650896,1.9051267701229164,1.1357674204745065,forward_head
36.86,-0.3250878201501167,-0.08636269926882834,-3.996136745765556e-05,1.6987548733040156,0.03811774481557221,1.9015571863988616,1.2428410718328844,forward_head
36.88,-0.3019596713147466,-0.12047739287738878,-0.03495783440110225,1.6256208999029782,0.028286394805089526,1.8869222118760587,1.16766793356184,forward_head
36.9,-0.3097257190171884,-0.1201383223989785,-0.004819225914750306,1.6426299672589348,0.031650378676118425,1.9398469355369534,1.1117210740372454,forward_head
36.92,-0.3229524078951506,-0.1295410547087724,-0.004333853312340896,1.6506713540364701,0.023212139771734898,1.8880847069366284,1.1887718985330789,forward_head
36.94,-0.33982354034064327,-0.11720530418757748,-0.0297376869238975,1.7616563300190984,0.026411374791081337,1.8599338401404453,1.0819145625224889,forward_head
36.96,-0.3369220721563484,-0.11410600154710812,-0.023542701844370958,1.5016105988054627,0.025994024247695195,1.9012880158201966,1.1132933831793195,forward_head
36.98,-0.32788387370023264,-0.12443047057903926,-0.014577371409671525,1.5587389467126291,0.0302651826995673,1.9530900824926554,1.1576606835317975,forward_head
37.0,-0.28727967594773757,-0.11724255400832082,-0.04660996274582114,1.7543353713790146,0.029455849854040435,1.8391128914173736,1.0912335731326719,forward_head
37.02,-0.2913168838243284,-0.08118534467087345,-0.020075372158555736,1.4621379795922953,0.033998209790951334,1.874292602921731,1.1225177059354734,forward_head
37.04,-0.2935661089247844,-0.093393432289356,-0.03921967564175307,1.5427113160619077,0.038720937427375146,1.8631286224253036,1.226795764556033,forward_head
37.06,-0.2952831851697689,-0.12228007405999146,-0.01771522025756163,1.7537573987694124,0.041560137349176705,1.9206656124667845,1.13836839645403,forward_head
37.08,-0.31904751469422754,-0.09882530569519331,-0.016795625966675762,1.6752899913551031,0.028305274478444154,1.8929315263550426,1.0971592430724464,forward_head
37.1,-0.34416334547726807,-0.10092154149885203,-0.012742543359348652,1.6021368440594532,0.02343766401559028,1.862605641469431,1.2007801799725741,forward_head
37.12,-0.3204090029509278,-0.10785938757433013,-0.014610002392999021,1.513752466188044,0.024725169828368577,1.8460696878313085,1.13546631292048,forward_head
37.14,-0.33888666342672535,-0.14661154540868368,-0.03349272081463922,1.5006934702182566,0.026841240562184888,1.8186627723215092,1.2179201325102498,forward_head
37.16,-0.2815448105624789,-0.0933941451684139,-0.016340476270107384,1.6633692225388996,0.0373718826975093,1.829122287346622,1.1843426819497025,forward_head
37.18,-0.30261314272581524,-0.0810741258487137,-0.021839534153765747,1.622090337737943,0.03573825254197293,1.7988278986421617,1.0650527723217484,forward_head
37.2,-0.28611865071535786,-0.13770619110702662,-0.00878460546867957,1.4568041146105413,0.04175281448353902,1.865396302025357,1.1599781729529908,forward_head
37.22,-0.3059152930900918,-0.10472050347793123,-0.01648052307155981,1.6275353986453676,0.05006319768949702,1.7410846908745254,1.1712793150101046,forward_head
37.24,-0.31949143633331395,-0.09022854892808164,-0.011082797938137564,1.6673546562077792,0.04076653757905636,1.836865507686129,1.1015870109371315,forward_head
37.26,-0.2974036602231173,-0.15244944379027234,-0.018186146566597373,1.643364749123009,0.03189512951690966,1.751797796188695,1.0203344303654673,forward_head
37.28,-0.2903337651803677,-0.09119028832118284,-0.010575410727795158,1.6343489585871425,0.05030829256544059,1.8818712333278977,1.1102993605820193,forward_head
37.3,-0.32994192801052824,-0.1115269452477031,-0.03894011541918427,1.5601492545093174,0.030878177613937383,1.838416836912687,1.0787445701145975,forward_head
37.32,-0.337917864978512,-0.06709460652090984,-0.0430709063109146,1.6146334017586512,0.01899252775886045,1.842877994353269,1.1477841576807506,forward_head
37.34,-0.28117119267330964,-0.11351159350345073,-0.010187824942767609,1.6572454775454752,0.02501637701967572,1.8726243563631502,1.2611108898153853,forward_head
37.36,-0.2613144056298569,-0.10394538596785931,-0.028100669166250872,1.6351168333888473,0.036949959811433,1.8542760056871055,1.0700341821501016,forward_head
37.38,-0.3561376849236567,-0.14581234911904525,-0.029902353073545544,1.4541075887369057,0.04093687547378734,1.8819832582875065,1.1805107741485905,forward_head
37.4,-0.32101159691755415,-0.12549430615975823,0.001414820556619025,1.6615626191724282,0.026704697189147645,1.8770753503519606,1.063842506255243,forward_head
37.42,-0.3231822127641024,-0.11911625594551783,-0.010669112626033577,1.5547074436247288,0.013790140712484064,1.7106227824297742,1.2084755908174907,forward_head
37.44,-0.3403351504213138,-0.11515513131367179,-0.011230385836357805,1.4659297589785063,0.04451251605423636,1.8793574810969926,1.1153070664675575,forward_head
37.46,-0.32864810160205965,-0.11214754495747181,-0.020508630686706608,1.605319404405803,0.02454852811926876,1.7417682669381847,1.1893239880451925,forward_head
37.48,-0.3107791627798119,-0.12018000674037889,-0.032745088856786224,1.6197732527994497,0.031059847672297303,1.8462130608392362,1.217694532012414,forward_head
37.5,-0.32908203161068783,-0.13112872260787098,-0.02660177739394306,1.759371579260081,0.03941034378691154,1.8301212119146333,1.0939859366308011,forward_head
37.52,-0.30844368566493585,-0.13542606193315773,0.0002850090594238677,1.674384844918144,0.02486412823990375,1.8569126163648317,1.2495446021934864,forward_head
37.54,-0.35597840171765205,-0.10891766291408393,0.002441878960279135,1.6028728192069563,0.02399420852010342,1.7308840848739204,1.1256961266502217,forward_head
37.56,-0.3342203519823845,-0.10532593902741748,-0.05699986321712538,1.5292810543700848,0.029570939044489764,1.8335851142109347,1.15238211927522,forward_head
37.58,-0.2946843389433291,-0.12230403257451197,-0.01709995383927771,1.4477952556487828,0.025532240226103172,1.8140156669097154,1.1072787619449107,forward_head
37.6,-0.2944307265388022,-0.10192686766861031,-0.01206240342033514,1.6456612493259288,0.033286382171936496,1.8518690502441706,1.1642024196233989,forward_head
37.62,-0.29153718358791686,-0.10126534133571229,-0.01241573336443569,1.6185254420004402,0.02948060866379001,1.8276080983202263,1.087545030029099,forward_head
37.64,-0.35672830763716673,-0.13060128888471015,-0.008058321619436475,1.716526446993652,0.03952227792390801,1.8162886141809822,1.14295707461119,forward_head
37.66,-0.2888662244705433,-0.1385001097960171,-0.014628138298126031,1.6517151229259042,0.045451851338134924,1.9134261702984514,1.2057594458700756,forward_head
37.68,-0.29889872095231723,-0.09129172945807663,-0.04599887588146687,1.6262663165100162,0.032944692033787804,1.8067055580706108,1.139310048250735,forward_head
37.7,-0.3182581400761875,-0.1326222693019225,-0.02484809524272904,1.4552756699094458,0.019581563047639906,1.8545088064584627,1.1920980624625757,forward_head
37.72,-0.3331514563967008,-0.11065394068284942,-0.02674208320106276,1.6598654515007867,0.04395752622342711,1.8838478796662348,1.105353521108507,forward_head
37.74,-0.3394333627035344,-0.1260670032568986,-0.015936452432089698,1.54719962745961,0.036682228294617085,1.8134830461189035,1.077143148177066,forward_head
37.76,-0.3312541044301951,-0.10953437495049309,-0.020347534128465825,1.6953079147985015,0.028029421598234697,1.8007379874292688,1.1101414696997367,forward_head
37.78,-0.3258815697873496,-0.12908457747201663,-0.03247015063064519,1.5262455184652295,0.02939712535382007,1.840606748515303,1.1807201902452107,forward_head
37.8,-0.3151762803524611,-0.06601486007298443,-0.0237225039549934,1.849619897543585,0.026569299897235877,1.956410047094662,1.0988116517860287,forward_head
37.82,-0.319815730220551,-0.1073972203436454,-0.01984125666503607,1.4708039862817424,0.014890884039829116,1.8864004798996157,1.1216677070032395,forward_head
37.84,-0.3435606564874946,-0.11846222413820172,-0.04694095545452139,1.6279889481288787,0.03518600993084369,1.832048206149154,1.0995731286745596,forward_head
37.86,-0.3040762760512819,-0.08734979050185683,-0.014537813139937973,1.4583321202055184,0.031814072821329906,1.8573383510153683,1.258631097735896,forward_head
37.88,-0.28536314522047435,-0.11202130848015206,-0.03847648241926495,1.60818702986354,0.026142155364799934,1.685118812322788,1.0635635200985276,forward_head
37.9,-0.3198399932944212,-0.11580448401536593,-0.02017388629591195,1.5356214179136036,0.03634229056962999,1.767006903507078,1.1743266583249987,forward_head
37.92,-0.29943796874576284,-0.12355457815676017,-0.009532512272966533,1.6037546031390688,0.03820191690933483,1.9854916020129907,1.1456914938625846,forward_head
37.94,-0.3150889688637564,-0.14017998539087023,-0.02811797102213879,1.5583229906951004,0.021294721398316667,1.7812614225593353,1.2768979072036606,forward_head
37.96,-0.33913786712934313,-0.11893906672631126,-0.004500945939836998,1.6903622882400204,0.02615612096497704,1.9319830116604644,1.1687066924256397,forward_head
37.98,-0.34730756177528355,-0.1125969340241581,-0.024523141272296847,1.8421549804921473,0.02934552717321115,1.8137006354971577,1.152370709613313,forward_head
38.0,-0.3626110384128896,-0.10715800647981819,0.02517920723657821,1.4623645676898247,0.03364055619617254,1.8916364037290259,1.226244795767581,forward_head
38.02,-0.2923727795543113,-0.1093938700947275,-0.015278406934103062,1.7267224118405458,0.031060457138298164,1.8824382419064596,1.1690491605305018,forward_head
38.04,-0.3345491463988027,-0.09028106474636081,-0.014052815564893299,1.5784941380167534,0.024223458104077233,1.9107524367689157,1.1522536285150606,forward_head
38.06,-0.31922098263774035,-0.09416753283056752,-0.0359695445581895,1.5841518073391072,0.04015886841106954,1.8719773228601262,1.2503843421837546,forward_head
38.08,-0.2992594322298356,-0.12811236630832662,-0.04833237970822883,1.4933511812824147,0.0423207299148145,1.8705555614009033,1.1671197244305294,forward_head
38.1,-0.3168826951465466,-0.1107357319074425,-0.021553462895711993,1.438090725147548,0.06465805236402816,1.7892448313228582,1.1379939224533977,forward_head
38.12,-0.34436018789283984,-0.09208949173770613,-0.03931437450394518,1.6009971835370151,0.028691470362505557,1.8210219188155863,1.2234215977743175,forward_head
38.14,-0.30304936312676845,-0.08015552703036763,-0.03645995064317484,1.4797768687208182,0.040886950404920096,1.8663926931948873,1.251284641649924,forward_head
38.16,-0.30922289830694455,-0.12898447939266505,-0.006220303889104482,1.4939182983744426,0.047189007536697664,1.8716349555531717,1.1485065619608807,forward_head
38.18,-0.34807854341845657,-0.12012382862986046,-0.025510683803607246,1.6746365616996854,0.035308574366175155,1.9171601662118727,1.1250590766766606,forward_head
38.2,-0.2888417337881554,-0.10762571652339206,-0.030964906090149943,1.5181174464265303,0.031877345514599066,1.9182665362416913,1.2178445336838954,forward_head
38.22,-0.3008172802831392,-0.11712364490435956,-0.011439359333611442,1.5945511257672471,0.029007488949828183,1.746317733261394,1.1852477876960936,forward_head
38.24,-0.32618602159394267,-0.15901348417247793,-0.053749070954469534,1.6281226450196347,0.035865781931817727,1.9037653128833174,1.1114920622165447,forward_head
38.26,-0.3118202503180708,-0.14173143239148664,-0.017349161358462643,1.4863954995136863,0.040886797960916745,1.8339989932345295,1.1328365747057925,forward_head
38.28,-0.2961833869311052,-0.10466052887607295,0.014715716396907856,1.6673684815036622,0.0322625980917085,1.7654885387772068,1.0903985399773255,forward_head
38.3,-0.3300278175362862,-0.11597298832321232,-0.0020611766002220184,1.6470139696366197,0.030953995923736283,1.9061845838901648,1.1121005459108935,forward_head
38.32,-0.3285479997548266,-0.15278627807024212,-0.025261208912591863,1.6352829500048434,0.04349610280142878,1.7984818581500244,1.2760059301362157,forward_head
38.34,-0.3240141310305482,-0.09416362671796695,-0.02172338122836703,1.5513148045790386,0.030185656187417666,1.795288820187967,1.0593938775066403,forward_head
38.36,-0.33226388749859315,-0.13210681688442694,-0.0024761542104241255,1.6143333154806914,0.02106328462457315,1.7297078577691958,1.1509713242722075,forward_head
38.38,-0.2831608840121608,-0.1264776594130529,0.0069054250029387775,1.6431134287956242,0.05472404622093484,1.8287850504099596,1.1444304202408713,forward_head
38.4,-0.2829117970949981,-0.09576550705932013,-0.03473918898474395,1.6152069946428957,0.028747541649053545,1.8680999362291069,1.108605884137113,forward_head
38.42,-0.34589782536692393,-0.09044083300876007,-0.034480905345055324,1.765928192202469,0.03658746777940847,1.802414409346589,1.1898353900336522,forward_head
38.44,-0.3513292403270846,-0.12660464689715334,-0.025157904704290402,1.6877168269734575,0.04992303163862157,1.727029322366911,1.084902473611969,forward_head
38.46,-0.3290495212708244,-0.14996470401787138,-0.02716071658034806,1.6025863936437557,0.031052277362287942,1.9207886280079356,1.2684264980527562,forward_head
38.48,-0.3528802669926108,-0.1437786856929598,-0.041068645802159784,1.457850178125748,0.01835996767617574,1.79848518384018,1.1462778367101518,forward_head
38.5,-0.30998216782302757,-0.12884428947924662,-0.014028148087801602,1.5428620478980442,0.035618968640270726,1.9122307226100421,1.1214380909801356,forward_head
38.52,-0.30906415055044806,-0.11823471000109854,-0.028052800782199443,1.658233307126582,0.021131905469019358,1.8814857626666879,1.0929228549235122,forward_head
38.54,-0.33782535629233074,-0.11584207468075568,-0.021253699719908106,1.558182575088975,0.03566196683014565,1.8824034230421605,1.1878096476513995,forward_head
38.56,-0.29778954131981034,-0.1269251731258626,-0.03963343196301475,1.544008702310406,0.019985828044275712,1.8333878471041591,1.2346642014528928,forward_head
38.58,-0.29520697840657684,-0.11641354394574698,-0.03209794692598616,1.7123886019387013,0.024633430514562533,1.8112658826050045,1.0540930902045509,forward_head
38.6,-0.29554456753990643,-0.10551335398554858,-0.024788110007889767,1.742842620347457,0.009620255540272703,1.8283371744417303,1.2063374616184817,forward_head
38.62,-0.33355064718195215,-0.08128636660100108,-0.0059242061381013155,1.5565007329289515,0.03454346220108552,1.8340458208045436,1.1862904591774315,forward_head
38.64,-0.31695158588242034,-0.11157970871112993,-0.011291498575656079,1.3788222774690557,0.03966726675098197,1.8749659847419067,1.1371502582912036,forward_head
38.66,-0.3461800269795579,-0.12393030611758762,0.003496348221459535,1.4818076638378797,0.02702265922962295,1.9010748540757414,1.2331952223084033,forward_head
38.68,-0.33387635276433136,-0.09654427127075356,-0.035541630884905,1.6831283423067696,0.016142145079297725,1.8199353219699135,1.1589624990212444,forward_head
38.7,-0.3114907277494517,-0.13677065916852962,-0.00042653027412815507,1.561634186008896,0.04345348984085991,1.7492328346473165,1.1971798104730182,forward_head
38.72,-0.317827350821849,-0.10432150072617734,-0.02921391543810545,1.576586304765871,0.04060942896241926,1.8754486153386785,1.0377699370319917,forward_head
38.74,-0.3159444235290022,-0.1179058107871093,-0.02510409230710494,1.472158778082956,0.019529965617054917,1.7410712874383765,1.06132512393988,forward_head
38.76,-0.3334222481234264,-0.14420984447227533,-0.006344848043974668,1.5463526746223926,0.034009330024429484,1.8402980580101787,1.1445021930516557,forward_head
38.78,-0.3569326593747605,-0.08702032605120061,-0.03372494094835375,1.6474020687811415,0.04130270039949233,1.7521318699064106,1.115368308516939,forward_head
38.8,-0.2810851588881323,-0.12168423935399629,-0.02317440023684155,1.733398379812541,0.023470000946553753,1.861203574686017,1.2463614393659654,forward_head
38.82,-0.29783102881402357,-0.15460447666422603,-0.008517585338863288,1.517815213634064,0.03979446545163001,1.7862566126040291,1.1582009677492004,forward_head
38.84,-0.33937797404218506,-0.15200289596241345,-0.02092929145549553,1.5559732733077731,0.042535446621491196,1.83945283319433,1.254169736306142,forward_head
38.86,-0.3055357283129551,-0.11120029590921,-0.013085937290250947,1.5403930490436601,0.02875009702619228,1.8716734549818035,1.204620615172418,forward_head
38.88,-0.3480889055427316,-0.1274925588268861,-0.0038668899698899146,1.5862245510173139,0.03210054051276011,1.8800369263451104,1.0946155440018477,forward_head
38.9,-0.29586307780326104,-0.11773494098362271,0.0014266123949514425,1.6575365363028582,0.022019453695277094,1.7941077784856958,1.215101709459161,forward_head
38.92,-0.3014908599216895,-0.08162364091235547,-0.05689994761058128,1.4585078473746789,0.026502874850320123,1.8623113513312066,1.100104393535453,forward_head
38.94,-0.3360322221343712,-0.08990321541828591,-0.02408800574011603,1.5890079563460036,0.029625891640906038,2.0074407130153373,1.2384169508540837,forward_head
38.96,-0.32301325600772846,-0.16051817329436227,-0.016305404180649494,1.6300144141930786,0.03344805039102009,1.7191462248518894,1.2192381321995938,forward_head
38.98,-0.30332069836970915,-0.1226113146071254,-0.01389683096921485,1.694355792353113,0.04462178132760258,1.849646592645366,1.128129365977229,forward_head
39.0,-0.32750032749841107,-0.12317765921516512,-0.022500640860137183,1.637229731806734,0.026425063644616803,1.744225311370565,1.180641839651599,forward_head
39.02,-0.3404673415752455,-0.14054862440981375,-0.032815764503067404,1.4687682771554653,0.028688900533983794,1.8470443953974904,1.1691337839788707,forward_head
39.04,-0.29251655626734885,-0.11375406801202918,-0.03637326237869907,1.5063553896545474,0.02590691960546252,1.8763142232940504,1.179006846084194,forward_head
39.06,-0.37647854136849374,-0.10243581747001244,-0.015073327781912825,1.6455828278719853,0.030243874873509914,1.8769839177749292,1.157126621312067,forward_head
39.08,-0.349954558994477,-0.08726746753866348,-0.026517834710980227,1.5957123041824077,0.03607845193251698,1.7679963076792806,1.0988297686496389,forward_head
39.1,-0.31469281229550966,-0.1277243352953679,-0.053240802888934645,1.6160254662443552,0.03271390400386115,1.866121296691692,1.219829367648901,forward_head
39.12,-0.3219243640292786,-0.11126675502514656,-0.0481392297348995,1.6789926362539538,0.022655001391033755,1.888514379396608,1.1187040228433676,forward_head
39.14,-0.2981180579512019,-0.10421974523806765,-0.025201386696576858,1.647839344271185,0.031151126279433852,1.9220819895304098,1.1155614981083661,forward_head
39.16,-0.3155580801041571,-0.1380757300503447,-0.021430407850082545,1.543026236848742,0.03742884198261276,1.9079772717630288,1.1589188635447478,forward_head
39.18,-0.32365998849013533,-0.13255669200929968,-0.027326190609415078,1.6487537837988484,0.017605853869476683,1.9690820709168193,1.0936709662724367,forward_head
39.2,-0.3494373945340879,-0.10100223935838426,-0.011624331606812833,1.4963504108866874,0.03374825154545774,1.8739633611295812,1.1776739865799692,forward_head
39.22,-0.302206592998638,-0.10450656504387541,-0.04570661521161662,1.6443593635258453,0.037345715463278646,1.8567481218793187,1.0454936644278283,forward_head
39.24,-0.3092738049059115,-0.10152999641587791,0.010470456326700949,1.6199829380511408,0.04903020835767423,1.8541661836483254,1.1975609621754795,forward_head
39.26,-0.3016852922094475,-0.10422046018041772,-0.015655337831715216,1.832367349682219,0.022457516671608828,1.7811751843690562,1.2353860943307942,forward_head
39.28,-0.3060491980201725,-0.11663880938472335,-0.019235004235839053,1.5435306922159635,0.030036010725232196,1.8476612820486866,1.1180100084037885,forward_head
39.3,-0.3072720877496153,-0.09454004444060787,-0.04142245282147799,1.710840678373816,0.026551771874315327,1.8695924317197958,1.1662948964449225,forward_head
39.32,-0.3311541407665071,-0.11305546767164942,-0.02335749264249147,1.7431243956856122,0.029129246168017705,1.7724617041842499,1.1439551625419102,forward_head
39.34,-0.30569564268303134,-0.11432444985340744,-0.021127626444993084,1.523665516719622,0.0332107900010949,1.943196956140961,1.2839708676518449,forward_head
39.36,-0.34473984210488,-0.1040745074684648,-0.028032011620537204,1.5747706304090132,0.03719853942593295,1.7987824943596176,1.1317765939108797,forward_head
39.38,-0.3170032226086014,-0.12191046655530129,-0.01565017700259669,1.5989927589143178,0.021817729878346674,1.7792656527090145,1.1367044592396933,forward_head
39.4,-0.32721368648135407,-0.12591433616699507,-0.0088921134614111,1.493517913694928,0.03714797112873866,1.8739338470067064,1.1480999367299536,forward_head
39.42,-0.2909746129487675,-0.08126811606748328,-0.028928103504680936,1.6119738744009058,0.02400324126252166,1.8613646761848202,1.2073297827848057,forward_head
39.44,-0.34759905994692425,-0.1388198299103532,-0.0076545387985385354,1.5512393567699891,0.007204939424391623,1.889695601134012,1.0292275647739162,forward_head
39.46,-0.3194166094275954,-0.1043188536622938,-0.009121043476814165,1.3081667226239757,0.026910051413491804,1.795085230559348,1.0316786255887873,forward_head
39.48,-0.3373560744758369,-0.1305099200872261,-0.03847997788631168,1.7176780675480439,0.04693256226851483,1.8124206187639686,1.2842944672040404,forward_head
39.5,-0.31021718653377434,-0.103939340855049,-0.01511603525244363,1.7526067298069719,0.0333899506408074,1.8708675413717077,1.1730067134429223,forward_head
39.52,-0.3341426570574603,-0.15688996307535458,-0.04639153449552593,1.5983736367051005,0.042059623603823794,1.89077893482274,1.159225194876029,forward_head
39.54,-0.31533570771092234,-0.13787601648084769,-0.023548184223845768,1.5718622928575228,0.05353932482099476,1.8494804760705488,1.2325115559345183,forward_head
39.56,-0.3039282209521128,-0.1072900529826048,-0.013576414684031158,1.5973799229838264,0.02246618256225317,1.8449285977773207,1.1691363472356513,forward_head
39.58,-0.3353837214225924,-0.13299050534377022,-0.008096492150182159,1.4541441697051818,0.031010267275151823,1.7954277825495977,1.1737701005985681,forward_head
39.6,-0.33788414139596107,-0.11534951219282712,-0.038035797600979374,1.6281983063198595,0.017839606699476374,1.7922484895998336,1.0544390656462634,forward_head
39.62,-0.3079565975409477,-0.14532345791590645,-0.023881886937453956,1.6724214962425932,0.04526547250642144,1.8976580870620825,1.1365863191545518,forward_head
39.64,-0.3257007053409921,-0.11342823067981594,-0.035316603004121136,1.5493316608655214,0.03829631227802043,1.8686959925693305,1.1808547048754776,forward_head
39.66,-0.32244142292868117,-0.11595363744881736,-0.01643402264619137,1.6315545998161693,0.036283175530270446,1.9621160675725435,1.1121719214583006,forward_head
39.68,-0.3079395119774612,-0.12993432934134436,-0.031611534848218825,1.598540464294985,0.028420164785014156,1.7671216273225598,1.2240812816845112,forward_head
39.7,-0.3484438479757013,-0.1407318782078529,-0.02132399112918709,1.5569513703403364,0.019311438867310106,1.830069140499916,1.1054594998454637,forward_head
39.72,-0.3064444477323582,-0.13797974640528737,-0.026201165819334363,1.6472183104892806,0.03305583603619664,1.8132776340226542,1.1264059261933468,forward_head
39.74,-0.2877560000920758,-0.11820534712616082,-0.035661884069461094,1.5143688284710732,0.03288725100538992,1.8015126442248413,1.215158483870168,forward_head
39.76,-0.3254774963302574,-0.0855068123329274,-0.025835603270330347,1.5743906284776847,0.023625402209099602,1.7287200593039134,1.0947291492975701,forward_head
39.78,-0.33298692234951555,-0.125974351685078,-0.034514257322934415,1.6780199786484058,0.024169140903882443,1.9267354869019526,1.053335039312278,forward_head
39.8,-0.34078241364517775,-0.12762325735161825,-0.009281571243194302,1.5601395285400879,0.03264543783924371,1.8755729521739433,1.2154968304157574,forward_head
39.82,-0.29483596141551094,-0.1313477126394981,-0.006596311842608489,1.687058227184679,0.0378234406264384,1.7505557642000869,1.0990838094521784,forward_head
39.84,-0.3199745909806123,-0.11201514478343354,-0.01822128312659357,1.8187218499664528,0.028639151629455333,1.850716588949539,1.0769644323882317,forward_head
39.86,-0.3391948964737008,-0.07241501159369057,-0.009587834572321496,1.6586549639581885,0.053061126064153655,1.8779029348284417,1.1529646992592644,forward_head
39.88,-0.33555796416500316,-0.13863075798237945,-0.04026585485556513,1.5260075933225485,0.018606397073283057,1.8476890698756225,1.1438111914160476,forward_head
39.9,-0.36139373995615237,-0.1418556497812583,0.01626989922176464,1.5085618537079246,0.03214303136239101,1.787930535023552,1.139214593437192,forward_head
39.92,-0.2956040949567158,-0.11660034954103245,-0.026091643958077285,1.6712645741557302,0.03962851760391485,1.8097948939123687,1.1074007643427137,forward_head
39.94,-0.2685884743086318,-0.1113533859363278,-0.01880263067902888,1.505998495684295,0.0294739656439942,1.858990481465507,1.0880473936033404,forward_head
39.96,-0.2763688068034261,-0.1222698272934164,-0.016761315786490306,1.5332159449120608,0.036498697829987686,1.9178879402737201,1.2207552191373678,forward_head
39.98,-0.3227445254693553,-0.06138307649977198,-0.016761198420674545,1.4721725319763923,0.033646574057159075,1.7629532557084266,1.2180497891679887,forward_head
40.0,-0.3135987408771818,-0.07556157812795401,-0.02672050496283626,1.5966486081459794,0.023377519125993847,1.8517510901393441,1.0835664325368655,forward_head
40.02,-0.28526654200291823,-0.10512256121047284,-0.015381610164907057,1.7146158406529566,0.03580015925661382,1.9081102350449577,1.1647276473719377,forward_head
40.04,-0.3042935808435579,-0.12090932071299439,0.001000966022784862,1.6437144918287396,0.02356097809450093,1.8847747570025277,1.1865813902541968,forward_head
40.06,-0.3465852693830453,-0.12487002753310218,-0.04573722191310124,1.5777352338864368,0.032414745882627445,1.776861226169612,1.2451763104457572,forward_head
40.08,-0.3094339261304424,-0.14697388324687677,-0.013123300512384245,1.598421711479496,0.04471920874317302,1.87324124447241,1.1687090457574565,forward_head
40.1,-0.31179420530286867,-0.09341021980617475,-0.028864550753742547,1.5925216717041248,0.028667965617805855,1.8964929340387902,1.148201974045845,forward_head
40.12,-0.31758403845789146,-0.14242314503602332,-0.025986791119513998,1.4774285565761955,0.03455605872120706,1.7399347035430117,1.16384273623722,forward_head
40.14,-0.2949415701621463,-0.1072293798154076,-0.006940618860050721,1.6751200156721275,0.013948056165812246,1.8792361756882003,1.1127990281106979,forward_head
40.16,-0.3300774923559028,-0.11516204236882713,-0.017599271719100217,1.6974951981755035,0.04216129294190489,1.9056252042826496,1.0863252626529387,forward_head
40.18,-0.3011187351790688,-0.09653907012314121,-0.024184671707776627,1.5168637865812566,0.023839689058799178,1.8346472481465748,1.0709314653456787,forward_head
40.2,-0.2497185091904033,-0.1369009906351613,-0.03201546289267022,1.6761467060970867,0.036789294114008296,1.899381727284578,1.1313311652952962,forward_head
40.22,-0.3185514746498052,-0.12154808524068199,-0.003924562987979935,1.6360713791682968,0.025000433151890225,1.7494590167083888,1.1496225831793205,forward_head
40.24,-0.33628238690653534,-0.12214270459551804,-0.04197593159638117,1.6119568044978043,0.03948937644787416,1.8233212531109102,1.1040631710402784,forward_head
40.26,-0.3093941533141972,-0.13104931645538187,-0.0223236944280989,1.5242118079832945,0.031398927581632076,1.9192079176878383,1.1995621295790804,forward_head
40.28,-0.2923240391592143,-0.12192813702775882,-0.019789560310477218,1.7352823086475742,0.02985206008805324,1.9128505724200149,1.0706212331817713,forward_head
40.3,-0.3237768556749078,-0.11156763372469233,-0.012660966759715887,1.489716843975062,0.0280086979603288,1.8809173373739798,1.2509640607889694,forward_head
40.32,-0.29601713880978714,-0.12488599332715081,-0.030620291821675853,1.5878074001525226,0.03162389389043169,1.8576282594208058,1.170781686286361,forward_head
40.34,-0.32403376562963876,-0.09831298321480887,-0.0025930037206458307,1.581476472185409,0.024073577816971555,1.8375717925369344,1.2127166928309785,forward_head
40.36,-0.31615160443587953,-0.12311970668543339,-0.02708424736690552,1.6535905815371998,0.02961829161194606,1.823015520247231,1.1069275876296878,forward_head
40.38,-0.2933539347757603,-0.09435543582413164,-0.01205349105065698,1.7033909454985037,0.043084498196878346,1.883582471228453,1.1815207362864413,forward_head
40.4,-0.27531518936441424,-0.13709894807350265,-0.009512246221813415,1.5537988530987086,0.020343700929083837,1.8753921144428762,1.1109886215060851,forward_head
40.42,-0.33559493290567954,-0.10268077843784414,-0.005093003862677071,1.6640202596049563,0.02277229150945384,1.8257984332837986,1.1552737481652684,forward_head
40.44,-0.31694493906494947,-0.09065202356334624,-0.022745895003264075,1.6194025213795942,0.024952233386798743,1.7646781221679815,1.1733833936529565,forward_head
40.46,-0.3077555157377216,-0.0854229021841742,0.027588112129111206,1.5497955022712833,0.02221171613078822,1.816884895805385,1.1207799888356358,forward_head
40.48,-0.32055610510857896,-0.10940683446257121,-0.029829484696602855,1.4650625606942234,0.02899951461342732,1.8772881209448413,1.1030483275827498,forward_head
40.5,-0.3238808569930475,-0.10385178776066907,-0.010184177073468994,1.722840363473435,0.044091459575220385,1.763375554978263,1.2193700158307832,forward_head
40.52,-0.3364913780570364,-0.12291924698163341,-0.029204514442352895,1.559946492355847,0.01754303386479183,1.8480228192679375,1.1181488839514981,forward_head
40.54,-0.3387822303114099,-0.1015978352958547,-0.005141444435796233,1.5088752207590976,0.028473626590365075,1.8343911722672,1.1929060105391878,forward_head
40.56,-0.25605869449550606,-0.11927397151802493,-0.010697323433480012,1.68305235977972,0.03163826061925456,1.8169778715697527,1.138697918445056,forward_head
40.58,-0.3150984501289995,-0.14880247304727215,-0.0016282079872159913,1.551377553652396,0.006239339665008482,1.8179395789329034,1.1502461189511854,forward_head
40.6,-0.31050935180913347,-0.12229224081337295,-0.020265201207530285,1.5385321070933022,0.03356706715793865,1.830583368664633,1.2102645981276807,forward_head
40.62,-0.3072371770908623,-0.1115211207868828,-0.030072927632301957,1.8047317134192822,0.057007948679097385,1.7959473145646678,1.1516687397821808,forward_head
40.64,-0.3233401933827678,-0.14303553806003694,-0.02250562038163895,1.6638700538901674,0.023283898866947515,1.8546091279681178,1.1437717497020612,forward_head
40.66,-0.3160533455517378,-0.09172265131922486,-0.027682119011242717,1.6697342118312646,0.018824170627825175,1.969127585749943,1.119377044251414,forward_head
40.68,-0.3444708781589171,-0.07966903995780518,-0.041927898702365976,1.60800408698119,0.017351503680181055,1.8664715372282181,1.2826550415119018,forward_head
40.7,-0.33201080253558085,-0.10105210950381058,-0.02630980430409794,1.4781529556882658,0.02794866102766641,1.914199760548889,1.2580629525833367,forward_head
40.72,-0.3092956892987137,-0.10865535177253838,-0.03657433263924502,1.4689737588286915,0.01790865244163512,1.8602562209602747,1.1732287929733682,forward_head
40.74,-0.34326032212905405,-0.1483720432163832,-0.013483948832845667,1.668931825782989,0.033754355391862806,1.7996179301225188,1.1434153972971512,forward_head
40.76,-0.29739037913427296,-0.13694636679449126,0.004095858602678045,1.5519680516016174,0.016581003597173204,1.7361574721816726,1.0342751293512014,forward_head
40.78,-0.32214167127492344,-0.1150265679398641,-0.017859496800674408,1.4351730565461007,0.011607898514312508,1.847094924303899,1.2745795636724946,forward_head
40.8,-0.3254351544438463,-0.14905625027523012,-0.03072062095585411,1.4939998018485932,0.026489332898555817,1.7863542261840695,1.0831753436550362,forward_head
40.82,-0.33176598335855206,-0.11432647581282591,-0.016809396645860984,1.5847867308193482,0.031015821948143858,2.032338747383651,1.1619619117472517,forward_head
40.84,-0.30052273305731464,-0.1275591839466233,-0.011884635013397319,1.4485735395450476,0.013844315893772347,1.8827279003523592,1.1164046629427258,forward_head
40.86,-0.31086489537230666,-0.09141387912216815,-0.03362420128759309,1.7743498314373196,0.04146764427691299,1.7668562544245612,1.2266317937369333,forward_head
40.88,-0.35580387444864137,-0.11375923080279314,-0.022383841749789177,1.5952346985538648,0.04198546719529464,1.9295967046049012,1.2606355844284052,forward_head
40.9,-0.3759640943690893,-0.09890152832525526,-0.017946034916502988,1.633057564927785,0.0340521134735524,1.9408549297565592,1.0303083245848397,forward_head
40.92,-0.29578041846313163,-0.11192605333541314,-0.024905249870847634,1.6838973514303024,0.038368385513344476,1.7567024003454437,1.1106192898849174,forward_head
40.94,-0.34313247788114537,-0.15013702067933546,-0.025701442415979728,1.7514058232905758,0.03346159945019089,1.8607804872533562,1.1335966800702069,forward_head
40.96,-0.2962198312786955,-0.12987934465794954,-0.021950308761975856,1.5740246094359571,0.029513698164534072,1.9078694157787626,1.2446887257268706,forward_head
40.98,-0.33103701615876246,-0.09498521205189368,-0.02608098345133563,1.6570712648888646,0.02962633943878911,1.8153162471911697,1.2235729413002188,forward_head
41.0,-0.29009585092927814,-0.10709374219670831,-0.028953071566166805,1.6797616614814814,0.025429116026000575,1.8900720903389783,1.2090442467470726,forward_head
41.02,-0.27509007905030897,-0.10729558323045842,-0.022212134634370436,1.4597930246823614,0.04320570521179377,1.686690179268089,1.1402291911390279,forward_head
41.04,-0.33262500758993774,-0.131704177184955,-0.026789619924797,1.6151698635541791,0.03064788108307949,1.9354752514887126,1.1343314048312103,forward_head
41.06,-0.3059485323284428,-0.11951214151990054,-0.04312298259713138,1.5383691336278453,0.046962722916321864,1.8738571841686575,1.1853506974463284,forward_head
41.08,-0.33451942790779776,-0.11811303532919537,-0.03213470563252367,1.5403408935850351,0.02731461912457629,1.767231728570286,1.1641404362902432,forward_head
41.1,-0.30452730312963067,-0.12853317117309385,-0.043686007552377226,1.6348321016504443,0.024971913716611546,1.815693293058279,1.1760698736281539,forward_head
41.12,-0.3462415005119378,-0.09590288739775853,-0.027689275058723584,1.3954639115101186,0.025853494981373418,1.737731474464935,1.0805269233545851,forward_head
41.14,-0.30694707108210184,-0.10336866298842515,-0.028226387146897333,1.5987596986734012,0.03297546030967769,1.8404326937175206,1.0681422856887721,forward_head
41.16,-0.34093971445861476,-0.08901249526311604,-0.023427666666869934,1.4662652197462736,0.04391757555946561,1.8767829727293872,1.0274039527148073,forward_head
41.18,-0.34410937128714303,-0.12457637361667716,-0.034556824228592554,1.7375656845926022,0.03356435681667277,1.8359964311979768,1.1064672719802242,forward_head
41.2,-0.3149664488318246,-0.09882968301317877,-0.04595366028960736,1.6035187189256612,0.03193878418409214,1.8900739527377746,1.1194090002112607,forward_head
41.22,-0.33292695846239057,-0.09747921812542658,-0.021668340616221506,1.634218825852223,0.0330717288035986,1.852282604373702,1.1749323004161325,forward_head
41.24,-0.31648681640407206,-0.13228754396552028,-0.03756266676183812,1.7245258094506353,0.04604148823470686,1.7555459489262515,1.1586833223322441,forward_head
41.26,-0.320899090263158,-0.12352489622882955,-0.027278675020677087,1.6050596585529373,0.02328413393863036,1.8589015515503744,1.2109422951963664,forward_head
41.28,-0.35238340552170544,-0.11820104652837651,-0.018910677597521932,1.644122756605213,0.03868709721002469,1.9781124135088881,1.1151786887266713,forward_head
41.3,-0.3410363630770648,-0.09770176783478038,-0.01074200802431377,1.540904746410041,0.04398407829900418,1.814579969596294,1.2403118534851436,forward_head
41.32,-0.32944457777839486,-0.13401156751245433,-0.010750896245706272,1.5815753424639944,0.023459705467837114,1.8516714149596,1.1053670162055538,forward_head
41.34,-0.3210591809126197,-0.10476479603769952,-0.028561342073171545,1.7231823343346724,0.02253684503370544,1.7760069068738016,1.097571790742288,forward_head
41.36,-0.337359505935388,-0.13158488952661893,-0.03219958248706996,1.5067351836053713,0.03715344252699243,1.8978815847660577,1.209776149357457,forward_head
41.38,-0.3227493096958971,-0.0780957833657331,-0.040162551282676796,1.773307733805145,0.038710344328896265,1.800050763784277,1.1654941846062208,forward_head
41.4,-0.28962614516793317,-0.06594583569530145,-0.034580217844589284,1.6772144881912914,0.04102136771417554,1.8643531706918,1.247419957961871,forward_head
41.42,-0.3237500383346548,-0.10228980243662993,0.0012789120592641785,1.5439610856362815,0.017029612274218134,1.8428482773694488,1.2567166410551847,forward_head
41.44,-0.33458386898924386,-0.11126905309849029,-0.02648661141092579,1.6027897270073463,0.029149747152245456,1.8005191475023052,1.1040778083699063,forward_head
41.46,-0.32001031960993703,-0.1300790502165159,-0.025001413079952847,1.7550159064086368,0.02356386652200187,1.8273380759497813,1.1174565372839873,forward_head
41.48,-0.2961498864060693,-0.14388766398655312,-0.0283635005850374,1.733412785715886,0.05002621526407433,1.9128622098722694,1.121977141001344,forward_head
41.5,-0.3321827314089361,-0.14348520225948674,-0.019668057501874343,1.5911127077205403,0.02879941602124236,1.8511993236192223,1.1582437092766302,forward_head
41.52,-0.3212021764396277,-0.11928318231846735,-0.016697683433989884,1.491600960326579,0.031730035618669855,1.817656686702389,1.1428384744966458,forward_head
41.54,-0.3051313091720747,-0.1039384728415356,-0.024044190878834856,1.5603952007062278,0.035467567379430215,1.8829978758729173,1.0745824564862294,forward_head
41.56,-0.3144057582184293,-0.14462136720757773,-0.025714917784057236,1.5222629645183163,0.033836541049144554,1.809195067932795,1.2290900265243996,forward_head
41.58,-0.31230265322742495,-0.10825299882077298,-0.030526614628597005,1.7697805175601427,0.031114850050367945,1.9323043203841637,1.210667941353245,forward_head
41.6,-0.3255894460873373,-0.12362635979533987,-0.04201776669220734,1.437720828977441,0.017426145096272525,1.8461748028222018,1.126820870318499,forward_head
41.62,-0.32577614439673785,-0.11503052399770611,-0.014230820189506195,1.583745590063551,0.04440022640285796,1.8039208296360294,1.1525028769642665,forward_head
41.64,-0.30566022540742294,-0.12890291976673346,-0.007419108579486656,1.6910040965337203,0.03909289279544126,1.79278218577139,1.1287723529056195,forward_head
41.66,-0.329926326636946,-0.10836314536355562,0.003968987870009345,1.4740262131045994,0.02556755037231175,1.8880142356927085,1.1812778220329763,forward_head
41.68,-0.3028631445633628,-0.11788192675113911,-0.007570804523305252,1.487825799315233,0.04652038450684468,1.7230849210988046,1.2102544667515307,forward_head
41.7,-0.3043501157108818,-0.10587789674666087,-0.04470025419639332,1.6806612422607077,0.031002599766435185,1.7994791432884394,1.1512404728695067,forward_head
41.72,-0.3320750875477392,-0.1592122353881832,-0.027854063891923034,1.3678078892425032,0.031067279749111276,1.919825220346428,1.1069505540292863,forward_head
41.74,-0.27872002849087213,-0.12274267031246847,-0.029375672124187194,1.6489220278708878,0.02894901208704206,1.9300297488984783,1.1309865525799236,forward_head
41.76,-0.3426522644393451,-0.13524963294832296,-0.005031813521963672,1.431615983184936,0.03566704889362715,1.850472292055824,1.1309135777032389,forward_head
41.78,-0.31015878861029156,-0.13983951086716548,-0.01958222518125912,1.6173947689397874,0.01218846464318174,1.8944988972576582,1.2137238914699187,forward_head
41.8,-0.35078432488285777,-0.09664509817561359,-0.01889884543999632,1.6067934628265197,0.027257835350826157,1.8220764319053602,1.1257067794545448,forward_head
41.82,-0.34432095054978185,-0.12903246618322967,-0.014711842616439041,1.663548852323569,0.035215519885230244,1.9684243805834574,1.2669114264247279,forward_head
41.84,-0.3045945762348079,-0.12374584791321754,-0.03882013458517181,1.4892476042032408,0.03534852555477158,1.8601055373071116,1.054274121259988,forward_head
41.86,-0.3388621077221525,-0.09965257082554153,-0.014889876752211066,1.6455879420827553,0.0011347248619023934,1.8245955028970013,1.2326069508817212,forward_head
41.88,-0.34412428264924105,-0.1148561454144047,-0.0071504047170193865,1.582457288269678,0.03886859433538063,1.938643374406716,1.1631549825982308,forward_head
41.9,-0.3468414986468905,-0.0922328453436658,-0.027566571288432342,1.7428021117483206,0.044301734451510935,1.8004286317089382,1.1196714194784039,forward_head
41.92,-0.345050636966026,-0.12838688793694897,-0.015187815586032823,1.5225736313155687,0.03396945472410756,1.832483382291676,1.1791036225978957,forward_head
41.94,-0.337768215061554,-0.11295121710838905,-0.004210404423259245,1.587672566040349,0.029945433456683254,1.9475553279582283,1.101183798579477,forward_head
41.96,-0.31252628594494786,-0.10882657500382129,-0.03219286791536552,1.6336154222450259,0.027848858108992947,1.8224270802378884,1.1429745005211271,forward_head
41.98,-0.2534410102102048,-0.1485233040199603,-0.022695928259561737,1.6638493332028543,0.03462589407358778,1.7548844935879047,1.115925109199318,forward_head
42.0,-0.32054910316316204,-0.11445303165062078,-0.020848447633611614,1.5660073222226203,0.007101586778652004,1.7423158336967288,1.1308922998587758,forward_head
42.02,-0.3177794181290482,-0.11390758404489822,-0.03183837730952311,1.6228980868663718,0.034378991165165115,1.903895410058548,1.0780567385827349,forward_head
42.04,-0.3347722860007917,-0.13902170667683433,0.013925738324026932,1.6272054567477265,0.02303682381573987,1.825938551328727,1.20061361281316,forward_head
42.06,-0.32962223645497923,-0.11256683145030069,-0.0316876752040992,1.618649372187067,0.037106274885390755,1.8622840450082647,1.1931926143743528,forward_head
42.08,-0.326197459823987,-0.10714532358871481,-0.03588194103613462,1.5841757062764485,0.04252406254388717,1.7522725867489168,1.0599881583391877,forward_head
42.1,-0.3132307293150306,-0.13387471751725316,-0.01715018855302372,1.5590473301688845,0.04029328104071115,1.8462279304366334,1.2412173624853373,forward_head
42.12,-0.33648705869248746,-0.09832169067333822,-0.048910794400101466,1.5881725968054514,0.028651140424347608,1.8125222609336378,1.2200864382446923,forward_head
42.14,-0.3179340316274641,-0.1306383902904411,-0.025910190627237765,1.7053460914985077,0.03403045525889253,1.8989751569818953,1.256861656721666,forward_head
42.16,-0.2982460738980354,-0.11028782706468275,-0.026688489091948212,1.5370267385355985,0.03330534964439068,1.8431679590350425,1.05997740617524,forward_head
42.18,-0.3272215320350021,-0.1473703288174718,-0.03480992941506429,1.5670086641177436,0.029039257759043313,1.8499633941617066,1.0612082513216485,forward_head
42.2,-0.3349985400892182,-0.11243003458116227,-0.02427297531806487,1.7123748387859066,0.032098756076603785,1.814409582412633,1.1673520522728935,forward_head
42.22,-0.31179346472290603,-0.1294443686066389,-0.03953276136794695,1.6222811825818328,0.031128525028894564,1.9292112185365233,1.1154897671282273,forward_head
42.24,-0.3494711818875029,-0.12577923847521877,-0.025280272624926037,1.52792127347481,0.021575177316688322,1.7793171025162808,1.0496397587015112,forward_head
42.26,-0.29512423547103833,-0.1414923440217146,-0.03041818101655419,1.5646757137295042,0.033688871167007826,1.9091647799023919,1.1377680263351184,forward_head
42.28,-0.32433149606301465,-0.11226041412149264,-0.019515248569865515,1.4304672454633256,0.03357456327715571,1.931600546830091,1.0890024327064007,forward_head
42.3,-0.32566891243404816,-0.10605292189480817,-0.038998183943243454,1.5783071249398724,0.022422036872536702,1.8920898827843295,1.3419963794430534,forward_head
42.32,-0.3515242787368332,-0.11241066018911212,-0.014750770292007474,1.5982090667604467,0.036261643242517926,1.864623557997501,1.1038517396235834,forward_head
42.34,-0.32700336897078397,-0.08958586071906222,-0.01930960655954471,1.654543952315555,0.020962430850987666,1.707294235723319,1.164210305678358,forward_head
42.36,-0.27500900809100687,-0.1247543298467893,-0.015429586944259941,1.6197132090320328,0.035781609274330016,1.8238651587643382,1.1426508834650635,forward_head
42.38,-0.2730834288999688,-0.10152992474147088,-0.028558813742820943,1.741211997182597,0.037123394245201016,1.8561977534935152,1.1483550197593615,forward_head
42.4,-0.3427425321100763,-0.12216763994003464,-0.008885065790978725,1.5815023087952005,0.03750061786790922,1.7151289370588232,1.1266082864338394,forward_head
42.42,-0.3029095396055712,-0.1161528982172333,0.016616664768642136,1.5456094161680745,0.025090850911138336,1.786423665807515,1.1981212015249012,forward_head
42.44,-0.34731456132772204,-0.10393115104618045,-0.03160937836591984,1.5651952294768128,0.013975174888824226,1.9012697429180005,1.11729044233854,forward_head
42.46,-0.3111563922670965,-0.10206841217886428,-0.021714839556197466,1.5629236529169561,0.035304349196047,1.8138249284377441,1.1076665005262667,forward_head
42.48,-0.28914722443621815,-0.11291415305743982,-0.017839567915216913,1.5215541313081542,0.043133057662651256,1.854226310791714,1.1521411720017896,forward_head
42.5,-0.29659549741016505,-0.12253730472720299,-0.025157332347491478,1.5155825399938763,0.022755401822272033,1.859743815911811,1.179779742651204,forward_head
42.52,-0.3200883777620281,-0.09304716115384835,-0.01676474602228431,1.5961039488890711,0.03606747192115342,1.9037435792214052,1.1134009514397103,forward_head
42.54,-0.3414407150641193,-0.10987282944796418,-0.03802014571352807,1.6424668694682325,0.025721886999760503,1.8527060902438268,1.1571742480640428,forward_head
42.56,-0.3580586702698312,-0.13706166011491647,-0.04430404249969639,1.628765950405458,0.04501643767719512,1.8544731023554755,1.1015868207142403,forward_head
42.58,-0.303538186835564,-0.08987061271715395,-0.030815028260516478,1.5931965768256855,0.03392232196193236,1.848201422433834,1.136373714316418,forward_head
42.6,-0.3000250686241839,-0.08248230122832008,-0.01905210397535306,1.5857668944474201,0.04578657532801376,1.8280490757841206,1.1017159727367642,forward_head
42.62,-0.3345252246864591,-0.09757065775692565,-0.050886363332653436,1.5893021082617518,0.029269953614721424,1.8524422215684078,1.0790335559828381,forward_head
42.64,-0.3454461254481035,-0.10719936043251141,-0.030500991277442508,1.5953849177987323,0.038535823206903796,1.8294948068867938,1.1292938419605891,forward_head
42.66,-0.29805044756423876,-0.14361282125310143,-0.009744389495597161,1.5278439849498495,0.010107918357107865,1.9768398879532614,1.1765322085919665,forward_head
42.68,-0.3226359041070408,-0.1152214913868201,-0.017380149381614817,1.6090088156966647,0.048118899653167194,1.9532411338209237,1.172012841463488,forward_head
42.7,-0.31013995785969106,-0.11922828536183346,-0.02119866708890324,1.5631094385366278,0.028624872208374053,1.8445273920183614,1.135378688432503,forward_head
42.72,-0.2821600651989753,-0.11903350284578379,-0.009653304804705247,1.7383044436878476,0.046712111166142586,1.8425177761764242,1.1763355058915894,forward_head
42.74,-0.32889157701477323,-0.13915846750404154,-0.027101448701902644,1.6917128270668838,0.031808272131592916,1.7641213720812392,1.1217603774508584,forward_head
42.76,-0.33346272965187,-0.12005473379929288,-0.04308129867023818,1.6829593195372343,0.03851734643127146,1.740693541408744,1.2644140471599938,forward_head
42.78,-0.3276409714680332,-0.10336289456830887,-0.026051787125925922,1.5072137366563925,0.036807923389951626,1.8023931689715027,1.1125377284109608,forward_head
42.8,-0.315755005295184,-0.12510676541276902,-0.024466411637553313,1.5639832930051911,0.03891448938258467,1.8530327386125598,1.2012020956686138,forward_head
42.82,-0.280979123842398,-0.10261873135735504,-0.01987176546912036,1.49348391073449,0.01877682013540613,1.8218177464708092,1.1401140593106682,forward_head
42.84,-0.29417854070511473,-0.11951572955972689,-0.03357052555142692,1.542146909764121,0.03347137951220474,1.8356792788116643,1.1495191821722734,forward_head
42.86,-0.3376017015362782,-0.12391257403833553,-0.021962380650622594,1.5644026256237515,0.015283404786969046,1.7258693449546416,1.1549920618502365,forward_head
42.88,-0.3473955350482483,-0.12779989695372077,-0.037840658980677566,1.4866910364055015,0.037687026194609015,1.8412393858797802,1.1541147563030638,forward_head
42.9,-0.31185334473531384,-0.13744560479246587,-0.008368554409296888,1.486009726977603,0.03514954929637099,1.8390519958215064,1.0295146153718484,forward_head
42.92,-0.2835332126537509,-0.1216788138942722,-0.00353233556676613,1.631348977042226,0.02877333885609878,1.9078594848164006,1.0663865288924674,forward_head
42.94,-0.35139964959704706,-0.12840448920950823,-0.013664324689470169,1.7006573674843388,0.03187903434259627,1.8699055457403009,1.146789897887878,forward_head
42.96,-0.35366364779035736,-0.10256536472692894,-0.014477292284992156,1.6730536137604421,0.02894097123832626,1.8445941222685867,1.1444914021729329,forward_head
42.98,-0.3127169830319756,-0.07746119936751542,-0.02290044620021945,1.4794008869543869,0.021124930796052564,1.8719547017596936,1.1914249037716624,forward_head
43.0,-0.3124434185149011,-0.1309221698402542,-0.008632185574516053,1.695131123496892,0.02413099721252651,1.93949812730083,1.1679001917533443,forward_head
43.02,-0.3183383391344697,-0.08676009113869355,-0.019145944508888887,1.6837996071229953,0.021703447795303157,1.9773642661642035,1.2236308854092104,forward_head
43.04,-0.2838832818266608,-0.12420794330620548,-0.03130601198141034,1.440400702790901,0.0372268039229666,1.7543752460941886,1.167620609431308,forward_head
43.06,-0.3193420300115682,-0.09285321016281688,-0.01286698172593827,1.5786286482142937,0.03308774381833965,1.815861756636052,1.0917559007607052,forward_head
43.08,-0.31156842149482517,-0.14155572930847726,-0.003012330949375056,1.540771043784947,0.01900178995362917,1.7859417090626888,1.1072953865030493,forward_head
43.1,-0.3094433748057235,-0.13294568273216884,-0.02570296201742048,1.5560734511285077,0.048395881139109344,1.770992016739832,1.1928345028792422,forward_head
43.12,-0.3306388964762107,-0.13743773646858626,-0.014023742827186415,1.6116526080145654,0.02577003346413187,1.885988914895311,1.1475552406768226,forward_head
43.14,-0.3198920001545858,-0.10644935155913975,-0.0013885878345818918,1.5650060797878533,0.01792781090121144,1.8297781362193268,1.2255502312898676,forward_head
43.16,-0.3714016499019215,-0.1033741335784185,-0.018914055594325123,1.7591209392956735,0.023090205359640383,1.799845655103856,1.212609790365412,forward_head
43.18,-0.2975170021505223,-0.07693059626804032,0.004429369649382866,1.5921598004958908,0.030140034446520428,1.701651160154664,1.0911742990685693,forward_head
43.2,-0.27640866923816193,-0.08480778316862164,-0.003556345820377868,1.5578576853377688,0.021659726966702104,1.8740210558085293,1.0891220048848134,forward_head
43.22,-0.33774289444618033,-0.11376409896152899,-0.03618347386309146,1.516753008391997,0.030812497485258238,1.7763490067079135,1.128765916560285,forward_head
43.24,-0.33661873907763296,-0.11814305255266327,-0.026657981241430168,1.5241782477341221,0.030657468290015675,1.88501103090329,1.1044736255513465,forward_head
43.26,-0.33788498193627003,-0.1263169414335087,-0.00636777013131371,1.4824155366737495,0.031921015502570434,1.9218407576827385,1.1558394378926988,forward_head
43.28,-0.28719954630688427,-0.10658158338152314,-0.03412677451336707,1.6641838772000437,0.038436333822558386,1.8386586665808753,1.1344300373450744,forward_head
43.3,-0.3139401356988134,-0.13340130173283118,-0.018965600390496072,1.6606062419068017,0.03107111813024915,1.844134575519515,1.1298429863297574,forward_head
43.32,-0.3154351121403861,-0.1263413452342307,-0.03688236325589712,1.4832559077064285,0.052318799886723645,1.8633202489709495,1.146982812666154,forward_head
43.34,-0.294777444003446,-0.13091829190676202,-0.0021752025381509,1.4929580784957583,0.027887715241873882,1.8919456027483608,1.1594913902033865,forward_head
43.36,-0.32077363859328545,-0.08090073900376991,-0.03908665233893633,1.6061641390112953,0.03338115880147846,1.8729381873311501,1.1974836074256472,forward_head
43.38,-0.3076813481686748,-0.14723354965074312,-0.026811572136586383,1.5185576870316089,0.021652809556380513,1.8351298885859784,1.188230373443337,forward_head
43.4,-0.34547238316835926,-0.1389029842156611,-0.015344493402645916,1.717194441381719,0.031152442295337597,1.9166194249473911,1.1811671327474813,forward_head
43.42,-0.36169747261975804,-0.09976513191525417,-0.02535771178959393,1.6710378234432932,0.04775849652695524,1.855552852983465,1.1712573339391001,forward_head
43.44,-0.32152194296346137,-0.12389554730666533,-0.029407454532262383,1.5682254712709138,0.02054948913451577,1.8903998733132454,1.1980906862018377,forward_head
43.46,-0.32633335290375104,-0.1370314281287778,-0.02758044978704121,1.6363755780867615,0.047700601612061355,1.8171040507097838,1.0986945134774864,forward_head
43.48,-0.29022093528038795,-0.11417934697180022,-0.012565848728829777,1.6224191545742372,0.0406889999337009,1.8641908266326863,1.2396859552657875,forward_head
43.5,-0.3188269388372454,-0.10100022142818119,-0.020364084974033216,1.5273215133520832,0.015888805158630975,1.8123351055360482,1.1641844806427064,forward_head
43.52,-0.29000286671332687,-0.10608072735649805,-0.0009406598302229727,1.6302297403291668,0.031179051233996478,1.959966872643734,1.16288188585496,forward_head
43.54,-0.3597353905046438,-0.1446957157234248,-0.014349862845991122,1.6288516260227128,0.03476448961711296,1.8939100896220997,1.1594806797933233,forward_head
43.56,-0.28999400933479685,-0.13203906885712047,-0.006325376956476209,1.5822513947748704,0.03588831270075392,1.9265272008170249,1.0766520132583433,forward_head
43.58,-0.33905797074342153,-0.11712674164010803,-0.031170588644877765,1.5530815180144837,0.0217159891754029,1.9003450274058815,1.226987319399043,forward_head
43.6,-0.31416888340630916,-0.08484525889899847,-0.020964319621065958,1.4960422786530778,0.02555662621775293,1.8232036808248326,1.1169253160727064,forward_head
43.62,-0.3158155897336462,-0.11608256315105071,-0.003881865652501999,1.670085842301907,0.029034923224750594,1.9162791501202514,1.118114880079669,forward_head
43.64,-0.30188919386911794,-0.13685544897139998,-0.011373876307174135,1.5441849451314364,0.01581454188978028,1.8918666236661892,1.1493718761181928,forward_head
43.66,-0.32581115846749115,-0.11401899364225153,-0.016257076747459628,1.7006488514905174,0.021760112241307167,1.7835535096028134,1.2059710973777544,forward_head
43.68,-0.3475236569067287,-0.10347936561071355,-0.023268524515031894,1.6025261892914482,0.02681398599759051,1.8708945835446162,1.179930497823474,forward_head
43.7,-0.26141505506811685,-0.1593486197284707,-0.01721228713000014,1.5591250252796243,0.028117988819964943,1.8592238011943776,1.1430454232695209,forward_head
43.72,-0.31527205337398395,-0.1008711728993049,-0.006676937481318854,1.7324467958954097,0.025426512038919675,1.8883334724030074,1.1484645205398845,forward_head
43.74,-0.2972066247197811,-0.09410636149099308,-0.03902843133263559,1.5563041440349523,0.03493078957646106,1.8875008238174193,1.157458306346958,forward_head
43.76,-0.34771988905216694,-0.15086767274248084,-0.028183162433227587,1.774101783192851,0.04016261884587596,1.8388968136944361,1.1995628905749454,forward_head
43.78,-0.35176109256835225,-0.12406880257205292,-0.032102166231247196,1.700334795079734,0.023509609347640188,1.8399910976933131,1.1653685453204716,forward_head
43.8,-0.33054342945291987,-0.14559944805708963,-0.06449905505113411,1.6360441326579398,0.03521328305883694,1.7462315954996954,1.1242382194990796,forward_head
43.82,-0.3138813907495454,-0.1451684095188268,-0.016054597926121777,1.730869408488266,0.02122584788080837,1.7821232054428908,1.2387071782977834,forward_head
43.84,-0.3222266496031805,-0.10057923346355226,-0.007044466261753492,1.6360121045846738,0.03597851040761141,1.8751330452724235,1.136460103918565,forward_head
43.86,-0.2918324509320531,-0.13577403234405158,-0.030048970911312884,1.5678827240243056,0.01808397718489467,1.914327236147797,1.2014773057572818,forward_head
43.88,-0.3346434454249308,-0.11860555855447633,-0.02440906285500976,1.6373136845793186,0.024000712784871172,1.8428877577482763,1.1309478849125238,forward_head
43.9,-0.3509548131337971,-0.12518897146488492,-0.0003780443396066324,1.4642889504671848,0.007939705211028037,1.829400605497046,1.1466131987951655,forward_head
43.92,-0.311622518556114,-0.1081606120299171,-0.021546908582501165,1.5861391993439649,0.03397161876035947,1.7925504793545017,1.0948461855291067,forward_head
43.94,-0.331739270762257,-0.11790574556287993,-0.032657636577264386,1.514900057993829,0.0048449351127040595,1.8145060979197492,1.1733698283995087,forward_head
43.96,-0.32576468266157615,-0.10253984979936599,0.001793258850095457,1.7089293271580468,0.03622883081432691,1.8200897746917692,1.2097186658206716,forward_head
43.98,-0.30291004367676444,-0.14835868869664326,-0.027669002646351186,1.5386005535523692,0.041938419809871945,1.8781159761854298,1.1581602457679903,forward_head
44.0,-0.32361831898444804,-0.11300723935493458,-0.011466193545889916,1.5216834610334367,0.02854514641173248,1.8546896917926636,1.1417001608552564,forward_head
44.02,-0.33347631080041684,-0.13046000332161203,-0.032247546337974435,1.842286860449478,0.02566988304356771,1.8257094552548148,1.1893201994782712,forward_head
44.04,-0.3187539486596242,-0.11527630925240627,-0.03611458786904757,1.6015365134904531,0.03559880004802411,1.916537292722182,1.213326723285526,forward_head
44.06,-0.33613285149460487,-0.09053731882658815,-0.034854245952513574,1.6241757109785309,0.020709715693552594,1.7856558446437825,1.1400910430884068,forward_head
44.08,-0.3089947576268591,-0.11461238972671825,-0.03689555460476798,1.5855335141557716,0.037623557869990144,1.8836719226910112,1.0552289964346162,forward_head
44.1,-0.33168270006078326,-0.1046966790061809,-0.029631283291793174,1.5724295958048264,0.027960211456367946,1.84228875959336,1.0954700898397558,forward_head
44.12,-0.3346618811682144,-0.09807757800110213,-0.04863320849784071,1.584278190796409,0.03226974317557832,1.830472850937699,1.13230194627586,forward_head
44.14,-0.31048242002590076,-0.11868196969994071,-0.02325150486187755,1.6059116871855885,0.04423741050516986,1.7282646230371101,1.16841518664088,forward_head
44.16,-0.31177556220135133,-0.1084748760982266,-0.00953599365804878,1.6739334515868063,0.032299223343180056,1.8226083324463846,1.1989992100255387,forward_head
44.18,-0.30269580812907015,-0.1163572632144748,-0.005844055329157131,1.7482008986089872,0.02973654663798683,1.8058284925506647,1.1260034936468681,forward_head
44.2,-0.3316183496798853,-0.13861562264299898,-0.023011844385503577,1.6431549767453688,0.02566640814348173,1.9031238980112528,1.1903770965740261,forward_head
44.22,-0.27421650633409234,-0.0929896433730382,-0.009772940510434716,1.47088063107272,0.028920189074314387,1.8185928559465454,1.1085777376799464,forward_head
44.24,-0.33830740389204367,-0.13934837861955593,-0.028513912951735106,1.602307325423755,0.039536898756217,1.940289585140922,1.1747257356732157,forward_head
44.26,-0.2806815775683052,-0.0752860884668076,-0.022878416319685842,1.570161267445833,0.02631650653689661,1.9606572087486929,1.081562895378589,forward_head
44.28,-0.31003712555166607,-0.10760870839356929,-0.019261443776614293,1.7386296329147974,0.007443721217483448,1.9420217841386054,1.086302904714947,forward_head
44.3,-0.3431348371726049,-0.10157800036257635,-0.035977859746161536,1.5903751003523054,0.03294856314497986,1.8864018331130388,1.1233357400753679,forward_head
44.32,-0.3353248963735021,-0.12064397392261071,-0.028741197024636202,1.630757541087261,0.027772190862460994,1.7562284343398389,1.2067484078770858,forward_head
44.34,-0.3206314958229761,-0.13004587289194672,-0.0019850756190237955,1.6860006870044177,0.031199247283022907,1.8589023746515485,1.2195259390422841,forward_head
44.36,-0.3111002553440536,-0.11835964960804218,-0.026077134279882914,1.529400769771912,0.03113222317815891,1.9030822245678405,1.1444656373137858,forward_head
44.38,-0.3309873151772083,-0.13983669266711013,-0.05694948473578931,1.6589621235916017,0.021910108383178317,1.8338958511273968,1.0215349090238042,forward_head
44.4,-0.29312054032738905,-0.09966073338439306,-0.03290667372724092,1.5828716108011818,0.03361701517396965,1.8415241303141883,1.1790647432848482,forward_head
44.42,-0.27516798787892216,-0.102087440530277,-0.013228412336223141,1.619498326083966,0.037064831478877056,1.9290634868644576,1.1610820841780112,forward_head
44.44,-0.3263547056087623,-0.12304645920818699,0.005704042647923376,1.5022470752148716,0.03828785971184301,1.8386318032794589,1.1565686905766397,forward_head
44.46,-0.32953658442921147,-0.1266990649671374,-0.029246533533935137,1.5870882266890136,0.033894283934036,1.883287155725317,1.0946268490886448,forward_head
44.48,-0.3083817298702892,-0.10848014474491001,-0.01657550530341644,1.6930692059142691,0.04572817704972007,1.9099164444986403,1.172738817166363,forward_head
44.5,-0.31426018867852584,-0.10111690512031124,-0.040554535667768545,1.6721768791457021,0.026406765797641153,1.8188066451081661,1.1647537807068422,forward_head
44.52,-0.30728018873403345,-0.11417846053424699,0.0022847675804960883,1.5730432932068767,0.040257298499234276,1.845046647365351,1.118838143977609,forward_head
44.54,-0.3577337615009676,-0.1151801093646972,-0.003341136240440629,1.5669609568098757,0.039805935502284936,1.8963002020439894,1.1803324776686466,forward_head
44.56,-0.285673014888788,-0.11430248346961487,-0.0039669553348166235,1.6782594792270982,0.019275707405465976,1.8688127214125971,1.19047010786707,forward_head
44.58,-0.2956406566904611,-0.12314216933904211,-0.028047477980877453,1.6933811964656977,0.04061124830952408,2.000989760423339,1.164849731318593,forward_head
44.6,-0.3253823851347384,-0.12308467140319979,-0.0141863720301282,1.772224605476973,0.03708828899611144,1.8465853618608197,1.1606113953665926,forward_head
44.62,-0.30813402681340596,-0.10099469448111745,-0.022654886163079778,1.6685239898479136,0.037652288470464035,1.939307573750965,1.0909570950517673,forward_head
44.64,-0.2749400612605667,-0.10000445979008546,-0.051707084040053815,1.4906932503112005,0.0248737886603306,1.884456699345358,1.0935518150632446,forward_head
44.66,-0.32207803009123814,-0.08030701147007507,-0.0365980366067618,1.6694715231174457,0.014614569509316987,1.7520573372182828,1.1647409709066088,forward_head
44.68,-0.320069316039596,-0.1317666763195315,-0.02446206736474244,1.6382643258965865,0.033538022237733396,1.9086624088851534,1.1802181093218138,forward_head
44.7,-0.31663478831713465,-0.10887305477497923,-0.03893074509721413,1.483415782663896,0.010685035136052509,1.8259460769981504,1.194583392040668,forward_head
44.72,-0.2823043205390684,-0.12954530046682033,-0.03400237544254908,1.6265371682819234,0.046192380474292374,1.951035854788747,1.25532471345805,forward_head
44.74,-0.3261846337868538,-0.08592628163589039,-0.016184584358721107,1.5855001083186568,0.013242379504591072,1.7580910009712976,1.1053463958600906,forward_head
44.76,-0.3231420974457934,-0.13376075172999916,-0.03850235669874386,1.5067414490650477,0.03647218499426116,1.8009610702561671,1.1650198959690954,forward_head
44.78,-0.3547166717363423,-0.1359245414565117,0.002463041760295156,1.5750808384463613,0.030166411526867137,1.9459336314177422,1.2311777305134508,forward_head
44.8,-0.31614754872288253,-0.11794398748498795,-0.02897674387526679,1.544084557969485,0.0392616966244248,1.7385615060303854,1.3208635779118574,forward_head
44.82,-0.3371956130907309,-0.08709962495669177,-0.035699424889215584,1.5669083379547828,0.015683935425392488,1.7703486408647628,1.2384682095717714,forward_head
44.84,-0.2812291085557634,-0.10959256365358204,-0.03630012444515713,1.7000835588568755,0.02281951801166384,1.8390242845061793,1.1385049641161222,forward_head
44.86,-0.28562272648300613,-0.1135001336685987,-0.028561209103332142,1.605656333837341,0.026585918390798376,1.9278531280363362,1.1680337659166253,forward_head
44.88,-0.3343932135682492,-0.12926887540522922,-0.0031801857895506266,1.510459872504512,0.006522486830740342,1.8457652304511827,1.1186033906053923,forward_head
44.9,-0.2998282916607589,-0.11849628452239241,-0.00845855572644901,1.5902042485648884,0.02447020633481075,1.9105648352405642,1.0467228214430995,forward_head
44.92,-0.2912495837909172,-0.14613083219074735,-0.022204524653286328,1.721066207090342,0.03934656741756538,1.8085948762155994,1.2681999035316873,forward_head
44.94,-0.313452569854624,-0.09729775249700472,-0.013143016761595312,1.6429892287966248,0.03435609566743472,1.9237965155090857,1.2376174681918528,forward_head
44.96,-0.2869920368679302,-0.14698831685715355,-0.001459279987320374,1.5726716323346488,0.03917563894802559,1.9250237602966975,1.0464239581074843,forward_head
44.98,-0.31028257578082585,-0.17036887903818868,-0.044413589446335604,1.6493124809922923,0.03274912829194983,1.903790337623403,1.1719947802216177,forward_head
45.0,-0.34607493830024005,-0.12134866389373138,-0.023604028674926864,1.6287122806590062,0.03360669312576075,1.8315705526011385,1.1505265725444314,forward_head
45.02,-0.3080243985116128,-0.12599838077700973,-0.03031436616996238,1.501759150652147,0.043128911357108196,1.7753774434078087,1.183851192156158,forward_head
45.04,-0.3099309923394056,-0.13286577523244675,-0.019256304650240332,1.5122325522506097,0.022792563020829087,1.9234436375921495,1.0966036684054516,forward_head
45.06,-0.31914671363819075,-0.10550306936604958,-0.016979553513963012,1.5575071857609764,0.025672187107511096,1.9339214161552585,1.0505822306772246,forward_head
45.08,-0.32226888820788036,-0.11058141270895544,-0.02854662402815294,1.664377014997579,0.029816723296141944,1.9260236353483653,1.1187802717966657,forward_head
45.1,-0.31978011182823635,-0.13423900861152105,-0.035164747429310646,1.6703957447280693,0.027542901706343836,1.7086594931010946,1.160584346453058,forward_head
45.12,-0.34291811565884367,-0.12450666369810755,-0.02149680846617981,1.5842146672711648,0.028120602651018702,1.7978163894189425,1.1266196481077169,forward_head
45.14,-0.3266911670891973,-0.11912732548670636,-0.02468515849476084,1.6921325971679564,0.02017170410054643,1.835978602444555,1.124615109474241,forward_head
45.16,-0.31296314117459256,-0.14380145368487277,-0.0010204514315226175,1.5696587849089232,0.023159331361351527,1.9045196868661949,1.1820354528671793,forward_head
45.18,-0.3191114377253507,-0.11493719266653876,-0.018140585554832323,1.556863389679396,0.03162529125813965,1.801098064149646,1.1661137385368892,forward_head
45.2,-0.2748073327051857,-0.08816174291365357,-0.0030937691494010203,1.500136351349312,0.016300246819542216,1.7860371396857562,1.054472798056034,forward_head
45.22,-0.3463748792099479,-0.1159892424013978,-0.02754822888906307,1.633431958141217,0.03265719790464444,1.8247178066191734,1.2225909939903825,forward_head
45.24,-0.3492181222515057,-0.09638058154867754,-0.041580988527599484,1.5094624163767936,0.027123794114088065,1.7652571783375186,1.2099209260944115,forward_head
45.26,-0.34712249492830705,-0.09203399429021596,-0.017528389314867998,1.5908498167932408,0.03636492940118215,1.797580840679296,1.1572096776892258,forward_head
45.28,-0.325922949228318,-0.14612651897727563,-0.020495280293429775,1.5882149092598057,0.028376422571981388,1.7944485913965385,1.1643240188255137,forward_head
45.3,-0.3119982625249285,-0.1435506914436629,-0.030060814751175752,1.634292619430057,0.03536904356683621,1.7860943229821775,1.051638224802016,forward_head
45.32,-0.3280930697918089,-0.15455298296240547,0.0016195896557909019,1.7343141103759032,0.03153241457122698,1.8075279786517315,1.0846034628262127,forward_head
45.34,-0.3106201915321558,-0.07513187610352964,-0.022190844155252507,1.424832122486666,0.034765090461796266,1.7999184906015684,1.1217842177253077,forward_head
45.36,-0.30920571958203585,-0.11463936738582223,-0.008956631033246516,1.5921664429853175,0.026281881087004372,1.8011285596775157,1.0108052677537775,forward_head
45.38,-0.3336352670758703,-0.12890557496590296,-0.006777683257971702,1.6097979256336643,0.03434720196110827,1.8148163171931695,1.139055978058035,forward_head
45.4,-0.3034318427148828,-0.11226881263708756,-0.04844065229826178,1.5485021634157776,0.03540499277373892,1.8389044712263471,1.1580500277634787,forward_head
45.42,-0.3102908475058329,-0.07287144960650092,-0.0036964733787954174,1.3910006741132221,0.038951875868700456,1.8004860328425298,1.1976385754551362,forward_head
45.44,-0.34752176001736107,-0.1458136504700983,-0.036222729526648435,1.6713886286249338,0.019032897922308077,1.9076706141726414,1.1636913992227207,forward_head
45.46,-0.32698585814608266,-0.13838518815485448,-0.05190001720145831,1.6404238800023465,0.0412932883402821,1.88279961859959,1.1707279426346198,forward_head
45.48,-0.32720628132820573,-0.09293580990884345,-0.020151091399652415,1.6044365229176651,0.031515783248497714,1.7571512049272957,1.2147173389924013,forward_head
45.5,-0.34498354390438024,-0.11320199843529904,-0.0323022548567876,1.6577957164223738,0.03382916962671377,1.7637552169787698,1.0379967859567127,forward_head
45.52,-0.3229798596614909,-0.09831211305625899,-0.04427308970264359,1.7076894489103704,0.015693238350605702,1.8430795306034684,1.2648804312976405,forward_head
45.54,-0.3317833960910402,-0.11846186040163735,0.0013348711281372268,1.7518946130522162,0.006457643252702837,1.9173678061661759,1.2795124187977416,forward_head
45.56,-0.34146560748264865,-0.12405249393043336,-0.018402395767647368,1.549371789237826,0.040344059879045,1.7733465684012117,1.2562407916115002,forward_head
45.58,-0.36476832594029673,-0.10517527918864955,-0.008690788189275895,1.549255144848998,0.0490253396527835,1.7803935891125553,1.1049858751144597,forward_head
45.6,-0.28519663174043725,-0.14550210657795423,-0.011677109236263238,1.6116904545645196,0.035831290178936735,1.8536655494469851,1.2534214085677842,forward_head
45.62,-0.30325877256166484,-0.13497562165239593,-0.0027691329623924146,1.705361072135011,0.020295951663809684,1.898640185732563,1.1288489396408619,forward_head
45.64,-0.3039205079691561,-0.101116396515067,-0.03478852825634456,1.6086915373547495,0.03709378969287446,1.8167092650166117,1.1793995250925238,forward_head
45.66,-0.332292537870401,-0.112449837636006,-0.01568875929045174,1.438059902458354,0.02591455047157262,1.8070054679688101,1.152422457325043,forward_head
45.68,-0.3029066123593912,-0.1260644168243661,-0.044741703901338796,1.4893314275367662,0.04362484006497392,1.919074826002068,1.1484128052904015,forward_head
45.7,-0.28745763639320154,-0.14068829080009723,-0.015870087317489578,1.6264366699762296,0.03656523902830273,1.82153755693206,1.0897800748131594,forward_head
45.72,-0.282278084096915,-0.09865580421314642,-0.03368085905210394,1.6398245436281,0.01913302323798992,1.8663950343003681,1.196861188863691,forward_head
45.74,-0.2985519713817055,-0.14262667923782574,0.028169720690335926,1.739229551640913,0.03621666306721097,1.8196867644052728,1.1634016615123708,forward_head
45.76,-0.3399734713858876,-0.11732060211539393,-0.01314013536305518,1.541458855732925,0.02701437114386127,1.7904233507854745,1.1833838788815392,forward_head
45.78,-0.30674163215394135,-0.10164692032851479,-0.019974346891263532,1.6936089120533453,0.032295668216246354,1.8809031885755134,1.091408133510907,forward_head
45.8,-0.31380299657634914,-0.1421640901406823,0.014897514230502843,1.6073030925678085,0.03786579752832437,1.7064233107940396,1.111954867012207,forward_head
45.82,-0.3419175616034926,-0.13117807252825883,-0.004744211713465397,1.7354577354245944,0.045755095383471875,1.8919227876522164,1.3003087661577453,forward_head
45.84,-0.32940757893300066,-0.1277345356541397,-0.03020657912108934,1.6970548633001274,0.034362714582771556,1.9232357277585694,1.1268879242878413,forward_head
45.86,-0.29459862784607677,-0.122618761320594,-0.013437589395881213,1.6480760263554721,0.043405061083611446,1.772272159615984,1.1234754706268928,forward_head
45.88,-0.2837724758995604,-0.11360991667468837,-0.02204810706864721,1.6157479949600864,0.028758457486412287,1.8245141323759133,1.0831088138511622,forward_head
45.9,-0.26502986359366754,-0.15055078256121082,-0.01781033964252006,1.5573854802374811,0.012615333504833112,1.840645417672023,1.1036771872581,forward_head
45.92,-0.3191445880184303,-0.13150579017979463,-0.022452339980981298,1.6518438730118226,0.042851783497762606,1.8099283599043174,1.1033486195663746,forward_head
45.94,-0.3061991597406575,-0.14544559675284852,-0.0005036777520144428,1.6296572239659861,0.016021908552887473,1.8405454604585016,1.1435331974537397,forward_head
45.96,-0.35857462038048454,-0.094936229605437,-0.022871581551971956,1.5864938752176658,0.04062234708274555,1.8294554584242706,1.1335693398734352,forward_head
45.98,-0.30529620761331455,-0.1523621525088283,-0.022518325035735948,1.6415114981771737,0.03883560540772985,1.8648486042370975,1.046306891129417,forward_head
46.0,-0.2885054476839788,-0.12938081983024974,-0.009088326563463377,1.603882929701516,0.027917922068028737,1.8730011844679928,1.1176205609467955,forward_head
46.02,-0.34592457895818607,-0.12416124111435893,-0.0010839011904622369,1.624209186144947,0.03362455091766475,1.8090463088956648,1.1705406663612086,forward_head
46.04,-0.40267029958254813,-0.12091804635718777,-0.030073387318664217,1.7270772029542976,0.02259720236595678,1.9233238320347747,1.1591892532778176,forward_head
46.06,-0.2899490919851554,-0.1153334052128582,-0.02330113360025339,1.6616020967410723,0.0367067819922804,1.8966106773165892,1.0986678683140614,forward_head
46.08,-0.2927647975867748,-0.1330848461735783,-0.0311558377122316,1.5666399892089415,0.02492818766427788,1.8881021936291107,1.1846823726901374,forward_head
46.1,-0.27701294065106336,-0.14475998891963893,-0.013347499103856733,1.6691345684360008,0.022477735770887117,1.9095342895465344,1.1337777823881885,forward_head
46.12,-0.303686876499981,-0.12650640957137024,-0.0010785020153741204,1.7206535647267698,0.02638730241342338,1.8351851431673607,1.1091352026954644,forward_head
46.14,-0.3194142440176813,-0.15105052423763896,-0.03222677804057837,1.6125263740277216,0.016936718372570325,1.937776701288449,1.096490581875733,forward_head
46.16,-0.2967460466519799,-0.12452932423387866,-0.010893369556004116,1.6496970526578236,0.032575144301545525,1.8820569155774611,1.1196162407167127,forward_head
46.18,-0.33214818546871044,-0.13289606732639758,-0.007856227890218021,1.7270262420181717,0.03241297966221925,1.937060921866454,1.2431407431096726,forward_head
46.2,-0.30663779720769846,-0.12475606003433683,-0.01986473559191915,1.4075107314657165,0.038594948532907576,1.8528806080645068,1.170450916759275,forward_head
46.22,-0.26521264900167457,-0.0925873948477225,-0.01909073992607951,1.6427406145326815,0.0,1.850707082154237,1.196134637874724,forward_head
46.24,-0.3307547209909386,-0.11152122841996885,-0.03130953156859109,1.652196505449775,0.026924395532413856,1.9560938534292809,1.1631741392038715,forward_head
46.26,-0.3193109197960677,-0.15234361734528784,-0.002369414811280125,1.6601999180585714,0.03257388237684578,1.8587027575216826,1.2037543998218874,forward_head
46.28,-0.33637065937029487,-0.09222665530234883,-0.051968080454095365,1.7305890975137712,0.02437145621637552,1.9065063690251187,1.0859463048960962,forward_head
46.3,-0.3076116107682496,-0.10956505563998531,-0.03414721223769309,1.6929253787275447,0.03214074638039951,1.729817492127386,1.15003874083653,forward_head
46.32,-0.2982357433075859,-0.10465401584043775,-0.017305137835688662,1.6144927590030203,0.03176634592498044,1.8254872106722886,1.1861124849317533,forward_head
46.34,-0.3091334251449532,-0.14397409663136218,-0.020669542388451468,1.5657159641328477,0.035564868726435384,1.9611288450183004,1.1334704792892285,forward_head
46.36,-0.3225664155838072,-0.1379232367816619,0.00474358788016873,1.4523138227623629,0.0496293036038511,1.8584137190312262,1.089502588369264,forward_head
46.38,-0.317719109181193,-0.10894895502373106,-0.029562667489086262,1.6016351555293193,0.01448936540641474,1.9345023106640096,1.1678245737451611,forward_head
46.4,-0.31842601999040165,-0.13007636160236713,-0.02053008623880744,1.5877928333303497,0.019393949776720466,1.9097674986592008,1.1210866861255782,forward_head
46.42,-0.3084098996668356,-0.12443379901371986,-0.022869625552759277,1.7376631272049738,0.04689593328994453,1.9227597000624994,1.0811632683622798,forward_head
46.44,-0.3292200373267388,-0.14302851584932194,-0.03455196994847701,1.561724519911127,0.03733955164170492,1.9209983769567236,1.2302591134229373,forward_head
46.46,-0.3141222522077538,-0.1561580101559806,-0.011277737868753636,1.5887402115883167,0.03351783163146323,2.025732647533754,1.1988196549728123,forward_head
46.48,-0.3398938015420455,-0.12802930607205126,-0.04298000166964239,1.6673650468443082,0.021251749294011683,1.8471097082436458,1.2284769867595444,forward_head
46.5,-0.2997879216124323,-0.08157415069645299,-0.026474378653661205,1.4619047593414678,0.02633395294746516,1.827946883200949,1.088770439960063,forward_head
46.52,-0.2997408187204593,-0.09516432167963568,-0.02824915893032124,1.4438920629874141,0.04377744905707764,1.7071355091424654,1.2223499977332055,forward_head
46.54,-0.3193041791504956,-0.07235154338285008,-0.011483751448853899,1.5171453097697818,0.01027829438201493,1.9707386707612302,1.2231628008625473,forward_head
46.56,-0.3200589955674957,-0.13750069426847847,-0.013547714879226711,1.5080998979143185,0.03519041288894694,1.7635709990331352,1.1164539245454987,forward_head
46.58,-0.29042235283505624,-0.1460881634591149,-0.022391025182628848,1.5556573711352502,0.02544040628570373,1.7476930299588387,1.1100268736937648,forward_head
46.6,-0.3197864945999679,-0.08679086187830816,-0.013468573404210593,1.5059621555328482,0.018149022358938928,1.8312605415970002,1.1731146605657585,forward_head
46.62,-0.3271883962789902,-0.10214282013056925,0.0035285300363130257,1.4939104693120253,0.028646587624207392,1.9027457038132245,1.036036343367541,forward_head
46.64,-0.28501966524055095,-0.09573572313107222,-0.019545015499466384,1.758084554743308,0.027673028919241498,1.8674816863173287,1.1542202318966814,forward_head
46.66,-0.30088064622667743,-0.14963385063378642,-0.024258421749108413,1.572048187966624,0.01053023140072893,1.817631502390636,1.129527125385174,forward_head
46.68,-0.32785172918426003,-0.09840797697309828,-0.028427937239905828,1.5603975064884121,0.04653670721025292,1.9225036511366718,1.127721011618944,forward_head
46.7,-0.34033584341769596,-0.09830083091134881,-0.01752483189391292,1.6962257506608716,0.044921437179630305,1.7471820802215163,1.2346785447764708,forward_head
46.72,-0.3079242084966582,-0.1082080582493557,-0.036721129565672805,1.552303419735085,0.03513497887099224,1.8506801125628976,1.2080545528908861,forward_head
46.74,-0.3421793712572758,-0.16318143234283747,-0.016277016922050358,1.5318978271386454,0.019110154124899296,1.866643801245676,1.1296048413316135,forward_head
46.76,-0.3227296811455918,-0.09595881718557721,-0.041290834981307895,1.6776030871731817,0.017368563409649963,1.8022205264503959,1.1909472425302865,forward_head
46.78,-0.27225864733969696,-0.08662413481770251,-0.026353786100756265,1.7353342530358247,0.03653505888488271,1.8678677708342806,1.204854204165654,forward_head
46.8,-0.2961055709646674,-0.13491296599046088,-0.02307804093416962,1.5540159494570824,0.03939572067685799,1.680155110925199,1.0989287021746952,forward_head
46.82,-0.3797756841410755,-0.11221868514462173,-0.0009471960959077162,1.6440235478449716,0.03864195298797719,1.909275375163361,1.1108900593475546,forward_head
46.84,-0.31973032447737204,-0.13334054579435572,-0.023648461595304347,1.8062978385953785,0.010742442954115392,1.9475405999535937,1.0908569668691235,forward_head
46.86,-0.3247538848571719,-0.10947044063397635,-0.0011957687526924217,1.643452222645328,0.0439029417751826,1.8708234227406468,1.0966560551556892,forward_head
46.88,-0.2801413378799556,-0.1416529536011135,-0.0264009086711746,1.7331166040827155,0.020499766649113092,1.882213189534065,1.1333101596995259,forward_head
46.9,-0.3372076299189067,-0.12481204077219,-0.0513956389218789,1.4772527978728949,0.02153350984924545,1.7884248291216915,1.1711682259376466,forward_head
46.92,-0.32881971805102334,-0.14461102875928403,-0.012398507446975165,1.6493545419001854,0.032255079024192716,1.842128411654247,1.0966747505885484,forward_head
46.94,-0.33836782259316794,-0.12006236819864848,-0.023781478934630364,1.5191234414738353,0.024490895597875123,1.9292053994577119,1.1915459038681209,forward_head
46.96,-0.32028922576116875,-0.10453786948404487,-0.011439106615269576,1.4620225931394286,0.04273623838721405,1.8083929671511356,1.2440692486968228,forward_head
46.98,-0.29389232075608646,-0.11061871149952716,-0.02578291483181463,1.54273929396991,0.03764261490138074,1.7653914098608081,1.106582828480674,forward_head
47.0,-0.34105946878814714,-0.07955677993614213,-0.007757064386312619,1.695859254066945,0.03721217299952842,1.889257582144701,1.125306883118286,forward_head
47.02,-0.3341528913109661,-0.12429046294790307,9.621871785107625e-07,1.5980410569883998,0.024373991777938742,1.802675849314551,1.156584678601361,forward_head
47.04,-0.306293586400517,-0.12687118093364916,-0.011375161464555316,1.5205449284509402,0.02412024821328634,1.9906952473201112,1.0555731396812063,forward_head
47.06,-0.32855819350922905,-0.12815897463137368,-0.02443068475909236,1.5490559469119072,0.035747374623536554,1.7983360079295558,1.095703750004615,forward_head
47.08,-0.2925419194362,-0.1059700477189421,0.002483485250995134,1.6237431596142171,0.037020499153916,1.9221336751833449,1.1518288087525832,forward_head
47.1,-0.32767403630400466,-0.11482162190043688,-0.006816578759699041,1.6477817449270606,0.03786704367828288,1.8970061031126055,1.2220731573652768,forward_head
47.12,-0.32209178922542897,-0.12049963008913131,-0.012041518132593172,1.5277925398685661,0.033625392842419166,1.7767124396214717,1.1520510018733698,forward_head
47.14,-0.3233787997800436,-0.11561263642177765,-0.04188415417662821,1.5580955872783437,0.025911033453235987,1.9194825364950614,1.1646689925646925,forward_head
47.16,-0.3151111897009571,-0.161013453116326,-0.03715163554308911,1.5753476126135522,0.04450024362593825,1.8931118394343474,1.2030842252347511,forward_head
47.18,-0.3288018470908454,-0.114710947048599,-0.02966802061824222,1.5673077298343274,0.01808309922401331,1.8430754858425142,1.1367984577523929,forward_head
47.2,-0.3087693868049931,-0.07267007187216656,-0.01817186964143453,1.7042375956516178,0.032037338253670604,1.779608079230641,1.041504838688424,forward_head
47.22,-0.32186488889030224,-0.12825412572096284,-0.027268785774612614,1.487016859668884,0.016435829038513206,1.7604106636698476,1.2003384464194307,forward_head
47.24,-0.31705884782495136,-0.11093286164553552,0.011264997276449994,1.568735394141291,0.032477153921498504,1.9064526712783874,1.1421181785393408,forward_head
47.26,-0.3143412281926552,-0.1066711818842679,-0.035011547376462934,1.564037045825114,0.039288360958227,1.875297298455803,1.1706163287086775,forward_head
47.28,-0.28462674229885115,-0.10417531915820365,-0.013658191718428577,1.6946929070437604,0.04921938923868747,1.7948800751541227,1.1499297706933065,forward_head
47.3,-0.32034213556885416,-0.12072487145961976,-0.010078802607544197,1.5214845340986192,0.05505387796370376,1.9845484017792927,1.2019600349805823,forward_head
47.32,-0.3308115910704711,-0.1313525073176233,-0.04055894350651314,1.5661379029930065,0.02641265742263036,1.9401680633037448,1.178648458621135,forward_head
47.34,-0.30185211295334513,-0.09386998722746327,-0.023209994293298897,1.6386452827260072,0.03351519847815061,1.7981592081322435,1.075782231815835,forward_head
47.36,-0.3581194333891421,-0.08572855979590903,-0.009783900433869902,1.5087819041823753,0.03265176451233909,1.8132349622919792,1.1434508421945901,forward_head
47.38,-0.363783669482397,-0.10978725046371564,-0.02653765983495542,1.4952959307234055,0.027981859230444092,1.8503286010444695,1.1230279506016185,forward_head
47.4,-0.3124028696838464,-0.13446476610619146,-0.026385399231766037,1.6562511447353236,0.036829788397968355,1.895637122666745,1.1807401834874574,forward_head
47.42,-0.3016573730806033,-0.12335967432970657,-0.03305931621255141,1.6364517724899024,0.018370035427849277,1.8825114166529564,1.1463844231786073,forward_head
47.44,-0.3258483533893466,-0.1483143613220318,-0.026227057760033066,1.5897798771569809,0.04695073874670121,1.7886215971414052,1.196284598364299,forward_head
47.46,-0.319777816396603,-0.1462181659744446,-0.026850762606492103,1.4119738375946445,0.027138988537436775,1.8488846133216132,1.195899510459015,forward_head
47.48,-0.311029224382578,-0.11996416199731516,-0.026588224413094,1.5924115049391683,0.017063895253898315,1.7889650558164705,1.1432241691031153,forward_head
47.5,-0.3091884497579402,-0.15597543048731655,-0.009949459278083217,1.6349740372322128,0.02873138452336923,1.8835196593023829,1.1386016440148785,forward_head
47.52,-0.3238901157460353,-0.10547285675422108,-0.018594445541222897,1.702670131330184,0.027625892861351427,1.8040389909573955,1.1222516931290543,forward_head
47.54,-0.3214050210230752,-0.15426240217263162,-0.023770008189994966,1.6386060233048036,0.03437086570699326,1.815312421736812,1.1853416188203234,forward_head
47.56,-0.357053445493735,-0.10766451493690828,-0.021030707640779838,1.5407661330162719,0.032807708624837895,1.9524873615201277,1.1951850660063443,forward_head
47.58,-0.32569733968368797,-0.15452556896940678,-0.02583356511135049,1.6527132464556462,0.03341529493126616,1.9113627739871522,1.094430009670528,forward_head
47.6,-0.329292439252986,-0.11147608810858348,-0.0139816915718126,1.6676182183615378,0.029815010538837523,1.883076996913212,1.1747096720579064,forward_head
47.62,-0.3377300326898938,-0.08692402098737856,-0.026328352193066996,1.6379045065047737,0.033259563847532876,1.8048832364172458,1.1224323142523762,forward_head
47.64,-0.3070264249501828,-0.12592348134500309,-0.008634881427280522,1.7616495189562078,0.0388307811862245,1.8140841499102538,1.2027671529951562,forward_head
47.66,-0.3180705507402306,-0.12627934485621153,-0.02463987250957258,1.6454586235108686,0.022047868516075046,1.8623310250557508,1.2706999189757258,forward_head
47.68,-0.3274647753554444,-0.1391378042982304,-0.029291402039779035,1.586594000539402,0.03591364376389426,1.8291811525493866,1.1460540982957559,forward_head
47.7,-0.32265854776099984,-0.1075710126816209,-0.02223314823936107,1.5471133255235003,0.029040582949364863,1.9160226127361362,1.2605199571875367,forward_head
47.72,-0.36160477785088996,-0.11743623701696654,-0.028635700972709736,1.6939522486466572,0.057507032114850865,1.935804009230839,1.0987591586615222,forward_head
47.74,-0.33156808562318485,-0.13068423775005686,-0.006859399893412403,1.546258188343879,0.015620101568968812,1.9664470322532588,1.1282968643061035,forward_head
47.76,-0.29295877687625227,-0.10006484745472505,-0.02346675919785708,1.5711714207900145,0.030743309422503952,1.8449535940730784,1.0506956416347892,forward_head
47.78,-0.33206939261615226,-0.09982556567787289,-0.01676603963208218,1.5005554628973177,0.024877733187551595,1.8919883424445547,1.1782806655340232,forward_head
47.8,-0.2890179699202647,-0.10794501887065064,-0.025463288616464644,1.5246050411296699,0.044530027480437495,1.8934158005891064,1.068402064446448,forward_head
47.82,-0.2979239857834776,-0.11989015999696877,-0.015183016646426,1.5976828544494643,0.027929182698491442,1.8705398977200658,1.1484809382769532,forward_head
47.84,-0.3121593521529057,-0.13667443928474662,-0.025161777874404042,1.6668463907225213,0.028983119225740265,1.9059836556352079,1.1229174705678369,forward_head
47.86,-0.35049831891716965,-0.12924776334693538,-0.03372971693326334,1.631110155221084,0.017955777832240165,1.7562099720700743,1.1650946972921994,forward_head
47.88,-0.33188618310197193,-0.09719287341223778,-0.00447833772620727,1.6195164522767886,0.031905519175641564,1.9096753356282317,1.1243321124602934,forward_head
47.9,-0.2929929274127495,-0.1409950603894694,-0.007427625692438913,1.4742838298624366,0.011147763967637562,1.7572837674885442,1.0693676285716534,forward_head
47.92,-0.2565617576892618,-0.14695452425116864,-0.020806310632374335,1.607738719665663,0.044124116167124895,1.8465518143088753,1.1803133111369812,forward_head
47.94,-0.33960986467649346,-0.13430364443374104,-0.038814631594971456,1.6099863362156908,0.037529425559337436,1.7988871270660398,1.1682371471686688,forward_head
47.96,-0.27946306611564575,-0.10593346959854728,-0.016842706777795525,1.554423637431005,0.04136046618930634,1.870674511440036,1.109736180596058,forward_head
47.98,-0.3118652262207399,-0.13609800464906427,-0.0229729764977567,1.57061219112031,0.029692810112734246,1.905956778268935,1.1772696983853421,forward_head
48.0,-0.3048738065415517,-0.09188607951282583,-0.028940646440143374,1.5626231457299558,0.03859736567078979,1.9066856995085482,1.1635890668516864,forward_head
48.02,-0.35842250171126205,-0.1205339667233876,-0.022927387580175294,1.605128493967439,0.04932143677746906,1.8563193439220775,1.1927009807736497,forward_head
48.04,-0.32190841197075293,-0.054042808336579644,0.009360552086766248,1.6216321282751338,0.03648718029821853,2.033698551003601,1.1450942994854247,forward_head
48.06,-0.31687311462387585,-0.10232028745419632,-0.02450545283060681,1.553361148595695,0.04196587880270537,1.917654638237634,1.2470358606258864,forward_head
48.08,-0.3400756531368098,-0.09238587387904762,-0.03249535334062725,1.446864725048419,0.04906160091279921,1.8358441023699694,0.9705016297931478,forward_head
48.1,-0.3193135933731619,-0.10293666033571161,-0.02558401362681272,1.6353997388698536,0.04020730673416198,1.8464333995779256,1.07261545675146,forward_head
48.12,-0.33887867262725124,-0.13743997160204227,-0.008778824180711759,1.5070582848681489,0.017599132583224795,1.862527583686326,1.1392384613226312,forward_head
48.14,-0.36410478122672474,-0.11172143881421635,-0.018862430027513415,1.630052159120314,0.034268778417934735,1.7928809290780034,1.223201698653593,forward_head
48.16,-0.3161697471629307,-0.1271117214362558,0.0010438133543214897,1.5697541022349437,0.013691864242447987,1.9338753842246361,1.0776429643769574,forward_head
48.18,-0.2881483199224538,-0.10549201728628421,-0.04382705681400041,1.5080755129305192,0.03174674931111481,1.8841484857441133,1.2660434235813884,forward_head
48.2,-0.2664839543545742,-0.11344214625141028,-0.020764274572220333,1.5923151379008533,0.026967566710445173,1.8636695736288633,1.0468607823171368,forward_head
48.22,-0.34924281607915936,-0.13724413024067966,-0.0024936236527962493,1.5886380033429068,0.019643095859374064,1.8700570084521244,1.1839785928331423,forward_head
48.24,-0.3286573921030925,-0.16090705602636443,-0.01881019795871314,1.5453865305902306,0.028277513455077806,1.8475228206037289,1.2756764497450808,forward_head
48.26,-0.3095834574836775,-0.11292027338846564,-0.025410468354022234,1.5059324670645573,0.023831113375953544,1.9541432705111654,1.088986438795561,forward_head
48.28,-0.30433375196854534,-0.11640287258498744,-0.008634778366753894,1.6797868249209706,0.0392482570081992,1.8400347332560394,1.1210735532581162,forward_head
48.3,-0.32675649330380285,-0.11796346152558959,-0.027924106473438057,1.4932483562741103,0.04292197011297716,1.8041928639474036,1.2290139872883163,forward_head
48.32,-0.3263717866135062,-0.12241393418576081,-0.030171540273213,1.6795411984342232,0.030631444857262956,1.9914901354794883,1.149716791745159,forward_head
48.34,-0.36524253142527663,-0.11802688617403144,-0.04795344229991414,1.5944170447351453,0.033059399342667155,1.7487110743904268,1.0133336193126992,forward_head
48.36,-0.305437220453089,-0.12500243398012953,-0.006894058242494833,1.5985984930929322,0.02544332922638954,1.9197485299602,1.1177309417768255,forward_head
48.38,-0.34396726823961576,-0.10436988219577066,-0.01565227973518908,1.584493156552705,0.04129375137359226,1.7505988014388716,1.149313094802936,forward_head
48.4,-0.3587788253253812,-0.10963353279773781,-0.013570788196299437,1.5720013769354595,0.030937313420743687,1.803873856006905,1.0995887644391427,forward_head
48.42,-0.3136812737889732,-0.12076238773259933,-0.009800055872680154,1.6151221277448478,0.03166318075799638,1.87086866564285,1.0513381336524825,forward_head
48.44,-0.30505972417702204,-0.09805924827530826,-0.006026930653949381,1.6943455174732547,0.026326377184978784,1.8046590303345276,1.1780416089657533,forward_head
48.46,-0.30169433412078855,-0.10768704338375418,-0.03421950044986854,1.6825199433506135,0.016408948513144724,1.8712834767973834,1.080237261410302,forward_head
48.48,-0.29979716169022513,-0.13469659300076423,-0.02393127561078947,1.5608410633217968,0.032904698955807776,1.8895088283269827,1.0815020654538228,forward_head
48.5,-0.32629513442098323,-0.11349868203373696,-0.004038040759557945,1.526446995811862,0.02205158317896022,1.7166908955041689,1.0781886138922547,forward_head
48.52,-0.2902262621195352,-0.09795150695133903,-0.00394505424724111,1.5650005127368019,0.03364921780841467,1.7894346305052407,1.1879077253113854,forward_head
48.54,-0.27081060109211896,-0.09977581294726363,-0.00809734985119042,1.6217453266308346,0.05021906502457686,1.7928463270508495,1.1640195237767577,forward_head
48.56,-0.2913515314338648,-0.13026614275338627,-0.027492507784439943,1.4518005357379247,0.028862386576031532,1.8514627512512103,1.240213022670513,forward_head
48.58,-0.2975905381592566,-0.14092437102005723,-0.032675378202858825,1.5918720619905564,0.02300337260068739,1.8218336677176028,1.2113753884373568,forward_head
48.6,-0.30256019268276035,-0.08954477832691346,0.0008434853653152854,1.5693968009343744,0.017270959250832617,1.827816571233358,1.2620557712706055,forward_head
48.62,-0.2978004384509211,-0.10862930493393379,-0.028056723316722324,1.4860724836630395,0.039551567769418566,1.8664769938868122,1.1565007591172325,forward_head
48.64,-0.3396965623234831,-0.1486823838528284,-0.022678437445615797,1.7184261278492365,0.03112271486877022,1.8962875226023161,1.1631152363034283,forward_head
48.66,-0.301316345839979,-0.10222806591543611,-0.01021801995808603,1.653139803521617,0.029003435912194477,1.8302607131997621,1.0802489049623492,forward_head
48.68,-0.2627696291036278,-0.12007243470202908,-0.026246385742810872,1.5419100926159766,0.03946893918935064,1.9100843385188373,1.2724531799474468,forward_head
48.7,-0.2900442578297721,-0.08274709856691463,-0.039729312450795674,1.7589928379174746,0.014748042302727318,1.8118408129854882,1.0460277262878983,forward_head
48.72,-0.3239855044177816,-0.10686160649608716,-0.018290506021301594,1.5904585174467953,0.025402188218217304,1.838630373046178,1.280419320393132,forward_head
48.74,-0.3103103753726747,-0.10849668219424138,-0.04261116020987767,1.59136934909798,0.04547829223207148,1.8452614400400738,1.0497537845576135,forward_head
48.76,-0.3232912831708052,-0.1188281340512567,-0.024111687413043672,1.7209309015326675,0.03977710212329425,1.782953461539076,1.1671610366519576,forward_head
48.78,-0.32747107884914384,-0.103072273798865,-0.02332465010728514,1.4889772221664743,0.022188712157897444,1.855810873405334,1.1409022319130429,forward_head
48.8,-0.3052466617351301,-0.13245228435098724,-0.025602161330616185,1.7185393571487206,0.05136468662240577,1.8394242729906374,1.0813416756986103,forward_head
48.82,-0.2961353823909691,-0.1400639801077948,-0.0034616343900712387,1.6153054635014261,0.016362404090958342,1.9489260563499426,1.1326534498542855,forward_head
48.84,-0.2695589814314579,-0.11001423549136001,-0.03664362158763829,1.497559887732623,0.03127768622939362,1.8105687763845284,1.1591189725721407,forward_head
48.86,-0.3606967925320743,-0.13095705864099516,-0.02137910456588523,1.6461630533631453,0.034985962671566645,1.9655257994882152,1.1527714458489742,forward_head
48.88,-0.2999970295426465,-0.09052263751815243,-0.02876498715469552,1.636159582738407,0.02189791795013407,1.9084063639920497,1.128829924664692,forward_head
48.9,-0.28496052962631024,-0.1343696362500331,-0.013749935364005029,1.6059804508546627,0.024759150680203054,1.8107262966669753,1.1834048516464086,forward_head
48.92,-0.2974794063462529,-0.14328180734900714,-0.05255005807660342,1.5613832958489244,0.017456003433182987,1.8595975064018662,1.190220839513429,forward_head
48.94,-0.3612710783380599,-0.11219016199236215,-0.025326774754888426,1.525289082473978,0.01993073543279348,1.920863716851227,1.2221535552071483,forward_head
48.96,-0.30483744604594915,-0.10032185168545713,-0.031779592004201294,1.5505969118202645,0.03693787776949093,1.894099790667443,1.1136640101223554,forward_head
48.98,-0.33185454481398047,-0.12884797832034586,-0.036579871426684486,1.5782193134625406,0.03671003861294944,1.9174230472563234,1.272796836420672,forward_head
49.0,-0.34620269649925334,-0.10053356640228199,-0.023187261532540977,1.6438234273033525,0.03851651293140124,1.8883505960002023,1.2046584576083224,forward_head
49.02,-0.3547048162770172,-0.11299283843036095,-0.015245251358609217,1.4167060362398873,0.03180816595937254,1.752153644971239,1.1570748701812585,forward_head
49.04,-0.30611230222255154,-0.1425527331878583,-0.012833467900401126,1.6058376586698175,0.04350271371705404,1.8129065553501749,1.1481006833655443,forward_head
49.06,-0.3234470939704833,-0.122644689014199,-0.045823675920082484,1.625520820188527,0.025611984512326217,1.8822614953612362,1.0788258245801572,forward_head
49.08,-0.3321262623585681,-0.10982555313933802,-0.03232106770288184,1.668765473946555,0.02324865415391201,1.9080261770217026,1.214740075854158,forward_head
49.1,-0.3462225747739003,-0.10767426690743483,-0.027833080683786728,1.5661854868595557,0.028740099561871436,1.8551249284101392,1.0898821409514405,forward_head
49.12,-0.3377143040286518,-0.13163548506399672,-0.01325085866013741,1.5186465033870342,0.030512621372871186,1.8443058193901716,1.1326070169412819,forward_head
49.14,-0.30992802535694947,-0.12926438670450807,-0.01651031145787981,1.738428330277195,0.019550999547338885,1.8184145744959088,1.1011248964168991,forward_head
49.16,-0.3272726123740632,-0.1175899448297293,-0.02612437887880372,1.5778842614470951,0.044549550690169734,1.793767978170548,1.169468452812449,forward_head
49.18,-0.30675284281092113,-0.12571415994433685,-0.027681144257493857,1.4958817487869172,0.018982874275815804,1.9227418479094522,1.3139770821464167,forward_head
49.2,-0.32338288069900023,-0.12497230432080055,-0.020485256714950002,1.77760154836552,0.01984950455506171,1.9298081982731645,1.140199511752832,forward_head
49.22,-0.3524726475064136,-0.12138932098794485,-0.027801171418623594,1.6079016788049822,0.020535398940066493,1.8028381422358388,1.0854333387192698,forward_head
49.24,-0.32869917155155093,-0.11487667669640889,-0.033527201866328814,1.503168129764373,0.022491058804175304,1.8689656642350585,1.2239056485027964,forward_head
49.26,-0.3269068426144468,-0.13128485804073578,-0.03500353389278011,1.5200991883671249,0.03476691916497218,1.7867798585493775,1.171946029230676,forward_head
49.28,-0.32303891672654705,-0.1278113551459031,-0.014674315768481749,1.5087130970457163,0.019901481957882827,1.8477770636323179,1.112644660812176,forward_head
49.3,-0.31682991301266,-0.1034303750270581,-0.007267871848431914,1.590359278924706,0.03564255532318049,1.8707673208232904,1.1191434449259532,forward_head
49.32,-0.327916232445028,-0.12165119796297087,-0.03486993127997227,1.4891770730962064,0.02882219176813003,1.7936734452990175,1.1479900298212442,forward_head
49.34,-0.3233933384584849,-0.09870965465441893,-0.018149722995784663,1.6638660901440943,0.023447145543424287,1.868971081712195,1.2085322797450417,forward_head
49.36,-0.3049897302104743,-0.12203717394284193,-0.014763782902691475,1.7507334365581007,0.041504535602534254,1.8236823352431575,1.0416381439643028,forward_head
49.38,-0.3011430241053403,-0.10202350098831345,-0.01943868337943375,1.5410502284808547,0.03147392698269947,1.8207131004925807,1.1470896387902974,forward_head
49.4,-0.26301641734243336,-0.11502566128249296,-0.006369520521909141,1.6176701505729911,0.04368347678829496,1.907086637148392,1.097638327340011,forward_head
49.42,-0.32774841848750913,-0.09626444060522782,-0.03600767537088062,1.580209786318317,0.037396928231477736,1.730928173259233,1.1310581606207293,forward_head
49.44,-0.2978587835499236,-0.13998029752849614,-0.016737390149271406,1.5248084109127102,0.03747280570602451,1.7915034887219834,1.264793775006819,forward_head
49.46,-0.26174901563496344,-0.13074275898484577,-0.03982085663301365,1.5956946274958186,0.0507697199121751,1.874591616278406,1.1169168456803336,forward_head
49.48,-0.34965088698517177,-0.11489452714052859,-0.022396112065775332,1.622844735791891,0.025349414433316196,1.83700325812597,1.1622188360816141,forward_head
49.5,-0.27540532272343904,-0.14823820382159367,-0.018754165153829647,1.546488557994428,0.036917909074909105,1.8961052650309118,1.14228876003183,forward_head
49.52,-0.33686641615056395,-0.13805403553273865,-0.02651145041588378,1.640626873169271,0.018285711011227786,1.8807123681521933,1.0848320317598426,forward_head
49.54,-0.30381501561404506,-0.14604994725645168,-0.014641854217707077,1.5007431970141725,0.023363701806722127,1.8877704316460633,1.1762209036578304,forward_head
49.56,-0.3125858295682445,-0.1448277056597963,-0.01144181196553172,1.4463318602386477,0.025227529860190803,1.85771945907522,1.0803576029836495,forward_head
49.58,-0.3318614100322984,-0.12955840334479923,-0.03203673986058833,1.5341513993892049,0.024837156624813974,1.8826981176968698,1.133486738058438,forward_head
49.6,-0.31880260570084645,-0.13104798756571537,-0.014342259304941329,1.5775320052571482,0.030334684186608507,1.9071406987645774,1.1570137404978376,forward_head
49.62,-0.29712069399950297,-0.09128721144897035,-0.008324178256515867,1.60040813293552,0.03675734548145473,1.8731166279592018,1.2251393736448528,forward_head
49.64,-0.3360628956284555,-0.08753612748804625,-0.011665985130278425,1.5889424545324855,0.02170401126464155,1.8495476652165181,1.1388771360543029,forward_head
49.66,-0.33058018910778525,-0.1534893710897437,-0.02727796096353319,1.3638593104318237,0.03705345942277499,1.8761073748717598,1.1731088350242609,forward_head
49.68,-0.32044200751242796,-0.11967408543656527,-0.038053867567106624,1.5487262242641204,0.03160974476229877,1.8776921566922284,1.0979514049738264,forward_head
49.7,-0.3209009477946499,-0.11656449089122277,-0.014190236696775015,1.5308748818187379,0.018384472737027657,1.882680711603496,1.0642917569766215,forward_head
49.72,-0.3112685131788951,-0.10041036705470169,-0.039210742556281965,1.4215669995027518,0.020056524488284763,1.8314974305735803,1.1546468882481178,forward_head
49.74,-0.3058990050628525,-0.13682495610216105,-0.029451148646242313,1.5110521996402733,0.026637392977843056,1.8896030080996487,1.2671616402536354,forward_head
49.76,-0.3656503703969132,-0.1271618739812824,-0.005891161233704105,1.6044174544294314,0.032251890706673045,1.8834844960253443,1.1052443267378178,forward_head
49.78,-0.3270265734236929,-0.11817298733411663,-0.010908715558837328,1.620448287420537,0.031347060939537034,1.8439856592627546,1.2046871847466896,forward_head
49.8,-0.3148539323519518,-0.12887262072625014,-0.017192656341671865,1.539332930469583,0.0359485263077164,1.8089490980633516,1.1802014547451598,forward_head
49.82,-0.3110763337156493,-0.12581358863099584,-0.017268940959310305,1.680491242775158,0.03052244331406313,1.8460931775523564,1.121410437286586,forward_head
49.84,-0.33342222893436974,-0.1115059113567304,-0.01264640059199594,1.5174834009556943,0.037810038968582836,1.776903941754046,1.2150176759554672,forward_head
49.86,-0.29750435106957834,-0.08068837076181322,-0.00688254832582476,1.4196488202662485,0.018519108225382552,1.8903416909324564,1.1785575934308863,forward_head
49.88,-0.31479765822693623,-0.12316111870098381,-0.014179113940894755,1.662354548764314,0.04123331292280502,1.714468476597562,1.1979155361699234,forward_head
49.9,-0.35979688396550374,-0.0907737187618605,-0.018726808672339876,1.5711514495563441,0.03821806648377045,1.7372132395350706,1.1306834893819402,forward_head
49.92,-0.31812249374391277,-0.12600333276895917,-0.007955549079991847,1.5793031102318773,0.012116213019627921,1.8526192966254216,1.1583137390275011,forward_head
49.94,-0.33797930888444366,-0.10987971941443807,-0.005314573040550583,1.5202764754729903,0.034297930497617805,1.801989492517716,1.0214762354706488,forward_head
49.96,-0.31376454982389923,-0.11882455901689841,0.0019121514733134734,1.6058110915836354,0.04279830030296786,1.9002333888916745,1.2015175292878593,forward_head
49.98,-0.30273812128223687,-0.09874117810005743,-0.03222205423836188,1.5709863897285283,0.02560152285230365,1.9069912786699061,1.1002040484246098,forward_head
50.0,-0.3114768174097622,-0.0997405425483982,-0.036014191876016094,1.7058625843716766,0.03400462905160078,1.8518306991661317,1.12348980475413,forward_head
50.02,-0.3056811141214549,-0.1202089553699257,-0.03505728639647516,1.7150079649530794,0.0224577237740312,1.8071091690755998,1.1791514710284199,forward_head
50.04,-0.31263955020388207,-0.097066539118137,-0.03078108961415756,1.5092444872025412,0.04207145654746834,1.8651493376920956,1.1149489881259544,forward_head
50.06,-0.31921735652269034,-0.11708986882388217,-0.026298636640576068,1.576161567404716,0.041934143802561566,1.8663369755516395,1.1883843997163441,forward_head
50.08,-0.3038910512795261,-0.11352462718823834,-0.012511568918766107,1.6724169536727453,0.02199954431529187,1.898227294105653,1.0519058041054543,forward_head
50.1,-0.3367307079453825,-0.1133983262699433,-0.03818164975550288,1.638463555433703,0.030927347458173958,1.8171160558110016,1.165541395582973,forward_head
50.12,-0.3008006012239297,-0.09270892128878416,-0.03162014138402138,1.616658340217409,0.03099274421057833,1.8345062185249874,1.141891582836147,forward_head
50.14,-0.345159987403902,-0.14318034270563013,-0.01814405676485817,1.5310042106763773,0.029982350780052697,1.8552565690222806,1.113373082579473,forward_head
50.16,-0.318043452489494,-0.10905923766213607,-0.019954168780368094,1.600195750607908,0.01954763154319073,1.9216455910159609,1.1876464182202982,forward_head
50.18,-0.3393974473202967,-0.13624161181302497,-0.033003928463846297,1.5672789073198838,0.034094008260875074,1.8604231062936247,1.2343837793013832,forward_head
50.2,-0.3006869206825045,-0.11921629324403131,-0.04088604836169848,1.647460489023605,0.040613145415070884,1.7885748975107432,1.0275489578314123,forward_head
50.22,-0.3268617723573191,-0.08730537997447935,-0.01230428223163689,1.5960494025369873,0.024716982044709474,1.8302664795395367,1.135999878433054,forward_head
50.24,-0.31433173450016316,-0.1082715961600328,-0.006136896044271373,1.5418650679571675,0.01590236531421521,1.856067038538455,1.0950157832800769,forward_head
50.26,-0.31411624783078146,-0.13790820885935848,-0.025863242943383026,1.6115069240843878,0.03486656028571886,1.8328955166509995,1.0033420076702146,forward_head
50.28,-0.28565557778128975,-0.1152348807009177,-0.02070056161730799,1.601197206108454,0.03975796316698238,1.8022254659353298,1.1162385793657885,forward_head
50.3,-0.3230730339505697,-0.10201891021938071,-0.013273536366703054,1.5652085563129314,0.024202769835200776,1.9153885664163417,1.1760042991491977,forward_head
50.32,-0.2419860062230431,-0.1072950219661868,-0.035971235474936566,1.5354916885355145,0.03027334272236207,1.904105460280766,1.0329350100471462,forward_head
50.34,-0.28796074463439025,-0.12580132320005813,-0.013184560856747655,1.551181748342041,0.031550969330474535,1.719724105973362,1.2126498083673631,forward_head
50.36,-0.31385948890576265,-0.1380694453984304,-0.015739365802133445,1.6693413644287087,0.03477537239190823,1.7964702855008008,1.2131220913655492,forward_head
50.38,-0.30922079639369143,-0.09437738480634496,-0.02232244418091558,1.5759074145896543,0.010728183201570297,1.8861464288010572,1.2273268079779933,forward_head
50.4,-0.3313175330379337,-0.12593833612226285,-0.023822268845823127,1.5633913887097342,0.03648965658348463,1.954225310921433,1.2094862199980738,forward_head
50.42,-0.34962981931159065,-0.1232297945373979,-0.009244483508839395,1.5421220699586906,0.06087993243702042,1.8532604291234689,1.129678872639034,forward_head
50.44,-0.30198124458026077,-0.11424916823629659,-0.03087453646019086,1.6084760475535653,0.051030319775632965,1.8183307542718314,1.1897359084976369,forward_head
50.46,-0.31206796347630045,-0.12219088435265212,-0.020886850309996232,1.6149129414525012,0.014572273024903862,1.884875042590502,1.1292517523076504,forward_head
50.48,-0.3175232373712446,-0.14084447592960206,-0.028721228840781807,1.6662580247400955,0.036770590042176886,1.8383361716275954,1.2696678570106366,forward_head
50.5,-0.3136582155562892,-0.12572303509963656,-0.021127972310050213,1.6673937619666668,0.04145737552933415,1.7965045105874091,1.089038317607777,forward_head
50.52,-0.28208275380753073,-0.11442801834631154,-0.02430783748575006,1.596216048887874,0.019770566745098944,1.9011989381630066,1.058064014109637,forward_head
50.54,-0.287666940414373,-0.16162880352231496,-0.04513735153557362,1.6352889782371836,0.02168285279641652,1.860365699061804,1.0996296041910065,forward_head
50.56,-0.36014627895180856,-0.11616194677925165,-0.009966905608900917,1.4776648552238933,0.0314495236583288,1.84649686375162,1.135169800515311,forward_head
50.58,-0.32044589852319955,-0.12424778754431341,-0.023408178771336205,1.6463617876372016,0.02957277588132239,1.9164296399092104,1.089694731917164,forward_head
50.6,-0.30686509865717704,-0.11710664039942754,-0.027555890716066445,1.5822726361109654,0.031530989935840345,1.8967382078571968,1.0658212156021725,forward_head
50.62,-0.3327719050073664,-0.10844371426426584,-0.015585025792901157,1.6399855042534355,0.020157315821823132,1.8180525066024738,1.1873750556909959,forward_head
50.64,-0.33607836457759155,-0.10375289359193333,-0.02471170794414577,1.6608509275854435,0.04049248692327874,1.872354170919815,1.1603986378796314,forward_head
50.66,-0.3325843977715829,-0.08478640741577417,-0.02845012137036223,1.7764833851894266,0.022357810944503922,1.7306439258317137,1.1286264415621718,forward_head
50.68,-0.32580319988266865,-0.1059944141405493,-0.02852122864390802,1.501347455377181,0.02653556987776727,1.7673492754549351,1.1495834627067432,forward_head
50.7,-0.29314450637513473,-0.10758145962407642,-0.023043774698375985,1.6237768915495865,0.04830075293257824,1.843505869176067,1.1930896847336951,forward_head
50.72,-0.35186897857249,-0.11564081975305726,-0.014567949302354465,1.6701488055183245,0.022759044078071184,1.7973920518676214,1.1016779293145207,forward_head
50.74,-0.3227698543786713,-0.11601088364455252,-0.0003764491326576361,1.5674540648768354,0.04790060348065965,1.9021320024548485,1.1866383046506292,forward_head
50.76,-0.30670441454193154,-0.11085677164919552,-0.024274624709232147,1.4993168968193828,0.05130742102577019,1.9299916910414048,1.0886859329860943,forward_head
50.78,-0.34237257329085896,-0.08378649012280433,-0.0304596208758749,1.5436898751833055,0.040923257868815156,1.9003297059105229,1.088249677763558,forward_head
50.8,-0.3120719823306011,-0.12961380719677182,-0.023949869625108557,1.7392223398140956,0.01942761281395281,1.8832469627102735,1.0865621225609488,forward_head
50.82,-0.31998990894197027,-0.12292691273444392,-0.03623899503562864,1.6288522514483095,0.01667526982752572,1.8420553243183047,1.2183307527411038,forward_head
50.84,-0.3159474498566595,-0.09219244475597078,-0.02086622043423908,1.6520510575298215,0.03194280033850785,1.8092869693722233,1.0694737927846159,forward_head
50.86,-0.29985990152479924,-0.11870633709636359,-0.009516204506505307,1.5721272865565035,0.02415996906188034,1.785819450315617,1.1849988887473821,forward_head
50.88,-0.3275628941373944,-0.15615347244971237,-0.005197825248287898,1.4650886152959506,0.042940234099009156,1.8352354026091597,1.1556286962696674,forward_head
50.9,-0.3775378821681396,-0.11546053534130277,-0.007022017479315487,1.547988943401406,0.028185477856602727,1.810628095770858,1.1747002504785493,forward_head
50.92,-0.3475646260437679,-0.11903245097197743,0.002747342437144099,1.5981181755510214,0.019343196623018824,1.8019125571977115,1.123293861328439,forward_head
50.94,-0.30502475403005413,-0.08364303201599732,-0.029891402883420834,1.6159411114645896,0.026523480014076187,1.9325891000027209,1.0148222240501399,forward_head
50.96,-0.3395450484034315,-0.11694618785724288,-0.043793381141508096,1.7037444871206027,0.03136255198735393,1.734362091121516,1.1585060324979444,forward_head
50.98,-0.33052913527818223,-0.14738698191292557,-0.013174276250281211,1.5521005894535629,0.01535465963360653,1.8894408825770574,1.1746723096755844,forward_head
51.0,-0.2902673412550634,-0.10457207463418663,-0.003520453037800191,1.7016489271945408,0.04340557727386692,1.8330857944447732,1.2311751998418703,forward_head
51.02,-0.3022534268109817,-0.1332257016237664,-0.026845820736082358,1.7412599596160643,0.026233643303721434,1.919476298036963,1.0883559943497239,forward_head
51.04,-0.34689250929825177,-0.1094758059124211,-0.021733342578989363,1.5659822846665234,0.027806816965859495,1.924635135728317,1.239083514935418,forward_head
51.06,-0.33048393689837274,-0.1109878406104197,-0.03167766143655785,1.4945267437006071,0.05265783989339762,1.9618178065980725,1.1622995009862416,forward_head
51.08,-0.3215873201443528,-0.15098097111434558,-0.008654218531750817,1.5272276365329602,0.02630459317983837,1.8673356038181879,1.2004524678645097,forward_head
51.1,-0.2836120270772922,-0.12848256610118286,-0.03572305694005852,1.6797464777962572,0.037552953413209036,1.8328203358238235,1.1279985850906433,forward_head
51.12,-0.26131722857707523,-0.12927426403983414,-0.05211254523033799,1.618490420163351,0.039071845850665594,1.8447239421641268,1.0914495510967657,forward_head
51.14,-0.3021155175580148,-0.05198825160954436,-0.00871857085128617,1.559375914816066,0.01717607061800497,1.8077084487565185,1.2205614320842681,forward_head
51.16,-0.33329193319494277,-0.11058246418429273,-0.02760572552151149,1.6356204633295706,0.01507391583588105,1.8866551475665325,1.163091282997788,forward_head
51.18,-0.33069509817308335,-0.11786863826548734,-0.0432589589027477,1.5321610344685679,0.022034763670445656,1.937953013642273,1.1563862219739673,forward_head
51.2,-0.3671876426351082,-0.12957480637891283,-0.02430639618386166,1.6543261820106834,0.03576572608080116,1.8216637697578983,1.1581233834911129,forward_head
51.22,-0.2932959357142124,-0.11257418313614041,-0.009508197301518957,1.74390661095085,0.023691095943070985,1.7652852054159083,1.1507041100086959,forward_head
51.24,-0.3309367501022625,-0.11195434912990845,-0.008332348021225223,1.5735314146112842,0.035586119851007424,1.878824701300094,1.164939019011997,forward_head
51.26,-0.3122077965196942,-0.13313986019123583,-0.024756706025608487,1.5918915582126072,0.024565354014317774,1.8545797123885752,1.0281435805751196,forward_head
51.28,-0.2809200152526909,-0.11862531251268921,-0.03569955277856816,1.5959552192959838,0.01593591791652897,1.7395051172149558,1.1789607344733979,forward_head
51.3,-0.2818084332509967,-0.11054603329010967,-0.004058888645675166,1.5327811656186134,0.037454050859565866,1.8003776131932832,1.2378495103533982,forward_head
51.32,-0.33656459848748155,-0.08169209287211457,-0.0319197817668664,1.5575678583671484,0.03424836753292006,1.8313116947461847,1.1364669913665877,forward_head
51.34,-0.26537639935527646,-0.11930706838749323,-0.04584928813850381,1.491952032626489,0.03874792750385582,1.8705154017921826,1.2688782551262487,forward_head
51.36,-0.35276314223280336,-0.1275285364029562,-0.021249862779200355,1.5510475809617053,0.030930158195876845,1.9006280350499347,1.2120830405563867,forward_head
51.38,-0.3001692809070497,-0.13551870418841644,-0.02251158985216119,1.7287841221881097,0.03581943186238959,1.8231617351489493,1.2191136125015782,forward_head
51.4,-0.3081788855024065,-0.09763745335237906,-0.016164328216859165,1.673286513721074,0.012176548900004226,1.8572903405358787,1.0822887183721532,forward_head
51.42,-0.29671952703552984,-0.09440429037470315,-0.017264302455185555,1.6858519619607164,0.013866169500037467,1.8460891910616677,1.1896730617536686,forward_head
51.44,-0.3527641340596304,-0.1501890505771374,-0.018378581339332255,1.5556109586138254,0.04624030601948105,1.9368948546902054,1.1781439164444454,forward_head
51.46,-0.35645376229496967,-0.10365863811309674,-0.03200385040731224,1.609992273982971,0.031909668741034014,1.8934580970762842,1.1519122381650968,forward_head
51.48,-0.33179456012833486,-0.1051772616529022,-0.025618237517194994,1.6520494314942389,0.03185517815609036,1.8429880706966728,1.0171569829803087,forward_head
51.5,-0.32817345363164413,-0.12162482661934826,-0.006979790816515995,1.611064858010387,0.036009567834872885,1.8525957230439594,1.2158499326647045,forward_head
51.52,-0.36023232032193886,-0.11426676036066193,-0.035216426531220035,1.5860569947888357,0.03064671002712741,1.8024490809036615,1.093312969655409,forward_head
51.54,-0.33333275092093095,-0.10390059519134971,-0.03965221837296865,1.571156067405574,0.02221222785782192,1.8639453439931424,1.0952938133646832,forward_head
51.56,-0.30980758871734276,-0.11454652257185952,-0.01172337666575241,1.6285757906306917,0.028028498850755108,1.7833122203579543,1.2133330141697374,forward_head
51.58,-0.3213228594874076,-0.12987328838940665,-0.004829497227906951,1.6576493885772994,0.021618709100215183,1.7919153582014657,1.2418965232824115,forward_head
51.6,-0.32169631382615005,-0.1339977248356647,-0.03915459135294619,1.6129460024079065,0.032738692167252025,1.740656616006562,1.2505737115823925,forward_head
51.62,-0.2821729558971633,-0.11934487397998425,-0.002883907158003912,1.5915591806139493,0.036961326876383566,1.8877617651610108,1.1331570407181681,forward_head
51.64,-0.34110871165759166,-0.11837529638831976,-0.03429975523558843,1.6508930891259177,0.017258387491355106,1.9032808305471578,1.0905812289831407,forward_head
51.66,-0.3390499230257377,-0.09202179453763788,-0.009969582116524258,1.5080818919618129,0.028868723427744998,1.8578571896930616,1.2087190644384642,forward_head
51.68,-0.2661995726233091,-0.1454141225596333,-0.03520073817903385,1.6736143855881684,0.03143140109291164,1.8638412040316323,1.261365054135682,forward_head
51.7,-0.3047954011732213,-0.11011202104781385,-0.03928053064219868,1.7024762694838071,0.035236597208986795,1.8039910422354801,1.1318695460106916,forward_head
51.72,-0.3169286228076781,-0.14556230840517528,-0.0028213922238946114,1.6786173358800154,0.02781539875241702,1.9297592546369007,1.1416477720616518,forward_head
51.74,-0.3519241549585015,-0.11365494630648595,-0.009239381371316994,1.61952153203871,0.021779805985391976,1.839992011961009,1.1500409722115998,forward_head
51.76,-0.3309019929387267,-0.10290019380275585,-0.034232992990157425,1.6095713454648508,0.030806337943964937,1.8733436500735996,1.1068853641814587,forward_head
51.78,-0.31024136163661337,-0.10224926859654399,-0.020687319077670588,1.5950340686050293,0.022759864773225457,1.9032570553590629,1.1024479120209438,forward_head
51.8,-0.29844058012064256,-0.11049122969019526,-0.03790325555781909,1.6445334254818227,0.018536467951943823,1.861889680904458,1.160740216647645,forward_head
51.82,-0.2839180420360041,-0.15846748960741353,-0.030317462890969222,1.6695970234826452,0.023973635993078328,1.7810315920527675,1.1880139457105696,forward_head
51.84,-0.3057544916468087,-0.09917927655565002,0.008236607070070536,1.7232341030478597,0.02428476228297978,1.809660617960805,1.1738728084152301,forward_head
51.86,-0.3425163142763542,-0.13820389897474056,-0.0007605777671883713,1.5586320083339058,0.030226540081200067,1.9224548347128876,1.129319223706387,forward_head
51.88,-0.34759694107371947,-0.12085579366814495,-0.002849642741636434,1.5224989125478925,0.040557428680513555,1.739040020780378,1.0714370419790638,forward_head
51.9,-0.30746986424131106,-0.09393003777799339,-0.0248624036422493,1.6089415017559288,0.02431361079825517,1.7511571813244995,1.1327781508957484,forward_head
51.92,-0.34962058506529586,-0.13551859157271232,-0.026556605255025952,1.5320024407838844,0.029374941313457855,1.8342543782493343,1.1501474808324728,forward_head
51.94,-0.28121668361379554,-0.10335311750574906,-0.050479306226670614,1.6779954842260054,0.0314676623180408,1.793262350887732,1.1224586203930782,forward_head
51.96,-0.346111389249765,-0.10339141879639915,-0.018922777650820496,1.5935830008403613,0.02700440660463637,1.9304779659789209,1.182959628484182,forward_head
51.98,-0.3525484713518166,-0.11086318258043998,0.01362426006093657,1.5088148470840592,0.048309421495448895,1.8546866610673602,1.1410716385665551,forward_head
52.0,-0.2883975367554344,-0.09270665695425556,-0.030061355200628973,1.594135932938783,0.032983806668310474,1.8297622517890624,1.1013902548217904,forward_head
52.02,-0.2896542533619853,-0.13165237353636702,-0.025382664291897408,1.5473245732526133,0.005991915034810252,1.843581397499983,1.223547549454355,forward_head
52.04,-0.3084922076635596,-0.08392961154245641,-0.01756821155885281,1.6922442471798849,0.038655461667744646,1.7195247734466357,1.3026424484747823,forward_head
52.06,-0.325759472369348,-0.13393163768325203,-0.0234159879990284,1.5297336915802924,0.018873071079513845,1.8461019591552248,1.1822432707095458,forward_head
52.08,-0.30796681719696495,-0.09404031421441063,-0.01771835856021129,1.7037902718526652,0.015884029461542448,1.9307825662153517,1.1020726633712434,forward_head
52.1,-0.3550927723572732,-0.0947429019533361,-0.02140769436210141,1.4820001119166228,0.04449842920036909,1.8017226322149165,1.1640111144488465,forward_head
52.12,-0.3144642895690844,-0.12521824941826581,-0.017074373299555506,1.6195587826026092,0.028605299618453504,1.8058061352090613,1.2112500185555337,forward_head
52.14,-0.3091142343756427,-0.11234234286469114,-0.04812890406214592,1.5504054798857037,0.018370240700808782,1.8356735570075773,1.0386156607400026,forward_head
52.16,-0.30840621676986746,-0.1430080472771627,-0.014552593393278466,1.6033753297745645,0.03349493930155353,1.828982843624551,1.0783586246639785,forward_head
52.18,-0.2930568680139128,-0.10303946079168665,-0.01638504002379072,1.619033516563691,0.03658035512104535,1.8358744284676038,1.0912754247210046,forward_head
52.2,-0.3416312740703062,-0.1661706466662228,-0.019542708573864295,1.6090327037889227,0.04766512231209162,1.71891334127956,1.173497459903197,forward_head
52.22,-0.2995688914561002,-0.14224941056114318,-0.0012874946090199086,1.6469438757100228,0.03451450052873913,1.8669119204391436,1.1048640840907271,forward_head
52.24,-0.3402626702918705,-0.10763509983090529,-0.02305920803287237,1.7023057138100792,0.03430088719821251,1.8083305021629419,1.1428834234370229,forward_head
52.26,-0.3336824930857225,-0.12347630365879098,0.0008896156114827175,1.621567500436507,0.036852463045044595,1.8473040101761848,1.2293757476758767,forward_head
52.28,-0.3171796019698895,-0.12379371666288048,-0.014772017280230972,1.5004100380598522,0.04131966525238527,1.8619992732203212,1.214190909957489,forward_head
52.3,-0.3146168331876758,-0.1099022955577842,-0.019325910563699006,1.6684264614769595,0.032748163381341205,1.7768426471329049,1.0829609305892538,forward_head
52.32,-0.3157917992160864,-0.07457420964830426,-0.01428132314261723,1.780274690464537,0.03973362871053296,1.8635110907592194,1.2497009653081057,forward_head
52.34,-0.26563035163279697,-0.0740432067054221,-0.026034942277147505,1.51889034901158,0.04272619821400918,1.83867579875302,1.2185247439153635,forward_head
52.36,-0.32391302979774855,-0.09928461344485884,-0.026345856678943205,1.7102749246909663,0.02940505669385576,1.8543467038411756,1.1680152305055718,forward_head
52.38,-0.31357388308073103,-0.12453043451841918,-0.031636608590133425,1.5134199037110732,0.03751012703702044,1.948115899170539,1.1555094241235873,forward_head
52.4,-0.31455542031030237,-0.11692806485777606,-0.039870030705706085,1.5305234351062393,0.02715337121539202,1.8022128095696106,1.1289123753351824,forward_head
52.42,-0.2879258722239453,-0.13592825928550006,-0.01068847777523447,1.5941676450945872,0.02387398257478329,1.8786975624854922,1.2130070489748033,forward_head
52.44,-0.3362283676430387,-0.0820599716449166,0.011480112909688337,1.65350834229441,0.035582369028250335,1.852661669446975,1.0931917291854059,forward_head
52.46,-0.2858392088480579,-0.09458891333374225,-0.05672281540172366,1.6491331402956466,0.014994400802543733,1.8579337426829696,1.2046159154143716,forward_head
52.48,-0.28257055097872386,-0.10406329243296177,-0.027853175943551318,1.5557082190612896,0.03517504216166596,1.7896115133619168,1.1923788406785076,forward_head
52.5,-0.3244861332243674,-0.11034691717991982,-0.017001069282358044,1.5840772959264438,0.034214597360978975,1.9369258441236736,1.0837572110102685,forward_head
52.52,-0.3346404062236603,-0.14966134007663165,-0.02595213364039706,1.5301083804405842,0.029111148958290183,1.818013136735706,1.2447058719551665,forward_head
52.54,-0.3382467858466445,-0.11525582458429061,-0.005263428168467845,1.6351962314776882,0.025789272332643914,1.9391129327129846,1.1219195465911773,forward_head
52.56,-0.2999013078528518,-0.09523535111905308,-0.049013148682610454,1.5683163590241274,0.04205606549965772,1.8518522028382385,1.2082920307627225,forward_head
52.58,-0.364123238676744,-0.10871967288410742,-0.03455119334196574,1.5884016580930878,0.02262307740937279,1.825492017829566,1.1690208541622373,forward_head
52.6,-0.3507482190644654,-0.135258807398792,-0.014344536677644812,1.6595907911555234,0.03557468104143993,1.8381971317107162,1.1785253408486356,forward_head
52.62,-0.3210521058026437,-0.10499120720096788,0.006909097065601956,1.5962972252488214,0.02311327984432096,1.8244114774680962,1.1032699752924795,forward_head
52.64,-0.33242524675896146,-0.10529120212382019,-0.009482434310695245,1.5942536259249176,0.022560290128836327,1.9786722237053396,1.0929590440397623,forward_head
52.66,-0.29179823942439004,-0.09682454953341443,-0.02509124303015893,1.590976194370008,0.025109544581607322,1.8669193964738993,1.145079285305999,forward_head
52.68,-0.29377838362287517,-0.12494481874584328,-0.020610077583716267,1.595317393755328,0.025640203957227416,1.8785201308199002,1.1861654102127157,forward_head
52.7,-0.3153062757221006,-0.15466348108167038,-0.047986897022612496,1.5581719220551042,0.04327602983774417,1.9973906698208348,1.2569472135316333,forward_head
52.72,-0.32597452427546575,-0.09361935537009347,-0.023267075748895957,1.7045543199054678,0.019547649581440625,1.799247854176729,1.1640187241736328,forward_head
52.74,-0.3707981322271365,-0.12816294048028182,-0.011905906946161176,1.491105892541652,0.01905322488821481,1.9883487863379334,1.1635875868403875,forward_head
52.76,-0.29856384809057573,-0.12016799060784854,-0.029785177200696837,1.6634907123351883,0.03288673516060116,1.8822110931256546,1.2891481843793828,forward_head
52.78,-0.3072731631577242,-0.1212899830788626,-0.032756248861352776,1.7334660801369597,0.028075093137181865,1.7250257751328564,1.1675666435878957,forward_head
52.8,-0.2888290612044588,-0.13498674322327958,-0.016398462541884408,1.5254448552909994,0.0290283442783159,1.8420331739513611,1.0570490249812035,forward_head
52.82,-0.3442202035224502,-0.09187772927863196,-0.03152540721265426,1.6711891526761886,0.04332846694039422,1.8615809387881717,1.1783505852805667,forward_head
52.84,-0.30382062715002484,-0.13276956797588715,-0.018860109316640023,1.603960692470817,0.01800940566466602,1.8238347770686536,1.1984870859785544,forward_head
52.86,-0.3022897791915851,-0.11668841212511652,-0.026832230747842082,1.621322538707655,0.011339175714474212,1.8092380167134565,1.1872676507248714,forward_head
52.88,-0.2964632232140682,-0.11197469909493711,-0.03153683237715066,1.548743128884177,0.02827272955037006,1.8655263651700331,1.1497088660648733,forward_head
52.9,-0.24202921880333209,-0.12954329930063513,-0.01902335505941684,1.5819456894041932,0.0279115893043143,1.7760468509540817,1.0919100713808196,forward_head
52.92,-0.28596282045110477,-0.1273730445454155,-0.02122961379452768,1.747785905934646,0.03483976023605957,1.8871247604315768,1.1787683325003042,forward_head
52.94,-0.3284043201497662,-0.11016854330723819,-0.014982474919439562,1.7396881143233083,0.03005075115419001,1.8732493622720547,1.131641950937647,forward_head
52.96,-0.2922201824777297,-0.1458354053212866,-0.022058980214326607,1.6561855539690993,0.012605932762730865,1.8739468768712386,1.215755810342678,forward_head
52.98,-0.28836095110202,-0.13046386027441828,-0.028752086240123903,1.5869380804184885,0.024425096616558936,1.9011759428276802,1.1236868961098194,forward_head
53.0,-0.3354432542539705,-0.08370808421280301,-0.024529451307105814,1.4682261989280778,0.0280733936649616,1.929375589535804,1.2166145910929878,forward_head
53.02,-0.3196746529216359,-0.11354153247005142,-0.037494273451901906,1.614857158046788,0.021691838381949966,1.8065860869505728,1.2770324837954647,forward_head
53.04,-0.31616452049243526,-0.11863532095052294,-0.019620021394437217,1.5302079690219244,0.04143089603254582,1.77785575520403,0.9991874741888159,forward_head
53.06,-0.2996563309894741,-0.0990138982699407,-0.02747101800449123,1.5397567908789325,0.0360379537063701,1.8848698460241347,1.1498978901449415,forward_head
53.08,-0.29548872399242876,-0.10892023800299136,-0.022670235894032015,1.5941957367288293,0.023909986270776812,1.7599707732054997,1.1330224654162195,forward_head
53.1,-0.32190781187043915,-0.10851044790317965,-0.03795158353529666,1.644965802429303,0.013099178890375467,1.8746934490277845,1.0858565794911532,forward_head
53.12,-0.33841725151779634,-0.13312245211668616,-0.01985714811058682,1.523324973382163,0.051922697455205884,1.8409693824451816,1.153230759919108,forward_head
53.14,-0.3415734621709056,-0.13017380851115187,-0.037208456494728995,1.4953296070996818,0.027274134009524317,1.8745630772242274,1.0634119122062309,forward_head
53.16,-0.3289644932567899,-0.11584269498373477,-0.021431151229937075,1.5955116753527065,0.031448238592144497,1.8875662747720947,1.0732052790471864,forward_head
53.18,-0.2951339210631917,-0.14746025142125418,-0.012275481625914955,1.643894789747091,0.017014997653831146,1.8706575756816217,1.0911540434691274,forward_head
53.2,-0.2886334110973379,-0.11209092627527721,-0.039078717384616976,1.6041216512350345,0.027334715810002568,1.830559274046211,1.2160371953080067,forward_head
53.22,-0.34683864257739794,-0.12306187602491729,-0.030366068545738374,1.578936013811929,0.03126010947432231,1.9027943993463214,1.1820073826268125,forward_head
53.24,-0.30464017226486706,-0.1159091037875762,-0.015241185186625008,1.3786321906003267,0.01605781587367492,1.730127868990923,1.0769591041118827,forward_head
53.26,-0.3557801352806054,-0.08255569385862695,-0.028082192261545454,1.5485121689576666,0.01683779376568919,1.8970516525304248,1.1123728846739072,forward_head
53.28,-0.308662798684282,-0.1142429938390861,-0.039994265261605745,1.4160781216483407,0.020047277364688178,1.8281345915283784,1.052677995319051,forward_head
53.3,-0.30383458128170454,-0.10850263805777177,-0.018890886558005665,1.592501639138335,0.05236691370248515,1.8402804160730328,1.1695484555450595,forward_head
53.32,-0.32049962022221623,-0.12997618546944037,-0.012016538376870101,1.675258219270511,0.026927196363913906,1.98675251550467,1.143756036222489,forward_head
53.34,-0.3079922083498684,-0.11699876457675357,-0.02589497060985136,1.740605605323474,0.042185108217765305,1.8929429485830311,1.2570720297280793,forward_head
53.36,-0.3257262189189047,-0.09556028436375294,-0.0020143213527005527,1.6488736003142201,0.0289910347216844,1.8318271038993197,1.1689815854600039,forward_head
53.38,-0.3034061560652524,-0.12702294925416777,-0.03534001393705081,1.4659827787918367,0.038861783769273364,1.8572728692252851,1.0828082411582705,forward_head
53.4,-0.2695051507367732,-0.13297983037614264,-0.021004729185199168,1.6280701585786739,0.025082189878545446,1.8663860994030934,1.2757490841898969,forward_head
53.42,-0.3486822149169046,-0.12569381156782225,-0.022609320797988088,1.5077973165244862,0.03242969254892803,1.8714736360984667,1.068268223316514,forward_head
53.44,-0.34242868360069584,-0.1279307387034248,-0.020523281037585744,1.6824255024350458,0.04497524826747437,1.8473526921900139,1.215650137693669,forward_head
53.46,-0.33704803513890563,-0.12168537850388285,-0.004887169745067062,1.5757864942227968,0.03489045108423977,1.9595262576162484,1.0971974005980514,forward_head
53.48,-0.32735746762395684,-0.09596844181465321,-0.011232990657754667,1.5510723631943795,0.03070385671876659,1.8171424560775518,1.2294326311957477,forward_head
53.5,-0.311289419776143,-0.10659719586417046,-0.008136618002363913,1.4968064496375972,0.0292168447983443,1.897009338630388,1.14247746099399,forward_head
53.52,-0.3376419288713456,-0.1138111626919625,-0.024338295249589584,1.6378215617794867,0.03676161714934417,1.9645577208874834,1.0997326957659639,forward_head
53.54,-0.3195740011113041,-0.12537645029166947,-0.0256218725625505,1.6113397237385327,0.03898566098172264,1.911285964262863,1.08848215288763,forward_head
53.56,-0.3413011180801092,-0.11609607082164657,-0.009818819439941881,1.5929559449476633,0.01752264693758303,1.7987538394729656,1.0472283522118897,forward_head
53.58,-0.3390096839600647,-0.09274016821134885,-0.0349937368871216,1.7580663106775123,0.03456193707485935,1.7564488779285772,1.3151657202686204,forward_head
53.6,-0.2951492380595105,-0.1226492179075449,-0.04080692868052705,1.6442811764010594,0.029099104251597067,1.8099382568149749,1.1579401043077593,forward_head
53.62,-0.30595419946181057,-0.10409487592952066,-0.018845413656955395,1.6045914132373473,0.03436925156563759,1.9055757693972784,1.0732258298919128,forward_head
53.64,-0.2960239280236353,-0.1065730425876187,-0.019467161460705464,1.6529277094783894,0.025188759351276294,1.7907288025337413,1.1843089454464057,forward_head
53.66,-0.33846080262222206,-0.08429655001337101,0.0032518804104594654,1.5637802032517543,0.00574683375461137,1.799020302913206,1.1053875955727979,forward_head
53.68,-0.30258143712283536,-0.13820630196143674,-0.018360129540054042,1.5356009748478487,0.04930400785775789,1.834394014182078,1.1048864891921946,forward_head
53.7,-0.29497771724222027,-0.10118344792181053,-0.017924738143647118,1.5129322450821883,0.029838483051767874,1.9071124553549896,1.089059031616881,forward_head
53.72,-0.3031971037777373,-0.10983490681111445,-0.004242499695191841,1.5089302136848157,0.03821977475697792,1.7176478598650586,1.1289778712105105,forward_head
53.74,-0.2959758838339772,-0.1173114095232735,-0.0016063319845045993,1.692093802330056,0.04192173414198707,1.905936686758902,1.075621106927571,forward_head
53.76,-0.3170857053534919,-0.1257864505670235,-0.005300018531896492,1.680188210231693,0.03005137619919136,1.7932284349472987,1.1824208333918549,forward_head
53.78,-0.31968595513593023,-0.12828452851928315,0.001988097427229545,1.5980839865708665,0.044710433583474374,1.7693602783898144,1.0684228374785851,forward_head
53.8,-0.3415173721175404,-0.07600950147263828,-0.010726436550993165,1.7236105235638484,0.040427656606620094,1.829567787734564,1.088675986923906,forward_head
53.82,-0.3491497719672358,-0.11580763841194312,0.0035047655808828336,1.707229948021475,0.03802277292532466,1.8068292832136437,1.216765540222243,forward_head
53.84,-0.3167077356196451,-0.15285807027856632,0.002967307671749989,1.6269865669446986,0.024276594461420938,1.8196887574376248,1.1559671424806441,forward_head
53.86,-0.3299122534781784,-0.11450039949440548,-0.03165533030566641,1.5235492128881254,0.028955289561447887,1.8860949881594502,1.1387543532171485,forward_head
53.88,-0.30779074643403864,-0.11800028329839363,-0.002521748122824291,1.570925964858892,0.03527022815634916,1.956908820544005,1.1536155496494038,forward_head
53.9,-0.34839430719300296,-0.13175365549536647,-0.03162535798905241,1.5081744202077434,0.03672342846464911,1.8197634534105818,1.2220708614361642,forward_head
53.92,-0.29294682531543115,-0.1416806251588333,-0.03600199430336231,1.6121393375769273,0.04580226123605011,1.8342787493420118,1.0758261249904013,forward_head
53.94,-0.3518731178788589,-0.1367721116664806,-0.030829723940503397,1.699353361942486,0.03159981580875912,1.7433815370993613,1.128916507548795,forward_head
53.96,-0.2941556550779685,-0.09522044552352475,-0.030502386036485245,1.5918032045759793,0.03586650670142997,1.860264544253784,1.108882966279153,forward_head
53.98,-0.2800665531530531,-0.17243821170288198,-0.04161873561896794,1.5012499829754749,0.04538771904563393,1.7978503368733125,1.1339759205876825,forward_head
54.0,-0.3286460412006267,-0.114764387217601,-0.023440441819290912,1.6633189323292688,0.03705824518275621,1.907533722374517,1.1437566039940499,forward_head
54.02,-0.3089173394587502,-0.11676085420492865,-0.017474152229202525,1.639396284928208,0.025583096209512438,1.9256386923469206,1.1806668892121286,forward_head
54.04,-0.3300987821801137,-0.0864913403313692,-0.016953540986567966,1.5413098328653336,0.03349665030005202,1.8556251368958812,1.2424889958081822,forward_head
54.06,-0.3033697149170046,-0.11133632427110146,-0.0627266161162549,1.5969361561140154,0.03199959409290221,1.8024837563505949,1.139264415479598,forward_head
54.08,-0.34743668071222716,-0.12167696330496203,-0.06060584029742329,1.4959120873190237,0.028077079711858497,1.9314285859104101,1.251414157497868,forward_head
54.1,-0.3119709544362206,-0.1635249878773547,-0.031259130723621596,1.6117575829918074,0.041561476576861295,1.8171991629049815,1.195864805100755,forward_head
54.12,-0.3343397463177027,-0.10938866826926832,0.000883011655655339,1.7394226942550262,0.02995397586246284,1.8748486572108614,1.0944487642011893,forward_head
54.14,-0.3308801020527713,-0.1384054870177401,-0.020644164799859935,1.5311551781063422,0.02588040446618031,1.8882066605884849,1.2316492950494535,forward_head
54.16,-0.3279266678536289,-0.083338819824745,-0.03985468445987447,1.5386346268631472,0.04226826445469733,1.9778390234893048,1.2162334780509556,forward_head
54.18,-0.3578880767979619,-0.15503475292448382,-0.015148072947420033,1.6602085545156708,0.04601375683562689,1.8671499623256291,1.1518378467927237,forward_head
54.2,-0.30560625595533597,-0.09114644789583233,-0.02853247927662541,1.5215812867101934,0.02525048765730287,1.9276270129652882,1.1393555389608256,forward_head
54.22,-0.34909113553784976,-0.13931774995361657,-0.0019258326743900635,1.6671800463920239,0.0377026567904281,1.7785786191676034,1.064574864082767,forward_head
54.24,-0.32346625791237926,-0.091323845314105,-0.013993770270482816,1.5027696776699553,0.0370239297208616,1.8430437968637559,1.1991020402307289,forward_head
54.26,-0.30804888176507894,-0.1099781163799903,-0.02940603930990382,1.5568846089777273,0.02900387299241805,1.873656002213313,1.1626122743040697,forward_head
54.28,-0.32666394196238685,-0.11335924120458024,-0.029695149434631907,1.450558272608132,0.03547303343252423,1.8713205719648596,1.1362156409191821,forward_head
54.3,-0.3382702206465876,-0.13018575727408102,-0.004519324033291686,1.5696815673203168,0.01763061105201738,1.760198356515716,1.0892854291288911,forward_head
54.32,-0.30130565075598653,-0.0857792002554914,-0.00703953230468968,1.5645942517328548,0.027385449428976066,1.8812584897590252,1.1475839033371054,forward_head
54.34,-0.3071305567238467,-0.10448302678360051,-0.007415024706886707,1.6761912613030534,0.038407208171272106,1.8816580389539344,1.1694384155067876,forward_head
54.36,-0.2828627968831563,-0.11552474572147202,-0.01741905095366371,1.654655934708893,0.027068698078687593,1.8964606952943708,1.1426673412576904,forward_head
54.38,-0.3259243567115604,-0.12693541747303888,-0.02699085326784489,1.7081345195449087,0.04024174659705857,1.8588299910842432,1.1086667727632789,forward_head
54.4,-0.3159714272576154,-0.12162167792074945,-0.03533991681231644,1.612869379065966,0.029325643644069015,1.6838708457671963,1.1298502048145307,forward_head
54.42,-0.28331496590812505,-0.1051186781624334,-0.02204057590067627,1.5087820178933287,0.02573885921921627,1.7017793947208246,1.1241923524375286,forward_head
54.44,-0.30271973136368696,-0.07170876877781898,-0.03666725715676381,1.6485757592006114,0.0320246343245422,1.8200724303550562,1.1709360338336172,forward_head
54.46,-0.30897559687728643,-0.11040758871016743,-0.020197840129468878,1.7119720736089201,0.033944685069031234,1.839253962974965,1.0327419505654074,forward_head
54.48,-0.33410313299938627,-0.13293667542797138,-0.007454378249065129,1.5734298280615182,0.04670076322572303,1.8554354384349847,1.1307382806103412,forward_head
54.5,-0.35809164819586387,-0.12463092947260965,-0.033712028412141395,1.4502208578049762,0.03835399094266561,1.9022820509625633,1.1009962877492376,forward_head
54.52,-0.3311470495597167,-0.1419050553493422,-0.006160479007340734,1.6075706303338557,0.050662135227983546,1.801403691707959,1.1964595656761354,forward_head
54.54,-0.297681958693796,-0.10454347061160618,-0.01915956402959617,1.531783364598198,0.022678291116844572,1.8254936590412982,1.1260383085668402,forward_head
54.56,-0.3198565090339664,-0.14145524261622827,-0.022821983554384962,1.6537042625833016,0.04771633691532748,1.8115081593244646,1.1802198638073802,forward_head
54.58,-0.27006509900947107,-0.09354096615545893,-0.017818702188844286,1.5564563108569933,0.015899445089798563,1.8163061496206174,1.0651501540870518,forward_head
54.6,-0.29194060003231975,-0.1336015122654872,0.001801356153879446,1.617385351670487,0.04030178249891433,1.8998039704327205,1.0735999141121295,forward_head
54.62,-0.2681381753334676,-0.10942545458913533,0.008891223340242109,1.549078477585861,0.04599165789814007,1.847368817605404,1.1564898915702997,forward_head
54.64,-0.3186496579628964,-0.08484363988663665,-0.015459151082538642,1.6945353712282674,0.0348337516149054,1.8557238251857238,1.1913472150493976,forward_head
54.66,-0.30182570009667653,-0.12213292852410833,-0.009381973741675091,1.433392559161472,0.01456108977146314,1.7958302777220452,1.1932917661337337,forward_head
54.68,-0.27167411093457594,-0.09874245887208724,-0.01347759046911921,1.5833209538218027,0.02981345621810946,1.8223017533615178,1.1590288699981222,forward_head
54.7,-0.32853435477546866,-0.10794944950045826,0.001934289360600538,1.6460070189405405,0.039706804733181916,1.8775177322388743,1.1995778485152118,forward_head
54.72,-0.31746804085745545,-0.13638077961193282,-0.037281797823074475,1.5103642925644802,0.028855906818904844,1.929657523881812,1.0995750724641915,forward_head
54.74,-0.3079444409766234,-0.09765169419655216,-0.0162031920987649,1.6578644280255068,0.020739791590450814,1.8485882648827836,1.1366405572512297,forward_head
54.76,-0.2958734853168399,-0.12397822304027095,-0.025256909317493054,1.6289112686648008,0.018847319240945057,1.8238874526438353,1.1204864730702089,forward_head
54.78,-0.31614898243168493,-0.09297777268051928,-0.040490172935911374,1.5859616188472654,0.045849831241269734,1.8824579275459679,1.1972654034018473,forward_head
54.8,-0.3542862035563643,-0.11495270433310525,-0.037814776117045805,1.601870011395849,0.042273691048071806,1.889253981726451,1.1988536662670612,forward_head
54.82,-0.32212329348759516,-0.09521601893854886,-0.04142610808654235,1.6242693515035846,0.022376850335455084,1.7837280054187323,1.0419997653306292,forward_head
54.84,-0.3158239991888823,-0.1026515778063788,0.006390563371170253,1.689281410510467,0.026864716569652627,1.8499219839666898,1.1957106986777994,forward_head
54.86,-0.3247747760934407,-0.09046679312287281,-0.032589665514426644,1.5590741977679226,0.023912192233098914,1.8530093876186344,1.2148204189848393,forward_head
54.88,-0.3199123861084153,-0.11166080667134538,-0.01699448645553176,1.5928990714284805,0.023408784656848543,1.7859262664954914,1.0435601476335694,forward_head
54.9,-0.3548986679613904,-0.12502353179153794,0.0008217250237839835,1.5505201079759077,0.01854998455888769,1.7953377874051375,1.277398795718283,forward_head
54.92,-0.3213213177703971,-0.12794645855823336,0.004534849373478565,1.571467369250534,0.022938211616879606,1.9653362459619776,1.1897793911966932,forward_head
54.94,-0.3498490922605306,-0.10755644532835641,-0.01901216700510897,1.4837402504269679,0.03657858104283748,1.848206275712083,1.1606582400932457,forward_head
54.96,-0.27476678189107845,-0.12109015271767275,-0.006613575412081603,1.559183608720968,0.027539407043058076,1.8698124496733948,1.1638515222128627,forward_head
54.98,-0.34563265508169616,-0.09474451024579128,0.004165668906091172,1.4191876050780912,0.03772462899861392,1.90756686639152,1.2124548237373824,forward_head
55.0,-0.32113334954166134,-0.11809702807294037,-0.041062508988147194,1.603991989718042,0.026159477977775906,1.816443995961775,1.2075458153211696,forward_head
55.02,-0.338233327028654,-0.1156495245321857,-0.023618161224705506,1.6241647606961396,0.021107052475991726,1.8908464476209939,1.2629319783201394,forward_head
55.04,-0.30140416918868573,-0.08899744293390657,-0.013259804263212058,1.414053255706681,0.02268071513938482,1.7928540927378365,1.2262880251532353,forward_head
55.06,-0.33185300899601883,-0.15183813227067974,-0.02205037869728486,1.7819109001341218,0.03374268739865731,1.9083769931803827,1.1234699340114733,forward_head
55.08,-0.31469403770899157,-0.1417786642358939,-0.009847944568633348,1.7377108241999961,0.01866026851820418,1.8891664138259392,1.1377323754421689,forward_head
55.1,-0.2875416228411084,-0.09248258846412523,-0.01921318104960293,1.5788039553591875,0.044963299355602504,1.9103231048411713,1.1632002052807742,forward_head
55.12,-0.335391823138718,-0.16941637175235882,-0.008311228179017947,1.4895934229466794,0.03227934992000784,1.867500180586896,1.2052351876033067,forward_head
55.14,-0.31524139203579415,-0.11853719986992177,-0.053699822538921936,1.5762503096080882,0.03524593312671557,1.9409778832699862,1.1055582463328748,forward_head
55.16,-0.278730648036274,-0.13291993530715687,-0.004716376663791775,1.5825818151193896,0.03042159014323888,1.945030892119124,1.0680791583595914,forward_head
55.18,-0.289381377296666,-0.11879900683814486,-0.03920844287458828,1.6171559900419277,0.02829226452564243,1.8377549280002123,1.1711512367077044,forward_head
55.2,-0.30988878289912164,-0.11565855731258506,-0.006905231734531891,1.6307327209854567,0.03248525789648556,1.8423783372310254,1.1481815905334916,forward_head
55.22,-0.32661229657177615,-0.1296842355190693,-0.020050261159409156,1.7383003939756263,0.028179548627726096,1.9094548416441308,1.191433883187725,forward_head
55.24,-0.33755844478129626,-0.08691964546950415,-0.01916250871408485,1.6042817244560437,0.021377127172480935,1.8758137980507472,1.1579804176589974,forward_head
55.26,-0.30758779332875424,-0.09559119756033312,-0.03486545923475699,1.6645247357930204,0.03509378064570896,1.7638421208417827,1.050212652621442,forward_head
55.28,-0.32755458177764374,-0.148239479826132,-0.01638546933589643,1.6747817176467987,0.01270340195224268,1.9206812032982672,1.0692211812056915,forward_head
55.3,-0.33393888815721634,-0.11503052906307276,-0.027587129596216904,1.7393149719287138,0.01068139254241909,1.8113433841772666,1.176706588614498,forward_head
55.32,-0.38091725044237673,-0.1047638498177232,-0.01606718413160746,1.5703012607639784,0.027564666446918146,1.7955913973281201,1.1220238177676003,forward_head
55.34,-0.2744564318182406,-0.13664966262596293,-0.03573462350745914,1.505325705992914,0.04139007750550581,1.8657494497664209,1.2332306421445913,forward_head
55.36,-0.3334616247170279,-0.11653688892044155,-0.024625410737190854,1.6566528030011864,0.011918094558237672,1.699885775831217,1.1694984371406336,forward_head
55.38,-0.3070983699221792,-0.09601888749200974,-0.0013558148764413209,1.4568016126752033,0.03243315010173708,1.884012424886148,1.1345315507273435,forward_head
55.4,-0.3327733814259102,-0.0886175897776131,-0.032957344425209235,1.6937550968257054,0.03078154667151599,1.997765985263179,1.1290027525484727,forward_head
55.42,-0.30496956771614825,-0.10648941951023676,-0.0232749202917415,1.5497219898231849,0.03850245857471793,1.8586663090715552,1.1559507199760164,forward_head
55.44,-0.3357029781607893,-0.09499134214330149,-0.008795048612716884,1.7999073362647329,0.03409892835154848,1.7019804251242105,1.0874877231035494,forward_head
55.46,-0.30012311069408454,-0.1267446152729785,-0.007092160868407083,1.719974634716231,0.02725150723889709,1.9583460717114025,1.1584016290052164,forward_head
55.48,-0.3468034306905221,-0.11085787495108053,-0.024276159992058757,1.4591758210217103,0.029726828786196004,1.7280838967446435,1.136924070213794,forward_head
55.5,-0.2887655822257399,-0.10770674579410329,-0.016209586270005988,1.5994519983961726,0.03332912367045439,1.843686868773123,1.1297021278159005,forward_head
55.52,-0.31093378558480306,-0.140575972293229,-0.03202266368001742,1.4948787522669673,0.04175255106778137,1.9095889912870736,1.084261776655266,forward_head
55.54,-0.3491847227507716,-0.11544985487187416,-0.03976850128419103,1.5561054931082385,0.026631924870078455,1.8318579017673764,1.0831735416583357,forward_head
55.56,-0.2846764286832003,-0.12353780781167992,-0.01521244462719195,1.6499889066785194,0.03823884858388096,1.874337681165771,1.105530895619976,forward_head
55.58,-0.31997549040688794,-0.11564022890432911,-0.04802968117753845,1.4003827219478182,0.012779790677449089,1.7799190096416604,1.1287714954229544,forward_head
55.6,-0.3178879799868269,-0.1024742674404263,-0.015056479977946884,1.709826645088675,0.01636759348162293,1.8630415537406366,1.1944703595803372,forward_head
55.62,-0.29078192953026155,-0.1189988773585384,-0.0037106234367500135,1.5891275455470164,0.04065906121233653,1.9058210637497262,1.2260126127315516,forward_head
55.64,-0.2953849133521997,-0.12029452918904575,-0.03388966912346247,1.5333283889951512,0.025363951782605844,1.8310627208616788,1.178751673242048,forward_head
55.66,-0.3136511070094192,-0.1153101784950894,-0.027592459653355352,1.677888443037101,0.032127012084215784,1.818195756737447,1.2530098560211143,forward_head
55.68,-0.2922147217185231,-0.10091026744371057,-0.02607861654831437,1.472814489080505,0.04622348105111618,1.8562989208551173,1.1327954607741533,forward_head
55.7,-0.32638317331106775,-0.11422131177907115,-0.033134387258174365,1.5185210819149737,0.02327207576724311,1.8647798453319375,1.1406498960333713,forward_head
55.72,-0.3070919258045605,-0.09109645166721674,-0.02160895557664251,1.4621590326941314,0.027848725712805618,1.9613024551678004,1.0810518054575653,forward_head
55.74,-0.34260597333101,-0.12224296541305056,-0.009561278506958922,1.6146397043598792,0.037479651328085506,1.9107680888816216,1.1441593621657693,forward_head
55.76,-0.3294883121018996,-0.1182114711550487,-0.036144903876135843,1.7022315086543849,0.022758843824643177,1.839317399851352,1.1498940298612228,forward_head
55.78,-0.34037643423053604,-0.10347271531567437,-0.03459068794462145,1.6375203926979,0.039509460844162264,1.743056287094951,1.1304400714324274,forward_head
55.8,-0.3446496955443727,-0.09612102626130224,-0.04980642297838605,1.5851268970765813,0.022620698489082543,1.862076809099511,1.1539460503211572,forward_head
55.82,-0.2698163023428954,-0.13518281020614045,-0.020842068106720867,1.5685080522675585,0.014132418988232733,1.8779928197154518,1.1401331356601678,forward_head
55.84,-0.3220048114311521,-0.12630771101292276,-0.007453820117154227,1.5708006384881101,0.01665351413068119,1.8492864666828674,1.0405814112902676,forward_head
55.86,-0.3307427489148681,-0.13670171203278653,-0.01204398948814465,1.556276666775445,0.02292945703965333,1.9392921004177386,1.3014306837157625,forward_head
55.88,-0.3079015790656974,-0.0856627704523822,-0.014867630445051358,1.5401153346418135,0.018924376699504565,1.968199195477656,1.1104542886519257,forward_head
55.9,-0.33778657200809264,-0.1297410387749828,-0.03156815875448778,1.6342285507220673,0.036442838643714996,1.9015845863909167,1.0450355531391138,forward_head
55.92,-0.3370980653834695,-0.11592776690740382,0.015120683178091024,1.5192092746705577,0.03424513914137797,1.7978875245162542,1.2298050956493247,forward_head
55.94,-0.3528357334755823,-0.11802256531239119,-0.03434936735789427,1.6432277364685237,0.03762162796295954,1.9145575057762958,1.0905918434310689,forward_head
55.96,-0.3203311149735322,-0.11434350369692321,-0.027125051568913993,1.4598232919041303,0.0423402723144386,1.8170490879164825,1.1574137291165632,forward_head
55.98,-0.3007670314162181,-0.13612470359170878,-0.0321716116653743,1.3775474117094026,0.026212051182652997,1.774833723066174,1.245362469355468,forward_head
56.0,-0.3211738972713805,-0.10117340402317739,-0.005051039566451239,1.5853863184428003,0.024819346146658032,1.960760714451858,1.088025475556164,forward_head
56.02,-0.2878114871486394,-0.0998899698549888,-0.01972936322797997,1.5821499283270568,0.02564011906539905,1.9081889797449825,1.1494333152445488,forward_head
56.04,-0.3136915697368082,-0.17077556843786423,-0.015107793827283469,1.615847819568118,0.023119604040878518,1.8082062776949426,1.1729893710222148,forward_head
56.06,-0.3279150633146387,-0.09303651596914765,-0.02409459649326456,1.543772340992687,0.0336145547036448,1.883247966179928,1.1601565821685966,forward_head
56.08,-0.2958502265556871,-0.12715942939576794,-0.02340809084547444,1.7173813277132173,0.03659141793951148,1.7399837082487355,1.0322557280756357,forward_head
56.1,-0.2703180863429044,-0.101091108437975,-0.010839088260536499,1.4337757937013524,0.015266852135026538,1.967217613166549,1.1969963337087168,forward_head
56.12,-0.32339751236702907,-0.12543601934192708,-0.019058268700644514,1.6965499602823657,0.03926245598631571,1.8349452824634493,1.1492874661786077,forward_head
56.14,-0.30947623983042244,-0.10530564815165351,-0.01009149697502993,1.8074564940874305,0.04246584046526889,1.8028837758512466,1.1068527152462952,forward_head
56.16,-0.2943696114789129,-0.12317405116365598,-0.0027797217269969975,1.500370620803757,0.037270133760281494,1.8627949714186143,1.1654448287326642,forward_head
56.18,-0.2892561569928483,-0.09343513209373806,-0.0036534510065712312,1.5975929088191445,0.021551152798864923,2.0142013024989733,1.0546900764700389,forward_head
56.2,-0.3261189267890678,-0.13315060710744028,-0.026053116496832642,1.5300075325427624,0.025840999014671722,2.0197262292028237,1.1707180964045145,forward_head
56.22,-0.38108679075200497,-0.0986893228619632,0.013506469669481031,1.5824862899760819,0.037998868536255344,1.8035525688224994,1.1386371994827889,forward_head
56.24,-0.3137229521595212,-0.13470035663909205,-0.03320735956236643,1.6279898917505073,0.014431989033649516,1.9660706363754747,1.1806775417249182,forward_head
56.26,-0.3302467148339179,-0.12083076867043199,-0.01719909212836999,1.54143876331832,0.026028507724338637,1.861198480268699,1.1918276281438063,forward_head
56.28,-0.3059694138130591,-0.14835712340255647,-0.0008105711813412042,1.6394927203848277,0.02504495692928721,1.8790703657392904,1.079428592384338,forward_head
56.3,-0.2878396927999588,-0.10688259721930059,-0.011860735262973479,1.6279077870346856,0.027879228885088942,1.9572147984639259,1.258748085585619,forward_head
56.32,-0.32658156309804803,-0.12396445228085244,-0.01092250547410221,1.6102863941511207,0.03868746351063076,1.8070778156751515,1.0906502888071123,forward_head
56.34,-0.3723707944184648,-0.10511323447709855,-0.021780570514072124,1.7126963012475485,0.026135986966799654,1.904341896042415,1.0591339160817002,forward_head
56.36,-0.3266379868421641,-0.10382898972004156,-0.02331654998129599,1.556339931192956,0.031479916947566175,1.828040667455455,1.0950071226769156,forward_head
56.38,-0.30144073894765516,-0.10924953913477725,-0.03269186027005775,1.5836533807093003,0.03049069598804048,1.7688408178142376,1.230195585037864,forward_head
56.4,-0.3477267009260192,-0.1509917190547114,-0.01908789154206142,1.5879865509549285,0.03270765552603174,1.7947177757962487,1.215141891456267,forward_head
56.42,-0.28017929573906414,-0.1329178455020881,-0.015706108615085333,1.6545254481615488,0.033909204214048014,1.8203199784047221,1.146052631578614,forward_head
56.44,-0.3574633058562163,-0.14462432844635079,-0.022942371460066287,1.6258915146927693,0.028645518875442567,1.7744966699233728,1.0734631861690176,forward_head
56.46,-0.2731201483538637,-0.10146726706436217,-0.0321855880692097,1.5490329631867763,0.040797223729541796,1.910158706942351,1.1879249019177,forward_head
56.48,-0.29674046777642005,-0.09202457848044772,-0.02476062710649963,1.5949003596341036,0.028296925867846247,1.6800202889274805,1.1802455790640238,forward_head
56.5,-0.30898032178149515,-0.11928784451153576,-0.0038329915651599115,1.7095555591816953,0.03201690472706633,1.8811299816130118,1.1711722085304996,forward_head
56.52,-0.2941817581704666,-0.09965068993653341,-0.014424302992537497,1.6843781031061453,0.020369168531527926,1.8477398379574164,1.0868847247843805,forward_head
56.54,-0.3138121537520125,-0.10946311220649826,-0.03288715933027106,1.659373625729356,0.0505927979775419,1.8780591576207024,1.1366763202392371,forward_head
56.56,-0.30154869871823003,-0.10655518163623551,-0.02911902317152552,1.4808356422618207,0.03254394057661687,1.9416587821670426,1.1068184868655766,forward_head
56.58,-0.3417221642764174,-0.1067113716508386,-0.029333531896556016,1.6118916387212416,0.0487495689090941,1.8858044941482925,1.212415316472475,forward_head
56.6,-0.32343381427043316,-0.12423406259684545,-0.011165095532947302,1.5570445111738367,0.03728269073729604,1.8644430187947407,1.1803223841756734,forward_head
56.62,-0.2865392323016854,-0.11915127663754045,-0.06285350977202815,1.6294801802986114,0.04368389295209005,1.89472596605928,1.1641424239547575,forward_head
56.64,-0.37173886845659077,-0.1440142616527699,-0.026074204323718615,1.5994503334808285,0.028703115120166205,1.7789100801467308,1.1472643410925,forward_head
56.66,-0.30954340923010076,-0.09112700478108224,-0.018306321952857457,1.556656671451615,0.03306329468109076,1.887924098107444,1.109180734180463,forward_head
56.68,-0.32670495937970484,-0.14420964486258633,-0.028245605011916464,1.6611229218543275,0.03255681517388908,1.773670344361203,1.1559642889149846,forward_head
56.7,-0.35310398716251906,-0.10358723723176619,-0.013990073950118606,1.5088448615644037,0.03045545254325835,1.8400342022218976,1.1692545635618667,forward_head
56.72,-0.31339657797379594,-0.12497336196549018,0.013663239167704769,1.5925685020027587,0.021111663334888404,1.928090910367022,0.9843381596928579,forward_head
56.74,-0.33226113365529863,-0.13573890129360902,-0.038431442741404045,1.6622549311234296,0.045558136824207826,1.8790942840366571,1.0712987451267204,forward_head
56.76,-0.30376846648889144,-0.1461747847407837,-0.006604643888194321,1.680307035236295,0.028285765914460335,2.01338515411342,1.1240608980253028,forward_head
56.78,-0.3145399879980102,-0.13423380276114258,-0.018583933379219042,1.6574371075043939,0.029282181241082304,1.7772659689909618,1.2015520999814373,forward_head
56.8,-0.28807206977638594,-0.11915366189784066,-0.025076731507085004,1.7023808355670567,0.03798419379050413,1.8306353755756004,1.2334718943732428,forward_head
56.82,-0.31803309362086174,-0.11372553375564906,-0.04463675001421487,1.5827870032507532,0.015732329420833933,1.8852354975363657,1.2345685012966543,forward_head
56.84,-0.3394652681344648,-0.14077042479925514,-0.027310616101080404,1.682743039946388,0.04100208192167816,1.8991544780808385,1.1296232923851746,forward_head
56.86,-0.35018751152778327,-0.1394159889033846,-0.026865700981669485,1.5873305450953759,0.04014208006891215,1.7746223242875192,1.249962867154586,forward_head
56.88,-0.34095883282340383,-0.08626801352021693,0.00026856122826322224,1.7179364166961222,0.0023339356253634057,1.8514048065849815,1.0291820781183607,forward_head
56.9,-0.339438803611606,-0.11466316824491113,-0.018906889759650172,1.6922151354835238,0.0217280580319354,1.8381209566955794,1.1952407427114413,forward_head
56.92,-0.31021606109496425,-0.11404378830412751,-0.018013674659784713,1.4674874509596543,0.037436263327618576,1.845127716464037,1.066598050754991,forward_head
56.94,-0.3253000576361992,-0.12503177286394285,-0.008155543834709731,1.5949932321526124,0.049996004060679916,1.8711340210488763,1.1269065500172881,forward_head
56.96,-0.30500042060258753,-0.10624694190312364,-0.011091095608729753,1.4672519027246078,0.044390116010352226,1.8558252608075965,1.1733295927426928,forward_head
56.98,-0.30836797503360663,-0.14047387951330165,-0.017453011963517857,1.511596503753668,0.022641924484949984,1.8596885032153458,1.0309763784640091,forward_head
57.0,-0.31580848619191926,-0.11505286742389195,-0.026182004231989634,1.6525589860206373,0.03232367211898045,1.8911688016281878,1.0670982657269819,forward_head
57.02,-0.3198200757024389,-0.1553754837538904,-0.026749186798405905,1.6519762886576446,0.03587056525416609,1.7434083656231762,1.11988247212808,forward_head
57.04,-0.3212336653300464,-0.14133615662639226,-0.028233883758824286,1.524530752631915,0.02558029895966627,1.864379975286867,1.1659642135753625,forward_head
57.06,-0.30064310706870184,-0.10760376107766756,-0.02142983534095453,1.640509589972771,0.03441571904985741,1.8101243772840465,1.125205500516817,forward_head
57.08,-0.2833778249275296,-0.09818438855922491,-0.04345582240647633,1.60378917282683,0.013885202981781863,1.7408369936324504,1.1687330549144026,forward_head
57.1,-0.3167346393048859,-0.1386951162658669,-0.014598263671031734,1.4522619933838627,0.014793510865446254,1.8475419661813586,1.1928426179286955,forward_head
57.12,-0.30316012322143104,-0.10585657124765169,0.003498162731123992,1.662720092535614,0.01905325435580733,1.725318890919892,1.1028306516525217,forward_head
57.14,-0.3121597174501805,-0.13037206281808975,-0.04377154161149796,1.5498670711373268,0.035715448126647925,1.875668332862657,1.0918935915489345,forward_head
57.16,-0.3102133667100796,-0.15998342644617974,-0.015001149121565346,1.5387110687866736,0.031086222624723835,1.8765026014108603,1.091437906174948,forward_head
57.18,-0.3268221444717084,-0.13413185080327333,-0.021789181661648477,1.6969985574313875,0.02884597250744026,1.8688245579118028,1.172843804651194,forward_head
57.2,-0.31781872126823124,-0.13265215974156996,-0.037172443693906765,1.666432882109019,0.027060443690885908,1.908834547119022,1.1613334988365251,forward_head
57.22,-0.3391349400489172,-0.12251652146746701,-0.0118715005412433,1.5165521949892276,0.03786145336875115,1.8926934268861015,1.052000269632853,forward_head
57.24,-0.33502708267305664,-0.10741442496661516,-0.02408898645883433,1.608200994469934,0.052636352781253525,1.8687517613069524,1.2055308043180024,forward_head
57.26,-0.31833659090346117,-0.12755174332344807,-0.03681043821297862,1.6390513962216562,0.03457064708070344,1.87354995387822,1.1396447089568402,forward_head
57.28,-0.29863280272509213,-0.12231271697087852,-0.03651770722230673,1.5014722150202071,0.0352127088200623,1.8577138573920389,1.2588287871613262,forward_head
57.3,-0.3374779547021194,-0.12301228624869605,-0.019942818525091752,1.644179534058113,0.04017091192521493,1.888996474822665,1.1610646819458246,forward_head
57.32,-0.31657603295118625,-0.11405640765293822,-0.026325061856575065,1.4996606089043014,0.02152057310434643,1.7473709384077358,1.114174697863863,forward_head
57.34,-0.31085872366172307,-0.10643109121999492,-0.018778921613276274,1.5893504068669597,0.030657055967614446,1.819792473220934,1.1651067317533195,forward_head
57.36,-0.2986015259356934,-0.11209696492265785,-0.03146699779096193,1.6973062211090753,0.02396484266875972,1.795661412411422,1.096806225787431,forward_head
57.38,-0.2913131870404711,-0.1248000443280011,-0.04245662426724167,1.461251782526762,0.035602037371332065,1.7752822979895768,1.167249595162125,forward_head
57.4,-0.3358006091722175,-0.10823518772845196,-0.03259940624641509,1.6873273364216481,0.03155524296775576,1.8533731083796334,1.26849075492076,forward_head
57.42,-0.3134741549058375,-0.1193760053740495,-0.03274847950492032,1.48677217974672,0.03543120468589317,1.841882181372129,1.1578193930267493,forward_head
57.44,-0.29963899398183697,-0.12243033123232984,-0.049496989860837025,1.5922969341541713,0.03489447585235537,1.8780624026608856,1.0626054136452552,forward_head
57.46,-0.3211294730439122,-0.11381450561991599,-0.009924303590445481,1.5804728736183749,0.032400778833916205,1.9114798193470004,1.0872402834997243,forward_head
57.48,-0.3187632975121225,-0.13708875805186646,-0.02025866417080539,1.6072431026078648,0.039968028645917385,1.855967984300176,1.0432355142611967,forward_head
57.5,-0.28745420163540314,-0.10610576352191603,-0.008725311781451993,1.7165175100250527,0.04510150678840819,1.888251935450119,1.1898312321265962,forward_head
57.52,-0.307558606540126,-0.11835730582296122,-0.03318298341959136,1.7231215684607029,0.01887589182108717,1.9266371815119787,1.18692313488479,forward_head
57.54,-0.31471721276613773,-0.15452257297194338,-0.026730303052737207,1.567791800814511,0.04563424041764908,1.8852987275036936,1.092608079621728,forward_head
57.56,-0.28552883560702536,-0.10536845529207703,0.005786628668612613,1.6371786245142945,0.03852295319342257,1.9076075372444536,1.1172049312305998,forward_head
57.58,-0.3227722323082847,-0.10922960389786683,-0.019216543057696073,1.587079959346847,0.03333953289686173,1.823602095867347,1.1862154462679193,forward_head
57.6,-0.34377762095738285,-0.1495286216022801,-0.01782212630174577,1.526309453711284,0.04564816921060871,1.791714000102855,1.052427795798459,forward_head
57.62,-0.3460985719527761,-0.09342052712969731,-0.03037084102285897,1.5540103787250719,0.010251660299767477,1.829943201455018,1.0876451880608284,forward_head
57.64,-0.3658589141180658,-0.09519519505028383,-0.04658977890428658,1.7088830694876636,0.04112362414802413,1.7557648846983016,1.1121415578151284,forward_head
57.66,-0.3234899435592,-0.0826265818977903,-0.0392272894719358,1.4566043683948113,0.028832286203283822,1.9311718650521208,1.1362103330322548,forward_head
57.68,-0.323693484069334,-0.1444147870838684,-0.037628193288957015,1.6850342651111985,0.028998498781113442,1.8213818275297857,1.2096776168803007,forward_head
57.7,-0.3291326078873073,-0.11010933458860553,-0.026417532609351365,1.5534642330246626,0.01771461471004432,1.830859418267627,1.117605888245088,forward_head
57.72,-0.33397412720072267,-0.1253998277094572,0.004850798137078093,1.593900371936558,0.03158386011930905,1.9444667501432558,1.2091653286028485,forward_head
57.74,-0.31822602341090034,-0.12766309771460718,-0.03384902447689238,1.5287289556707255,0.029224280785561767,1.797599144734822,1.1866048761191303,forward_head
57.76,-0.30759708695676596,-0.15033454039518443,-0.035223434041049585,1.4775188880348913,0.030853961521253706,1.7288116652563013,1.1312550165731976,forward_head
57.78,-0.3467450271750764,-0.11575703936999214,0.006575146619987248,1.6783135462927663,0.03005727173259223,1.961348587919858,1.0846457847469897,forward_head
57.8,-0.32249404128608883,-0.12029824128952664,-0.024058392672028157,1.4776686738387816,0.03677436881948054,1.83758701824938,1.1292849411725434,forward_head
57.82,-0.3045592765779824,-0.12845978157726265,-0.042916269156562124,1.559627599894555,0.037350956080354235,1.8658313738059,1.2040553912150995,forward_head
57.84,-0.29769233483698415,-0.08025183636010562,-0.01920873796791788,1.591141220241515,0.01998978967228232,1.8625450317967471,1.1697573498319545,forward_head
57.86,-0.3187084913210977,-0.15785177408402495,-0.03865395426805129,1.5241640785712312,0.029710884758423355,1.9614358336181075,1.0824729690979402,forward_head
57.88,-0.3300262396331125,-0.1102645282427895,-0.008843479589625966,1.6421608458966261,0.022964320824203792,1.925270453069138,1.168351815652682,forward_head
57.9,-0.2768024170659857,-0.09194585780429977,-0.02473621731942449,1.5536974971561774,0.02615166142326732,1.8227409105515202,1.2449049554103295,forward_head
57.92,-0.3374476153378994,-0.12003722050227965,-0.00946325347063165,1.3928187130367644,0.028382975227742354,1.8473701492445842,1.2065657989721486,forward_head
57.94,-0.3654014755421014,-0.13300356689470919,-0.010787808995748452,1.5376001443923297,0.018210603974784093,1.9484421172862092,1.1209862437422788,forward_head
57.96,-0.32987280423856824,-0.14266393337284256,-0.041937730295882394,1.6276309003048886,0.05151879156772579,1.8224883827266216,1.0901480849952376,forward_head
57.98,-0.3218408923441465,-0.1508082339451313,-0.024677819075838037,1.5672238096757696,0.02768900977529497,1.849728910617935,1.050169662479566,forward_head
58.0,-0.35121960658125007,-0.10439870771965605,-0.005606692648719455,1.578430956279844,0.04134069714000214,1.8202369522183042,1.168789433120041,forward_head
58.02,-0.3462528779162668,-0.11564174098070389,-0.018878635340019292,1.5444518802391205,0.029622555603920322,1.9457151938956214,1.0819905870993443,forward_head
58.04,-0.3343951913914904,-0.10417903643364668,-0.012057821813295367,1.6079663205362382,0.033477113202031186,1.925834930302923,1.151135700305739,forward_head
58.06,-0.31603563031459453,-0.0998992171729173,-0.017189190280109276,1.4069530543986721,0.019865721383759707,1.7825931285457568,1.2323135107092709,forward_head
58.08,-0.35328289837702126,-0.13158515259091272,-0.048383425998959353,1.555872518686866,0.024200633001257018,1.8739021772408846,1.1320019591071353,forward_head
58.1,-0.3424822534651439,-0.12317860727503335,-0.029300076557887144,1.6353755136612316,0.022681421928123467,1.7955746310209149,1.176119064270515,forward_head
58.12,-0.37614840071567474,-0.10481868918602263,-0.03435993451334664,1.5878005860900357,0.026057847367306868,1.9022583103074604,1.084585933533821,forward_head
58.14,-0.2930262895404911,-0.10959741751712457,-0.012752972193567549,1.5895787785021351,0.043287671065674646,1.730094547818703,1.1606269077374523,forward_head
58.16,-0.31992882874744094,-0.10785410009014403,0.004957616052937856,1.7581194487876552,0.01117539910238358,1.8373268503382492,1.1655329635609117,forward_head
58.18,-0.32127369364886815,-0.11767739306377724,0.001524938858606615,1.6140059272574896,0.03435013780271646,1.9057900613065146,1.1267768270265375,forward_head
58.2,-0.31742318058492347,-0.13953727457097853,-0.023205095734611346,1.5526241412676647,0.01849517466188453,1.900391077909417,1.136378410698336,forward_head
58.22,-0.34429579106390984,-0.08128937000484733,-0.029490935417391128,1.7019212193880664,0.04289615475862935,1.8452531191951138,1.1261316603692593,forward_head
58.24,-0.30496129352793944,-0.11678960731059221,-0.025944335449985374,1.714050522831791,0.036892327026751895,1.825963854979977,1.1123636066208118,forward_head
58.26,-0.31490387442360995,-0.12604070753123292,-0.004373607194094763,1.5486716700701728,0.028007505314087126,1.8494376814601297,1.1585625985285728,forward_head
58.28,-0.37283738880473183,-0.1527650099843245,-0.028703164997533625,1.4845483850387433,0.043418917419152867,1.955582225277199,1.0821336957780865,forward_head
58.3,-0.3205865670059182,-0.09438853638036013,-0.009032310915948112,1.7399926306864761,0.009513066015815624,1.7844123551248876,1.1619517815387503,forward_head
58.32,-0.39396750608829134,-0.12239201113992516,-0.027650129437259672,1.654687804845394,0.024195444330208125,1.7993229772707144,1.1517492458746745,forward_head
58.34,-0.29778328964053735,-0.09713100367600365,0.00876177848650138,1.503181128805817,0.04576908541585128,1.736872827748581,1.1738977604046934,forward_head
58.36,-0.28304279528569054,-0.08913774914661718,-0.03195266897302645,1.4264047164865263,0.03616371728217786,1.7939934544083995,1.1595171425764565,forward_head
58.38,-0.2960659877295923,-0.0926969064716211,-0.01707087920017547,1.6554756136008035,0.025966207303193004,1.8669044382656894,1.1539409895738513,forward_head
58.4,-0.3526973680814247,-0.11628370718937794,-0.026128045473136928,1.6312392744733257,0.025269730397610643,1.787296199184944,1.134112463778805,forward_head
58.42,-0.33559725614572533,-0.11852650735828361,-0.019994227203873696,1.616756398540369,0.043202592329196474,1.8275883414249556,1.1218288505121934,forward_head
58.44,-0.2988378371770348,-0.10969425447259551,-0.03003622221823365,1.5325194959237562,0.013399969127317671,1.8123344596905009,1.1482986595689473,forward_head
58.46,-0.31731700298945437,-0.13786214659544585,-0.00573870095251036,1.704010538773406,0.027875230287906096,1.9586748874077193,1.1933739702289556,forward_head
58.48,-0.29776200382663465,-0.09796760685987212,-0.019679057012780228,1.6067590402912184,0.019464641165390303,1.7285644459251714,1.1806049629465631,forward_head
58.5,-0.29902500972337126,-0.12898382255151222,-0.016500803235227148,1.6590780923088044,0.03763678530125395,1.812211170518187,1.100846527699632,forward_head
58.52,-0.3047498571474739,-0.11434337274160117,-0.0015602973215361445,1.599715829583425,0.020107567074586635,1.850740931623175,1.0385898679706902,forward_head
58.54,-0.3372645201124168,-0.14775013964714087,-0.043632679644676264,1.5516238949791896,0.03712497117313752,1.7948714796718843,1.0752047848747885,forward_head
58.56,-0.3026609072774469,-0.09430176365455906,-0.002392576376681498,1.5717677369592342,0.03624362028058671,1.8821860268312423,1.2297039462970947,forward_head
58.58,-0.32357903957976514,-0.11988314855648813,-0.020524073730725238,1.5738087125772964,0.025910645080963107,1.832917833876222,1.108874358905407,forward_head
58.6,-0.2922718602684742,-0.1429143689718874,-0.03032110787699485,1.715261383188014,0.040435953908636406,1.7643908189051207,1.1978167727313007,forward_head
58.62,-0.35394140149113645,-0.12636908848070214,-0.05663401052079873,1.491159645692992,0.04051358249683211,1.8709824637516768,1.1295368831076813,forward_head
58.64,-0.3524298821668218,-0.10865002360791794,-0.01404652649683553,1.648963228496531,0.021501873603100505,1.8499695596673906,1.1562378993905384,forward_head
58.66,-0.33442133751577774,-0.12429916744511914,-0.024879000991330072,1.5546279043190538,0.03282378497207163,1.7888423211067301,1.0717866158301532,forward_head
58.68,-0.3346888713792894,-0.13121980756803275,-0.017584232656796185,1.6734348383559094,0.02498316819665994,1.7999540012678492,1.1048571515505055,forward_head
58.7,-0.33404106251371996,-0.08008863351266808,-0.019024479902559507,1.6470324360389277,0.028411699926026546,1.8291104361677542,1.091518088327652,forward_head
58.72,-0.31052335428571765,-0.10078076617756619,-0.014722524996065422,1.6487212615025608,0.03293114444163322,1.8515797632089444,1.1076754464417153,forward_head
58.74,-0.34831531888960326,-0.14374834619843685,-0.01780793956825401,1.6535432587652605,0.02507592700398343,1.8133509797925857,1.0820068647562853,forward_head
58.76,-0.3157752234254811,-0.1083877522304963,-0.024358540427369717,1.4488775833863505,0.05415666515524137,1.8751256630406594,1.0596190490598887,forward_head
58.78,-0.29126860660323894,-0.11569987370047012,-0.016358067755834822,1.4082929537907733,0.02447319994448202,1.8772971945294734,1.1217107154642252,forward_head
58.8,-0.2782236798416864,-0.07660742304765092,-0.0491734299286491,1.6893794747017443,0.008776698718498295,1.8296535897565134,1.0896173704559309,forward_head
58.82,-0.29843022239796857,-0.11293487178407294,-0.01716592733148129,1.7405689849282757,0.03078606150252225,1.8192889572040056,1.1925083691777096,forward_head
58.84,-0.34110579385282014,-0.13487975718054998,-0.005288288911062962,1.602616249712545,0.01952106538844596,1.7306300745537462,1.0547617307454742,forward_head
58.86,-0.3111506690146271,-0.13430028649759396,0.003948423785660136,1.5566685403528457,0.040863461936100645,1.854472285434143,1.2084898695862394,forward_head
58.88,-0.3316686554780446,-0.13352860080861648,-0.03565179417746588,1.6087721194506053,0.017018190690690996,1.8991185894711609,1.0736717025403921,forward_head
58.9,-0.3143167786176808,-0.10580614447330834,-0.03588847067640512,1.5011841878416423,0.0404726033367503,1.849292327410332,1.183519324308575,forward_head
58.92,-0.3183432592018074,-0.07881119384140717,-0.0159517871332687,1.549381622737985,0.0266684416833637,1.8716357936691694,1.1617847553760634,forward_head
58.94,-0.30396826969626867,-0.08852597304356677,-0.012597579155120239,1.7103566677816104,0.05714120546717669,1.9147247801535272,1.0167040488748862,forward_head
58.96,-0.30460442286302686,-0.13152887732629012,-0.026969457514879332,1.7878699292734692,0.03378313999333231,1.8966410250179049,1.204839573355565,forward_head
58.98,-0.308568007426788,-0.12000336005611062,-0.041116385202146534,1.5776705493883063,0.03373713455723247,1.7633029212141365,1.1766541492921223,forward_head
59.0,-0.3234287456925054,-0.1400798406276681,-0.03689960995568606,1.6202875432519768,0.040683882487540415,1.8634298092583927,1.2211967891228774,forward_head
59.02,-0.3453209648361113,-0.1171923531001369,-0.019969156955158406,1.6295194787406773,0.021293002389764414,1.8869531500684393,1.099207772433591,forward_head
59.04,-0.34480566216747227,-0.12093656605852873,-0.0146102512585422,1.6165962196845973,0.022812040230384037,1.9319577415246165,1.2312499619822976,forward_head
59.06,-0.32889523242621077,-0.12235677660842749,-0.030649259936224197,1.5629598682659016,0.04264532509808178,1.811945540429494,1.196029231407699,forward_head
59.08,-0.3158325891624026,-0.13709011194977233,-0.0062329268963578766,1.5737464455371621,0.02296624932894654,1.8016656811404235,1.2204529263057922,forward_head
59.1,-0.34908230127995293,-0.1393365250116121,-0.02140749482038186,1.5424441208850603,0.03379099380371579,1.9167461536668509,1.1970184392190921,forward_head
59.12,-0.294392244561013,-0.12518450610644924,-0.013634440151342816,1.7721142963241525,0.02987227785772566,1.8817173792223396,1.108475645478199,forward_head
59.14,-0.3225677297481345,-0.1065613604292729,-0.015414461073428158,1.4215205856085886,0.04150102397251017,1.8336791086269864,1.0544348779199249,forward_head
59.16,-0.3345490934837218,-0.11825101414371803,-0.020047807665214745,1.5992739815271346,0.03906575262437724,1.8509358167174272,1.0635947392132532,forward_head
59.18,-0.3507024757104792,-0.13553310057398912,-0.03817193102017348,1.5323108885371626,0.03596025696382573,1.9204435055603637,1.0940507051752593,forward_head
59.2,-0.286770309581177,-0.1329297725850935,-0.010976265993594612,1.751438570531216,0.038753740526354996,1.8627583284522704,1.239282716592367,forward_head
59.22,-0.3139061135865169,-0.11718073658284338,-0.008766176150822067,1.5095973179331545,0.03784667136875765,1.8334527168763701,1.177636599382526,forward_head
59.24,-0.3088812324783126,-0.1265266088474761,-0.02472692388891534,1.6006873107467985,0.04064162839665304,1.8347508637483567,1.195507373084714,forward_head
59.26,-0.36725447078853707,-0.11922751241966241,-0.024402829708383252,1.6095904223388577,0.02641444445146772,1.826716570873084,1.159728644365871,forward_head
59.28,-0.3333869710039058,-0.1694151230003637,-0.02258006981772763,1.5311144143050672,0.028492400399369587,1.7489811761383145,1.116045982034122,forward_head
59.3,-0.2871936337026843,-0.10094615150735588,-0.015148668041829098,1.6262038478341334,0.027830319932584557,1.8783262492373576,1.244207080698413,forward_head
59.32,-0.3072736020050386,-0.1448525989823081,-0.019286767182541,1.6207726186571443,0.020071467872315875,1.8429552676479282,1.1647463643604103,forward_head
59.34,-0.31724847983022675,-0.10190465200883325,-0.0010924320584006083,1.5032063809618896,0.03856276224191438,1.8400898633873228,1.2676204815394163,forward_head
59.36,-0.29560808558629376,-0.06728874277989594,-0.026721260729287363,1.6285163886285572,0.032570308442606125,1.7797863256696986,1.191656595398235,forward_head
59.38,-0.29546263090784225,-0.1363049267071392,-0.01653002246904753,1.6271174291080566,0.049387662983940955,1.784067048549145,1.1332617191567644,forward_head
59.4,-0.28916257819596136,-0.17483249737094317,-0.02048375788731589,1.6273001815157342,0.004259111744763667,1.8344946813756966,1.0618983222185479,forward_head
59.42,-0.2985040587669334,-0.12116470308738234,-0.008208784980138065,1.4323216226928146,0.01008250034643332,1.7519987691196726,1.1888659198855478,forward_head
59.44,-0.31578977714491036,-0.10496158172398684,-0.008700248018653442,1.4924864267741482,0.02010121904705765,1.8132414403167645,1.1206071859600766,forward_head
59.46,-0.3050130032645407,-0.10070546412590797,-0.03366633825093251,1.4696063166446707,0.02351754894130964,1.8618963257208607,1.1817450734890063,forward_head
59.48,-0.2958604935043842,-0.11559656467914539,-0.018760300678617687,1.534484009027489,0.029594620221270622,1.839957942256756,1.19695554314115,forward_head
59.5,-0.32427954142089976,-0.10428560676315947,-0.02201438582279361,1.696235704089377,0.039944984647836995,1.723988275305066,1.13382461100915,forward_head
59.52,-0.37313429938402237,-0.11487900744045282,-0.025387707610426215,1.6472284969880429,0.04315703666162201,1.859314796489724,1.1310666455994796,forward_head
59.54,-0.3390605435482369,-0.1233386196862449,-0.027738943215271834,1.3482444158553146,0.01972491170051728,1.8867770872048144,1.1025358344961276,forward_head
59.56,-0.3433912699744629,-0.13951751965722778,-0.02690015162097829,1.6315646939734925,0.026722351653670654,1.88166476325,1.135463291239855,forward_head
59.58,-0.33756930610372643,-0.10885084953743984,-0.007181617195360361,1.5413412874617902,0.03780893079597247,1.8621605961840926,1.2500156906261837,forward_head
59.6,-0.33146462152395223,-0.14138572630760673,-0.02579400665004058,1.5200965006886513,0.03557296477183295,1.9281972188260168,1.1154322204624492,forward_head
59.62,-0.3125164352342998,-0.10039260431693048,-0.029100199845484776,1.4212542279834903,0.02763649295857993,1.7500360247945528,1.1644790652372627,forward_head
59.64,-0.3207850365414329,-0.125838826541147,-0.013425028489269488,1.6159933377888354,0.032113990844712254,1.9057814126408987,1.053353496311273,forward_head
59.66,-0.30479426392580616,-0.14994629424348047,-0.027536974943936712,1.815946152967422,0.03205697221053076,1.8840190172279427,1.155051638251907,forward_head
59.68,-0.37137378330640525,-0.1328770461126245,-0.028990202403778628,1.5514002367286917,0.03693092761720864,1.928696316379732,1.2145189687274938,forward_head
59.7,-0.2721743123908802,-0.12263513678033326,-0.020486396744039192,1.6438912052420445,0.04212047947841881,1.759380789573268,1.0778402951828803,forward_head
59.72,-0.30830712880437444,-0.10399382958992541,0.003962152202589688,1.5235710901200776,0.036845014036522766,1.8628355216513433,1.2347768744022825,forward_head
59.74,-0.3392292147746351,-0.11553695379856055,-0.04630380627313887,1.6352471975344773,0.020998803044387834,1.776386994829466,1.2149658357260211,forward_head
59.76,-0.31718424094572056,-0.11366293766123342,-0.01635154166544176,1.4957753078811094,0.023094830962943586,1.8068655978101882,1.1561523771735394,forward_head
59.78,-0.28630635316146874,-0.09887466563775497,-0.024693912099796368,1.6866993215093662,0.019718179388266394,1.8685975225268787,1.25491684047014,forward_head
59.8,-0.33017682109164287,-0.09844357074516422,-0.019908807475592805,1.5974214807613218,0.029769109986970292,1.8551502019268271,1.1844190367826983,forward_head
59.82,-0.3327503074040392,-0.08178927444980535,-0.024777431441905955,1.6016955921944394,0.01972954090112492,1.8983910010353455,1.1086967494328404,forward_head
59.84,-0.30704437073011687,-0.10083977254353656,-0.0188741999565052,1.6212098234322474,0.029142440834153484,1.9741931795711143,1.132965334087053,forward_head
59.86,-0.3406518584835226,-0.1125960896431309,-0.011864979329987403,1.5767496247797166,0.036887939539227504,1.7992936232874641,1.1752869345268564,forward_head
59.88,-0.31042787998742377,-0.0916782437245251,-0.01722809157852957,1.640682960606832,0.029008150546395675,1.8160357763422497,1.131430417248733,forward_head
59.9,-0.291300362086078,-0.11624726084627508,-0.011641073308387801,1.638195620289535,0.03915263378588432,1.7701626846090497,1.1022518999455453,forward_head
59.92,-0.3402873584233493,-0.15932549370610666,-0.014321029154061367,1.5834739261870294,0.032162864082102574,1.9806040409246213,1.1004413624929446,forward_head
59.94,-0.2721920815172481,-0.11567367893814959,-0.021236661949817815,1.398609154752388,0.0355723318468772,1.8329313600127284,1.046517936603449,forward_head
59.96,-0.3115075504206033,-0.13361884634622415,-0.018729550937520167,1.6840150767962867,0.04189686427002802,1.7662033725270405,1.1757943767322532,forward_head
59.98,-0.28562273851861114,-0.10328108142847203,-0.02688292378533531,1.5390554885939758,0.036305106546501736,1.87056279643937,1.1674488514670704,forward_head
