timestamp,delta_c,delta_th,delta_l,fwd_head_ratio,shoulder_tilt,torso_lean,ear_sh_ratio,label
0.0,0.022367137495160807,0.011263166186258892,0.017429208816264415,1.2043044819706723,0.016438092611975697,1.7470562672004852,0.9669292041353458,good
0.02,0.024559919693846372,-0.013183307437739978,0.0035195989686585363,1.1766229914607573,0.018192385884596454,1.826623380552633,0.8892592327132061,good
0.04,0.02208520871154054,0.017575317122108,0.00014362075038206967,1.2397672689887476,0.024555583367574428,1.786547203540628,0.840857837492847,good
0.06,0.025357140863386782,0.029368242152252838,-0.0006647905311298097,1.2399541849537636,0.009788120664820422,1.7678234660692238,0.936148911571629,good
0.08,0.02357775714904454,-0.00492391314387321,0.0015335279545176845,1.2004417805928418,0.023201705754295875,1.7656809267543017,0.8312966764942433,good
0.1,0.023063871198696895,-0.016462034760801714,-0.007947767462601603,1.1997736443329534,0.02148065485465481,1.8005622052123127,0.9663131615881277,good
0.12,0.03287622699439763,-0.013409542772402389,0.008524689175865402,1.1686806460377388,0.0039025343758404517,1.8432942686654106,0.880179610378043,good
0.14,0.03467836610740278,0.015483731234162405,0.014500190007173565,1.131296195986005,0.021862413644239864,1.7719010406004625,0.9622022054737416,good
0.16,0.02103241316381131,-0.0073912134847519476,0.0013811554684072848,1.2002794132834989,0.021850151846983433,1.7774962867102717,0.9414933117495525,good
0.18,0.021868666750397718,0.01446404911751563,0.014554128473160429,1.2450497239501737,0.021129932457625206,1.7604717763593314,0.8147295288162694,good
0.2,0.03581563114651751,0.01054409507346992,0.007142508142679894,1.2591873508979892,0.009640206342622151,1.7711989847399967,0.8765846116148088,good
0.22,0.02553332716900534,-0.002046767179430136,0.0024451126681305653,1.2456211392047227,0.012644565021125868,1.7254225603903766,0.9504904133743953,good
0.24,-0.0009194560533298747,0.02116305107724889,0.01524182619465631,1.1643986287354797,0.014301169620385565,1.7911610643698728,0.8829314540529288,good
0.26,0.020497517248023664,-0.025605195737499916,-0.02593748935271319,1.1984274513811044,0.021822435649169913,1.705810663995888,0.850443607639546,good
0.28,0.03519106959853575,0.034635142183801586,0.014010935018260645,1.2150716930298537,0.0290918818174829,1.8096976610697588,1.0087410421268654,good
0.3,0.010689657740428257,-0.006706706066854252,0.009494761171598365,1.2540277162046685,0.03187507902922556,1.7622790223703593,0.9275696856813742,good
0.32,0.005737884560509304,0.004363500375583985,0.005890022185144319,1.18554838742144,0.03591668466823843,1.7142586065904666,0.9790553727245542,good
0.34,0.018075800510635995,0.026741202175632237,0.0013175322727649631,1.2524606692731497,0.017062319908678986,1.8090066527627349,0.9255808067152623,good
0.36,0.016764252789517244,0.011541540248304151,0.0012625158935721313,1.2226261618709047,0.03240317326647146,1.848443487263103,0.8892279726770277,good
0.38,0.009269114076201235,0.0020415634589703267,0.015424564348352602,1.1913917021682139,0.02583902337235934,1.7737031412417734,0.9210466825270667,good
0.4,0.021333563296840028,0.018692197505591583,0.016709471997838076,1.2565471485113013,0.012789727552061677,1.6781117067899416,0.9536909927117719,good
0.42,0.025345902350653763,0.002723736802354324,0.02533930634143496,1.2608062011021688,0.025568339790720932,1.8306716937111762,0.9440909001167828,good
0.44,0.018631817288721157,0.0007001086514535631,-0.00033675725930903434,1.171733347135591,0.003236343260711757,1.8949628536439551,0.8542349208946347,good
0.46,0.025971568180737616,-0.012261504061980516,0.024387052325544018,1.1521344928279675,0.025643788739216588,1.8110398491999828,0.9567127400390356,good
0.48,-0.0026706943541043157,-0.021486265879165183,0.020766262031388184,1.2163051608438051,0.0194858841670254,1.7717391677629635,0.8055938553760622,good
0.5,0.03009120773669772,-0.02290389329810116,-0.000915511572472457,1.1723767413505217,0.022139629379385906,1.8111110045820284,0.9469318262580809,good
0.52,0.05225411143480146,-0.01950727595745458,-0.0030418071329400527,1.204177727145689,0.03550334760582899,1.736583581238707,0.8442928388031231,good
0.54,0.027934998359555513,0.009335925232238624,-0.010454100264373664,1.1528692707911938,0.01890653878971878,1.8006108734491275,0.9210075268854273,good
0.56,0.00867432329994823,0.010627896108052122,0.016762075662040844,1.287511411700593,0.01665228405002715,1.8384366312637814,0.8917400599437814,good
0.58,0.042235683797989414,-0.001503873677268974,0.009362853269974592,1.2245627727418555,0.017266720120154285,1.85601102762817,0.7913677646660817,good
0.6,0.01569422312447407,0.011362646666624177,0.026371622253109902,1.2547799815892695,0.012972406315021192,1.8223195034205728,0.9993452453040338,good
0.62,0.017884087517732662,0.03399874755945961,0.0033518086737400234,1.2121362665696298,0.020768380815900597,1.7593916526936098,0.8603501959696863,good
0.64,0.005573708251202912,0.004366425159070871,0.011046972448676055,1.1447654342251479,0.02904905888988507,1.7498834609280687,0.8573828884589371,good
0.66,0.06341354721670334,0.0013978132771385284,-0.008606518829622118,1.2099616945675085,0.01154305447755744,1.7626291353888681,0.9016087625144027,good
0.68,0.019024507848996976,-0.008133545707709727,0.00720928949027577,1.175597254923653,0.02206541886852518,1.765870352134938,0.8408320983046308,good
0.7,0.01608532399859872,0.005026984249524567,0.019534700818398566,1.063408818987512,0.01588761757169687,1.8449389179224205,0.9179342909725946,good
0.72,0.005574554133025396,0.0034971769326873686,0.01823865517873816,1.197427852547405,0.01949569704215233,1.7154604840626142,0.9169855906493967,good
0.74,0.043487161602716616,-0.0037860432898680807,0.00034190412390177266,1.2004961605993785,0.008132498572673834,1.855302331714406,0.9258057362857527,good
0.76,0.058826485339872184,-0.007892821835876656,-0.0036800247460577456,1.2077657865686153,0.0,1.7228610431188804,0.9723701869412044,good
0.78,0.023377074989899195,-0.016305397964520865,0.00017213366824505457,1.2344611720430851,0.012148513615968949,1.8399143794676325,0.8775398409076898,good
0.8,0.02196512919396789,0.003299787410786066,-0.008543363265447742,1.265808500630751,0.018379019088104576,1.9212672475808052,0.8767726439814392,good
0.82,0.015258721163538666,0.0035294181515414386,-0.00834645430051118,1.1963204187560639,0.027467130302242296,1.8129666549973324,0.8995667696001551,good
0.84,0.0035633051022178237,0.008807058528155023,-0.029567281106697405,1.1349575489507076,0.006208874198461755,1.8261780514969828,0.8980359301627431,good
0.86,0.03739639980583475,0.009661963064515878,0.010256061876413855,1.2794527924946726,0.014168541426031233,1.7838301255773232,0.9855372648955535,good
0.88,0.03940690930498642,-0.01814195944240245,-0.01514058083979525,1.1602229687098893,0.014150411647626253,1.7793582821475746,0.9063201966008151,good
0.9,0.03395811396830926,-0.013161201004893586,-0.002563996318906942,1.2511822522482965,0.010450075069085286,1.8644142259841683,1.0070885339897302,good
0.92,0.02527456348122707,0.005132647192244275,0.01819002030779302,1.2624044209487888,0.02277130590146878,1.8202111796336438,0.8170948842412511,good
0.94,0.01898164604540873,0.014167495873643295,0.00653549503133174,1.194404860585544,0.002352736616221828,1.7662740070845582,0.8606820771225885,good
0.96,0.00977612249675572,-0.0007143967666032167,0.01610558170366067,1.1999219987305578,0.04282230772754596,1.850776582165014,0.9189325039971428,good
0.98,0.025616872753696084,0.013370021346373441,0.004041550991482441,1.214253560898981,0.024330644684783957,1.866127085763795,0.9873232406832444,good
1.0,0.013135671237688381,0.011106903143385099,-0.011182270912974633,1.2080733889164155,0.016364493256298445,1.7925199690133677,0.9078845890936372,good
1.02,-0.004769495791926643,0.01491124530424269,0.0023423139775213316,1.0927201102902773,0.027457742071060852,1.7960724192320354,0.9270943392340757,good
1.04,-0.004674720868720628,0.013547548184671203,0.01907330380486774,1.0730864963531404,0.0,1.8711180210444702,0.920552313217908,good
1.06,0.03197949036169678,0.007735104869298084,0.00033826005290353827,1.193856503584307,0.016204168384917738,1.7863924175692292,0.8842655283531199,good
1.08,0.01657647483327103,0.007873543842624713,0.003026804559508887,1.224172043396737,0.031231929350444134,1.8133316591937356,0.8279965037926696,good
1.1,0.02337183746163088,-0.009833097075668056,-0.02414193587894063,1.2864935476572272,0.02605722624012685,1.7963810778984446,0.901256225066293,good
1.12,-0.014706625333452725,0.011112281828094173,-0.0024908986002405388,1.1898737598863396,0.03267163555671595,1.8511759775668364,0.8387131800574203,good
1.14,0.01679910938014349,0.007257370594082859,-0.02043101862528582,1.1250607565663369,0.0033711200729366793,1.848250492459592,0.9299001080222958,good
1.16,0.013233235668657967,0.006801109769454808,-0.01274688173114021,1.263675400143834,0.016788236818916363,1.7552083120773763,0.9448492704578635,good
1.18,0.023460827249512435,0.008577518165160189,-0.010980162031896131,1.211479561014218,0.02219669841053182,1.7910283870179315,0.9376553359977453,good
1.2,0.01185389555958781,0.0013715210116022843,-0.00627213962453583,1.2362065601424115,0.01797835545161636,1.7948001445901294,0.9221988965330263,good
1.22,0.017595584422188452,-0.021425528714989078,0.00077068465289951,1.1526284248757848,0.012911083269886249,1.8703116929530903,0.9661162077104921,good
1.24,0.012571840297293461,0.009697568652179122,-0.01698688380941902,1.168812412408839,0.012953019903883454,1.8099868877305685,0.8453506897052399,good
1.26,-0.009133631761880307,0.008904529681595429,0.015710851512430766,1.1912194474075068,0.017012031210183496,1.7226565746645524,0.9161699791574526,good
1.28,0.010517345084743035,0.006348993251367997,0.005081915698622098,1.202208958731381,0.025084943349635437,1.8204178434861242,0.9175774614818143,good
1.3,0.02197387829088381,-0.011675138720470069,-0.002914433745054734,1.0902744127010993,0.006210985079957234,1.815864809435302,0.8385177731771182,good
1.32,0.0020744270216602506,-0.017613163174674956,0.010633512098351592,1.2239594288216187,0.0017098350435179842,1.824046614765211,0.9557621710026861,good
1.34,0.01802337988339952,-0.008704652860179247,-0.009103304404583982,1.2477935123897317,0.03205280864781543,1.6888642907760796,0.9285771934979494,good
1.36,0.024255666614784455,0.007099472570212234,0.03328091612948158,1.2541304256135861,0.018520839451299145,1.7992488352520695,0.9226045927295508,good
1.38,0.020118388043070725,0.031104884098893434,-0.006827526025018296,1.207938696794253,0.033390423448196434,1.7874140296612948,0.8430022710658631,good
1.4,0.033227920958284314,0.0035881392806979503,-0.018715021031674873,1.159465288581247,0.015978525465257104,1.884113505399175,0.9248183406049106,good
1.42,0.01911210810896157,-0.011243082257197721,-0.01672455565798017,1.1759750869216592,0.028176714159618692,1.7263406668385406,0.8456537856737923,good
1.44,-0.009656494355328546,-0.007066453104035582,-0.03056891386164965,1.1673878468524976,0.018937768583853376,1.8288355378140946,0.9442061585594068,good
1.46,0.033898981118511945,0.007819236606384821,-0.009920309037014229,1.2735025103430992,0.013512053209387895,1.7815032783835338,0.8479448420108081,good
1.48,0.026896724069649117,0.013224158626994192,0.0006703772358279188,1.13117764030522,0.020405229199547917,1.7854006273458036,0.9147036081646568,good
1.5,0.00828557371428174,-0.00028086871678127396,-0.005366476206809832,1.2092213012914284,0.035664648959834705,1.7787369046264767,0.8906272536477265,good
1.52,0.027730388773138864,-0.014350392478907579,-0.01371294524472452,1.2465796808679919,0.01042554418985122,1.773222963660963,0.9358205269333821,good
1.54,0.016923470811353085,-0.029656948801146766,0.017337204002416475,1.1871197455377207,0.0232497102132069,1.7666708196326484,0.8892445888231068,good
1.56,0.03825402495915465,-0.012850975580953841,0.017618145755256158,1.1798250839668198,0.021571329582490844,1.8557655751389208,0.957927304259301,good
1.58,0.05120659468732728,0.019026174806270762,0.010326185820617272,1.212221554354977,0.0071772335683689265,1.8087704856269962,0.9475475065433534,good
1.6,0.024972799495391305,0.004620688202826704,0.015736059730718847,1.1753982289213392,0.029659379351601876,1.8055804774862216,0.8849789442754147,good
1.62,0.010699757067528811,-0.014918352083049983,-0.019580876236280187,1.2426134755251468,0.017586526899780186,1.8510885677464533,0.8375639680814444,good
1.64,0.024690889219561994,0.003660378197187023,-0.0009908420013969431,1.0656920253675597,0.030861594196815688,1.788315453009639,0.9316604737605959,good
1.66,0.03609956823989437,-0.001471526098015771,0.00479685581351117,1.1893730206390436,0.014329081241516939,1.8877695008213877,0.987329919581677,good
1.68,0.029571024731516113,-0.002250684182056005,-0.0013103516093404164,1.244305861353458,0.008453831293129778,1.755588029530029,0.9071481536781875,good
1.7,0.023578415526189514,0.008489014585716282,0.006704502484579319,1.130309882436362,0.02908451066539823,1.846449836539498,0.8609596722097903,good
1.72,0.055656413218110136,0.006493864702883171,0.015893290792455446,1.2314578482146377,0.020300312699443757,1.8276822851486438,0.9148479791283204,good
1.74,0.033478760426662785,-0.008849860956057286,0.0019489936242325712,1.1406086291280733,0.029692506111082415,1.7938343350525887,0.8578003304511441,good
1.76,0.03422996463665971,0.005886382420266548,-0.01796913267280833,1.1473489103619858,0.011724014419676344,1.8212055216432057,0.9941178713191299,good
1.78,0.027785482803685476,-0.026312807505897835,0.02067884632727051,1.081119399972864,0.00403937831478348,1.7561708868395005,0.9131125913571962,good
1.8,0.0465261160889304,-0.016664487376634115,0.02735418080034319,1.226137679824588,0.01537285936077286,1.782909988472486,0.9538307575587635,good
1.82,0.03165918517752454,-0.003955800382478036,-0.004090725007094791,1.2542664865503939,0.023696822258109478,1.7839590878507352,0.848700131655597,good
1.84,0.019798281702104223,0.000333847953715185,-0.012839804806386856,1.192698415614991,0.01563585914189578,1.675376854326585,0.8955920001321019,good
1.86,0.04814154916999418,0.02161102148028709,0.012063562114233758,1.210454930747432,0.031481445260385946,1.810317140747753,1.009325705223334,good
1.88,0.03330708193939162,0.00013690532786228665,-0.008546476295571507,1.259585627164893,0.038809883878335075,1.7985442897709232,1.0000096867200108,good
1.9,0.0012150614673460455,-0.009755110256205731,-0.0018519919169733366,1.2358359929104834,0.02454759974059129,1.7520831488480173,0.9252466110957541,good
1.92,0.010402534716393099,-0.014426295917027198,0.0001868329452851037,1.2136965381379614,0.008365287848664714,1.8593381960389603,0.9060346201436521,good
1.94,0.024770690020200162,0.015119253354007945,0.0010304898826890838,1.1572077634699143,0.025804057419099385,1.8040439995599127,0.9449888750485755,good
1.96,0.035953831452530845,0.02125542451692761,0.017102545918501955,1.2286679107584073,0.010301857092685456,1.8360694279593899,0.9350416925219883,good
1.98,0.020911884778177573,-0.00033544493320859635,-0.004988834863507374,1.1920256206883402,0.02303525237656217,1.8146921103490563,0.9435206726065138,good
2.0,0.043022773383289324,-0.030040065809057208,0.002101848069407978,1.1555056890048534,0.014808329951248547,1.8229387521390137,0.8165145302364755,good
2.02,0.017529699000007525,0.01997692598830559,0.0017975634245622923,1.2216476188056717,0.012321340778870184,1.8159174810066787,0.8267944296594636,good
2.04,0.002362805976817774,-0.013691804760802095,0.018310490024387234,1.2676498607660731,0.017808893146071633,1.845314939916569,0.900585451280818,good
2.06,0.020631419296674433,-0.0017041548870182913,-0.011146822294345523,1.1590042129452536,0.0182581916994921,1.8958539862084913,0.8167563884016276,good
2.08,0.012384074512850392,0.011462594335051446,-0.009849352879943936,1.234273375563825,0.013772960454364852,1.7841142160864845,0.9180995847969228,good
2.1,0.013039084233183035,0.0014024371628219405,-0.0064212043525826035,1.1289166358800735,0.018263237261709447,1.8497225108207365,0.9002055976445408,good
2.12,0.011445759811769304,0.005489090406071291,0.02231362775169185,1.1507228856453307,0.010581257261126142,1.7154086193019382,0.9597871780759563,good
2.14,0.02566319891664968,0.016906421215318154,0.01561793432422074,1.268221281141575,0.028545247514030613,1.7166488868392136,0.9105061358869722,good
2.16,0.004334303312106468,-0.013126970393548956,0.006513025153881837,1.1447452487331882,0.028271521512399082,1.796499685126905,0.862293312515829,good
2.18,0.016196192628703185,-0.0019487058903391592,-0.008227882596126777,1.1668136365954316,0.028974847426511324,1.8050580355095387,0.8194875967343851,good
2.2,0.024295368490277063,-0.0035095234754251494,-0.007372745751776481,1.2162869016539117,0.022813279467390025,1.898497963074495,0.919900005321643,good
2.22,0.03580990627284915,-0.013849809489514628,-0.007526822633143361,1.1848294215475277,0.021580704203094866,1.7919002384794318,0.9572292307005751,good
2.24,0.03306572342999578,0.006059029669603724,0.0010106638691740955,1.1661682136117295,0.021363610437575925,1.8250937963245872,0.8322733309444654,good
2.26,0.007999906651197182,-0.014822713807538263,0.011498311140224201,1.1789476574866509,0.023061240005588356,1.77129270517835,0.9730369673480802,good
2.28,0.054975423824448214,-0.0008371668689882384,0.0034575733054093096,1.2601507766693798,0.017723351883035764,1.8137251044565275,0.9024833699120884,good
2.3,0.03931373261858219,-0.009243660877590692,-0.006871676578562271,1.1260952207508017,0.022060055187488378,1.8186876972060437,0.8536485058421536,good
2.32,0.013793539804771212,0.017987845999863524,0.026592286063295157,1.1327169803995312,0.03169261750363109,1.8252420269969316,0.9341841360524048,good
2.34,0.03110039118801875,0.012055320031297945,-0.0021286930851054263,1.2272158192254048,0.017079850423253145,1.7999837998856778,0.9009721130284549,good
2.36,0.019101191314062942,-0.0025555559876588524,-0.013844127756790682,1.177346257004121,0.017251838385004097,1.8084448415186865,0.9435418732488846,good
2.38,0.010639455000236095,-0.01972696431610149,0.014891792251246838,1.249631773867978,0.028314263864173322,1.9517619326073223,1.0386008169584517,good
2.4,0.03180567807663547,-0.010148431032911779,-0.004589289092063866,1.1576872262169626,0.012724215093764648,1.8645224099294087,0.9453743988997385,good
2.42,0.009756393316663227,-0.03036155286787424,-0.0044083321915053125,1.2413934083011373,0.01006978399214276,1.884147099592549,0.9330206554586922,good
2.44,0.04067112319504201,0.040287755720358524,0.011016959684308424,1.2319320326257184,0.01718301014423217,1.7966137807919145,0.9042007193741876,good
2.46,0.04026589226953361,0.018578130680489267,-0.021146970781130776,1.2713154743103903,0.00840857108722989,1.7961300464057788,0.9516397971132164,good
2.48,0.02852877689128842,-0.006144479086744975,0.00286842098880045,1.2072792595384652,0.013339413684087666,1.714597345780542,0.830051601560656,good
2.5,0.02144683127551368,-0.019625533452888196,-0.01146927324395738,1.1614483591180895,0.04567374226163154,1.7716483097319535,0.8508013615376457,good
2.52,0.02095057255083785,-0.00974871618100964,0.003669633152772487,1.1947851745856353,0.019612426129627297,1.7978511988251615,0.9417904725180865,good
2.54,0.015132651228670139,0.015685726327635357,-0.01189414983781519,1.1309459356979685,0.022000508626638823,1.8041452311194723,0.8034780126243547,good
2.56,0.012787897151127419,0.008552254370443883,-0.00963141049273813,1.1732131033456632,0.004416869474988523,1.8056183624944617,0.8879350002800734,good
2.58,0.022290330035859618,-0.009636248397063842,0.00926521724581898,1.23923230348401,0.011975392848084698,1.773850207624303,0.8919031794759772,good
2.6,0.036015041275053464,-0.008823519650489099,0.004660563874043399,1.1245574689750968,0.029252564241843113,1.6893773684118918,0.936038854670545,good
2.62,0.035740804831487116,-0.014446354867292283,0.001838147299129006,1.1681177636967726,0.021530369966269315,1.8127927071008791,0.948322903918019,good
2.64,0.007335142642448524,0.014393331712816117,0.01342990342835393,1.1040340694708928,0.01638680116530739,1.887908823291522,0.9363847810069511,good
2.66,0.011426928906509643,-0.0061293694396945915,-0.02233103274898835,1.2381982133932556,0.02306224033723964,1.7546119937850733,0.9409532646651468,good
2.68,0.031091313718737763,0.03827443993794183,-0.026668964459809104,1.2231449317660112,0.03346285998351231,1.8546814062522503,0.8809015840772021,good
2.7,0.028869165664373832,-0.006467642967691909,-0.004364140670875159,1.2231645231075678,0.021217931671525678,1.8389196812950148,0.9138830474261792,good
2.72,0.03405253380331983,0.028418315029742,-0.02619516675771612,1.144889721881977,0.020929203149412497,1.855060638191956,0.9167222534703662,good
2.74,0.040271848947317966,0.006571189056812093,-0.004322594105104975,1.1547317971167588,0.015812884632832813,1.7989532880166144,0.931398357204922,good
2.76,0.006338631413970316,-0.0043303693208730865,0.011384889160575491,1.1848363057846412,0.012412748037537974,1.8000047254139773,0.9639082348881932,good
2.78,0.0054187651733127494,-0.013120561354634087,-0.02387226602362558,1.2577983663824321,0.025742334827031647,1.805911635042515,0.8982122567029164,good
2.8,0.012417432076088062,0.01278845445106061,0.003672216586100465,1.1806675024823114,0.02369528661480857,1.736377901484599,0.9094712477670043,good
2.82,0.028158174755042183,0.024819796124759513,0.005360298617085352,1.1562642582180827,0.007947211078267388,1.7820790209706852,0.8533764508102172,good
2.84,0.0221052313524588,0.007841210632105411,0.006193898147115681,1.2860460591503897,0.011078091572931813,1.8466993625451946,0.863964219573649,good
2.86,0.04351170203050825,0.0012236287606521177,0.011047811633665056,1.131621114424362,0.02743110150646069,1.8654286789917767,0.8814335745584833,good
2.88,0.03716305545905718,-0.00691420658098904,-0.002201452839751215,1.1103040353924478,0.02075054249298533,1.765001657304556,0.8853184292382478,good
2.9,0.0003116220779247669,-0.005223626330506133,-0.009505156561547507,1.176556196447654,0.013495668769814308,1.8743636483438357,0.8964796316743227,good
2.92,0.033305823399476096,0.005919152779356092,-0.007126771253952029,1.18358077975627,0.021076634831818368,1.8595147042748132,0.8025991405498517,good
2.94,0.04387193548756841,-0.025295187163370682,0.015668040516000317,1.2298121841735212,0.013833231973522798,1.7833934736381445,0.8888026997955982,good
2.96,0.043540173171929424,0.01959398667940213,-0.015228178641806825,1.2926917849326862,0.0,1.8250625808502712,0.9474898115522866,good
2.98,0.02936942437467699,-0.02665685919218176,0.001663607110876317,1.1605984705428736,0.03010818825284238,1.8840072410124804,0.8940960389577232,good
3.0,0.02913974263757981,-0.00452783502295397,0.0008855802002491818,1.13116599294977,0.013649102537165607,1.6714592005608826,0.8254965164550132,good
3.02,0.03898687891166115,0.019734105554989372,0.0047974314225864316,1.1446279507197232,0.019937081107406114,1.8003011270659146,0.8114709196172873,good
3.04,0.028758965745050772,0.00083975394430761,-0.005777172102173252,1.2597782432609717,0.0076509502984668815,1.8546563354875436,0.7970791326405271,good
3.06,0.017177940182957627,-0.007807287359746624,-0.005714204289759279,1.2123908109678578,0.0288295549256041,1.7786531025140009,0.9350252648660387,good
3.08,0.020201514127809333,0.016431041574329397,0.0230313106559195,1.2091006768755912,0.012774292639956445,1.8155539220130354,0.8609337082888657,good
3.1,0.02997953291024549,-0.030337655044010273,-0.015590308659648935,1.2272240290429781,0.016168021311723898,1.7092151486146827,0.955233759493165,good
3.12,0.007877062602419136,-0.008362980426843847,0.0018350522580500262,1.0252214602068177,0.027227536903483,1.7282919826878023,0.8923639479207043,good
3.14,0.025074212858862046,-0.011547617030959965,0.0048551544969541284,1.1600015541564888,0.025587463379690305,1.8145646937558724,0.9512935499305185,good
3.16,0.0299125881580833,-0.013518843307038392,0.0319850189158769,1.2414459132515479,0.034038204788468765,1.8535182589979493,0.8597350244466769,good
3.18,0.02468721631798458,-0.023502583408029496,-0.008639246780878001,1.1936229815897397,0.0,1.773299965363621,0.9243159383776209,good
3.2,0.020573699441836197,-0.03290497577639927,0.0031444831611630118,1.1321480033895397,0.014246838784219548,1.8103405084394795,0.8655555645624353,good
3.22,0.025378922731229273,-0.0020287451913812873,0.007572667394760885,1.1797455414619866,0.02632396850216992,1.8353532783745168,0.8461713313161151,good
3.24,0.019754838254698162,0.004572221554166136,0.00723348031901977,1.1873536288945634,0.02047422582994761,1.7839399162635474,0.9094761080870453,good
3.26,-0.002520225798868771,0.0005239023454652302,-0.00265151726061998,1.1440055377054485,0.03170959573962205,1.699553004123707,0.8701998004409861,good
3.28,0.01287188297772838,-0.010997447395216431,0.0002793997046738577,1.2123081487209049,0.02859311680001986,1.84797968970406,0.9594464406719644,good
3.3,0.004471110238059944,0.019033100549372753,0.0032907965321182136,1.2006793588890776,0.0,1.7800527373255006,0.9360012117277491,good
3.32,0.03920461728429824,0.013979622072352487,-0.029576016766900862,1.0981381423657144,0.0440049441523692,1.870436810783783,0.8451271936679949,good
3.34,0.04104418433689737,0.006268516313369874,-0.012635040403835339,1.2814324058069178,0.005465189955650627,1.722344318868397,0.7881448566640403,good
3.36,0.03137679892541159,-0.01208491013025682,0.013377456407287474,1.2036274141833205,0.014423219575799041,1.8712929073767,0.9803735304278185,good
3.38,0.01621319282103121,-0.004964138202963853,0.0012470124821283722,1.1628683401607955,0.01127736798697486,1.7993041655704936,0.8073921660200298,good
3.4,0.037998323659382174,0.00016285959688206657,-0.016356023179836008,1.2121151924856879,0.013699155954531118,1.8137651636629775,0.9104261938335912,good
3.42,0.030686643256414382,-0.009427181341048328,0.009605473641631564,1.1971296011701271,0.019830129846259467,1.7403944178229915,0.9135188535007221,good
3.44,0.011576745221494465,-0.001493804453375983,-0.00021072036960049446,1.2115311005566471,0.017453337567283858,1.8252612672695294,0.90991515269431,good
3.46,0.04467861736587606,-0.021713150429138062,-0.015566757521181819,1.2310223851205604,0.008650152325758864,1.8427916982905523,0.9311168656019205,good
3.48,0.01690744791629041,-0.0272813155132071,0.04239181573928798,1.1616779597308382,0.0073799287071839755,1.8664798227773167,0.9607334936393932,good
3.5,0.038165155432844294,0.0037651422958705828,-0.018958579182293486,1.2119057563816775,0.026797385726863132,1.8038843117792525,0.8396705353609311,good
3.52,0.031459993726976915,-0.011609867044547828,-0.0048323031162461755,1.2163035473766108,0.013444524486768306,1.8059643500690246,0.9224913461498377,good
3.54,0.026682130970769075,0.012177094095227086,0.0061692896804019575,1.1743062928127397,0.03492959373685271,1.768646871227281,0.8724061394777599,good
3.56,-0.009676492176302584,-0.02188046967546608,-0.007558755363005849,1.163716481270298,0.016602372790918987,1.7548621495431325,0.8987437776279813,good
3.58,0.019323087591842317,-0.005929471907545734,-0.016599525730353178,1.2339561008454907,0.025895030342010267,1.76232566052191,0.8617481633347662,good
3.6,0.022318988997888648,-0.03686991606844712,-0.004233240679589313,1.2056273079870252,0.018386843868245812,1.7444759975326787,0.9448443319237737,good
3.62,0.043081519436787154,0.022244884802607143,-0.022143936223203285,1.1347042684013962,0.02166661350321627,1.797960329945304,0.8943789422775416,good
3.64,0.03135195463313349,0.010123485155206233,-0.005746754454302707,1.221497726748972,0.021970247935763142,1.8541889250664236,0.8564216447052747,good
3.66,0.028487349501800426,-0.01618924943539326,-0.012735471891151262,1.2261589089459435,0.016259178834954487,1.8120792120582507,0.8955881803203268,good
3.68,0.04000191274537387,-0.011371091226174242,0.0037570921321080078,1.1586241795656758,0.01067092623414726,1.7683908425785073,0.9795821722045807,good
3.7,0.020604067746699622,-0.024300937937989864,0.00287231936031434,1.1669338512795506,0.00447659304995341,1.8247263464204133,0.8631730179570755,good
3.72,0.059182156942563326,0.000959447066199869,-0.037374475042246086,1.2906684831038224,0.035042939704546916,1.8097383316875726,0.9442941673647237,good
3.74,0.039877414193405125,0.010904649450143722,-0.009684064617299752,1.190253110972842,0.016673159109759042,1.8702180106218484,0.906035575372325,good
3.76,0.0179336470292095,0.0042589908089853135,-0.021901001466503856,1.1418371873723248,0.006615377320838934,1.8552469375417797,0.9247419390033284,good
3.78,0.017604291888128915,-0.0034677858859407046,-0.030177583101085474,1.3178910055303366,0.013571462744354123,1.7633905438391184,0.9910482756775854,good
3.8,0.037938724312249095,0.012230779223919366,-0.004966512955577104,1.1452075868028617,0.030838863632541978,1.7842172202092692,0.9471886013032829,good
3.82,0.018870181000206272,-0.0026235017040397548,0.010975053292946818,1.1623290816643854,0.012757137282810731,1.8218907473960613,0.9351819019842575,good
3.84,0.012521557339318447,0.008060611116199736,-0.007265723261967927,1.1591673051397728,0.024668907213321257,1.806200271828029,0.9522574589025858,good
3.86,0.026208791780479506,0.005953823214412571,-0.0003834566147529388,1.2369543525507678,0.022769906753933967,1.7841437259818518,0.8571154958486068,good
3.88,0.03131543370417706,0.03315684021229339,-0.009934137956285232,1.1779850530955314,0.023729500091226277,1.8032185719146208,0.9209965919142602,good
3.9,0.023235818341997234,-0.010585404636144737,0.005129777869954167,1.2728637746891132,0.006895767350077121,1.8515357965103385,0.9096724533122086,good
3.92,0.038557307775727995,-0.006925752072928696,0.0020669255792480448,1.2414545197343694,0.020081219493601355,1.7989871498613266,0.9641796017737024,good
3.94,0.03142123020452449,-0.026637099580804378,0.003490875746668715,1.119805761017308,0.004121382572349494,1.8092128985805318,0.9047503809417785,good
3.96,0.020513280792842207,-0.013445713036740758,-0.01640831634892651,1.162555491360915,0.0038578485252396995,1.8100052442635628,0.9568727966684317,good
3.98,0.031274776615152856,0.01087717029360245,-0.002307811593591791,1.185283609413137,0.030568839397268118,1.8176336719530641,0.9327114457821579,good
4.0,0.030904574958417263,-0.011896487895407919,0.0030317147626680667,1.201645626224929,0.013101950912310287,1.8538853923141776,0.9337978849823725,good
4.02,0.018695533377635704,0.004578389878865363,-0.01165706000119411,1.1841858149429025,0.010268597218753452,1.8548192692894123,0.933482747574909,good
4.04,0.028235975105924765,-0.03176655672067999,0.0098477395205709,1.217851902814778,0.018690685498497204,1.7209014392404767,0.8760897544282497,good
4.06,0.03004252706457278,-0.01844475053489881,-0.0005340394763696009,1.1294796907180642,0.01776552344475943,1.806701588163649,0.9024582114666809,good
4.08,0.04004222617066572,0.01850061132108601,0.016374323969987573,1.245611599594435,0.023216170922928516,1.7989728718214961,0.8171661863318208,good
4.1,0.007713912606498277,0.00926023802578679,0.004126065655715612,1.2017129610966757,0.007012032508075567,1.7489207754700107,0.8595940413707499,good
4.12,0.023145788333719008,0.008579741113548957,-0.008988481410749797,1.1387773139637078,0.011445610516102447,1.9379917596034322,0.923233059367496,good
4.14,0.0019454444288656057,0.027229141004381955,0.025316255963286256,1.132556448219344,0.0250415097538856,1.7937386852199189,0.9113667693287696,good
4.16,0.01324063293115821,0.007838283570587898,0.00258138220440643,1.2110259452854815,0.03791252622086194,1.7548346142623366,0.9860027466414972,good
4.18,0.014690640377932803,0.0012220278717953524,-0.015804849700444403,1.1528971910115327,0.02406358966851748,1.8279752272566243,0.8671541588030567,good
4.2,0.046961608662988555,-0.025901919869353616,-0.0010258484401247582,1.1969415373527261,0.023459510679681096,1.786352653409119,0.9405954868783177,good
4.22,-0.0001878868080546619,0.008103318170759911,-0.00894811424911594,1.2076685621627632,0.030111884141850134,1.8293496331554056,0.8815577230577812,good
4.24,0.015202723653578273,0.009087776481374021,0.010000106852481306,1.1521135317324105,0.003587607506959148,1.7526159474582397,0.8644518048037687,good
4.26,0.03946680768682654,0.01816139898540039,-0.0014384401433851408,1.280659957721595,0.005175494919382868,1.8237838774103294,0.9044639211709968,good
4.28,0.04074069816293559,-0.0033310099015926783,0.0008112734091922823,1.2447546316686742,0.007494013628869501,1.8105203918700614,0.9459952787476794,good
4.3,0.03754794236506293,-0.03944550546424728,-0.0017114836322484142,1.2177118158648579,0.01708928577140786,1.723681087181451,0.9178886810425463,good
4.32,0.01631157061022639,-0.02390367632390481,-0.0018535599416311568,1.1619089653222678,0.01723860715595187,1.7471333042629222,0.9273629031938155,good
4.34,0.033018416182060674,-0.0026239425932383944,-0.01594669936145455,1.293506879549007,0.015045596214160588,1.7928970126136061,0.9235531484433117,good
4.36,0.011276693009373171,0.01246448990479071,0.00828929853285662,1.1830891538325456,0.02028620355193664,1.7801348700526147,0.9375558920903605,good
4.38,0.03502360451689149,-0.02123404338416993,-0.0013970266377735085,1.1168693065543565,0.025890256611994004,1.8281394739787067,0.862406236582714,good
4.4,0.04766760684501977,0.014341572393365802,0.013111167003630924,1.187084966880258,0.02636317619788562,1.750127181603973,0.899610377575696,good
4.42,0.020869162324009226,-0.005338041334488332,0.014027231644853323,1.277948432786189,0.027872532651043783,1.7716765886437358,0.8736424313203647,good
4.44,0.02145894968808906,-0.004589946330015876,0.0012113795785630235,1.2484227252486129,0.017352367683300618,1.715558703004946,0.8867698465783075,good
4.46,0.04113625934092273,0.027222739623049736,-0.006455175265145756,1.1806403197070703,0.02038564861927956,1.775216007838721,0.8944968310037522,good
4.48,0.007778512150317428,0.011776426600527821,-0.01886816720402195,1.189634349353965,0.02434650711060695,1.7480254827799508,0.9153049802485966,good
4.5,0.016659548482731348,-0.02311609025499164,0.0154134301719968,1.1219499109170492,0.012871661614291107,1.7299683983164456,0.9637757284598067,good
4.52,0.02636606307005712,0.0072876545190889,0.003730529366458422,1.214102147394002,0.008099220202225265,1.8163048018509647,0.9308000640766978,good
4.54,0.01811884633022456,0.01216536469550869,-0.010921514109162592,1.2564470596186672,0.027296424159713874,1.7881534942581592,0.9085776951324898,good
4.56,0.02480704634865002,-0.00547454875083383,-0.027093024588627248,1.2097855586261048,0.025721184862866044,1.740888551193516,0.9467407192938817,good
4.58,0.034184510118733545,-0.0009272562778673895,-0.0021095516845972546,1.1524304569033288,0.029216288626600098,1.921183452993123,1.0334104697399662,good
4.6,0.04876666135060263,0.007433965532413293,-0.023764648575049407,1.1084318318399793,0.027519515674452433,1.7639553774895125,0.7873348462425149,good
4.62,0.017024561751778616,0.03306710615026214,0.004478278609693442,1.2218074199872835,0.005855236893556817,1.795289607610617,0.8802188000299017,good
4.64,0.043606500788050034,-0.016530514296313158,-0.01648516963954792,1.187600977942273,0.01486208412674473,1.7606884911705598,0.8629415311206521,good
4.66,0.015307563473406638,0.011290297640692632,-0.004529493232728229,1.1230650915485096,0.017297080796560435,1.7670255342003127,0.9747978071675754,good
4.68,0.02513097769407647,-0.021026733516873296,-0.0059047265411780485,1.2694438388275677,0.018944939421955645,1.8379080795448948,0.8492783046670389,good
4.7,-0.014286061267935524,0.028881128145308032,0.005341723751503591,1.1161048065455212,0.0323345265792609,1.8551981967849431,0.886624328735187,good
4.72,0.016150886408681592,-0.027067998283596458,-0.007695805882832523,1.1309441284474726,0.025637225865850495,1.7310824100860225,0.9660997485793628,good
4.74,0.04723758399252409,0.004623550180125634,0.0033680110751111384,1.2241660233870557,0.030731626664918563,1.8096601675506179,0.8727003458319719,good
4.76,0.026364267249345878,-0.012134026220875206,0.012276558289942209,1.2099583387306598,0.027443676257177727,1.791470921529811,0.9062288848073387,good
4.78,0.028521239187903325,0.00019409975947784787,-0.01817196402181569,1.1664942378432674,0.019378010582962388,1.8738639438641231,0.9770228888836939,good
4.8,0.015985619109802552,0.009479595644000912,0.01649917472804507,1.2309988530487748,0.011431279652192346,1.7374776889846777,0.8750877422749822,good
4.82,0.04015653727297211,-0.027439698413765104,0.02527315869406958,1.1737866891425264,0.020414434740229907,1.7719560944363169,0.8481059596989885,good
4.84,0.03779819090460892,-0.016505885318421523,-0.02214475603608405,1.2194825199740067,0.02007072364875793,1.841003557813007,0.9625875569727751,good
4.86,0.03553106166450624,0.01102771922494465,0.0023455078979409535,1.1931329067095626,0.02362666100905158,1.8675282291765187,0.9202324349502689,good
4.88,0.01358507304696311,-0.0014878797961729254,-0.00972614173411409,1.2338577315935826,0.016948918684197782,1.8700098155363252,0.8832953012564319,good
4.9,0.006288817732025688,0.018041695571788762,-0.01437496939529766,1.200076617855498,0.01065727050043529,1.7967683121032922,0.940727422848522,good
4.92,-0.00022137529970388476,0.013618877333092737,-0.008063524580239652,1.1403310938907296,0.01419225094511882,1.796910036611752,0.9254706352516797,good
4.94,0.022878705248452577,-0.0009245455675565693,0.01993741369917149,1.2099884896549848,0.011501818515312186,1.8077787702393802,0.858055706029301,good
4.96,0.03117745005318077,0.006410577303861426,0.010940602584401146,1.160866012833291,0.005011810566186988,1.7994371005327319,0.9050507368912347,good
4.98,0.023458737842596417,-0.004833918822106953,0.023559347803366305,1.1910318832252977,0.01424631099028929,1.7545389111895373,0.9392025869630306,good
5.0,0.012301251158985657,0.007643868924157877,0.002265366126073826,1.2110527012021741,0.0026614546332358255,1.838985251552568,0.8722497155582126,good
5.02,0.004526408618907722,0.002976836662720141,0.007749840744857109,1.1964864908983874,0.026434906125150554,1.7825513950780973,0.9543384148220578,good
5.04,-0.003289478692126977,0.016906863728893367,-0.0019329789638698497,1.1839978573318637,0.023681004155673507,1.775810209167069,0.961032226432165,good
5.06,0.003868117303404481,-0.012259511410796455,-0.004383553543943297,1.1359932198554987,0.008303841459102297,1.7836294660173546,0.8461095558441649,good
5.08,0.0036528133060759996,-0.0033359201504997546,0.015893691748121812,1.1860549329763095,0.008817845241797288,1.7525459785949176,0.89838683785075,good
5.1,0.045301472841360296,-0.0007817868708579501,0.005266306208360892,1.1933860556985607,0.019567346757153437,1.7832248402506456,0.8092135586103686,good
5.12,0.02149822286530397,0.0030624278775722327,0.01429618385605112,1.1343691132388685,0.01710861799182974,1.705281639179556,0.9507513522379542,good
5.14,0.004225224707626529,0.027087408893688027,-0.009298483841866982,1.087307656433846,0.02455384759758437,1.8302619663871686,0.889400263201652,good
5.16,0.02221538198170327,-0.025411913108607624,-0.014683123526158694,1.2170272152807469,0.021251058613051602,1.7981702302908755,0.8617075897880029,good
5.18,0.026336295810586885,0.012240827596452767,0.022825392969618562,1.2061084084370164,0.018987415798370776,1.8604003648812546,0.9689852460037329,good
5.2,0.04002719038586747,0.006069112711691263,0.0007771958896242011,1.0920450777574104,0.010137071016796468,1.7349503565190174,0.8064415809403724,good
5.22,0.010770241794471076,-0.008841217301583023,0.026684513513825708,1.2338736353918796,0.021186059130877916,1.7574779301456096,0.8577184389255418,good
5.24,0.009463215552916402,-0.006532631828228003,-0.030030062452520604,1.2771219041690927,0.018362821322775606,1.8014847913233973,1.0096186771679432,good
5.26,0.010552534121664353,-0.02422140221403678,-0.011304652617412538,1.2105242301437302,0.022529503445361795,1.7329350632513283,0.8773840430613247,good
5.28,0.03407179603155865,-0.003487011581456859,0.007880926961359997,1.1171344503862501,0.02683442637905662,1.758206852407418,0.8949327303641694,good
5.3,0.027707232722152225,0.019843598826561247,-0.005877367328544294,1.1985059066471777,0.019132419182419053,1.781358637886584,0.8376263087815513,good
5.32,0.00294850240858006,-0.0004501662269757257,0.010265479936590806,1.2527686577217267,0.0066099310397305586,1.7430321332650494,0.915269423583822,good
5.34,0.03076566855165476,-0.020508606577574282,-0.0106528890791311,1.0853217881397765,0.033223131131200914,1.767949274581708,0.89975483728904,good
5.36,0.026466454599726397,-0.005762394709032632,0.01040191949895732,1.1996501952953966,0.002146976600061107,1.8420478535745886,0.8549824883906398,good
5.38,-0.009102674307464647,-0.003161723456987602,0.0066800323101996704,1.1806791894729174,0.016535954825254648,1.82868594469465,0.8991770542036661,good
5.4,0.04309415878931614,0.009933789212018594,0.013368027903510389,1.169189031221943,0.008285117197749516,1.887833904271603,0.9419071608792282,good
5.42,0.00828204628970029,-0.025856140947555402,-0.01870703746572595,1.2114941083858908,0.019724245728581134,1.7954626099238125,0.8811825275214606,good
5.44,0.010453126875737243,-0.004024514917306543,-0.0003922974547278658,1.1568781623937126,0.018741549802167874,1.8059280822174342,0.969865044571983,good
5.46,0.04221466797421561,-0.010484947248903555,0.004161123337473684,1.1742599260246396,0.0175031503993324,1.7766337100524545,0.9049549924781604,good
5.48,0.010971262894264451,-0.019873217091931638,-0.0015782780793279017,1.1141585014032136,0.005883293812963977,1.7911275615888895,0.9268689790617538,good
5.5,0.015024943546851856,-0.003499563806508165,0.02715861995307379,1.182345884529795,0.011796776890842417,1.8022575843676554,0.9482111685370866,good
5.52,0.024663243937470103,0.014244391113624535,-0.01557566099284051,1.1541832447426172,0.026003210369724562,1.8223969293371507,0.9147228027408668,good
5.54,0.03414825584394789,0.019420512562757595,0.028104490720146834,1.1648888077188257,0.012338849690910807,1.8451894904589112,0.8276192463356505,good
5.56,0.017198603790899266,0.012209439877606412,-0.003080831014691957,1.1809949855962842,0.03099527458308232,1.8659982841002485,0.9142763973518858,good
5.58,0.029009635590764447,-0.03112356228424222,-0.024232939487994726,1.140216123575805,0.00816810444425376,1.8359634668286573,0.8869949298618355,good
5.6,0.033377450146588834,0.002655569361469916,-0.0033970221139873543,1.2383599442463455,0.0319960774487171,1.7747791025842874,0.8404393703017594,good
5.62,0.028990656732897108,0.01760230928991045,0.030228140762036396,1.18891458607706,0.032244434322861316,1.7842477143263946,0.9045244397212424,good
5.64,0.0395039077834196,-0.0044719840356550735,-0.00032893479196663183,1.2028563792692346,0.02535486564221461,1.8078009988556796,0.9509871367003055,good
5.66,0.024095375416433067,0.012548485892677997,-0.008561624690233737,1.2102317338304704,0.029703602043693225,1.8216723376292892,0.8054947185221857,good
5.68,0.045955251354383685,-0.019264043016442713,-0.0004791990146672422,1.236181463147772,0.013512398539489306,1.7743245274161608,0.8840562269707176,good
5.7,0.021991498416099684,0.02772879609986566,0.0029848068606572824,1.1702404394420258,0.016629407574704335,1.7725335327955443,0.8850488902836793,good
5.72,0.018095465970079244,0.0006679584850688877,0.003000580633186513,1.1475559100518775,0.02021603758266001,1.830840020113752,0.9462577845317763,good
5.74,0.0376786906732863,0.012926789886822769,-0.014711059083409885,1.1886987662235753,0.015678293480539948,1.7892696780874666,1.001698194832439,good
5.76,0.03025071162104971,0.025458780152098053,0.012976360892309814,1.1972192251652853,0.031180565763377015,1.8052849836449836,0.9447504986235333,good
5.78,0.026471787794986,0.016703008391290877,0.017089931430452017,1.2687858548436965,0.0037401275388125113,1.7442714391643697,0.9243204777386398,good
5.8,0.03134788702162723,0.007178926879634758,0.0007166023571461783,1.2557921117229256,0.016782272317629875,1.8183199793353766,0.9364558784841539,good
5.82,0.032281387757772416,-0.0031878786057442867,-0.005695955230570017,1.1224367228218612,0.02656991525704216,1.789264042156935,0.8827363357265602,good
5.84,0.01893013745922045,-0.011588427828955689,0.00027216899592511493,1.1646626933079587,0.010727769355451978,1.81711403860449,0.9736930059580889,good
5.86,0.01496098962782877,-0.01746326377987781,-0.010451073230245366,1.2178045007540859,0.03507611005878018,1.7881238360048717,0.9466448562868462,good
5.88,0.015441802035055307,-0.012401975009619025,-0.024715071981342353,1.1560027945739941,0.034486355215428734,1.7707560346636515,0.8837070678660616,good
5.9,0.044623259599993206,-0.002367943691345973,-0.01224514158557292,1.182770837239928,0.0148329332042175,1.8510656096607532,1.003436169023148,good
5.92,0.00944831505582897,-0.02910958872964604,0.02433799569408818,1.142772259929481,0.04194661480722264,1.7883286604408888,0.9604090232455826,good
5.94,0.03321038549893728,0.011262850784912803,-0.023783807833364257,1.1501753778400774,0.005380693413126025,1.8071753739541072,0.9157768969389749,good
5.96,0.004264648802178189,-0.02135131841882486,0.02254330714209296,1.1689852018212936,0.013651419623021405,1.784298276314648,0.9571786322702233,good
5.98,0.02541058667161761,-4.2795748482011585e-05,0.01841827466153696,1.2137948780655,0.01690340865968777,1.8090311124690257,0.9236094299086837,good
6.0,0.04030013145539608,0.020128535903545207,0.009512031301618188,1.2146256940434137,0.024362249829571796,1.6968884576001964,0.8374145854211681,good
6.02,0.007349110039359527,0.025296331669980094,0.009010360491968086,1.2680341996498763,0.020980566244250903,1.7920246093160856,0.8954968415817979,good
6.04,0.018827951419393685,0.011558239924916051,-0.01378064541663543,1.100735774612821,0.018427326525412464,1.7982557359069815,0.8529448282604735,good
6.06,0.008960343976431515,-0.004251841992550104,0.0051437503146545445,1.1977839711283844,0.015907396159098183,1.761193891416057,0.8774558862799982,good
6.08,0.013984586524440436,-0.024842966716710286,0.005617386823269439,1.176771104397445,0.015715032672135226,1.7535861602191594,0.9802665269410635,good
6.1,0.020652544363422707,-0.030691058155391443,-0.005450634408939748,1.1778396126624917,0.021011509822542504,1.747077364094173,0.8678287731027762,good
6.12,0.025054438032987864,0.012268784974339511,0.004691388944508775,1.1981954668701555,0.023981416065424838,1.829359555398733,0.9058137640851662,good
6.14,0.015462418713962258,0.0020613769167562696,-0.03477033405500863,1.2232020049568122,0.011766335672848053,1.8161069192746002,0.9241494303741156,good
6.16,0.0323825475460287,-0.0007549767243998822,-0.0026275341801904333,1.188263192823125,0.0023334953291913076,1.812239135630641,1.0307235086509687,good
6.18,0.0423637479448282,0.005343117546904808,-0.009184205166895639,1.184835352844577,9.698500855754091e-05,1.8299914524464376,0.8430232137075654,good
6.2,0.029051515835281986,0.011043763380824858,0.0034050456334789882,1.1347084249337467,0.004713228610700292,1.8418203781896807,0.8635730486542598,good
6.22,0.0053016761400850885,-0.0005626058301535269,-0.00846082242043671,1.2574481994959674,0.015983923357265152,1.8483368655272199,0.871167275445998,good
6.24,0.03491761957324322,-0.003975141116123818,-0.0005502417778101834,1.1580897067313267,0.003032001103635506,1.8284911449890988,0.9416350262368093,good
6.26,0.020058801147820923,-0.005361843936596542,0.004211595872664515,1.2567488992777234,0.012143118086971683,1.806768667537286,0.9086660316892969,good
6.28,0.012046007531758236,-0.01028614471284231,0.0077594406404804155,1.2114418342806625,0.023753549149630356,1.8445442231489118,0.8086611182368811,good
6.3,0.009619500930038447,-0.024516343226427505,0.002685952742873546,1.1947721151682502,0.0337718023940614,1.9105227041529982,0.8513902213155136,good
6.32,-0.01319434886785571,0.0021139528757775287,0.023758114904583676,1.1025152756209087,0.017931340897209193,1.7648205698491066,0.9166621086783171,good
6.34,0.014058591032107456,-0.005136927278286579,0.0016111588348479452,1.1610815874104217,0.0303609112780421,1.752751839208258,0.9109704527236612,good
6.36,0.01123524691575519,-0.006579572933736884,-0.0018131920012068724,1.2378446793602533,0.010689025016129464,1.901454362068024,0.8569763510216226,good
6.38,0.009735793581389152,-0.020120887729515025,-0.022903280491351204,1.1738036380889965,0.010184455123684957,1.8257932949294688,0.8774858830860658,good
6.4,0.026707138526359236,0.00643564150010841,0.009330980321889674,1.1884213822152891,0.021480357753265455,1.7921244745747933,0.9039352421093815,good
6.42,0.016759185469740756,-0.003287970694727212,0.015612436322895202,1.1301293513090358,0.031565494035453154,1.7678404150599678,0.7955595848794061,good
6.44,0.03202111707442079,-0.002288238033183387,0.002963551125651619,1.2206584882674025,0.04037533209131086,1.7643492054928647,0.9572674801073706,good
6.46,0.052357963540156024,0.008572877852075392,-0.005312494125707378,1.1814088596924663,0.014790302038976818,1.784251358910122,0.9565294228838742,good
6.48,0.034195255139339596,-0.02740425539185898,0.019779316560299142,1.1897105170257647,0.016998735372604403,1.7847644073185729,0.9632850832475292,good
6.5,0.008029279676229841,-0.00408749260402654,-0.017285932853952822,1.2563130043757285,0.015500123771102478,1.6771797368169223,1.0084372593194137,good
6.52,0.019818401511180046,0.02167657783151045,-0.019648162363163385,1.1941393078761922,0.03746533288637435,1.830598091155879,0.8425733541480888,good
6.54,0.03359649621707707,-0.0034281095826880245,0.005475218653529302,1.2133027126523708,0.01970740634107894,1.7770791707220912,0.941009665006928,good
6.56,0.05122337378922236,0.0008226369050380315,-0.005816752414348625,1.1921284023541556,0.013770976677809823,1.7283639435523734,0.8876839552017018,good
6.58,0.02807132042059369,-0.029535301515746584,0.020836767216688198,1.1411668468051346,0.03213591329947965,1.75644310940859,0.924393788782479,good
6.6,0.022300171353956556,-0.010261186697018781,-0.0071761788398164396,1.1846738034666384,0.009466827541472041,1.871005136382513,0.8981864466943275,good
6.62,0.04268483870422311,-0.0005788748765109292,-0.0006027117937280665,1.1919120598186703,0.005376439940553193,1.778551089478387,0.8840704775737354,good
6.64,0.011394730736367778,0.009156165427808277,-0.0007009984469657312,1.1972496155077685,0.014585419662492065,1.720249034285765,1.0036135513484106,good
6.66,0.023684868360877236,0.0030597503788378035,0.006371868502012505,1.173745571830689,0.010818221114796635,1.8494072519953626,0.9018766775035808,good
6.68,0.044631046493704245,0.01986424252299912,-0.007488797426431911,1.3167765639386833,0.032362952588790676,1.7833862099011168,0.8782250598375053,good
6.7,0.01364059835214262,0.006094518548248363,-5.274646558162836e-05,1.2232657284192483,0.018418831648959383,1.8052048334986461,0.9154788886158226,good
6.72,0.00011892907581113832,-0.0035375381546376493,0.007337433609779272,1.1749930015293817,0.031083743851443392,1.7899575659464477,0.9039704117710812,good
6.74,0.0383857522359976,-0.008164450119844797,0.010418843037060152,1.1287669036568826,0.03526426505992567,1.7274171871601587,0.8104026999598719,good
6.76,0.01750446669982466,-0.011223902240798304,-0.0002697547652769572,1.210509952581038,0.02892841964688076,1.8721293233598133,0.890279171950854,good
6.78,0.03186064821855181,-0.005468955562183447,0.011070084420613531,1.2081130012659702,0.024528534550589003,1.7815383116491377,0.8561033260004577,good
6.8,0.028885552678849433,0.028557898894097763,-0.012709132917791027,1.3534706086501294,0.02518394687746875,1.8463933974680593,0.8285182461785543,good
6.82,0.012698056110040894,-0.008086751052599348,0.015998946478907584,1.1494373375631233,0.012957372685243381,1.816767100706821,1.011790435493306,good
6.84,0.03080381327730906,-0.013311895178540421,-0.015907239958630033,1.1786190326580597,0.0,1.826696127108247,0.9599570908248123,good
6.86,0.010685600122108512,-0.0021002577447151727,0.006238032907776672,1.1505028510512572,0.02494094581249351,1.8542097912045765,0.8760401096174435,good
6.88,0.013005608249268955,0.011648653214644243,0.011921386172947796,1.1741892969984518,0.024254646816254145,1.712506807449624,0.9424460709515824,good
6.9,0.0060848124782031925,-0.011358725463777837,-0.03142329610360558,1.137113764791818,0.011332473597606661,1.8822778619826555,0.9375349931918218,good
6.92,0.007204511951916753,-0.0010348304506630462,0.00018480425638482182,1.2058039515240215,0.021311734972337137,1.8201587755446336,0.9335298140749665,good
6.94,0.03077173253356064,0.015981363300040335,-0.010074848637093016,1.2130135336394745,0.029779027059636268,1.8338671501262922,1.0205834190463259,good
6.96,0.016326954430145924,0.009534501571247665,-0.010676393962125393,1.254589561334159,0.0054229785919125625,1.8169487159516247,0.8528982190282044,good
6.98,0.025761710138957287,0.002169024632388713,0.00912206633548403,1.222297508812787,0.036471129751724514,1.7166621447152302,0.8958912595375557,good
7.0,0.023656066339717036,0.02322239875079398,0.006632572971898299,1.1374550663493306,0.001780352351657518,1.7864846361720739,0.8994238372416284,good
7.02,0.017347945723430794,-0.004209481857346556,0.01627004679253965,1.3269160929237767,0.0249264461898933,1.7274962487274936,0.8629384054139566,good
7.04,0.024068192238542202,-0.0039828987433389385,-0.0029134709650333723,1.1863636627926653,0.02156274348179532,1.7115235190612013,0.8440309570490543,good
7.06,0.03936016773070667,0.011508003805058759,0.004093558753831491,1.1693542990963661,0.024778900673691505,1.7957077863487694,0.8880201558786959,good
7.08,-0.0006568787893872302,-0.028994667620100847,-0.012649286517136874,1.1472839149096001,0.017985234595958716,1.7431742202648994,0.9513057378857102,good
7.1,0.01919631998107248,-0.0024884368782731206,-0.024148577831627573,1.198907063366691,0.01483105972887254,1.845242280978599,0.9076573365520091,good
7.12,0.022892617644464198,-0.004386378415772416,0.006402151167930954,1.2585174404803638,0.02691441298791148,1.8337189946814734,0.833910266045186,good
7.14,0.036736085835229706,0.009584181915281164,0.0036698818729906713,1.2430496868224759,0.0,1.8070884680350014,0.9582413165728887,good
7.16,0.009187389663935723,-0.016703809463910528,0.004556186317429464,1.3371114716381294,0.02764580025669561,1.7948536034146605,0.8874901156689706,good
7.18,0.025909679933256897,-0.00624883858681515,0.000615442002463169,1.1524510685208063,0.027995199855412548,1.7820341199357557,0.9044443611369684,good
7.2,0.03663819759661713,-0.008779564546427728,-0.01023492984564457,1.216513636035689,0.020065053044490706,1.89237290099505,0.9204200457790239,good
7.22,0.01868916230182549,-0.014303895281264188,0.02706442966308477,1.2208652942931473,0.016107979021446908,1.8022914836147361,0.8415671156344793,good
7.24,0.047792317887800355,0.02367892732718331,-0.004035223758069349,1.1749427286010552,0.038599697092694896,1.8418035597183195,0.9067436657873322,good
7.26,0.04439065993707986,-0.018359008740100425,-0.016564515008350773,1.2133044085135982,0.02471621114311648,1.8573134284642152,0.9805776936480916,good
7.28,0.022755906885109155,-0.011114021193398214,-0.0036055037431410512,1.1954939226289878,0.0017227049040313101,1.751366076764582,0.9564411869559768,good
7.3,0.010932167475773233,-0.01700718208102338,-0.0099764187406408,1.119439766821164,0.02287815524216603,1.78845731661956,0.9440802156733493,good
7.32,0.035848992251673366,-0.0010040350221310673,0.011778481146259212,1.2058223359934341,0.012834062297351366,1.8908952171875635,0.9811148970512473,good
7.34,0.016264571443204905,-0.004839150399720258,-0.0038110110209331454,1.258869332167203,0.01629632315313695,1.722266196890449,0.8384684475297244,good
7.36,0.024684199882092757,0.004339817219774781,-0.01845012980191531,1.1975549362444788,0.021880852911352416,1.790096715363799,0.9364267561986771,good
7.38,0.028722583520776963,0.004437839190499459,-0.0016435587833531985,1.252762983114213,0.010153590398310677,1.754092316067422,0.7982517944174661,good
7.4,0.041423032566654416,-0.0026331930810184257,-0.026210633583515594,1.2851432566610523,0.009236647889352535,1.7495547706607952,0.8594566269106676,good
7.42,0.025427427810330052,0.028164976959219,-0.006998838566134667,1.2017756361795857,0.014380681620191026,1.758601287640374,0.933155440283755,good
7.44,0.03153072426278351,-0.015024491728132743,-0.0064250247446831135,1.2073319735155257,0.01443022194765602,1.838308664697539,0.8689887377438019,good
7.46,0.0258653319039112,0.01340299936435639,-0.003155537622606457,1.231766343168423,0.02938955560396924,1.8455408726262235,0.8716575266625536,good
7.48,0.012368970017663204,0.026884918212233672,0.013034162774051172,1.1781040659025248,0.011400963924872068,1.8479340977115728,0.9487861596558288,good
7.5,0.019053784173849262,0.026890553777104583,-0.009254086846323607,1.3263762674233226,0.009727183067468581,1.8218141014146276,0.9076862719812678,good
7.52,0.015801588642712184,-0.006436410885413605,0.0023824714879253366,1.1289177862207536,0.007517952761806666,1.8142351042484044,0.8575884902637099,good
7.54,0.03932687654392546,0.011528283262333114,0.00747596073363935,1.1843810792389835,0.011412541633465965,1.7619091254733301,0.8667316673103915,good
7.56,0.015589147699633734,0.03339406980198408,0.034444813688397594,1.212514025470515,0.029702520182228388,1.7739821826636244,0.8764857711668604,good
7.58,0.010979233670516144,0.019899008285854,-0.014595899466581297,1.14855455287319,0.01304287187672577,1.7916974964702161,0.9478815506371514,good
7.6,0.03138773558317387,-0.031153071916246836,-0.0003317590229184846,1.135671565355645,0.025356828565576677,1.8220579721472658,0.874046070366328,good
7.62,-2.4099827195724093e-05,-0.007128663796286272,-1.619761125608499e-05,1.205156426491556,0.014641227351034715,1.8266663574970172,0.9425048281134945,good
7.64,0.009631622345540027,-0.0069499441967123265,-0.004832422976789293,1.1179009880805666,0.0042361819076397675,1.8122361574586978,0.8909800766585929,good
7.66,0.03440811946821647,-0.029036065728896363,-0.0038991327561103866,1.1703342926916245,0.02839913416088232,1.834060926835496,0.8120784954088207,good
7.68,0.03097545801129565,-0.0037578931247402537,0.0063373993634565084,1.2315260671623953,0.011636448916163883,1.8005881090369804,0.8938825884150611,good
7.7,0.021005790190116305,0.01684930401954029,0.002622922115064798,1.2236929983031324,0.028750467434022,1.7934428142071122,0.9112600375354732,good
7.72,0.02042042062552334,0.0019315403959154897,0.005956650620276219,1.2018276715978846,0.03035816470687304,1.8048714952756832,0.9344676386175859,good
7.74,0.0242461760434501,0.028749847511804587,-0.0030701936651595808,1.2483105471706812,0.0251800517338882,1.7026482204265756,0.9911413733610434,good
7.76,0.005049197843833843,0.0052054159498757776,0.017577095055247138,1.2443522973156251,0.01299344307565861,1.7642965888197568,0.8643017536070354,good
7.78,0.011771564956792935,-0.017815437112932517,0.015088700313480845,1.0972089692282334,0.02564436751796843,1.7619199137249684,0.7877132831662228,good
7.8,0.03022624422641684,0.0031044094423319873,0.004380902236526392,1.257445324300394,0.01631734851738107,1.787991522707466,0.9369021183409617,good
7.82,0.02401440611652664,-0.0051362281615460826,-0.03654017520277272,1.1754566322194564,0.01546095345122121,1.8282373281172797,0.9598196660899915,good
7.84,0.034771043576055156,-0.002968718630428305,-0.0020551249013137946,1.2528630792686994,0.03643348720257249,1.803562340225309,0.9441806696511472,good
7.86,0.03694396563313335,-0.00078647467844729,0.0024133130426719656,1.131504282359149,0.015854975214197785,1.7280797558262593,0.9467150651582823,good
7.88,0.04058821521950366,3.772501846871692e-05,-0.010966597288091219,1.2362619004335125,0.030060726912266543,1.8033763778956897,0.846815610976889,good
7.9,0.013134840494306611,-0.007119549553207075,0.008242751270143778,1.120020261579215,0.018561523686061867,1.813790241512575,0.8910401446578168,good
7.92,0.036124588119471356,-0.0012957271039118327,-0.0063675540651338056,1.192983156432097,0.034497321681476026,1.9194316027211091,0.8552815946593139,good
7.94,0.05022257199839053,-0.023351673433266707,-0.007329253632074142,1.3120454818390703,0.02137556765766925,1.7834028123406287,0.8055187620324035,good
7.96,0.02022212783867024,0.01673886042923419,0.013501904926490525,1.0850672897195721,0.027712566515020895,1.7580037473905927,0.9423050659920438,good
7.98,0.01939538099984206,0.015195121718724147,-0.008916269125539538,1.150687748913083,0.025634482774166495,1.7625686150154207,0.87581940042898,good
8.0,0.015185752770898116,0.002861323376668182,0.008654182168999757,1.3194779089472246,0.030893642951693317,1.7588236418535492,0.8808927680822403,good
8.02,0.009491191228671389,-0.008506593157425265,0.006737304712296661,1.1767969665436682,0.018799990350644863,1.7920790531701598,0.9557715708247141,good
8.04,0.04206446062733076,0.008288382438224797,-0.02054236690918179,1.2085403513339168,0.037124059982384855,1.7800068868832366,0.9316855240955956,good
8.06,0.010833872523226299,-0.01524656703565851,-0.007823549177191047,1.2989345585782386,0.026153741654377054,1.70783356373222,0.894025317683961,good
8.08,0.01047765825312953,-0.010227943995862514,0.01609621097188546,1.2416463218699592,0.02394428827567549,1.7448908369466696,0.8710917619146429,good
8.1,0.02028638495100908,0.007242257135154897,0.006286534339975807,1.1703884337823325,0.006292612020355503,1.791996772025615,0.8498764421966335,good
8.12,0.028612758785376502,0.018116629801516803,0.02267844150693651,1.2373581469783888,0.04087768372780043,1.7973551903644847,0.9216749654119679,good
8.14,0.04635969055519209,-0.029227028362332465,-0.01333263185404991,1.130411998728097,0.03082893067666366,1.8441527345902522,0.9334739545273347,good
8.16,0.018026800168137347,-0.012866742287681327,0.017065064483004475,1.2391444401468943,0.017009939271316287,1.7924786628050866,0.9067351447620068,good
8.18,0.036220673069668176,-0.0040832199327645825,-0.005130438084309034,1.251327975590675,0.03229542447386735,1.8019667723878972,0.7981847631866353,good
8.2,0.020499417764091175,-0.0019043105752024172,-0.020774102768044467,1.097667231468426,0.03896518755986562,1.7080914575148793,0.922553799911238,good
8.22,0.03335926251105465,-0.002898139364064856,-0.0012197554266146218,1.2210125253738997,0.031565003981925084,1.8054650188330927,0.907193766411308,good
8.24,0.030735221956516727,0.010906785322652488,0.011681735356065355,1.243378463298198,0.03542417712451086,1.80342044713815,0.8897645285683717,good
8.26,0.017221571275544068,0.005481430449569183,-0.02387100094603679,1.214383496208517,0.02911597745386947,1.8777753662597416,0.9194948415767346,good
8.28,-0.010267184289049592,-0.011464060911459116,0.012802259570052347,1.2186510963355415,0.0275104881163757,1.8096248676001587,0.9085482030569078,good
8.3,0.009137980517337342,0.01814386590177386,-0.014996841593602846,1.2712692553977765,0.024691056941469745,1.8176768122671922,0.8960654479767511,good
8.32,0.021865838649043366,0.012152490399908265,-0.01452876750942007,1.1574325642887935,0.0,1.7467086377698224,0.8704603504067306,good
8.34,0.03047612162359139,-0.006127953912367703,0.015866833212213233,1.2146251589857278,0.01445177179088067,1.7694652162676894,1.002127670103049,good
8.36,0.02811343514335828,-0.003457147729428936,-0.02187359922046139,1.2644800325407581,0.023436340329092004,1.7981525402702836,0.9399668879059149,good
8.38,-0.005241711338179688,0.011213623053847694,0.006609655254350321,1.1956559584752724,0.03842150554167921,1.804119523173983,0.8733668781621934,good
8.4,0.0075785178754063055,-0.020009135852627626,-0.005627289874669061,1.1095298842286614,0.00951018738627721,1.6908922259441983,0.8363417892468739,good
8.42,-0.009038055918800967,-0.008414561886774483,0.012354049787978985,1.1338429250970925,0.0241629215562822,1.837101654425827,0.9075644078195838,good
8.44,0.036711708395328266,0.027670870959636676,0.02157775285127054,1.2686823223299082,0.02710700507927678,1.8782293422281877,0.8875558625976879,good
8.46,0.03311015886066281,0.0069786752566157045,-0.002064613042390469,1.0931769500111157,0.02047794416767823,1.7724569485977133,0.8600359091304285,good
8.48,0.0233310219475065,-0.0016111534041953937,-0.023395798311925634,1.1919642941682196,0.01712937743010535,1.7486478980183162,0.8528588847739373,good
8.5,0.020142028446980063,-0.01290197203070547,-0.0010689204513801088,1.3121073863712183,0.028441289123726635,1.7802333225698201,0.8003860600846109,good
8.52,0.020117254008392715,-0.011771649008003721,-0.0042358630117132635,1.1615519392590614,0.014917626754693011,1.7848766742656983,0.9667640053589113,good
8.54,0.017955761049608387,0.01841249843152857,0.023384573675527227,1.2227779637069147,0.025067650113740673,1.6995710858870017,0.92870391788545,good
8.56,0.020233556150843594,-0.010967450333965793,0.03935867720872011,1.2031528878099764,0.02412782631892828,1.8040580707929765,0.9719985535215994,good
8.58,0.008864412184047358,-0.005276601900583723,-0.025509866736751974,1.1885438322205426,0.003777336822243106,1.7452287901942316,0.8322410577406479,good
8.6,0.030272432689599473,-0.0031328882696035117,-0.0019491122754377852,1.1688562981178803,0.025162774824811905,1.8803469542531872,0.9490845149913552,good
8.62,0.032459786058579375,0.009091103023750314,0.0025458303543955878,1.1997408311211892,0.01554347259555203,1.780056274711767,0.7794733494966313,good
8.64,0.02331886666858819,-0.007304679822160366,-0.004113558070796543,1.2037424116470838,0.027737085320540138,1.889996260954748,0.8348259982698198,good
8.66,0.01194260175252256,0.022572312471151827,0.011836817088518253,1.1872983146261786,0.023580522211825612,1.7731005316053254,0.8818901719018328,good
8.68,0.02198144677657927,-0.0009236898638161176,-0.007938325516218198,1.2288303924517152,0.020544410081619717,1.8698511871474381,0.9087040932636006,good
8.7,-0.0035934172787805935,-0.003278036407796948,0.005675987967736981,1.2636762570907951,0.007676130901335091,1.7764355825758813,0.9651441210623384,good
8.72,0.061788529368632224,-0.009765177707098236,-0.006305890503481746,1.2345272574381465,0.0336657897004594,1.8780350088529303,0.8840343783691872,good
8.74,0.04526223682314925,0.013439930854892314,0.006839769602675796,1.2607367730554255,0.015330938554747259,1.8197240910923116,0.8216790582409869,good
8.76,0.00038844027620081595,0.013018890645836891,0.0028910446918997998,1.1626634241591114,0.014135707735725896,1.8589403669936844,0.8683484832025337,good
8.78,0.015681408170126112,-0.01054861024362211,-0.002678608293315886,1.1735232488351903,0.00974150623185445,1.741933388238682,0.9340543434356404,good
8.8,0.03884372371147719,-0.010173083155372043,0.02514431355596828,1.149269684461178,0.031496711237683446,1.7694482771392888,0.9246425166158678,good
8.82,0.02636002597199112,0.00177432996663303,-0.030456666888969624,1.2126403095352323,0.03261409069140794,1.9380208824611438,0.9628430128262262,good
8.84,0.04928469363816351,-0.0014125148064837514,-0.01139020590888895,1.3025171074598612,0.04064642128009304,1.827042501482613,0.9245293289984361,good
8.86,0.005723916822024338,-0.013072221853834531,-0.01792256868986007,1.2002588583127922,0.014825338589781589,1.827434090894122,0.9174242333490087,good
8.88,0.024423415445322793,0.01806663286877898,0.03229564269598323,1.2374481232888486,0.023401157170602503,1.7809609302721614,0.8423835704320184,good
8.9,0.02479413667915651,0.004259035302301167,0.007322536461235517,1.2774922957610095,0.013874233861003043,1.8050673826117527,0.9246474122354803,good
8.92,0.02033968356145434,-0.018286441867199164,-0.013937998531368977,1.2806770361017334,0.017380054492092473,1.7131778976930705,0.9537250518688526,good
8.94,0.025392470362204347,-0.014149070917646472,-0.01177971422594925,1.2181787578762409,0.017083368175073693,1.7427854707634647,0.9077932543961191,good
8.96,0.01687920041575663,0.017317551194800915,0.013733964459095699,1.133526732467876,0.028250953152936645,1.758290432609314,0.8624910659062797,good
8.98,0.03231021342801093,0.014299311658141536,-0.003959777054237352,1.2112288269984932,0.03654333009044436,1.772121240502943,0.8962979452932638,good
9.0,0.024728506892877044,-0.0018878281380924353,0.020966894096667327,1.2191642641668383,0.022574907268811187,1.7624964037375068,0.884039706430651,good
9.02,0.002743318825303463,-0.012112667842250017,0.009432426380729775,1.2392034855553729,0.02380680938562448,1.832565991163727,0.8512330969688074,good
9.04,0.019596085959511914,0.0010296502736292855,-0.01723316917528178,1.181181175162703,0.008848602053331758,1.8381367485913338,0.8106612543748989,good
9.06,0.05102070993772176,0.03146907931345997,0.0064603976383009265,1.2416585064015653,0.0027296874864063507,1.7679522493210262,0.9699776972675058,good
9.08,0.018525937431863482,-0.004334642002260258,-0.012942028142138635,1.1932076135478453,0.01018349771340986,1.8229667041952164,0.8266574362531237,good
9.1,0.02461900818243769,-0.001530138159180138,0.00993002541658825,1.2792967085360698,0.022291639022748895,1.8841530194330363,0.9464154874295504,good
9.12,0.01426465050873503,-0.0021916218003598473,0.013926076262458517,1.1730588491777043,0.02325203155089674,1.78136264386641,0.8600302700840574,good
9.14,0.023342490876258042,0.01366177793341173,0.007288975052652938,1.1148705930425187,0.02050314736831148,1.8161560651840623,0.8648573044536089,good
9.16,0.018405995276864567,0.0033371425681572114,0.009092852672731327,1.2011076568127501,0.010606830409517194,1.7628061440454297,0.8730180619270391,good
9.18,0.0004816473198446726,-0.005144143670051647,-0.02016575180120269,1.1436870480360812,0.053820518211751836,1.8511679827665941,0.9045764657203327,good
9.2,0.008658447896540855,-0.02488949716597829,0.0030419866809682826,1.200358878384805,0.005994065875840988,1.7463075156429233,0.876409920218742,good
9.22,0.016580787655869615,0.004314779751677718,0.003972353168007786,1.2536006932279429,0.02282830094631447,1.8039255219895445,0.8903970726059974,good
9.24,0.011918219658506876,-0.013590450014905168,0.0025517671590600715,1.1836503235049811,0.019642365004608194,1.7805657199099414,0.9926288087136165,good
9.26,0.0023318259005484583,0.006849319337845457,-0.005968646386918408,1.205726228675955,0.008617523016522289,1.772360228242499,0.9174373488164016,good
9.28,0.02211091007107763,0.01402275369630335,0.00836189065240927,1.2007524832888485,0.0325864105526952,1.7256071571544473,0.9699052690562793,good
9.3,0.007120409336816506,-0.0077180502489079305,0.005149517262210714,1.265809262338641,0.021566661232181174,1.8618352404359255,0.9906824709966662,good
9.32,0.041248435702593934,-0.004527181174793187,0.0035794039667258483,1.2123828365108604,0.018099684446070453,1.8168546377205907,0.9149301319548109,good
9.34,0.008171057984956282,-0.008300895544819066,-0.013860745228485821,1.1077107908978572,0.007894363653674923,1.7965848239512654,0.8425404403919213,good
9.36,0.023146166983533476,0.01948248460496659,-0.00409246196001712,1.0900879355565587,0.021371208662292165,1.839873717928523,0.8687118244249554,good
9.38,0.00852566117434869,0.01949503830733171,0.005820628051562143,1.1501392875905416,0.0032822200403672015,1.8011659143684322,0.9097170277182293,good
9.4,0.04050422877088212,-0.00866877700399887,-0.0068962977331284495,1.143130998522964,0.03120496650024434,1.8364488180885632,0.8609857171226526,good
9.42,0.01356097955997856,0.0008243025310379337,-0.007618690552760951,1.1970759030739593,0.017661149949510603,1.8967138205056262,0.9439851078401963,good
9.44,0.010873235592054739,-0.011562512256090231,-0.007508708495611245,1.2558611865977105,0.022271309129765996,1.838246495534204,0.9663663429174425,good
9.46,0.019168426750438398,-0.015770772823546417,-0.008354274613963318,1.220663860836146,0.0014614080857204038,1.8207987292230605,0.9329927982903784,good
9.48,0.021245383299961677,-0.015784605289582032,0.007524337575064237,1.1261080570124753,0.016523230728854504,1.8414932502761383,0.9352730468661447,good
9.5,0.0008779479670976219,-0.01628622129383096,-0.004738617751360202,1.1774261053881918,0.026288590107924392,1.8591345086478077,0.9659489152366374,good
9.52,0.02957240754958031,0.014667161570934992,0.025746810637691773,1.225422515577985,0.012575888854729647,1.7208162769485054,0.8510028066350849,good
9.54,0.014573713137108164,-0.008761753673915611,-0.012623792241463929,1.2280838343519782,0.01739295354398285,1.849642556823918,0.8485338480011136,good
9.56,0.029695857421422923,-0.010408982213144808,0.024444849176526354,1.234039253739953,0.0,1.8161906265535264,0.8813963175058253,good
9.58,0.041294056555097165,0.00835317738924988,-0.032367406862708975,1.2808320611972734,0.017276108933169138,1.7584259271640774,0.9411980725057173,good
9.6,0.025654023757551426,-0.014762204362375912,-0.013297113308597189,1.2424210505890885,0.023183981815292774,1.8414429362751878,0.8582959751518657,good
9.62,0.026916303718575445,0.008545468588594896,-0.006738666662236424,1.1731343271895227,0.027902859219101517,1.8007705531473923,0.9718505042927075,good
9.64,0.04377278729544204,0.011169598175931961,-0.004521947115952215,1.232756931617569,0.021210680216236212,1.7954276950811499,0.9319001435091013,good
9.66,0.026432754263262886,0.01411910969070515,-0.011198717160368885,1.2142437454741728,0.000630941604103926,1.872632827701145,0.881139345085114,good
9.68,0.013056201620929849,0.010920325014431635,0.014237385216367093,1.2280786859936637,0.030479996961145894,1.7944054992729481,0.8471677941962836,good
9.7,0.022235077685939523,-0.0037560862821989526,0.005531185299919146,1.1840932111070823,0.009551388701482626,1.84817021958912,0.9095430132739548,good
9.72,0.018487373219178278,0.004868418346833879,-0.007844464996702577,1.1941642039736706,0.039800660221730066,1.8336960676514282,1.0061383926040728,good
9.74,0.03586821389337439,-0.01865641266032727,-0.02647159126924615,1.1693353787439975,0.0010842765829674021,1.757585715153186,0.9606191602705991,good
9.76,0.0257167604970298,-0.005724728354391202,-0.010898865141828182,1.178426192730671,0.0013614790757982935,1.8574636887209455,0.8746734642199379,good
9.78,-0.001265991257586062,-0.015075869020477957,-0.004941304742354908,1.2753159620074077,0.0275471225119514,1.791063076474134,0.8811090497779789,good
9.8,0.006652018932415806,-0.01751292012938266,0.011568436237018392,1.1961635579767627,0.023625776785028,1.756306706507032,0.933615042486619,good
9.82,0.0258723133866986,-0.012357458097539228,-0.02048819436538867,1.1567433531248459,0.040619662116344456,1.8015002496304278,0.9378728277822066,good
9.84,0.013039716711536626,0.016640099377139048,0.009369603618480814,1.1868668326918164,0.006328497910538369,1.8022724949237114,0.8392558791733453,good
9.86,0.040320032350593504,-0.012877352656106416,-0.0269217034189565,1.106914656106003,0.0106227884153568,1.813192649167816,0.8980635043553872,good
9.88,0.01225047944636985,-0.004392986078309001,-0.021815357009818796,1.1912751110332997,0.020437808970907207,1.6544261830839302,0.943938123401498,good
9.9,0.008423062870883768,0.002064601672067468,-0.017813286346990146,1.2431387772608726,0.025775961304654874,1.8332842673038745,0.8667691820807498,good
9.92,0.009799088796351663,-0.034046901474724764,-0.00027361223964876644,1.1919844326537914,0.025379101720244483,1.8153793210127378,0.8829001463343992,good
9.94,0.005944124665255375,-0.013294753155981007,0.011804154026509502,1.1698488551026416,0.020804196870574856,1.804010648615156,0.8255851320142321,good
9.96,0.01997129340571002,-0.000556580860362416,-0.00154265659061801,1.246269499140147,0.014974924530691856,1.8704651669346302,0.9562363772409086,good
9.98,0.02732072477489117,0.005470842927133438,0.011618155068175167,1.2503157953005284,0.02979455701819607,1.7833471626523614,0.9104625838998273,good
10.0,0.01414100004804988,-0.019052510026146784,0.007451703077067973,1.1816980727162396,0.02236824374746629,1.7925775827445618,0.9757798904239686,good
10.02,0.038989840669427685,0.002432418457016633,-0.0006727140127369911,1.177769304237326,0.007335597159985314,1.8671240510804992,0.936473407147838,good
10.04,0.01959708585536005,-0.0011316077648580389,0.027016245783439523,1.1438081695010673,0.011364296610264309,1.8110240079968583,0.8561103858530619,good
10.06,0.03591009731253817,0.0027475864146983735,0.036171151196844144,1.1878327702014078,0.011628695771055183,1.7414446728045891,0.9131852874681059,good
10.08,0.04807367028296271,0.0008515306310532334,-0.006540717018614605,1.2130761356574096,0.03226774621317434,1.7966193516417839,0.8569471474467405,good
10.1,0.03071969334441974,-0.0027445357709191655,-0.01126073226664116,1.220779259741796,0.020392909175271694,1.8001998510368216,0.8837602360186466,good
10.12,0.018262130573209353,0.00373340168965178,0.011267110952801728,1.2134165223827156,0.012459480963050724,1.7116823758919502,0.9679225839701988,good
10.14,0.006638938307461021,-0.013001548389034131,0.01358974981687385,1.1916498863572882,0.02522469259010136,1.7641943643626992,0.8817861387353739,good
10.16,0.017855958735806532,0.01881811682966695,0.00693773375108717,1.2810441538387292,0.025185789044226692,1.8063859041037242,0.8826794715845528,good
10.18,0.01217834735850705,0.012054480884022946,-0.0049693938190937285,1.1622449087066016,0.01630735649102128,1.8007678963424942,1.0400235547658632,good
10.2,0.022574000185531778,0.005863096154035004,0.0062804348001165395,1.2278746798084434,0.04366357679008248,1.8406307564299749,0.9606559219087364,good
10.22,0.04930300222557166,0.028910987397094412,-0.012048376422628636,1.1967053571900477,0.015467107566073873,1.742953236636973,0.9312071756241646,good
10.24,0.05059188172553811,-0.004814515851899265,-0.015926513810346953,1.1486310700260138,0.0139921272710381,1.8098183075029388,0.8635932467385258,good
10.26,0.057230585054947124,0.010544734050540577,-0.003097247855732111,1.1633402725097108,0.03576142848382162,1.8578366124845178,0.9129810883881341,good
10.28,-0.003613539262623197,-0.010838031394563333,0.005693404298772689,1.0773374662603932,0.008746835476851842,1.7677779860104852,0.8455172333210771,good
10.3,0.014918716894665274,-0.006151244566464684,0.004406711311847412,1.2317632675612915,0.01855958595060081,1.7313080027620573,0.9746329388576968,good
10.32,0.01985889592167868,-0.020732872469940513,-0.006951671533262489,1.2155046783257717,0.018427004794881713,1.8543125233274909,0.9066596875145592,good
10.34,0.01536558669299335,0.013009006074926643,0.015704694552159115,1.169245222220165,0.03898791074816786,1.8393746731131249,0.8856859549834584,good
10.36,0.01388749238964899,-0.008736569244539106,-0.01396761954986667,1.250140753915781,0.03142061259938739,1.8005440695434851,0.9075410663229133,good
10.38,0.022329930550421193,0.005180338801296044,-0.009154710566720337,1.1911316651910375,0.027860049855003715,1.7814772741293354,0.8783984439329142,good
10.4,0.02294009982019981,-0.01574624879210734,0.013949141497214046,1.1847620502320795,0.001175118647148407,1.7832374716249801,0.8342379444570376,good
10.42,0.015611472716678194,-0.003370317883525913,-0.0016040800067283903,1.142741811853684,0.01992816554418977,1.7187051316829718,0.8506130520861346,good
10.44,0.0426232289864294,-0.012999941536593533,0.0036830937371292827,1.1506457139420492,0.0018866329942066086,1.8782984703743337,0.9291857477762712,good
10.46,0.033297194554613725,0.001433401346584592,0.023777333537233537,1.202327082963044,0.024862111358319,1.8395757185376482,0.8926029500449715,good
10.48,0.03946627448635747,-0.017284985504431756,-0.01717935236500738,1.1695662782880913,0.010622290347530908,1.8868842789070142,0.8965107775310414,good
10.5,0.035452193330110154,0.0095990554523753,-0.0030401426634087962,1.250444023779766,0.03043612875029465,1.8277129201517397,0.8379915449096512,good
10.52,0.02931138313587863,0.01456905823856856,0.006954143449703699,1.1238498006410573,0.015604322319256153,1.8645723056962602,0.9512783621492915,good
10.54,0.02020098598539686,0.0032733634542222887,-0.00776733197821732,1.2313045525088486,0.04974603891569174,1.8559853736718965,0.8198349725347167,good
10.56,-0.006051505052324418,0.001095042343337365,0.0020590296822450434,1.14500570642825,0.017917934178973523,1.7577737814075574,0.8414474282708408,good
10.58,0.033840497176549265,-0.0017555905979510457,-0.009976296497740567,1.2145533794303542,0.014300489786726319,1.7705683688945566,0.8302863103149756,good
10.6,0.0460559681453029,-0.020864340489652657,-0.004665344596847005,1.347028996438744,0.029008390825658672,1.7951763400359502,1.0000592102707082,good
10.62,0.041816875637876734,-0.016250433482726208,-0.012854357232024046,1.2287397905114932,0.004758285642271803,1.8006347958308855,0.840307500058095,good
10.64,0.014010308231935059,0.012615043166291544,0.021760359382142862,1.2425767603541191,0.023474668064515487,1.8055654502886955,0.8591678654738026,good
10.66,0.013584779103534443,-0.022596369525366287,0.027956698461462703,1.1956312460631882,0.02310278716551008,1.7573587176460281,0.8954982721438798,good
10.68,0.026396908301983123,0.0024879373893477454,-0.016557488922860655,1.1724210520119032,0.035216175143368,1.8539228822788443,0.8758100476518277,good
10.7,0.03637570600572272,-0.009304075258199424,-0.003962969820446905,1.238791769874063,0.01865706247981413,1.852890892814941,0.9263605231394969,good
10.72,0.05009687740999239,-0.0024448908492939706,0.005675750665126266,1.2317742854320781,0.0022727458749075453,1.823280452981711,0.8810532513072709,good
10.74,0.03650523119872518,-0.04536868393377581,-0.011056058011086941,1.1686047844973568,0.02077772624013589,1.8117120772988582,0.8581005145936759,good
10.76,0.031147458159036266,-0.005836035281753814,0.014030937057132178,1.1919220483111825,0.007382730127942574,1.7281678090142178,0.9080457029296433,good
10.78,0.018424522534628108,-0.009523670507671425,-0.013861377762524645,1.1775669285018109,0.03521488626236758,1.7783058408219785,0.9791668225277622,good
10.8,0.021436846051587344,-0.009074445473951169,-0.007156260413778553,1.2425296530415497,0.02595350367060826,1.794055538854218,0.8790797337879183,good
10.82,0.0054176010551821654,-0.017918134904384504,-0.014568936463287687,1.1200413015294874,0.0016790324750240969,1.7687642589780979,0.8997071731589739,good
10.84,0.041669803989409705,0.006532685693638658,-0.011894831362753749,1.2193843964673456,0.0275163846172967,1.7681627607770984,0.9070203681220952,good
10.86,0.03432906700791467,0.006349101328356948,0.010666760981201586,1.2819538059092412,0.019290901071200864,1.8141058021197012,0.9290229140120576,good
10.88,-0.021945597185263687,-0.012825361768031947,0.03864242667840383,1.0945461183094967,0.016226702891979375,1.7196940049391232,0.9437758800965563,good
10.9,0.0036234424504114444,-0.001289392499251504,0.015682390757456827,1.1804181983211461,0.016158512778167423,1.7334309463406679,0.7610300938351301,good
10.92,0.031079737354274047,0.00348897582177034,-0.028036214774324435,1.1059751929998023,0.011134206343962614,1.8263740349867619,0.8087075605601683,good
10.94,0.02179280186071372,0.03390365473679594,-0.0015950262109098057,1.163671344899116,0.024131634434242096,1.7469750458194833,0.8309815383505774,good
10.96,0.03583389319706302,0.017703111478561177,-0.006889078658285973,1.256510297444669,0.0042246010397726935,1.765747719927434,0.919354695547953,good
10.98,0.033712545252595975,0.0078045232101456264,0.016241065511991386,1.140981495898614,0.024916436255175183,1.829142483318386,0.8792545244723061,good
11.0,0.034953758902521385,-0.0052854094560055714,0.012405417463988749,1.2889695988199144,0.004969376702246054,1.825987673316652,0.8491049504173993,good
11.02,0.007980878244796425,0.0023617678823088786,-0.004732957435504115,1.2094692891561514,0.02113541592441019,1.8722052854558193,0.8871768706858326,good
11.04,0.026400685383788723,-0.019014067688469662,0.009046175539186586,1.1655035755990488,0.01499855848419494,1.7799247225750447,0.9481665548551818,good
11.06,0.042792417740104775,-0.018944600979269782,-0.002973956649471881,1.1703356156477953,0.02437712034480435,1.7729312026889499,0.8512035470802877,good
11.08,0.03277711150192235,8.096546902146825e-05,0.008684706497616467,1.1471325299683914,0.016741313150874938,1.7861898312950568,0.7945161228500408,good
11.1,0.03821494986728463,0.014967844991381351,-0.01015059029469344,1.1639403971236268,0.006664483386463615,1.7534926518417586,0.9083223068189016,good
11.12,0.006280090503239122,-0.007304002671224775,-0.008539838980916063,1.255153420583205,0.015775467912872432,1.8528754663538785,0.9415081498082669,good
11.14,0.022719359883304317,0.0047001743116997265,0.002269303820264371,1.1034752289889231,0.03379122503386464,1.775613431027962,0.8621422780563792,good
11.16,0.004002137142193037,0.005187029853841311,-0.003301034581643406,1.2168745695892274,0.024554603964023296,1.8495323058585948,0.8948154094032079,good
11.18,0.007119040313669881,0.026200376910767584,-0.0008512665386269478,1.1790599621267173,0.013176220913176825,1.777292545969498,0.950645976037615,good
11.2,0.01292812248705807,0.018393926629283498,0.003910961369501029,1.0446071501183876,0.010785806276613399,1.8743136407399068,0.9312129023452245,good
11.22,0.017411434221098303,-0.01447486360069719,-0.03246545744760842,1.1165146775755403,0.01207938398196451,1.8509480799474982,0.9845349671326019,good
11.24,0.0313027889855543,0.021694733173035063,-0.0005344928657948755,1.1223717362638965,0.01570341812586928,1.836520784267124,0.9315710299791022,good
11.26,0.03846518570573628,-0.005498191872229231,9.773141191030647e-05,1.1182671732952723,0.03635296545059501,1.6962758944623673,0.9486384122804508,good
11.28,0.0367718285555421,0.0037635842171792233,-0.008486521556712196,1.1480985476273133,0.014767818392069774,1.8473166173338136,0.8775958597369206,good
11.3,0.013904908585945619,-0.002474711574307146,0.017102620656625888,1.1713969046894759,0.020489475894172094,1.7088884862789544,0.8365411856348859,good
11.32,0.04447980417922095,0.007445917912110353,-0.001722626750910145,1.219684736252227,0.008339558362607026,1.8256788102545165,0.9354796372576933,good
11.34,0.02824045762398658,0.019086190533144386,0.010016167187077372,1.2105319080582801,0.022392162246155905,1.8165874538275755,0.7948020463428532,good
11.36,-0.005158104330704108,0.008965787164312598,0.005035199766882176,1.20082944209967,0.03667355379435684,1.7984567702646328,0.9655186796829828,good
11.38,0.009382371541772624,0.021763318390028787,0.009151845064837329,1.24271162007966,0.010490780189180026,1.714121905082789,0.870043256577206,good
11.4,1.6639283279056887e-05,-0.022495215721014258,0.02048573993252771,1.1356795760096636,0.01555341397745783,1.7979913500906253,0.8733889928369251,good
11.42,0.026779357306525073,0.035058147872000414,0.007421199141452472,1.2001832420149456,0.01331978491223772,1.8502624157322,0.9877893085352922,good
11.44,0.008237940937794353,-0.0024972124224544577,-0.011219235711816667,1.3131706598381072,0.012439956087097508,1.852448231161432,0.8726300112478583,good
11.46,-0.0024974585681452896,0.0033586128578750756,0.00649263187689287,1.1549650851802657,0.0007480499682866668,1.7803112376307004,0.919832124982977,good
11.48,0.020920879273127288,-0.011388771103077509,-0.01707578433898146,1.2239871069580992,0.012922790889059647,1.7801580977850977,0.9599505103589273,good
11.5,0.0079547186058804,-0.0025104043915630324,0.008235341445069341,1.1935421654486926,0.020045228336091854,1.7222390940279166,0.9078354398809666,good
11.52,0.00350478841790267,0.000897710064652296,-0.00927520929855884,1.1504527214370146,0.022338502268752194,1.7319751339330258,0.9688929114177787,good
11.54,0.030839313695693652,-0.003974928704730574,-0.009710371416795366,1.1610936981835702,0.005563251694453422,1.7953522766264496,0.9371495769055423,good
11.56,0.014069278573349907,0.00013360311915739447,0.012768995084585462,1.2237708254628603,0.03645636490606291,1.7933223576948263,0.8802489506552782,good
11.58,0.03460877928721857,0.008974135285627495,0.011340005106781657,1.1964507209087636,0.009408046934176266,1.7574988356651637,0.8254976112511081,good
11.6,0.022963835375759033,0.00016159013677806373,0.003324708932168505,1.1856025546340492,0.007821768635955292,1.7781515877529162,0.9600473019415965,good
11.62,0.004262612407596242,-0.025955087920679985,0.0043315872373780265,1.2133660861091196,0.022056046495604418,1.8033603210980627,0.8717920155235669,good
11.64,0.0201770652443712,0.004265146239391512,-0.007680037873557684,1.203922543440186,0.029161642198530645,1.8391963604921093,0.900301520090695,good
11.66,0.015346278380490151,-0.007333476442875529,0.01611960097867624,1.2466624342724162,0.00978352215397022,1.716321544978695,0.785918721586343,good
11.68,0.01087986064448697,0.015817080107040585,-0.001090931436684395,1.2469615966144503,0.010830179582172502,1.8524154312090464,0.8766429413325186,good
11.7,0.006701803565446508,-0.006147093834550655,0.01012145957257832,1.2160297546009033,0.02068270719933069,1.8378180058293048,0.8813614044563329,good
11.72,0.03451754369577739,0.009616927564179499,-0.0003859024069294284,1.1867673695476726,0.01601493220613347,1.8364178706948209,0.9346002144469489,good
11.74,0.0384817543954585,0.022239833878846735,0.0005662891605678179,1.2696177000656352,0.03097992636386726,1.8114903740564268,0.8685616097625022,good
11.76,0.011234475773847365,0.0041640405886432,-0.010347022315476273,1.201656476702175,0.034635357134539135,1.7673447936375875,0.9363735532192509,good
11.78,0.03258072330021998,-0.02242165663833581,0.009025501487420748,1.260738699035456,0.005696418958256509,1.7688731839039598,0.9047350221590584,good
11.8,-0.006159282844062504,-0.0013007483237201679,0.045186311370375536,1.1669191169433009,0.019758939456035962,1.83069633414246,0.9013569515434191,good
11.82,0.01503617276062476,0.005668607145267573,-0.0032912301753007657,1.1672582461121412,0.01434514639202862,1.7283445173870366,0.929267350058245,good
11.84,0.013615327254834194,-0.014694235280340277,-0.002061221443404184,1.2673161950402108,0.009665325820662105,1.7450310596880936,0.9219619984730832,good
11.86,0.020565294835522226,0.009544298877423031,0.010288635886266924,1.1595137100508777,0.020684332380447108,1.8239943046482796,0.8885837610413264,good
11.88,0.024661824491653408,-0.01449365893505887,0.02293055454350056,1.1721909218418676,0.0,1.8091545092177204,0.8164398447495975,good
11.9,0.020188870620680435,-0.0171771157352108,-0.009447066069633168,1.2200279433184622,0.012724681487411129,1.8708070428826624,0.9251531413261179,good
11.92,0.0287888092310308,0.02920996100939615,0.0033611216962856857,1.1980486024093273,0.018414880021852244,1.8170250825040957,0.8749371024128988,good
11.94,0.0149995943249585,0.017007464206316675,0.010964283184486664,1.1511098023273203,0.0014554342315619105,1.7954756825369425,0.8720432413870561,good
11.96,0.018448567208903033,0.014956120308515258,0.005788493467961139,1.1728664295462263,0.02612475273084662,1.8136094021947737,0.8935175200177292,good
11.98,0.02158661369978993,-0.01022279602863163,8.80238247013356e-05,1.0861310051391697,0.01579968699038709,1.8263482979946355,0.9340322538833786,good
12.0,0.01301686329624958,0.022829829154360447,0.007614298981424248,1.1823977877756675,0.02481820506636835,1.7486663293450384,0.9648873343863299,good
12.02,0.0242901622709705,0.004311885531720733,-0.0200004017431569,1.273802840053183,0.021840498184057207,1.771408208515526,0.8116750897491518,good
12.04,0.0332762289732808,0.013579157889009662,0.013580822920651806,1.231054298685347,0.022889682650091024,1.814269418382314,0.9460822749655025,good
12.06,0.020991456772621653,0.008859933520634937,-0.00919901260630626,1.1539006776913314,0.01751260447886059,1.8265287963609826,0.8410765628029983,good
12.08,0.05835319007671201,0.010509803217866097,0.015224740946186617,1.2237256178775242,0.030470016186103017,1.7518763928611405,0.8463317383227188,good
12.1,0.028542573354556722,0.0025845983450499474,-0.0071218542955146244,1.1113078972235735,0.00724390300275232,1.7611564008432095,0.8937002131416041,good
12.12,0.024540506292756947,0.014586360752126534,0.031204189531612744,1.223656334797604,0.03114189896547783,1.7407858621556882,0.9104080627860299,good
12.14,0.025658906807558734,-0.010329357403623066,0.015860251640692893,1.2693102285267515,0.02218939451807562,1.8305511081682082,0.8269825148297867,good
12.16,0.02467315349714454,0.0015988321698994189,0.013990707271422766,1.147868687502357,0.03283943561848856,1.8123299979973413,0.8904860377887586,good
12.18,0.04719022483078396,0.008016021554433813,-0.012446844702764555,1.1685433988107934,0.0061726621451012095,1.8009218737066401,0.8745996334341045,good
12.2,0.03518939074503185,-0.011195851102329894,0.01871156796598054,1.1674664056186201,0.02832161102717031,1.8973710076982186,0.939427009376613,good
12.22,-0.0034960258507286115,0.007770666008847784,0.00605852375429055,1.182058295596248,0.004241344575542306,1.76217940720635,0.8797636838781633,good
12.24,0.02694103327247686,-0.022188239562724976,0.014111705974662625,1.255369143632924,0.019201016615695964,1.759159373427251,0.8588920967506979,good
12.26,0.022745417201520426,-0.022610352833359874,0.009578586520834586,1.267960775025751,0.03408246096588875,1.7494051051981534,0.9073441929459515,good
12.28,0.020660987185903278,-0.013108040843038652,-0.0213077435631905,1.1252836496216059,0.03604008846517739,1.8006813642825372,0.9056659814081423,good
12.3,0.03650138988277707,-0.004467407032497101,-0.005588303859727484,1.206269685442617,0.02860325913876193,1.8099087472960962,0.9085953331475219,good
12.32,0.019475827732849418,-0.0094826771481031,0.012305162241554488,1.244971753365632,0.024260322065714948,1.9151202655978783,0.8957496959227264,good
12.34,0.007543652610519613,-0.007632744903623757,0.006961734626231152,1.2817073784867867,0.03411227711187733,1.777813151301654,0.8901262924574621,good
12.36,0.026623222333165483,0.008483851864535229,-0.006543719488580317,1.2266696999002686,0.018614947008606962,1.7543852924715553,0.9693798489312102,good
12.38,0.011142937674176623,-0.001928104304106032,0.00937090403119466,1.1620573300597734,0.01977149880555496,1.7861106619481963,0.9276000409322145,good
12.4,0.010108727710641108,-0.0058918917611492025,-0.00013398948165796237,1.1187807578546616,0.016490135658384183,1.8100072787165404,0.9550820988632401,good
12.42,0.02432416824032006,-0.011192689082266909,0.019199415346797453,1.1836319820088472,0.026049125644981554,1.882057764614672,0.8949004686556393,good
12.44,0.03331976916352026,-0.006791970297009716,-0.004188459979111386,1.3398647672157031,0.00552964757464351,1.7898471624535954,0.8761218793770176,good
12.46,0.015571244854272663,0.0035003759320043596,0.022528995486611126,1.2455459103900814,0.035698438513501685,1.7648379141087118,0.8938620365454812,good
12.48,-0.004655046010071105,0.0003175577052333697,0.00262018946076889,1.2766283286963898,0.006171073823082849,1.7066860974321305,0.8264390367872672,good
12.5,0.015777242671047548,0.020472328003025026,-0.009873492054400388,1.2782557042568499,0.0379421246610309,1.8756511025257272,0.9336080053028984,good
12.52,0.04856813935674402,0.007631028078769389,0.01078456729805428,1.2294971538042276,0.010376424811747385,1.758448736314885,0.8372065185211681,good
12.54,0.04039159708992181,-0.016900104844799833,0.019195066158112953,1.180066192219281,0.029318802419217308,1.7480095509000304,0.939377988185889,good
12.56,-0.00029042505925768966,-0.004053003193876066,-0.0207622513178186,1.2025697551595307,0.011985662901492947,1.81099441774229,0.7986949675934685,good
12.58,0.020212690144639965,-0.01104126473241935,0.01968327968906282,1.1655832398982604,0.015184149504819002,1.8108163673648887,0.9726898861293012,good
12.6,0.004977216911772344,0.012428373951038232,0.006759178908231384,1.2580972022949755,0.004511387606240161,1.6833049865537753,0.894897111665125,good
12.62,0.012197214895332268,-0.02246018904392364,-0.001755659928626103,1.2593852014417346,0.008420528938199716,1.8187352720745031,0.943380292585151,good
12.64,0.030220939331935287,-0.005542003708349004,-0.002403236294834958,1.1830261073908759,0.02549334182022854,1.847072212310382,0.8968693667910627,good
12.66,0.029078084030972853,-0.02071411780773286,-0.02565575355087355,1.2461818267713733,0.01316521431107576,1.7849222697899358,0.8872216035300791,good
12.68,0.005183900552477677,0.00811873078254732,-0.006190442870842478,1.2433097558403583,0.01589164936521151,1.723307962343229,0.9049731999141413,good
12.7,0.03556687155868076,0.004609234796019146,0.0009602550169007452,1.1872241218532085,0.015101058418349713,1.852600980890174,0.8952245304666304,good
12.72,0.021417981441615087,0.006181913940342362,0.012256093460786677,1.1940375335995628,0.014979368334721473,1.7628442608879071,0.9112293522541031,good
12.74,0.011225405749121571,-0.005867410186720642,-0.006318448757534972,1.1362340583793287,0.005270009083850294,1.8834628622538143,0.9073165454425826,good
12.76,0.0015482889480716204,-0.0052319685128491816,-0.004177288712283806,1.2594787375311838,0.016712436917958165,1.7743123486872376,0.9069538785231173,good
12.78,0.020211181940359108,-0.012418979017715343,-0.0009818096046432323,1.1799378437207806,0.018893741445160938,1.8306175281335348,0.8619600091365703,good
12.8,0.02465304205809513,0.02058635557381718,-0.008262578959693399,1.219913612909322,0.03361562101236515,1.736148039490854,0.9558721612036745,good
12.82,0.040670029850951694,0.0074728484156472656,-0.0023644247793192887,1.2438310989439996,0.008542700204215563,1.7761479447548492,0.9218814374018529,good
12.84,-0.0007798093652728643,-0.01879137057670833,-0.000800700436094382,1.3044971348630237,0.012067391501805271,1.769067266825519,0.9107581086208385,good
12.86,0.0487207192463676,-0.013010698669010898,-0.0013079727008702636,1.2017314994137895,0.016138893141716296,1.807433168087058,0.8691781856500305,good
12.88,0.029714886381210073,0.040985861837092206,0.007585133770808961,1.131921466994469,0.026235347356153488,1.8025881716008696,0.8462316994444062,good
12.9,0.03805882948407151,0.007921422398755757,-0.011603197280060356,1.2648337256903797,0.03299911232627299,1.740032904528955,0.8922239737558781,good
12.92,0.00715224226019948,0.02359525553337483,0.024861955401739855,1.242862704276398,0.03102138188721927,1.8368131136992838,0.9532699234163687,good
12.94,0.022138172069252587,0.013888380447094468,0.017744749442424664,1.1981796361834265,0.016258235543169082,1.771927538432342,0.8691589730773838,good
12.96,0.03494753504407258,0.006130674014250893,-0.012095716879982081,1.208451891695343,0.023793148932604213,1.7659326664673745,0.9018658234787177,good
12.98,0.03264834479715484,-0.022419966920459174,-0.02002873055597043,1.1972610820279923,0.021944668620230097,1.820422662570291,0.9466211002619414,good
13.0,0.001477708651898824,-0.002512947886178492,-0.007466526216614076,1.1972108206862215,0.02358926500089612,1.7989169897263748,0.8651994398123671,good
13.02,0.00995581967872857,-0.022825981204698618,0.00910976823781608,1.090860646564546,0.03976101681000045,1.702464909765659,0.8765625511347346,good
13.04,0.016513651646424602,0.014831791949218102,-0.005054403266275309,1.2113928732192913,0.025147525323829044,1.8135780621756983,0.8817908132618548,good
13.06,0.0035861583431003718,-0.023064004904291894,-0.02840448541063937,1.1416293510408002,0.02320658588115571,1.817758841258912,0.929361737134015,good
13.08,0.02660357669548892,-0.012541011844403033,-0.019180976388120736,1.2912450812090992,0.015544571948859758,1.706320279011957,0.9075003063332767,good
13.1,0.01082618256207752,0.021824612145963034,0.002197335104879921,1.2499661534116122,0.0401346959688074,1.8665518586558656,0.9014497959751219,good
13.12,0.013064816528158189,-0.009734642424101091,0.006563722612029422,1.1903966937647292,0.014719128648933495,1.7713884346261515,0.9327124265257759,good
13.14,0.027387007240639707,0.0087801498392963,-0.02044551167929967,1.2505730269336013,0.02860381237648604,1.867718320833785,0.8745501738749935,good
13.16,0.03616608342406628,0.0009138409863346677,-0.005488525411438075,1.1856196028625074,0.023536103611506303,1.8114054220042404,0.9602102477145678,good
13.18,0.03648976865053617,-0.015732578794651873,-0.0032718453480097393,1.1576743462580623,0.0168998035133831,1.796451263331572,0.9351783526667122,good
13.2,0.018051307220287898,0.020356033511804927,0.04284710173313907,1.2306353339181455,0.03325230850427059,1.7858665766638884,0.938479939028514,good
13.22,0.03410351496462123,0.0016556139671954657,0.005838629373732582,1.2141048172449302,0.01844916485701618,1.8076682801597452,0.8404513552733324,good
13.24,0.03650311026616795,0.016606566664324505,0.007462729927499269,1.157798430360776,0.015270845142880112,1.8328207607103297,0.9106048883291197,good
13.26,0.034822905955939364,0.010603787193050414,-0.006142571371100649,1.3134978581224974,0.03581018559473229,1.809558929677973,0.8363849808903716,good
13.28,0.02917737994842727,0.0059578891753750045,-0.008241074859863503,1.1606410814288979,0.018117340536745526,1.738841203970241,0.8638593032278616,good
13.3,0.010323571247163273,-0.013736775850128504,-0.0011569675937309276,1.1535927466478286,0.03142994219740246,1.7749955877564525,0.8427052464047159,good
13.32,0.012497950031988074,-0.014848079705324233,-0.019145947671625276,1.2697162712608925,0.0380430704375954,1.7032152854860303,0.9226705285782263,good
13.34,-0.00023896413669304323,-0.027882954332954096,-0.012276760573791644,1.1624538309321208,0.026642438776748295,1.7839483215119776,0.9050428304880913,good
13.36,0.02183375573571249,-0.004466383485909488,-0.016484968783947212,1.256482323084942,0.029341888293894995,1.732124889271221,0.9975541575527854,good
13.38,0.014907288907044486,-0.012260225960310489,0.0032729684731180974,1.2206309967465592,0.026698797382751147,1.7981253405279822,0.9410470619529516,good
13.4,0.012821916741070255,0.029508435350729532,0.025357640658160208,1.1466565882560558,0.028443310703640923,1.83172846131543,0.9511701770380924,good
13.42,0.009070793359863025,0.005006748124419045,-0.01633929364668901,1.186385951594733,0.0190836432781364,1.8024965433710118,0.9528582055130844,good
13.44,0.0026216337482870503,-0.0076853952227681245,0.011669683500304808,1.2276127203284337,0.028295041395259266,1.868037133213081,0.8399920363475317,good
13.46,0.02230002502396701,0.013478694000580427,-0.005571677134066704,1.2267394992197622,0.012674259180417856,1.7555273006209033,1.017927664128973,good
13.48,0.010000431971688034,0.03194146814229117,0.003932321234015628,1.2005736464864187,0.0255799743205049,1.849025567863213,1.0162113716198802,good
13.5,0.0285345358666357,0.001532352156921682,-0.003674723920127057,1.1663392013834046,0.022390327685652522,1.800318377883146,0.8417592997828963,good
13.52,0.01094548198482285,0.0135569472125477,0.00726364805046575,1.2368747435779808,0.02221360423834246,1.755477062899823,0.9106570065627987,good
13.54,0.011642907843450675,-0.013788657782142551,-0.013874159160995197,1.2312982463082829,0.015531504271923203,1.770289432326612,0.8492342971102135,good
13.56,0.021915400934830027,0.004584647277609948,-0.0072312601130441025,1.1697939107608237,0.017053433321318062,1.8633874997064739,0.9221918421277643,good
13.58,-0.009874123929044923,0.000628390140604266,-0.0036523951751178175,1.145362935833789,0.011818374760103575,1.875290222442206,0.847163828940163,good
13.6,0.040655477378440164,0.015199427499799556,-0.005013788505163337,1.1606043421738819,0.014434167740010847,1.7876732318396198,0.839378740822198,good
13.62,0.038649573396879244,0.015471700432911581,0.020912244280128542,1.2294217742281277,0.016005463306593026,1.8474575541605638,0.9450531525244604,good
13.64,0.010263071840819604,-0.007876708458835036,-0.02954763149415197,1.1647569407365481,0.001457777626829318,1.8137661802542466,0.8827988053395099,good
13.66,0.01111518817841422,0.016072869391624875,0.0034801216692263233,1.1226629053830268,0.025667941933565627,1.7047562992108585,0.9287568491572562,good
13.68,0.03384020108440878,0.0020584404709379036,-0.0019145138251036296,1.237767233256446,0.023541059280381284,1.8658300201483025,0.8805343501612839,good
13.7,0.014842543765355458,-0.002774921284154241,-0.0019338857562671246,1.2013947618865954,0.006345532808412378,1.6843317476803303,0.9350896778436815,good
13.72,0.01449973069678146,0.009202267867414014,0.008714299333760604,1.3164371126017709,0.02516230290117522,1.8225326982716243,0.966685514284165,good
13.74,0.04522401868118384,0.007986866315181413,0.016351448855200585,1.148903896020898,0.016807618456573015,1.75867210766643,0.8468514244821704,good
13.76,0.008969056835834719,-3.419352153223583e-05,-0.016992750313175826,1.2044089994148122,0.015234239524893976,1.7776254367115596,0.9309655816657119,good
13.78,0.013558841842509536,0.0013170910080117569,0.016018879958338877,1.2246167343003638,0.021819376532845828,1.708238286637835,0.9235184988857816,good
13.8,0.027845649467914922,-0.00746700891068644,-0.018074185552555994,1.1428520680078023,0.005020428951114778,1.7435266797906255,0.9156987280000831,good
13.82,0.006331227467011848,-0.014929819184353408,-0.01521491231787106,1.1434856542183998,0.017847767178287444,1.8164097192218966,0.9572438613220757,good
13.84,0.02902300884267478,-0.014086486865983313,-0.021714800287869446,1.2806393893747274,0.008115776946757731,1.7248510935079537,0.8312265091835636,good
13.86,0.025925897895166063,0.004074425441316592,0.005295007526710042,1.2053096796404503,0.0020724154216783565,1.785130176621074,0.9463823542206866,good
13.88,0.04143289108012327,-0.005465600134127039,0.03153485304377939,1.2413863206326503,0.014720710058081114,1.8065650680594079,0.8980451519640918,good
13.9,0.024358358590635693,0.004862940210217815,-0.008890923318078184,1.2246740039644515,0.03054098110731214,1.7302671639581033,0.940539831411005,good
13.92,0.026424471326864603,-0.002264261651168221,-0.01572694095147871,1.2001741082573119,0.009070916978025409,1.7337273336737562,0.8916096779396533,good
13.94,0.036479081150374564,0.0012152836737939568,-0.00363678548334282,1.2177136702481117,0.0,1.7322567797720285,0.8707046186056111,good
13.96,0.037771252420792406,0.03419330546374303,-0.00924973578695956,1.1538282431169413,0.0015798297462942847,1.769751356831579,0.8601102089428638,good
13.98,0.019457458930808944,0.005886194497576113,0.0028495859822536976,1.0726068664268806,0.008249241995406885,1.8131787689578118,0.9342077106641227,good
14.0,0.06051191532602285,-0.000769922414655052,0.016787201254993583,1.1362502356682127,0.010095379069099946,1.709346289206462,0.9612283151869577,good
14.02,0.01834718987817992,-0.009333457545118468,0.013906737714585926,1.1685334429534244,0.02628819274373513,1.785297266965665,0.9466118597517028,good
14.04,0.020890182823873768,-0.0183218424459542,0.006857194049469834,1.1631433613831839,0.05394801368681203,1.7558164634019378,0.8608113544621264,good
14.06,0.02779386107263814,0.009757169983594669,0.02569433873197716,1.1761211116863421,0.017133936178621634,1.8581380677115797,0.9206170798758795,good
14.08,0.025282564193068374,-0.015752740445558692,0.006313319167725437,1.1181127528665777,0.02002480852639971,1.8077176700829658,0.9405384584992355,good
14.1,0.01318766263781754,0.006974347979510766,-0.036740556314512895,1.2323219248905453,0.01860472211385376,1.7656819733093292,0.8767171706047117,good
14.12,0.00835104309429839,-0.004665309423616723,-0.00017417362619060283,1.2217556571230495,0.024616031683065732,1.7705326869584628,0.9771312677193588,good
14.14,0.03132511793870456,-0.002945037988976426,0.0012285272631701763,1.211908664431884,0.012632243115758425,1.8039647835969426,0.988469153104585,good
14.16,0.03257223546992856,-0.007045331343859416,0.025660887330050963,1.218787481497229,0.01930019275441593,1.6910743943885536,0.9055612997545189,good
14.18,0.01110008587851036,5.355475052648365e-05,-0.0033234098688027466,1.1603347909796922,0.01792587178443425,1.8153296060133286,0.9269439118703781,good
14.2,0.02235121715985811,0.00048652667971784764,-0.009915053572464153,1.2433410828311868,0.014361165574487404,1.7972400659197736,0.9021839430318686,good
14.22,0.0003898540710917008,-0.00807621018338618,0.010426784870889367,1.1124746830420396,0.015429979245591613,1.8338598447375303,0.9765888531408399,good
14.24,0.026583434685964302,-0.01122492480845193,-0.005787188848867513,1.2018262080231792,0.01896619691678725,1.8140051803364619,0.7977589855330023,good
14.26,0.04954048224428851,-0.034899291544992765,0.023921365418947932,1.1331306947916264,0.019515248316162668,1.7382076966896949,0.9229192866275915,good
14.28,0.03550346021133071,-0.0034171564522000345,0.009322267532899945,1.1028124830278137,0.030881973146152673,1.7948392432662321,0.8698491109031912,good
14.3,0.0030620656676360754,0.014778055488914952,-0.010017412932437884,1.15445712746046,0.017804659488701594,1.8065828415925589,0.8960059212217882,good
14.32,0.02923638422844657,0.025831275752494803,0.007266757721422437,1.1452146987978096,0.015860680982994767,1.7885334267900959,0.8977194739683039,good
14.34,-0.00794101007704512,-0.01802789053257584,0.012374260189188175,1.1199257616112277,0.020440914540334084,1.7776842614570578,0.8825948380090354,good
14.36,0.02258006159095451,-0.007794214319723493,0.022155266499695125,1.145298957063706,0.01912622336166543,1.8011628491742668,0.9424424113075776,good
14.38,0.029089361462463742,0.025707819229143943,0.00991646005095667,1.1717176039426511,0.031034116479608412,1.8520419093126637,0.9925996848363619,good
14.4,0.01119647207793171,0.0015242545601633834,-0.0009501752501303244,1.1691665934722617,0.02437414367781046,1.8308194682676182,0.9716672920917167,good
14.42,0.016268086741849444,0.004010440963943544,-0.011198848502448844,1.1302001959713253,0.006019704781692517,1.8458816459485774,0.9970020501941598,good
14.44,0.04512757654887103,-0.01987373696709763,-0.006200152006438894,1.1362340819532435,0.01636020200008912,1.7721295357089362,0.8563842567975031,good
14.46,0.019943963456502883,0.01527305994289659,-0.0045608550807367506,1.1032088603976116,0.02418447049301593,1.830184343617372,0.8719091777228214,good
14.48,0.01441908535790989,0.016749459452189405,0.027426363630806524,1.1515432846483924,0.018446670359838078,1.7710401065785741,0.8289955587928691,good
14.5,0.021449395666459786,0.01417367951225462,0.018221611058541424,1.2822752443004404,0.013171597863343439,1.8463883252114937,0.9625524106427803,good
14.52,0.03359138813096913,0.0209785438989981,-0.0009606941485038118,1.1818271366601771,0.017517804943616322,1.8054624113393984,0.909115205536623,good
14.54,0.04865404222089306,0.003918012150341299,-0.014334544917392913,1.3054173982156982,0.03169837766651608,1.837452444542679,0.9451170495245538,good
14.56,0.02140957125955703,0.00558529077678983,-0.009115838601509812,1.2608243311653462,0.009747692478169116,1.8072784745739174,0.9263246304297572,good
14.58,0.00711508015987213,0.022576934538206462,0.0035021956182119695,1.222628406273158,0.0,1.7637146884709456,0.8402611831515238,good
14.6,0.014653656099029914,0.02590190587895555,-0.023160189641269664,1.09899241396294,0.016673803064551226,1.8191617641364919,0.9752934774153792,good
14.62,0.016745943221917102,0.026419348955485814,-0.015216400530836203,1.210829257709431,0.014310300344107709,1.840429186093886,0.8420667230788065,good
14.64,0.023841747161220405,0.001476756186722162,-0.016823916552386,1.2330862488240057,0.015986762115885428,1.7823395678181932,0.877858487426775,good
14.66,0.006435885061631242,0.012196248603304623,-0.006198016875310792,1.23726951754457,0.018360868317503946,1.7550337236029765,0.845514704665498,good
14.68,0.025595510245280118,0.025280744476969926,-0.011391532276546296,1.2088929283669592,0.028292612306846703,1.8105465266084033,0.9264795016721764,good
14.7,0.010015124708348718,-0.03919475471005002,-0.00012117691444354536,1.2259776347089213,0.042554314492815465,1.840397789233039,0.9956164073694145,good
14.72,0.032945603786980346,0.007117753581813853,0.03193885512992141,1.216965545983465,0.02441411432782297,1.7972290442072878,0.8569701122796014,good
14.74,0.010196732736362926,-0.013968484627417045,-0.02353887224796618,1.142769424778057,0.009834641418852907,1.8275475895606295,0.8791212658953387,good
14.76,0.041420790562316886,0.019279298999880096,0.014259534530561604,1.180141984958206,0.02112596991951183,1.7601514359752937,0.8817397897309017,good
14.78,0.023917521345061192,0.02169541232115968,-0.001118282153896792,1.2660045377495788,0.02239264722376764,1.8503195215946742,0.9285380993695628,good
14.8,0.022758533518577182,0.001838488372149461,0.014114625397775814,1.1480222337880892,0.02996066888605259,1.7141062870352124,0.9163326365823169,good
14.82,0.028010418825785397,0.009479020465075528,0.0016294368232486348,1.3428648860239942,0.023895761591101267,1.867238832099843,0.8276879156681825,good
14.84,0.010130678084721942,-0.015123518280209514,0.01775820685615797,1.1290772766767188,0.04556133067620784,1.8401485698093945,0.8527107263974795,good
14.86,0.03727826408170338,-0.007458717299882559,0.008571757442663036,1.241084540924352,0.018626553824095123,1.6755843153274608,0.8959973183566582,good
14.88,0.012873391449054451,-0.010980154570799303,-0.01369672535081918,1.196083830936183,0.01740425301197865,1.8000130312973397,0.8477245864081558,good
14.9,0.007088217856819896,0.00020956766369340055,-0.015154261883854696,1.2376618611559653,0.013751935361944845,1.856660467561808,0.8687378406364759,good
14.92,0.018599750225559174,-0.017781024422639284,0.005038418638345043,1.1991173306394622,0.01639003092360677,1.9020401857272258,0.8987816677957948,good
14.94,0.01077668775609833,-0.0017557219758583774,0.03042670444813429,1.2761213475945847,0.030570513326424763,1.7714642942241483,0.768723311107094,good
14.96,0.05727271448144744,-0.02302120762967481,0.00573791466235711,1.2314632293344159,0.03160311198062277,1.8059454563973893,0.9432907578889637,good
14.98,0.037683113107361596,0.00466098242661902,0.0062680817799553,1.2289797558444338,0.018402599857786323,1.8110557659894544,0.8517781038288919,good
15.0,0.03560201552912944,-0.014034431363751388,0.013320732598004606,1.19873020824314,0.01849196022430464,1.8315321350749023,0.8542503082056192,good
15.02,0.006777010723256932,-0.0050922304553820815,-0.006753857188870588,1.2006889521223578,0.019873711426680506,1.7736448378922378,0.8863729858538362,good
15.04,0.017055701966321522,0.004067125248631022,-0.004603287902449981,1.1429960013881637,0.015119355435659187,1.8003450481177643,0.9410847510845224,good
15.06,0.010444557225055178,-0.005639721965321663,0.031804082986213275,1.1919264404560581,0.010337192929636078,1.7517660645454565,0.8762738436532559,good
15.08,0.016024774296001024,-0.014966357830723588,-0.013239694465751793,1.2267706502770925,0.0,1.7693263897820353,0.8979711564774433,good
15.1,0.060658070129061346,-0.012041355553276442,0.0016686341469168205,1.2017559233370498,0.02612586690301421,1.8098176627262244,0.9577935754050663,good
15.12,0.02644260642169105,0.002178619005669959,0.008875103035082089,1.210455718959123,0.01935469306149922,1.773407240360504,0.9117995900352616,good
15.14,0.02743599941854386,0.00811662057430493,0.007662609892760647,1.2534913360289412,0.03330615830773066,1.8326663742406415,0.865885479214229,good
15.16,-0.0018058637714635883,0.015228642854096908,0.0064761568250605705,1.1308614974246445,0.02896216290896196,1.75306955392728,0.9318823094253911,good
15.18,0.03832112579767537,0.004341469956332222,0.011393561163610842,1.1534726608542283,0.0010610463816947656,1.8088803943619403,0.9235667542277596,good
15.2,0.022672747836123275,-0.003767851862869996,0.000838137648532448,1.1398230934035256,0.020148370362421075,1.786683568169066,0.8950028772105386,good
15.22,0.01339650244231238,0.0023790615766363264,-0.001361661335614253,1.2028177729007463,0.02093476013196684,1.8504955065899573,0.8788784508723859,good
15.24,0.0026000200880145546,-0.018758852474738887,-0.00467653112415519,1.1816671541069743,0.026662625986205196,1.7365830118161254,0.8698280957947886,good
15.26,0.024692317609375427,0.008322616186744283,-0.013363947192658049,1.1670618067150298,0.03641700040385568,1.8497710708691337,0.8790898642444297,good
15.28,0.02378182136336136,-0.005569985136244213,-0.0005830583288651842,1.212751478409455,0.0,1.793636336167457,1.008056651875808,good
15.3,0.026875127911700516,-0.0016078241310800835,-0.00589562437808265,1.2837686837999756,0.03730388070158744,1.8112097881057956,0.8859815298176299,good
15.32,0.022127363898881744,-0.026594412268770483,-0.006119618823698186,1.1177186098049132,0.01967704928649842,1.8236068489028072,0.9937917180769072,good
15.34,0.0005712108922698049,-0.011168375191705415,-0.005389992783314918,1.1013157992685616,0.0,1.7258551854333775,0.8930609933792827,good
15.36,0.04310668307714092,-0.015095144106618495,0.025752166728609905,1.2229063338395312,0.01915178411918314,1.8924038968686672,0.9723775705920761,good
15.38,0.020015996194476058,0.011269421041486483,-0.002414751733209493,1.197123306627206,0.011049371833544862,1.6569920973971328,0.9128011753381047,good
15.4,0.05327031886651164,0.016934758747323263,0.00815971278262702,1.1879330879575676,0.03128719873794655,1.8444732561059973,0.9066389588030205,good
15.42,0.032969082059063855,-0.009443909514497095,-0.022550584193597744,1.1596434220121294,0.011658614722486119,1.813493229456762,0.9231842284405538,good
15.44,0.027224454296403192,0.004612081000340854,-0.00923672139531529,1.212817685710856,0.0011223036986230187,1.807734124954125,0.9177624774068972,good
15.46,0.03315056611242839,0.0035327370479544063,-0.010082566523043842,1.2534454184809476,0.01445502521306084,1.7696222083140758,0.8432113452999571,good
15.48,0.001823104698308436,0.019029159081516787,-0.00905385929248832,1.1422272151814197,0.010941946805778455,1.8068338793255594,0.925344830667966,good
15.5,0.016343065450485236,0.007563208764553945,-0.0183020429418445,1.1854309279568538,0.014104418885418997,1.739845080177397,0.8438968547417447,good
15.52,0.032588342472149014,-0.01803084657799974,-0.012436453639301086,1.075705395402797,0.036135817116897284,1.7658595930662442,0.925246700301539,good
15.54,-0.0009029470162584568,-0.00578272079466546,-0.020373684091679896,1.1581276461199232,0.03484088646039578,1.7957701790463796,0.8943999960945709,good
15.56,-0.0017632612786662157,-0.01250317681387546,0.03188370179308114,1.212589108441403,0.009620389145454565,1.7664679282433158,0.9389394810479437,good
15.58,0.03420669904903062,0.011817131453202354,0.02507485269771322,1.2187975877970665,0.03146413106211136,1.6741087025830048,0.9069051019583275,good
15.6,0.003563922173163974,0.007258616244021035,0.002188735715676162,1.1442645316506599,0.021185118342366548,1.780394245897963,0.8528168742437757,good
15.62,0.014356881297445109,-0.002342133606236826,-0.001716597379192891,1.0813204188611114,0.01552208860624665,1.759845246100792,0.9266330633269918,good
15.64,0.012181781162390425,0.010728302291457133,0.0009070791848558735,1.2580618523816587,0.022433320406021785,1.819573748792189,0.8075139129441138,good
15.66,0.007146440355353124,0.009138000818241402,0.0037270487198894325,1.2505227101240166,0.013525689012221166,1.812433458571842,0.8633141687012188,good
15.68,0.017118140383135225,0.008448329191063707,0.006289078300834934,1.116988646612694,0.015544817194359446,1.8201383288565718,0.9099534243468289,good
15.7,0.0446996423696303,0.006125119228985949,0.002038578157726079,1.2110997782305637,0.03208159893018356,1.833675255412521,0.8761963579628568,good
15.72,0.012032936639167557,-0.00786381536161761,0.011019116287148276,1.2473771916889584,0.029219180866267305,1.8475559179505177,0.8684810973589973,good
15.74,0.026061240592345547,0.01744097635701194,-0.002875577295697677,1.1523481278994658,0.024642707844350444,1.7640434050216451,0.8992133862770179,good
15.76,0.00965960758991824,0.002098691333300193,0.01058646913996654,1.2567436178065228,0.02090755894950007,1.812169135892991,0.8582641896740123,good
15.78,0.020857529112596775,-0.0067430511811890454,0.001799310811347625,1.2565530616725944,0.003441241175160304,1.7968407522689338,0.8743937320745013,good
15.8,0.017089299010974626,-0.0220770078093724,-0.009974445982479468,1.2031564199177571,0.02026406489071461,1.8129945360141864,0.9927278052890753,good
15.82,0.030688485029678015,-0.009518098967249432,0.001277276517513873,1.233421105222506,0.01753747520902812,1.7829535727068317,0.8142478937231298,good
15.84,0.04382273391859723,0.025671995126776467,-0.0034401618894239422,1.2352826439717626,0.02277212848359003,1.7535007140988235,0.815739862483791,good
15.86,0.0040249886058036696,-0.03293276880810524,-0.018578532345133444,1.1514405070769158,0.03763682452245769,1.8155899110419882,0.875458074151957,good
15.88,0.016660774531641106,-0.013097474931397977,0.0016528475497208368,1.3237933213534956,0.02533037819530349,1.826980761058271,0.9157867487045317,good
15.9,0.055114837370682505,0.002415570953552412,-0.009018628285769053,1.0572221842727512,0.03150083081754895,1.9036119882633493,0.9090744928918119,good
15.92,0.031059116455474146,-0.0019861603507097454,0.007426460747364731,1.1993651632361344,0.02712229720575619,1.8056470697506333,0.9736349708281722,good
15.94,0.01510828566135925,0.012136092319719547,0.009172892213112035,1.2374078762877618,0.03371349895533049,1.8457873145968873,0.9823305322230924,good
15.96,0.010689003519747034,-0.006025509272789308,0.00042300309979035103,1.2015284273716116,0.018883905988931703,1.7805334615611599,0.844939004742076,good
15.98,0.07818595136881579,-0.007584158428523741,0.028192484667063027,1.164589093100686,0.020327041821886813,1.844697049012393,1.015909529841969,good
16.0,0.024216509069451605,0.0033112486163397905,-0.024601614484194137,1.1392394348406345,0.028628379254704815,1.7915034602315572,0.8274087028227737,good
16.02,0.03583011494174881,-0.000959258821925856,0.006747930771578705,1.1149620123337527,0.026607138408884578,1.7267123093994463,0.8451759409206612,good
16.04,0.015454326208614888,-0.03324023094175023,-0.014171088883486924,1.2162555451618053,0.01926880319270294,1.8114701812682863,0.9419752332268316,good
16.06,0.01421489140925649,0.029027842495689096,-0.009590165560526933,1.2743162659987408,0.0019616375566917955,1.761818082760194,0.8892724770117043,good
16.08,0.03558011995267799,0.009559553269375397,-0.009823467009050941,1.24377675099334,0.013298328401518428,1.8146329307233247,0.8113503388476975,good
16.1,0.021608608567705273,0.006273943106742208,0.001016268890785479,1.1684362765714331,0.026204545431760796,1.8269483045309138,0.8462965278137793,good
16.12,0.02829710449045644,7.119790831428302e-05,0.009905726903435092,1.25065559406831,0.03033457395109221,1.7907977582213455,0.8123175653612462,good
16.14,0.038942461922089354,0.01238285038005542,-0.017597788853792103,1.2922771922668004,0.009686482229086165,1.759804132483451,0.8696900726679122,good
16.16,0.014062275327211285,-0.005613454475559021,0.00671647033149107,1.2159884160164034,0.018786354078387572,1.7045444317829082,0.8677560631551853,good
16.18,0.004810123216673219,-0.0206107534765602,0.00013691247697767287,1.1466600185667963,0.016432751547719796,1.8146516889181565,0.8659366172412991,good
16.2,0.0453021397543735,-0.00984475941252767,0.01840326866967782,1.1729455610105322,0.035295465888375094,1.8248459389460177,0.954012940988368,good
16.22,0.003474262778169387,-0.005978159113525434,0.012672553420712456,1.2221091706602671,0.032401072172316525,1.7886612663559738,0.8944313542047253,good
16.24,0.0160228571342139,0.0013752460599692335,-0.017464464752837083,1.2318258191681326,0.040006913121778696,1.8901059096129973,0.9103645975660883,good
16.26,0.013282575533955671,-0.006165343543091927,-0.034415061922298894,1.2137445433868017,0.027710693802229257,1.7577469024690189,0.8549063472539087,good
16.28,0.03734638713457488,-0.010279569093575467,-0.0035779025989596328,1.143114119864798,0.0232736466333723,1.7877068609421947,0.9651446540363356,good
16.3,0.04588087398677854,-0.006997957425612481,-0.0017913693579106147,1.1787651445310416,0.007015624593811642,1.7432615087612746,0.979987774818785,good
16.32,0.01495052942291729,-0.012974077582559699,0.0011975838075550596,1.1910028448306476,4.861057431668203e-05,1.7075711002262055,0.8491145305070894,good
16.34,0.005616688207936187,-0.00588941686784998,0.01637708596211684,1.1970707133724763,0.011695642240131966,1.7553202952354798,0.8342715966247503,good
16.36,0.02545976638354184,0.00439531094512499,-0.035358996044270376,1.1749507464944353,0.03405097137745649,1.8910860030485834,0.8723261588552029,good
16.38,0.020217943580386914,0.018451868515117303,-0.006469821624806054,1.1961728476023938,0.028608081889402427,1.8766288587106117,0.9508199885539408,good
16.4,0.02710550927211009,0.02678441765995431,0.01882912621557985,1.1977797958814966,0.027878025010519614,1.8658179566822217,0.9826768197087759,good
16.42,0.034840632407028185,0.0025326262298991887,-0.007603838664020694,1.1685536760467627,0.0033437686399288985,1.9147653260382587,0.8815120464487972,good
16.44,0.017818322359950633,-0.007871278052887138,-0.004630944660175769,1.2254829671912806,0.026452874472148582,1.8318635700957482,0.9316930882109257,good
16.46,0.016485024481494293,0.013920313906258152,0.01691641168103556,1.1668565711238919,0.008777004488252789,1.8376277691883882,0.8359114684421893,good
16.48,0.027208063867616684,-0.0021927934192501916,-0.016596278324269683,1.2792536022064775,0.028329192896468132,1.8666661257349229,0.8546084394276618,good
16.5,0.04301272703158144,0.005337050992497055,-0.0037038550787519852,1.2146185565211558,0.023468473879124457,1.7427493320204388,0.8912693210381316,good
16.52,0.02658576325252232,-0.009098163040397657,-0.015923175868349418,1.1704148476874616,0.02454894172880461,1.728701889390484,0.8795471792092593,good
16.54,0.017009338486329646,-0.017103263878515948,-0.014411413932364706,1.2016340091026292,0.005857257525684775,1.8359259855142682,0.9240183872262665,good
16.56,0.014735653593466354,0.0031412425604583744,0.014027923292409192,1.2929277575561302,0.01075941790430659,1.8188993765236954,0.9183662185301804,good
16.58,0.015626577997218605,-0.014955891344058283,-0.0020468409305122687,1.182959712914548,0.008129691846699353,1.7982725498519132,0.8595511652994517,good
16.6,0.036549881232741964,0.008037635179840689,0.0002760013959849185,1.3080210752081993,0.02889180467624831,1.7470816925885648,0.8918044822665896,good
16.62,0.0027201910531144593,-0.004805605478292586,0.01667796432225556,1.1363975706743996,0.021352767480449432,1.7549197844478406,0.9988510240257822,good
16.64,0.03951476457176672,-0.0038743959191106115,0.0016630005894336611,1.10051781789834,0.01858434803380983,1.8031890677512539,0.9347224343767417,good
16.66,0.022299672550034507,0.004904188030863182,-0.00616408502024767,1.183838098012102,0.013024677302874094,1.8003338341627093,0.8636988476071136,good
16.68,0.019022435928431853,0.011953478722481271,-0.02459785390139962,1.2717142453384722,0.024802877700496148,1.8579986934884136,0.8060740826393058,good
16.7,0.02232832640599802,-0.0018247850024944942,0.01139298836341447,1.2173939021259093,0.023824280112777617,1.8228161986867377,0.8519516514871355,good
16.72,0.024642160640999836,0.003956129008831001,-0.017448169156707636,1.2715908058357377,0.017549023178902973,1.7086269778701486,0.8882355389239931,good
16.74,0.0308707797069393,-0.017834074378361674,0.0002032966721923873,1.1784256128979806,0.017027198825854475,1.7350450633578436,0.8794710019983933,good
16.76,0.010866677775977057,0.011518076793799991,0.0025126996959929588,1.2464134468212993,0.016151525259583754,1.8397614815289878,0.9442567547869768,good
16.78,0.015762035445609814,0.0011205746021929626,-0.0005710923676544711,1.277871773206144,0.004714888094799337,1.8288439180338725,0.8839918406504687,good
16.8,0.041906749652673006,-0.00032819552678500807,0.0035793338593629927,1.2276852020874671,0.017230966087349364,1.7663906807606304,0.8473736120700517,good
16.82,0.02855666420742843,-0.00940485516053614,0.005019232012959353,1.3278113435366021,0.016259896038410184,1.805265402138739,0.9610703466025868,good
16.84,0.027172640517737406,-0.012388404677421931,0.0009456590671763241,1.1943003059236021,0.033136155817216205,1.8092047853853392,0.9614970401057434,good
16.86,0.018574888769119297,0.021652608044583587,0.005481203296883746,1.181596479386963,0.026997255223578372,1.8561609510908263,0.9880106053988255,good
16.88,0.0424072806003958,-0.026689307585355107,0.005764776583064501,1.2642238835841415,0.0027630045954689063,1.8168999828857157,0.8979448428194738,good
16.9,0.03758809439175428,0.003248849911271548,0.016173329324611664,1.2643809067900047,0.027689155558002294,1.820246419040168,0.9433479603336372,good
16.92,0.014474368617622572,-0.00825736669575891,-0.00997342224877961,1.1867032049571458,0.014452830752653419,1.8571658025847475,0.7795817450425311,good
16.94,0.0023438788045562183,0.0015779074276398989,-0.034786702801783496,1.0927767619606223,0.04011017760193551,1.7475657027139704,0.8465512018228802,good
16.96,0.03462683605176525,0.014900003503792949,-0.01889089342578324,1.1843001284473185,0.011196333138519667,1.7803827436938133,0.9494991898503072,good
16.98,0.01303179572532868,0.003932581015474699,-0.0052024547330693565,1.2255394010995675,0.0165705268195143,1.7860469089684445,0.9247203367955991,good
17.0,0.016871685943174064,0.011346988916332753,0.0008426324518278188,1.2795250779892098,0.0029818872284053353,1.8329550407460085,0.9573834396124825,good
17.02,0.012955348894161655,0.006625792985424744,0.017776699508068778,1.138640249346885,0.032417074589237496,1.877361578996328,0.8842789472924532,good
17.04,-0.0003670699060458818,-0.023152119291869597,-0.005396241470297473,1.2638014312127561,0.022553751800929042,1.8160883739693012,0.8669081058470475,good
17.06,0.007729815007607861,0.02932415039455622,0.0006458435109162446,1.2815763921043215,0.03849355007651283,1.7650704018214598,0.8748876334132395,good
17.08,0.013267198919196413,-0.006087303178277114,-0.011741222815287628,1.2261260296067285,0.02988984746930312,1.8014480298092814,0.884819042021921,good
17.1,0.049097720537582025,-0.006414289870540944,-0.030701058278609708,1.1332445942769862,0.021623254603291266,1.8037007192746597,0.9214684182410933,good
17.12,0.0362790119612991,0.011863947425133522,0.0030943548005653494,1.1607450488582767,0.02079812357337703,1.7704951693080762,0.9316073710836815,good
17.14,0.010953835462662482,0.012022354121316862,0.013902477232945982,1.2732434982969727,0.029387756170125748,1.829675238232876,0.9085452407235716,good
17.16,0.022390724041443016,0.010242088952515143,-0.00307849843780668,1.2982800425537824,0.011934708201964605,1.8198827585077457,0.9194191023096956,good
17.18,0.03930264323251074,0.004021290134963259,-0.007028827325485983,1.0633305343969384,0.0073259681776023,1.7130084233953882,0.8496626114566433,good
17.2,0.03212926236125523,-0.006314395874356748,-0.005365037509548173,1.140797991607671,0.010571225439309242,1.7762466096010219,0.8285938999944772,good
17.22,0.05517507505393558,0.007282899570789088,-0.0045899453262059665,1.1788283225387135,0.030907526927430456,1.7563768239529614,0.8684788026429158,good
17.24,0.030279018113331984,0.0014965129685003567,0.018726918368351227,1.1692454287416179,0.012882660481377237,1.7743735412357826,0.9620215767228504,good
17.26,0.009988659139583599,-0.0037497011161767026,-0.011078249034421393,1.1510454509026105,0.014554410457000528,1.7879629484166901,0.9605298529479638,good
17.28,0.0036905990078029884,-0.0065344178641477575,0.008417085165464532,1.2544303070307543,0.024163423999616292,1.7911723036513512,0.9767657953261765,good
17.3,-0.004563235536749785,0.000510517493800741,-0.011995090924957446,1.1783793212647367,0.010993193580877334,1.8027897212772401,0.9139589454783684,good
17.32,0.0258362524813331,-0.011483474155261637,-0.006560079653041691,1.2557566529698532,8.18170525043703e-05,1.7899653026047815,0.9255152334389938,good
17.34,0.04530475287373106,0.008995856709084258,-0.006246261983012869,1.1838206568279088,0.01852640734870029,1.7589577487214025,0.9382813682189,good
17.36,0.032316191931667036,0.005562174219650716,0.0062776802031023335,1.1596632515686094,0.030215899497249017,1.821655699151383,0.8470157227074024,good
17.38,0.01635537431543381,-0.0023455967711984264,0.026447573454026457,1.2751705210610722,0.025010508365922987,1.7806910475472675,0.8860657008309496,good
17.4,0.006188918737644309,0.0018551873308362786,0.0009784758795732436,1.228210174739377,0.016445198905166006,1.8795156626565996,0.8789866112954439,good
17.42,0.015767154137387353,-0.0113813726234859,0.002710501840941343,1.1910159023760931,0.024839208275982905,1.7178711433476586,0.8850195410251523,good
17.44,0.022023659328132744,-0.017442119823609298,-0.017036598210232155,1.21252084741438,0.02105571592824462,1.8469810076441855,0.8370450629919489,good
17.46,0.01148794446692963,0.0002650072994763536,-0.004800966545708236,1.1964477198041874,0.01816446595024676,1.760289904036362,0.8841917626178165,good
17.48,0.02581212209438697,0.002456888793996218,0.015616437450459236,1.218987843693081,0.01183636445674813,1.8279651574767943,0.9484489586937654,good
17.5,0.014551378576696524,0.004026535972575508,0.020666604366529298,1.2519010339710237,0.01748836922249551,1.8777178362622216,0.8665432865118035,good
17.52,0.03637236977266659,0.010212383499528039,-0.006029648658406547,1.2423957026883756,0.012688973888600493,1.7665986013632786,0.8746701678264834,good
17.54,0.0028918869035661292,0.0016082494122838398,-0.003141552188651234,1.232199922261287,0.014819454432610745,1.7410041685233644,0.971634552585727,good
17.56,0.03201684394732142,0.008799099362485808,0.019695026354709863,1.234710752832085,0.012416888288446294,1.80876008000496,0.8246964040019118,good
17.58,0.0006396707125430691,0.0025101523656388073,0.0007553525193966577,1.2023597798117094,0.0011247678343846781,1.7679177747761965,0.8477620370287227,good
17.6,0.02331494226916985,0.00196817727019744,0.010558817961322664,1.1721071035095785,0.02722830159029059,1.7582748085830213,1.0012277882132394,good
17.62,0.011896005335502816,0.0017029174244440626,0.003861067023294511,1.2089001216792907,0.013851475048880802,1.7828381901576689,0.936742649619426,good
17.64,0.0289321389709407,0.016347873208561965,0.003014117995088307,1.2459537580731568,0.025783044072359956,1.80031110442056,0.8262657663399358,good
17.66,0.016790913813621997,-0.015215909864761649,0.014113659592904972,1.245484561833879,0.03685479338978177,1.7573935570651011,0.8929411038456864,good
17.68,-0.009725228421011086,-0.015768831389824448,0.007518668247955801,1.2361267643433516,0.02722100025052909,1.8144129755420941,0.9810300746564787,good
17.7,0.03499650733034038,-0.00977725295727819,-0.001257213739359822,1.2757537842556599,0.0,1.8263693130684124,0.8395411973811325,good
17.72,0.012772489500817259,-0.03164471332748436,0.0070639497300334884,1.2533659694155737,0.021980326836128737,1.8565387365707844,0.8245805620953268,good
17.74,0.029646953803703996,0.017658509939322168,-0.002001712144534474,1.2564618557211749,0.018348453239218812,1.8492168259600854,0.8872405597662776,good
17.76,0.03567030975625171,-0.012525721898272063,0.0050052675396407564,1.1073142285908886,0.044857868494015046,1.8668968640077213,0.9104767216295151,good
17.78,0.019165013681313004,0.0028565296579923004,-0.0051362504568744595,1.2102087005846605,0.033552354546224836,1.7948029691728862,0.8862382437881339,good
17.8,0.02808629588871554,-0.0035838712525561953,-0.005755290248244107,1.1874100024734877,0.03355586546367289,1.8387233970067172,0.9645871926380201,good
17.82,0.027173916796324315,-0.0007766647723089358,0.005869059517909868,1.2446027470041772,0.016738819943165374,1.7946770176268534,0.8732127919563482,good
17.84,0.040885699706375775,0.001737277659686422,0.002588065595001828,1.114454485484013,0.02450764322369734,1.8153089641671327,0.9296255391785075,good
17.86,0.033134342608330536,0.004965565679673979,0.014846446230752047,1.145432914181364,0.022989150842014156,1.87129108375014,0.878977321084614,good
17.88,0.020073567078349945,-0.019361480787071932,0.008215640938279926,1.2978495549241669,0.0023422419695067025,1.7682960723977867,0.872041817566398,good
17.9,0.013573300949984018,-0.01245743835183655,-0.009970589974707211,1.2202023758182257,0.0,1.8802230428205151,0.9731810616399277,good
17.92,0.001534629391950892,-0.015231381355384698,0.00043471440498211924,1.2376173099648509,0.01426579463345017,1.82268326757401,0.8833701245349921,good
17.94,0.05394236250806939,0.00077183266401398,0.010442622124482825,1.1183747466935094,0.027779113663662622,1.725825044893816,0.9492625667556263,good
17.96,0.03728090990497487,0.023720810309688777,-0.022224174889698668,1.263278869439618,0.013098197541987473,1.8089297276522829,0.8687002717723887,good
17.98,-0.0025739999750780127,-0.012028637396994972,0.01720980002445112,1.116562458718311,0.0010530160212345284,1.846102026766468,0.9211848201098705,good
18.0,0.017923428225004416,0.033710330163165395,0.019864646202058793,1.2502168172810804,0.020674642563307404,1.7814732156841973,0.8908611164112746,good
18.02,0.021188537061361992,-0.002961498243946343,0.0035669822747246616,1.2301849038280106,0.028763244101507022,1.7866877241272374,0.9586831942135953,good
18.04,0.017728659848511887,-0.008930106735957071,0.009198936941365704,1.2106102689084082,0.023498038137063876,1.788504366454088,0.9529363754407266,good
18.06,0.04252907972421037,-0.020218095531008867,0.003182536793325475,1.2389175634175438,0.0030650391092116383,1.7799630771769055,0.8755285192208035,good
18.08,0.036323578128967714,-0.011029476325548298,-0.007369111005186428,1.1923089566179577,0.023946138922180952,1.7686461108581724,0.8241343458000988,good
18.1,5.26333205903029e-05,0.002305545700890138,-0.012950116698012885,1.25794776264763,0.01827039861208133,1.6831789317022614,0.9748236519525857,good
18.12,0.04163206257520725,0.010853401793806899,-0.01140820695885158,1.2600367357435132,0.03221555461012722,1.7707316550150796,0.8691844587011022,good
18.14,0.02756009624760757,-0.003419827866938397,-0.021738345509885695,1.1756671387655764,0.040993404736052175,1.7877324186628303,0.8175284110973873,good
18.16,0.02966677055105699,-9.277697112994184e-05,-0.006951494755721599,1.1687895678579687,0.03467643752941435,1.823085577749912,0.9330534347192287,good
18.18,0.03869671133505252,-0.006774142973802575,0.008277051120742963,1.206618674843605,0.01915832069353344,1.8035361187884555,0.8789848529904835,good
18.2,0.03045054635033797,0.01632713213913163,-0.007549527475311468,1.1605144288033262,0.016119587754149036,1.8842661666846372,0.9400758510171436,good
18.22,0.027078182737069998,-0.006648546015057523,-0.005160441287046564,1.2053980206491755,0.018929118491795953,1.759569521061521,0.8521519770904216,good
18.24,0.00039857766476374807,0.011621231843811433,-0.012442650072369004,1.2147905945235176,0.03600839312735811,1.7383555032665599,0.8576799789723901,good
18.26,0.015446352079250531,0.02342345272124518,0.024162165345271363,1.1469598094415436,0.013916610982158888,1.766501823081128,0.879958743641222,good
18.28,0.034223312652328045,-0.00891323735599969,-0.01794616887268168,1.171243681019864,0.00428915884755697,1.8166346188120586,0.9570312154276333,good
18.3,0.03774175225916968,-0.010758797591625955,0.004181408485210934,1.2195022935492317,0.015217138237926305,1.7629558015641573,0.9048979881952419,good
18.32,0.04062019165672196,-0.006355513140011511,-0.023187110928179207,1.2097794133391617,0.014906123929350756,1.8365284432595794,0.8786863202725559,good
18.34,0.031280931025227846,0.006065865395576957,0.00264023960376839,1.2503624716427917,0.028442974403392246,1.810922723519558,0.896560926344286,good
18.36,0.012331498867457123,-0.008294996862699452,0.022232374932785046,1.1636079308592016,0.021056023255144333,1.7141518542009855,0.8580442118723542,good
18.38,0.010393682024994797,0.025652823010267913,-0.0025764756976049403,1.159598878704574,0.02808660752022158,1.8243032022529708,1.0556400961576733,good
18.4,0.020097930770075437,0.01876167759973235,-0.002536075978546646,1.251261677852364,0.03230164089494688,1.8235709739222628,0.9392698043291656,good
18.42,0.005766966283114346,0.011272342570128298,0.006385265597726214,1.1922269766234326,0.027098436834639444,1.762989483038804,0.8882365568343592,good
18.44,0.035289081569244034,0.0057187815265223076,0.018437337653098754,1.2630844975421198,0.024746611388620277,1.7722318412342215,0.861711204896176,good
18.46,0.040855899589378165,0.019364842669957968,-0.034760660758247866,1.2153348712972316,0.020065161047201234,1.7133393948780218,0.8514845318813038,good
18.48,0.014738618995398528,0.008229435492378184,-0.018659802360729887,1.064945234241245,0.011218582864491044,1.738089987260017,0.8897999541459217,good
18.5,0.010708800332874737,0.006602207716451355,0.021202538813882395,1.2248101224102206,0.0313001960677281,1.7768187458593654,0.9035025454415618,good
18.52,0.003031747442288716,-0.010322538978361356,-0.004792344695911988,1.1275999289375114,0.023172848673710774,1.7470757666420178,0.9393739521282277,good
18.54,0.015186454406060338,-0.006046958164915638,0.019670643437272463,1.1961808455859089,0.013772348294645312,1.8064760733412273,0.8361902743209044,good
18.56,0.01940264315800112,-0.02141210318389122,-0.0136441809522417,1.20651568151558,0.023503702244369887,1.7183649751069268,0.9656151441356807,good
18.58,0.02920744917346941,0.007188009086021127,0.0076608351238015215,1.1632422018425093,0.010099486619325372,1.802612965549754,0.9343580884320442,good
18.6,0.04787168999395445,0.00402690862598087,-0.01198917569548544,1.1407634792238097,0.012187048064744814,1.8279100423332757,0.8418575298874539,good
18.62,0.012994020130355156,-0.025595504833893144,0.005174402806140318,1.1258428490608878,0.03251100056461623,1.8047048525855536,0.8913784572183112,good
18.64,0.036731086278499664,0.03483244162578029,-0.009995294615843664,1.129391239578274,0.027799751122491334,1.8220362165869652,0.9721548062065254,good
18.66,0.030872736827144018,0.0073527754640593255,-0.004412105235945922,1.205795215724521,0.034010898698312905,1.7880396027589098,0.939963044009662,good
18.68,0.031870443162737794,0.009159909254745842,-0.00044770573030469363,1.1394427145542034,0.018512275693579706,1.7453474777406672,0.9132569554014306,good
18.7,0.016871191910751846,0.004072180531080702,0.007816237938984713,1.2114587546289066,0.024246142748520886,1.8343261730627622,0.9560039026766223,good
18.72,0.011050365531462542,0.006045239031849379,0.009204647945881215,1.0851402635392446,0.025657774489489027,1.7557673371974651,0.9878250282271184,good
18.74,0.001343766421127839,-0.0074999144890653254,-0.01163139957907768,1.1859706454168353,0.013793043808725557,1.8953588227198293,0.896207655972235,good
18.76,0.004382463207005623,-0.03523233480245497,-0.015847487120401006,1.2362962205028356,0.02831046676526141,1.6836290309194506,0.9335385594518125,good
18.78,0.01985075020097859,0.010021331660407796,0.004384665140570059,1.2321502697918074,0.012663552878523093,1.7737181456142321,0.927099213618896,good
18.8,0.01665662721753775,0.019544419336210667,0.021351747282415484,1.1982264366359825,0.017585473497023496,1.8240633334512224,0.9044922420683656,good
18.82,0.010858434626351771,-0.003986813499984638,0.008748911223997508,1.2323626807647463,0.02101757835899479,1.785744864322138,0.8664588764541397,good
18.84,0.02117045698773216,0.007507428825569108,-0.014440045677287463,1.2076007021758415,0.022996890122461075,1.7951393504722155,0.8851113496264782,good
18.86,0.029266520741970743,0.0030682004063778867,-0.00016076044684723456,1.1542926694920275,0.019655669460589085,1.782611735846805,0.8413165701510289,good
18.88,0.0035428388209571824,0.007084571910376918,0.013629664556825327,1.3145276245635633,0.017465895251195043,1.728783520673864,0.9185773871637711,good
18.9,0.032815503647144105,-0.0036719876796154874,-0.00029768175837983544,1.1357393395991497,0.018864734998600755,1.816891742906599,0.8452218805270189,good
18.92,0.026881793179941476,-0.0005864711335602066,0.02100670328985594,1.2443000520385739,0.033041988650825894,1.7490321685396164,0.8285729013505095,good
18.94,0.028299549866825063,0.013000398858832637,-0.016302982685877435,1.2666332426148215,0.0019499617699900128,1.757832053432722,0.8475796946759903,good
18.96,0.023841250810061908,0.012272343826302119,-0.008419169835435003,1.1598654052023916,0.027562662815012885,1.8395282295726925,0.8923524417916876,good
18.98,-0.0001718716726978445,-0.0056854779309403886,-0.012723437841611842,1.2183127757369565,0.012464148366208499,1.8227336010824648,0.9668319867838946,good
19.0,0.03651759092507973,-0.012038502833228723,0.024395221741692893,1.2929061727858218,0.03733724901620466,1.7791931955972873,0.8604462347140487,good
19.02,0.015873946661090484,0.004171405703902438,-0.01325552336902171,1.1993462820693714,0.022124623248920443,1.7585819947160126,0.8902019260095352,good
19.04,0.0036225590548298733,-0.017681299375493793,-0.0011031476802020772,1.2315093596862623,0.01577486188893837,1.7897808761912308,0.8852086455729656,good
19.06,0.005525925520879272,-0.016008847408749378,-0.011884266747047149,1.2097298077146872,0.040095116049727854,1.8215864701274973,0.9568839893070903,good
19.08,0.02030088898514991,-0.01302168109736179,-0.007514472938826894,1.2502888638497365,0.01618916105585679,1.7519419016248519,0.872938299926972,good
19.1,0.05948010521177718,-0.010481275352392194,0.017663630625549518,1.1987745589588688,0.011245438968947502,1.7818401526721175,0.8603703214374399,good
19.12,0.00031371155419451086,0.0127869733109716,-0.00958817155673288,1.1503095034674822,0.03975877827760771,1.7715179408471982,0.830439791520135,good
19.14,0.021957151066543164,0.008740056077003828,-0.0007133939802768351,1.1461408736843408,0.0035370088081544265,1.6974153146885693,0.9336281366272602,good
19.16,0.034508890222314015,-0.0076634913640897815,0.019008784526735246,1.1497782133691028,0.005945383700199664,1.798187918878076,0.7938303633715015,good
19.18,0.04112973896315804,0.03764067726187297,-0.00048463878070932603,1.2225247864171112,0.022469927632398964,1.9029976900526056,0.8585383957527553,good
19.2,0.030375266207047596,0.0038239925952138734,-0.022437450412936294,1.1011720072349016,0.019371045162037675,1.748714766302237,0.9462221802919728,good
19.22,0.006115261469227458,0.003185461380578703,-0.004654373128770677,1.169222653666752,0.004994697844558058,1.8344002149671828,0.8330564939229558,good
19.24,0.03072804338275959,0.00735664785483899,0.0024129931015578103,1.1923252911643096,0.03466604377836161,1.8435517290886927,0.8979830434780564,good
19.26,0.037528995368168123,0.00585670583668764,-0.005939116035996172,1.199846677079294,0.023328913085440207,1.8290705677232615,0.8975660407399525,good
19.28,0.05231105654372165,-0.002273667490227274,0.003295262244281058,1.218939617672341,0.014633279172833899,1.7327781706246639,0.988908937403376,good
19.3,0.0034022008364424684,-0.010225623662205223,-0.0045367092791221975,1.2372017728556426,0.030844021939828416,1.7584117881423857,0.9294416456752844,good
19.32,0.013167302184549291,-0.03015869602644734,-0.0008887534336071953,1.1562557452789952,0.007311286029894004,1.8759395139756543,0.9077624764385779,good
19.34,0.022439664044531623,-0.0030533390621541572,-0.01978121715869945,1.2035219265208656,0.02551721583440945,1.7676484315887642,0.9209884845349745,good
19.36,0.013504774502890459,-0.010651610444251568,0.006733499501793907,1.169937733294145,0.014399743433069715,1.8078532681149304,0.8957076079532275,good
19.38,0.02855668738788278,-0.002990316893901763,0.010453135754393335,1.1920239617155906,0.02764041956260059,1.7596397848141538,0.9344429092849803,good
19.4,0.006354698482800814,-0.021231910527687307,0.0073319364424257755,1.1754519981531353,0.03996869921017765,1.8283381550321298,0.9388432511193698,good
19.42,0.024384875601984237,0.0027430507905585747,0.01045238086796634,1.2466025270292589,0.01747891995679796,1.7825911258983134,0.8643903982405224,good
19.44,0.02308532762470639,-0.006411763660701602,-0.006773313285781787,1.1782466390934725,0.008054894173957921,1.7305879169272165,0.8896007075954104,good
19.46,0.047347081887721125,-0.020731265745975138,0.003631680464487228,1.20371566091688,0.013237330977409593,1.8094990323578368,0.8732726615675687,good
19.48,0.03214527531574566,0.014330641162836147,0.01732654706815261,1.23934755888569,0.0183276346453027,1.7894399524684568,0.8992930594627241,good
19.5,0.01820791358817711,-0.013534492986754293,0.023634221457161955,1.075314931451318,0.02093087589146139,1.838361277175365,0.8910600815649931,good
19.52,0.013301767594723101,0.007405491570255457,0.02738234696913364,1.2468223863567884,0.014307503575214221,1.7565982219653429,0.9168048993294649,good
19.54,0.012352967135072753,-0.006859179401532623,0.011538203837162656,1.2400332258342566,0.02333433976735375,1.7285453553592272,0.8304665616693755,good
19.56,0.03576003608464775,-0.015395334911273853,0.03769679545751229,1.1862050551102565,0.02344297127466829,1.886320487129332,0.9565013818120892,good
19.58,0.021037514026267506,0.027053182846436336,-0.008686025874244677,1.2186249421603612,0.014142491129946186,1.8489278710100727,0.9080947978292251,good
19.6,0.046163619789799666,-0.010170764572906825,0.007760906885253501,1.2241107547682735,0.005278393975835127,1.8029007213967685,0.813281840261299,good
19.62,0.02741357036782905,-0.014076807335862022,-0.020272405797582195,1.188018612379684,0.03161694668647858,1.7435721984159505,0.8777352615438928,good
19.64,0.02590167116906638,-0.010528010469291308,-0.0004829577741336676,1.2705991153277558,0.002170552355115797,1.827159153204044,0.9168800182858499,good
19.66,0.06393408976108442,0.005037965578874846,0.0035059547876663483,1.2186155740770197,0.02945010474861117,1.7634443143449328,0.9875557288217236,good
19.68,0.026642904804018392,0.019200839517902645,-0.022470506538004132,1.2292564516026565,0.03895669405704977,1.7955665606123772,0.8737768596341866,good
19.7,0.006394108138689593,-0.014654038100147879,0.013793660173981587,1.184757351223458,0.011905216868509571,1.849747219045678,0.8811847968240186,good
19.72,0.03160382680702035,-0.030315136921766215,0.0018208898339745524,1.2196111696561167,0.008586958717842685,1.725971300562979,0.8996328445581865,good
19.74,0.02809742418513782,0.0030909567947680423,0.013206642256887868,1.1388548045944769,0.02542875297486638,1.7988667549274502,0.846886041842359,good
19.76,0.011964908400347708,-0.02173145857264222,-0.013636816196979295,1.2485724613954514,0.018837402631974694,1.8039356649833826,0.9573548633936536,good
19.78,0.04467038366663598,0.008934256271407766,0.012373087839629553,1.2443810881257953,0.010431925362423594,1.86202367783758,0.8746920507378176,good
19.8,0.01778824447247189,0.010497105820234559,-0.020488176837106752,1.238243810587951,0.015674308908410792,1.7372460656955646,0.9127382907097267,good
19.82,0.023329700510107614,-0.014286479464980255,0.016500416639415642,1.1852263246053698,0.007842178043195676,1.8917874564894706,0.8715470171904404,good
19.84,0.043143061951516924,0.014071281990403339,-0.009215048480270485,1.196869619886264,0.021863590938994436,1.8557325294662967,0.9297398187162863,good
19.86,0.03568927493903485,0.003889862936335534,-0.010154022515171954,1.1580979317462559,0.030265177536309917,1.7519160903143454,1.0102426074023585,good
19.88,0.03106518845507749,0.024265479644949198,0.017929049388547,1.2771162028184748,0.014630194021947845,1.8339281776869698,0.9362995071415893,good
19.9,0.021297704572636,0.00779387655431915,0.010189342050609371,1.2684031595716212,0.03717208268602269,1.7000387841216613,0.894221696924273,good
19.92,0.02518660993168086,0.01352338464040914,0.009108012750554695,1.2532537136394288,0.04125431806814918,1.8048603028999395,0.9367823514526996,good
19.94,0.02156779424066206,0.0067013645219653984,0.0024027430074843523,1.2521477533331744,0.012635461108234148,1.835634766848524,0.8591401873510366,good
19.96,0.03455651645433508,-0.006827443061055271,-0.01547984002488133,1.159314719475912,0.018695936631062227,1.7601531069783953,0.9448945697629912,good
19.98,0.05192549650954582,0.014471446265293115,0.02098457266099736,1.2416586425444778,0.02839596405429518,1.8603695856639713,0.940639156188259,good
20.0,0.03359319655593646,0.004845992685889139,0.015305716586501702,1.2090271677641518,0.03343290321006763,1.8510349171895215,0.8558803636116049,good
20.02,0.020246082356800137,0.021565632826873193,0.005262518268511446,1.104187056253727,0.018046567679593697,1.7501307303046147,0.8387942250168283,good
20.04,0.0008030085531134484,-0.0011612185669085636,-0.0063149705302984055,1.1816065660128383,0.004854796370083075,1.7458855339287773,0.9002922244549404,good
20.06,-0.012004580248729904,0.023903089577861678,0.0035410136597813662,1.2574462989256754,0.013329240637845581,1.8155159505859377,0.9709367174034214,good
20.08,0.03964687818081881,0.01598636816547971,0.01185648868031797,1.1639481419619246,0.0,1.8104384878145112,0.8280267120087542,good
20.1,0.021872865992598814,0.024744160914832784,0.003256121257442393,1.2856501594802565,0.02321930444133622,1.7309759276567487,0.8930501664946939,good
20.12,0.027989827288440253,-0.0030826558822414077,-0.018950628111556792,1.164351373522117,0.02106510456832443,1.8241782635690889,0.8065081914167682,good
20.14,0.053071340135660734,-0.02040818350793056,0.0005685909467806398,1.2362637460594335,0.012907440841840541,1.8299213739076778,0.8402112766723344,good
20.16,-0.0021368064587956974,0.006309704755419452,-0.001178698801603312,1.1654744640360712,0.03081615630288996,1.8889254682018644,0.9674299508300441,good
20.18,0.058720918513415446,0.00162380058903795,0.009218515467676535,1.169987521369787,0.0321294523552684,1.8064569120643266,0.8765628053374693,good
20.2,0.02399641594003428,-0.015430858857730422,-0.021240950533644696,1.1162922983513488,0.004012835955578876,1.7784508139906554,0.8720819581659958,good
20.22,0.004711908670850252,-0.014553372473323138,0.003507695358359698,1.1557196879842244,0.015114208842072555,1.8854139135886632,0.8653766741275306,good
20.24,0.05572347941251895,-0.00281076477329999,0.0019622896157008417,1.3133569875921305,0.008751236812413563,1.7903804805768042,0.9360636403775773,good
20.26,0.028961030663475124,0.018661143268138277,0.02244687897565101,1.0943093074838122,0.022662191328599098,1.7414287046715795,0.936035400857546,good
20.28,0.0384204283760445,0.004484911710060682,-0.0021791907132291785,1.164909453089234,0.013383126806472558,1.8534558046368077,0.8782474616130219,good
20.3,0.01981579596849625,-0.027286595106874683,-0.0020890397587750753,1.1792744180499597,0.01659133280896908,1.8892409625809556,0.9059724089716402,good
20.32,0.024466187535985725,0.002198036333072386,0.012571244320654288,1.2131424075975992,0.014424853185297327,1.777704664878654,0.9276809928377587,good
20.34,0.017218023897113324,-0.010072797490943548,0.023973354161687537,1.2514704563098915,0.040121903798946285,1.7890007636092613,0.8197685827653702,good
20.36,0.04810783187074507,0.018250319745373122,-0.02360735281241017,1.1855098976320322,0.008696535354508267,1.868664373740903,0.8707820444198752,good
20.38,0.019280908222809888,0.017230745536533632,0.03616980600299228,1.208819855132373,0.011872725165963957,1.7411337490985423,0.8187728305200519,good
20.4,0.019894129977341104,-0.006951707590011253,-0.014863520088357568,1.2559505644792752,0.029154997092442687,1.8741521961702061,0.9327998920322723,good
20.42,0.02858775397703746,0.002529239018314784,-0.002314186863762821,1.280401580811261,0.01875403116410293,1.781124204637963,0.9408540892517103,good
20.44,0.01986218410490892,-0.03168217911450843,-0.005917095903873222,1.2140169800110276,0.03120201164260869,1.8135315787408743,0.9316185661311989,good
20.46,0.01670550990120215,0.005752398583431069,0.014933434538885274,1.1831902769730482,0.01039754500311308,1.8865996536548966,0.8058131827365069,good
20.48,0.03980794943153094,-0.0056800112009109715,0.016950606196949436,1.2539299503088939,0.03283798593180233,1.8547445293032014,0.9378806480439903,good
20.5,0.024180832984322314,-0.02658208709089787,0.004075279968812301,1.2018984969100024,0.02223921261715197,1.8056912946591184,0.8945294262278262,good
20.52,0.0154807636390652,0.0034002705078478887,0.021406125770850732,1.1394981616296012,0.029229422303338998,1.7632828867617416,0.8969150054528848,good
20.54,0.020318146180925603,-0.009345351100431968,0.004743678200389181,1.2015528427032844,0.020194158314336078,1.7550116946499061,0.8497967912344084,good
20.56,0.0373742465721867,0.01510859222756301,0.009783845241072018,1.1942757173349072,0.03466333522914675,1.8021179949224588,0.9379578312665231,good
20.58,0.019128800234097774,-0.01091743988298731,0.003966103130501324,1.1370488474157452,0.015281033665043763,1.8330971350727145,0.8727793042776073,good
20.6,0.03969625042563042,-0.0263396760149118,-0.008231673367551356,1.1276691273108512,0.01938327793992094,1.7546843624511128,0.9371644615185214,good
20.62,0.023203983206164014,-0.007628184304633811,-0.007074998427955625,1.2314474860816795,0.03480677312827045,1.7111896352292395,0.8479446312623009,good
20.64,0.02332063388242494,-0.012837176886848262,0.005801064525660917,1.1051903765012752,0.02821489470489346,1.6950634514570733,0.9548096012635184,good
20.66,0.02643396541176013,-0.005166908692215572,-0.02582513015784452,1.2260383884874355,0.014492974352455307,1.7413563991185896,0.896805486860341,good
20.68,0.02429445690692236,-0.01545340113063355,0.013101052194721255,1.19807148612508,0.024402958426082227,1.7268117914098928,0.9072131952112948,good
20.7,-0.0020275620539229582,0.021163576239823248,-0.008850750024511913,1.1408114359166908,0.015383430908513976,1.7579364164265494,0.9305109126279656,good
20.72,-0.00584617440415679,0.00517639540128521,-0.0017078559453464392,1.1389593750103222,0.017776858730893547,1.8615022761499798,0.8496684486737167,good
20.74,0.0038076062729994024,-0.014760925098218735,-0.00037059314734585276,1.2758338280320973,0.00944116307250526,1.8010563819098182,0.89011454553897,good
20.76,0.01177113709180751,0.00900231746776901,-0.021275784229044248,1.2715198576600797,0.018271874853375614,1.7918654007401225,0.9879060611611648,good
20.78,0.02972566598792541,-0.00681234887431031,-0.010131485320787998,1.194586701389132,0.017990377536927168,1.7033255453657163,0.8219057469448459,good
20.8,0.049603953126983555,-0.005010361505320932,-0.014780289332927129,1.1550875701993915,0.0034883452712539086,1.897469095076744,1.0135521600322104,good
20.82,0.039826708845756786,0.006037473284240848,-0.0007552394678354492,1.1210002191704174,0.021261785519009712,1.851023964496091,0.8905854870552805,good
20.84,0.021036403709427057,-0.010589674624767256,0.01140119273896467,1.1667991494660954,0.029446996054132972,1.797642658139037,0.9824294184084572,good
20.86,0.019743258678040755,0.00902706281522643,0.001805820598115331,1.1886143407397032,0.028192066298163503,1.810887519471182,0.9397645935805312,good
20.88,0.024929430743878087,0.011455830785441089,-0.014016146040520969,1.219721744403646,0.033381586284743886,1.819361837430626,0.9558367619780945,good
20.9,0.011642479456316076,0.016634435548604352,0.009154941709429612,1.1639586539150917,0.0066632964507756555,1.7712247484658865,0.9396031964366673,good
20.92,0.023574136084065767,-0.003161513897853712,0.027443476801193,1.1273458659780737,0.004039170808773619,1.8686241389035516,0.8620101282056902,good
20.94,0.017721394132319428,0.008590449661147262,0.012343537012214098,1.2161033255062297,0.01227121520370415,1.8038226828215946,0.9658266946044316,good
20.96,0.023552608938204933,-0.0013814220653258354,0.003963945682221888,1.1697904164892647,0.0,1.8107813425979122,0.932400702863732,good
20.98,0.038420690018704136,0.011320022212141,0.023896887934183524,1.0990944286661724,0.001962511953691147,1.778539028810651,0.8725834646932962,good
21.0,0.031612115402965005,0.0011068590927300456,-0.002763292717949812,1.2162867878393855,0.010919812881532754,1.7590072866406978,0.9067839215824799,good
21.02,0.03636559618919364,-0.004939922728000415,0.013060170212246229,1.20436540357463,0.029659868905268262,1.792008888354524,0.9542781990570961,good
21.04,0.03373333394464432,0.015334210424693464,0.004365256965154754,1.234142840890682,0.030198214727380972,1.790776963329675,0.8740993834891605,good
21.06,0.032310263171595,-0.009293408813284344,-0.0039283010722180696,1.0900926413577046,0.010776455732373808,1.8176610932204158,0.9816175362735025,good
21.08,0.01686596448544502,0.012975231773223133,-0.006526748237409305,1.290786308720452,0.009800359646350733,1.8245393105907086,0.9666108835255607,good
21.1,0.005116091233727812,-0.011889069152692935,-0.006642513300068617,1.2054030816398187,0.01676080303928603,1.806937975048425,0.8921138516784977,good
21.12,0.026500731691252728,-0.008110767618979883,-0.0017532876198637218,1.1624424452027047,0.014424690165173257,1.7354502762517743,0.906505977646955,good
21.14,0.02832882651644013,-0.00428807673623449,-0.021880915191048424,1.1676591568753458,0.02196042198405768,1.762280304316605,0.9238372588240188,good
21.16,0.05107527678713247,0.008801357193612159,0.010430489359719302,1.2334830743416065,0.029949407865387148,1.8403728573766815,0.8847005452773274,good
21.18,0.024820236099116797,0.006913638008470941,-0.02470323516984239,1.1746386707376248,0.02958211172974884,1.7256837660721396,0.9311713008232405,good
21.2,0.03021619235788876,0.01932528955540938,-0.01214623081039087,1.1985173156132845,0.015843464075902626,1.8023788248771258,0.7884597162708485,good
21.22,0.03475084805537377,-0.012026996864574464,0.020560788492615084,1.166924841838044,0.027847410227736954,1.7510551393312845,0.9636977934629044,good
21.24,0.015214315224823787,-0.004047643303869928,-0.007473234016150578,1.168890973266034,0.01766178005251812,1.8110900940044232,0.9352606951092062,good
21.26,0.014934456449847693,-0.008537590893918309,-0.029687232960422198,1.170250462968123,0.019181125911835226,1.8407577772212063,0.9488653333571784,good
21.28,0.028008093363784653,0.004974699733705187,0.0036705891884449833,1.16147497224979,0.009792996575454894,1.7430214842970937,0.8908504368830217,good
21.3,0.011066496374429045,-0.001654649098911546,-0.012119742493146473,1.2672088918154538,0.03145489911336091,1.7944496121384943,0.8761627869531824,good
21.32,-0.0029437951538017677,0.006216626067347068,0.007887357971493578,1.2894856454030468,0.028722707783530605,1.6912619852327033,0.8817572650681148,good
21.34,0.006961867277845241,-0.0016388980439455208,0.009070166635087251,1.172578671966583,0.027847899659713557,1.7503830619136402,0.9050973903593309,good
21.36,0.015239677684490867,-0.009407671857403583,-0.000762808848495376,1.2366261734312127,0.009558489940293043,1.7510948783675249,0.8401016742049456,good
21.38,0.02144067978750193,0.005573446569859973,-0.006222227625712549,1.1421902989952175,0.023959449622454894,1.7149294484270736,0.9051263563204813,good
21.4,0.0168650206951088,0.0042610924095331645,-0.025521425655559773,1.1613704969552807,0.010185114712431729,1.7313685345300915,0.9590455975895827,good
21.42,0.01639599075313609,-0.035636860353492394,-0.013489445597041318,1.1169980638657588,0.012850117545736056,1.8389073980150785,0.8124574526959524,good
21.44,0.019271806648579595,0.008147557301660082,0.0009101267569248312,1.1860508273817238,0.032807475707136116,1.710999702333975,0.8868810412029927,good
21.46,0.007300337917541501,-0.016747110318812153,0.019616314119693133,1.1724890000677952,0.025579877711106404,1.8612550064147146,0.8251358882203585,good
21.48,0.018988073168271842,0.021784097091137038,0.020025956466932098,1.1612995079874116,0.018750156882119416,1.722549966322476,0.8797691638081427,good
21.5,0.022448684917288905,0.00358484379332494,-0.016864899368908837,1.1159188414277383,0.028814718586979718,1.8117551657314372,0.8716877340050522,good
21.52,0.01800322497767101,-0.0019695830454189533,0.005671540977126152,1.2383610881121498,0.035723065994658854,1.72429587751637,0.9204811865147505,good
21.54,0.015399321050085539,0.0009279591950285806,-0.007624431564010553,1.1503234948338001,0.009335691286949785,1.7979289113880244,0.9498420066554142,good
21.56,0.01878759490450379,0.00590685082149913,-0.0006806489665327915,1.2822720279738022,0.019797995884752156,1.762752579751309,0.9215797710542343,good
21.58,0.055742904441149634,-0.018487536611686624,0.02250676393120023,1.1640253566041114,0.009151916122066991,1.8946548377334664,0.8993158861192776,good
21.6,0.03872594896738685,-0.015595902910676116,-0.0020657846723495664,1.2478419452953713,0.0005780491094598758,1.859032494736141,0.792982661838308,good
21.62,0.01842053128838395,0.015586357578897023,0.003979749987058866,1.1965147510584913,0.01892348708229081,1.8139735085359765,0.8738074938006426,good
21.64,0.029499830454269613,-0.02536001087251121,-0.004669296513826418,1.1099655991298127,0.020446574423308578,1.8173513636764083,0.866439538008451,good
21.66,-0.004009812062734413,-0.029386219719284318,0.01404122198701652,1.2252304571435535,0.013964822705463889,1.8203714763030405,0.8997718093736717,good
21.68,0.039794827374607024,0.01618871271820565,-0.002650367606561897,1.2222394676976347,0.01316581863457315,1.8133123222765783,0.9074153498931641,good
21.7,0.024627507337040076,0.0011052129660801744,0.02135163793757546,1.253473397586528,0.02301532028857094,1.817094570963765,0.9397516884567619,good
21.72,0.02580333201051024,0.013582537952096848,-0.009751450296543146,1.082690072811654,0.030806607054765654,1.7548489704844643,0.8874343003459652,good
21.74,0.009890151249349773,0.023463241977672643,0.026756795796332764,1.248992339981343,0.019578542867473906,1.8449957205468994,0.9792680560634233,good
21.76,0.011085306602012679,0.003276681915322538,0.004872518744129949,1.1824029020931195,0.02668940195810666,1.7689449217940072,0.8601089844348108,good
21.78,0.020963763799775693,0.00825610531249748,0.007161923832594292,1.1480442564573035,0.025028055408415538,1.7621364305093112,0.8941565947663365,good
21.8,0.01689747407525002,0.00209614187769571,-0.007883901658315153,1.0704204425337787,0.04125755246486976,1.8232038771344914,0.9326046440684224,good
21.82,0.02232394241885624,0.027389435898374486,-0.005659775466912596,1.244138060589831,0.03314005660868288,1.8218752322455958,0.9046165744742695,good
21.84,0.0029659242057189,-0.0040893205253006845,0.009451335302990074,1.2832898384209264,0.02228978779037635,1.8902684208390883,0.8508766748085697,good
21.86,0.04755729995244709,0.02352656999766644,-0.010757474936819325,1.1622413585388798,0.025016708572205434,1.9013573925564762,0.8448494499278384,good
21.88,0.01743616839062125,0.03310907892076758,-0.00023151189365604375,1.2920316231722726,0.008441617305611418,1.6916582695954265,0.8698075318263002,good
21.9,0.02752659333408949,0.008371963416404764,-0.012582454941158651,1.12155944139311,0.025264826060769897,1.7728722625231292,0.9568554365764679,good
21.92,3.985953876198519e-05,0.0002522094879682405,-0.005844593541009406,1.1775334582593722,0.021574673251642983,1.841683059879332,0.875421892230245,good
21.94,0.01868449294491215,-7.56101341558797e-05,-0.008988472070040703,1.1885854041701802,0.01611679976207815,1.8334484856076145,0.970142985225629,good
21.96,-0.0025822798842169833,-0.016968338805915854,-0.012405139323829407,1.217620280338224,0.01605441279464845,1.8599073866008156,0.8684147316049015,good
21.98,0.024632381312639236,-0.00548600181303448,-0.00879365744762827,1.2743416309174682,0.02609535754861306,1.76819765135829,0.8674960247203527,good
22.0,0.02571579777852755,-0.010998717010827953,-0.02291403654798298,1.2439158497933778,0.013652650731922546,1.753240739716528,0.9885786075736901,good
22.02,0.026468529222969335,-0.017468238126001418,0.01666753701153163,1.1995716728515715,0.025176600004671434,1.7165731289880752,0.9335802205464993,good
22.04,0.03041547823123334,-0.018203119588375387,-0.01211199773281153,1.2802700015012005,0.0013727580892837418,1.8074233997513132,0.9132404748587473,good
22.06,0.04265552947160545,0.012755562874411246,0.010271596665629065,1.2602359660361147,0.017717411593180674,1.8907048420323083,0.9205405499319332,good
22.08,0.03602666292549078,0.011518150850748329,0.0021831149560634713,1.1450259523208641,0.03529032716998121,1.795285306802963,0.9257236746339949,good
22.1,0.005451758878299932,0.014656647130867324,0.020220967432338987,1.0849235624474982,0.009044724485489047,1.6875451418159846,0.8931885056974771,good
22.12,0.013021071299678666,0.0002092251562558082,0.010516722578034245,1.1710949237310042,0.022585557401152694,1.8202773898694287,0.9301933270641871,good
22.14,0.04567039244525218,0.01320581840590294,0.021865242128281392,1.1915488282180422,0.01854556405564176,1.7407401184715505,0.8231774027793086,good
22.16,0.011750222562333502,-0.016447306536210394,0.032398021815305704,1.1878187525862773,0.020727145283612032,1.885285553115649,0.8952323071358707,good
22.18,0.0231942391803686,-0.00812705439827728,0.009440381265949326,1.3158757780915495,0.012725092101700223,1.7654220141026808,0.8650240155384578,good
22.2,0.03417796592341181,-0.01559850599483176,0.01964333756091808,1.1983531710918052,0.026426879584525245,1.721750411918726,0.9254688458242587,good
22.22,0.030432704102674343,0.002050347114854958,-0.00716759774439276,1.2509711939458066,0.03242319969207696,1.8103436346724913,0.8675019984513548,good
22.24,0.023195374107769815,-0.027441023405970683,0.0018666436715533484,1.1643067601650332,0.004544907643621771,1.7880586577841013,0.9470189343739356,good
22.26,0.026688857213822633,0.009706073599223642,0.012949096490465307,1.163625034228114,0.022124249460808924,1.7761445715117923,0.8812207949835422,good
22.28,0.0220422996279651,-0.014073631866509501,-0.03345218172302833,1.2071441144987853,0.02552465179117757,1.7705665708103404,0.8784060416352354,good
22.3,0.0086618153611628,-0.02117009101854798,-0.02300868927066364,1.1050018953695433,0.031132953406279786,1.807238542607409,0.8402294770643902,good
22.32,0.005135605536706035,0.034806843475312974,-0.006354422474368141,1.1559784933263364,0.014104536311746284,1.750874899624298,0.9244084612326944,good
22.34,0.01199215905281707,-0.019008024322615395,0.027787729926281906,1.1995997582948992,0.0017521851223071712,1.8528955411973973,0.88463498195863,good
22.36,0.03370427625431355,-0.023122754369473284,0.0038813006704227202,1.2417844740815613,0.01511492589219596,1.7762515926983893,0.8794606592962407,good
22.38,0.01612777579124771,-0.011537965547199217,0.012095634233523727,1.1722262767236586,0.014818291459308335,1.745839446897531,0.9103711333489874,good
22.4,-0.006804439401281053,-0.0058983760606696346,0.01715389784121607,1.247584667880678,0.02563666332026059,1.8363193835276173,0.7893102637217533,good
22.42,0.02849262582418884,-0.003536741738136571,0.004630397779305697,1.1500465272295401,0.01770293695420397,1.6687993598992101,0.8594328484300446,good
22.44,0.018896171846029118,-0.011548945522652206,0.006179701072291525,1.187386483308796,0.015691284620136255,1.8827740241210913,0.879682250488461,good
22.46,0.031293721388059026,0.008068858164597894,0.005750327642689349,1.189219545176419,0.01815644884107248,1.8480195027695112,0.9024065769833819,good
22.48,0.03759445592217699,0.003096064251608897,0.007053931653258587,1.183564996316228,0.029668302866423447,1.7631840554339027,0.8576262384488705,good
22.5,0.007084324234241938,-0.00881437191607717,-0.006452924360499152,1.1781446563329476,0.01625729663332173,1.8404884481386148,0.9111623217585202,good
22.52,0.015613197847699625,-0.010526728467322628,-0.008092670425271337,1.1699013920392036,0.021651275494767124,1.7610577151265483,0.9627341810936343,good
22.54,0.024685520347153544,-0.003938912004894646,0.009268046431947684,1.1620076916460742,0.016266801399565232,1.8855417190724508,0.8893493787304622,good
22.56,0.030490024440122065,-0.014635440928798977,-0.01097462067830688,1.1662123979640597,0.020331707603211215,1.7960574842751684,0.9537680880125089,good
22.58,0.03241535516946669,0.025788388255344238,0.0099697091152403,1.2326540695663395,0.0328599056297965,1.8396711034971043,0.8376391284109854,good
22.6,0.040019998524069664,0.0039023078395134794,-0.007763128894024821,1.3259938222662049,0.01777278106461582,1.8121947201961959,0.9447334542094605,good
22.62,0.025983720020341564,-0.007867433242437221,-0.007493798039507095,1.0823288366312003,0.038853685220052454,1.7915942077899674,0.8538778317423616,good
22.64,0.016373549305006608,-0.004316682572486126,0.0008796885457683817,1.1866092689460803,0.025325201534721183,1.829022666879036,0.9686889053981501,good
22.66,0.04246869332454728,-0.04152580228407503,0.00167889249758762,1.1683356528746156,0.023804140231061012,1.8478179696674166,0.9799302591448317,good
22.68,0.0222417361703982,0.013877361801885769,0.008585050473004585,1.1996607934221817,0.0046046524299257294,1.8414482076481293,0.950123587333212,good
22.7,0.011484260912292774,0.022748786560145968,-0.014447790421061101,1.1846166573691104,0.0010335772440660772,1.8375520296772003,0.97231085486072,good
22.72,0.013593275819869797,0.002817941964378279,0.031745356120143536,1.1822249783182857,0.04119100875485962,1.8986099448824516,0.9554141873363758,good
22.74,0.021667026355160858,-0.010078916991857367,-8.349806294577517e-05,1.2269176728146616,0.00041994270224537597,1.8294966807737758,0.8807549840884237,good
22.76,0.02065362743423293,0.006096269570368329,-0.011311357399952454,1.2494152500098072,0.036849837838996216,1.6931264628859781,0.948520724477411,good
22.78,0.013493253628098913,0.013068684700040247,0.007298446562842164,1.142452589075936,0.018574650100585753,1.8399004344959575,0.8919614781949172,good
22.8,0.034512440393539234,0.008953355803266255,-0.0048465913659995,1.2309129453457432,0.009063452521501892,1.8650246742058618,0.9138800606148239,good
22.82,-0.00779921019026915,0.006405017727947357,0.0073880180730781795,1.101879782648738,0.019010676070816065,1.9279619894803655,0.9346356005135283,good
22.84,-0.006233046611043226,-0.014345713668778846,0.01744256730381316,1.1464342661307902,0.012451256957640254,1.7426128783406274,0.9679839076616594,good
22.86,0.03913353720136063,0.0018970670736577397,-0.011381084087502132,1.3256969987306055,0.005571693730902343,1.841998450444526,0.9624291722263382,good
22.88,0.01526446420777037,-0.003795364023745965,-0.010051139631399881,1.2676499614089323,0.032155921504690155,1.791813973523663,0.9357109917075945,good
22.9,0.028569520383982968,0.006558225457580235,-0.01808931997518021,1.1196329569880255,0.012787828158469872,1.8072256894081487,0.9243636036021677,good
22.92,0.013469957774787995,-0.010853257531939879,-0.022380196607745664,1.1918753194904008,0.01106784591553553,1.7605412081822032,0.905093625340405,good
22.94,0.03152544552220351,0.01401223107598716,0.019153544499593844,1.1346685173977997,0.02742865868842407,1.843475139303196,0.9319583041421989,good
22.96,0.027880097644407752,-0.012588579834689795,-0.007955922273618141,1.1579704302609943,0.03701064103033071,1.7065442195214526,0.8386323985355194,good
22.98,4.858863817513669e-05,0.019417712028648247,-0.0072042223864376784,1.1622785689219663,0.032012027536570564,1.7674094108711025,0.8533035646620719,good
23.0,0.011562810046713242,0.009610772891051373,0.006541808384929185,1.2721902273032561,0.006095528881992784,1.8004914879267366,0.8739601644080237,good
23.02,0.031908275180822905,-0.0016178189136213023,0.007163233675280382,1.2146192559408036,0.025547360270430468,1.7924145308232142,0.9036832357984966,good
23.04,0.010993580870904846,0.007587549791103938,0.0018435721960899489,1.2802424436870659,0.008066406171779044,1.817644316871747,0.8936227815132909,good
23.06,0.010068502545128592,0.03713839550782976,0.011309568088526763,1.3073212298005514,0.022557352507205912,1.8132231652805528,0.8106161313796231,good
23.08,0.018721839183158614,0.002764324585910207,-0.0028670219378207785,1.1866858868941101,0.024298629393126246,1.760303065470652,0.9400589030532315,good
23.1,0.03798729730630508,-0.001334978775771666,-0.010913002578447602,1.122887593950768,0.009484473061337411,1.8282567270594807,0.9066004836684096,good
23.12,0.010260173462022935,0.008987079846020754,-0.023749114595992504,1.1063133415148387,0.016679262879975655,1.8105557970278332,0.8854275697760436,good
23.14,0.0060031849923213735,0.012247165087248801,-0.004323891493393643,1.2208553111100346,0.011085696257501781,1.704994236065769,0.9679588860083914,good
23.16,0.020820979835356492,-0.026214164196747564,-0.010333732427332546,1.1428553786697828,0.03372681867162282,1.8104589501563164,0.8558937509040275,good
23.18,0.023372169246032914,-0.013971286688766392,-0.021048549325756817,1.1072037410101803,0.010122713118335876,1.737590415994712,0.9557038194640584,good
23.2,0.01473121732660564,-0.014714455823440466,-0.014223514413053003,1.141411076228867,0.025383043313928638,1.8429044410845765,0.8597149661715037,good
23.22,-0.014703369572329476,0.0003496731954677417,0.013135253564271648,1.2408492210756048,0.014096739484492145,1.722196055375618,0.8154600299545061,good
23.24,0.00971380148306604,0.0014405406288847719,0.017521364113054202,1.339785558178729,0.024123440180244406,1.8320227146391703,0.8140341997258975,good
23.26,0.013126469593197188,-0.004556152345224735,0.0026472475779299835,1.236589566439552,0.025392154408497594,1.7621658101766533,0.8538580910011188,good
23.28,0.016583385858838978,-0.020135377374586445,0.039901277950349416,1.1284512508741364,0.011955027481920118,1.845768411884293,0.9598517862170667,good
23.3,0.03425379512855815,0.015130182954089409,0.006218134848056608,1.1978353982931276,0.038317904930062624,1.77320717725702,0.9458239236736337,good
23.32,0.024858506457090822,0.014491572957844848,0.012589823721006092,1.2721000188303955,0.03848092382485503,1.7166125074736922,0.8819066088876704,good
23.34,0.05874250838954781,0.008214905074417106,0.005906492076199198,1.139260956886838,0.03382355759213859,1.754761236307241,0.8659928217487617,good
23.36,0.0030522679827814417,-0.025458857794538048,-0.01017573524362433,1.1468183724387502,0.01644646624561551,1.7610815482473623,0.9596306111827048,good
23.38,0.0009419693493166713,-0.026936035746371406,0.013971172026734008,1.1236542186089384,0.028134996378394114,1.788575126806303,0.8352533405944693,good
23.4,0.027771318751775156,-0.003287348145556893,0.024325858647743507,1.2023644634263289,0.026301594378145342,1.8238188872870325,0.8035713406182889,good
23.42,0.011425993620567749,-0.0277099067699937,0.010301094590189797,1.0875291605228257,0.01299427441131244,1.7598031181110114,0.8487365534795752,good
23.44,0.020651382736933267,0.014871908570207884,0.021255650985103982,1.1569699240191418,0.03235527880512086,1.871261036148796,0.9178963198091106,good
23.46,0.0018358833315782746,0.03641866405911546,0.009888803558026706,1.3201697447519642,0.042235019620965666,1.8200914605779954,0.9075080969219852,good
23.48,0.02444824410101629,-0.031619085099434605,-0.02166728727642195,1.2152525123518572,0.014205170895603862,1.783240371537358,0.8911841201240887,good
23.5,0.03592179257969623,0.0069349103397101765,-0.0012897213606633475,1.2554443270097633,0.01809756626641424,1.798428651225815,1.0204109795111258,good
23.52,0.021552062324431888,-0.007940882353318239,-0.01084449403026828,1.1064537377350787,0.02450427315572036,1.6722916107841317,0.9812150636419779,good
23.54,0.028156222516364446,0.0016109472661249783,-0.0036375979115022663,1.1533587003075045,0.03224104407871183,1.8650643110731104,0.7736681502622481,good
23.56,0.03032423979612779,0.021894614464351626,-0.021790255164966528,1.2406245317351736,0.023006795230264863,1.7648622529011595,0.851349314316183,good
23.58,0.0411777430446004,-0.004114233910629061,0.009124386227190766,1.1607543047409061,0.028979834656266523,1.7978652728263473,1.0004243837901394,good
23.6,0.025696718825000228,-0.027085932281202183,-0.0007495165530241613,1.173580769329495,0.02796245926811652,1.888177562262867,0.9013420997513647,good
23.62,0.014016416620737056,-0.02135367460135777,0.006608500806513526,1.2084822443818766,0.014398600434730282,1.6834945285829013,0.8970494319502973,good
23.64,0.011515198896436438,-0.0010803431167466422,0.014637579839227526,1.3321440215835478,0.025547223279616747,1.7952219694544582,0.9112746280341216,good
23.66,0.0329289584770318,-0.007690751061171858,-0.001247928350583053,1.252467249007277,0.01163392180945232,1.7591521182894485,0.8735242308676442,good
23.68,0.010968159410931549,0.0042574526812021824,0.021758992453082417,1.2467699703122985,0.010357862037892126,1.8358373041166074,0.8844266909252088,good
23.7,0.007781341536663562,-0.011978979026176433,-0.017427419428379876,1.1213145514541023,0.01694750692475151,1.8063509330117824,0.9002918657323926,good
23.72,0.025028485683482028,-0.007582336156090943,0.006214227615959238,1.2089163632205264,0.010649659183836242,1.7511053782725325,0.8859818095358782,good
23.74,0.011958583883621155,-0.00022293707527962906,0.0068041287128167115,1.0944206647015395,0.0,1.8801420274346508,0.9024216628902613,good
23.76,-0.006095681359225347,-0.007498143708421065,-0.01941240096732105,1.1931529725610663,0.02189380780294734,1.8160783751605238,0.7988336537326928,good
23.78,0.007069751397539841,0.013878174084836013,-0.0008142678477736848,1.2121385634056108,0.02740103983436511,1.8389715695569162,0.9642794344824949,good
23.8,0.03103722562081492,-0.016286397532807483,-0.002070757288253607,1.2726562336528862,0.03665944916130766,1.9331991855536466,0.8761283155768055,good
23.82,0.03672447181555278,-0.006366269378846736,-0.01123717473464457,1.1523860593258213,0.02176814472976641,1.8968570422376445,0.885281468057887,good
23.84,0.030561780205762466,0.012717021822243116,-0.008315904976024207,1.2582575833688685,0.00738624662498405,1.7883672809756996,0.9466587918821419,good
23.86,0.03112157855694952,-0.011119954277142444,-0.004642548456110845,1.1681819387481407,0.019214572551059746,1.8491663929004363,0.9680566966149372,good
23.88,0.020040892964750583,0.0189971450811551,-0.01491842727368452,1.2911616899446021,0.010844386510580777,1.832867011138626,0.8803237746983213,good
23.9,-0.005514895069805292,-0.011561152637415183,0.0007966743807620609,1.2355051901834644,0.010040585422156512,1.904314208547167,0.9102603539572055,good
23.92,0.003349673429960066,-0.021440357224183085,0.0031215544186174475,1.2290570804097438,0.022256458490089396,1.7412504364578842,0.9759140819724084,good
23.94,0.02314714743136309,0.010269676324238431,0.02736884064562614,1.2460441342650572,0.014622517210817561,1.770426124683919,0.8809048263681063,good
23.96,0.034290593539166865,-0.0005154787790376949,0.0007843078065363205,1.1599455825439813,0.004768260190433535,1.8164334861702414,0.9540492315761736,good
23.98,0.03196844574098619,0.004477656665487175,0.010482813501474519,1.2135404312461489,0.02543940252607383,1.753893459591789,0.9712110667845602,good
24.0,0.026225780688934348,0.027546903889666748,-0.009993246676982065,1.256358290643538,0.027391816562703095,1.7831344385130279,0.8077301274843801,good
24.02,0.00045916947323452074,-0.013860334888015639,0.014874861332580267,1.3681419606854368,0.009085800593002218,1.9739102773278918,0.8612291003649384,good
24.04,-0.00022831459642061832,-0.0163167852497368,0.03275768552039608,1.2691115550859555,0.015889078207455925,1.8433964072600226,0.8872061977885667,good
24.06,0.008723410865788785,-0.0020938759969172933,0.002617820112242122,1.129364485406548,0.026486243100650043,1.7204139199210582,0.8595904444675941,good
24.08,0.02268840644486214,-0.011038123485430883,-0.029209019444270463,1.174766404598167,0.03307094669750969,1.8375218089318714,0.8324757543039099,good
24.1,0.04215346824002216,0.007610321716446865,-0.004481876630562787,1.157082703128603,0.026807068062875035,1.8802955257644285,0.8467030299451552,good
24.12,0.04568513491272184,0.02557441513921202,-0.00409246470609105,1.2159876254074289,0.005941377861490842,1.7749316769950871,1.0043597955422092,good
24.14,-0.007676795493289732,-0.02797004594760247,0.01831201285027656,1.2785709961599683,0.050106622070445465,1.7489909920981153,0.884338975791425,good
24.16,0.00940685302200026,0.007617781195894865,-0.010209829231402894,1.184307329428991,0.02132190031832669,1.8488232027765639,0.9876490852722356,good
24.18,0.01836821780909097,-0.005368439744085007,-0.0158034528401923,1.1703142024244837,0.0,1.8285410583849147,0.8718462055949909,good
24.2,0.006110285110015122,0.014179339779737897,0.010388333381954948,1.2214331926613835,0.013496370015141692,1.7602639247125937,0.855112457881038,good
24.22,-0.0012289368921396585,-0.016606538722784493,-0.02304605788668675,1.1687807654302187,0.016037965427333975,1.8005733041299077,0.8842216851689694,good
24.24,0.007808560523703612,-0.009377071966397168,-0.0012231548845606402,1.2601315124068269,0.012402162139010162,1.8914857452406129,0.9075104366195951,good
24.26,0.029828104516283142,0.00449436155410208,-0.010366552190611717,1.1732253720312176,0.025825720802415346,1.779530981571289,0.9601228378263125,good
24.28,0.005506854091891414,-0.018634100300369452,-0.011879942675205396,1.1997850543496573,0.014637427455936006,1.7700286157127472,0.8985363311502641,good
24.3,0.03837328775879459,0.0013755563728838837,0.01033973200616164,1.1764657048632117,0.03203471099473809,1.800009859473676,0.9096604873048427,good
24.32,0.03229383408823961,0.00327775131694072,-0.01809865353145478,1.1095783892027793,0.013218843520247301,1.8853763429427095,0.9582084147040622,good
24.34,0.014238913677710654,-0.0033927191365654475,-0.009569808291115528,1.2169171368916343,0.025279754203442393,1.7981667682949172,0.9173435415575101,good
24.36,0.024705861309723166,0.012060037493821615,0.010941294789737462,1.2074863412095589,0.03977832060732102,1.8004459984054866,0.9386512353358725,good
24.38,0.012891418369953994,0.007373522493154205,0.014408914492812824,1.1744308990357701,0.007577441592900545,1.8649906374230565,0.9414184053589089,good
24.4,0.0012120293014070492,-0.01761305978258205,0.02440758800960833,1.205416741339702,0.018520713185332827,1.9160916453243317,0.854759084107802,good
24.42,0.010357772499426326,-0.014069737809944178,0.00881144923526454,1.1697384304790268,0.018009108462825503,1.7554935984616644,0.9775668973826956,good
24.44,0.024668043099178787,0.015123146630866634,-0.010508833043402615,1.2020079361159626,0.008583374899592126,1.831175294908092,0.9031163915069153,good
24.46,0.029736895348637105,0.02464668179623448,-0.013758490946416398,1.2073834264984025,0.028171009709005365,1.8023608807068225,0.8701030880300585,good
24.48,0.01218240021618075,-0.032141452155343614,0.024670799905983507,1.1348857063051447,0.005467906111983348,1.6832329151529746,0.932880481712298,good
24.5,0.026899349612869876,-0.0002321497501213534,0.0018770824315875554,1.202100653675241,0.025110537551058666,1.784090205402137,0.9337592513764212,good
24.52,0.03961053274039676,0.0059569090987112525,-0.006808225371339532,1.3026603374634569,0.029738502492620042,1.7440605013475616,1.006244572901705,good
24.54,0.026267235070709747,0.006258534601404811,-0.017656790174318225,1.0955820495477673,0.027864768158124498,1.7233633874892802,0.8873504941732328,good
24.56,0.030898709194432286,-0.01729854878383374,0.0007067726755572633,1.2396688138053682,0.0,1.769418178453988,0.8896631356347394,good
24.58,0.05550944848526921,0.007165973930770929,-0.016338661016101586,1.1464543169436723,0.02706648027332013,1.8500349388804602,0.915654419986022,good
24.6,0.02554768411525691,0.004211770934506667,-0.00010256329968480872,1.2791832597484298,0.029025987028815172,1.7025808882866436,0.9369412647854487,good
24.62,0.0068014249354037435,0.009568600591569627,-0.019677317546948753,1.2934053547346989,0.032150457281393284,1.7866265074346952,0.9787696935778205,good
24.64,0.039302385751532255,0.009333683387859247,0.010325888670264525,1.286282474179039,0.00046972006969417737,1.816061206254098,0.9419968399495644,good
24.66,0.022782903811874512,0.005410279663608594,-0.01460745258893459,1.2419239762033942,0.025463917192252813,1.7296075282136139,0.8536617925538565,good
24.68,0.019354372656353626,0.012954441949457886,0.00947615869817009,1.1845440010777637,0.026756841779143864,1.7981617575156796,0.8882881564478832,good
24.7,0.02329789161597339,0.0006818672687751491,0.020021878984380632,1.2158574441272685,0.03434091487791033,1.816516568066306,0.8963477539106603,good
24.72,0.009554888551809158,0.010442505297014154,0.019665902351110993,1.1777130332221284,0.015158661339389132,1.8200552824293788,0.8444322179644871,good
24.74,0.021502290117735728,-0.011770053816851646,-0.000848905522533167,1.2010195981253635,0.025356566306879158,1.7637609645597834,0.9057572223977016,good
24.76,0.023099251767444623,0.0006654071421243591,0.010395500983641084,1.1655548718856419,0.020606961838526904,1.8536025280918975,0.8947473079468022,good
24.78,0.03467604464910974,5.342887086065508e-05,0.021170149081158936,1.2413709548117422,0.014263935450115861,1.8067439778349326,0.9309567868922927,good
24.8,0.03979026082869537,-0.0044797640780989455,0.038510316660691074,1.2295521380034673,0.027854934890294225,1.8202920401677483,0.8238722594912649,good
24.82,0.010104158455320141,-0.012222602887663185,-0.022134655820242464,1.2269536431080619,0.01350251708012512,1.766692571077321,0.9555141272965104,good
24.84,0.02200741259308498,-0.0073888475043261065,0.005884963314732411,1.1256970200460974,0.04855465887526075,1.7955731450643162,1.0793048423298341,good
24.86,0.028809888370691088,-0.022296275794051537,0.008822608151232366,1.2436177030757212,0.03313072913478629,1.795488137988624,0.8958143969553702,good
24.88,0.020229393540829196,-0.007778872349153548,-0.007517067752645863,1.201462162446416,0.04299429051828911,1.7463139939570993,0.8367231131601995,good
24.9,0.008215328658630948,0.03326880950457624,0.012084344813387281,1.1645281565333865,0.010344794360548592,1.7552765635150498,0.9018631434020413,good
24.92,0.0033684032184051332,0.022160452061865895,0.0048157180120454975,1.1564692793281872,0.023392819847790645,1.6654634058950832,0.8363079512284791,good
24.94,0.04232489094071608,0.010486249220958534,-0.01681944825474029,1.2248983684413628,0.021642950386866516,1.8515119285525732,0.9377313349905326,good
24.96,0.03099757663498477,-0.002976739137816261,0.023381310811932964,1.1918350434594513,0.0370030686137079,1.6709657599114691,0.9139141329593884,good
24.98,-0.015192865827788492,-0.007794748828548827,0.0031420017556314157,1.1423738486676904,0.01554454520697188,1.7558178763226868,0.8997084309610743,good
25.0,0.02863918595810198,-0.004489353169086783,-0.020169967497907077,1.2856185281613806,0.017533851159608906,1.8047351158348495,0.925046226291793,good
25.02,0.008178095223313241,-0.018163502344142154,0.002382412799632853,1.1954362141760262,0.03797364264751085,1.8947334842460941,0.8620132085892486,good
25.04,0.02701378999387564,-0.007863238773464874,0.004183882891710037,1.1867155994776382,0.029935347177326474,1.8084534932012357,0.8936177530885626,good
25.06,0.04444168612304483,0.011809966937261654,-0.005984963575561857,1.1607126348927217,0.016530654630476958,1.786047931741902,0.8432055432026839,good
25.08,0.018957999634847882,0.013113080392046212,-0.0016991101076924363,1.2541459107496922,0.015383777004135348,1.8287430395957434,0.890084093008379,good
25.1,0.03297189336222221,-0.017376212394868817,0.020066159417041214,1.1584654562036096,0.0011694212719373862,1.7610280966649487,0.882468346433941,good
25.12,0.045855697080793435,0.015445053795542769,0.01010209204478562,1.2341201936756903,0.000625133551279182,1.723540119327427,0.9999307069144558,good
25.14,0.025840543691331482,-0.04028197928727761,-0.012900084948633657,1.2107501622118697,0.026747057939569954,1.7786035108610263,0.9102665285691404,good
25.16,0.038728409451339096,0.011842778351905255,0.020044975000987703,1.1778530798923232,0.020530254719979324,1.7401026831864586,0.9621273463683425,good
25.18,0.012606440646378484,-0.007589093106856781,-0.021655501538768832,1.2199289754983023,0.019506000540556484,1.8462256262234382,0.8816486524867744,good
25.2,0.04008758798110999,-0.010631246065953493,-0.01000682826404816,1.2531870102040585,0.046488378169825775,1.7360951684267982,0.9581512556679276,good
25.22,0.028295279219586807,0.014055363997963997,-0.016793476869879077,1.2041951438928833,0.018999663167893362,1.8067381237160636,0.8842212648543948,good
25.24,0.023547696613625248,-0.0034902228682183833,-0.01185198100229983,1.135856552316913,0.01267237279670052,1.8619526258450105,0.8563081226509035,good
25.26,0.05426615704684185,-0.01959452098654215,-0.020927173711188515,1.26109911069875,0.025595260814488027,1.7289274585758019,0.9145670414100399,good
25.28,0.009027334260184613,-0.023071391097739126,-0.0013969398706376523,1.1885204744229456,0.017965660345625,1.814944152479274,0.9732397978571634,good
25.3,0.01975482637931505,0.028388613077946757,-0.0005277583884295066,1.2687337433752515,0.03168716663687633,1.8351206690525736,0.9146978628477296,good
25.32,0.006730873834543342,-0.020996830803262635,0.010688915947008434,1.3003353282509476,0.006949308309340365,1.8683112799493737,0.8054502408371776,good
25.34,0.02374539829613902,0.025696316874329654,0.0019186681667728723,1.1586245410204006,0.027410465749948904,1.7855136882715557,0.8442302855201194,good
25.36,-0.005205758662696098,-0.0038022268827260335,-0.0018754395987416897,1.15548220139228,0.02873432419250843,1.8260524986461517,0.8622053468978303,good
25.38,0.016110683570004145,-0.04545772713739965,0.003179772373805858,1.173519010088434,0.015111382742755138,1.7615269734595418,0.8431061347982161,good
25.4,0.007986629192938504,-0.0038909251457343364,-0.008815341647193393,1.1024641707102805,0.007187840599192337,1.854610413404892,0.9587861270420011,good
25.42,0.021841684468697622,-0.011394582116117605,0.007039123558221906,1.1622457912601993,0.018568290907505714,1.8532226024154836,0.8880792561609275,good
25.44,-0.0009252870061004614,0.0012087650833868687,0.0015151218398981971,1.237081756371314,0.020154460453548326,1.7901274122049624,0.8702007122179963,good
25.46,0.015250759526492899,0.015483577008662906,0.018788498662352337,1.1956381415131094,0.020595232537360883,1.7637804817044063,0.9211285371293713,good
25.48,0.02784529671456539,0.013404049377552013,0.01886552041298115,1.261656587670522,0.030692481111127195,1.8456600955559272,0.9169762895603889,good
25.5,0.021100852544274278,0.0027819738692844197,-0.0027324109828813286,1.1959182521951086,0.036012408657605174,1.7654211789139218,0.8681923215760906,good
25.52,0.029640214468899185,0.013713135205879405,0.013111942960336107,1.1416748200744347,0.027537719239948126,1.7830498219614732,0.9725447986437418,good
25.54,0.012580195324868038,0.016336338140683946,0.018950016226848793,1.2288119060503664,0.02604496990446644,1.713341486407546,0.8198207857953488,good
25.56,0.004227216978980653,0.014495834469228,-0.0331347954441338,1.247331409660488,0.01498935759999093,1.843549945791145,0.9822590922722945,good
25.58,0.04340169102668865,0.04197807194277672,0.0023808413539478826,1.1256806230954675,0.019927313739049136,1.772874882440221,0.9631774291122477,good
25.6,0.026186083573505915,-0.011046049965442825,0.011984997701155329,1.2110852169208348,0.026697279205334917,1.9020556504895856,0.88124165816557,good
25.62,0.00652885479028741,0.006538085799579148,0.004531778525608942,1.2804609304591796,0.0219321492531473,1.8190152662240213,1.0695353702833095,good
25.64,-0.0028909059325596073,0.004415897217897593,0.003021099326326056,1.1738806199997707,0.022954387182484007,1.8402102294210296,0.8825143821674211,good
25.66,0.023400590006449007,-0.016541553250596926,-0.005811870741991183,1.1294943932675108,0.009149951672959653,1.8573681491793936,0.8847771045649675,good
25.68,0.01707595614637884,-0.02213714393261504,-0.008765042590680028,1.2043643675866764,0.019281482290368215,1.8361125275652843,0.8777441465546267,good
25.7,0.002158132256798498,0.02161692045978482,0.020713848429877543,1.122525099413809,0.023698511248006985,1.8496011827779637,0.8940228595833576,good
25.72,0.009628991587171848,-0.03074658949457063,0.004196937739018959,1.194104009261116,0.007740329218750458,1.7352179376332326,0.9159566634863305,good
25.74,0.019315497815099537,0.026795341727303693,0.008155521987611752,1.2855285057781856,0.031111762769580456,1.854624483213099,0.895643932597896,good
25.76,0.0089405639328902,-0.0076576663863442114,-0.017983574267232537,1.260566620471119,0.019797805226304026,1.7905464310070056,0.9218925695490663,good
25.78,0.010702987718300598,0.025846052866062418,0.007090190576669833,1.2176035319996241,0.007874882960106752,1.7803403850721593,0.9149665788293899,good
25.8,0.008917881144440634,0.0009305775628731787,-0.0010512967501960663,1.1163731833029702,0.015759123743415305,1.8791948412625463,0.941431792847749,good
25.82,0.01728295104410625,0.00048599368062812487,-0.016105064325684787,1.238300454822113,0.015722229110187766,1.739285399456802,0.7863993865259434,good
25.84,0.001006802251565866,-0.01036219168729076,-0.007796945378654923,1.2568582457789954,0.02219339779806729,1.7221289966578088,0.9100065792699007,good
25.86,0.013357548373530996,0.005199779977095014,-0.009461249159977026,1.1613572973647734,0.01863015739548311,1.924204873739794,0.9364844639158059,good
25.88,0.005894037011488639,0.007322240899241711,0.016825977383952466,1.1535826200119554,0.013531532129356226,1.7350624314035366,0.8375345183943644,good
25.9,0.02279611848844731,0.0028232334770538813,-0.007916790578912262,1.2135521296808107,0.012182913289977726,1.7698454747754546,0.8855420791399798,good
25.92,0.00958501160763903,0.001337145438488775,0.002706381382207363,1.2315492043532925,0.03377829223446601,1.869464320768896,0.9447692921389979,good
25.94,0.020226881637041845,0.007667187277137241,0.010103567881222103,1.187752372510878,0.0,1.8642891075841674,0.9342782840240207,good
25.96,0.021146788592453423,-0.014510390540544692,0.010819008000385506,1.2313325943751674,0.02452030584368293,1.856892657229595,0.896505220640067,good
25.98,0.01205803264010001,-0.003584665691945448,-0.00987723909968815,1.2264820910974161,0.014776082097682115,1.8078509873189093,0.9440483330503215,good
26.0,0.009878884207886875,0.026045117069807444,0.0031961137601383203,1.1811239961423923,0.0056172847403556814,1.7581089702712667,0.9133814734889553,good
26.02,0.010956005352866007,-0.012006179274734212,-0.018512586661878706,1.1948837302265372,0.03295916794316151,1.6803052388072668,0.8329682253758366,good
26.04,0.02186612688210475,0.02910038462132603,0.013690876285835775,1.2380477705170632,0.020350284397581537,1.8252325021499138,0.9783090127544996,good
26.06,0.017898803006811168,0.015130891276567972,0.015973936407783343,1.1420630423430278,0.017890769703663024,1.7178722972373026,0.8478421855525239,good
26.08,0.0247401884467546,-0.001150521882534735,0.01042636384315064,1.1708707307617152,0.029542526886945655,1.8152053952062819,0.9108970127196387,good
26.1,0.018833302438713832,0.011900523619592498,0.020075498588736952,1.2530744072173483,0.04578438384896015,1.8085761592195682,0.8851820404193722,good
26.12,0.01817692480117268,0.017021308281774446,0.008054099890316099,1.2433439660278867,0.020532094662951004,1.6425823871739913,0.9182950769513806,good
26.14,0.0009217340735219957,0.0053340680202576506,0.018674885409529413,1.1313141901434682,0.01931634349003941,1.7511371032545608,0.9769091722841631,good
26.16,0.030216502459718825,-0.0001787981753657436,0.0017981831493499038,1.1516629163921304,0.030532673847176887,1.7825149794146693,0.990911014572369,good
26.18,0.023915410709820537,0.016291066541978073,0.007113287213335792,1.1312434577650867,0.01931682685174629,1.7671377134282116,0.8211565047894631,good
26.2,-0.023319661157560075,-0.029421941569317548,-0.012514105292494289,1.2763668029558375,0.01094433209575493,1.8035452263044613,0.8464086332463338,good
26.22,-0.011995262768131686,0.016775902840536008,0.00056973398284042,1.091673756440579,0.026360848076879478,1.8954082644065813,0.90042666400626,good
26.24,0.017371669677193866,0.005827420633107935,-0.020465632332768467,1.2156854620945154,0.028208470605382185,1.8337309100812276,0.8426597031395406,good
26.26,0.028571935818204938,-0.010595957245553553,0.003429415677805003,1.2732157007828127,0.012143964237233048,1.8859161264497817,0.9461154556480865,good
26.28,0.03857552932400929,0.009862660465290435,0.051874385539096256,1.2468748719834861,0.01731365202759848,1.8701209588667635,0.9356201376125194,good
26.3,0.033349082115287275,0.020374031481494036,-0.014086786495250121,1.1203000648170227,0.028993194365279924,1.7589319924171993,0.8624727886231073,good
26.32,0.03069657962728074,-0.02678500194398746,-0.010358173045228599,1.2429779340763965,0.03727055087362584,1.7979805858226772,0.9114158969064899,good
26.34,0.03278669325106896,-0.013288711319616786,-0.007182054635752099,1.1776893798481252,0.024468424436072618,1.8788469082135202,0.9290720336343953,good
26.36,0.004129886906023537,0.006760128871208846,-0.013267092908244313,1.1754180193353034,0.015558781705626325,1.7859204157915836,0.8187951099575236,good
26.38,0.009973819817912913,-0.0005222690838594602,0.018264876082625368,1.1052396342463577,0.018517988184351318,1.840797101067494,0.8191724261226361,good
26.4,0.0323404433617543,-0.00026226877413538987,0.0038732588711180775,1.2185687569787345,0.02610990446951418,1.795326430196703,0.9010469484823802,good
26.42,0.01375515226873507,0.005708946609281347,-0.012898598238208726,1.1456288081584654,0.002388940539785535,1.840628932975602,0.9835467490770937,good
26.44,0.050611954051963205,-0.0008576310519886245,-0.009224898108347153,1.2527011974044733,0.016861818316843556,1.7759322212145365,0.9483328726241408,good
26.46,0.01948568458736211,-0.008913108519560875,-0.013169399964235313,1.177913527555824,0.00829058117664788,1.7967143235539214,0.8427335673340731,good
26.48,0.021045389002489298,-0.004280480232714263,-0.007728595631376028,1.2664231255441087,0.020698953376654047,1.7829070825555815,0.8593293367627475,good
26.5,0.041469771727710894,-0.011541088936696196,0.014873806130789608,1.1504337000438893,0.018669315456615855,1.7514282386299789,0.9052144074327051,good
26.52,0.03540749320177197,-0.0015493193563247058,0.0024698449393742087,1.222109102223291,0.03108904008547323,1.8676607688193951,0.9005349929414659,good
26.54,0.004063954553805616,-0.0037646928491246166,0.006046985217252887,1.110628614248353,0.016275569615324288,1.8128288612081653,0.8804541852528723,good
26.56,0.014784666163153071,0.013960988629068895,0.008884355813212768,1.2042223315376634,0.015896951113712865,1.8914212026353396,0.7818761245276598,good
26.58,0.02716940869929596,0.0276931258472776,0.0029547748288729528,1.0739520735000805,0.020480771869634505,1.8578131884641826,0.9279791026996574,good
26.6,0.011592309297640524,-0.0004380524496302187,0.014321827112074694,1.1903561877468387,0.018831030426221383,1.8063203726756965,0.8169705450251548,good
26.62,0.01980369892232478,0.002528775617296306,-0.012379882076219395,1.1078883145016063,0.003647133164347626,1.886715682666277,0.8889713155113961,good
26.64,0.012755257603647888,0.0018649428964581179,-0.0026036980351510346,1.1171045563707096,0.02441812041332256,1.8381741649442678,0.89744587808797,good
26.66,0.030164735923670128,-0.0005560368522274498,-0.00017641634301565753,1.1709024003831399,0.03314680647407978,1.6711227647662417,0.9316192604531245,good
26.68,0.047547657386534284,0.005268994712362253,0.006230929578384507,1.1614147479574364,0.030408972961237353,1.8252850632521453,0.8682460507479156,good
26.7,0.036261588093271215,0.021872625692830574,0.007235673076240702,1.2904632115015597,0.01683593463670041,1.7870763273400394,0.8586567644435938,good
26.72,0.003962540200650024,-0.015233548292734942,-0.011082930375597322,1.2102788084728715,0.019153007983048725,1.8185130475283486,0.8593582937435896,good
26.74,0.0018014944165842775,0.0007669882563662446,0.004641247683766778,1.1476323333963694,0.016241300715465076,1.7955320102599097,0.9467267138512373,good
26.76,0.04439020888625588,-0.04748191826199736,-0.002522026414386425,1.1417675352701362,0.010307047597685562,1.8111097099714195,0.9100424149195785,good
26.78,0.015891218864760505,-0.009302613325506933,-0.005134753061224728,1.2038253660310834,0.017653664239535412,1.774446989869764,1.0115778793813432,good
26.8,0.027499347628950916,-0.025889142080315314,0.0068595548503870545,1.239109791313797,0.0063372605561179875,1.7471334568744428,0.8615995393045144,good
26.82,-0.007081900382658081,0.00834034541829719,-0.004227012401392249,1.2501131951933182,0.034087842713395246,1.8310417086426947,0.9736928753045901,good
26.84,0.016202721474157276,-0.02197441036799361,-0.006575784449757283,1.1917214477241822,0.025081359628324827,1.7534533459125548,0.8998656033823221,good
26.86,0.009296534856825515,-0.0016513735845449468,0.01214860909240562,1.151819740959862,0.01715238376887099,1.8096292901090394,0.8356912387506548,good
26.88,0.01813144342551244,0.014004047301475513,0.00038727239802285667,1.2290671855282178,0.027288748249596765,1.7631217317694772,0.7986160303629694,good
26.9,0.011950490894620212,-0.004247541473592549,-0.012184895492370307,1.2418505621292923,0.01948045068830971,1.7241027919271827,0.8196524619140446,good
26.92,0.025812656706030505,0.010096786051391634,0.02299675972988869,1.1783834737714416,0.025528406261982797,1.7789824795660845,0.8829878248539429,good
26.94,0.006141358747703511,-0.038288839423715026,-0.0012021909298318464,1.2680675869021407,0.019309708286137674,1.8665690545965175,0.9048280352254908,good
26.96,0.022157330748330383,0.015340590701389585,0.01087559716013066,1.1655704588956006,0.031698146684242166,1.8421714973507692,0.8914795762144511,good
26.98,0.03579681002452534,0.005822843080117901,9.748971118093007e-05,1.230212875974036,0.016299069923657403,1.7627179106390043,0.8897269722097086,good
27.0,-0.0014533837846298328,0.01244704829143577,0.005317851325010491,1.2415560172045024,0.00750092896642948,1.7225246001927526,0.7649112791304432,good
27.02,0.029586899298116434,-0.03316356061893837,0.0078059111403041715,1.2163557587296794,0.009996322440549639,1.7957764855882181,0.9584880376423864,good
27.04,0.019168534573706313,-0.0017761654240208838,0.013436265511864883,1.2938010824958717,0.018299270863837862,1.7593078389182895,0.9245910924141326,good
27.06,0.004266865837521023,0.021263352048631216,0.0003528064401438235,1.1964701337416237,0.032789081598988024,1.8032185125734628,0.8697107964887043,good
27.08,0.03705679210642922,-0.020385106980866957,-0.0003012454401436037,1.2349750417635932,0.03378060504496465,1.828825559771553,0.8579167844267483,good
27.1,0.01993940560520018,0.000520748024448124,-0.00862645355228818,1.1737546918410153,0.022763594980321187,1.78338818431732,0.905602481739513,good
27.12,0.03769269022913787,-0.028948270744407385,-0.010730197131630398,1.2245163290692624,0.034438099062152616,1.7836257013951784,0.8665165584175666,good
27.14,0.019608532804315515,0.007835541602836562,-0.016769365317527245,1.2580506757094863,0.01670818023421012,1.8015819133859283,0.9295724069333668,good
27.16,0.04282546648520152,0.018852446730785274,0.002570002977117245,1.1934562617348388,0.005543081853452748,1.8025140823141594,0.9461374151988594,good
27.18,0.009498393810764272,0.00454448416346802,0.027655669748659933,1.1421104176402528,0.008045094364949832,1.8038793181128343,0.8722252375576843,good
27.2,0.018752462518994185,0.009211680025069061,-0.011010918439321714,1.2815479710138842,0.02341642658756564,1.8127488120825177,0.7961409253604683,good
27.22,0.01761869802662721,-0.008213620253496036,-0.016691815799209784,1.2192629451372694,0.01907025526888144,1.800550770838672,1.0100385645427028,good
27.24,0.033115659238159095,0.00240627378189687,0.005429564434471697,1.1849243823813458,0.009111939859292215,1.774622416228946,0.9311586026347105,good
27.26,0.028482640318309636,-0.0021440797390967544,-0.02050227657956305,1.2103813587711552,0.03327421246606182,1.8691650047248216,0.9465980968734212,good
27.28,0.03487275486298441,-0.017949034182270965,0.0001705745679069166,1.2178480623309513,0.011566818750695627,1.7768219954568796,0.9079367508471571,good
27.3,0.009947716102987917,-0.0005671120871622491,0.01355281909562109,1.1966507113756906,0.027934619144715782,1.7598285023278528,0.9448001351242177,good
27.32,0.005903370285165321,0.01992311951309941,0.0006703041214833992,1.2682520158569637,0.009990694219286268,1.7922521306127026,0.8902460355455757,good
27.34,0.02672485778738147,0.00988277465629243,0.01691700360382603,1.1710411735637856,0.02205794050124368,1.6724427581693109,0.8037691396046255,good
27.36,0.05068438741641971,0.020419418785266655,-0.020544392572188253,1.1622704710403893,0.008980297013983861,1.8022868448606193,0.8973362386850045,good
27.38,0.027119927078441297,-0.00838538363280413,-0.0025454384964505943,1.1517672094115108,0.023905986941760892,1.8499738534433294,0.9098392066219535,good
27.4,-0.0014932244235871456,-0.0012678964362715114,-0.006377481909916162,1.1690394017748023,0.029100765820469093,1.8266723465019454,0.9025022465664392,good
27.42,0.046558735992960835,-0.0037009202400191117,-0.0015343483475052104,1.2320833482123013,0.01999455581267946,1.7947780953858672,0.9802319001334413,good
27.44,0.02709748996809367,0.006281376073010992,-0.010018525476295073,1.2223006236689218,0.016817746922270508,1.8453367433747756,0.9800270985895418,good
27.46,0.037296509884352375,0.019069409631195012,-0.024751803489527803,1.1444939035870407,0.03227105974923107,1.7450666610567966,0.9910842892018906,good
27.48,0.015146161127228507,-0.017764496229738566,-0.007054410963393979,1.2450752311721007,0.0,1.8059381857529353,0.8717905619310149,good
27.5,0.036484262765115176,-0.004893504379690988,-0.009089485664226824,1.1504864617036845,0.0285901382779121,1.7545811276195764,0.8574032478138021,good
27.52,0.01735370679689037,-0.029195603175511318,0.021700479369601254,1.1342284976984522,0.008406473798312815,1.796097165214412,0.8374673168952713,good
27.54,0.03676835170478005,0.005495450026935645,-0.0006831703652505894,1.264963427220695,0.013789700675415136,1.810424564049754,0.9258057356594093,good
27.56,0.04674562199001622,-0.015457690453660985,-0.009472248948603247,1.2425867881367894,0.0006111258897743867,1.8868783750475344,0.896007413046674,good
27.58,0.05164287122916779,-0.016490496567692515,0.02505928645153903,1.2231022989294056,0.025564136781990883,1.8598370693797033,0.9069535851641974,good
27.6,0.022758232336178397,-0.006331928518047578,-0.0013057453172242949,1.0994113549160998,0.019459637134060223,1.7942946340230796,0.9238086267622254,good
27.62,0.03179035192171506,-0.004426847424945156,-0.0056388068124893515,1.1302608588625227,0.026741033911789176,1.7898162617592899,0.9313614943410259,good
27.64,0.005984039870295419,0.0019786772282208574,-0.00841596791976431,1.2102158704674975,0.02010812567920495,1.7848575910514124,0.9109993091136446,good
27.66,0.018028224180989542,-0.03524793410590275,0.00522952055088314,1.2165200462923755,0.02600912043474294,1.8179583008682507,0.8700496934236612,good
27.68,0.010659045631387223,0.011735882362805612,0.01608466972583459,1.2366154904255038,0.015255208801385737,1.8882310802060551,0.9316099761247073,good
27.7,0.04538022837371459,-0.027897178789236806,0.012481213535086128,1.2612695007389572,0.020035582585999325,1.8663448846933182,0.8464397911326608,good
27.72,0.017963881663680986,0.005587812653993328,-0.022139416520357294,1.1936478807340967,0.005329869387978484,1.744683514130925,0.9489466420025443,good
27.74,0.012925512676384353,-0.000968338571528875,-0.000685389333160777,1.2069585386857946,0.03622073456437715,1.7650072760853799,0.9305787167881377,good
27.76,0.03077193767315004,-0.013231268779072072,-0.00028379814382511223,1.2370623964705234,0.022223655488601387,1.7670704734651834,0.8609452401025685,good
27.78,0.03173933796618609,0.006693885152785802,-0.020371166569572146,1.2122581425009495,0.007001906709836492,1.7161011034496403,0.8619894314068054,good
27.8,0.018462998820565728,-0.00017300649520303672,0.0014520242669058185,1.265630152919461,0.02532421694914353,1.7837747031608824,0.813107367716258,good
27.82,0.023500921702215734,0.009127378482609095,0.0006011409653827918,1.2451375886358416,0.02956703119314988,1.8375045768836131,0.831747330323942,good
27.84,0.013919413502446373,0.03884115856260017,-0.00617840644170883,1.1623089572965462,0.01383026055229919,1.7895725862810612,0.9301300441070466,good
27.86,0.033951900909650126,-0.01969881787434704,-0.011939082888332094,1.1399823499420512,0.021695079471492212,1.7880012754022665,0.8008267623457852,good
27.88,0.015166645653771205,-0.002362490992186289,0.029472546406708836,1.1963583093654655,0.006345247329665434,1.7637262905281714,0.7878146304973175,good
27.9,0.009289101646768152,-0.0038584342159717995,-0.0054445551348390325,1.1382346222114599,0.025193110607764132,1.8222031277397595,1.0229939100896654,good
27.92,0.015072554270760851,0.03370031563738066,-0.013179734027987805,1.1990372498209265,0.028087729402732832,1.8297200316662385,0.8617621099457501,good
27.94,0.03080315589113256,0.036171011891767066,-0.012331227979625707,1.2565793604397235,0.03149402921142101,1.7911294043434383,1.007024561078054,good
27.96,0.036020767194437336,0.015202527455116662,0.010285400938600224,1.1710615945461738,0.02679047148384003,1.7007032848905748,0.9331570844039091,good
27.98,0.05000867704623095,-0.021372790177713395,-0.004904654451701508,1.157915344957671,0.013504712405578528,1.8294859201329279,0.8876639242372226,good
28.0,0.020149106353731194,0.012326828636909721,0.003194133488074603,1.1469065136310714,0.026769083484786235,1.7772510695341843,0.8654088044032816,good
28.02,0.012123401976158138,-0.035313758925338674,-0.02169338407926835,1.230432211379874,0.018445932334649418,1.687637821631232,0.982228371291107,good
28.04,0.027378592959838775,0.02188479850153314,-0.009230893984352445,1.0991373326569385,0.015766847777852134,1.8085670126759406,0.8327598480095151,good
28.06,0.025730432648778622,0.02039881473341285,-0.009285606395362621,1.114551832000325,0.015538305797663967,1.7751077087513454,0.9290812073879393,good
28.08,0.016776328641441813,0.006096763722696059,-0.006456639341894239,1.1138527200901829,0.018982804073832443,1.9319453437936256,0.8795509301933149,good
28.1,0.02826526325229059,0.007647476694061858,-0.0008268429793157417,1.2363789700087076,0.0229400155980537,1.7937606862684758,0.9092185174735605,good
28.12,0.017337237950128134,0.010663387939516196,-0.022657522760176147,1.1935731235808096,0.022443062714788305,1.802189345292469,0.8968120577392272,good
28.14,0.06354584623690884,-0.008594396405249553,-0.013058516326489198,1.2277925204859592,0.018580472850449847,1.8343563301542416,0.8974159203636721,good
28.16,0.02664904416758418,-0.007262328110127783,-0.005873738977293215,1.0891484441894252,0.03444332529226344,1.8432869956582327,0.8804396076801511,good
28.18,0.04255860659294533,-0.007880921158038142,0.0012091553769802055,1.1816262394677717,0.01964485998829568,1.8496132102537808,0.9170356379090222,good
28.2,0.020791696556756587,0.02535036541811953,-0.017501643517119823,1.1802558616291392,0.026539166989602115,1.8152682541021121,0.9405000646470874,good
28.22,0.015891867164821178,0.006617250298267695,0.0028670143942846824,1.1883004916748143,0.022061910823902388,1.8530361769096975,0.8695884255986258,good
28.24,0.022269396774748162,-0.01606411789703617,0.019161197307127977,1.215721361930939,0.02827618058061556,1.8386317999248434,0.941831147281403,good
28.26,0.032025477919893214,0.008709160620848791,-0.005411782459634354,1.1491039081968943,0.013412974501673045,1.8135961884820035,0.7921909007427606,good
28.28,0.028766032548932428,-0.03928472764988095,0.01986211558266365,1.1821423743686845,0.018986432539819287,1.827712136240178,0.9031846128631731,good
28.3,0.03877595137739304,-0.014386277588551016,-0.004793550578156496,1.1759001894411645,0.02561066427508313,1.7629408535545907,0.9769473416419531,good
28.32,0.04217630997695592,0.027756697489940897,0.014438526533230208,1.187264071767081,0.0229105749665884,1.841234770107888,0.9344911269165532,good
28.34,0.012440843658579193,-0.01189379825243482,-0.0019782164635805954,1.1957276205930012,0.02651734439829658,1.8730932397759807,0.9004454515643734,good
28.36,0.022911766079011034,-0.020170818924687958,0.015287633513713523,1.2697674432563777,0.026165989701939146,1.8173504205307518,0.8976003919156657,good
28.38,0.0022523817128233697,-0.0006519470860995741,-0.0031573328692413426,1.1011212015159177,0.00950186695789098,1.812039383284307,0.8562457652375144,good
28.4,0.006588537523487461,0.0202784690928911,0.015245230609363676,1.2030547677467862,0.013972610618298024,1.7289119696810018,0.9495043817727714,good
28.42,0.010953027304591698,0.014269544214566004,-0.0009598440278001442,1.1498675515646934,0.02781414886001963,1.866532209186743,0.8981005344276859,good
28.44,0.03253445873919852,-0.007820981606844007,2.571383868934904e-05,1.1954565736639327,0.016350341590831482,1.8792659293047167,0.8926855048976349,good
28.46,0.02622325068584525,-0.0073317411642962495,0.01349768541733896,1.212179654943652,0.021009083620684814,1.7953145003522935,0.9081317917641557,good
28.48,0.0035977496945617366,-0.023445636795023917,-0.021294914316384007,1.1900269760262743,0.01076398301089638,1.8807701238657204,0.8838230945758048,good
28.5,0.03558678691148254,-0.008804310919089994,0.01700435785907164,1.2062700297523912,0.021627649061909372,1.8257177698886058,0.9246927784909744,good
28.52,0.01192307638483788,-0.0046453684136583415,0.009974655722642282,1.1613632824072462,0.03053017249911149,1.917037053708736,0.830034366659738,good
28.54,0.01117463370025441,0.022016201236476348,-0.004196743924156418,1.2499735043151672,0.009601628827552318,1.8409015856760877,0.8832850616888862,good
28.56,0.011835822332453227,-0.01845407574358348,-0.018013702734266862,1.1088357074554254,0.008592889017523697,1.7281115242846137,0.8619141764903269,good
28.58,0.02384259017810109,-0.017393379434284557,0.022124569668776926,1.2364253991115945,0.032334169934403995,1.7817208525000139,0.8707806964200333,good
28.6,0.016594115154809762,-0.004219708351557677,-0.015619802727208717,1.177485661869138,0.0379657862932002,1.780209504951008,0.8809214528920698,good
28.62,0.011062282763375812,-0.01362287806844083,0.0034063665159520377,1.2029949823552428,0.03402102775427591,1.9523739555109076,0.9421905136009001,good
28.64,-0.008763794797983296,-0.0017558317666261731,0.023305887701352057,1.2059251485846163,0.02728902474603946,1.8041742638610858,0.9567684401042953,good
28.66,0.018767019254107915,0.026330985709717338,0.0019410788244504542,1.107262374392099,0.018162017900173695,1.8594607316170415,0.8530011023656842,good
28.68,0.0390689295539596,-0.028098872576766066,-0.004843374843407733,1.1955055874233138,0.022861667564836652,1.847228423313449,0.8106142857545499,good
28.7,-0.005328097128480997,0.005821066948133722,0.00021642127777656993,1.270520491122907,0.006941060315514955,1.786581247696702,0.8588089371749057,good
28.72,-0.011558561685134753,-0.012117321939077915,-0.0035147893406774922,1.218017430798756,0.02281857048231906,1.7890993941487552,0.9165654656335478,good
28.74,0.04329717588036601,0.009267136053122581,0.02106879395975897,1.2795187256226135,0.030276369298920504,1.7105866421386733,0.9436076747693202,good
28.76,0.006960380832270982,-0.011215912051414539,-0.002393637148638252,1.254978250586295,0.0074822832300781034,1.8657270979732834,0.9570863308523874,good
28.78,0.008630263518589965,-0.018515372070038675,0.0012652111541687507,1.2393423324736907,0.01615766554790273,1.8173637125178317,0.9852508059327584,good
28.8,0.016247194409994666,-0.0002613632517287167,-0.006835679140898244,1.2372023886477361,0.015430394542562178,1.8276803616959165,0.9440355430120995,good
28.82,0.004892809690961713,-0.0015665270955566462,-0.014917444497486347,1.2189036283910613,0.020467107094429178,1.7970505525804574,0.8845193216195425,good
28.84,0.013992752423309867,-0.004571280022453847,0.0008480904852859052,1.2009774657739265,0.02074727872999231,1.8302560497002727,0.8603422280635674,good
28.86,0.02230028940589467,0.020537171435033003,0.023114255831777803,1.2416723226480608,0.031750641511294184,1.7474563660575233,0.9084488216152087,good
28.88,0.03298808023390289,-0.001546250679176558,-0.004839874661678866,1.1683964460356417,0.023150673144258067,1.8247752061371634,0.8384808231739507,good
28.9,0.016260600119153836,0.0041351866972408335,-0.018403244356092887,1.1798444511689878,0.01707049622707696,1.7799611611495998,0.9103742071099024,good
28.92,0.02732806193677892,0.005981338662475452,-0.011526408310482626,1.128092017262931,0.018130347762484733,1.784602919849868,0.9171011583969119,good
28.94,0.02455584166934014,0.004833549125042884,-0.011150083496830753,1.1475184171521184,0.029085929563192635,1.8109571327943528,0.8762889123454386,good
28.96,0.042674011123891346,-0.008575405854637296,0.007438363829985025,1.2273737604938668,0.03387108167198176,1.7574595429334974,0.857064040802762,good
28.98,0.01927469856763165,-0.01238897181125647,-0.012042128533315839,1.1972191562773877,0.01642773580727848,1.7593145298375712,0.9177336845762903,good
29.0,0.012688129176508276,0.005734913786135685,0.006844961457910437,1.2528116683067438,0.0,1.7297939305554457,0.8759298341291709,good
29.02,0.015161140275782931,0.004364256987733656,-0.009251840472352144,1.2682011079786006,0.03388374396362692,1.741605344800689,0.9431912520877325,good
29.04,0.04311988095081398,0.006168234215282462,0.008251667271583163,1.250392138173955,0.035668896059710055,1.8146284518804108,0.8894493438594588,good
29.06,0.00824739983707125,0.012344514197418183,-0.016449662765952305,1.153216781591956,0.013248647058605328,1.8667271153022447,0.8508053365149901,good
29.08,0.018215936128130206,0.01780272469862719,-0.0162375530347469,1.1639206018881787,0.02892134546558916,1.7688200773889284,0.9718129986738874,good
29.1,0.0197382661206267,-0.0066312089573385006,0.02389568742769133,1.1725228671745167,0.03162045984742731,1.8657292833856647,0.883564158398034,good
29.12,0.018675018503974197,-0.021710618315605536,-0.0076428529402042126,1.1866959711906369,0.01737156061505622,1.7646491703095646,0.9208932531094733,good
29.14,0.03258356722086277,-0.01683052447810845,0.010863529808950419,1.1684725897397146,0.012009629498372289,1.8155920752387609,0.8591650896869488,good
29.16,0.04388521537334203,0.0033059339866088333,-0.0026690929295706232,1.2432826994516288,0.027839804185623988,1.723040075542747,0.8246380720696979,good
29.18,0.01875679284844988,0.02671210267455747,-0.022525834507458296,1.2259886647098899,0.008625777651115453,1.9040655875602133,0.8998413673599893,good
29.2,0.02425851448294576,-0.0010546694404602445,0.003846025035060808,1.1000367205601314,0.014862571779916102,1.8248344324485215,0.9255091407520487,good
29.22,0.015665688644461707,-0.006147083860192271,0.008545108242877611,1.2085916659816947,0.03878722963677046,1.879595486360066,0.8181366828799398,good
29.24,0.02449924569745628,-0.010359874317333422,0.011142868349673771,1.1827534678889131,0.016718042675505786,1.8024821834647546,0.8837040771155895,good
29.26,0.03889417017085862,0.010770355623669466,-0.005084732802154418,1.2891955138450604,0.02618698633406455,1.8233956660424808,0.8525253147960915,good
29.28,0.028868884831197813,0.010396560450958426,0.0052376795820561275,1.180238097632687,0.028003779311489885,1.7976686733964045,0.8713588307852947,good
29.3,0.02109082273313623,-0.011706064684986538,-0.010568267315402606,1.1529704407228176,0.02316919158789559,1.8593998594942354,0.8649387501856738,good
29.32,0.032016399654952364,-0.009091941908032442,-0.024554726443358127,1.1748223064075822,0.027524744721025552,1.7874478207717772,0.881877056840149,good
29.34,0.0185154450081826,-0.0015282652684269378,0.016661664439236872,1.0871046846850052,0.02238035417615638,1.7728980594693833,0.8840132223601637,good
29.36,0.04474623029298383,0.018229607038368813,-0.0007368015228874593,1.3155450743233243,0.02666873114741046,1.8186103528824678,0.9058464069812675,good
29.38,0.02330427522226459,-0.020959810445509753,-0.022299312309369865,1.2517821097084534,0.024277297781009677,1.7668142018804043,0.9173534226836778,good
29.4,-0.00016860250843241044,0.00027151329198331527,-0.012347713949057518,1.2020266521313245,0.008574633900437197,1.6871293324763428,0.8314273418981287,good
29.42,0.01835473370124501,-0.0018439892005665379,0.004260021664940328,1.1618878203496197,0.03640995312610495,1.8418744303552084,0.7579318339806084,good
29.44,-0.008100799488181772,-0.004918532386900763,0.0058056966860156375,1.1193161687918538,0.02439806301853896,1.7617444915590912,0.7725435282646935,good
29.46,0.030138519389853503,0.008699735946415045,0.004521570583186313,1.2031735156788101,0.023290683033644066,1.7142195822170736,0.8670559182501957,good
29.48,0.017590688633608187,0.0014940107255801576,-0.016643433136445625,1.1552130903603413,0.029713780317485165,1.7317844086326648,0.8822613734676547,good
29.5,0.00961997080944064,0.017320166547644348,0.008261593281546756,1.2326501071801486,0.025579491931448206,1.8067683378614647,0.9074210675099685,good
29.52,0.014118124422507622,-0.00040262080564114214,-0.00311340799890094,1.2842471845506214,0.013384645398619797,1.8705271710821834,0.8146698405186713,good
29.54,0.021642474808294412,0.021854120458782385,-0.0032977261446046173,1.2478709675928317,0.026771894109114153,1.7629330174650943,0.9334035969159614,good
29.56,0.00768783675468905,-0.003421529098329069,0.0037132425058871376,1.2272367962563482,0.02298674422542741,1.7793568172359389,0.8275608785967689,good
29.58,0.005774829849228188,-0.0012588505195357314,-0.0176951072394877,1.2163695550528215,0.023734715302157705,1.8697305469629253,0.9876789010738857,good
29.6,0.0567134450508357,-0.024045436647428538,-0.011713270195406316,1.2098321448578042,0.01579452823944424,1.7496047651045628,0.8265044052183887,good
29.62,0.03488956288824077,-0.016265905710567897,0.0026797154801524023,1.278906201699667,0.011894711357488584,1.7440904082419737,0.9396305147449858,good
29.64,0.032196233188707825,-0.01772932698059628,0.006945969035781396,1.3303110901645612,0.014975748189182302,1.7814213440235047,0.8195322442949667,good
29.66,0.04270314321474623,-0.003064032701469503,-0.01854420301287835,1.1876173322635002,0.020962401549463102,1.8570188581750753,0.9328967871042269,good
29.68,0.04278208717592427,0.017010548344978817,0.0039022675424823083,1.230471859253669,0.0221070791645295,1.8238618115638132,0.8992814989882669,good
29.7,0.031312188824265376,0.027090548679528415,0.009608782929689487,1.1094302957325362,0.01762941818662896,1.7353196517225014,0.8792433539212821,good
29.72,0.0029301929308357187,-0.0015917889939318715,-0.003450270143398484,1.12956314108389,0.017997118902468773,1.795562815187581,0.8716634812258793,good
29.74,0.01010383638693921,-0.0011308032420596604,0.011410179362532408,1.2124151468927828,0.002419872454742119,1.9151199747592316,0.8497245142236739,good
29.76,0.02219833696955592,0.007683915238815665,0.004354081443656587,1.2430660146475092,0.03523107493437756,1.7928359866614265,0.8999040050781233,good
29.78,0.04975222543681019,0.014506351485397317,0.007630372066840644,1.1315418640382306,0.029528472700575233,1.7652937998766522,0.9265885122098023,good
29.8,0.016871360248274993,0.002518404053430776,0.017867153647023612,1.1544604073044447,0.008656795956274426,1.7226429050299072,0.9109170749003034,good
29.82,0.000633790978486104,-0.004532144918932825,-0.01894468853594113,1.241876827182052,0.013224800983704554,1.8451907627339474,0.8433716554773902,good
29.84,0.01570848782678819,-0.010387150759214248,-0.001173516538777854,1.2148493676386716,0.02051864823614025,1.825912141528704,0.9375853241677452,good
29.86,0.018707688537605134,0.0007276167399565967,0.00723687277983493,1.129317014302105,0.016250157032991368,1.7590407312782737,0.8684220109999268,good
29.88,0.026616316663305703,0.009696810635426139,0.0030632001709057517,1.2614813996309728,0.011013571023777228,1.8936931630909235,0.9634907631371686,good
29.9,0.01158324314589477,0.00021052120563623712,-0.01642440581066101,1.2831752712097895,0.025824439096908652,1.7922336412563893,0.8361078466226519,good
29.92,0.008734392023583165,-0.0012762135173825088,0.011342177844928459,1.1915138428540741,0.0005022836793640087,1.773149487171614,0.9132918061211683,good
29.94,0.019456767897644032,0.0014447785720035744,-0.014075838390831055,1.2158765937405385,0.01705191616027415,1.8548341520005027,0.9423508942896464,good
29.96,0.017405711221061375,-0.01079527817819918,-0.003708919859742586,1.23374723352088,0.0380631016510283,1.908918756452016,0.9085436119487781,good
29.98,0.03794590793978263,0.006651474370912479,-0.017860247376472967,1.207275497330306,0.024312220427085637,1.7911855351614556,0.8981530609318056,good
30.0,0.0061132406836368735,-0.0035715692288492795,-0.004721419221623166,1.131092610581611,0.02619170278832227,1.8098934243156637,0.891220987528643,good
30.02,0.023995625076800232,0.023698932222255175,0.010464941492434817,1.281407343008526,0.01285140317798619,1.8926851291139066,0.9533392718862262,good
30.04,0.017931028532525487,0.01099893128517917,-0.0035747811372248573,1.2511393621518652,0.014292196065109678,1.84984884571217,0.9054198180670225,good
30.06,0.019567482538113835,-0.02349603750611053,0.009844525890732415,1.2301508075555327,0.031389906661023585,1.765411459107522,0.9262456017666324,good
30.08,0.026556126790441215,0.008224863542802564,0.014036043474412785,1.1994043153932854,0.043086141480299905,1.7312468792072608,0.8251935269636601,good
30.1,0.01765479756959456,-0.011425581782074682,-0.013553270601656628,1.1672817315596697,0.013438794129840687,1.8330663893474937,0.8847995361010669,good
30.12,-0.013714987901518146,-0.007485708473695076,-0.004062664131564539,1.1743821541527295,0.015739858391078682,1.818428958899927,0.878668507150572,good
30.14,0.02406408266194045,0.003212798453883214,-3.8582977248275396e-05,1.1858763472503824,0.024945736691655084,1.7539781440797804,0.9742708492095622,good
30.16,0.00977643249599954,-0.008717778736271463,0.0026911804744735412,1.2043029362341733,0.013764195059874043,1.7029480608256589,0.8552090605470325,good
30.18,-0.008064588692095434,-0.0069119311987852535,0.004057656296299683,1.1604143748808673,0.016174046521176638,1.7696683836091016,0.8882607092317091,good
30.2,0.0380088253230503,0.018576221130623773,0.009780360093063989,1.198184971401239,0.0,1.887013485355738,0.919155626226009,good
30.22,0.01821667726500829,-0.0007536157181151117,0.021406224771670604,1.217430751089106,0.02199134941819082,1.755052842803576,0.922310769049564,good
30.24,0.018712830333824555,-0.006814174256819041,-0.014879179534033503,1.2513902037968145,0.004881958796088182,1.8202757875252085,0.8980016628217575,good
30.26,0.030299132873469924,0.003536520013066852,0.01514242755875923,1.1747508569588732,0.020800936713956997,1.8541704869249493,0.8776624544642018,good
30.28,-0.002494030248313224,-0.00376455509782085,0.026148979551270237,1.2038845354632348,0.012525975669095787,1.8368517925918633,0.9353952635134605,good
30.3,0.033004606396728545,0.004047254058838261,0.005775434670291638,1.1750059453320658,0.029379585908484954,1.7537711296334317,0.8643183912206212,good
30.32,0.011181861521781064,0.0030512127426056902,0.00290962170567997,1.1835110862645022,0.02914803413848789,1.7896128143751495,0.8726992408804787,good
30.34,0.010976494744152411,-0.011100495239829691,0.007063360897937341,1.2061357615953436,0.0187675351925287,1.761470850562409,0.9204621782391705,good
30.36,0.016802208893033656,0.018416142433546178,0.0002502770120677071,1.2014123984975162,0.02920241772872851,1.8016463784962453,0.8178399913802444,good
30.38,0.014121462821314542,-0.011090640316446467,0.004270198516586512,1.1126075976935565,0.014420370063493866,1.8180639591390928,0.8303225542763109,good
30.4,0.033967371563134584,0.006199718884280903,-0.007683849773058049,1.228668136129631,0.006876293923839096,1.7925442477000837,0.9229353436881865,good
30.42,0.04153578944551968,-0.005463436315536709,0.008330158466094714,1.1924300614150336,0.034531535436181995,1.7564716634260502,0.8751536995684949,good
30.44,0.006612368483381488,0.027387942155628058,0.01626928230031136,1.2077584101725036,0.018873820647002656,1.7829959860205555,0.848008115712827,good
30.46,0.022101393305066597,-0.014207644587965217,0.011704215690921718,1.3377732639766051,0.00893243609652006,1.7507260566225027,0.9102608788461061,good
30.48,0.01610478986925996,0.02571146423332594,0.014526696439524051,1.231976558348366,0.01793625378580254,1.8034223777226261,0.9691365334022162,good
30.5,0.0037347681260102533,0.010502094628138028,-0.005113561441831221,1.182167011997997,0.004803740423122316,1.813846750102847,0.8360854681666063,good
30.52,0.043254164982463,0.0001550401486184815,0.029984572578309977,1.2814127012871697,0.013742665702170156,1.8326431491505333,0.8992582053096545,good
30.54,0.01947218202238446,0.032848517625056854,0.0019771844882952,1.184669335725913,0.02468730362977225,1.8067731993675575,0.913539067282005,good
30.56,-0.009462936627200469,-0.00972014059987804,-0.004391948384856495,1.2338442155290836,0.0174537611953449,1.8237599339477562,0.9343545463157659,good
30.58,0.0154542841812002,-0.028749418490328194,0.0081318193244634,1.2401841716847355,0.01803977123500925,1.8645394450504944,0.8320150057825801,good
30.6,0.04004511222797212,-0.0130504665264773,0.012532276424206667,1.2097964966897634,0.005765206825575551,1.8144835636012653,0.8661777671767829,good
30.62,0.04377171878366653,-0.0008774264508344437,0.011379129685693323,1.2363268091304567,0.030220383572105082,1.8330388468465948,0.9384547591082191,good
30.64,0.025674916957366557,0.018550594326130775,-0.0316392262012762,1.1823232925940612,0.01851428161921335,1.8300323402131164,0.9068858641904227,good
30.66,0.009667838497281,0.01650577751038327,0.006800473225537881,1.1777787445580374,0.024742371819202556,1.7423056965743096,0.859545346167467,good
30.68,-0.004584738714698605,-0.01024114845320244,-0.003313843813739763,1.181274100853952,0.006064974494542151,1.719275421206564,0.9384649745293875,good
30.7,0.03786255876612131,0.00962188827410437,-0.006164227681173266,1.2412589023845029,0.014815287375972572,1.812441335166994,0.8937608288956905,good
30.72,0.017046007728216326,-0.01726243740852074,-0.009649015441075829,1.1952462010761262,0.014044446986365481,1.7659147303149274,0.8786272776274663,good
30.74,0.0183864195860753,0.015507311962049476,-0.014470614920776073,1.1859173020311011,0.033549759592398185,1.7858909670443086,0.8759967338736787,good
30.76,0.019641766644855042,-0.004126382634350976,-0.015621499292216828,1.1745995176436195,0.032963069332558104,1.6978917477021498,0.8754157132241529,good
30.78,0.02724035711551034,0.0041559140235243154,-0.010852492665359101,1.278520242120342,0.028711032364007915,1.8011307415507907,0.8747412329129458,good
30.8,0.02986981786778539,-0.02714343117441172,0.007319047450469043,1.1614287324883181,0.015122582569614422,1.897515660916203,0.999909742465354,good
30.82,-0.01851700025082912,-0.0035135794402916406,0.006959824844917104,1.104792219391958,0.015291826092585711,1.8266302474545593,0.9199092713420502,good
30.84,0.038131462117992836,0.011961713562808401,-0.0242945411598078,1.1246018316594828,0.01474534983472288,1.8156709885303017,0.8532211747414963,good
30.86,0.032772987702599454,0.01209618442486486,-0.02556807549029659,1.1379973471059035,0.03299876772165952,1.8536060072199652,0.9846078346065101,good
30.88,0.010825238480000818,0.0007392114187013947,-0.0011991513044190666,1.259175881009119,0.012120702125726157,1.744646992370105,0.9138005946057959,good
30.9,0.01318252799099727,-0.013851504461786875,-0.004116718236806343,1.2630287966097022,0.012308470857961435,1.8195438189100348,0.9250338247770183,good
30.92,0.025027364361052067,0.024998489885011983,0.0026829541610714326,1.1883206830058457,0.005099181764383991,1.8789429923623162,0.8928537166312512,good
30.94,0.005050622809789357,-0.0073581546186821025,-0.0004945727418736051,1.2009351775084314,0.017971941633527874,1.8185156538314868,0.8580646695538,good
30.96,0.023255994626804295,-0.033553869109106696,-0.015277913811590067,1.1946783940124226,0.036377021006134116,1.812070434313892,0.9472389814691071,good
30.98,0.02714268782590538,-0.005209983834501208,-0.007171760174486063,1.2234799505209286,0.02217705075782143,1.8226575589168248,0.8271940609840563,good
31.0,0.005883267702988219,0.005976919193694283,-0.0029731638643820785,1.2210939909080303,0.01850261898365721,1.7976256593317397,0.9097779965848292,good
31.02,0.01598553859488034,0.0016086195944806309,-0.022519761930752794,1.1494680059479219,0.011868286806879765,1.7616242530906132,0.7857967454214452,good
31.04,0.035863651943549776,0.0025270035794951688,-0.02127297084544451,1.1399181332314847,0.025939427167428752,1.8352521149647378,0.8861865772219814,good
31.06,0.010463289964431665,0.018222426144499856,-0.008792135394660758,1.2958026382499217,0.008569017136821833,1.7552602116025655,0.8740724793046152,good
31.08,0.01452132548982263,0.016606076741818892,0.004751626234690617,1.2837380401553717,0.02756702240658217,1.8283906471338365,0.9425361232058093,good
31.1,0.04910398718228035,-0.004321025599374268,-0.010748971306434412,1.1938299101032614,0.0034340403189065116,1.8018597021899185,0.8306347160420309,good
31.12,0.022876240287102355,-0.0037646527660084293,0.01242344215734232,1.2496732069132817,0.02646402821394533,1.8692290342345708,0.9276427578478547,good
31.14,0.020205249820642167,0.004140680124409364,0.0008110196903075833,1.0976451811722256,0.01192776936115173,1.7735134789421574,0.8776553518890516,good
31.16,0.0027617609125021856,-0.012743997702581361,0.023913750324628263,1.1877497668108665,0.01944529453017023,1.8599329785381702,0.8743027620149235,good
31.18,0.018339116306771798,-0.013124943701041681,-0.01677456252259004,1.261661284254116,0.0001052457596389493,1.8415506635615704,0.9116728914967129,good
31.2,0.020769531357962022,-0.010873210910614394,-0.01369624668920966,1.226967287631542,0.023018948337613705,1.8250050587646836,0.8637059862889686,good
31.22,0.03186503603888261,0.0032268635378369616,-0.03240814483256797,1.210432532018187,0.019576392365081127,1.7720422887327707,0.9057105227746556,good
31.24,0.028872986358201368,-0.0028042007436234534,0.00310282069855574,1.215014704588576,0.005796847269925303,1.7896862342685735,0.9337587026569166,good
31.26,0.017569251931930176,0.003019211827354517,-0.00725896364739504,1.249972378638211,0.012919602029882661,1.819873578256687,0.9018353283052393,good
31.28,-0.0013734925476825827,0.004838838154664699,-0.0068738505240023935,1.1397328315577435,0.03281646960548436,1.748873249770305,0.9581369695060136,good
31.3,0.03989921671193212,-0.0101533085461362,0.0002765546871612811,1.1882372038960711,0.01595054726068062,1.8337915143958823,0.8930954719775864,good
31.32,-0.011599061232228574,-0.0003910208029125453,-0.004428416018985959,1.1185873949221654,0.0101986322711038,1.7144916161951809,0.9295049060262613,good
31.34,0.02919961365954226,0.023332013641602103,0.016819430069444734,1.250865547189689,0.018436639556042925,1.7892419964622546,0.9274984922641759,good
31.36,0.03696303222855352,-0.00476764227431759,-0.00624929308006793,1.0545832477829662,0.018576567706427738,1.763997862354262,0.8941338001372775,good
31.38,0.021523251179597042,0.0035937581562723417,-0.0015368852308869385,1.2184266499848426,0.028161256965892417,1.7784292819914826,0.9636828180219341,good
31.4,0.03601772732159961,0.015025651248463048,-0.015488145741197,1.1829979662859162,0.010538395710515082,1.8033177504385112,0.8588400896407941,good
31.42,0.0004983016996621617,0.01506214838979272,-0.008805985283419748,1.2213467887822382,0.04592140650379667,1.8211634789437394,0.9007706786520118,good
31.44,0.0038283979594335837,-0.00961715552589826,-0.007542865470524663,1.2014238566512656,0.018799543639475544,1.771317105124024,0.9473427806492546,good
31.46,0.010103463656630951,0.01031038233193697,-0.01716739670294294,1.1236954069481477,0.02059024673515314,1.7282500795429887,0.892071005466223,good
31.48,0.008515535793556161,0.01874719109766586,-0.004643342464420604,1.1750736772702506,0.024314481840842072,1.7661408467326039,0.8832201862809075,good
31.5,0.03190615809786426,0.022794963604891628,-0.018416281660020697,1.0693154699058067,0.024750570496726926,1.7911411063306084,1.0570632161081024,good
31.52,0.00022846479630908852,0.012982803048770471,-0.013221400310152525,1.2338340214040944,0.03649069273833952,1.7760954527068418,0.8108390146859412,good
31.54,0.033694838639557516,-0.01468476235321569,-0.003357435645091399,1.1820862004412431,0.03020281250394566,1.76129498238128,0.8521581590016584,good
31.56,-0.010133459766043415,-0.006783169264285895,0.02313388206230585,1.1087925886558654,0.01744626533807582,1.767606791306158,0.9042084169147709,good
31.58,0.033320483087904695,-0.011251157518741863,0.009445308278359335,1.1889787345237905,0.015837102108558043,1.8002364443341186,0.8110099679938252,good
31.6,0.041761455782121544,-0.002784501286504205,-0.019693425099813082,1.2627476724744588,0.023573845783924404,1.8710774910427395,0.844900320987645,good
31.62,0.025079465993153256,0.014655901747786587,0.004738104724664402,1.128668899010091,0.04752340811826424,1.8454316734717173,0.895206547132629,good
31.64,0.04275117089259807,-0.02465830220518593,-0.015859614489280752,1.1256387502425134,0.04103283179099651,1.8502423631396492,0.873811780696449,good
31.66,0.022043734422721957,0.0006499832088360732,-0.019156748410842025,1.1782592419781688,0.043827575137708644,1.7976883673992288,0.8580213523609656,good
31.68,0.02750826050843505,-0.014071665725788439,0.007531919534161439,1.1898655930983866,0.02427376159006699,1.7863029887731567,0.760700758694549,good
31.7,-0.00602491049118643,0.006065573308154176,-0.008994657217823734,1.2356237156412775,0.022841636245180548,1.7887619602534999,0.9008418121411056,good
31.72,0.008083513650323601,0.016249868882056925,-0.012622751997621732,1.1022074693762556,0.024276875642483767,1.7400139225803766,0.8327069201604933,good
31.74,0.022604677500581934,-0.002723704743584465,0.00010533005041709301,1.1792640405050514,0.01076799039432471,1.79388450104685,0.905567778544911,good
31.76,0.014494560126490176,0.00970644288760817,-0.008677749156816034,1.2516890581148432,0.033298699594112635,1.854093057914961,0.842185234492866,good
31.78,0.05303819704485973,0.013841226725887683,0.012089819113320039,1.1719777586963234,0.01837349515074979,1.8174002249745005,0.8919180606389348,good
31.8,0.0065392467683777385,-0.02109250018775234,-0.008047291806728342,1.21955796052619,0.028258747602891685,1.8707403074031494,0.9684995334581304,good
31.82,0.028910766392194257,0.007654213293460702,-0.014245540017619216,1.1381129328999866,0.02272709859830916,1.7429784752903914,0.8955327387160249,good
31.84,0.006115037372999062,0.008408025989606676,0.03125922804153541,1.2263195196502241,0.018917822725048303,1.8971334427732023,0.9388619625384635,good
31.86,-0.004464619678984822,0.000668363389485273,-0.025742944589280895,1.1785392115572948,0.02658076028554927,1.7756342602722102,0.849010455978884,good
31.88,0.0280265062990824,0.004401706079357228,0.011061803096538666,1.1410791170683032,0.02389806521650476,1.7689424584424398,0.8839848300323913,good
31.9,0.04720304508243089,0.01293116675675603,0.0012687495090698496,1.1907439594375069,0.025005772791223586,1.7694574604796107,1.0149967632636687,good
31.92,0.03726691575045999,-0.014862560791806213,-0.01871885955306504,1.1566311719452036,0.014285206147964663,1.7855299739449866,1.000001899315124,good
31.94,0.03230032627261318,0.01187210204462433,-0.005188250801560294,1.1187322660603798,0.015820264094114928,1.7906670872432826,0.9464859039401371,good
31.96,0.025751343712593716,-0.03188877510110255,-0.023281966222049328,1.138793137656695,0.0008528990626801673,1.7727303138942805,0.9249896748584202,good
31.98,0.01074351389273757,-0.0231829580492736,0.002039891295509891,1.2370454602114371,0.023707226612191417,1.771092066899854,0.7929931095371033,good
32.0,0.0514135791007555,0.008961699561067753,-0.021128648867269593,1.0923508772516815,0.019214615585202856,1.8777946488481214,0.9094768740989791,good
32.02,-0.003114093424505675,-0.005790083911545078,-0.0006555463926121735,1.1918864996881853,0.015942955234091068,1.8382931045085076,0.9297614366467192,good
32.04,0.038607390350043305,-0.000599057926513122,0.009972033925653547,1.2622163154277148,0.027261702666563734,1.7939091434660062,0.8724393268921435,good
32.06,0.011897947613157902,0.0013067364915516305,-0.015168394953182186,1.16979605625252,0.030764505455264678,1.7740580009230598,0.9290303321314514,good
32.08,0.02103370312386646,-0.017808825344076636,-0.004991376712309632,1.2241334678871882,0.0,1.7660097772702017,0.8402126680820566,good
32.1,0.012237712584423082,-0.0029562240869288577,-0.005071808365297013,1.1223361865384118,0.018481519766477335,1.8394744923913011,0.8877700548465992,good
32.12,0.01680768595107049,0.005292288576110877,-0.013125652039529995,1.2381721158127734,0.006410775742795225,1.7110695650337948,0.9113883632367437,good
32.14,0.0307662344677165,-0.02380170349182959,-0.016871301285016512,1.1346926216819813,0.0032425680984099273,1.7898469825465888,0.9103385398057802,good
32.16,0.0031125860253037405,-0.01950263365599989,0.013793893034576088,1.1415425762641493,0.010901691706694552,1.776135760173729,0.9379327417284175,good
32.18,0.011336215008508052,-0.0009521060007003587,0.006800452280941183,1.2620459268990691,0.02378254108466148,1.824885398106116,0.8960717217103094,good
32.2,0.01448148143618813,-0.0044176513901491195,-0.007474751666096658,1.1629217774655691,0.030462918388168024,1.833647497844178,0.8926734337475638,good
32.22,0.013099623784309476,0.002120208770223165,0.01230237110591509,1.1936928434782172,0.01875419218000541,1.8235739913762155,0.9137724128673075,good
32.24,0.019282893958821164,0.002383213383979193,-0.011069146955873807,1.2360957632828142,0.013958112804994606,1.7912519711242159,0.8934812330333635,good
32.26,0.007753964177642791,-0.02874113836954166,0.006620649258093972,1.2024217113794835,0.018726039377847573,1.882225869327099,0.8845763874906644,good
32.28,0.03381126078920819,0.017763598625255495,-0.012350054985503567,1.1630652185963932,0.02050778457353034,1.833090750184769,0.9570332291757288,good
32.3,0.012724875863348395,-0.0159936909846485,0.03151200678145593,1.2238745030644134,0.03358899905136588,1.8259429912562137,0.8568566439213997,good
32.32,0.016613907311845484,0.024912800249339218,0.0003756279075020322,1.09002468242305,0.03210015877253859,1.8221490334059223,0.963393076127928,good
32.34,0.02886331212214538,-0.006249095384594321,-0.0034403617986993634,1.18701397926763,0.013165670476669025,1.8489163419838863,1.0013503511438564,good
32.36,0.025683579413410124,-0.014225246388258775,-0.008834260477916835,1.1496109923773274,0.015208946057441542,1.8347435961583682,0.867384890434945,good
32.38,0.0033608417779363332,0.022015582327036775,-0.015595524983436125,1.2453732272524978,0.019918897168749707,1.838635132048396,0.9049586088393284,good
32.4,0.028441192669314122,0.011633803897087324,-0.03488851366878783,1.150507380635666,0.027140479186204384,1.7957052616757154,0.9373212430819122,good
32.42,0.02952007396414088,-0.010955301004782255,-0.02842604649053832,1.2360209298063656,0.027870239170064696,1.7522844459854618,0.9413971097975636,good
32.44,0.027885927768949263,-0.0008157256778638331,0.013087868298424362,1.2017684007802356,0.03267236691750143,1.796863193075106,0.9458791807293692,good
32.46,0.00935933737490359,0.0036259063281647475,0.010654465669342007,1.1817637555861131,0.014350218537933276,1.80463210751901,0.9378547025911178,good
32.48,0.03600227836817753,0.003169642989997915,-0.029052351895277596,1.296896518400683,0.023968152149579862,1.7682208283005472,0.8568488269278094,good
32.5,0.026047132229807837,0.006673189237624176,0.00883543487463632,1.139004057215533,0.0006574262088190758,1.8183390246632343,0.9061233197227958,good
32.52,0.020588362141889693,-0.010753166378963426,-0.0015473887559356507,1.1781052090369986,0.03781357608367579,1.728533101259298,0.9069000477035646,good
32.54,0.020367012226008476,0.017128072121826928,0.004635907739648642,1.3061269064633105,0.02318252711679153,1.8054892728821745,0.8766076002264126,good
32.56,0.03921140734484197,0.028195653314479534,0.014026378729606577,1.2080783934628698,0.0042478801301367025,1.880484740870266,0.9711466422045735,good
32.58,0.04712273304042955,-0.002804520390640772,0.015187013834893941,1.1301076815231441,0.017124054322763163,1.8029227780274184,0.8712074484722818,good
32.6,0.04878288172849889,0.007193992144814539,0.0016802592675074504,1.1660357402402228,0.014546145416958516,1.865061086038514,0.9803612941397065,good
32.62,0.01860998561940774,-0.022975322568845512,-0.002055061553957745,1.2546179801904347,0.00024876195942728774,1.7508824696915883,0.8957718434602411,good
32.64,0.005445867827977922,0.025723119765906906,0.018200916001108295,1.2588994698562588,0.028097304058974162,1.9290780548777808,0.8174287785315497,good
32.66,0.023068872798323602,-0.0011998665502552432,0.0012806406554563695,1.232334382617475,0.022280787293046198,1.8200493243624651,0.9018929974267146,good
32.68,0.010204862131368538,0.027257607320874275,0.003299375806687433,1.2790116544406973,0.013961907037680733,1.7784724439336508,0.9632873390062461,good
32.7,0.008990697758486228,-0.02661070431755751,-0.00316056983503566,1.161786037225024,0.020411100848347397,1.74631960612788,0.9113089583479319,good
32.72,0.030074420826260228,0.01541011804899659,-0.007500411748151632,1.2309515547932228,0.009133616220113312,1.782872596991008,0.9710424371811649,good
32.74,0.020309471594960292,0.008436081167305612,0.01443264825973509,1.1778884803886551,0.021618533055889358,1.758584848731085,0.8872550325759241,good
32.76,0.010093765323867129,0.0184710573519317,-0.00956258778476754,1.232916240201958,0.020736204779312074,1.8504431360695688,0.936898695602473,good
32.78,0.030625890980197915,-0.016676435922542178,-0.004596749323444506,1.1677963240591855,0.011704679013120996,1.9402453011411125,0.8685851554632348,good
32.8,0.034827784566201565,0.007343282670223299,0.01094813123922153,1.1721153339609733,0.026819842299148307,1.7011929219684072,0.865158739230569,good
32.82,0.016772200512256488,-9.574872551406029e-05,0.01862316529995101,1.1315304340663852,0.03756386898760935,1.7658868864975177,0.8209253980428124,good
32.84,-0.004779497150130448,-0.004539271661314224,0.005559853443703461,1.116521867101313,0.016296767550857114,1.7915226899532686,0.9070570818157722,good
32.86,0.01165862183682934,-0.015231306626309624,0.013235034180273468,1.166911668088928,0.012847799968811899,1.8828020189969217,0.8233494016267384,good
32.88,0.01105885652141875,0.0009248321056286862,0.001022766881611737,1.1269924373485307,0.018707427909628666,1.8602003725477922,0.907434082094639,good
32.9,0.016678459695638553,0.013288673639226967,-0.012839125651029185,1.2595627210739924,0.009819420704665243,1.7898178097236248,0.8935961576431928,good
32.92,0.020929628389641783,-0.024649854367229593,-0.006295124643138677,1.2128910663230004,0.028416816374333295,1.8513142936884392,0.8822910860016543,good
32.94,0.021839375751768454,0.006651373994000519,0.028244052049091768,1.2215241007390472,0.033791081406188125,1.7131173977132947,0.9263102456945369,good
32.96,-0.0033409243769394626,0.019062252054749648,0.014404674379346468,1.209000390152394,0.0122987936797847,1.8121012134014567,0.9282008368630497,good
32.98,0.03326353994201471,0.009244020546379414,0.014073427495228196,1.2078014412838338,0.01896185809046387,1.8268937154038745,0.8722884565661605,good
33.0,0.033911563786256545,0.028628825113099422,-0.013448830623995333,1.1831179650290482,0.018776471757166714,1.7795489551646788,1.0032469640301334,good
33.02,0.007591236209071171,-0.0264819980101262,0.012111355626897144,1.1573185008555662,0.026356594856004067,1.7292427350092594,0.8373413003928514,good
33.04,0.0075381935977673654,0.004735107982086511,-0.010731086023971804,1.1173145333059797,0.01855731615976156,1.8367854587443955,0.9316655578632344,good
33.06,0.010771452424917656,-0.01102880253415373,-0.0018244734022783119,1.1699106196023041,0.027640758934817808,1.8127267297870664,0.8973930349415308,good
33.08,0.041975570662253964,0.0008485036215435769,0.0069085816343911815,1.223447529939264,0.01628387197572042,1.8062729633788197,0.8847431780135508,good
33.1,0.035656273324518886,-0.00879961044255334,-0.0058895465523065745,1.2687891208089515,0.02224134768401737,1.8513501123793525,0.8672311290539148,good
33.12,0.024349976564782206,0.015726919126123735,-0.007862194581571795,1.2549877129779738,0.013479542186385536,1.777337936403931,0.9513765563923108,good
33.14,0.0029626190009346166,0.00935551955664799,-0.0008570475823847553,1.192617266916137,0.017429135582192057,1.772431308859269,0.8609823383593308,good
33.16,0.01679349827457083,0.010858268572291371,-0.0015133289937812548,1.1715334254712468,0.024197364681951213,1.8189753395006405,0.8164900054136341,good
33.18,0.014526832316799673,-0.005810757959473258,-0.002679091938817375,1.2592265911282587,0.0094195288587628,1.7617329993243196,0.8617072975933882,good
33.2,0.03384531263309203,-0.02416702091333528,0.014347545268802487,1.152703957972728,0.009243894321385874,1.7214132129143371,0.8413518587474985,good
33.22,0.02354196615132196,0.0016634820970094276,-0.002098868025152668,1.1218349727832766,0.019634657780835535,1.8177284529019213,0.9898143124431183,good
33.24,0.002838618847975092,-0.0010569333705609816,0.0005741110168120308,1.194440969982909,0.016029028241429936,1.7392508801044462,0.8684116571540198,good
33.26,0.028483053922309823,0.0014411359337648106,-0.012501491288580245,1.210688167975131,0.027785529819930824,1.758064786226437,0.8828025506659193,good
33.28,0.009813295837264336,-0.014040888058890592,-0.016048854473447928,1.2010335393590752,0.010011755117172165,1.8900171692873426,0.9787067170406605,good
33.3,0.010016038613484025,0.027657780517089798,0.011250484169945,1.1882409743157332,0.01575160394440405,1.8484155116126841,0.877567630994089,good
33.32,0.018699348056978288,-0.022470279093135485,-0.0025887378142784735,1.1797759040342772,0.03589764503385447,1.7744250585352874,0.8730976155040201,good
33.34,0.0016399963354902783,-0.010611345290029465,0.002196265313443054,1.2492208075974016,0.025104761981078468,1.7374260928144325,0.909105518280573,good
33.36,0.017003862354432717,-0.008660487081560014,0.013174066162605216,1.2440127207564535,0.026518231451427673,1.857101546990454,0.8530911148575269,good
33.38,0.010410240852258374,-0.019055719946438204,-0.005620460491602542,1.2287169981277077,0.015960036444551844,1.7553080150128246,0.8138836124720703,good
33.4,0.03366541941507876,-0.01494777454714981,-0.025325463983486653,1.1920570756709001,0.013704896341663768,1.7604938922570177,0.8725972938269299,good
33.42,0.03746761049179109,0.0030845829930887365,-0.001989412626895382,1.1820811480336828,0.002518818564024642,1.8103652215737274,0.8805656030302865,good
33.44,0.04175338938634158,0.01872927440958128,-0.009191396368212182,1.2596346711350936,0.026851557788651628,1.8231969939752084,0.8775567739027481,good
33.46,0.01898791032169129,0.013125389204580304,0.010589462702752192,1.1779920922857146,0.02581477876559571,1.8215471138095616,0.8027100708891268,good
33.48,0.05162663194071353,0.008627461186685418,-0.012544066235200657,1.2767395183954116,0.02184078266790183,1.8094557963021367,0.910067764071568,good
33.5,-0.005187520869709797,0.005599093266881789,-0.028799554808309674,1.1971096706874114,0.009458303797974172,1.7913989759809026,0.8829636735910564,good
33.52,0.03623030513135828,0.005779409786037345,-0.00756359608177006,1.1539481092798776,0.019475379138184246,1.7918809080597378,0.9139693538777193,good
33.54,0.013611209671862318,-0.006761510994294948,-0.006557754104192099,1.1855637427115886,0.030717525171158118,1.8562444397589892,0.9615969188475666,good
33.56,0.01537297403484672,0.002499623607212671,-0.006823764541972512,1.16385996937158,0.020539272115043864,1.838317114835679,0.8795874901663271,good
33.58,0.01681687258138337,0.00670894926687292,-0.023226211158388375,1.2111229424584746,0.01026775473726315,1.7473755382164435,0.8622936941052586,good
33.6,-0.0030920555452993623,0.016534273132389244,-0.002336921752719955,1.1851071754887332,0.025695521005738346,1.8478522887146724,0.9216079600604264,good
33.62,0.021242744205435635,0.009824467847418968,0.0003686765988168586,1.1991787606480264,0.01949221879132173,1.7415523872236902,0.8777297174712009,good
33.64,0.0429838324158403,0.0062312294846877956,-0.024483906043370633,1.3564298174743785,0.019844168026261596,1.7907593730947244,0.8195263359885665,good
33.66,0.015557965127150675,-0.0158581487320202,-0.012023051863722645,1.227207611903146,0.003741281064322862,1.7853217174237577,0.8606494979617835,good
33.68,-0.007484663290890901,0.007891099564750792,-0.007966469354104763,1.142348230815364,0.025228870401853776,1.829990452158589,0.9680319422462598,good
33.7,0.007100498880480162,-0.0011469566547985292,0.0025213014702050083,1.2125292620386359,0.025357228433491544,1.7756652596927347,0.8608269187895549,good
33.72,-0.0017590909754910005,-0.016765097665013877,0.005073909772339824,1.1548689747888954,0.023521941197824133,1.797979658719362,0.9255073792916471,good
33.74,0.03125987373726999,0.022909642217940673,0.010464586044365363,1.1633894759060726,0.028392155001374663,1.6525852688466884,0.9020817009417017,good
33.76,0.007741113503982019,-0.011137021322335365,0.020224527761653087,1.2998773547316347,0.02495267880662518,1.8433769381740401,0.9355367781217748,good
33.78,0.020611881138115885,-0.0030807815280657577,-0.015372541580438496,1.2002986506611246,0.01587633226583293,1.810618609040954,0.8823929301555532,good
33.8,0.007204932797660604,-0.015447423669768605,-0.007662071916624091,1.2165965987725158,0.01200572077508012,1.8025573037294782,0.8726595667631031,good
33.82,0.0263833363016273,-0.0073151154514496655,0.01967640421051862,1.2776522032161632,0.028985801191989145,1.869748288869648,0.9255668552612397,good
33.84,0.02368816646743405,-0.03059040316028015,-0.01086060551013796,1.1178372838349202,0.016317664544326867,1.841848492789963,0.8787317806088375,good
33.86,0.019764086881452633,0.008288033428419557,0.008531298523504791,1.140524739091663,0.03246442704877933,1.824576325444633,0.8323248837466766,good
33.88,0.01695889194220089,-0.014607220183256157,-0.009732455821897574,1.2565495327710225,0.025447633850909573,1.839956355033375,0.8678285895418983,good
33.9,0.0006064222246920343,-0.02197791170803633,0.021251147472927265,1.1964997845982668,0.010273973457969944,1.8890959313665323,0.9637083454327097,good
33.92,0.0443404439339311,-0.021254184136400168,0.012023031629845244,1.1436993001522238,0.017904756264183135,1.9008075528840613,0.9304127160397176,good
33.94,0.032635536437269776,0.01540398986551038,0.011967224390958939,1.2050007600336214,0.0,1.7466736764135296,0.8591746256284901,good
33.96,0.025840015443553636,-0.013660926581974204,0.012526806145437466,1.2138732984048908,0.019330560173991297,1.8048638539199182,0.7807091800211261,good
33.98,0.002597417382769849,0.0034788612335743766,-0.014141055584508372,1.1342819423586994,0.0489600599751176,1.7477902374423786,0.9004458481472146,good
34.0,0.023365158437617207,0.024584835164826704,0.0006204435991639911,1.2777902764433329,0.021089276892164565,1.7679072681613028,0.8783919830498946,good
34.02,0.028082652413829692,-0.002331172039387448,0.013825776908337424,1.2330585865867716,0.013754011490067738,1.783095844678337,0.8557483672519237,good
34.04,0.0263619660039223,0.0032226695391450767,0.008126427525968488,1.1392310854026588,0.019432181099284535,1.8508671657481512,0.8951207104083742,good
34.06,0.02034891549783879,-0.023936802769112336,-0.005615956595947864,1.1955086889347593,0.011463659503561525,1.8244309686310076,0.8822379905134207,good
34.08,0.019133049696703933,0.011127173149422116,0.004444379819989358,1.224108250883793,0.010057251777433286,1.8423663332465603,0.9392064686630532,good
34.1,0.02576622173776121,0.008540493222943592,0.016144772399415083,1.1866800521015939,0.011230165210035255,1.7190780795543272,0.9358184595231471,good
34.12,0.013973673829663394,-0.02394431481547525,0.018271595430063747,1.3048973337114482,0.009840865905917102,1.742869678124918,0.9087191417961622,good
34.14,0.06352974102821381,-0.012039431902290575,0.016140204317592614,1.123510831710997,0.02230575716739054,1.824298721203602,0.9676789253539337,good
34.16,0.03500220872957925,0.02504538969482869,0.010830244935049766,1.1552608925717327,0.02709664214368271,1.777644872995608,0.8038216814591445,good
34.18,0.03783247337343441,-0.0030118265556746677,0.0010370034190823982,1.2715492069431689,0.0,1.781362517022497,0.9178807026326602,good
34.2,0.016833953946043038,-0.030920038860752588,0.0019887701063259515,1.2659003343189545,0.03305804512327503,1.7187249004119713,0.9470487377569676,good
34.22,0.018865489999897653,-0.020934135129779204,-0.00877517093425685,1.1681013143509384,0.026064046648387094,1.7760450980071334,0.9069164568250798,good
34.24,0.01940838588728246,0.015995689707432637,0.018480279221724665,1.1547627268238798,0.010042990262444486,1.786793003597756,0.8801852271788295,good
34.26,0.014045365458254392,-0.005972024584080552,0.005874292437071112,1.1888700575410915,0.022111972945013783,1.761089184547509,0.8299156653496657,good
34.28,-0.0024260486119673757,-0.012307775377220697,-0.010485671240051132,1.2319966988771625,0.02447230234847675,1.7400004186225677,0.9763973928717199,good
34.3,0.01774326075193027,0.02719564560665276,-0.005156654112585547,1.2225302069363413,0.026836146780442827,1.7975488070107797,0.8648834588166266,good
34.32,-0.001240504218063837,0.015529886287678764,0.016386941967676927,1.2091389716953302,0.008237168593415372,1.7364816520107682,0.9140960810303537,good
34.34,0.01915625545135175,0.009252087324776915,0.016321394639774,1.2380900766978475,0.023810822523713283,1.7563981436553067,0.9011940451822715,good
34.36,0.018313496495540305,0.00537752260223495,-0.002899314288235236,1.2486250199574231,0.029762553489524904,1.8273760191196948,1.0347948808034846,good
34.38,0.0216753692541769,0.0052373213030095095,0.013726010409516319,1.186854327605225,0.0360518861896768,1.7993608145351327,0.8916282527723969,good
34.4,0.030901718886191868,0.04029105452370818,0.014420701237155773,1.2059310562101597,0.011399795347140902,1.8012624128397638,0.8508275174354563,good
34.42,0.039675263890318835,-0.008618137794962401,0.0036059864832830735,1.2580313983027982,0.03211537476498458,1.8447371394056657,0.9096098270111138,good
34.44,0.04369621689755542,0.02464966163637486,0.0012422285559343595,1.2071734234408364,0.03537577235908716,1.768533498590447,0.8859330475190577,good
34.46,0.01061565780290514,0.01294097061171479,0.001078431908018976,1.2464059808418826,0.025316461535879593,1.795064967132395,0.9766596517668554,good
34.48,0.007886651490621262,0.017535567861338443,-0.0035152808002191665,1.2467150983193505,0.02275902416047947,1.7867930951846394,0.9507707293684338,good
34.5,0.019233214759455924,0.016482085992666873,-0.0027424951860818866,1.2012961591808775,0.03504906515789122,1.7261948677534038,0.979697440149442,good
34.52,0.012019738397646052,-0.013034732555898636,-0.01686546728662625,1.1896313799660432,0.0,1.8527314527726708,0.9399477905881007,good
34.54,0.019003401249074986,-0.008773797582553228,-0.005269760143721966,1.1579979357590948,0.029385523543209828,1.7662980350602973,0.8828669774014964,good
34.56,0.02052952763670853,0.009314660505023376,-0.00044245461663115787,1.201346402167066,0.019584262643744677,1.844679738603242,0.8670288645044796,good
34.58,0.025756708325318827,-0.0006389914957293682,-0.008469695669653882,1.1675229526979063,0.001863348190851783,1.7957749762519999,0.910190707459866,good
34.6,0.014133318546120419,-0.006317531769805841,-0.00552143464374892,1.2012970371575165,0.02143655852565605,1.8168718591868769,0.9309127959870523,good
34.62,0.020240622044279295,0.009216725173366158,-0.015012871974955369,1.2311856954366256,0.017410431886379613,1.8147224858696145,0.8778574869202636,good
34.64,0.013397865312920823,-0.004064574599284707,0.00025641328529336926,1.200531087965416,0.024269254450070665,1.7338671221732287,0.8977746463774811,good
34.66,0.022516742412345716,0.04140655455343179,-0.020498010207518784,1.2717984946071106,0.04196368616480666,1.7510430224734252,0.7659791787463792,good
34.68,0.0249580094412425,0.022793354125829696,-0.0042114886857256275,1.1456465389779733,0.036031652125321126,1.7669962413209228,0.9044990385979387,good
34.7,0.0115641605897901,-0.007627035721729424,-0.010131476496084677,1.1529911771355625,0.030346539879458758,1.7368669631325524,0.9817052859196511,good
34.72,0.04567205265166132,0.011807379981288292,0.021830786179620112,1.1877591261905733,0.027543957851377594,1.8516428291685187,0.8308563369458439,good
34.74,0.021669359143196825,-0.004095814984647257,0.006887060981376318,1.2389403547250277,0.023164473533393033,1.82703295440481,0.9024521875933617,good
34.76,0.03618091028053889,-0.009684608559720462,0.019997804125800347,1.2390618368217874,0.02532225345177234,1.8033161574811993,0.8955256079537032,good
34.78,0.0234218500407147,0.015588874740779766,-0.015035787923321036,1.243293376184433,0.022589547907098443,1.8233954459386184,0.8101157152504666,good
34.8,0.024057922834575,0.0021003590434901164,0.012273488107748365,1.1579728736087869,0.020153948069296712,1.7739922450922956,0.9076826315567917,good
34.82,0.04933014050617038,-0.007012437165709597,0.01476551348175492,1.2312330602915724,0.027789190079768905,1.8652947728927456,0.8848226869854802,good
34.84,0.0297409229616555,0.0035325897041334534,0.0013824039968561841,1.2468697541126001,0.007300886361892651,1.7515485671719566,0.8478629329846175,good
34.86,0.01988692479549441,-0.02099090176055354,0.003105423524483661,1.2020868145046582,0.01152010049366091,1.825075216298124,0.8792021779488416,good
34.88,0.013143971285556041,-0.0014910530238870876,-0.012075801753019377,1.2196583126172686,0.02591485786299174,1.8127517259990036,0.9268670050464032,good
34.9,0.029202849110380902,0.00918957306502455,0.01545899547119995,1.2399540610745186,0.0041337157606011095,1.6779731740681376,0.8779512454905886,good
34.92,0.019853299936553413,0.01569163377288596,-0.015595618172843072,1.1623978986717944,0.004776620873413512,1.8082795018787658,0.9050889429338637,good
34.94,0.03530582147487042,0.004611687860481884,0.0027844876955241886,1.2425174385172069,0.0035533370875090314,1.8371969385731273,1.0049713837714727,good
34.96,0.02309422762136757,-0.01742839005202472,-0.003568726753951128,1.143358783130221,0.010085988828779839,1.7958961036341667,0.927333798354617,good
34.98,0.003810954295785326,-0.00438620041215874,-0.0012243525952066114,1.2877862079815585,0.01676176888077377,1.7939385502771177,0.8669666970942941,good
35.0,0.010772738523916442,-0.018786054663649677,-0.0317355606802031,1.2795822434655426,0.024973708472646766,1.7622196729376949,0.9966027144323785,good
35.02,0.023112046404957336,-0.010949796206987019,-0.0058983636167008425,1.154269087601259,0.006982442342107967,1.7896021906010915,0.9054160164857481,good
35.04,0.038585075530234006,0.008062167755002562,0.005334825778399452,1.2199595880696887,0.01250135903673786,1.7642942706495182,0.8780943208236018,good
35.06,0.03209298197769551,0.0038402297938887916,0.003422782162702867,1.160957835628993,0.03651267901857236,1.8116006799482727,0.9171319815043097,good
35.08,0.005271751331080478,-0.012016039140294726,-0.015905617466761095,1.2751699467366162,0.02671967481167018,1.788203702616691,0.8394923461929924,good
35.1,0.03313876670664533,-0.01664336507426247,0.022394943719770473,1.2383787929561962,0.020360482582401133,1.8407723323075995,0.9489615159384968,good
35.12,0.036845243541476766,0.02385631179206347,0.0056361013498381785,1.1724887520754883,0.005184003005634447,1.8195220607859237,0.9755762934369174,good
35.14,0.011136452435989461,0.02394935082914725,-0.0009481095460134146,1.1752174649550369,0.030709218253759725,1.7698076067259891,0.9143446685172405,good
35.16,0.01475594135392612,-0.0029895252066517272,-0.0039081535713295,1.200216242760122,0.0,1.7912321519874856,0.8491916051498927,good
35.18,0.04579100510735068,0.0007719026571760688,0.010858124134530123,1.1895556214140652,0.008617565050093543,1.731231663209831,0.9011911355853369,good
35.2,0.022559040161456365,0.015677581781602955,-0.017129031645763265,1.2209296454195815,0.018998384944739707,1.8253041620166963,1.0136038069553455,good
35.22,0.02438991784303839,-0.006382565655749627,0.014358782143936166,1.1665205523580602,0.013870467206339158,1.809113082981624,0.9384642610919742,good
35.24,0.022271621912578997,-0.0046381138992371215,0.002440118000723171,1.2229917747410082,0.043584408269589606,1.7544562134390276,0.8739896824780349,good
35.26,0.024446333829856608,0.03817478639733159,-0.004380941839301712,1.207919278219476,0.03521492348797603,1.8158686162684028,0.8501993727886211,good
35.28,0.007997168183669186,-0.016014417337700315,-0.021033897769055367,1.2801716777368723,0.01565517859725908,1.7895479089317572,0.903983650695812,good
35.3,0.02542324771381118,-0.014856105191439954,-0.011093602382606664,1.1595175167973792,0.0,1.7014779040862145,0.8490287508855867,good
35.32,0.013671382079959254,0.006230780184359901,0.015271137007861911,1.236374626387008,0.02063655922111102,1.8559807336875171,0.8986664154119587,good
35.34,0.014401930576617277,-0.021909760379173752,0.022771802232511185,1.2040474426529213,0.013780057052680292,1.8525839943557953,0.9395187476737596,good
35.36,0.03181220989171069,-0.010114326248852638,0.0032904773840640622,1.2630108935758706,0.018337522718133187,1.8148466464608917,0.9155902052690307,good
35.38,0.03764361066216824,-0.01543664623338711,0.014831713731296473,1.2285358335537018,0.011193797491668087,1.7734665483831504,0.9077631880870257,good
35.4,0.024110164107896914,-0.014091037415371745,-0.00442550753840331,1.281246329618276,0.027823299235884915,1.7839998081815187,0.9690074978615055,good
35.42,0.014841680799379033,-0.02992047452812014,-0.009221335597875345,1.2086100426516646,0.03537415679324675,1.746785035752374,0.9373358306273445,good
35.44,-0.005988299316883802,0.015062397118106377,-0.003363670853774119,1.2160221401383144,0.03538198111668097,1.8131950567954807,0.8905538455613091,good
35.46,0.01931659122576713,0.007931774656386593,-0.010782317985200952,1.1614386094925142,0.030962607220766852,1.7839083765846602,0.9114095287947088,good
35.48,-0.008933026534025843,-0.010509600406142051,-0.01259637598648584,1.191522333469317,0.024359051742521474,1.8580648393313834,0.9650544783848587,good
35.5,0.03764245180705695,0.0062037340384631535,0.006511722507473718,1.1814704904707947,0.0030017999798121787,1.7686885376814527,0.8693163556223046,good
35.52,0.03027457772275594,-0.004150628870594267,-0.005856355918295459,1.1701874150294238,0.02341192089884396,1.8376879565273414,0.9130525342889172,good
35.54,0.01979922416507882,-0.008456622077015752,0.017851573128208974,1.2414687500510777,0.00992125872670095,1.8166501518088602,0.776774811937998,good
35.56,0.030337337349882008,0.004752667571504199,-0.001707627697611394,1.1034033037450157,0.029566756497412153,1.831845440111085,0.7942642424515081,good
35.58,0.021275461809200143,-0.0038456775583360237,0.017479953169981063,1.1954498439205508,0.026304702092687093,1.8436440370833527,0.8799196249902556,good
35.6,-0.008309140601741712,-0.02054436269858829,0.0014418597372164383,1.2225576757484657,0.024042380522230143,1.840052942260083,0.9671904506372553,good
35.62,0.026607161085106038,0.003993575128189933,0.01446144853036003,1.2133969289453912,0.0136153679545097,1.7617763552219547,0.9357821507822792,good
35.64,0.014784286530164082,-0.007584007305159016,-0.032608360917852026,1.1675315247126383,0.029284508850698283,1.8127863035297775,0.8822224388137745,good
35.66,0.025441134169243054,0.007179142432451256,0.010851850873423245,1.1677120418645934,0.03379794678011954,1.6598421290140633,0.851211651331183,good
35.68,0.03648203791852624,-0.006182430995253484,0.011018676646330198,1.23624754972183,0.012962000914895636,1.7531814245055304,0.8692726273317128,good
35.7,0.030747210100389152,-0.010336624367466863,-0.006058897427479559,1.1679741155887002,0.009929978537317734,1.8226228325044658,0.8951805071903859,good
35.72,0.02751059682627101,-0.01687997040992868,0.00027519152144182243,1.2458355114105184,0.03583548948000007,1.7955023253475129,0.9701901497949224,good
35.74,0.009564835834930405,-0.006943274340649432,-0.004813493343182887,1.2199965974790945,0.016992246696659198,1.7733294406773628,0.8251626679805896,good
35.76,0.03810469033091749,-0.005230064028809106,-0.0005665727773768358,1.2318558530903434,0.028622567915789127,1.7225353714650493,0.9533937980602674,good
35.78,0.03921354654028846,-0.010674273831184406,-0.007161935975124399,1.2271782126423205,0.03600224611842359,1.8320093039892524,0.9253123957153426,good
35.8,-0.0033840756447321755,-0.02585967296741559,0.012961817216126529,1.2046295065858088,0.03478988528824773,1.858654547433166,0.9029465576197865,good
35.82,-0.0038721319582422933,0.0180256189056706,-0.004539589311120439,1.16128191797872,0.0,1.836343514958579,0.9633577597054945,good
35.84,0.021519805267980908,0.022369479777887325,-0.013626268974025468,1.144634768753709,0.005285710523553082,1.7679189504702142,0.8318759616441646,good
35.86,0.03822824105791369,0.0034929215244239964,0.012476571635455833,1.1742779598071376,0.01843436670421509,1.8057227943370986,0.874025321258052,good
35.88,0.0312979401671677,-0.0007800017771480566,-0.010657647115320723,1.2388005333316177,0.010620916351387651,1.7914074167344405,0.852861278008491,good
35.9,0.029154220919935223,-0.010174064395759436,0.011042810096877197,1.234466268202069,0.019043015649035714,1.7397685578284003,0.8178517105536097,good
35.92,0.02004091927834452,-0.008966196756719846,0.03174331719452351,1.1793339736257742,0.009024105416456178,1.7821697452821115,0.8798265311574243,good
35.94,0.017121173634243817,-0.004933060408405909,0.011221156373178573,1.2715204153232658,0.025829556771240186,1.761548516373382,0.8526948707399521,good
35.96,0.03236343813199379,-0.022659579002997497,-0.02070898859435443,1.2467015775289292,0.004712812543170283,1.8804462779654134,0.9219153172697055,good
35.98,0.02173029268718169,-0.024418699872490453,0.020976014655141664,1.1437696887442272,0.014911849366848477,1.7278544091783876,0.9985103718700854,good
36.0,0.03692240952399805,-0.012136609445917287,0.0021377993911212046,1.1711289539254992,0.025366049474316966,1.7348759162184597,0.9724290474476143,good
36.02,0.010881273521064981,0.0007608033983437645,-0.014983001693739938,1.1772004692071207,0.013175041103825776,1.862730547430329,1.0145890002411206,good
36.04,0.028783479466067713,0.012944153339668805,0.0025093015795615114,1.1648031551706932,0.003772174455913494,1.8095068709361053,0.8400567404711788,good
36.06,0.007233651767519611,-0.01337920616755688,-0.0032487903649818057,1.172492056303012,0.009403757733571265,1.8044563139611614,0.9238816508659928,good
36.08,0.027074527158845698,0.018968580739730345,0.003921741818724355,1.2801922989078567,0.01799304422411712,1.8317844499989322,0.8809585028595948,good
36.1,0.05693942446317268,4.507411317041091e-05,-0.016586908924096543,1.1887882114631565,0.017315231724836982,1.8214277953855305,0.9015451266826219,good
36.12,0.020942993227883604,-0.004540567464115833,-0.015348469549738421,1.2050947201235742,0.018591998689923145,1.7943522417671054,0.8835269180422815,good
36.14,0.04336627158185882,-0.008058724581137223,-0.01170439571048143,1.178383236201434,0.01774170650358541,1.7611641908365843,0.9027126326188221,good
36.16,0.04400757235401856,-0.0005360963763675055,-0.006767740288424134,1.1254213981972558,0.029884097351654523,1.8609040968974597,0.9386944847767419,good
36.18,0.023386732185653354,0.019215582103738704,-0.00309191085335185,1.1398073004433023,0.021121612752667718,1.8907245901547962,0.986454179271009,good
36.2,0.010843386450959025,-0.02114027659633055,0.007725716822592404,1.1641191710793597,0.020161647424999884,1.8218861733747163,0.8275859403372888,good
36.22,0.03457100440025525,-0.0057781992353815185,0.006803445389992189,1.2407729390070787,0.02100996105326362,1.747683274950517,0.9130332387082163,good
36.24,0.020792936845996337,0.0016026538163701886,-0.010606256013582463,1.1341438631002814,0.03807296740264911,1.7606517560918398,0.9094782358510989,good
36.26,-0.0013341234316879473,0.006021961373517115,0.005033551935350616,1.216213348247,0.012371554769691658,1.8443809872375925,0.7806657662974674,good
36.28,0.037082747409277465,-0.011218346713209072,0.01111570776374601,1.297823937724144,0.004354643229294627,1.8064506468962134,0.884464629424416,good
36.3,0.02725204265497041,0.00044121857258878027,-0.006973108007053112,1.2064457980314247,0.015321013704068596,1.8221673184236675,0.8469337484475787,good
36.32,-0.011043409638237293,-0.0074925285605302126,0.02540659654741178,1.1477767527176967,0.024283074161563042,1.814492888945482,0.8895976685319813,good
36.34,0.0489434479051399,0.026818473757080345,-0.006317253888289444,1.2068508412636147,0.040158688186516855,1.7748679643763472,0.785208440657334,good
36.36,0.02663440191941473,0.009943716367000211,0.006713558798269728,1.243670056517128,0.021537656409190087,1.8004752983079797,0.896434933190595,good
36.38,0.027971741945760558,0.005198471662563036,-0.02879380533417035,1.198404438669895,0.0,1.8502031434207764,0.8917355381573091,good
36.4,0.033040046204495285,-0.004422777738224562,-0.022906668778117145,1.1870725236586632,0.02169183655794238,1.8118321640947848,0.9611736862571807,good
36.42,0.04109760991750177,-0.01255146900955646,-0.014893314214630703,1.2309816504938722,0.029894777012158452,1.9135719935044828,0.8790954898038872,good
36.44,0.03768043505447498,0.012669084443791372,0.02305797015017877,1.22999794389339,0.008122004204301942,1.8078688867533375,0.8782955582869196,good
36.46,0.04344982914291243,0.007756868842058983,-0.009280054353769667,1.1628574497875837,0.0038003957159746422,1.9160669687026783,1.0170367888347394,good
36.48,0.033346573543150786,0.02546690064578776,-0.0004340382623922778,1.1819391028485284,0.03632104231803214,1.7543280747477126,0.9272261437873706,good
36.5,-0.0018710523125479415,0.009667111379494176,0.002892746209908696,1.1370962979993204,0.018534721757945984,1.7773043536375175,0.9962552484036014,good
36.52,0.03329847579337783,0.007928800215706022,-0.01104207277936518,1.1544410250570993,0.023952841739794232,1.7992297392274557,0.9497728537469757,good
36.54,0.030709236444874725,0.0026675929126022944,-0.008649939716617115,1.2610424225084116,0.02823927625626415,1.793737668472015,0.8869745245216231,good
36.56,0.013943153518194694,-0.008311930979010403,-0.011780306451870353,1.1511481486989645,0.021307314730591984,1.700787197041075,0.8873549421613974,good
36.58,0.023808480851773558,0.01256073310245018,-0.0052666516731035345,1.2111694858082613,0.022310171130140968,1.7814280669861218,0.8890657025123894,good
36.6,0.006519614703665452,0.009578617557431984,-0.03758861851336267,1.1553197667536212,0.028517170180646853,1.7804202809878438,0.8694510445192907,good
36.62,0.03976012867355683,0.012937281511617268,-0.014491824002179783,1.187225872976774,0.034768666956933356,1.7089013113530702,0.9171152414565115,good
36.64,-0.003143535164500794,0.004056731640697086,0.003386577286349403,1.2225420070664132,0.018285725066862473,1.7813381440801945,0.7991888284405657,good
36.66,0.029477676074366174,-0.010411520306955682,-0.0027710637455902543,1.1681054641025312,0.01925764377362208,1.804527370529073,0.9492528766609035,good
36.68,0.029217797152789445,-0.0025179934067833783,0.00026698849648472905,1.1618144473311243,0.015073787667848487,1.7998394212114617,0.9092463266734336,good
36.7,0.02496467249221992,0.007074332997755508,-0.005510498236843214,1.210774237757631,0.028091575000370288,1.7509286812058267,1.0396836150844904,good
36.72,0.02449930696449304,-0.008645182123355393,0.01370918512263534,1.2184249487691379,0.01696023806905861,1.749218284860069,0.8767526975478538,good
36.74,0.03726983083680373,0.0004621972798099176,-0.02146262573714901,1.193709352820409,0.029187869506550695,1.745741975981151,0.842465782495227,good
36.76,0.004385342883203148,0.0011333142043258703,0.022058099963558404,1.1249564417477311,0.03350316507161692,1.7446876357132175,0.8122968524379218,good
36.78,0.02648029128206748,-0.012452993070615606,0.0065076912103220665,1.1921563956679233,0.015853375869369822,1.8100581344479978,0.8605755488085108,good
36.8,0.026201298522378652,-0.01648810196457182,0.014136977988646717,1.1635420899902733,0.026175317864895,1.7833991827855697,0.9895180509891046,good
36.82,0.02048031417780273,-0.03167657673064325,-0.0183267714406097,1.2038578861833968,0.015280075235950923,1.7909556620179412,0.9447992370021159,good
36.84,0.017518279911146444,0.030369750778632215,-0.0016424740699184164,1.2227841159380999,0.02555827257120849,1.7208689328388247,0.950423502069264,good
36.86,0.025233303075174882,-0.03103275719688459,0.015474422233873868,1.2350565919632468,0.010353387352411718,1.7383414716146772,0.9136369401223557,good
36.88,0.029858606366341602,-0.005169963664766328,-0.004681395112593632,1.1978166002737145,0.00811530389737385,1.8232767693271403,0.9233591293824003,good
36.9,0.017781338047474782,0.005029882698769397,-0.022356712679101807,1.129881584103763,0.012566997665315357,1.7296997379139492,0.8213023704026348,good
36.92,0.01699033778987686,0.006518117868253136,-0.022694543705057066,1.2096677576607415,0.029432892688436282,1.787509217830956,0.8564255770283764,good
36.94,0.02962380934909416,0.002008969896140031,-0.0036673401617732136,1.281862842479461,0.018934076708919792,1.7522965474747894,0.9369877172898863,good
36.96,0.02871407980410719,0.026635066250165162,0.0050909717612979,1.2638531142938865,0.03910184819256317,1.8525567817158943,0.9760627544965701,good
36.98,0.04457680145066082,0.022351746295438884,-0.010388604522169139,1.1617916220503313,0.03425669478387831,1.8084377126290392,0.8774906419535471,good
37.0,0.02460885930701517,0.02131107794049692,0.01581257324362587,1.1945443015453707,0.03082241137609857,1.795313779959718,0.8653136456145107,good
37.02,0.022007421184486745,-0.009795696252190176,-0.011452216940611912,1.2224466764669226,0.01671075844189318,1.7779474468829188,0.94020618695021,good
37.04,0.030789254832009193,-0.0001004915043534332,-0.00041190167889335104,1.2110835725010969,0.013617202692208931,1.808806415518517,0.9610525382967017,good
37.06,0.009075062605317147,0.007723388884163331,-0.01026073300908474,1.148250704616443,0.035218417618077535,1.7506909324266116,0.8628871992790417,good
37.08,0.012664829308749343,0.008892440258865928,0.017603554058971144,1.3067748245151678,0.01657197788373013,1.7981325505338905,0.9023967442213083,good
37.1,0.023159317484132358,-0.0033329159406770654,-0.0075966468309119906,1.3330765428565479,0.036678503910928584,1.7625229023851934,0.9635053211598751,good
37.12,0.030357747997650637,0.011082282170419752,0.0019076198339341673,1.2447951249371327,0.011953020734132931,1.782145783050249,0.8904113367047649,good
37.14,0.015332846475107131,-0.002473987918731223,0.010564071701823314,1.1544812909965088,0.017645805968423765,1.743416197428653,0.925352039117388,good
37.16,0.009128965023088024,0.014785133269826348,-0.005766622194168834,1.1699487526548087,0.030072395565366984,1.7815011589565897,0.9309655898661363,good
37.18,0.030803950872722537,0.009594360548171818,-0.014160919350235774,1.1585164465049798,0.015420952018018337,1.7958401630833016,0.9108742298888484,good
37.2,0.02286320861465211,-0.010168860225007953,0.01657899165606938,1.2497685078227392,0.034645911908276615,1.8078848149065043,0.9195112780699134,good
37.22,0.0031840421391095995,-0.00033332866328237285,-0.004098669652565387,1.1803140238416923,0.021376246682321277,1.7860821684934833,0.8702456596135456,good
37.24,0.014763083690067602,-0.0014529010935261477,-0.000375839438954205,1.2388438758955398,0.02400575432493502,1.6885148859954917,0.9374895031243793,good
37.26,0.03807066112822006,-0.0013862284013227276,0.011089461436605115,1.140278949168161,0.022721404417701943,1.7933506460997082,0.8147145360200456,good
37.28,0.019029604849873646,0.008000879377158801,-0.003016315730524184,1.1726277113677686,0.027129436236528588,1.8209425612490493,0.889080282358388,good
37.3,0.031162467481256666,-0.0143453273029923,0.004054275333731153,1.1943390967906904,0.019009518571693324,1.734321789522504,0.9400902931070639,good
37.32,0.0443856785419443,-0.015629350530784798,-0.040182534532971895,1.1905277948349886,0.010992192123358575,1.8995592059158153,0.9119671069197224,good
37.34,0.010183708292833092,0.0022914201965823153,-0.0012406424421746835,1.1812398146462264,0.029772129807651954,1.7616055820120038,0.8808107206062624,good
37.36,0.030011058592326043,-0.01667909527768791,-0.017881637300476302,1.1670266048103686,0.02452692797230107,1.8040325508999442,0.927600028951845,good
37.38,0.020922913576896875,-0.015257711096735366,-0.01820550268954321,1.2007996713522502,0.036493762511312006,1.8197613599989046,0.9175695280145445,good
37.4,0.011196814129183705,0.012534879208507507,-0.004720730847055403,1.1547708930198761,0.04103363490065644,1.7363566375083046,0.909580339957154,good
37.42,0.007966741913016077,-0.014601843930706817,5.0028986024699406e-05,1.1161136277106176,0.02925878432510785,1.7281398220174824,0.9586865580496636,good
37.44,0.017712403285215093,-0.005285738043050811,0.006591365141223279,1.2176971248992985,0.020080501397164927,1.8085583416500728,0.8742185392150231,good
37.46,0.008918538530488357,0.008179485564814756,0.007301827159269479,1.2579497756983593,0.0258109292568452,1.797957959730764,0.8965365927215722,good
37.48,0.02881796708145988,0.003716375181023089,-0.005048184428324021,1.2418789668385806,0.020667227832392776,1.8047098237058274,0.9015906667643552,good
37.5,0.01560478348753825,0.02352692080912675,0.03537694915950733,1.2337121183429136,0.0174372308016712,1.9219998451760905,0.8633727947736058,good
37.52,0.032440627989536466,-0.016136562077868632,0.002946418929080447,1.299846304730748,0.013039123381448386,1.8156748968146847,1.0366853616615386,good
37.54,0.021437099397859045,-0.01796035478646318,0.015741612959899138,1.1550893019931072,0.009582343346956608,1.8165675592929769,0.8836068271288586,good
37.56,0.009811664571744504,-0.002083371649238426,-0.012790723027338255,1.1998234140629744,0.011989024709511525,1.7472169115384228,0.8838548317658261,good
37.58,0.018468181986259175,0.01095760931326579,-0.007070868850521393,1.2195342206025706,0.018462571941893647,1.7111255103170178,0.9492015325062909,good
37.6,0.033113442191932504,0.007475935983865024,0.0022014675459778397,1.200872067369947,0.024858784372232993,1.763651786778633,0.8923974944223896,good
37.62,0.017115916301019794,-0.003687261554732686,0.015540270120657465,1.105188673515622,0.010594149038311363,1.8141741665191786,0.8903474372088078,good
37.64,0.020822645385710735,0.00606230347066505,0.006376311232536508,1.2227436602235051,0.020543006155347297,1.734051433529397,0.9942325327269961,good
37.66,-0.014232538521801789,-0.012602016278900242,-0.007779576872807134,1.1934347568802517,0.023301439006545438,1.759900062716367,0.8235375284445235,good
37.68,0.020996656260517534,-0.03866075478255203,-0.008544834529718727,1.1678568784403474,0.005930261577182721,1.8151001590501095,0.8743191546015315,good
37.7,0.02636028838126115,0.013167560015181998,0.012368105913768017,1.1347175584504345,0.02268494107540215,1.8671037079617943,0.8650325699656617,good
37.72,0.0371210685380691,-0.0015612818758893618,0.008036433968680918,1.2087390991468419,0.013201613943324374,1.7949252926196884,0.8942236786709069,good
37.74,0.02463351948361378,-0.010331039348084443,-0.0009924910132118067,1.1882845480749868,0.028040885210988315,1.7015777927438671,1.0038938488867397,good
37.76,0.03380214846309317,0.007131175030118505,0.02622194704078716,1.179497397764483,0.021049597310934365,1.8613392577282264,0.7856300673753229,good
37.78,-0.010031786632938829,0.0038623483962080996,0.010108413957991813,1.2517786810917766,0.03583750303227499,1.7636976453385227,0.8977709945372476,good
37.8,0.04547958610897136,0.037585962696298866,0.003586690875479136,1.1525603200246426,0.0,1.8411042563430349,0.9025320024547557,good
37.82,0.018880719786957344,0.004194461422085772,0.011926720588456627,1.1393221540944973,0.007688615602063256,1.740852720939855,0.9280826786254515,good
37.84,0.03671008665422154,-0.0058106031435917705,-0.01279953504780718,1.1776794655354248,0.01708548616913426,1.8157721772979774,0.9088619348549131,good
37.86,0.038539637360354394,0.010392805622516176,-0.007703040565412147,1.0939725286211845,0.0,1.8280796127347814,0.8731433336515555,good
37.88,0.0017277436245469538,0.012408031470249414,0.02052287532762994,1.235292537028183,0.01514245908432858,1.7586475263097514,0.875182451964238,good
37.9,0.009071957461833749,-0.012082697923420753,0.00406356274093686,1.0893258551874374,0.025277822157330133,1.7703974764861672,0.9138968016012311,good
37.92,0.04385770731290429,-0.010416667788197227,0.003406482706226716,1.1728789785776912,0.0007060958143826346,1.8505871664696008,0.8731461159762615,good
37.94,0.020802275037373297,-0.014729276047304412,-0.010891499481568723,1.1587050513447097,0.013191900266947582,1.8460601495101712,0.8579599790867222,good
37.96,0.006003743867458773,0.009701501055150465,-0.008760163379682759,1.2153412580969933,0.023909416626442782,1.8219058046752952,0.923655228744006,good
37.98,0.03722177887043306,-0.03455207542163005,-0.018420733169074954,1.089187911721644,0.0,1.9114923329349087,1.0010951739340281,good
38.0,0.0042700501340312835,-0.0007248718738552524,-0.024159051789950987,1.2346422919960822,0.019175035914153437,1.8248225191968417,0.9322594529680739,good
38.02,-0.016075294019689285,-0.012465068834215684,0.01811088944392751,1.212635311960449,0.00434450698717229,1.8501386743045602,0.8380852443435569,good
38.04,0.03906660334016434,-0.007740683328363449,0.0009480348086069922,1.1903661357643471,0.008590830644787734,1.812254029129127,0.812593137745474,good
38.06,0.03387729702138255,-0.00532506660397895,-0.015117099217087225,1.3116658499980876,0.035498794956871166,1.8959056293319678,0.8607421256393764,good
38.08,0.009831962035613163,0.010053317280871641,0.0014209738828163687,1.1813599055396125,0.02351890386148961,1.7814505429761571,0.9209465130740749,good
38.1,0.03491989841189893,-0.011260461874231877,0.027775425718436764,1.2626823688640694,0.023390706277965825,1.832775604355728,0.8671136395744939,good
38.12,0.015483642147226792,0.005538016384814191,0.01608777819097411,1.1256477249354535,0.03036380619906254,1.7763079580951215,0.8601863984538937,good
38.14,0.0046277519425920715,0.03529735916967501,0.009995902949690785,1.1799081414566948,0.011482215166318914,1.7918188892677407,0.9217237531689652,good
38.16,0.032409830647127776,0.00492382502379769,0.016078695599217496,1.2118902659525639,0.015852189580535053,1.8052516931259621,0.8100209621729465,good
38.18,0.03186264917720729,-0.0031178830219336265,0.02198415295321806,1.1856285017383459,0.03592657394808671,1.8114249704437906,0.9172252191429855,good
38.2,0.02883713580475759,0.006198099313005937,0.001541918761664103,1.1557602345563538,0.016539626118098175,1.7957324455967052,0.9396201835139166,good
38.22,0.008149940533323637,0.0009811034984389597,0.004189182368156807,1.1562631728691288,0.015903731374281267,1.825872125246278,0.9875582714475878,good
38.24,0.010259493322157389,-0.03278689016939647,0.0004556309622336377,1.19586654727238,0.01890728393916976,1.8613545880104219,0.8328753693098182,good
38.26,-0.004194914094209707,-0.01711119638077075,0.005511680933274637,1.186939723492846,0.00494569236007157,1.8215604463381243,0.9044552958588292,good
38.28,0.02630838054052695,-0.0162499403759961,-0.023429758505706798,1.2125261992500604,0.02648973820049205,1.8112107671561088,0.9048195681280623,good
38.3,0.013801592829902967,-0.0031183179172897557,-0.007851054937596809,1.2964194578333905,0.04241903199593577,1.7602541329808872,0.9319297395264589,good
38.32,0.008731313259369555,0.0024783774493584514,0.006617006723565045,1.2680359212004086,0.03162931641457159,1.8126015434263714,0.8968202796438878,good
38.34,0.002899936724931484,0.014202727222090563,0.01950261107127418,1.0774813626291238,0.015925777934903337,1.8584491435992638,0.8689523345268207,good
38.36,0.030683843097112293,0.0046675461874992625,0.0006471693776808499,1.1564290158153454,0.025954121246366466,1.7178600298469096,0.8912134173374653,good
38.38,0.015770951467377885,-0.010365971202695725,-0.03360900635239333,1.259927490385362,0.01811230567153416,1.7959203872163665,0.8311383491146422,good
38.4,0.03541715075670316,-0.0024993687303590693,-0.016606990677353915,1.1986127570004372,0.00880887933631278,1.8478805698965812,0.8873948241007045,good
38.42,0.022686496334882494,-0.013739678484956575,0.004627063567210984,1.2114402831730815,0.019243616088597114,1.864231033688298,1.0264212396029202,good
38.44,0.021875839461427984,-0.0016177420278967645,-0.00944274105612215,1.2334319632813446,0.0,1.7186463006926642,0.8463628247116137,good
38.46,0.03564245737769418,0.00655783532363848,0.0026535189088184303,1.1864916559795513,0.02222726967633702,1.6782350984846284,0.8934928413978471,good
38.48,0.02580878011204215,0.02575269366336236,-0.028987459844686623,1.236989691849626,0.023158837474513458,1.8941758174616834,0.9346595810258733,good
38.5,0.01282445711891817,0.0034770897049388304,-0.02896454920820677,1.1824691463475268,0.02170212751507012,1.8463781234817884,0.873635140404012,good
38.52,0.03406928966616781,-0.014323407448516031,-0.0029512499143864892,1.2267127363540713,0.012323578723777692,1.7519107702371113,0.8520867202885588,good
38.54,0.02653463097984017,-0.0004427219240540919,0.015686534398781513,1.256704154313376,0.021892377127810173,1.8402162231485986,0.8596393861863428,good
38.56,0.032075873980530474,0.006935504094436869,-0.011625059555139278,1.2482901222785303,0.031126129071050078,1.7869461562795412,0.9051035259948071,good
38.58,0.02647112370452553,-0.006059591283349005,-0.013369318065941946,1.207163422873514,0.029256837781588933,1.77907098710368,0.8775324870376175,good
38.6,0.04006341570732275,0.016022702998078425,-0.008961972628234553,1.1016687077101863,0.013049229148720792,1.8666902439260986,0.9035510736390653,good
38.62,0.014658789421568641,-0.023794862024363515,-0.005701956518221422,1.2017499891538976,0.02065106277270387,1.8561654867141126,0.8528436308609949,good
38.64,0.02570002644553349,0.004900863083563774,0.0027167945127306984,1.2028925842807832,0.04327421854727724,1.8025924271658758,0.9693725793009887,good
38.66,0.04960468157105259,0.0033375762929414164,0.007038820818665756,1.1292810229400374,0.0024479116104831437,1.8021087717167472,0.9217293406524236,good
38.68,0.033139772725504286,-0.023325243330158587,0.013314084244887097,1.19892289978821,0.008921000284083783,1.7985396718896858,0.8298158924423666,good
38.7,0.03305401319061048,0.02291198518801371,-0.012769070442622765,1.217771203665335,0.012522604132505683,1.836813451406719,0.9242186412739974,good
38.72,-0.0010781724098005313,-0.015435430585826103,-0.019180053657170466,1.1861512197931599,0.031181391665493018,1.7405887210057283,0.9005799296264128,good
38.74,0.020843815627519524,-0.007207999640429904,0.007755812320061009,1.1836756579149452,0.008976748122256835,1.923428136262035,0.9477751041377699,good
38.76,0.030380763043662724,-0.023770938342988598,-0.0035832887273956815,1.196870875581516,0.003048916756756403,1.7430845334548948,0.8657606688322308,good
38.78,0.006743085302282452,-0.009329432885944572,-0.01098291971302249,1.1702675622591638,0.03528386713583317,1.7290428376654268,0.8802518699429013,good
38.8,0.008578778835278833,-0.007451396593228204,0.013138668200934301,1.2880645362035728,0.011818304811425649,1.807052331160071,0.8376757745003204,good
38.82,0.055230027935075754,-0.0022290755653371296,0.0017678673875752794,1.1649257664661563,0.02963052388997528,1.7138450668306442,0.9470393956493466,good
38.84,0.02718577110496447,-0.0020507933333118312,0.016071433903301152,1.1757468002983313,0.025274476569155383,1.7666354478719368,0.8343875820648083,good
38.86,0.03309877244771852,0.006829007122480403,0.01211051512677327,1.1723282828762451,0.016665342740958704,1.7658652344266828,0.8904016254411984,good
38.88,0.029224188831668593,-0.012318179722487277,0.03031638723238599,1.2128319560384504,0.015412892537788023,1.802778436106337,0.9099436941427878,good
38.9,0.006553045803123868,-0.004050788497280061,0.017179774299678405,1.2660591959825072,0.02373166786065144,1.788540741584444,0.8813820649834816,good
38.92,0.025103945615290658,-0.0049432162244262825,0.026985392335353065,1.3425775228861268,0.029422144901908608,1.8439821192694672,0.8882224389432228,good
38.94,0.045601704374799865,-0.011776144583170186,-0.015137899251149658,1.198556245822749,0.021884384325318994,1.6976150409156685,0.9416177198663728,good
38.96,0.006959146147814657,-0.01367870632691382,0.005188738081221701,1.2313226346797068,0.006493432753003981,1.7116548906718672,0.9405244418100557,good
38.98,0.021291422951758045,-0.029404745942278973,0.00448777448079553,1.1906307400408684,0.02288850454923527,1.7670733959818454,0.9328232416779346,good
39.0,0.014165366959566448,0.001074109456257945,0.025774222798754833,1.2939330632716817,0.03487915793272242,1.8016344957215027,1.0133631994647874,good
39.02,0.02459507128931777,0.006087548215286387,-0.025550286147221532,1.1971782195692793,0.020991889871671124,1.8549750940331369,0.849532034354511,good
39.04,-0.007507160309347372,0.007445726564657762,-0.019504105395382557,1.2786770261062488,0.019852891938872932,1.755030338388828,1.0370638999582154,good
39.06,0.0351428933036302,0.0016745520674572448,0.020223949097178222,1.2575623651747851,0.04473240875879926,1.761415418324027,0.972242058956355,good
39.08,-0.004577056926484602,0.00944475002868087,-0.0019046010964211746,1.2823121804232303,0.019179774049982248,1.7980636102264445,0.8667922314819134,good
39.1,0.02821192583096821,-0.007507931758759379,0.004966817177534089,1.2283667958878348,0.028325037380230844,1.8275878264817975,0.8376049297020794,good
39.12,0.018550933464900523,0.0071421246605457905,-0.027715644746374734,1.2008921162736585,0.01360371211127681,1.7939746120934075,0.8807089005786741,good
39.14,0.025744357131426858,0.011418919674861172,0.008969056397006724,1.2120758777929632,0.037549000053359705,1.770784276862679,0.8733231063110277,good
39.16,0.04589258113403916,-0.005677909259853381,-0.006628300004328356,1.219031926122784,0.008122840981060506,1.7791722032853932,0.9540378321872804,good
39.18,0.023436266558990775,0.01515050291352054,-0.001941052381761754,1.132845107785873,0.02603232184574877,1.8449799062068717,0.865786310926233,good
39.2,0.03261047751081295,0.0226764398278266,0.006832908122501067,1.265160427535097,0.01912521274407388,1.8376832972115007,0.8644985597806868,good
39.22,0.021617757992599268,0.022566179821710542,3.798728449609094e-05,1.2459926339563707,0.022049124964690903,1.8155542364934028,0.9340352172562179,good
39.24,0.01989460446850444,0.0160952279746919,-0.0018907293064095306,1.2735436809374363,0.024776476962590076,1.7809854140846189,0.885373382978302,good
39.26,0.03449668165949478,0.028997981419776574,0.0009207731236839486,1.1862153067525385,0.03587289328259979,1.7367291542882197,0.9348408692037865,good
39.28,-0.002958249714088197,0.012549985127400992,0.002796311070352678,1.2602080785690855,0.014017482639908683,1.7870291158887854,0.8527505311665847,good
39.3,0.029924553731510845,0.008944932643799527,-0.007004708149675816,1.1796131841911757,0.009471168507961637,1.802434876756452,0.9090052263020271,good
39.32,0.024292123628384118,0.004246093818287062,-0.0014532927065807678,1.2352955784758588,0.012205488552611074,1.8521298940984003,0.8756522200193279,good
39.34,0.018580123808082633,0.013493845286240981,-0.011118660197981705,1.2077706088013034,0.02229291237583634,1.8195338409492936,0.8376623413203501,good
39.36,-0.022300884086794627,-0.016573255090477815,-0.02374633840047191,1.2557505944126266,0.012098883008993854,1.7640828374537765,0.8475124855234905,good
39.38,0.014607148598367365,0.015321089540841777,0.0037954583669126962,1.2217466879048973,0.017263268446269957,1.7720846183984098,0.9948686337500818,good
39.4,0.02078717196902889,-0.014242693332045408,0.0008671944759269378,1.3199418490494979,0.013600124165434643,1.736903489631605,0.9420552996847631,good
39.42,0.023906204396956912,0.010959640152817841,-0.00590685313186777,1.2895968303294252,0.014456135845331706,1.7712667063847205,0.9688397346618494,good
39.44,0.03853481630923687,-0.012236919894053138,-0.0033824134090985787,1.245821639271488,0.028938180141493238,1.6972834391590432,0.8999331272659336,good
39.46,0.050440022920432426,0.0011341075342320543,-0.00637681612482123,1.2593088887616672,0.026082897041552828,1.7783934285740206,0.903604722953848,good
39.48,0.0012084014160355268,0.024255909244078964,-0.004113867916296484,1.2464135712232634,0.030031071648512257,1.7958721611198687,0.8790242458510629,good
39.5,0.015495062528549087,-0.01621631482267921,0.0043812800609343274,1.256288774005624,0.024767568572951714,1.8631102876147283,0.8098989645919955,good
39.52,0.03621192979848853,-0.010746758761863106,0.00710213657097187,1.1861303281087978,0.017960613381802257,1.8010187334938588,0.8914510469091663,good
39.54,0.013270980090952558,-0.0060444596130388205,0.017774685511218472,1.2629466310745852,0.020009736609675245,1.864375349093534,0.9113814596704982,good
39.56,0.034993404917497216,-0.0008833133340746382,0.024769810387197732,1.1925519786438268,0.02781761872936672,1.78961083506206,0.9369345406748215,good
39.58,0.04767550704277503,-0.013806645438173799,0.004390635154038492,1.2912826708263028,0.011865888806830833,1.838535237045342,0.9006973462775218,good
39.6,0.030248792493219462,-0.008136560902478376,0.040617325118145066,1.1665096304471667,0.0013007735800365967,1.8146719179409943,0.8895225474146449,good
39.62,0.04148824577746588,0.0045955157737344685,-0.0036731608870084766,1.2217619692072446,0.026944050871614666,1.8117660220295608,0.8614933315750182,good
39.64,0.011108702778901096,-0.012485155274078901,0.010775702758570807,1.2861583352044212,0.003902421584314565,1.8187707603655496,0.8811794139740591,good
39.66,0.027192902975754434,-0.01219466138808753,0.017298417529851656,1.0437070738911887,0.03208049571209365,1.7870521605622587,0.8580426867164348,good
39.68,0.02821929072270078,-0.025078476183078364,0.012933367186198232,1.1945081819191052,0.01787774247479303,1.739541812914552,0.8455357180170922,good
39.7,0.04477398650766686,0.008706100890905323,0.018949109142426018,1.254239155808546,0.029301740116985345,1.8369566065779563,0.8957584216704151,good
39.72,0.01756737859166089,-0.025469498166143408,0.0017582941056758974,1.1291928791813879,0.038873111900805654,1.875794609667642,0.857457047955742,good
39.74,0.03331497089790198,0.007110076063372617,-0.038840429186365245,1.1679516980612306,0.03188736647585838,1.7767327866448461,0.9179254677562455,good
39.76,-0.007666724341125824,0.009643283979931703,-0.01519255904860608,1.203281634716886,0.014665507201869656,1.818190281542536,0.9455362175472397,good
39.78,0.018879313949804865,0.0014274018503392441,-0.0033282124303786985,1.2211461463056037,0.01005339622788933,1.7762845378161853,0.8742487462365467,good
39.8,0.0178420478109183,-0.0016454705783928868,-0.00753029332302286,1.2458579491220707,0.033659509523839504,1.8969924786445524,0.8165299549388944,good
39.82,0.048834825339405474,0.0036056490345004553,-0.007340815995119595,1.2494659370417842,0.022578866526045342,1.7708250184295424,0.9737201425076049,good
39.84,0.056570068705566016,0.00477541032668151,0.005351899493204615,1.184728241952676,0.021565607120684418,1.8088760615981894,0.9429875388836548,good
39.86,0.03957878138508663,0.02249450354151672,0.008752244386534347,1.284872043042353,0.008477244105985242,1.834227760776006,0.842185484636364,good
39.88,0.03406659869981364,0.0028478857266280863,-0.012426559055832552,1.3176794464190642,0.02005495402737999,1.8432735692622226,0.8809720785356122,good
39.9,0.023953825606680024,-0.027091049003816637,-0.010274148176464895,1.2662909383110896,0.02174832550517833,1.679878420831222,0.9501178142556573,good
39.92,0.030708294887424267,0.0022770166997103185,0.005285950484362729,1.0971390357212818,0.009185228673815531,1.7619218495061295,0.8336321659602318,good
39.94,0.007911819638761492,0.020705331013459727,0.013671298749700524,1.1869221066120161,0.01000316258030667,1.8201714950725707,0.8310451071970123,good
39.96,0.0060027168603272165,-0.029433210183090544,0.01661342899004546,1.1998682948283164,0.030449705936100992,1.8104647672535892,0.9463449066443756,good
39.98,0.01811793729150767,-0.0073939183534597296,0.007340666349178798,1.2363455462660886,0.013672310560706643,1.7844710510251391,0.8803363940426797,good
40.0,0.02877664957764802,0.011907606789269309,0.008134895932403591,1.1828934991317477,0.01188096472676871,1.7132010484753644,0.9546110327871349,good
40.02,0.012640245760892826,0.0021620780707581975,0.010362353616911882,1.2089542718836332,0.028272921597502665,1.821421776992342,0.9000615049128671,good
40.04,0.0032869548944228716,0.0021851942935827116,0.0014710258219152504,1.1950563106994971,0.01560221203043945,1.89030933419332,0.8646986193306485,good
40.06,0.021730771209175517,-0.018366928650079793,-0.005597547496540558,1.1637836867121143,0.03153836183610994,1.774853306589997,0.8584905848336551,good
40.08,0.01796303302730187,-0.0072261444171341956,-0.026525050776783205,1.269233300231526,0.036669482397711305,1.839505097811343,0.9023130074889383,good
40.1,-0.003975388742893218,-0.021377261606425616,-0.004094642123352613,1.1777116614493048,0.007315360429657119,1.831915109409235,0.8190869391264682,good
40.12,0.008241315794002318,0.010349006899204628,0.008286916706563953,1.0734453937424469,0.018134433572627413,1.7896621056321018,0.9567091514705999,good
40.14,0.013876571549225735,0.004728774386350017,0.003794454978214676,1.2249867197755993,0.006710803865369408,1.7198557282143976,0.8854431769143926,good
40.16,0.027669666997122394,0.014905610378095104,-0.011766611175436953,1.2203591126710924,0.021202088662886434,1.8016282570716253,0.8691260500267503,good
40.18,0.027409793076230513,-0.024396739180977865,0.009188980604448775,1.1817806621115439,0.013722406022757296,1.6783428686230357,0.7765204011240996,good
40.2,0.010650366544096786,-0.0038730911877144876,0.0038676457701451554,1.3114317777928581,0.014561074800612802,1.82061814577102,0.9061584159186542,good
40.22,0.0379026010427242,-0.017979184836770423,0.01587148352767184,1.232333958476815,0.015138147137239665,1.7169727380224364,0.840980734058738,good
40.24,0.018035728429329705,0.00046661720124850333,0.009055815806432293,1.1505288520725059,0.025178940787318117,1.8633180603020336,0.9329605283900362,good
40.26,0.05153470565669419,0.0037040732728607063,0.006608603001229273,1.1826952005622755,0.016901978389136124,1.7069819014433085,0.9690138747807934,good
40.28,0.02905960173433517,0.021906822975816097,0.002883513599790406,1.206756586602858,0.01910912915335928,1.867191340586938,0.8952916188526477,good
40.3,0.031138331146710035,-0.015103132425329234,0.006626365591951664,1.2292875087201762,0.025725932895522087,1.7263015405804454,0.9053135950026037,good
40.32,0.025842956135595407,0.011661832015885899,0.005460205110762415,1.2864913169166703,0.027054342753263315,1.7186395479862169,0.9271305437539744,good
40.34,0.007629475755444136,-0.018406069213813173,-0.017495668362500272,1.2193858099114803,0.036242516587661394,1.913725286970847,0.8886877700059533,good
40.36,0.03315210444235225,0.008870284633004452,0.0069130339037165745,1.2122253655883388,0.02581768209673537,1.8091056259418898,0.9574343473219659,good
40.38,0.0382113598737198,0.022403883813777548,0.012827878375049137,1.2829514181605028,0.017257540813160284,1.8169771458851958,0.8914373760252859,good
40.4,0.030494046059101783,-0.023529922065797935,-0.004596887363151995,1.1824574664612095,0.02094121293303336,1.7102432087376613,0.8952108915188594,good
40.42,0.019034596550811578,0.01249787198791658,0.003650064073397358,1.208374452898815,0.027673961903009286,1.7213105557428805,0.9002756673489042,good
40.44,0.02314152957879618,0.007563546733786838,-0.005180959697275917,1.1943347102946134,0.017217295493151666,1.7952905445800464,0.9474711290032816,good
40.46,0.012869072257571217,0.00022979854230089947,0.008769564725932034,1.2409992596716637,0.024771631169573063,1.8682030646764272,0.9160618871955247,good
40.48,0.004525426898780386,0.017400427207090445,0.010520094734494072,1.2418610262500682,0.01786341304491733,1.873749909243879,0.9203197611615277,good
40.5,0.04109877304308859,-0.00458694305978899,-0.009777580748885394,1.2591597032678343,0.021495215249436088,1.8462390247819296,0.8094456828673529,good
40.52,0.02756723076648851,-0.02688311937778603,0.0032861098912466647,1.1397355738921888,0.04144327951244288,1.817593646302574,0.9157480810656305,good
40.54,0.032915447326786515,-0.0011903962399186596,0.0014104625132592011,1.248289145840967,0.02182205378424726,1.7814966338646157,0.9794470806853415,good
40.56,0.04768284647189272,0.025681247019480463,-0.005474673144129986,1.2211597512732448,0.015087096373588457,1.8016088161471808,0.9525695097933419,good
40.58,0.01719626873087567,-0.025239080193105955,-0.00323977241689788,1.3040412165778277,0.024364314848204116,1.797414398674831,0.8448518007172138,good
40.6,0.012658654609836876,-0.010072816509228201,0.0003161501721326757,1.2408350837918836,0.027751896137995072,1.7332094701605318,0.9827432694798972,good
40.62,0.006168492240512106,-0.0017979609227757802,-0.013063255251568475,1.2189188758921758,0.01445259104911963,1.795753686998113,0.9167922389609041,good
40.64,0.027333403957714754,-0.002787518734153838,0.016335042573013315,1.218660993379642,0.006861245691854801,1.7970708029688212,0.9400795622900141,good
40.66,0.020973339237183898,0.018377759910642857,-0.013449437830808876,1.1804778365657513,0.019914139568997354,1.8412801625085178,0.9440992600199274,good
40.68,0.01925253843669969,-0.01407238693514638,0.002627688671309838,1.2734106619369265,0.014418137471836408,1.8804865413134888,0.8499162611612979,good
40.7,0.040918673033148396,-0.001230724998776866,0.0012937800056565523,1.18531482539214,0.033123121223143745,1.7620422055415192,0.9160267139607642,good
40.72,0.028230402471894483,0.001766917192902584,-0.0016658410799931043,1.1516873394664762,0.01395489315690619,1.780148739928417,0.9354036723886381,good
40.74,0.03666366851045206,-0.012544375103036442,-0.004933706080454533,1.233330175877353,0.01710820736952015,1.8048808481982288,0.8868335293963927,good
40.76,0.040278992458863946,-0.009129340068828368,-0.0036734446155273675,1.2252755517931877,0.02828010199065846,1.784417356292317,0.9405684519001469,good
40.78,0.041404468790375716,-0.007066220229511981,0.007254601218470943,1.1288838767063314,0.023337004768270386,1.7675723613068233,1.0002241657035873,good
40.8,0.02327238165728886,0.005648940852136145,-0.021928039017146978,1.229623538863283,0.01423029781193053,1.8361383688089945,0.8589230093978467,good
40.82,0.03995180440126701,-0.0028674057294405387,0.00211242212064146,1.0936256681284555,0.02974957442119762,1.842374460888835,0.9117218675006641,good
40.84,0.021623629166824893,0.015036300627395343,0.009237605659385063,1.1794615311887167,0.028738774767715095,1.6732222572648845,0.8904200975496266,good
40.86,0.030308747939000114,-0.00952181563262097,0.009417915697440746,1.0737515043642785,0.005199347639694414,1.8243087831090823,0.8767515302759862,good
40.88,0.023198956135635482,-0.04243991105439395,0.005640608475506941,1.2410780946486448,0.007904459524259014,1.8811217394954327,0.9180500273939118,good
40.9,0.014481427560026532,-0.015334946276296377,-0.02809579278256004,1.218555903293428,0.02382882426675668,1.775912915093299,0.8771293125055548,good
40.92,0.038088117088602554,0.023746249456026543,0.02146259809908098,1.2239558072980148,0.023099371292697284,1.6852395847697503,0.8548058461666461,good
40.94,0.013601465528686484,-0.016944025756182424,0.002328914716632307,1.186758077032648,0.018605706307505458,1.8068485309571647,0.9252049684347193,good
40.96,0.06770867116758691,0.00852083656151292,0.0007332474269350828,1.189630862182327,0.005430891472388613,1.8167653534973933,0.8875417038710263,good
40.98,0.012648814325972663,0.012936506461064921,-0.01547951088151026,1.253963075254596,0.014843566988224897,1.8335631132735317,0.8235265952307026,good
41.0,0.034617725575049836,0.010006709031889164,-0.018714084758217408,1.1798008336112282,0.017466121136959452,1.7780534479652985,0.8412931534374662,good
41.02,0.035759384766765004,0.015855298612877537,0.0091642192457092,1.232297736915351,0.018291281523133095,1.8004968391914924,0.9040651723771946,good
41.04,0.04196686753259283,-0.03468111758970545,0.010608302439904155,1.2469002998859229,0.006665375625272063,1.7302814281944376,0.8919136635428065,good
41.06,0.010312680947600421,-0.015695318821848516,0.0007162918798093929,1.1751186438099472,0.020148608297135627,1.7782297174401103,0.8812169242064782,good
41.08,0.011446309394356665,-0.018937094804554532,-0.00309807806992882,1.2742603262810732,0.0,1.7473398555435455,0.9075090887975185,good
41.1,0.04439106004838984,-0.008842286221370371,-0.02910717604594874,1.1401174420408589,0.02491350905872277,1.8445179519515704,0.857281320665753,good
41.12,0.021848361747294636,0.005968851638993349,0.0020108888014040175,1.2644059599737558,0.03140928758939329,1.8384981970245593,0.8874155354169028,good
41.14,0.01827446062820069,-0.02030347763374287,-0.0007844871819040987,1.1736944039072976,0.02256666942332753,1.8706886315288531,0.9955855232095322,good
41.16,0.00039695163760101917,-0.00549122476126899,0.023259150910582678,1.2165270584533796,0.01743848995433699,1.7435488168595565,0.8286429082240181,good
41.18,-0.0015094587844036637,0.007953971899132316,-0.01774006233726299,1.2397904438367187,0.018891846818653135,1.8373840222627014,0.8432776339839883,good
41.2,0.010740516483860615,-0.023874717712721556,0.001145594799083641,1.1871027520528468,0.015262737869058556,1.7585342711590897,0.8552027553925801,good
41.22,0.02909510779679067,-0.006196149792026411,0.002230279056996393,1.2623999828465349,0.019552767908098678,1.823077373270412,0.9138626355039164,good
41.24,0.03288403017143785,0.01709979486036308,0.01171179546915759,1.1846285952390618,0.003046989168800064,1.774075735805225,0.9402441933695703,good
41.26,0.039941346335004214,0.007770321142287749,0.03277438023120438,1.227201405926423,0.013154587612064275,1.7587844244632986,0.9199199584318587,good
41.28,0.035653281329411625,-0.0033098341435849107,0.0028266424169238313,1.2201499943388943,0.026682134840446826,1.804561726333692,0.7748309569693181,good
41.3,0.04020082917548176,-0.007182838791033308,-0.00543247334042047,1.2059027895658443,0.023534789035084245,1.7192296112768075,0.9062260547512831,good
41.32,0.02736270527732193,0.023489101771956695,-0.009024176868047898,1.07819867649362,0.03723832267113976,1.807434596265426,0.8293698368553845,good
41.34,0.02517219645087876,-0.0065160382741459915,0.013998625193898988,1.143801806980783,0.018855092971879067,1.716816196158851,0.8667784535236143,good
41.36,0.0037690732104767284,-0.006047597215603758,0.01080651891868456,1.214204985542015,0.017455557820026495,1.79118186339092,0.8392381104557162,good
41.38,0.014203889427290258,-0.007450150769518375,0.003440652738533137,1.226179577499618,0.015244229423191553,1.8430041389595715,0.9128307920877204,good
41.4,0.008617685018302424,-0.031406582783175235,-0.005141692785124059,1.1505673916231491,0.022284538587170395,1.8302518476844305,0.9392209857971103,good
41.42,0.035488426911638477,-0.024656497576667345,-0.01747225201029165,1.1779996492347533,0.0014418066676039724,1.7992434251563,0.8731097932545926,good
41.44,0.02068874026171939,-0.021291537750963936,-0.017692226612383937,1.1395618674835888,0.0019052125727094388,1.9095067829538324,0.9649402483963575,good
41.46,0.02428322085223871,-0.0028382753421179628,-0.01608779799948578,1.184715238992103,0.016459924517985985,1.7573955581876974,0.8575243759571731,good
41.48,0.0255446816009978,0.0006497363012675674,-0.02059930411881752,1.1799045523228293,0.03202239360523239,1.7924304626233407,0.8428832635593213,good
41.5,0.023033118662646797,-0.0054970523297061995,-0.02850365157043479,1.1997978163494802,0.004450413970005654,1.7130645164626,0.9222435036907829,good
41.52,0.02044025181457197,-0.006743019200073113,-0.02562083384991282,1.1865659508352648,0.013414903804757464,1.8109168331782883,0.9077568959120927,good
41.54,0.017230066680369253,0.02120615433981309,0.017809144666381026,1.1563180774147788,0.010532271112440239,1.8297674488495177,0.9175615759843602,good
41.56,0.030379960750361864,-0.004927509742881231,0.013701187383217668,1.27211680710697,0.013054601136063774,1.7755946976394477,0.9431467486570635,good
41.58,0.04008976176187079,0.01668633816301651,-0.012582906531149646,1.1595258435025213,0.011877345579195751,1.8309627991434205,0.9100477467481264,good
41.6,0.010781232091714875,-0.008703943993636722,0.005828552545010453,1.1421281264923,0.030340917305709095,1.8139357582865068,0.8787851636196742,good
41.62,0.019092896822252525,-0.02343876315134853,0.009331914473041845,1.2674743811074727,0.03403618797064143,1.8396342419181215,0.8791275355874633,good
41.64,0.030511038429272875,0.009512987463594982,0.009579484883679865,1.246408690813308,0.02649222393857818,1.746848173667192,0.8083079908631191,good
41.66,0.01560047009839371,0.002839367597502936,0.021732701125194938,1.1763324706926181,0.028627782053811432,1.7938025348292164,0.7752881789591742,good
41.68,0.023561696138001065,-0.0032873922529267664,0.01729584697108096,1.206056565451961,0.012781655431745146,1.7737252700133157,0.9238651558660196,good
41.7,0.03177882744826382,0.007729088779686123,0.009255267909067855,1.2671236064687028,0.016826980868853706,1.8681063274575935,0.8174729141046324,good
41.72,0.022772627491417553,0.018512333363666776,0.0014536927552116258,1.2078489517509112,0.016778742077637708,1.726452477345932,0.896901784904669,good
41.74,0.0455254162921547,-0.009443549744520318,-0.011169381427785084,1.1366290038606204,0.014596607691856875,1.824317666297147,0.9370853660108341,good
41.76,0.03279303636885681,0.015292565883854517,-0.01143809687187098,1.167068112081742,0.01980001310865769,1.7961069999654287,0.7991750981811582,good
41.78,0.03639447052278787,-0.011967910830429224,-0.006748458928489764,1.1867077395391095,0.01651557620006114,1.8051324135982345,0.8175149485776538,good
41.8,0.014890863822568007,-0.002717743827658714,-0.022369803529435083,1.1969380159737537,0.018997736047387387,1.8136441091444777,0.8645089693034316,good
41.82,0.023673304455804473,-0.013317168236467825,-0.016067361544286264,1.2023063996882781,0.022654839230713396,1.7747331154731658,0.8091785130549771,good
41.84,0.0343427537107147,0.007766572616351263,-0.00537107920761074,1.1565819532234984,0.010837988148197104,1.7924235937996873,0.7728373051786155,good
41.86,0.015761412506774583,0.003299885575160324,-0.003519675724157977,1.1368845504333855,0.00337614845024543,1.7323323729563789,0.8742501451691124,good
41.88,0.02876483758699847,-0.02584642395040498,-0.014786873126945465,1.2361756651395905,0.012778904195525694,1.7772673054419832,0.9204334468321558,good
41.9,0.026572805200734656,-0.0026897395318680305,0.007447659274737855,1.1052710151010907,0.016485052102294086,1.8131798512260568,0.9378961513712403,good
41.92,0.03080488129684413,0.02200644433696145,0.01983885168843877,1.2953934354542131,0.017824606426692067,1.8285726176015498,0.9417281342458727,good
41.94,0.028666633164592566,0.0020339197333576224,0.008839451438509217,1.1173894160620002,0.00800593442317038,1.8215323203458813,0.931769088121925,good
41.96,0.02667727662972332,-0.021382695894052058,-0.00024384121771024934,1.3071217164970872,0.009986565117879804,1.8074283482867257,0.8745733418498189,good
41.98,0.015471731974112737,-0.0014658195357178767,0.0070658392303972585,1.23163125023188,0.023236718248344067,1.7625203620895578,0.9241069679331587,good
42.0,0.023400939564288074,-0.012497308256479935,-0.0032691058757809118,1.2313448836875953,0.02769351197216568,1.8430060756671411,0.8777457890293332,good
42.02,0.021132206660805754,0.006174044102860302,0.0048057640555998656,1.2083658120181502,0.011904740911259743,1.7916311443154196,0.9186491229917965,good
42.04,0.018910124953790727,0.006319327225681179,-0.006359647459899743,1.1507431642453154,0.03699284981350692,1.6827527482437545,0.9455414965720685,good
42.06,0.03935087072970274,-0.010521209357717283,0.008360972797363699,1.153272584618088,0.009978646097933353,1.8201986691620817,0.9162000021166452,good
42.08,0.016689907209111798,-0.017883597099007602,-0.020534861695888418,1.2166704192076,0.03650859064865425,1.8165712487832963,0.9306440908405388,good
42.1,-0.0014494329644910728,0.023767860158875623,0.024075023480003357,1.225288524939302,0.015555544871719458,1.8056735293721173,0.9251028321589221,good
42.12,0.027412854653813486,-0.0042986285206207805,-0.02844411056020323,1.2139928344155289,0.01815875007320369,1.7694499003239799,0.8030767625141325,good
42.14,0.01004148851865404,-0.012057235151066359,0.0034626727861586915,1.256971100651809,0.02475079593165789,1.8167254577151615,0.8619781520055018,good
42.16,0.04524236633805396,-0.007086262480982251,0.0043138194111005486,1.1218361028504713,0.0035671732171171575,1.788625593851079,0.9378536685373664,good
42.18,0.024149843602831837,-0.010593125816738097,-0.003063900154796339,1.2069639976473518,0.03654523249916107,1.7392190141471482,0.94235507890672,good
42.2,0.04201609103095238,-0.0149727286622652,0.010577376507627655,1.0907802262140534,0.0189338810313516,1.799195455679388,0.8996386728854079,good
42.22,0.028889498181968065,0.008895061211658813,-0.013869577472770763,1.2349902613936345,0.011418923078899022,1.8671076533108883,0.8746416936518107,good
42.24,0.029505601980366173,-0.0007083982662217834,-0.01786741212425548,1.2304880495553692,0.03284732987077304,1.7975704508221002,0.9092285857678288,good
42.26,0.014834834695994397,0.016875772683833085,0.015510163837349034,1.1802472836844167,0.034707919943560636,1.7909493533299787,0.8219686444337995,good
42.28,0.011259799233996545,0.012130124252727149,0.01061435096060173,1.2972504952123654,0.025821682564097597,1.8168699855642745,0.8474752361375151,good
42.3,0.03688707175143133,-0.00698548360703996,0.0026643965162741986,1.1683155347353102,0.012078218562901625,1.852567713802175,0.9249221197493123,good
42.32,0.004185718973902278,0.0063948314445863,0.022310366983641396,1.1643414860161092,0.028078956782814742,1.8767164424995715,0.9226415981494126,good
42.34,0.020804565099795332,-0.002934903364137553,-0.00910429920966734,1.2394945712607068,0.017443778553618706,1.8602760022948226,0.9027589526385194,good
42.36,-0.013583226815322343,0.011376052080272847,-0.016567608017075856,1.2812449988303358,0.029509435997324272,1.813240512744135,0.931547464390697,good
42.38,0.021248958999218012,-0.010538871099621289,0.01938482943553501,1.1185561375087658,0.0,1.7821665058913234,0.8411938327333697,good
42.4,0.04727592931638211,-0.025863814079897733,-0.0095630381800374,1.2162549807751166,0.014739308447049057,1.8360814949164528,0.9109618542683865,good
42.42,0.01899183381239709,-0.031654399515436187,-0.0055522654104084804,1.2284417741228042,0.0185642903616172,1.8265697696822556,0.9613092514413564,good
42.44,0.0387599470531768,0.004645360888605991,-0.006356814471687357,1.2608718132270431,0.012684273915026792,1.7694026137607521,0.9332998957550336,good
42.46,0.03504493821244544,0.0201712064629661,0.016706922982431895,1.1937986897990391,0.027865095788619718,1.7821042544296077,0.8402262989479898,good
42.48,0.005839661153653527,0.028023116117615987,-0.012747726952524237,1.1586880074512553,0.010689314141836843,1.6665896519883863,0.9534070369687976,good
42.5,0.020073599232222145,0.026200108156726857,-0.001004542676705371,1.2570100510750197,0.018246425552880183,1.7916493334610122,0.881708750175747,good
42.52,0.020750987675691127,0.005316161296109279,-0.00807174811177348,1.264735170731507,0.022286374019686507,1.6919657290835828,0.9174639263234623,good
42.54,0.018770156375262352,-0.010847417378064312,0.014174139457654944,1.1158014708741355,0.036014557920553074,1.7695453350473,0.9441430551387413,good
42.56,0.0348379386202896,0.015413620522496447,0.001762843649220802,1.1618128131162484,0.02246756484862066,1.687059527403681,0.9231096665886334,good
42.58,0.012537485967239841,-0.01213069591675924,0.02314622771232497,1.1596564221187167,0.012220761344110343,1.7706731488809135,0.9550882124486231,good
42.6,0.018289124818298166,-0.01855312976046112,0.0079426252932893,1.3097103323246235,0.016675341504830667,1.7879200404834883,0.9302810001019384,good
42.62,0.021534513077890137,-0.018365391515884302,-0.007962222137974135,1.2486617143735455,0.01279589977917036,1.6936230404022128,0.9501786292577421,good
42.64,0.009282527825548021,0.028111000743050004,0.01273066208798236,1.238853284362709,0.006872178845070314,1.7456268436277935,0.8251858553659278,good
42.66,0.02589577644741501,-0.004190172934794074,-0.002717016971093234,1.1674931531744306,0.02302344158727403,1.788963938192983,0.8588990494875431,good
42.68,0.027586353066354315,0.00822562110323477,-0.020560382229549087,1.066370186622471,0.03006519901027537,1.8141092935139327,0.9668954105543879,good
42.7,0.004931197303439851,0.007333680732555962,0.02695039184285851,1.1077923819308377,0.009309708370928147,1.8077477731016247,0.9201275586877872,good
42.72,0.024536338311680457,0.011069209612966471,0.01808263457623189,1.1538833452941928,0.019841390069843784,1.8097940661330925,0.9269203519355904,good
42.74,0.012112960486729208,-0.005581846400241269,-0.0026066181269229476,1.1471012150616529,0.030989454914927453,1.8511140046007843,0.8750534250707551,good
42.76,0.028971420849595482,-0.022628700335616127,-0.011937420134750819,1.2196572394230178,0.02798939741878178,1.8918054115476524,0.9200506934213215,good
42.78,0.0022531453612557265,-0.008983238211982563,-0.019810150168735597,1.1984105502283113,0.022355532807973918,1.7325849691698056,0.8997434614466776,good
42.8,0.0458120827091596,0.01762176269126453,0.01987558107644319,1.2773763348849843,0.029987975070035436,1.8608009679747137,0.9564105605426196,good
42.82,0.02777534065756878,0.028051264857368488,0.003938949389727658,1.1674108305694395,0.01700287521273837,1.8277300527322196,0.9477500122892892,good
42.84,0.04380023089665573,-0.009367841295075185,0.01738739617651074,1.1414494453136332,0.015037089033164178,1.8000215034628684,0.8743647389299577,good
42.86,0.03778794906881516,0.008566239087571334,-0.021460491068411774,1.1841334836484558,0.016811465624587345,1.785038632310847,0.918291424084491,good
42.88,0.04337969720227958,-0.004404663717823707,0.013505561189067324,1.1994406619893698,0.0,1.821592102998442,0.887834452082195,good
42.9,0.018468766056929035,-0.011985922774015202,0.009584468595171331,1.1902125535417745,0.014277825503944267,1.7677621386688278,0.9734561559701016,good
42.92,0.0008286711956374017,-0.0033754176632329437,-0.017913008647787058,1.1576473302715544,0.013814507691965674,1.8180111748402603,0.824003065397978,good
42.94,0.020850647679685606,-0.009940293636630083,0.020567209011836618,1.2092092168092743,0.025738725187188453,1.752266155110573,0.8423108278506616,good
42.96,0.0216598578428627,0.013596774893490282,-0.025098858729912615,1.2691602259505388,0.010039954992481937,1.7186487102853185,0.8649304982539745,good
42.98,0.04433038112598255,0.0020982978106509785,-0.0026511656474418567,1.1637259720250255,0.011220130979034822,1.8588228479090878,0.9114428738919385,good
43.0,0.018064125749855397,0.0032733788010509035,-0.0063935825635988534,1.1517798856198442,0.020844689109183447,1.8034260505306208,0.8885433403695753,good
43.02,0.02859354749816806,-0.0014778615739561606,0.02636075933726696,1.223277010100195,0.023993126686977142,1.822372121808551,0.9138522868920265,good
43.04,0.019178706463464593,0.01397316352509966,0.01971404427542656,1.170230340041797,0.024892449661527486,1.786417171973704,0.8842267696726767,good
43.06,-0.004290282322382278,0.012337685477637764,-0.01396399887754757,1.1883134921446754,0.03161460619633823,1.7426430145244405,0.9337753490267819,good
43.08,0.03727517915378774,-0.007189697866940129,-0.006091810538214304,1.2990912509695656,0.007666504771844964,1.7874646017906288,0.9543420014663535,good
43.1,0.048312045122635566,0.010201765942848122,0.02286499115014917,1.2718939086066972,0.01673170685168833,1.7928899021117692,0.7924857879986882,good
43.12,0.01884924429623652,0.005707891743439304,0.005492528483467575,1.204951072340477,0.02450878819319315,1.8019521138126282,0.8326504441333571,good
43.14,0.04606695037528425,0.0056523708589651675,-0.01018064607538631,1.2132393547916338,0.03818287017989841,1.7470985829994194,0.8562451047593538,good
43.16,0.021835764828204613,0.012668388449821873,-0.005502395637050817,1.2176437869419214,0.004129489619847167,1.76744350676663,0.967262639851087,good
43.18,0.019945928846928754,-0.004989428036896941,0.0012264028751324868,1.2448793490707912,0.03383429878860726,1.8079389086571824,0.8343892999297285,good
43.2,-0.0004239088397610596,0.00836249423193548,0.026741289667282255,1.2426386177976765,0.01824355657729634,1.8840628690887549,0.8268357554077824,good
43.22,0.033299886020444196,0.0020566750061668648,-0.0048768336462112335,1.1747920493964075,0.0068652414084688935,1.7876787043377949,0.9597430510459446,good
43.24,0.0008660901396964701,-0.021308985511775465,0.013654659846340268,1.1836579674537837,0.01392675898168298,1.8585571598901671,0.9487902190884906,good
43.26,0.034078733046619826,-0.015384558472636178,0.04230743175853387,1.164354729247669,0.01582520239304054,1.8328793161520338,0.91224445552502,good
43.28,0.04058773156547493,0.02359668869601634,-0.02262413684595389,1.2697654876118054,0.01596549334093596,1.7638950558551851,0.8611120463764081,good
43.3,0.028141653938405398,0.0010478682270465025,-0.007151172833154819,1.1747824246157132,0.02939247896069446,1.7543254147819103,0.8500233600694092,good
43.32,0.02840233014443563,0.022264402706858713,0.009018449732607816,1.1085573703608351,0.01810301756317677,1.8876815956653594,0.8687129514176184,good
43.34,0.026470758386854164,0.0035455848263577644,0.029115076326745468,1.178346085800139,0.016422255908966378,1.8304942259034322,0.8370855262894945,good
43.36,0.028994547666052518,0.023622417146709564,-0.003670662098534392,1.155677946375422,0.01820378337540339,1.8320538774334392,0.9023866324434238,good
43.38,0.006138908780172146,0.011964516574097256,0.0029766961490592975,1.1927459782402128,0.031177972888166157,1.7970941624351158,0.9470918120019208,good
43.4,0.05818386892256678,-0.0023085614398735553,-0.0031559464232544126,1.1520539630269333,0.020174106152659417,1.8346610241602,0.9916215052664263,good
43.42,0.03961680176359158,-0.011173156473700104,0.0010649295302858303,1.225967305936396,0.031417413600660415,1.8029482002433939,0.8925655351558376,good
43.44,0.04223305421125567,-0.019305307829582213,0.00499964365193354,1.172445997518773,0.016400886961154538,1.8120561725605913,0.9438014325829839,good
43.46,0.029384189518981946,0.004477663156500522,-0.011555279708445595,1.187685916463294,0.028482786268111803,1.7804736236133758,0.9567024386346265,good
43.48,0.0223566857103736,0.008803346895643107,-0.000492161485512952,1.1714535770707608,0.019141719175957323,1.6997165316794356,0.9495789246408688,good
43.5,0.020773215955498473,0.008119621239052216,-0.005880252947463107,1.1863631863983704,0.01602589742181259,1.8071631326606943,0.9839439721542996,good
43.52,0.024453044369823106,-0.009244096384921482,0.009717961321251333,1.1696883647383602,0.008625082974261544,1.7841644592308439,0.8786001974495171,good
43.54,0.0028270322803580876,-0.01660357111585971,0.024968878447993437,1.1157077209920887,0.0050041850107678115,1.8970454175956393,0.9214749657048424,good
43.56,0.02858084375380031,0.003953618376913361,-0.010464427188903756,1.1627401255370715,0.028105983118264403,1.8413206075041297,1.0439683974225562,good
43.58,0.05626835357440024,-0.012542095324100068,0.02041458787763472,1.1709132196557046,0.015544089040350813,1.793481826527452,0.9012232147243219,good
43.6,0.03715357327515697,0.01673782036764541,-0.003239028244127281,1.1857921215846752,0.015580606351981049,1.7699355617619925,0.8950810601237728,good
43.62,0.009572383770822522,0.02977506238010138,0.013675998132600951,1.2746639452664144,0.021934197731981957,1.8562722221417858,0.8993509683263055,good
43.64,0.02768579668723491,0.0028351234942145015,-0.012254010740188198,1.1212305699766882,0.03454530321212766,1.8596598662172736,0.8800230031923418,good
43.66,-0.0009725123457763568,0.00960845586804617,0.00445092891752863,1.0850762702878112,0.030809032559899543,1.8142692558364815,0.9145234709911396,good
43.68,0.03943353323894371,0.0006331724760410759,0.019917607176000236,1.2062635374723707,0.03066048132175188,1.7670367215359652,0.9151691050256425,good
43.7,0.007960660141569324,0.008759589797577022,0.01287353035328638,1.1974328679044535,0.02362167218143939,1.8471400355617855,0.9464451191754822,good
43.72,0.04210671028671889,0.005628496845306155,-0.03489052092502492,1.1965699616063978,0.026554153685038318,1.8873418788857592,0.8669471520542074,good
43.74,0.02911441466846761,-0.004107241754834535,-0.004541932948041587,1.153803900048428,0.04589907030139311,1.793298771344806,0.9711912828865041,good
43.76,0.041955600103917114,0.005178119549797017,0.01984805520149245,1.2206720406195224,0.03582853306184415,1.8361506621527681,1.0073879161578603,good
43.78,0.01554152565704788,0.014972217839308646,0.004190332622498396,1.1795949491999447,0.007619369418830842,1.7803927111798512,0.8338357123284938,good
43.8,0.040048274143673346,-0.013666181602391716,-0.010918767208719028,1.1430726500538744,0.01783376186851903,1.8066011666118202,0.7910287301957574,good
43.82,0.033122802934754995,-0.006983907202293478,-0.012701769565953288,1.1744477336346029,0.0018342235545466233,1.7054943610371478,0.9412478337381657,good
43.84,0.01201279039951177,0.01131150704361506,0.004767325256404112,1.1715513482993671,0.028727590251535103,1.8472875303105694,0.9237939910874038,good
43.86,0.035303086354076224,-0.0074886682686050084,0.013906742622541811,1.1687234502301744,0.012607487751144803,1.8066320462367045,0.9229080418585157,good
43.88,0.034941663646207995,-0.010839074881181406,0.0005939419644389841,1.1915013415860456,0.014438155273184636,1.7836804093600038,0.8982832009370564,good
43.9,0.015618999930259178,-0.006568640248861959,-0.006859676129273517,1.177910497640814,0.015016157010768997,1.7548315870794458,0.9600550809862856,good
43.92,0.018434593323134487,0.003996696183264015,0.019852595033605962,1.1593643680971748,0.027443264012834756,1.8174988456764398,0.8978454802437666,good
43.94,0.0009119284509037325,0.002114377049517929,-0.005089835494192377,1.2559533321536278,0.013233051002704853,1.821989400366768,0.9877857857307865,good
43.96,0.02525596869377668,0.0019846661592662204,-0.011237739710821822,1.1718990080801357,0.010303774315716727,1.8137679853570488,0.926737392286534,good
43.98,0.00896653073494194,-0.014800093278610042,-0.029148798482645993,1.159293209737949,0.0272824451738067,1.7853768972332815,0.8675112608915033,good
44.0,0.019719336019552017,0.01058471200982282,0.0007552904135647386,1.155816515717467,0.02183351658367711,1.8134020304017215,0.8098271350197003,good
44.02,0.05104991477203839,-0.008713672663312367,-0.012600584570544845,1.1767345474869988,0.028580800055416904,1.6812588976195395,0.9754265742917286,good
44.04,0.012890998079994916,0.015053764744020237,-0.005262116512359053,1.246574354449109,0.020164628098662523,1.799118290717538,0.9619177251124635,good
44.06,0.04036621394311685,0.017141151044211784,0.023273665187819106,1.1800357333417184,0.004544009974738987,1.7890802170669917,0.8978341218454331,good
44.08,0.014819153930041839,-0.008560989565563686,-0.0170608677872635,1.185632501695891,0.01187058230191669,1.828983605118701,0.8572807312828596,good
44.1,0.025912079267814494,-0.005647109538624855,0.010435944539927614,1.197423029859398,0.033477018795109295,1.737404902675446,0.8694684294495041,good
44.12,0.021070732865105336,-0.022712253669595707,0.02094319130801523,1.0991564744813416,0.020903317904239195,1.8783083432214425,0.9155279979923435,good
44.14,0.03491195576668712,0.00882940483840896,0.010394093317542841,1.1437876004479248,0.02882658058068642,1.8188726543479248,0.9240462655346107,good
44.16,0.03806122457735476,0.028295533322066888,0.003350218965283207,1.242724779260484,0.020950653974261796,1.784776215849085,0.9571029265825874,good
44.18,0.02636845852700803,0.023262145880629716,0.0046593812663549335,1.2997570355419428,0.028724517380743355,1.8907379712760477,0.9084711971481064,good
44.2,0.013585792427482746,0.0002054439786240627,0.010135650577759288,1.229989152338311,0.018154120666961104,1.814959926341282,0.8655755906849485,good
44.22,0.03268612960788087,-0.0261653753857834,-0.0079980091211416,1.1593059512979849,0.03513144974784614,1.875207104536859,0.9405672863912411,good
44.24,0.02871058333717036,-0.011367015326092113,-0.004584595882630587,1.2223623677532298,0.027425529341029202,1.8245050276861352,0.8539046666149785,good
44.26,0.025658440885642904,-0.00014358746182319178,-0.010897367675212951,1.257570042440132,0.018913567446728893,1.799859191549332,0.8122948396734202,good
44.28,0.0015104748254729699,0.030469098325849785,0.018002909209967385,1.1786638588259064,0.026007675995361502,1.8460061280967315,0.8693124624696627,good
44.3,0.004928434927959519,0.0014790082674292979,-0.014614631028730599,1.2138389596059012,0.031162896017472717,1.7996137065200783,0.8849777091380358,good
44.32,0.022958093446774745,-0.03715701845769767,0.0165010154887412,1.3059362165823634,0.03767008357559075,1.7811525527162684,0.9501121513354372,good
44.34,0.010712230926905125,0.0003255964598579445,0.007454674628599763,1.251300924472882,0.02343758504383134,1.724906216694083,0.9017500025422616,good
44.36,0.01887731041056668,0.007158004340020387,-0.0004734730565903943,1.2517781596283721,0.03982418707202821,1.8340551860604983,1.0064235538728314,good
44.38,0.019921189929973687,-0.0010000760943049225,0.012603102626748217,1.1042360868131988,0.02764278755260306,1.8259923155050999,0.9302042837760298,good
44.4,0.020583961843217573,0.00012318500541051583,-0.017368536694958574,1.2436477918975255,0.019406840742048678,1.8164940539700067,0.9957643196360608,good
44.42,-0.0002987485502537559,-0.007904996606543094,0.005376533548861991,1.2216722699005222,0.007494435781893452,1.7299012789372095,0.919639542752108,good
44.44,0.012425135791841265,-0.005672616423292755,0.017348254522774408,1.093568895883739,0.01849318692098534,1.7955571971434678,0.8105686368079681,good
44.46,-0.00010608044674158505,0.001391315561108439,-0.01589801740806192,1.2602110359259517,0.03966914660440652,1.8528198272886407,0.934457659950276,good
44.48,0.024974690950300967,-0.003086530862746745,0.025935067648561214,1.2798800273552942,0.025516631007360156,1.8493650037079141,0.9370229762492834,good
44.5,0.04349408168488253,0.0020999917958006123,-0.005153568729492097,1.1728422868137398,0.013591386772794608,1.7750451276018477,0.9536001161812975,good
44.52,0.014650843128172669,0.0019672711903883262,0.01486429104703229,1.2197850805540007,0.0068130099303026735,1.8596780502360457,0.8748220796653106,good
44.54,0.005032977993401511,0.01755004045635466,0.0030407057327368854,1.1839444566244743,0.024142340367814624,1.82037006746501,0.9131789709096436,good
44.56,0.021914377914853587,0.00562687998446817,0.012300398242363689,1.3229482660179377,0.006418106732601294,1.8267123942031946,0.9527930222645177,good
44.58,0.031969192688594085,-0.0013537678657392165,0.007254749664069134,1.2277547518032121,0.02410155911495192,1.7955990086752058,0.8780150246826371,good
44.6,0.029422766498410677,0.02058252910368347,0.008091502835775867,1.2179070353778834,0.03493436918479285,1.717618367110579,0.8671960326361043,good
44.62,0.057187556489647955,0.013068947154878366,-0.026836694399848968,1.240128547015477,0.019870360755726173,1.7500872537385734,0.8186358968648129,good
44.64,0.016981251380201148,0.01704882931103659,0.01512256303085352,1.2243784505086361,0.014947226081630866,1.8707100415485103,0.8829342418303993,good
44.66,0.012884286138320352,0.03200665701933737,0.0046783250928400895,1.2207865187721407,0.029292885298714287,1.875950469798098,0.9066802185128784,good
44.68,0.015484457614556546,-0.0021474733686709653,-0.0015047324304390238,1.1659668014985167,0.024283831701634898,1.7821415460482886,0.8566529616206278,good
44.7,0.019298717049080098,-0.03674310704007947,0.0029015469660035984,1.267513860614893,0.017613526202154426,1.777347490516999,0.9491488545025928,good
44.72,0.024074417009236515,0.010986014317483094,0.007636641553425287,1.2233837921934143,0.008120121580485891,1.7648490700953052,0.887270476163531,good
44.74,0.029419676155196157,-0.016735460606200302,0.004571168139780876,1.1592431077329735,0.006686518083732659,1.80185136853924,0.9182868109961045,good
44.76,0.02173548071909326,0.0008765357366828116,-0.007509365018663827,1.244016338142934,0.018854941224603117,1.8467239030356701,0.8882472301610175,good
44.78,0.0157258226079925,0.017258294519292894,-0.019271654143155858,1.2441365546283154,0.011208196952154328,1.8365067264806856,0.9346487257124544,good
44.8,0.02790010631271798,-0.021504104334772123,0.00940037098265372,1.160624545581203,0.013073574483385454,1.8552198497833543,0.9172793940771035,good
44.82,0.029136968182041405,-0.015032882532227315,-0.0043151843198009614,1.2080539078777186,0.02293721462820014,1.7921015904799849,0.9205262576104823,good
44.84,0.02016093907360259,0.029351379963711732,-0.012865296214851064,1.154423680853424,0.036036260643941345,1.7507432495391408,0.9524463712158887,good
44.86,0.005688980514459921,-0.014312054068985077,0.0010822289792982386,1.1195629744644013,0.014276115196612624,1.8369648645812897,0.8809464637359292,good
44.88,0.014339481857803713,0.022686401847802403,-0.005108334609040353,1.2442761470100785,0.01247810847641348,1.7369097350277085,0.9870583591017386,good
44.9,0.02803813616380074,-0.00899674514417119,0.016696646166993442,1.232242626857889,0.01814563770724998,1.8471839742034408,0.8716331826542093,good
44.92,0.014467640676303663,0.005630369176740207,0.010504333031234558,1.2107999271139995,0.03505913219083184,1.8323697744746534,0.9317960078973186,good
44.94,0.005452370372846334,-0.006546290363031128,0.002747704496899567,1.2177573717263086,0.028544405634533705,1.8304766132894272,0.959386021674,good
44.96,0.0329767560352157,-0.027765574292493617,-0.013321422917360312,1.1134063522516562,0.001907894350675017,1.810987982346421,1.0213294256285785,good
44.98,0.025160668179918792,-0.02574880727933601,0.005192240689937376,1.1837384074794637,0.003928266109667195,1.7652086753788265,0.9389671248336675,good
45.0,0.0283591760713925,0.00491001240958593,0.002414184440147477,1.236514424661006,0.03441768184003592,1.7423725725989014,0.7957979772907001,good
45.02,0.03046170580387959,0.009676893091775213,0.003520884704360904,1.284575745591808,0.029400524062634794,1.769365212024842,0.9380078959632262,good
45.04,0.0037401176069575244,0.002954572961772672,-0.001762966881966033,1.2568595900113524,0.02538445616097937,1.7438011630229515,0.8949317163838902,good
45.06,0.03970015174837788,0.017033762645862097,-0.007382364861780289,1.2071511730024622,0.03007604383384556,1.8646010228965273,0.9722806982104985,good
45.08,0.024524653744800326,0.019495048470404324,-0.009517283608368258,1.2598357903771664,0.016412704374831708,1.8660425582641018,0.9514007206450544,good
45.1,0.02254660018068431,0.01554326929462065,-0.027221703688428137,1.192093368592665,0.006320592013385237,1.8131996941937938,0.8838690276908712,good
45.12,0.02561568378555566,0.0035354518267933263,-0.0020641869454094256,1.1879839266451457,0.03210422044224606,1.8254256477508881,0.9197018854140477,good
45.14,0.0013212366964797764,0.010211861502377233,-0.003920986631210326,1.1534875925258201,0.019856409781494003,1.7606723715074648,0.8618888495128213,good
45.16,0.01930331760338814,0.0004807003878660146,-0.018275326927906937,1.1290994169068251,0.023351088307886472,1.8532365460047322,0.7921807197096501,good
45.18,0.026196613584424787,-0.004943763238526053,0.015564415048253146,1.1590989815198223,0.029799765288545603,1.8064420710694191,0.9210540997758045,good
45.2,0.03785171542441317,-0.011342329927958078,0.015289947072598372,1.14082990614148,0.024153589456832738,1.8657671560134481,0.9268334732706953,good
45.22,-0.00010530289805088118,-0.043080526039788694,0.024270650111282165,1.2483003445325744,0.03824905355865449,1.74614056443112,0.8277364782841095,good
45.24,0.016498657557002513,-0.02615842123354902,0.010066478319483355,1.161550542507851,0.02784052326057671,1.696291840280896,0.8587178177208976,good
45.26,0.022306039982276656,0.0149925150985877,-0.0022267659312438294,1.2674746981101792,0.01284851506642425,1.7962012105702845,0.8359257842296055,good
45.28,0.05333106333185924,-0.0058739946138943785,0.011065732395999594,1.1690643362378548,0.014666590228380927,1.6985129307117428,0.7874580355472002,good
45.3,0.03254508472792932,-0.018609992093023997,0.010042888364885623,1.266455798227374,0.013713910027391415,1.9380774180638882,0.8932301396107546,good
45.32,0.04070428279965923,0.012326813111595943,-0.0036405272452815474,1.2492267184476455,0.012307859779816837,1.8129076765782244,0.8438042115449379,good
45.34,0.000951517957620457,0.0007078453895936163,-0.01253768802924222,1.0925823248312685,0.026486460219415676,1.8673173610827838,0.8485877667938013,good
45.36,-0.006717138968321954,0.007891210952307649,-0.027383352576780453,1.225583937575544,0.023314614990630204,1.8041293969346106,0.895135121551304,good
45.38,0.025005108351213865,0.008662600117535434,-0.014347109897728683,1.1917385989626275,0.015805336690285665,1.8373710912210905,0.9720240610151548,good
45.4,0.03633961072105959,-0.012939815074736924,-0.015524052647399556,1.2020228840756402,0.02966449194594655,1.7538801875939802,0.9589834692539365,good
45.42,0.049634714785579695,-0.011104539533506859,0.0009038780097714904,1.1028650906094348,0.0,1.736713652660327,0.9758844696527851,good
45.44,0.024652761665340056,-0.011715495038122881,-0.006280346815074944,1.2466318280284787,0.021792968824775702,1.7770185075026004,0.8239696303514992,good
45.46,0.021704396173612292,-0.0009428343887025962,-0.0019580681792993582,1.26063781692045,0.023693963431416883,1.7885654334082255,0.9478656654494342,good
45.48,0.019569398250846876,0.013703528966225773,-0.0032485211065762126,1.2664162447550464,0.022402204663770006,1.8059789329337421,1.0009924348121524,good
45.5,0.04919804239484992,0.005065271236919089,-0.024634689822904992,1.151169305549471,0.011834416169345264,1.8166782308366707,0.8879490241599768,good
45.52,0.021965342166863387,-0.010403373377794619,0.001560887009244771,1.1444812701585203,0.027999923215580813,1.8083826078782714,0.8013521385464619,good
45.54,0.007077875449611342,0.0009666714623360116,-0.001527808591107833,1.1764331599715558,0.021377368234614308,1.781683109694905,0.9186660232605409,good
45.56,0.012111334174631916,0.01642472691632721,-0.0042833763559446715,1.2846081101269886,0.0,1.8473469568135639,0.9171186241220967,good
45.58,0.043923464023976684,-0.007640551298660538,-0.006007616661976025,1.2255019706831531,0.011128382737734723,1.8135755472618995,0.8544900454381338,good
45.6,-0.00443605233660161,-0.008673399176422906,-0.001551083867617387,1.1775398050921946,0.026831825791827864,1.7909985738655472,0.8802077183233723,good
45.62,0.0011338989362692784,-0.006672414057721378,0.015629780294078282,1.122981391766383,0.007506630509650123,1.7591097691517394,0.974804162441053,good
45.64,0.04238012373918991,-0.036308883607339235,0.0008475277502572246,1.1752385925434403,0.037135557702307656,1.7664337764854945,0.8284009784523999,good
45.66,0.045278106970203305,-0.008871382079631203,0.021544835083022323,1.0774073452302686,0.006590161886908344,1.8259976645133584,0.9028588946557161,good
45.68,0.0401535809986622,-0.004138915407925302,-0.011579816903713238,1.2484166709362605,0.02688831756319808,1.7903617252216966,0.8762500645418559,good
45.7,0.04393946620724261,-0.01508846754241372,-0.001198892974238452,1.1977487139444551,0.030234662615905857,1.7822893667873307,0.9132569184826624,good
45.72,0.03577310410061541,0.00017804184216719328,0.004937303402304243,1.2716470035076086,0.019420247391043168,1.8405788925561024,0.9118458002888643,good
45.74,0.012864945955196536,0.012041397298905585,-0.033362012463260766,1.1964575803308206,0.029442175230569124,1.8435341698153807,0.863825455077135,good
45.76,0.019231673632088834,-0.0105266972202347,-0.009957577151230117,1.2223372358047444,0.01466882842626323,1.9424133331736988,0.9036529148738273,good
45.78,0.048263010347297124,-0.013779287943208929,0.021833124080043807,1.2252737229355322,0.013783275070946345,1.8323457364834665,1.00566497402508,good
45.8,0.03365307000127049,-0.010577624572201468,0.01958897055974415,1.1389500225178528,0.02912015023044206,1.751022756513663,0.917181706919999,good
45.82,0.039792941270138105,-0.012647889370155945,-0.023617577928113424,1.1377576642927392,0.023865969877095144,1.8211776207675816,0.936260322375558,good
45.84,0.007988005187808912,0.03109245483504035,-0.016370159342777302,1.0782754757720705,0.0321816334199518,1.7281440783225248,0.891287142645225,good
45.86,0.016370994349673228,0.02685177058913554,0.0029793282661795158,1.078050412443943,0.019832839718139903,1.7493945064555902,0.9325697751977216,good
45.88,-0.00285299799294204,-0.0006039049829899361,0.0010338490601968617,1.3422352094217014,0.021203981151779287,1.8959999170119222,0.9727255905966867,good
45.9,0.018559016028926966,-0.006382879650044806,0.0013732446019841282,1.2128163983680453,0.021500892375175832,1.7402359855762302,0.9318981199246915,good
45.92,0.03379219824523385,0.008972850051835806,-0.0076774768434496885,1.2133729199868495,0.01831010988148995,1.7642862758749855,0.8813877706346238,good
45.94,0.031209637088228936,-0.013390839969951083,0.016946106483774794,1.1801285177084015,0.02375147160001322,1.9414255072049524,0.9485020881811657,good
45.96,0.008998016206771188,-0.0017103381272781282,0.0004005693294641827,1.2490003198465665,0.0012523573880595523,1.750251663431515,0.9154678552924412,good
45.98,0.024352860030967143,-0.001126604836304174,0.040789965683800444,1.2352184798651944,0.011880866725395928,1.8364580095030345,0.9395374002098998,good
46.0,0.029726738405330376,-0.01872733559112465,-0.0012878576480848689,1.1166154815741878,0.04428365843130262,1.8708435762387807,0.8420892104624449,good
46.02,0.02351805490600265,-0.02569810694736779,-0.014046054575882922,1.1247495554756022,0.0020845589199376922,1.696363205291075,0.9189694571130919,good
46.04,0.04701303195333119,-0.010469193275499111,0.0009134576286578522,1.1618391059177533,0.029505427235567004,1.8524141540739059,0.908924354700085,good
46.06,0.050429647486604896,-0.006077942372776306,0.02931001939643841,1.2221076912458764,0.03217466766981846,1.7149273463879742,0.8999608988005621,good
46.08,0.004131113017338893,0.013358449232491059,0.0012508478824059673,1.2851845560183963,0.015621124796129161,1.8143498454835343,0.916534309869863,good
46.1,0.025087675480806204,0.0014887071923948138,0.015837344060653617,1.1756592526256422,0.02092164358861249,1.916681435435074,0.8065939998161392,good
46.12,0.014754605134469743,-0.0012994196690293434,-0.008939384782961695,1.1704974245649238,0.018753635577255363,1.815659698832208,0.9073696816389518,good
46.14,0.05140192200382154,6.891602781717328e-05,0.017379661303867658,1.3158125228791384,0.033410040011047124,1.7861125550642007,0.8469547149211459,good
46.16,0.008497721140277009,-0.01501254623267964,-0.0035509780025969793,1.232597092121224,0.007906608152004054,1.8157868482721444,0.9467965854224922,good
46.18,0.03334385877450359,-0.0014786020723908603,-0.0009576821357661728,1.2139234742995035,0.0,1.8579122170503253,0.8497307811463386,good
46.2,0.046730324488425845,-0.0005622405908394116,0.016451170194611776,1.1449906775988765,0.01575190840711553,1.8587698746049968,0.8619599913386462,good
46.22,0.03986038692811049,-0.011878751897949008,0.022538491297527996,1.2347491154671142,0.012852864212181216,1.8538308940643229,0.9120074293115674,good
46.24,0.04308187881772504,0.008863980055956597,-0.01687587787123527,1.1852817715956447,0.01915781998559635,1.8508994515396895,0.8362976069783078,good
46.26,0.0024480406399059328,-0.021238699054923885,0.005628588839251041,1.252222602343867,0.025675075052852398,1.814512821849395,0.940066875442283,good
46.28,0.016367013539743312,0.0019760303585551514,-0.005990427032724176,1.2454176344307308,0.02722702183902272,1.7388692700565027,0.9103544545148742,good
46.3,0.012372728674426774,0.018031439322691745,-0.015564904711388763,1.1984925111570854,0.005736541519834324,1.7948706857589811,0.9134373201616337,good
46.32,0.03907699760743939,-0.003493824104202018,-0.002924028843294961,1.2024426919192206,0.021653729254333294,1.76451773847645,0.8587968752369314,good
46.34,0.026876625414319153,0.022415375107181695,-0.002346999090592837,1.1999618922511113,0.04785242741873043,1.7907624002838487,0.8516476782199054,good
46.36,0.008488878044708227,-0.01663512485231517,-0.016394211306477818,1.1775618749465349,0.012556222503059707,1.7836145515976036,0.8968180872648808,good
46.38,0.011631039391462433,-0.0009315124666703247,-0.016840268466466825,1.126863683965758,0.0,1.7329575643450363,0.8570688864263574,good
46.4,0.010478212884203747,-0.007988133784910196,0.0005106498233582265,1.2884224315755215,0.018805030150473107,1.8185932514724679,0.8543093618494492,good
46.42,0.02417082290889642,-0.01156243355434632,-0.0003645249603044684,1.3055741327979353,0.03588538268306155,1.8970569516007294,0.8925639290552954,good
46.44,0.017628855140881115,-0.013553905007799141,-0.0051710861150039145,1.2135679799262573,0.02060636056191862,1.9150511490163555,0.8454019055321371,good
46.46,0.012325209275797989,-0.014839838621947333,0.014798953418288994,1.2178260770611165,0.01728486223889364,1.7497953015129333,0.8365410456734913,good
46.48,0.029249110687786593,-0.009269484968067128,-0.005365506682207089,1.0727900259332153,0.023731366665906445,1.8373548689676154,0.8714513604127553,good
46.5,0.026147231253018453,-0.0063199903907395286,0.003043257725699218,1.263181218222642,0.00933985554272012,1.7867840486222721,0.9167401421957018,good
46.52,0.05149392963812654,-0.003918773185698947,-0.013326794400603949,1.1987667847193184,0.03270384213678652,1.8851107167315262,0.9323337045436955,good
46.54,0.051404279625354654,-0.006467889374946533,-0.007755143918906588,1.3024620865055456,0.01670422057494423,1.7088179217209825,0.9799281843538514,good
46.56,0.03784318249685405,-0.018927615651619118,-0.0033628138956769164,1.1992694075904802,0.00780936254639253,1.780079653103218,0.8875581915493189,good
46.58,0.035042186137741904,-0.02250609946365859,0.011398384201422192,1.1584690147036558,0.01720424965071069,1.9237855142061084,0.9340198108851185,good
46.6,-0.004522757593932842,0.004188746852465598,0.0035820672306995814,1.161525995004136,0.014160272610394962,1.7705377545633867,0.8033394415123827,good
46.62,0.028247928604867162,-0.015908301496858342,-0.020510962440559683,1.2290998057351892,0.013957013735694055,1.7698776665440876,0.8910914312743987,good
46.64,-0.002098171242815128,-0.016277622528669083,0.00805155779684988,1.1841179375989872,0.022142935435616594,1.8620323090490294,0.9196473361668133,good
46.66,0.05018228177014138,-0.0027608626538281095,-0.02406937151720918,1.2184815201435852,0.02424087797195278,1.7873539171743562,0.8952407935912645,good
46.68,0.005556448405927974,-0.015784462492757844,0.0015257465157866017,1.1345377120482971,0.032723946650732666,1.8304134069029416,0.9607728903884232,good
46.7,0.019342245999453098,-0.0029718878432650367,0.016395914968581525,1.168168547467028,0.02716075637696362,1.7734434977442926,0.812955608085804,good
46.72,0.028077821332917457,-0.014560533246602612,0.01994987214675407,1.2253622878304968,0.013103331970792807,1.8668099507428577,0.8185648807540573,good
46.74,0.03774947867637138,0.004155672685316203,0.0027792478056181094,1.1872788177015308,0.011168862956633854,1.8334115928240489,0.8613407315595374,good
46.76,0.015297278941440751,0.008577231036081495,-0.009112342757328248,1.2101928256085919,0.0078748431073332,1.8373028510175002,0.9917414475284039,good
46.78,0.038915856088983056,0.01341173554717348,0.0022794613581774447,1.1774474787690437,0.024152973505637287,1.7559824437547085,0.9473598732199865,good
46.8,0.028247038617911873,0.0074928903080631985,0.010765859687633604,1.1713872447589773,0.014882472036253118,1.8477108175713979,0.8426406947957095,good
46.82,0.014542819926168704,-0.005565290107251078,-0.025903446874325036,1.2148291768331703,0.008721804140074925,1.8474565387522321,0.8453987569031395,good
46.84,0.02032422293126708,-0.02004709562971965,-0.01445260979048449,1.173604235628278,0.014876920452948045,1.6950261482347548,0.9082843029798736,good
46.86,0.030767133690296346,0.005909652776891287,0.011318604542320629,1.255327501489059,0.01885735591081716,1.861793317419261,0.9033660868521979,good
46.88,0.02230723592748456,-0.008374983394927937,-0.018175720986029535,1.2361357393822798,0.04483983211512864,1.8045256425681908,0.9285610584692987,good
46.9,0.018784213046731526,0.0016376042463957146,0.01099683697173868,1.2087202511285877,0.017247334587018107,1.8166843232824084,0.814093713655389,good
46.92,0.024839596410229824,-0.008835445776581383,0.006901928325845723,1.217750817587159,0.012222698277721617,1.7925198994371854,0.8011615872477312,good
46.94,0.03158551458886987,0.020507830903633752,-0.00830400584832719,1.2396059001560968,0.015176862582924593,1.8165415029429008,0.9062064904322236,good
46.96,0.020735128437780862,-0.024227956381604767,0.0045230162532887965,1.2150734412823445,0.005585779918566975,1.714623609915991,0.9107275462024196,good
46.98,0.034115616036427085,0.03261885368625181,0.00834526198143917,1.2078613752364276,0.017066031829738586,1.8430012289351025,0.8641799269668287,good
47.0,0.039993701919037325,0.01578621635477142,0.001293352677169265,1.1857794017151284,0.006938039266115834,1.7329892110495542,0.9525512403193761,good
47.02,0.032687809695407646,-0.025633749973795115,0.009120129765172192,1.1531807727364305,0.013590176160348107,1.8436547185766534,0.8951447562487518,good
47.04,0.03911208092261962,0.011949109762991971,-0.01740691738931001,1.2067992390436997,0.003965123679631005,1.7865484497645778,0.9072258909147248,good
47.06,-0.00917818771457343,-0.01793071238710772,0.003180290802752097,1.1770501714329564,0.03013042817462945,1.7210878006908503,0.926511785963066,good
47.08,0.04689861652215086,0.012829260005285526,0.011482685802781974,1.2101192185020526,0.02448818991067713,1.8618284496660313,0.9885727437835726,good
47.1,0.025409022635033127,-0.008237420960298296,-0.0007993655528648362,1.232531493261448,0.005454095786487626,1.8813594434146044,0.8537956696972047,good
47.12,0.008119555582444801,-0.005665423876114293,-0.005588513203592811,1.2298723824635418,0.02240973747718451,1.8421931019175255,0.8337206364124444,good
47.14,0.011681976710046704,0.008820747163460489,0.04262315938681675,1.197560427746524,0.018357938254924284,1.7762218949925646,0.8170844338318537,good
47.16,0.029657740446657706,-0.02451360307481251,-0.029878955100932178,1.2014148829166278,0.022151155314181194,1.7994599332622117,0.9876295560988151,good
47.18,0.008455493559095181,0.014336838648662939,0.022579387030936152,1.2031885508840625,0.022120351068567336,1.8554874874002258,0.8819669929197457,good
47.2,0.00816142898822632,0.021712173683820363,-0.004389947898546819,1.1818664287166742,0.014670107004274558,1.7930716199235759,0.9068558294532292,good
47.22,0.01330221146847593,-0.03100531573091546,-0.015720254243066216,1.2190578957919842,0.016853704673835804,1.8662928720947227,0.8517035410871008,good
47.24,0.011164702375131749,0.01918229292395767,-0.008931585672747173,1.2214988410688066,0.027082269036173293,1.7856450168227662,0.9840418872349952,good
47.26,0.019919683382738848,-0.015715987866193288,-0.004651455785636482,1.1683188270164795,0.02295230437972594,1.8871292116919631,0.8718168627800986,good
47.28,-0.003083037579072797,0.005974560358451928,-0.027216123289195898,1.1237861403482858,0.0005571256587102655,1.7832175688186205,0.8772825446796406,good
47.3,0.02302664114830949,0.00542975751039934,0.010142880743702018,1.1379944807235627,0.017590774748781925,1.8179664536886146,0.8428259861696894,good
47.32,0.015244565678613898,0.005539559136771268,0.006712974099228117,1.19390690132213,0.029807590517096336,1.760850862453676,0.8696360199304715,good
47.34,0.033888763854923294,-0.01617796896088632,-0.01993882193691167,1.2143971388411698,0.007655367227049736,1.7849536083918036,0.9179363405833979,good
47.36,0.02447796012248711,-0.0005872223868207288,-0.017098311682756818,1.1846148252690452,0.029207010591322677,1.8173389242901705,0.9464535650331007,good
47.38,0.027543760269528445,0.00396023052683039,0.001735535581607782,1.2324336127623812,0.0004512678355592416,1.721125988381845,0.9162394433287671,good
47.4,0.017669999306756796,-0.009773326159841228,-0.006425436484166273,1.1593647470422985,0.01867813943238621,1.8214224042286737,0.8354847121032617,good
47.42,0.029921498160276356,-0.0029017411680736186,-0.0006075417275044105,1.228976308124415,0.036731914678353045,1.8293991115308275,0.8708700287129686,good
47.44,0.004785669098753054,-0.0047271500526524105,0.007872435937327124,1.129648043409055,0.03542602311491136,1.919230813062398,0.8813644161668475,good
47.46,0.0042136531990842165,-0.0044475811631728415,0.010629426619027427,1.2360738113616703,0.015968618225472856,1.8059083387599382,0.9252969647593771,good
47.48,0.03896485350324941,0.02290976954173455,0.0013199210905569367,1.200750411287167,0.010883245935739508,1.8741754503598862,0.8889680883437375,good
47.5,0.028204695124388765,0.004571948453865548,-0.005374541847122798,1.187764248834997,0.013642890992669394,1.7923183569213048,0.9866480725312297,good
47.52,0.03380730322892594,-0.00030954845725530104,7.119067719881771e-05,1.2472721786070367,0.02413427800286628,1.7295533048987604,0.90252115901538,good
47.54,0.01842233292215455,-0.01812698034861992,-0.0007043257104776231,1.2800772817635533,0.014103941208996265,1.7318932261417814,0.9755006206084362,good
47.56,0.006873591680263293,-0.010479299002975305,0.02176753938309048,1.1897239043088996,0.03084942489548831,1.8374590529209227,0.9112452294286093,good
47.58,0.023011681362718264,0.008238415217470945,0.016819705985690037,1.2609004719674886,0.006300230758438028,1.8496665359427087,0.8834112760894518,good
47.6,0.03414519234072755,0.014360101591080735,0.015537702186152075,1.2301699695333665,0.021560557804131318,1.8017414979674378,0.9314256384354013,good
47.62,0.011543896323808398,1.7166041194963495e-05,-0.01391780942190745,1.2663168892076957,0.030458317387839613,1.7686865555187483,0.8615506993604172,good
47.64,-0.0014935137027185358,0.004580457334847969,0.004496310032174101,1.200750117932419,0.014104922748391946,1.8311022661507108,0.7778358710979347,good
47.66,0.037517516211355746,0.005694114587712711,0.002903509300519901,1.1994360563521567,0.016479392898262273,1.7905909707534613,0.9072140448138234,good
47.68,0.018689601754108272,-0.003399610193738586,-0.023230301988016594,1.1938983357510062,0.029489018091578584,1.793222352692046,0.9291399855550103,good
47.7,0.01049555226588981,-0.004479038583148881,-0.003466076976703295,1.2040935966035564,0.024450212309323194,1.7861571840664563,0.9069019030575458,good
47.72,0.02677538748394847,-0.022847448627712236,0.015411846101791842,1.2508894635904986,0.006238438131590545,1.8088269870040383,0.8494275700487,good
47.74,0.03485398664282973,0.027855074950592647,0.007920425535739923,1.1980287129737748,0.01596215648315617,1.823851111390867,0.875341453581557,good
47.76,0.04156508256047118,0.013056956722723763,-0.013491975994653212,1.1949461101701193,0.008361354432178362,1.7797365983924158,0.9058163695706293,good
47.78,-0.006516880696137626,0.0012052485192952042,0.013224399181106728,1.119070141629447,0.013281063372741566,1.816037380621594,0.9961685609511847,good
47.8,0.0395912891365209,0.009566660575773588,-0.013985585583855027,1.1968914249964846,0.0278270667583446,1.8102585522998635,0.9356506318288077,good
47.82,0.03387328310853966,-0.00509174450420941,-0.007499921975230316,1.1794722664010924,0.0,1.804166275526312,0.8482817259811918,good
47.84,0.006029810876516008,0.01904747980516562,0.01605292437760909,1.3466786449278538,0.026455364023450716,1.8185021800969494,0.8494287722134654,good
47.86,0.024377946356268734,-0.004345277401319668,0.026260507073715734,1.1340294683151786,0.020103089735492186,1.7890921396721906,0.8624922699143195,good
47.88,0.025265403566769155,0.0037960747389310157,-0.002037464523553591,1.1565911732379348,0.025096759698874788,1.7636287330799734,0.9757967750538403,good
47.9,0.01413453632911507,-0.01695189960673794,0.003852854965328175,1.2327981166550228,0.005798212312312558,1.7926465789831771,0.8576862455865412,good
47.92,0.02078157040013986,-0.03366614057212754,-0.00586120846472548,1.279691901141649,0.019744361158971335,1.7372561856927213,0.90643749792848,good
47.94,0.011258352285543961,0.010736418981910944,0.026920191556677034,1.1644404150446215,0.020326283313880977,1.7581684225773617,0.8783224394316057,good
47.96,0.022033039373948213,-0.00618580695384015,-0.010207385432865285,1.1174644616293516,0.02113985935697248,1.6775135057980077,0.9387095958474789,good
47.98,0.023623106232007765,-0.003269229228693972,-0.015618921902050123,1.1012373260973276,0.010553233195458039,1.740465483505819,0.9468286841943327,good
48.0,0.02444493748903762,0.020895746612366903,0.01100449367183995,1.187168511145048,0.025389325239891434,1.7996212174495732,0.8521632817433623,good
48.02,0.022512450979009124,-0.004271212232807493,0.015502565872171822,1.2072617194664048,0.024022549762161987,1.7505686967063396,0.8988360404503154,good
48.04,0.005794113839934363,0.03658005120177878,0.00913054348244773,1.1050462880690242,0.0,1.795469627656774,0.9541727476185526,good
48.06,0.02575180087775731,0.027656703252173533,0.005345973456312253,1.2337880560747583,0.03159046257299331,1.8445192543181634,0.9714557364667963,good
48.08,0.027367326057220163,0.0012306384874661257,-0.004114411424848976,1.268095719559452,0.018960002233131577,1.8193452740804075,0.8626237156326934,good
48.1,0.01922319500513843,0.010326700984960765,0.0006061941092202292,1.2132493625954277,0.011441281195343819,1.7928209688490422,0.8757909184561751,good
48.12,0.001915376589158768,-0.015009126477350017,-0.018393380557154754,1.3078098803587381,0.027126035385845994,1.8289006851486416,0.858765046984542,good
48.14,0.04780488074634832,0.011594171201907366,0.00870520467975775,1.2196004784322534,0.027547441987031157,1.8489223126429992,1.0018328177139648,good
48.16,0.03514837717630309,0.02341437281295141,0.008209337002215603,1.1623153606619132,0.026244465138042003,1.8133883889700806,0.8785552012452026,good
48.18,0.02911967837400239,0.010503464449513219,-0.0019824234591543127,1.1305386709725824,0.013806806463812347,1.8214883632037548,0.917851870537427,good
48.2,0.03182857471416086,0.01058964800772586,-0.0071831289009530695,1.2583608266258959,0.006578872110422029,1.755302941849037,0.9480217847471809,good
48.22,-0.0034826909131453992,-0.002119736751925979,0.04848766995623563,1.2446204037760333,0.018558290584291093,1.737149995432173,0.8436583868506805,good
48.24,0.013271759466899145,0.03690012367831366,-0.0011998228751609412,1.260345170565905,0.026601471823910552,1.7930619557104563,0.8475669053654644,good
48.26,0.02165381607768681,-0.014395263365702408,-0.004574446726511743,1.2196929267125125,0.0022029952591152563,1.788827562113742,0.8637343241497226,good
48.28,0.018147134436126592,-0.004654755937163341,0.014070356018381299,1.206925563827773,0.027855501358839643,1.7593075598995573,0.8655257489963857,good
48.3,0.029959902690635233,0.019515137487170823,-0.018778332745383403,1.2574677397687213,0.024418486115729953,1.7419999654937959,0.8669156213810945,good
48.32,0.008487652826890181,-0.00279278468320288,0.013795871023230377,1.1904683992410392,0.023602337043399195,1.770736150951148,0.9005841346602207,good
48.34,0.02181221581143642,-0.009281141541428782,0.0002570873709059331,1.27190663981776,0.012339175455619668,1.7659120441708083,0.9037673756499929,good
48.36,0.008860806163729855,-0.010640913085993985,-0.0033454311402930097,1.1416998957279938,0.030206038773345923,1.7895812650799103,0.9634618552476417,good
48.38,0.03410387983900116,-0.0015295498353417886,-0.012584721438649032,1.1114883569736018,0.01975791418497307,1.7725135146662532,0.9386311746175974,good
48.4,0.004974563999038227,-0.01309057225235826,0.011415238342296819,1.0988836582479702,0.01738769600658972,1.838185312746679,0.8710303977449668,good
48.42,0.04346061648179536,-0.02461691092984607,0.00549244547236887,1.206170517153198,0.034672889778658234,1.8354511763250123,0.8807588914011146,good
48.44,-0.004909164964159862,-0.022581958434157903,0.005523801094615682,1.267483246346346,0.024238283672275655,1.7351763325061598,0.8941851056513693,good
48.46,0.034909371579764904,0.010888409804289928,0.03261828003110187,1.1595564045219302,0.027267222204211627,1.7615828122262456,0.9133092888097222,good
48.48,0.010778754730230586,-0.00641698168740943,-0.010166907007508835,1.2266277036425868,0.035595880924020204,1.740177813983646,0.9557513344181672,good
48.5,0.016887702333074645,-0.010421992521585623,-0.025042567465271413,1.2389265445258262,0.026379915548041276,1.831833920674584,1.0044018749084935,good
48.52,0.01467897082913706,0.027499475420596185,0.005813662807388186,1.147134807505495,0.017404242469182516,1.7557591931526417,0.8598241767146273,good
48.54,0.001906499251931977,0.002948674290849995,-0.013531951528796961,1.1559420976079706,0.030924593037523422,1.8180328169406896,0.8174283028519049,good
48.56,0.02531201291275052,0.010687025370252741,0.01063173103009554,1.1748670615620729,0.016396600592371205,1.7630933511620888,0.8572917874084095,good
48.58,0.028433333086447462,0.005033105525481429,0.018900478006107734,1.278130062724221,0.02758327658507296,1.6855643202929158,0.8415125309361721,good
48.6,0.01671374073945241,-0.0035953061007332806,-0.001705025263805589,1.1970983252944691,0.01966970093653247,1.8308580466985604,0.8426939343884932,good
48.62,0.02900888705755547,-0.01888586903257123,0.0028292691841599426,1.254766214596481,0.03067729439088184,1.7561817429646696,0.9352882049344705,good
48.64,0.021213906505378913,0.010035030701558352,-0.00995673746064886,1.270148195761149,0.024090925317482532,1.7530027676204198,0.9103918998825089,good
48.66,0.019063616901346864,-0.010151958667741403,-0.0067766731668529165,1.2488589368356746,0.02754747927865233,1.8410575390774213,0.8394423681219632,good
48.68,0.005451598744782173,-0.012312632093071867,0.01177045536626575,1.1798081112097043,0.02597841265052663,1.8109506641825375,0.884107970750283,good
48.7,0.017719339594756838,0.014835297057241955,0.009889204774668028,1.2372260204639318,0.030941150483549236,1.7409094247244035,0.889145319214622,good
48.72,0.006948028132177238,-0.004396705958800149,0.008743655604103166,1.235630200235136,0.03545504991835874,1.822391697710876,0.8968378723122816,good
48.74,0.02415032654607971,-0.002955473768491407,-0.012711624291745782,1.1505783864052201,0.030825798400336262,1.8103964513192081,0.9662402163868737,good
48.76,0.009502172554492021,0.009504539353625914,0.007341553715459866,1.2490594978397636,0.009166132922248202,1.7939264170783815,0.90219567505203,good
48.78,0.034687036815532174,-0.022907405989648986,0.0074528892196028965,1.0795183454863027,0.004420236135725767,1.822947254894647,0.8229868087204644,good
48.8,0.04387372536242868,-0.004835043405444509,-0.0052332703715315485,1.2204430424285504,0.0216594875966517,1.7401059550655908,0.981361644189645,good
48.82,0.01627941090880375,0.009320475043635503,0.018235297872896926,1.2240640363582336,0.01621654077246744,1.7637275889982917,0.8603743900124206,good
48.84,0.010431778594665956,-0.020835663397664638,0.014417648221657028,1.1293314889651653,0.013380975452005343,1.818489223534449,0.9150903866489082,good
48.86,0.02631424416969201,0.01290752486620498,-0.008835769628170688,1.2554635717742841,0.020458147526962452,1.8601483186754262,0.843390433354146,good
48.88,0.026267597566774468,-0.006040247303803987,0.016655534673434332,1.1611907593994073,0.02173299664008278,1.7000905500158214,0.9300412814119585,good
48.9,0.011697649707782396,-0.017216470391844436,0.0023293244955845654,1.074950230264973,0.022235063734192227,1.8666269836881744,0.9032224715077085,good
48.92,0.06340928231404694,0.012214653534928465,-0.000908282880637157,1.1805740732184005,0.02017979434191693,1.8011644360677779,0.9263250049416225,good
48.94,0.04830875110547636,0.010816648537676757,0.007119995299793355,1.2375897051655067,0.022829793106581613,1.8293665869128442,0.9413472825822727,good
48.96,0.05554299153324771,-0.009494459715309394,0.00810886580133446,1.1497180857003686,0.012306956112218416,1.8320814379137966,0.9297982023429584,good
48.98,0.030376844105668502,0.015591183564274615,-0.020405071478456233,1.1753193601792145,0.025448891163012275,1.7903593482026843,0.8904229592392496,good
49.0,0.019757553168739048,0.00952442106304113,-0.01762454459707679,1.196029660946945,0.016029707036008617,1.7686327981033654,0.9057280766995861,good
49.02,0.029230873206155056,-0.01003584861517591,0.02486420678174217,1.1535119649775554,0.03508803607085418,1.7192002163464957,0.9490622826470574,good
49.04,0.006401669922390532,0.006851290115590568,0.0010782704907098932,1.3240791957688771,0.026512207172330642,1.8314879525099608,0.9387446497434669,good
49.06,0.044902157847145026,0.01430456187495893,0.008338445852058335,1.2227028875256882,0.01794821666689967,1.7809062453591882,0.9727489923186031,good
49.08,0.026172589836340358,0.009170138860013246,0.018784252215033794,1.1967619620271188,0.026872308210355605,1.8298899033376967,0.8277205093047537,good
49.1,0.016217211148762505,0.007271400065600426,-0.027017778326279888,1.2576736982719443,0.027717295939134308,1.7557062560746626,0.9371904340337618,good
49.12,0.00595911500322183,-0.01230909082276264,-0.004305583734191081,1.196351706387998,0.022806793341587604,1.8937843449497678,0.869273431407836,good
49.14,0.012245108058792043,-0.015323396345295615,0.005335319270859106,1.2107127953657073,0.03235713241661796,1.8793379197735902,0.8381144175947821,good
49.16,-0.020297091251004738,0.004602125933662708,-0.004110298419137389,1.1748365742267421,0.013969707919950093,1.806643368693816,0.9847141725946164,good
49.18,0.020597746836068506,0.004442517039021135,-0.009810740416195507,1.2043567249681986,0.03340631466325395,1.8009783050776276,0.9577973857410249,good
49.2,0.00882835135312255,-0.009214759644693574,0.022024068063646273,1.1603979211991262,0.01108208531797507,1.6755991245734347,0.9723498803285335,good
49.22,0.01729958325877657,0.008016861877837539,-0.0009424772016206154,1.2378109479441772,0.011879364851048268,1.8171785226146122,0.8830085020991556,good
49.24,0.036596236690651165,-0.022072744104973955,-0.023141008863342152,1.1837866161399433,0.023041028735268716,1.8114096736705216,0.9936691503750981,good
49.26,0.014258358046495025,0.00726530624793414,-0.024056579718915047,1.1515932334455572,0.0,1.7470296064770845,0.8351500492252039,good
49.28,0.050114787929681534,-0.02489554395422432,0.008547953898820078,1.2151659317985923,0.02480074381717258,1.8102597032530336,1.0426585989063648,good
49.3,0.05163330127346853,-0.006742125809526675,-0.010296702380945372,1.1739518841216279,0.005361175222440593,1.8138424454391213,0.8639285274009498,good
49.32,0.014251931806364113,-0.009255934779528742,0.0070992951677880745,1.1922421354870572,0.014531115529909912,1.870748961757953,0.8880945559609899,good
49.34,0.026926022521734632,-0.026220645057271827,-0.0028268221987422216,1.250383305925288,0.03811772004540755,1.7535696392002962,0.8993307599095096,good
49.36,0.010578987402182478,0.00301402807605163,0.009483975667416733,1.192087791232805,0.025681482914314414,1.7518806279712074,0.9155878674445329,good
49.38,0.02541576995698134,0.0041823727109461944,-0.003272627524497891,1.213006523498748,0.01837556964483534,1.8041281187139149,0.8217704949747129,good
49.4,0.01896734882633568,0.008349168526310678,-0.02335763558386529,1.2751439305572578,0.026656441889129523,1.731053726446524,0.905948350383692,good
49.42,0.004334687627695489,0.009879875738727416,-0.010763854736835287,1.1891237472129492,0.01664474854037335,1.756655178046804,0.8823227395844779,good
49.44,0.011802081627778824,-0.013450563061347608,-0.004362563371788264,1.244984421791759,0.0,1.8253686420254767,0.8363602867259947,good
49.46,0.01491971569843868,0.02973614587392318,-0.0044285175402669465,1.232789048609326,0.0088541199250523,1.7341200149687177,0.8341055976332208,good
49.48,0.02791272690324087,0.003965240262057832,0.011601879385399787,1.2436615398816573,0.0022190879481997564,1.9728204997106924,0.851525424218798,good
49.5,0.02414216126929184,-0.012172292883823778,-0.028866156265164096,1.1764392031500888,0.011637200513852,1.858581197055929,0.9097350690988456,good
49.52,0.02159106177375489,-0.033352496218336074,-0.007416677691444024,1.2255258958391213,0.02960576750020532,1.8796494423702679,0.9594107910704878,good
49.54,0.023369596528315346,0.021460625456856876,-0.01611771576283801,1.0957583469317722,0.019437043656353334,1.750911498956317,0.9845863780381607,good
49.56,0.011592093881974755,0.023535140912100086,0.022452384700244615,1.1817854121327112,0.04513843031556292,1.7945197431277915,0.9229741560503019,good
49.58,0.03024742979610933,-0.00475325604432899,0.010634276774352379,1.1133063853691043,0.04252253105601514,1.758593995127538,0.7991859159446181,good
49.6,0.023697493621686216,0.005006839202857897,0.01611638144961608,1.2055105912930562,0.023672218875248598,1.799889292191978,0.9159758976230049,good
49.62,0.025289253463058478,-0.012310315740143228,-0.04755567362446606,1.2450276145750334,0.008651476656878683,1.8597790847973017,0.8688613721680438,good
49.64,0.033188454767261066,0.013570219387421634,0.0012467470389249328,1.156728489352446,0.0,1.8723017641719442,0.875167481888596,good
49.66,-0.0011484656807058194,0.0068041649912712,-0.004816497722100868,1.162639415685255,0.016157344235812207,1.8767391057039864,0.8759621579202926,good
49.68,0.03142908778223624,-0.015464773347486995,0.026593438161267326,1.244200614393703,0.018556648602027555,1.8172534376153755,0.8474683207481618,good
49.7,0.019896835080157663,0.009665178962943258,0.0002088779565001855,1.170677785186842,0.02020795231360627,1.8134418409554658,0.9109868299021971,good
49.72,0.03251805631794985,0.0019314170165311817,0.018996336158206166,1.214227868920281,0.02662472708020715,1.822253437029019,0.9105301300121932,good
49.74,0.04455082839544957,-0.015973729569003448,0.0016738252539246037,1.150840479396383,0.019556090481234856,1.7930596042897837,0.898662268207087,good
49.76,0.02631314460798442,-0.02430700867067275,-0.03928968345400652,1.1835870600277034,0.02939820898560519,1.7317617104176435,0.9285709424396871,good
49.78,0.019988519120592463,-0.00306301721196622,0.019198859998228016,1.1381143826811968,0.033484451945183916,1.8158910158589148,0.8451054598232205,good
49.8,0.026202073107508776,-0.002770076744612853,-0.0008435628655922261,1.1832220253589174,0.02763404415554121,1.7577886039020463,0.9565209586492663,good
49.82,0.0451481162480007,-0.01486524684159904,-0.005921579734278724,1.0982036066037637,0.027273879681785105,1.9023022482022465,0.8662766236203819,good
49.84,0.020880245464033415,0.008585544600791764,-0.0017484968018091065,1.3924674377019823,0.0037767203794463813,1.8083830249921036,0.8777637630137884,good
49.86,0.021605577811953523,-0.010530962783574745,0.01900646210585997,1.2564608361899212,0.023763069944441207,1.77652943141626,0.8964646395179666,good
49.88,0.008633941437430456,-0.006957159945536977,0.0017976644914486552,1.0900156606141418,0.0013144921998277659,1.8304818135911214,0.8664954734952585,good
49.9,0.010228279640180062,-0.002481014428154637,-0.023577351980250016,1.1993697677255784,0.046551596590924824,1.8226466664474803,0.9206831572007054,good
49.92,0.009903714129428946,-0.013622089465915092,0.01124246503545573,1.1668950763267092,0.01974390707025479,1.8246205996262292,0.8569083464680368,good
49.94,0.04036843272857513,-0.006689353150226621,-0.010065919240680713,1.189458761646228,0.04163924509983923,1.8222055288341423,0.8766943682277784,good
49.96,0.025505859453546897,-0.013111401186635577,-0.005954619994147675,1.2319472339528,0.030846982793599573,1.8201152738191935,0.8793638884856875,good
49.98,0.048186128981573845,-0.005426505163825633,-0.004633142368520764,1.2362881037328917,0.004537728668341023,1.7908440706800555,0.9700826280067876,good
50.0,0.021475929950011876,0.0227576103508027,-0.00580679134681937,1.2190827766849661,0.03650218198059832,1.905909079722069,0.8404344125964114,good
50.02,0.01857846937310693,0.02972843676944395,-0.019979988475647192,1.2102486879287746,0.021719577616478178,1.8876558814393665,0.972285980558641,good
50.04,0.03274788480550962,0.005202730958102155,0.010505317456370745,1.2345547312264538,0.007864495620095276,1.8631957439631133,0.9666326667415961,good
50.06,0.026228647060352574,-0.006439751102997709,0.0043981708745571306,1.1429115230651026,0.010630568880117812,1.8262586520420703,0.941253706238348,good
50.08,0.018612772634230418,0.02575058628038024,0.0031934928536846833,1.248499563403394,0.0050357046255825755,1.7296368927176005,0.8631780216138991,good
50.1,0.025517075838950156,0.008751401188142683,-0.02183524770444839,1.183649996643771,0.006290730678994763,1.827442761297687,0.8571892042175813,good
50.12,0.022344493447944636,0.0038158547306250323,0.008002438206233265,1.1755517431262503,0.0236792304189097,1.7958485219310487,0.9253695580464706,good
50.14,0.023493452799589663,-0.021526947956801535,0.002942508601661599,1.1702314215950402,0.02778236139405552,1.8394699592032837,0.8524594181188611,good
50.16,0.02171204569068488,0.006797388804653925,0.007374451666907352,1.2286726016876874,0.0065336494705397295,1.7827253151424418,0.9690252648837776,good
50.18,0.02057235876887448,0.021262409691328282,-0.008161890138923968,1.263861277200575,0.007632284652528212,1.7495969910786366,0.9041198510822172,good
50.2,0.014184617790019935,-0.010733692734385925,0.003102388013513993,1.1841539688652292,0.018082465840829908,1.8433913958512058,0.9177545317311099,good
50.22,0.012261670229053256,-0.022414691018620942,0.008574712233943817,1.2200525502575896,0.005405618686952822,1.8011119376253222,0.9204927906181518,good
50.24,0.011841211933895838,-0.0072930689680891,-0.0021498716464354757,1.1604251068146618,0.00435606738552162,1.8141310123945853,0.9220777875596747,good
50.26,0.026929591299566173,0.005424556247397811,0.004615481619029711,1.2129923093597519,0.01313474910269503,1.7243779851062015,0.8258352925293945,good
50.28,0.02101416443930537,0.039186776398013705,-0.002660422844285321,1.2500303934488781,0.016298901046481958,1.8674677172064582,0.9164675997989834,good
50.3,0.035704750433889,0.018388361021180084,0.00013342460514551298,1.246706704861434,0.015987089526448103,1.8321553945467222,0.8839046284026775,good
50.32,0.03420442525081626,-0.004637151731804109,-0.018625413971531286,1.2855994871429521,0.02391429113624791,1.8106064322426125,0.7898086255064286,good
50.34,0.014609566969226183,-0.012615403777096173,0.0012561597556710379,1.1902699710294127,0.01101644345760499,1.8182160014797835,0.9259494862015941,good
50.36,0.008475809604429452,-0.02449840495582764,0.005435553309485129,1.1886600873272317,0.014527691878721797,1.7951948239634352,0.9603746690360723,good
50.38,0.03128045632190316,0.008821136834520201,-0.009351577460047734,1.193055277368602,0.0041179400283337525,1.8792775226915963,0.9033379910598021,good
50.4,0.02123128759738558,0.008181842237032935,0.013472575334592915,1.2142394085116504,0.02330002526220324,1.8388943289945017,0.9396229822340529,good
50.42,0.04065452654915713,0.001108065722091005,-0.0037654686194744736,1.2343711759394096,0.054581598845903134,1.7744293294515612,0.9270822680066817,good
50.44,-0.007386238868466948,-0.023525081725400774,-0.008359515953695692,1.2051610241166864,0.01916744268574849,1.753136761829938,0.9356135619931825,good
50.46,0.010673752926916222,0.01175526491878034,-0.021336711328486947,1.2280998877454974,0.0,1.8098840924914334,0.9448628991901925,good
50.48,0.020769006774538742,0.0003319029431593155,0.019649607105723825,1.2577618968986957,0.010127403642954452,1.774149581957709,0.9103672717667796,good
50.5,0.028118310624521116,-0.021336177158510657,-0.014947064066339843,1.1832737797970625,0.029836309671807136,1.8287519955321465,0.9283715591237598,good
50.52,0.006820233936969089,0.017652014952068702,0.0038714806297133215,1.1215117924851719,0.015529138280750435,1.7723688933078139,0.912414462601497,good
50.54,0.028648778002456392,0.023051578952723546,0.01016180719859261,1.2449696160935857,0.028252482760622914,1.7868121751852557,0.8991869758121838,good
50.56,0.038970270196287154,0.007150807198715568,-0.00947211569727919,1.1359209605099194,0.02157954302923196,1.8426417479294777,0.9672007019056996,good
50.58,0.004164542019166633,0.03020227953849868,0.010515304830236267,1.1111787835931775,0.012018775669841232,1.8441617717280794,0.9505047867362892,good
50.6,0.03521512395788891,-0.003263186844244131,0.0012606893620234231,1.2409085642763487,0.025188835336634897,1.7697058708992428,0.9022557718015779,good
50.62,0.013615643676551124,-0.003844513687006119,-0.00626502436837081,1.163683625682529,0.018699034669386064,1.8195524216233763,0.8719820856119256,good
50.64,0.021325483204054557,-0.013679858527552718,-0.006694341012369913,1.2288389234993335,0.030703578276322467,1.814030762991198,0.9196006221990788,good
50.66,0.023192763616908574,0.004306971891134264,-0.0011244189729855546,1.217389083740607,0.015591238838519565,1.7595065752585775,0.9212339941614685,good
50.68,0.021246644040666483,0.0038316096679885283,-0.008792006197623065,1.1660293121601175,0.019688067074102738,1.7918801975517276,0.9176743433158899,good
50.7,0.024025635794289842,-0.0021161725126047142,0.012520021807712826,1.2319080004771974,0.009479578776090515,1.82794254753894,0.9315983197806024,good
50.72,0.018821732146464206,-0.01142072239093935,0.007462218974829225,1.1796433483722781,0.009315003375425564,1.812728470451083,0.9709122333554687,good
50.74,-0.0028704776841812995,-0.0307281827719529,0.01160060670901183,1.1672152281475787,0.020800444130807793,1.8031577826225038,0.9370370064376042,good
50.76,0.016596581477264078,-0.01629359973758911,-0.015834286065898755,1.2073446619522794,0.03079638402515692,1.7902997427774676,0.9610724398671103,good
50.78,0.03747752173691858,-0.013571365204183759,0.005655623528417812,1.247463457585365,0.021264023345367436,1.8011762585117341,0.801602531065773,good
50.8,0.010675799658503241,-0.02209792923834103,0.005800758148032836,1.3167492325840786,0.03422647763236533,1.7521685460743703,0.9676946565027547,good
50.82,0.03608416357394059,0.0279049249751964,-0.02379227917666373,1.1971746720992902,0.016534223849916305,1.742955506774783,0.8246487261744131,good
50.84,0.03795361119280663,0.012068909571330656,-0.0103550789870356,1.2501791373170028,0.015621039281191153,1.8495749153329777,0.8924548229788343,good
50.86,0.015900373809622167,0.020980472406825483,-0.0012687233459030762,1.1203648511446467,0.007000156796305104,1.8076125466706856,0.8026477387808445,good
50.88,0.024840770369144758,0.019968695883459543,0.006723453902461544,1.2461664806938182,0.016553728567459115,1.886977814872318,0.8473844394135082,good
50.9,0.035453004448767055,0.005010725603741204,0.01113404571930756,1.1720581792741895,0.020031325758640535,1.8451500796104194,0.9838389724708381,good
50.92,0.05119457676243656,-0.017108760519251816,0.0018528267157212805,1.169540619199488,0.021271705682271498,1.7589389128919213,0.8064006873402829,good
50.94,0.02233810825524808,-0.028450029730399343,-2.8326716881209627e-05,1.2385540620045152,0.01232761808024346,1.8689260569247794,0.8902109777509727,good
50.96,0.004459907406634019,0.027110549728191304,0.009506194315787742,1.2489562924731152,0.017307114739351624,1.897097648457351,0.9541092620081366,good
50.98,0.0383681464408991,-0.03859458157090346,-0.03118292276212544,1.2537294840438238,0.01731543455508082,1.813895231455498,0.9018744397070197,good
51.0,0.020958537842646324,-0.03541076499010075,-0.013603378717841383,1.233479717063736,0.01968019312524033,1.749040005794513,0.9309319129436343,good
51.02,0.03609366666685529,-0.019486838429031914,0.024414568938785953,1.2295942362141865,0.016121045708751648,1.8233808723609468,0.9509344362260029,good
51.04,0.009310038416716576,0.011319775808442501,-0.006984083241219473,1.2270750124014715,0.014287038241702202,1.7615941532523052,0.9127442840919094,good
51.06,0.02737201946857319,-0.026374700085601055,-0.0056295358543374,1.1995504206992476,0.02159572866249876,1.8653040898200473,0.8734292060351182,good
51.08,0.03023818989077964,-0.004792706751414,7.014654720597205e-05,1.207766669147551,0.008667539950795881,1.7548943213661548,0.9402044776475222,good
51.1,0.013465993433192538,0.004522599326569328,0.0014639572688429326,1.0789214716170803,0.020647766852031086,1.7752319069116944,0.870883938914012,good
51.12,0.016416317868763186,0.017691751234181135,-0.019020771964727946,1.263933671833404,0.027500539975329218,1.7785401161080838,0.9268002252666856,good
51.14,-2.4673020474314067e-05,0.014576323324233885,-0.0029156439060054017,1.2289783406108485,0.015305415888637406,1.8043048008035256,0.8763626290695833,good
51.16,0.006439488774473458,-0.006653483352484452,0.0037547336854379903,1.2140739060733317,0.015535536780956982,1.8840343524108554,1.0592846145124823,good
51.18,0.031436749486884887,0.0002523617448535566,-0.017544475024076193,1.1549526125387723,0.022622704668185997,1.7774518312456578,0.819223990853031,good
51.2,0.021763503824502716,-0.0030584691285186934,0.0068390785954150725,1.2478401680012723,0.022479608712816262,1.7923775257679129,0.9689149518838762,good
51.22,0.018815115597483948,-0.0066020457932786806,-0.0032327915719624007,1.1820934088451285,0.01690594939917154,1.7724307033419149,0.943551628050674,good
51.24,0.012657001828239861,-0.008564062045405418,-0.011895075451547714,1.2333635055030234,0.01945035184212242,1.815040361617951,0.8640764393993448,good
51.26,0.014113627513575425,-0.025051528686276997,-0.01718558337829662,1.1004333946446652,0.03301794712797227,1.7544904761297522,0.8708730453674373,good
51.28,0.02130168316374693,0.004600874506288672,-0.01832673668749719,1.187927326924739,0.022013418192537704,1.806965430717502,0.880784914863084,good
51.3,0.0042812465539067155,-0.010476564879671186,0.02309412293666711,1.2520667171482052,0.02739140908813064,1.7871877849364275,0.8495065142639328,good
51.32,0.01861185684031253,-0.0037956636932068607,-0.008960878365839127,1.2309758181752837,0.006788949031417468,1.779216761577208,0.9946383574684031,good
51.34,0.007899486336933189,-0.012443077920887063,0.012603740059091607,1.1937356635590772,0.01726089895888078,1.8624724742216188,0.8507947808321032,good
51.36,0.03752997567907228,-0.010487846637963103,0.0339340873366716,1.2714317064062317,0.021152854951240897,1.7977134315878387,0.9532849257615681,good
51.38,0.024914906556779113,0.01970296158740534,-0.014487357399436563,1.1761320133479207,0.02898468207231157,1.7738382655415699,0.9165425055361726,good
51.4,0.03434271868210792,0.011897512036912515,-0.017878677443910695,1.1869775576853323,0.016587791133761565,1.7936931325744718,0.8445498350521782,good
51.42,0.0136281695355743,-0.014503044895696,-0.01724207351240456,1.217880916030526,0.020325352205214264,1.8394590241772728,0.8963484201848974,good
51.44,0.019005655191083614,0.005716003610843557,0.002184551491762487,1.2200481561693461,0.015707477658565963,1.8461877398862656,0.9624195466920867,good
51.46,0.010697067583089807,-0.002877581387559308,0.003448989889047089,1.1645061933589194,0.0,1.7594175059719888,0.8558022895653681,good
51.48,0.025831167220893885,0.009256462126050094,0.006985754209706457,1.202727790230638,0.024931018447918334,1.8521950768249167,0.8853435760790958,good
51.5,0.05567141715094604,0.008055753111576388,-0.012874245898616882,1.0724400404343644,0.008579937999259496,1.7458207310021074,0.9444959702924195,good
51.52,0.0356183162133642,0.004231714960675205,-0.0011827440404306839,1.27995304622013,0.01600906857948528,1.8144460899422354,0.8818167479691552,good
51.54,0.03708722830093744,0.027444213297554004,0.012346517100678165,1.202250597437843,0.030408171852234885,1.802071055173203,0.950969321060838,good
51.56,0.02194614798535378,-0.012927764844669074,-0.005012531075638277,1.2406544727695938,0.01792048595328434,1.8063007062980785,0.8693967539419428,good
51.58,0.03173974200828525,-0.008088762594001056,0.01472168906494319,1.1646933623029598,0.024142099075614733,1.8787015461392422,0.970535064793875,good
51.6,0.0386220228515272,0.008882292741418496,-0.001056846876715257,1.1681995419409912,0.0,1.8014920998696082,0.8952018973126735,good
51.62,0.015508329006581788,-0.004517124003655544,-0.019854222341408906,1.2814940862625526,0.027583976534925107,1.763915583399471,0.9058274191167145,good
51.64,0.015139795133191414,0.02453715631595451,-0.007671640728143282,1.208352123182172,0.010606305568349475,1.7659020540919521,0.848007785073444,good
51.66,0.019467177627722612,0.003414387398943925,-0.009198473924796655,1.2561724175228866,0.01989331226246237,1.8759285816117393,0.9275254828304886,good
51.68,0.05098354514772899,-0.007428676684787502,0.021129805895168868,1.231892956019632,0.0103440349273427,1.7831421541797998,0.869909937925443,good
51.7,0.031461491076918056,0.004446483901688754,-0.003064968376658884,1.2922449284531554,0.030034682641602806,1.7956833770259033,0.8670418299476977,good
51.72,0.007481235008970502,-0.010252016465456532,-0.006622411752780705,1.2417749287358066,0.012503101900926253,1.7622169023586236,0.8905254496482563,good
51.74,0.01398932497674733,0.00919495595326056,-0.008677031931000901,1.3111901064795293,0.022974122131839164,1.8361087966955558,0.9335930381295923,good
51.76,0.04477410318284394,-0.002700204789509879,0.0024898096926066816,1.1882093673904717,0.021502873348874914,1.7863880939691041,0.8922194725751603,good
51.78,0.015881243266615,-0.02756409724746951,-0.023504144600277593,1.1353267221494523,0.02796084849670048,1.805044512426339,0.9146596416426369,good
51.8,0.02516384323024898,-0.014705556889048663,0.007282106853545962,1.165748079739397,0.012567507687151345,1.8160590960098162,0.9307295934032579,good
51.82,0.024810765027938362,-0.005404179178665926,0.004813294383576921,1.2113063909170243,0.008443382890175068,1.704800131832147,0.9356500559606957,good
51.84,0.039984041434935204,0.010212913478421692,0.003087465752618221,1.2247247206527245,0.015436393300500891,1.8174277781761417,0.9077104847584405,good
51.86,0.018483134191184365,0.017901770190681968,0.01746487417845935,1.137748189445324,0.00617325027346332,1.7393605467619448,0.9354595274403896,good
51.88,-0.00480205841911005,0.00332039581831956,0.019177292748849457,1.1756771555402603,0.017436574607860404,1.766724582754557,0.94500792238139,good
51.9,0.01980255731651265,-0.00495469969973783,-0.012663952637989813,1.2002332916865637,0.01871265498066089,1.7601185455930022,0.8951708062243642,good
51.92,0.029634967958347094,7.168874385506781e-05,-0.00700602280287018,1.2214679404229387,0.014380762979231118,1.7985757813012824,0.8811139224521868,good
51.94,0.03387494380502093,0.01327794834585781,0.002514243919570064,1.1817657640120636,0.011597016020128588,1.6999149296966096,0.8194874192271578,good
51.96,0.022238141979803252,0.022442221419552752,-0.011911800777941054,1.243357014511595,0.04111992673225309,1.7246639118988938,0.8781422025428526,good
51.98,0.011483590752593913,-0.019381498522432507,-0.002030363819325944,1.114872500466481,0.0075240668168230634,1.79935671445267,0.9257735409413388,good
52.0,0.014837482840017525,0.002440113360912725,0.002524462724664456,1.2666022872948728,0.026382044142106244,1.8583716583131369,0.8824810743431883,good
52.02,0.02216919830392292,-0.0005536177770711728,-0.0023483188097610684,1.1305790720865467,0.023169050683712576,1.7759254419623465,0.9369986185564305,good
52.04,0.008278846077352103,0.019021209521652475,0.011348821267218662,1.2109545364018999,0.028001470599843273,1.8260079590214233,0.9527926860504858,good
52.06,0.01057342438963112,0.01356162208797519,-0.01794580459050315,1.1551280189011184,0.0,1.8449644229267907,0.9208858674056258,good
52.08,0.0023561781890113955,-0.01884780329956621,-0.01355343300816675,1.2135110193326557,0.018854759357720133,1.8167203700874497,0.8814301167679328,good
52.1,0.024320671877853164,-0.02288194176639948,0.007394547291474025,1.2060904840441957,0.03683816195816728,1.7271285087913169,0.9912181404687599,good
52.12,0.038376547966822105,0.005141711844589101,-0.018461190503657354,1.1218522013656114,0.025403323704778904,1.800250542565148,0.9184980127084392,good
52.14,0.024665751800133338,-0.015488583509182125,0.019789864239010455,1.3247366838706718,0.01386585292059691,1.8142638081722358,0.9164911183695499,good
52.16,0.021815057324312916,0.021036266418366003,0.008757777148653273,1.1089298179650104,0.0278345767453718,1.7669365442497538,0.9695962623678334,good
52.18,0.030891274775821206,0.022798938894355077,-0.004250314060687426,1.2326200436525052,0.028674813483926666,1.817386542211068,0.8583874517335967,good
52.2,0.021633541304982126,0.02147165864203533,-0.003475832858247605,1.195810252034444,0.01671470143753793,1.878527298133765,0.9390504023619446,good
52.22,0.02765694565365865,-0.03195857313964743,-0.0017374386266461126,1.2570758540577354,0.03310288297528008,1.7154194039268396,0.9083171422777787,good
52.24,0.004902325667859176,-0.008161889604581902,-0.0017634139515979295,1.1773856892247743,0.0037134453890401986,1.7706439360823538,0.996059990462749,good
52.26,0.007638613583339768,0.0022147150076497657,0.004499097108917181,1.1889950430272251,0.021761875559864866,1.8924451829782032,0.9871063476204345,good
52.28,0.035424660496203984,-0.0036601196826587658,0.026748699389331707,1.238015668264649,0.015984593383657313,1.738234041394473,0.8878041983590483,good
52.3,0.03277753142616472,-0.008168238322448942,-0.004333248556881897,1.2401231985152454,0.013223312209870483,1.876478601165956,0.9980829831802599,good
52.32,0.038717812793140016,0.005646498737772818,0.006259422033472813,1.15135905150325,0.012058420277900984,1.854140314495379,0.9283391081246765,good
52.34,0.04371939691361542,0.006354843831353677,0.006629567860264101,1.2753600089902648,0.027929304696513363,1.7673759088815804,0.8680364583147804,good
52.36,0.013655781317385473,0.0015037990090771673,-0.0030345722316829065,1.2165943307490457,0.0251027827886124,1.8630457435705634,0.8657065163810131,good
52.38,0.026574262815681985,-0.03631735538003721,-0.0009500817290470719,1.2407995176850002,0.005342331871981607,1.7860957675077322,0.9455584578389646,good
52.4,0.0227157149584553,-0.00965599809099373,-0.00667651169660985,1.125475318892103,0.024549259318533925,1.8104955737699377,0.9650507879695369,good
52.42,0.05939425038267948,-0.0031792775537491423,-0.015480668077199247,1.2083032694835618,0.026318650170343225,1.7965101516039987,0.8879395727878875,good
52.44,0.03437960422685158,-0.012385758422846647,-0.01274264832950789,1.2686443453241925,0.02710452698045696,1.8393286907713624,0.9248013328328503,good
52.46,0.025380587583519874,-0.009330030534960483,-0.013237522977203655,1.283143855513716,0.007707111370562418,1.7343091560768815,0.8580538906803841,good
52.48,0.032522808797593616,0.011490471453262005,-0.009800546495069127,1.2125855950947817,0.02727159799898674,1.7305037738349691,0.9284687385537529,good
52.5,0.023808792434645263,0.01672548794791785,0.012656478517219313,1.2709541339476687,0.029973033291158985,1.7935705988768638,0.8970560539372564,good
52.52,0.028221781675472152,0.019715862127215038,0.0031171015177144158,1.2111227926980672,0.013664093136099856,1.7877508924863155,0.9643184402104373,good
52.54,0.02261347265329732,-0.029598667674946164,-0.026585265235663506,1.1499787118005407,0.014924017198207701,1.7306815663892674,0.8969491523630276,good
52.56,0.013048952343758835,0.04126345003759504,-0.0010485233672892244,1.1903294458078695,0.01970593800563546,1.7213713041980105,0.9110781262017238,good
52.58,0.02955165647763124,-0.029940662068695528,-0.012978354381659656,1.1450175564732281,0.027780907663474807,1.8209502778625022,0.9031335293469638,good
52.6,0.03593810073199682,0.013890893360334684,0.0016203647798683168,1.1993742270164096,0.03847796260943046,1.7841844429076277,0.9492756420324331,good
52.62,0.04759787973549774,0.007353142578273502,-0.014439323947375392,1.1485825390858229,0.001237134757316228,1.815218938500793,0.9531693548785154,good
52.64,-0.0068100912932812785,0.004544963375295104,-0.013796351586049992,1.200628557803395,0.01794803754217434,1.7991692788799043,0.9260351411794326,good
52.66,0.009666783990204006,0.02901131659337976,0.02267192974439576,1.1910672997893672,0.011417150213237475,1.7396303171262602,0.9278080329617855,good
52.68,0.0029139091232619567,0.004966467053600143,0.0048249637333850365,1.2011686766186527,0.022057116481096473,1.7736477698927142,0.8833237843334503,good
52.7,0.002270454756116826,-0.023548876343289987,0.009981148517932801,1.216871547812759,0.028752779038883278,1.7978229127627994,0.8603461165698514,good
52.72,0.019737281293026543,0.016037008221715783,0.002000639201567972,1.3095570047857152,0.021269038226617104,1.8494911703009518,0.9194262609638825,good
52.74,0.0058948116321822785,-0.004643913762103143,0.005024445331622029,1.1348207253360272,0.017224502810357045,1.7537011751566838,0.8575097755367705,good
52.76,0.0160111871629558,0.02079446946318417,0.017431615472252776,1.2521953551269487,0.010036104861319763,1.7591682661021575,0.984069689879024,good
52.78,0.05427964284373543,-0.01679191102201743,0.008088079340959469,1.1766673606566116,0.01691089116353968,1.7298396024010643,0.9335180004233321,good
52.8,0.04166103264298168,0.010537796038304086,0.018611814655784813,1.1588248597312607,0.028158486489826356,1.8350083571696874,0.941964341376429,good
52.82,-0.017632261475666836,-0.0025729555115696374,-0.01180448627476756,1.1483917314263794,0.025059533269118174,1.7908667579704391,0.9406171417292941,good
52.84,-0.0002224262223241815,-0.01172646713966335,0.01507226271057077,1.1999932847986194,0.0036435207322908156,1.8498507984768189,0.9100161043450943,good
52.86,0.02189391496009607,-0.009978502810769029,-0.00400765777414286,1.1997501904684518,0.013954924394602388,1.8302186848580526,0.951667946329122,good
52.88,0.043947828900800644,0.008272008656062903,0.0050100752360088775,1.2245871185338186,0.017430310015203777,1.8657330760295645,0.8755766938013243,good
52.9,0.014010450013966171,0.02736510281831977,-0.005998878781765598,1.1719834084214327,0.022470108120903245,1.8397729934643525,0.8366078325677168,good
52.92,0.02107556047880983,0.005317426388007736,-0.008873809288255,1.2030624985030172,0.029992956573912523,1.8203222991864167,0.9220910137411592,good
52.94,0.012729866848046641,-0.004358845661902092,0.005727590781672678,1.184974032616518,0.015270948761011472,1.8482253181395485,0.896443487020203,good
52.96,0.028469729914916943,0.010066638028876569,-0.009672159712584921,1.158158629103607,0.005019495740086777,1.8432474880317864,0.8247048453103372,good
52.98,0.05677934663175434,0.039891089153634526,-0.012827144902897525,1.2164077778818676,0.0071104573353925355,1.8265434015778497,0.9202877176621347,good
53.0,0.011676586528687949,-0.019416386418344152,-0.0022922378212154836,1.0842983229325502,0.015531021142065464,1.779854605328122,0.8435243801346162,good
53.02,0.03323511024852327,-0.009923825936082003,0.012921404385901556,1.2357872647006327,0.019946775755800856,1.7766681406922202,0.9762176968630675,good
53.04,0.01739249846197171,0.005114017375280826,-0.009929689187354835,1.1676092948793824,0.008166700137980867,1.7576217270524046,1.0231564441988312,good
53.06,0.039177399845769866,-0.030792318134930146,0.014327233815218911,1.1619548989452537,0.020904565519783702,1.8078659873894956,0.9305896005085474,good
53.08,0.024482690939640964,0.02264851780171739,0.003594626412778661,1.0288818242209077,0.015971688914141045,1.7908451318964318,0.9387934393805485,good
53.1,0.005727785771440598,0.0037192134000162145,-0.01611935952292282,1.1893158452754138,0.00703880251842624,1.782634668586441,0.9870638421906301,good
53.12,0.0253749054095804,-0.027059277565409334,-0.0004485959974258351,1.2864059986515932,0.012655293031805785,1.8438124551385924,0.9245934854358553,good
53.14,0.01902937038976812,0.007304830252706504,0.012915492658764932,1.2659456913109626,0.003404754946980889,1.7516367888248088,0.9665902061697005,good
53.16,0.023628136158945795,-0.006795048973567751,-0.00988728663624403,1.2549465351453193,0.00672493920361931,1.8243250417194996,0.8600200589277008,good
53.18,0.021488753600934118,0.004974282181016416,-0.019595965423710445,1.2371513631480129,0.01806394544678527,1.792484579287413,0.8491637051524846,good
53.2,0.021896509008218098,-0.00233023383680839,-0.0123741152851495,1.2929483817672927,0.009599674927093989,1.876096853700242,0.928936582550468,good
53.22,0.02270389559263032,0.015330824886465729,-0.011280570165707736,1.141962870142359,0.012180041441176057,1.803588853813633,0.8438381068423148,good
53.24,0.026544193683312393,-0.011726539097564328,-0.0038169073426143254,1.202939130320242,0.019386606522446195,1.747015078222533,0.9383478256733221,good
53.26,0.027977940664986406,-0.020762378348112138,-0.010741450710021009,1.1305242616930533,0.010578032114904217,1.8134649790185753,0.8721763924952329,good
53.28,0.01306099516528837,-0.018185124855611978,-0.01356027378195647,1.2093757267227898,0.012506950091822837,1.7995065607079135,0.8357798531723811,good
53.3,0.015291504090969696,0.00845265363786407,-0.02670178846280934,1.1869401627812646,0.01199438410308771,1.860426249592741,0.8957078020514815,good
53.32,0.02105075954141491,-0.024794487854824396,-0.011556329477564008,1.205533814482907,0.015317700405428927,1.8477173911712719,0.9240917615307291,good
53.34,0.019377086271325342,0.005696622861858402,-0.03244167179726209,1.2742178862794755,0.007374413496685836,1.8610418615597148,0.9157486737192405,good
53.36,0.015630685189193257,-0.0032583833900188502,-0.005276536707761688,1.1816924303643153,0.02008667335895695,1.7927694948201554,0.9013146394834016,good
53.38,0.03691255570966735,0.0026725185642088797,0.0015516534871820745,1.1378959643141595,0.030053121340949687,1.7894114734805344,0.876951897660511,good
53.4,0.038402334730523804,-0.014271716763114032,0.004524975811954115,1.2601582835340608,0.029138557271865272,1.8491814733333998,0.9137825379010066,good
53.42,0.002111932305232668,0.009349061216220393,-0.014257481672258385,1.1814162778644506,0.009871908792394324,1.8038828829180868,0.8970047138160918,good
53.44,0.027748548698305883,0.011923812995302036,0.0069622523071268955,1.1588515799897066,0.035567005296546716,1.8601412188424808,0.9290564806549378,good
53.46,0.0059707004693051536,0.006566214558497026,-0.009152475507209759,1.234984952534103,0.014290478207656184,1.7556593578567563,0.9872534562705014,good
53.48,0.0025482761081399405,-0.008840643890572358,0.01956110803882498,1.1626047534132906,0.0,1.7536383276826228,0.8463894191918789,good
53.5,0.03313823131417476,0.02435111510159829,-0.023843489912899554,1.2108358392401233,0.029191788507715498,1.76008564173617,0.8624491187630845,good
53.52,0.0408323048528258,-0.021939310352524,0.010572759056366244,1.2253915210439814,0.0033898066108558472,1.788291782566848,0.9181684561019648,good
53.54,0.009277830665286356,0.0016098635555711152,0.02291585209891843,1.2062621011468715,0.02394885477108392,1.807241843857273,0.8421813243529346,good
53.56,0.020690989702988893,0.026767611914818103,-0.010609955537590553,1.2271551942935501,0.03653522577256482,1.8185861695558854,0.8809374868027967,good
53.58,0.045507395872786925,0.0016592752428423833,0.010745414919926548,1.2004294892225227,0.03510999434357519,1.832828446831882,0.8577004647193451,good
53.6,0.021449575465126353,0.005686901653656986,-0.019057597692236097,1.272404751893767,0.032478621959011154,1.863383246932252,0.8611033983793727,good
53.62,0.026685308022211262,0.0025384812620022996,-0.010345911035648263,1.3226693296616538,0.028643814135338178,1.805030246666281,0.8662230349152609,good
53.64,0.02550541775369993,0.0008298701998774049,-0.035579562448003504,1.262370148976003,0.02342013740771462,1.8408777341399984,0.8560381087486033,good
53.66,0.025102980660070773,0.004998870553626422,0.00029045308245693617,1.1748415918629167,0.01715709736040115,1.7910515798800657,0.8717034777180018,good
53.68,0.02537263594754553,-0.0038884240639158953,0.009405574225941406,1.286172530958453,0.01155543544540522,1.8448504004791226,0.9705653023325326,good
53.7,0.04235225760648435,-0.016329920955389286,0.016034678315527146,1.1779240663621096,0.022428915754980277,1.8591062260325995,0.8611559276614873,good
53.72,0.015307447359565561,0.02453793121977173,-0.01758929584295105,1.1256685019479578,0.010840540878759377,1.7679671651674638,1.0001965722128494,good
53.74,0.03599062356050457,0.003461548143080764,7.776230146646413e-05,1.2160925408372476,0.022310968005974936,1.8226394225881082,0.8369155735435405,good
53.76,0.015307094452005003,0.00755720722139961,0.00317528034265627,1.1820867748630388,0.030723083799951787,1.8019716746475718,0.9004794825406689,good
53.78,0.02357057215072721,0.018124556195251537,-0.004868268950174396,1.2558843711313696,0.023102366233918925,1.8544068492658319,0.8857431092430498,good
53.8,0.004271718673614735,-0.0067791903195399735,0.013802933653716497,1.2486905408591913,0.0027034222253511653,1.8603410058513539,0.9185998417867782,good
53.82,0.021324559458882546,0.016994169950963877,0.010013984454049813,1.1449647132344698,0.005232203390381256,1.835459295710471,0.8962415325905293,good
53.84,0.05344368115743774,-0.017243512669675446,-0.007594548229443243,1.2151835296270173,0.024187151101959074,1.771879965719732,0.9204581078532706,good
53.86,0.01770028459529943,0.0024922431433713975,-0.012046769653627606,1.2500328339135764,0.02591752458230218,1.829807484203187,0.9042524230566557,good
53.88,0.03447113974590407,0.008448177128277463,0.021112227297382918,1.2234254240569258,0.010286806749301788,1.732313904592054,0.9662937372240837,good
53.9,0.02982928911366674,-0.0021866212395717983,-0.015516056449749988,1.27803399037461,0.01829360946290815,1.8181539651299363,0.8991423808823634,good
53.92,0.013797038540544896,-0.020977104006986463,0.01679404939955574,1.208762823524267,0.012443728633754106,1.9467655030713509,0.8598735419971281,good
53.94,0.02525090041417281,-0.01807999994008559,0.018522765656484214,1.2299823893986723,0.03310968575181468,1.8402803845923321,0.8717649490482168,good
53.96,0.010292397466954423,-0.0027178980853171004,0.009074636326960662,1.1969626535251503,0.03038583103818248,1.8028403323345268,0.8682608207662229,good
53.98,0.019568245551227763,0.020075569968349492,0.009963588880226306,1.133735557943536,0.0345450043694044,1.8018834155199694,0.8807529150642377,good
54.0,0.0195635726107604,-0.008195416253625638,0.002832858795501599,1.159871000530559,0.02018453225246036,1.8048603941507673,0.963755519626444,good
54.02,0.00397541155249986,-0.0030373345536656078,-0.015513940166570532,1.2300068173993315,0.018113652743892383,1.7844942396469048,0.9591818926672292,good
54.04,0.023398425211148606,-0.01307023117625228,-0.016673940311194083,1.2761843351370656,0.03344167709964968,1.7556774139721911,0.9755531695275066,good
54.06,0.04233294531003594,0.004452429017907656,-0.011165148455317808,1.2229200381664245,0.040463356711509336,1.7818863039453063,0.8978440872122913,good
54.08,0.02805678681264722,-0.0036561925794928334,-0.00802575813985186,1.1423467077671716,0.0010566280589566351,1.8811501987572838,0.9367378228600151,good
54.1,0.004604924852743269,-0.009533305776187348,-0.006013308968286844,1.248043351487976,0.0,1.8052658578575524,0.8472019084791971,good
54.12,0.015858757723877633,0.010902594241205047,0.009285089132923412,1.2540168781582874,0.015687821530307632,1.7502375367653609,0.9448623586818228,good
54.14,0.023757845908012935,-0.00018845016061594687,0.001692566247678888,1.2179622663318432,0.030737238707086723,1.742860940956699,0.8761005538245619,good
54.16,0.02564837186428039,-0.011200845217486901,-0.02747426299502837,1.1888020271979052,0.029374455860310143,1.8000074793849308,0.8499911427042067,good
54.18,0.010305412493099663,0.024727688934939325,-0.009392480544476672,1.1749575552333265,0.011795162471409411,1.7852625079519064,0.8727719260156305,good
54.2,0.015437517407168054,0.006097016810227551,0.011882238213595724,1.1236879997428721,0.025824836306308902,1.8143633696752492,0.9611435202867559,good
54.22,0.020423691174243933,-0.014562143283523425,0.005874083696240316,1.1842687187224672,0.023164167705559475,1.7809063059765362,0.9579735435097915,good
54.24,0.022492879081425846,-0.009199790910291529,-0.0006957601069908655,1.1994387507631794,0.03270926288664129,1.8194165598807963,0.8515212307690813,good
54.26,0.027077461511334024,-0.03533129670927866,0.007615135742904267,1.2158448432321798,0.0293199034994409,1.749485932021377,0.8745090322236042,good
54.28,0.027248197908296252,-0.01760840150875485,0.016632236519835517,1.2555649113508784,0.020548322922520935,1.8912684654446752,0.8946513367527525,good
54.3,0.031015780802355578,0.019420324716593947,-0.014930633907143878,1.2295867311960222,0.026895167259288845,1.7616007825993827,0.8403481102028867,good
54.32,0.031343429642768324,-0.01253483281351226,0.029841705943292808,1.2863621637138416,0.02335802278899477,1.8356514704918372,0.8829616423177438,good
54.34,0.027027933429502684,-0.003986476350348396,0.010163538679839802,1.2111814628799964,0.006828654347648063,1.791830865696587,0.8586389360968781,good
54.36,0.031565868726823244,0.0047884761419621545,-0.015601743512430086,1.2266476146611216,0.024683614770138473,1.8033868551920231,0.8714766070911955,good
54.38,0.025598836768923446,0.003970475549131151,-0.006846920691205805,1.135900313625412,0.027053698585147036,1.7827763372858692,0.9309531716201451,good
54.4,-0.003994609546967612,-0.025358107526262757,-0.0006161906590491724,1.2534817378843024,0.025569852446538505,1.7034318893352745,0.9246703397684715,good
54.42,0.019535429565403526,-0.007031705061691714,0.001222073320434348,1.2265590128597441,0.02520683330414573,1.8424494228249348,1.0072269203070734,good
54.44,0.033889365892032404,-0.0009949291339553172,-0.0068582916251208464,1.269750525729163,0.017701361299694622,1.7463246544964117,0.7595261409770474,good
54.46,-0.002251102728875222,-0.003480861182276787,-0.001998165551596448,1.2791924304442748,0.02261524419531772,1.781362231468201,0.9499646590317427,good
54.48,0.02291771876918388,-0.002240883503786473,0.01094953790026367,1.2032319637343,0.018036109320492568,1.8139482294617209,0.9516458475415871,good
54.5,0.04154867240248471,-0.02377431863402223,-0.0009734760250435299,1.1960887315660222,0.010576369908565305,1.760081587275536,0.9569075254911921,good
54.52,0.01657831052484839,-0.0010243788590797035,0.028390417614535222,1.2424287035792156,0.017083106400016694,1.6998947620510436,0.9368676254248711,good
54.54,0.041661788154584344,-0.0012105232300733447,-0.019141618752726415,1.3036898182845864,0.03253181627316647,1.8188800500353144,0.8599455443731259,good
54.56,0.026572001753170503,-0.009208108228220142,0.01082454578504202,1.195476158361854,0.01980494751091513,1.8416388746998513,0.8681211156999106,good
54.58,0.03419291051944314,0.0001090853964171063,-0.02110863886834918,1.0985495640722547,0.013499189370624037,1.8160102319980893,0.81851496413478,good
54.6,0.0281785378071163,-0.01154761859673589,0.010762218798717107,1.2380889987136041,0.028770960971732592,1.8004710252599063,0.8038959340334528,good
54.62,0.015610360409694253,0.0038801710884463106,-0.010707002278012545,1.148972935087321,0.006177836999006148,1.8041247314603235,0.9543341621936622,good
54.64,0.04647103978926783,-0.002082655268241281,-0.0025257864677174125,1.3672267654528856,0.012676157338013359,1.8358355828904243,0.832465933750369,good
54.66,0.012973794487242934,-0.004421163983989086,0.010771824131628345,1.2123339241274345,0.038713032559702,1.7325113052263834,0.9133318045533575,good
54.68,0.006604709952476201,-0.01631952809902666,0.025143942842449613,1.2673735148010823,0.02322535250121835,1.74634586950148,0.8749248182839355,good
54.7,0.01795860845814373,0.008212341421922459,0.01844100799251049,1.1349396816816364,0.0196195545500376,1.8081050032027288,0.8643934873797863,good
54.72,0.01511587962959807,0.001522542225518834,0.016092672595675102,1.2062646605379235,0.02342534648208971,1.8361216916614886,0.8976029113290901,good
54.74,-0.012787524673457772,0.0027163330172966516,0.022530793887342398,1.1979577851615957,0.01649420413993663,1.768410530107302,0.821974980694497,good
54.76,0.001120468293328155,0.01698343143272321,0.0037337313565562317,1.1896297039701091,0.020189944289432993,1.7461934525680745,0.9078519065509159,good
54.78,0.021642051564039817,0.0059230193583635115,0.022804720900961438,1.130501495352601,0.008421059555918835,1.8263853682623947,0.8612686589426802,good
54.8,0.01227643824498707,0.003659147188759879,0.007907340577290478,1.2275912998352088,0.013171316542419842,1.8584144251292711,0.8782387815758357,good
54.82,0.04700116688408157,-0.008735264286194231,-0.009719301226127162,1.2173120812837872,0.02745699529842439,1.8642992443075852,0.9375359449078831,good
54.84,0.00319450671506047,0.004169956888349906,0.015580556955720843,1.2467708190379845,0.01904105194235108,1.8367093615464833,0.9799870078547814,good
54.86,0.0001426382743867097,-0.004152495845097546,0.006347563658851354,1.167826939316563,0.01923175125832977,1.8102061818297717,0.8912368042873298,good
54.88,0.04372101138629577,0.009458189106961199,6.583637812068248e-05,1.174615367643498,0.019934553104866075,1.706427578288299,0.8692733337735032,good
54.9,0.026160836664272335,-0.03440236662177868,-0.0040305556576737695,1.2443995645699304,0.004474933857480778,1.7834318056294798,0.9056422315795424,good
54.92,0.04774548194507381,-0.0015911500328387098,-0.00287859902701336,1.131685785493155,0.023168004320161195,1.8395029879751839,0.958912916385325,good
54.94,-0.015050776955339932,0.0074943006768691785,0.013765825355179043,1.1645163498371998,0.010034362460443494,1.8539855657399915,0.9890596914603333,good
54.96,0.029039484983934057,0.02740939344493686,0.011677789239359734,1.1866542556215283,0.02664354779660105,1.778143091179129,0.9665668767327282,good
54.98,0.027684300920942737,-0.004325225957946862,-0.0065103024706572995,1.205484004182823,0.023600686776821554,1.686459396716892,0.8831513771122501,good
55.0,0.025106750854199205,0.02342144650438418,-0.010770580884491407,1.210118534312831,0.020062103816121196,1.7637712099711893,0.9082448280175949,good
55.02,0.03535675391583564,-0.004364519281603058,-0.002780924710509285,1.117009127525741,0.016815807777791923,1.793447288915802,0.9840997135123939,good
55.04,0.00800963372497046,0.000853486970821228,0.023134413226729638,1.1738172790086203,0.01369320879675225,1.798065167657753,0.9661001048591797,good
55.06,0.002465167166118053,0.003947327909150392,0.009919648210769518,1.2461308898281562,0.008267339695381964,1.7872561077394167,0.9171743915962141,good
55.08,0.02877671045536648,-0.006672878013580272,0.0018978150252306754,1.187328097266842,0.029671994097079935,1.8624250804684284,0.8817412950934485,good
55.1,0.020825101972179298,-0.008434228387275356,-0.013479450400153165,1.2135770142108322,0.011604111715851241,1.8429881218941069,0.858023290900657,good
55.12,0.021203860490566058,-0.005735414665066983,0.009526309689614881,1.2254084543379364,0.03177309951337218,1.7561594317712574,0.9215758453625464,good
55.14,0.037376084487709495,-0.00995630225098572,-0.030627722960540744,1.245344371264061,0.014384548292692225,1.7847398297805894,0.8608134995472043,good
55.16,0.023053912104061387,-0.008326489760769998,-0.007076348203217213,1.1919758307527393,0.014706988771282042,1.7988653602966482,0.8590173995985505,good
55.18,0.029043318349225005,0.008409386868589261,0.003719990511851353,1.1151098087288907,0.019503709263693606,1.7832442037530263,0.9318897508802967,good
55.2,0.007210078532273408,0.00967364668752516,0.009982810212092732,1.1878851907115253,0.02563808433049238,1.8327144253415908,0.9138540731843777,good
55.22,0.02498026660126842,0.00550859671987213,-0.028658005702540637,1.1482851914385828,0.005622009488711267,1.788737827582208,0.9099739080768626,good
55.24,-0.005172269352998146,-0.0032995508493509395,0.004262954299493172,1.1803601523702387,0.0256020997447651,1.8381567262974274,0.8006660536147623,good
55.26,0.027203577757612202,0.011629395369303004,-0.013511612911892094,1.2349048673815894,0.014538543172486984,1.7424067212775494,0.9788679249944499,good
55.28,0.03328998888368936,0.017551685135816984,0.0012235304937198437,1.1672407396008702,0.029316532900353985,1.8152703834153054,0.8734193901623469,good
55.3,0.02393729172566571,0.01641592678990153,-0.010569884993885115,1.2019898236208864,0.022255732244986205,1.8797712197456735,0.7818122789249747,good
55.32,0.029092144674354007,0.005732153538429398,0.008460543825877603,1.271009211288457,0.013303205470829095,1.7940703667894864,0.8319227380512185,good
55.34,0.009094097403057565,0.0246446343879682,-0.016709198287587004,1.1977942949816813,0.014549623797908078,1.7938025399301243,0.8834069906197646,good
55.36,0.003964564067478643,0.0016389469773982223,-0.008902115423651515,1.1807952041548297,0.007700674812923738,1.816810157722102,0.8800158905900748,good
55.38,0.0004486487155717937,0.007925981462104721,0.004410784867842346,1.228676574902519,0.02561475635450459,1.8035263249755724,0.9071871566991265,good
55.4,-0.004935123926817265,-0.0019425852435341407,0.00024553680953905984,1.155702544269946,0.034162970646458554,1.771719201176533,0.9891219639770809,good
55.42,0.04968895501678224,-0.0005111318204655068,0.0208762674238375,1.238240832225321,0.0070075670102612755,1.872857290059657,0.8797315208633083,good
55.44,0.04248725414270294,-0.007633214610914577,-0.009297315351865386,1.164689313099875,0.008056973754559153,1.8009549919254968,0.8250793980641205,good
55.46,0.026681716405757512,-0.007876331302874415,-0.015399106288643412,1.1772400207713567,0.02778810074643676,1.8624423561413217,0.955267755444411,good
55.48,0.016327091914337292,-0.026650551916970237,0.012509991960487637,1.137803907966612,0.028608139966828317,1.7241126105980835,0.8464670983977479,good
55.5,0.02698982092263164,0.01113116802491869,-0.015580757591404938,1.2634446913493718,0.013948027779769017,1.7799469517846536,0.905453596525112,good
55.52,0.03586086028138632,-0.005615523079772132,0.0093049005556919,1.2645448709918738,0.010944405562712931,1.7838006071163635,0.9183748200061159,good
55.54,0.03571825049993529,0.024365213490672284,-0.0019290881684310079,1.199164297408814,0.031103235466299853,1.7826486888223696,0.9050375288039181,good
55.56,0.0045186919172808555,0.0010900875904883642,0.007426226689447147,1.0972058211540776,0.0057566107957949635,1.681052987846026,0.8912099100801505,good
55.58,0.04012598167821538,0.023077751438528183,-0.006085357613056539,1.203848309203851,0.02755757081605359,1.7485586586729558,0.9128924767849866,good
55.6,0.013127888477896994,-0.0007133517246022038,-0.0154112911524886,1.200517224580985,0.023557225092251048,1.8212775785992614,0.8775429713296126,good
55.62,0.030376664132676194,-0.01016428735638984,0.018007132557769062,1.2121639903878652,0.018948368306152916,1.8098589613824236,0.9120760610714341,good
55.64,0.02072745190797026,0.015754642633981897,-0.007233037517105162,1.2432880354419757,0.012534571814412853,1.7976013249103697,0.916875844427766,good
55.66,0.012656948174285596,0.01780687882388943,-0.013360425225876734,1.0954808040967403,0.018451549096272047,1.7883545050201417,0.9162494742268302,good
55.68,0.017510541314156646,0.012771608965401336,0.002762873145607441,1.1614878532953785,0.006262067641111703,1.7546716416353643,0.9499197642452171,good
55.7,0.02085790289438178,0.01711760015123176,0.010222524932402808,1.1836313102131288,0.030111711938085164,1.7320615312220204,0.8414787916940282,good
55.72,0.02703366307965077,-0.017149730321628785,-0.014260881637856469,1.1805410442176603,0.004064350434603178,1.755256735679684,0.8890414792593893,good
55.74,0.030671430014258684,-0.00795480770625524,-0.005523411094290682,1.2029725201541899,0.034097830877499714,1.7861815311893006,0.8895715413123446,good
55.76,0.03184728927750422,-0.02994467260641317,-0.017407043969040824,1.2394581642074962,0.035269911159262465,1.8043146852392844,0.914788747024786,good
55.78,0.026491891769312173,-0.009958521209761128,0.02426449181476706,1.1743628784990616,0.029640369906919678,1.8332231761246611,0.9327761197271377,good
55.8,0.026419293026590986,-0.00043079679950117913,0.02695112201797735,1.2477085238327787,0.0010099931313676778,1.74780788733777,0.8803557575124961,good
55.82,0.01823687965677002,0.014341932305449221,0.012611574099793237,1.2437355533995031,0.031299585749906336,1.756651167965544,0.8678720697874686,good
55.84,0.043669571299028986,-0.031133118344958476,-0.016835307658901833,1.2822149692719829,0.03884274955835056,1.8762818989479033,0.9598073134442864,good
55.86,0.038550245719425634,0.004442399181355139,0.020171229999116844,1.2167241119638506,0.017989671127440196,1.7877660110461733,0.8952191905974279,good
55.88,0.038017359304720603,-0.025589755015288002,-0.03120658206696273,1.203314610497168,0.03545952190206008,1.8053597218353907,0.9395063052460813,good
55.9,0.032464223772832694,-0.018526058662727822,0.00831530182715102,1.2602320825917173,0.005336797311004327,1.8857527067087587,0.8637539448574774,good
55.92,0.02427575816510212,-0.006586744961451946,-0.006422602026979763,1.2777586685806077,0.01109521382766931,1.7141512754362667,0.9287186637883215,good
55.94,0.01426966947186057,0.004953305573678314,0.010115819311308966,1.1919060049849566,0.02280915051721845,1.738398746725612,1.01203562188818,good
55.96,0.04732434118506634,0.00025470993980677525,0.014419818269835441,1.1396433402270931,0.006705991079621203,1.822300558405549,0.9835659853880893,good
55.98,0.035365241051206545,0.00536659312564108,-0.00930581249123881,1.2082607874134985,0.027610449592509106,1.7681566114998413,0.9231169383064945,good
56.0,0.027914991394952515,0.005191965161213459,-0.004463890823884788,1.2193220284328812,0.00943492063712044,1.8442716086604851,0.8630696303013855,good
56.02,0.01211041179610778,0.01828919856093561,-0.0202587792270246,1.2000805300538682,0.008218073218370007,1.7664182226906717,0.8657413139555028,good
56.04,0.03303295557347714,-0.005236420598375421,-0.014256239089653837,1.1715241585718783,0.028343367877085184,1.8094027446088286,0.9092546153498345,good
56.06,0.03728532835601527,0.021018454546273525,-0.0006610995900473426,1.1670541035197086,0.01803209529097244,1.790132732363027,0.8852601779334558,good
56.08,0.028843757576683567,-0.0006216472460312426,-0.008080220686744091,1.1386952748033563,0.015399445429926942,1.9076882183057735,0.891615275465566,good
56.1,0.03965672355071712,0.011040727141376962,-0.012247770280223646,1.1375921045588806,0.018880526701755378,1.8105154278180737,0.8642298661160861,good
56.12,-0.0015141366069753364,-0.0026440413786076532,0.02035159799911486,1.2643763588780594,0.016706447868721257,1.8308387660112415,0.9426466821967538,good
56.14,0.0065296715693400325,-0.017080450999634237,0.003689430982889383,1.226944467767887,0.030663495166229647,1.7922376871100514,0.9276893781235169,good
56.16,0.028973288044383233,-0.02305514401910989,-0.001985136592495268,1.2061760230586174,0.029710340238468948,1.823781599665394,0.9196372690681657,good
56.18,-0.0032104500714420035,0.0034358578222242592,0.0004627017879123662,1.1233051768578195,0.01425214286958765,1.8850982106275411,0.9916480287428844,good
56.2,0.03199969956939785,0.008479010501645632,-0.002537261277311502,1.1882127836935767,0.02397038018729066,1.7486211316449645,0.8778952349778375,good
56.22,0.04482823822345774,0.005015075612721396,-0.009919211971151013,1.1144655419657452,0.03527257863337317,1.7906247798732455,0.9064529716328228,good
56.24,0.01619382525447298,-0.01477815385002793,-0.006796802372877526,1.184256170488235,0.024789948541727242,1.900927852060024,0.9045872947802667,good
56.26,0.04023131289996337,-0.0109960280058546,0.02113849362283141,1.1988976514893401,0.02018282799050984,1.7370458847857877,0.9130280020400704,good
56.28,-0.003743820396284925,0.004830275536376703,0.002539229153275617,1.1567435866148532,0.006900322612762678,1.7822806903323867,0.8818281772283786,good
56.3,0.04333479684781465,0.01407629039665449,-0.000479186122322418,1.2081127034152264,0.01842549013178171,1.830751730076443,0.904467382888852,good
56.32,0.0018138075584486367,-0.011007923625127999,0.0037272056994666143,1.185215937456672,0.008550991912129876,1.782229424381983,0.9080872161462974,good
56.34,0.01476050992087597,-0.01704641703107332,-0.022118260136749678,1.1398772489728741,0.020814667500770115,1.7736407893343524,0.8938224043194927,good
56.36,0.002700148302893591,0.002579105874934443,0.013100016291762428,1.1851395911349574,0.03634683658151619,1.845559420697298,0.8637046333758511,good
56.38,0.03959865069055571,0.019232083005196497,0.004371779847560704,1.1565172770576246,0.025705849649866667,1.7505449335712784,0.8828072073452021,good
56.4,0.026112499089704835,0.0005713950462710314,-0.007291459160815856,1.1388519188541797,0.026424649029427247,1.8100673992335816,0.8736884911897708,good
56.42,0.03341280137342003,-0.018402077167997643,0.007241539877169761,1.0566001669994514,0.03275085837500907,1.8758463703145558,0.8332723161431101,good
56.44,0.045032680742743775,-3.3532474049553815e-06,0.004217955815657937,1.2372070149784322,0.03718206177541863,1.827445067652191,0.8806897815509315,good
56.46,0.020899983276197378,0.02253298494565274,0.013706067654573259,1.2705114713191608,0.037613983832246206,1.7402027487493754,0.9032392955594409,good
56.48,0.03700638175228133,0.0023069588881649947,-0.015854746288444046,1.0997295985860287,0.02248682911574264,1.8606571385004047,0.8818579535074641,good
56.5,0.027023851494598974,-0.015969479172124414,0.01687784382056199,1.301796884357246,0.006280582122386389,1.8433326996280708,0.8716675761484401,good
56.52,0.026577890016034705,0.0010405230406429964,0.009097904287309772,1.1802850803743312,0.010158089800237498,1.7532356422783693,0.925852276902946,good
56.54,0.04230725556346897,-0.012794146055867438,0.01839309294345877,1.1882660136077097,0.028304223470355154,1.7562141682514416,0.7879202339886184,good
56.56,0.025614156035456456,-0.005941471124691562,-0.01720067776046424,1.1322152333959634,0.0027522728910277967,1.7771494537303236,0.9014403482072336,good
56.58,0.013414352064174347,0.005060540926000782,0.014224960486271218,1.206918600324529,0.015408963303101823,1.7768853790735186,0.8927392081570074,good
56.6,0.0249127978527068,-0.03810856737246468,0.022081062708110475,1.244168151375967,0.018442228457484656,1.8593249733756214,0.9138625105620766,good
56.62,0.043913224636517666,-0.0007418696539865101,0.00989494277115069,1.2254321529978551,0.024511634841675126,1.8398908028931937,0.9573708607152961,good
56.64,0.01230774519908788,0.02702320949735791,0.015357155113024617,1.2680768053019411,0.022178346058702676,1.6989647100847547,0.90415426453188,good
56.66,0.03710143896255183,0.022170290999141334,0.011727787083227668,1.2013924851878823,0.01634784715067373,1.7577311660877948,0.8746249568144601,good
56.68,0.005370007325664119,-0.013482363523004774,0.0034644589065093265,1.2023851206188094,0.01567534837506245,1.7667675804725589,0.9617787603371446,good
56.7,0.029341558081761254,0.01128157131971928,0.011599493755918205,1.1360356832709162,0.022810949449008175,1.814363856519574,0.9431664132014108,good
56.72,0.03358589266139833,-0.0004801690015885343,0.010449409984123083,1.3038115794668372,0.011184301555486052,1.8664020138826483,0.9379761225786104,good
56.74,-0.0008704155876824354,0.006225703717288927,0.003465729674601433,1.1228810093581036,0.029843593034420603,1.7055856778745266,0.8438922655930453,good
56.76,0.013788562384672994,-0.020532619960106385,-0.011172502480865897,1.1946580723440317,0.005206984024213188,1.7861183301352437,0.868936499500172,good
56.78,0.046358083840976554,0.018847361031949034,0.019410343443127916,1.1432421539854445,0.010670414383317185,1.7519869430938122,0.9010048400085839,good
56.8,0.019719179581860646,-0.003467742479768826,0.014081252708315135,1.1333542428919852,0.015234335090929396,1.7916933075784178,0.9171277428753404,good
56.82,0.019876356259088755,0.017584135230356266,-0.01894923962036006,1.2433060857855278,6.709699685678722e-05,1.863020110427047,0.8813582758492472,good
56.84,0.02647952715439322,0.009048667339398509,0.00040600963389075015,1.2019647922266197,0.0,1.7983571972268315,0.9481731412475096,good
56.86,0.01730256529611035,-0.011360988247288121,0.0024168367266366145,1.2356478562104583,0.0017095560163293416,1.8425403659530617,0.9160648602213871,good
56.88,0.05295536633212784,-0.002944573688481225,-0.012636239911914898,1.200888594503891,0.014514066095508451,1.746812161249331,0.9180927757429209,good
56.9,0.03751032264048346,-0.010537151782241063,-0.0006929704118839136,1.1964228289768868,0.03105576506417494,1.8013919531531744,1.0019806916902343,good
56.92,0.007380243741301084,-0.008313883074111631,-0.01845669507254906,1.1811584830452868,0.004733715455390829,1.798806649034935,0.9978101994592077,good
56.94,0.021755545702201496,-0.009492345096200235,0.014697387899221252,1.265522217137674,0.01201184199213682,1.7863511432648038,0.812021574194676,good
56.96,0.02499606783198384,0.02400595199604373,0.015198467591687958,1.2099981590232447,0.032540982736657634,1.651742799929032,0.8579002868428137,good
56.98,-0.009436035189288221,0.011165952530034617,-0.009537268225508145,1.2324225782663103,0.0214592236546997,1.7813242882301479,0.87171900133367,good
57.0,0.039502219840443845,-0.0013340606155253585,-0.002714671664506489,1.2023849757113456,0.02406786245524373,1.7661144471199275,0.9208147721336161,good
57.02,0.029957783637744134,0.011481472803226457,-0.012202110044382094,1.2134079439140635,0.021815042639375233,1.8695177038072677,0.8723412883651293,good
57.04,0.013151094080950646,-0.005847905156867434,3.378768256840451e-05,1.2752483971437332,0.0312955022370921,1.8681148623440806,0.8674728029220848,good
57.06,0.03621482927970522,0.00964943274684946,0.0033785640393238204,1.220794211039907,0.020921092194326668,1.768522518854963,0.8552235968803784,good
57.08,0.02614531491246577,0.014266323811313012,-0.016880197468367046,1.1410497979950835,0.006054244619783549,1.8928776408598553,0.8362201079008297,good
57.1,0.017162341792005795,0.023449087974843276,0.006451707613409583,1.2627647124879844,0.012726353364283023,1.7560943253077563,0.9233532627811207,good
57.12,0.03351980083500352,-0.013419838169332907,-0.011088484198469261,1.1908211840411849,0.03381588190371773,1.8581473344697672,0.8080356747914138,good
57.14,-0.004807834627650374,-0.0028087685122779454,0.029630034428322807,1.2524235016466325,0.0039187340101566985,1.8690541552421094,0.994469470662156,good
57.16,0.02291886463820261,-0.00718408395151993,-0.011568923290888052,1.2085932717936274,0.006875550229087398,1.8261649870077532,0.9088350790181293,good
57.18,0.017859456703895996,-6.794266795115491e-05,-0.006856618368213118,1.2598996681499837,0.02200813512283452,1.7342586518554104,0.9541163103516992,good
57.2,0.024946959914120725,0.029860501105664763,0.007923700782162283,1.1996700216504546,0.02169214630554731,1.7800575217915307,0.9180516621119355,good
57.22,0.015982012728214118,-0.012902847116912346,-0.008992473512821167,1.2470068076983596,0.009823321154775931,1.8266845345128193,0.925325802736998,good
57.24,0.03998780919795081,-0.0006046741687494558,0.023330213504200007,1.194827768258134,0.02619535204572819,1.7751840896921334,0.8537398379659847,good
57.26,0.030958812341910454,0.033849351954859865,0.01938763263753453,1.14815993209535,0.027981451693290547,1.7550637828792162,0.8999233198165303,good
57.28,0.04418364598928644,-0.020185166558047397,0.011277975568213862,1.2109682147465288,0.025811767922383416,1.7612222062455833,0.8932739770924065,good
57.3,0.031362261171300566,0.011166623558680608,-0.008091210049822857,1.2203147214844463,0.02788612769508872,1.7153744210204354,0.8958369676463883,good
57.32,-0.009686988317281785,0.0038594989601695613,-0.03171783650371569,1.2107166815997674,0.032953285623970235,1.8300981007772552,0.9180819525398398,good
57.34,0.013034497140985918,-0.015625617301695118,0.0031284173546925124,1.2892785346572921,0.022829953264900914,1.859536748960186,0.8309816202922783,good
57.36,0.038074925449642374,-0.045766240840332185,0.0271457928236973,1.2301612399427704,0.02432750614006534,1.792060833782305,0.9050795422970562,good
57.38,0.04504431457647115,0.01078956051040434,-0.008492735146833184,1.173274479001378,0.029470662892493768,1.7398470436935822,0.8708702007102793,good
57.4,0.010817646832172158,-0.000935545445581315,-0.009154299748198235,1.2980492795488465,0.03212040327069224,1.773974059134718,0.9099922547221919,good
57.42,0.013450140877839039,-0.02112547777003064,0.011193318177603112,1.2108763170661494,0.014774589598216394,1.8356135892078393,0.9052807991190538,good
57.44,0.023271159799692628,0.01655385567811568,0.009772102782707327,1.2449132468808461,0.04028316832693725,1.86637248287717,0.8868304550270416,good
57.46,0.050510490754386614,-0.023214548053044997,0.0019050853084512632,1.1945259731580622,0.0051796442056301125,1.8154151474408382,0.8385365448802776,good
57.48,0.022292784832829968,0.010204683809971716,-0.004338733781913936,1.144749249314502,0.005413725371175902,1.7774666106338797,0.8870204548896324,good
57.5,0.03626880122477277,0.024038758996241593,0.014872727022863293,1.0897578576867573,0.015323352313021482,1.7406416828900877,0.8978184246147041,good
57.52,0.019119182258977453,0.009342790665719422,-0.010645399903182213,1.3172710741349523,0.022858714810971955,1.8600218714687244,0.9110992972264536,good
57.54,0.003178449367003602,-0.019096635778753406,-0.01751933726319472,1.1309573111362161,0.02926137540907921,1.8096381166773867,0.890429808519561,good
57.56,0.002222788947649199,-0.0020249591842863546,-0.026470884994858588,1.2424744183168026,0.020457946831349064,1.82998851580899,0.9371787497364139,good
57.58,0.018623461041850697,-0.017044137838077,-0.01075840178267556,1.1875778182334094,0.023686030729447572,1.7481449396227962,0.9315456142497066,good
57.6,0.006815848523624274,-0.0029489540633027035,0.0067149912207516696,1.2331482095120934,0.016545588411126418,1.7376419868440272,0.830861721736002,good
57.62,0.0270915454599276,-0.010872329511235283,0.004655851369311874,1.1985553144797985,0.028235716380890903,1.778863590592908,0.9097609087254759,good
57.64,0.028210486960831945,0.001621966209022926,0.0189154836431287,1.1374496872122806,0.017969640497660012,1.8046260808172128,0.9015286828570812,good
57.66,0.04395076184784185,0.0029208290463827516,0.0036990847958312495,1.2257438134168803,0.01691589459505079,1.8841805437446697,0.9382590629125448,good
57.68,0.023900224471655167,-0.010990438622050343,-0.004023836285965721,1.1478443066531667,0.004788666431669607,1.8337494044073088,0.8820913563988162,good
57.7,0.013492195946897812,-0.021092479857678734,-0.0065446437262436,1.1342468514135997,0.0,1.835044624884799,0.9710794874295108,good
57.72,0.0018216739406484936,8.310253452183916e-05,0.017458295798455172,1.200196790247414,0.032126284557289546,1.7469954228440463,0.8814228287418643,good
57.74,0.017495397983588686,-0.023298145972637643,-0.00849163309427339,1.2219238884542498,0.013644971076680754,1.8596762123880473,0.8403148225314764,good
57.76,0.040132973701111865,-0.013513997083328134,-0.0018975704448643148,1.1358487786765898,0.02641263825962107,1.9064003193192796,0.9267448541875042,good
57.78,0.015124707660851403,-7.399472137432556e-05,0.0303899810885595,1.096979139888973,0.024719122954448683,1.7679158647304158,0.9109761034570438,good
57.8,0.014667135862064242,-0.003459736903983063,-0.007459616811571995,1.219388171177241,0.02358811895027437,1.7759398822119898,0.9136065508593962,good
57.82,0.021348697262116977,-0.02933834356110881,0.011739266862893956,1.2168964107621159,0.015451654150779554,1.8455315171669966,0.9606400381100721,good
57.84,0.0299007033596424,0.015112832761398623,0.004841190522564157,1.245577145800932,0.019998458941196832,1.7722759454278934,0.8970500472743397,good
57.86,0.03134584557503207,0.007774403393770288,-0.00506986319606095,1.0940368384370678,0.033220887685142225,1.8301775961149638,0.7678767643304479,good
57.88,0.023693713078899607,-0.008725053421380729,0.027955427817286087,1.257062060729838,0.03920106128561394,1.8199896534478917,0.8365144618469877,good
57.9,0.006548059948453845,0.0013686914100830912,0.0007028576964124944,1.1672137674516017,0.01070901715572163,1.863047234869356,0.9084437054672068,good
57.92,0.02121001994937284,-0.0012303229640872094,0.010062884592910687,1.191742145627642,0.024050020728029857,1.7632000416714153,0.8530033424526631,good
57.94,0.02424519210884124,-0.010432373247878447,-0.018059374044873157,1.171295780456038,0.026237143977957917,1.7974199710783363,0.8124213743431181,good
57.96,0.012710751059836515,0.009956859447845915,0.0179496630570969,1.2624039816455426,0.02933287917543933,1.8322038262074138,0.9409061202808101,good
57.98,0.04432013553125237,0.0004326569639854211,-0.015692073192377275,1.283639566850851,0.0264869251443475,1.768260202897752,0.872994618448236,good
58.0,0.0206491994118896,-0.012169980765699176,-0.0004823943487698394,1.267853065239285,0.019077949166285336,1.7897742746014726,0.8379630770590173,good
58.02,0.031057048947969138,-0.014587278634093901,-0.0034190930615115734,1.2288564926050909,0.03400402365159357,1.7773080581963459,0.8684555938281378,good
58.04,0.04390203075918407,0.03380364552050027,-0.01818297525519859,1.1541687295212646,0.01239578548330825,1.698927908078432,0.9256405894080879,good
58.06,0.0319128423896053,-0.008615819310562496,0.0022701153143118618,1.1376809122427962,0.026585790979258395,1.6987949541321343,0.9601182817265194,good
58.08,0.04342784952242854,0.014230704772318097,-0.013684914832468207,1.1560400663155368,0.027209614686998784,1.8284320026488678,0.8421903290819591,good
58.1,0.008917226662259014,-0.0002397691099811836,-0.006103490024492124,1.180624900590663,0.0022175841018707704,1.8813516341816763,0.8861333781097405,good
58.12,0.03878799260660344,0.004272464256416009,-0.006357028610638301,1.162133445163101,0.01174005494786417,1.809933637991309,0.8327497744887892,good
58.14,0.00019130793726865455,-0.021005620764649287,-0.0275305075014522,1.2433634689967117,0.026862892595137446,1.7602124438434419,0.9484338364398767,good
58.16,0.031190240761411792,-0.006075550077730652,-0.010530106325470273,1.1420127202504726,0.03997550323081363,1.7978219548385868,0.957889106476706,good
58.18,0.01521442396669272,-0.0021487141759460133,-0.034380083174608285,1.1288251831929705,0.014137326958295917,1.7647345537920718,0.8815800341675402,good
58.2,0.015647247339589037,-0.0020469571674165796,-0.000579259913907742,1.246202469799709,0.006858998739196161,1.7732478248956738,0.9941320028862289,good
58.22,0.033168508253837777,-0.01237342903518702,0.01397934837070866,1.2039198045357056,0.02636920944885138,1.8584302231871015,0.8645662793398176,good
58.24,0.014839219856911024,-0.003960882555662507,0.0036378889291818666,1.2524160351001339,0.02689887903327025,1.8136351981059626,0.8973074450243766,good
58.26,0.03937239270177542,-0.041056150819640605,0.02151937094224531,1.2596412925748561,0.03477550052507297,1.7721081688089126,0.9067587054882428,good
58.28,0.05994705996455815,-0.007093453247333072,-0.012363921566292171,1.2896736494830947,0.02729580727568117,1.7664070356875403,0.9193887443580043,good
58.3,0.0319739028250958,0.0023094839625230445,-0.0011082543985424349,1.2192999785265886,0.03805059350699883,1.790871005535205,0.8672901892053435,good
58.32,0.03754886658177363,0.00924291890993562,0.02945576171510469,1.1897399173165486,0.01989845242570941,1.7663949767005023,0.842415643506837,good
58.34,0.0024388057784738688,0.006391335552327799,-0.016904109400590207,1.0737727732021662,0.01966630428474508,1.8051876087063359,0.8287938844421922,good
58.36,0.015285322375420119,-0.012101834560697087,0.015000485054405663,1.1564723266385641,0.03481537649164825,1.8321570861014338,0.8892534281119852,good
58.38,0.038222448987673324,-0.0032081957026946118,0.01744050239646877,1.134892035954689,0.03332988807356255,1.7803814222572405,0.9439013407341447,good
58.4,0.0207167186670383,0.023449943539866538,-0.007809727742855814,1.1683934340971085,0.013288505414821135,1.7657039831825703,0.8671291400618684,good
58.42,0.03097528360487352,-0.02326978837098808,0.0019653826459617727,1.1572730621479437,0.018694049514014297,1.8474656068562267,0.9557879493514488,good
58.44,0.010304943067435901,-0.013126966772472156,0.008022455966573468,1.1085937867742663,0.02227862973190258,1.8042336128921692,0.837618340130553,good
58.46,0.0240926166047083,-0.0007782182873282625,0.00016294574328323664,1.2020922562855776,0.04287309453242785,1.7778325591766695,0.9407310788454405,good
58.48,0.031267596638264505,-0.018816217332217326,0.010545505146416832,1.262206307094145,0.008390536018198074,1.8654117753495043,0.7994389171214087,good
58.5,0.020108252183817555,0.005521268839605021,-0.018812729299196414,1.2356308304824335,0.026277885216295056,1.8107655368813298,0.9479087437670309,good
58.52,0.043695455140146104,0.006293355757840568,-0.017904297855550835,1.2512184274451028,0.04696246881178951,1.8134771483076226,0.8261460840294528,good
58.54,0.027936415174091178,-0.014180209091328347,0.014688101274655111,1.1561268771181468,0.029824785828528905,1.8143615019375796,0.9212261861048359,good
58.56,0.009229721727408767,0.011404719126273217,0.0052717104026811755,1.1743786826708227,0.012125730777782779,1.8400785436967435,0.8776105788079469,good
58.58,0.01731752135545176,0.026504626702733434,-0.008500210790322616,1.2195826950388167,0.01610383737897633,1.8618564599361371,0.9194181335180791,good
58.6,0.007656831675527139,-0.021091534842482235,-0.003803378135433021,1.25251155949741,0.03447908542750826,1.7879095304275316,0.904530141307161,good
58.62,0.030721384231054468,0.010359004295005645,-0.015176238711968361,1.196862563639501,0.022136580608817492,1.839180646014693,0.9327021361896909,good
58.64,0.006257810465066004,-0.022792070296230354,0.0031589541011502976,1.0715177872628636,0.030525729302081216,1.865779045509748,0.8886527268413702,good
58.66,0.04220818077325496,0.02163336446361279,-0.030035736468997168,1.1197789227621817,0.03415621142516238,1.7890504049566578,0.9815372339026969,good
58.68,0.021489404084811668,-0.01040102532797497,0.003497941928679646,1.2599036430755841,0.02822692459502292,1.7863989456643603,1.0129440064310058,good
58.7,0.02924299009331848,-0.009970489600479786,-0.020425692931999435,1.2182578561556987,0.020280930509199744,1.9030294663025955,0.9663371457779006,good
58.72,0.01663222903169774,-0.02710818027932345,0.012837355349076618,1.1784090651401848,0.02192221073863103,1.7538300179090265,0.8574274539301272,good
58.74,0.017037833732277623,-0.013243214063365464,0.02203551521261607,1.2074876874959766,0.0020874790726100115,1.6603843946710963,0.8850965503944256,good
58.76,0.006383185707524345,-0.018753778220318772,-0.011777639212092135,1.1371016160093432,0.02116348568491344,1.8346716628069228,0.8523140138375053,good
58.78,0.02297308011832704,-0.008662352831200667,-0.0003752594703463847,1.1816239687199677,0.022791576797373404,1.8383626500046009,0.9823143009919579,good
58.8,0.052727229261769974,-0.0036344238169172165,0.0032824768643768434,1.2185633124364434,0.020381184111233238,1.772752258059802,0.8763275795176291,good
58.82,0.035660657122768745,-0.002599760902371494,-0.00887580138337675,1.213834921981964,0.026215494969512164,1.8559505634954458,0.9231846423642264,good
58.84,0.030998860155612377,-0.012562160311671991,-0.0033594363046584317,1.169954223693286,0.018311450199007165,1.8254504849243975,0.9309135411257925,good
58.86,0.03017785968257799,-0.016494349444746845,-0.02589559897041889,1.2081492764364554,0.01777801993336507,1.7624306266180976,0.833765258219672,good
58.88,0.038780783734853025,0.01585050930969458,0.004751497416735654,1.2042847339894318,0.014647462951087976,1.8225800007665796,0.9301517953968227,good
58.9,0.02671421702462608,0.0036636755738753742,0.003416267819763522,1.2084702085769845,0.019900184168990094,1.7880944467733835,0.8812363840164553,good
58.92,0.01937453778064847,-0.0014917900943804175,0.021668691944010075,1.1911896301755303,0.02487732224061131,1.7837412214133441,0.8614657037293596,good
58.94,0.02777247210684064,0.0008108475376098626,-0.01294051802874393,1.2150797622444016,0.026324434852713074,1.81789095188289,0.9218761164992687,good
58.96,0.012778217068651801,0.009334035353459025,-0.0034001782806268714,1.214528026132511,0.017976280631209193,1.7902561533481376,0.8531631506793665,good
58.98,0.03540843335137569,0.015513474909191435,0.003507762169554395,1.2466342272282764,0.023395093994944095,1.861221967138997,0.8514515475207772,good
59.0,0.01728048204888203,-0.032694440484706426,-0.016498056357014203,1.1498571840251512,0.01209684056344278,1.7319016302488062,0.9418925008965081,good
59.02,0.021906493924851392,0.032798302982861946,-0.013958452703973506,1.1493502211461029,0.011326841155229354,1.8047625719007396,0.8445989479105577,good
59.04,0.014277094551612208,-0.0013677586746594305,0.005186515900183187,1.1640870762273434,0.009734543947367778,1.880874445835057,0.910077688927914,good
59.06,0.015593077494529347,0.008971359074036818,0.005363737100000158,1.2499113066292198,0.03057731438061628,1.8317368173667987,0.9288168987013254,good
59.08,0.017956172034235517,-0.026906201273028528,0.006921360765001895,1.1564868761995672,0.016137272793220053,1.7859419400822805,0.9200144549582101,good
59.1,0.009071848023264589,-0.0033222282475572833,0.009986574512255847,1.1880711148419922,0.017232039615199177,1.7791417402244796,0.9083877023395315,good
59.12,0.024675999143870617,0.014344799862684065,0.005589651918333837,1.2695574985114264,0.03084925839362243,1.8327817496259156,0.8322890561470064,good
59.14,0.01993021395233675,-0.016833811222690793,-0.028794729379523154,1.2266073798722854,0.026088235470054223,1.8580416305974574,0.9169449521998372,good
59.16,0.023120346520364696,-0.021290566863819846,0.004613986862945556,1.190592217032205,0.0025729205955004747,1.7717200632826773,0.9212629075121629,good
59.18,0.015008412492575396,0.013003228770471968,0.002198409936550967,1.1350927597042082,0.028823307553982637,1.8063083953983985,0.9322058864813914,good
59.2,0.01906129089495504,-0.009332701618588629,-0.005532073882077977,1.2196419705324235,0.011791726162269821,1.7117002176441134,0.8636839474566431,good
59.22,0.05378136430920325,0.02027598042192695,-0.009400492590964503,1.0940265194357721,0.023001166544608875,1.7806404970403835,0.8842404561924923,good
59.24,0.019246490887745826,-0.011637298217275138,-0.02203893356529178,1.1459494043497909,0.03169650306996236,1.720682523960872,0.9021973289752434,good
59.26,-0.004032142370714899,-0.01477368726080195,0.018589643293947158,1.1420170520343815,0.01072425830425592,1.8167756023038846,0.9211250469332813,good
59.28,0.008031434462799015,0.003074482469797489,0.006380087340196991,1.2542844124305708,0.02366560002036886,1.855938552294217,0.8825193646049367,good
59.3,0.012895763269892046,0.00579874688248014,-0.010706880320738531,1.1005961104917565,0.025675822633922797,1.7800106669782148,0.9209336773833775,good
59.32,0.02585878169078135,0.005903830027514549,0.00021532340396452523,1.1649589196519479,0.026346348195518718,1.8237485224943437,0.9202758424570663,good
59.34,0.004091880503643882,-0.015418322072439265,0.00262284247582853,1.2098597398067257,0.03909936110631991,1.7743476849216893,0.8235769853010362,good
59.36,0.05309006136123716,0.0028214423008767185,0.012731377961114326,1.187690786204671,0.019568507345212347,1.8732794135577886,0.9702053649703066,good
59.38,0.0023094047772978725,0.002370063177112422,0.005807299491411077,1.158541430388308,0.032190039740374876,1.8221518866613866,0.9092116411627126,good
59.4,0.02491525126913137,0.002689448536111952,-0.003316819956215746,1.2071591238616455,0.030816111572795284,1.817373011649872,0.8764603359013866,good
59.42,0.05041067002634009,0.01841239363205247,-0.016653327292447496,1.135788266742845,0.020038724281450572,1.7655995100917086,0.8185211119766956,good
59.44,0.024696422105394668,-0.023477397366373966,-0.008747250277466936,1.149167804028015,0.01192157631870554,1.8410753995440206,0.9495743071654906,good
59.46,0.036730585599352085,0.00020041399338054382,0.012084158946288327,1.2827090926121638,0.0136493511522578,1.8413508325359957,0.9127482741467743,good
59.48,0.02968555251535587,-0.0034048483935057027,-0.010165825841683886,1.2237794616590107,0.0097749087648849,1.775329463086979,0.798849787306055,good
59.5,0.03336619873106015,0.0068962907253161,0.010673859309761254,1.1532297846678774,0.02501350538589777,1.8831287100004015,0.9350672905381066,good
59.52,0.040864217749604,0.02090779639861128,-0.018752154955771837,1.1686433781655121,0.035722659111215,1.7567492672473706,0.8632183071822901,good
59.54,0.03332240470565239,0.00413796364454631,0.003135128250750827,1.2849642435951374,0.01526568691184713,1.8420238994631168,0.9596897920161279,good
59.56,0.012419785823481107,-0.0017755869431345863,0.01594365889893138,1.271574908099599,0.002681341993250628,1.809172200118702,0.8918766767580999,good
59.58,0.031049470131752473,0.0014961922752477115,-0.0008722940837926375,1.180291415301638,0.03256758354489131,1.7760776706833543,0.9562637553303913,good
59.6,-0.009242310823078076,-0.028071705548639775,-0.0030980268444124664,1.1828900200307257,0.025914705541117244,1.7894492901730008,0.830677624427649,good
59.62,0.05062656909482629,0.006829247748860431,0.013760166550992124,1.26648413921076,0.017772091688166985,1.7764614160459014,0.9396822581809922,good
59.64,0.02958800106799551,-0.011881341258267217,-0.006726677989980722,1.1881213920055742,0.01735597123513087,1.8074165333501715,0.9023507735816071,good
59.66,0.02616806508129333,0.008724099229620003,0.003564111500144977,1.2100185536412063,0.012783844112509577,1.8730860140689969,0.9369617282466294,good
59.68,0.0504674510782754,0.013426238223662441,0.0036221937388601242,1.2087319491603352,0.010344802783352107,1.8311061537924953,0.9127074532855188,good
59.7,0.030625774355630297,-0.004921532297131878,-0.0006673687002087362,1.2270006954392099,0.014361522887465467,1.8440653477458464,0.8770168037593102,good
59.72,0.061675826503946235,0.004647291376748103,-0.016688006395694056,1.2473234715355295,0.015923532151973587,1.81526630155477,0.9579038248134405,good
59.74,0.029781261400269158,-0.003909064657128447,0.018881111916377608,1.1418523498345892,0.021769228879817547,1.8116225081297543,0.9200286190399773,good
59.76,0.0028877737980069055,-0.0269453004068152,0.009407771566756824,1.2130621008626925,0.007269186334392601,1.922123769754004,0.976568950721111,good
59.78,0.045917766706107116,-0.009682595817455158,-0.02058503427607063,1.1297907571902566,0.01884455261477013,1.788610753509389,0.8839511738531598,good
59.8,0.02926916297126106,-0.0015523528890503786,0.007366590140166646,1.157412147182285,0.022571282742800746,1.807463778329995,0.8771172519328688,good
59.82,0.024627581757087312,-0.01141596293186964,0.0012835302243460636,1.156479497214348,0.017099753993867373,1.8026164396992597,0.9285290093854083,good
59.84,0.020469909517197182,-0.010100134382059983,0.00772342737710717,1.1937458670272785,0.02791616586629033,1.8028062259571456,0.9514019924082309,good
59.86,0.005367409810533611,-0.008110248945422427,0.008492431803929123,1.223136837271088,0.012964215475594933,1.797169516840213,0.8388347075344529,good
59.88,0.013315594693103776,-0.012763367350402363,0.0032503348576323255,1.1683136871067232,0.027783548348242197,1.8395933354696736,0.9239644663333973,good
59.9,0.010289233342095734,-0.010676879441917388,-0.014122215799334299,1.191107421058408,0.00018889813287067264,1.8312478266932937,0.8539069554902609,good
59.92,0.038050115162939165,-0.0063218950442916495,0.006747699716762801,1.1530259799671434,0.030214702960243048,1.7164103515477502,0.9237697822596294,good
59.94,0.025977358560165323,-0.004346774938205567,-0.01411827128523308,1.1516662117929108,0.028127796852025294,1.8731160881614994,0.9644034060983436,good
59.96,0.04218123557848602,-0.016452594442532224,0.012181305486193077,1.2260585566796784,0.026001172089984502,1.8026138821268034,0.8505499626205572,good
59.98,0.01633157783815415,0.010949425331334571,-0.00948512163665624,1.1662712453901245,0.01897784460859845,1.8891134229883384,0.9257183882559125,good
