timestamp,delta_c,delta_th,delta_l,delta_tlj,fwd_head_ratio,shoulder_tilt,torso_lean,ear_sh_ratio,label
0.0,0.03838971573574161,-0.009025652204452134,-0.002318535593469041,0.00530549507818519,1.1529662202782982,0.022395017196597294,1.7993960603015822,0.9040202170176731,good
0.02,0.021563559228171388,0.015863498281543036,-0.021684086890939043,0.02169205751990024,1.2431067782805327,0.024851920966631476,1.811160072870071,0.9680836322892831,good
0.04,0.036247442779540506,0.0022650100779256443,-0.03835151771139843,-0.0018574254441655698,1.1842571310087604,0.011243789155158343,1.6859977410597349,0.926684229393938,good
0.06,0.017455920807153896,-0.013055457690462537,-0.024070904705478388,0.03696549824704438,1.276492615947159,0.03156217645733153,1.8190469146285029,1.0099125696977174,good
0.08,0.03127699199124787,-0.02600526821738471,0.006159545947871661,-0.000943243472442067,1.098528739768217,0.028185269078897523,1.8329506018251789,0.8587227169912385,good
0.1,0.02110152159040147,0.0188984370049831,0.017334910285691046,-0.004364424113222909,1.1975619836418199,0.020751510961476323,1.7240538566548187,0.9674955333423272,good
0.12,-0.0009210833473323212,-0.00019576482672735353,0.005565379850517789,-0.0035229150130825556,1.1487496948310103,0.016583041739120133,1.8215602659567744,0.9053743043594059,good
0.14,0.038268764956433395,0.029968111912494984,0.0019822463021825134,-0.014183447702983937,1.107544761821898,0.0019455770935477856,1.8497702023175175,0.8585017741584287,good
0.16,0.03101419986912726,-0.017984988129507846,-0.020160905276442778,0.002985658036975565,1.2016657028061857,0.018922975228787393,1.7188461136982114,0.8760176728079967,good
0.18,0.005852825736050653,0.0027332856195681774,-0.013122968250080623,-0.001269486980119051,1.219434749709706,0.008841567591866824,1.8145726081558684,0.9645705197949218,good
0.2,0.03835539021872157,0.0062635948616414595,-0.028313086977334184,-0.0015094736028051804,1.197408095525664,0.013246720637855373,1.856036837946077,0.8914551273949887,good
0.22,0.026291028262057807,0.005437038227477345,-0.012895052542472592,0.021381938808917145,1.2658146672988297,0.021609578985106098,1.7267119166078115,0.8529776981131173,good
0.24,-0.004001252139701964,-0.013078807805096128,0.004212971472742855,0.010701767741431509,1.2133547204727493,0.019635904865890817,1.843386908327366,0.920360735746734,good
0.26,0.0270970149326577,-0.015441278550208661,-0.020889337409192035,0.0025091552722946373,1.1869542553490615,0.023512556688161632,1.6985382348335216,0.9580878958851029,good
0.28,0.029314029408642247,-1.8987788174177525e-05,0.01050060435925171,-0.008952790019464125,1.1706220238851064,0.015552211966490788,1.7461845444063604,0.9058655079352208,good
0.3,0.0076442003350193355,-0.011811148384126788,0.0050068486905780925,0.017045174011110786,1.253165874255164,0.030414768575837556,1.7684509525383647,0.9647021118456613,good
0.32,0.037834762116395436,0.003831366156345275,-0.00086097173746922,-0.005358287010588107,1.1166795195357344,0.03476660217888822,1.7266347419452457,0.8539339457785178,good
0.34,0.01554030436355602,0.03564760262072077,0.0025033739891005494,-0.01895140405338659,1.2583649306281603,0.027926679621890372,1.8189549068471802,0.9204577342664321,good
0.36,0.01634425297649593,0.02337874471459462,0.004208644721555807,0.007237710547832731,1.180686007558426,0.021387848553175843,1.7868163599851077,0.9285528749941967,good
0.38,0.024478326273334378,-0.008112896491757055,-0.016053337010185003,-0.0013405624138532733,1.206119701350279,0.013198222631017104,1.7959886742156481,0.8366017203550553,good
0.4,0.05027583873568057,-0.01638920339132414,-0.0218718840325674,0.018947982161629087,1.2281502807104456,0.022777818409426435,1.778505577381679,0.9858261364773092,good
0.42,0.02635341110411177,-0.000505877332064957,0.014184160589519825,-0.013146062086261116,1.235571524804762,0.01019767623923189,1.894398480016966,0.9230680922240384,good
0.44,0.012676254014782815,0.012012603168000485,0.0026761760351562613,-0.0013993444687873142,1.1540432794740232,0.003009550945662203,1.8429768576182133,0.8667846113171469,good
0.46,0.021785263228365156,-0.0043981550796455176,0.0011147454168131726,0.002829828968655916,1.1674786363608187,0.029003911979384157,1.7618945281671479,0.9616010717565336,good
0.48,0.0192931426614537,-0.0008109489752231914,0.004662812752298637,-0.006798123808557441,1.181894484472534,0.026958702097059174,1.782999463431545,0.8500084300191582,good
0.5,0.03620370169870884,-0.016903445163247745,-0.021467974954995913,0.002220742157953737,1.1729469379049116,0.03196546521956235,1.692851615107726,0.8720249181882966,good
0.52,0.020677037258655714,0.009659135364984882,-0.024927235320185148,-0.0145428162803114,1.229057966936961,0.017758033759514288,1.8798139958147408,0.8794849235285789,good
0.54,0.02983687473730015,-0.01377112754444064,0.011209620926407178,0.0028202929954634533,1.2389610886433764,0.034976298573781504,1.8056306136075138,0.8182637209123345,good
0.56,0.011353505447047859,0.008052646585077572,-3.775069321956993e-05,-0.014103345214431639,1.2049374034366491,0.002661618716246257,1.7223897276359235,0.867717291316367,good
0.58,0.01930880302798745,-0.012867855539524773,0.013191669742778567,0.003988116002756008,1.1399070211634328,0.02182682909085049,1.8040491760396085,0.8876462681910267,good
0.6,0.038399441238333235,0.025036623970348913,-0.016087168993949096,0.014395127867294997,1.140994470910213,0.02452978823146454,1.8199306702058207,0.9079021391169362,good
0.62,0.03338190364643031,0.004274628895061332,-0.007125205727836106,-0.006597514859566383,1.225851149709877,0.052769858168837114,1.827399506722566,0.9422476001349225,good
0.64,0.024043300587304244,0.0027093247780606384,0.030556756947212108,-0.004816848283947324,1.1513053759685352,0.013715600119394438,1.773812925665785,0.9405354694760001,good
0.66,0.006352121336347987,-0.0002547249726769731,-0.004286999496458204,0.004528582119991866,1.2233691221296181,0.017875795118441746,1.7075258782121676,0.8597601886531662,good
0.68,0.016903943111112353,-0.043916099508549154,-0.00982002866795226,-0.01914562024736845,1.2366933756318426,0.04283409074793408,1.8590167681852394,1.0199491453803187,good
0.7,0.03188059313128881,0.017219757582520603,0.009440664067621543,-0.0001313708879714878,1.1893297118737531,0.020726214729647096,1.7340396129829134,0.7885820089414717,good
0.72,0.009322646277728174,-0.002664732766010021,-0.005925930646981017,0.007135831540767454,1.1092193107728174,0.019051574097493768,1.813963467049695,0.8501931361270257,good
0.74,-0.00012817276944257505,0.0042066968120060095,-0.011867010346253783,-0.006236593411347671,1.2906170634897625,0.02262487302734423,1.7506648903854105,0.8021005595231795,good
0.76,0.04839515883822928,-0.023700260292897266,-0.009372868466754643,-0.012518797007220119,1.1173678114568755,0.01702142810085746,1.8197148678786008,0.9443279308823822,good
0.78,0.017875863648232758,-0.03061235058681082,-0.003064727921229227,0.00834872549772213,1.213480012847747,0.0,1.8487822843907649,0.9337441617884964,good
0.8,0.02961175130102323,-0.0027995044531821064,-0.00016276874790669947,0.002063665549577226,1.1736065629691235,0.0380745902274254,1.8325740082762056,0.8966905292600661,good
0.82,0.02369177073605959,-0.008601485094468444,-0.003911606616658465,-0.013652086561804812,1.2531553833983091,0.020722490253933787,1.832819317518669,0.9309204660719059,good
0.84,0.0351349632856198,0.012356531143194483,-0.01959360223535006,-0.020175600355542594,1.1651329066767435,0.0012819802509477318,1.8039248299519839,0.8309419370996836,good
0.86,0.011160905452014834,-0.007462459722030893,-0.006466343474431873,0.01614405592828937,1.1460383185927354,0.016454722901426806,1.884857738584643,0.9336175273799778,good
0.88,0.030090092067305455,-0.028061556528274554,-0.0008860513681674606,0.0012603641902896097,1.17233466368372,0.02581219620646202,1.7798771186386175,0.9028489832252864,good
0.9,0.03374297302401725,0.009646178125342695,0.002129014062398789,0.03279602000657943,1.2591968787569987,0.02162340867270539,1.9147063576709504,0.9148958047987248,good
0.92,0.03400143411530052,0.006349278242654226,0.009136573980984435,0.008256257778322255,1.218527624895439,0.01780554258502564,1.7625153606780384,0.9652559245229861,good
0.94,0.04264047916756143,-0.011187752823498792,-0.005933576073569819,0.00022788684594760608,1.2248929868952823,0.01649606183746191,1.8594145835317668,0.8951109566572918,good
0.96,0.01292447048435158,-0.00561120839626541,-0.009892618918893474,0.012340330861448737,1.1506349907392335,0.006329222278764553,1.787586608693643,0.9129375254902841,good
0.98,0.06542652732345376,-0.021309866899245272,0.0009899924090926936,-0.007733854636509767,1.1444917527502,0.030460704748508725,1.7846066493843948,0.8790103737261921,good
1.0,0.018725341662106366,0.013014013294439707,0.0028195435564910675,-0.009917268791845428,1.1244944274746924,0.02360283237222996,1.8464861212596775,0.9019294736493753,good
1.02,0.0027044294758384654,0.007957276287282418,-0.00240119217039473,0.008456040144264576,1.1390576766090912,0.014086889177888997,1.7513836055664413,0.8901530149319782,good
1.04,0.04156813649676823,0.005238907931069725,-0.008049596017639013,-0.032295617690775665,1.1950977194468737,0.022612283053859865,1.8325402519017242,0.9381391788123046,good
1.06,0.038411890600530324,0.01594797787694619,-0.01963722338896451,-0.0017748468461418682,1.2024084384106268,0.015748259855664335,1.889772090791215,0.9459646890572269,good
1.08,0.01082092554037548,-0.016649905326340073,0.012104449445842361,-0.007836226305534679,1.200973410756535,0.02424495752243836,1.7616060644344702,0.945624615006737,good
1.1,0.016136596113759963,0.023584396083425566,0.009533741560609958,0.010492115617382338,1.1498195592012859,0.01849679098777332,1.8924685236578005,0.8395221363784212,good
1.12,0.026869428187570852,0.0055334625546129244,-0.010515516907158282,-1.9786752542875712e-05,1.2302943971009608,0.010564642195156286,1.7761290725347447,0.9680877553615412,good
1.14,0.0032921733634740037,-0.00654081441581924,0.005420822967724669,0.011907310222963836,1.218203876296167,0.007212269582885578,1.7183336643741243,0.9187284077006502,good
1.16,0.024209007650107528,-0.011001962596285096,0.010698946456168612,0.03129546066480399,1.3270706540849428,0.009929960319784766,1.7783385071217483,0.893565372047837,good
1.18,0.01639519402778619,0.00395533755823064,-0.00661711954574912,-0.015417289757137125,1.18680887694504,0.01749153001177131,1.7043020997761276,0.9878365283448861,good
1.2,0.054063583571085434,0.025612152154164167,0.036814671300475034,-0.00961763252258503,1.1839941707685602,0.002988051931492739,1.8455321623978422,0.8834727107362865,good
1.22,0.020379206271231437,0.02145113112936278,0.03510153370103224,0.009779022743501958,1.10753254978071,0.02133320775330468,1.811885536570501,0.8869617980360555,good
1.24,0.01365655338705148,0.01899720509251998,-0.00362414813965702,0.016756235858977106,1.169350521033226,0.023202548955617856,1.771659304643339,0.8353848653308594,good
1.26,0.034045267737165597,-0.008934821609713423,-0.0004840328803906548,0.01460627441211872,1.143900010489568,0.018655771891085318,1.920978607592552,0.8507577997784385,good
1.28,0.012466715024552906,0.01266533996493837,-0.015536787949043607,0.01958637996835519,1.174261347969457,0.002189889191426486,1.804713333272343,0.904901218968614,good
1.3,0.014521432598716563,0.03336509097498746,0.02012353397892461,0.0013699964356440185,1.144225375966048,0.02006885832889269,1.783720105197229,0.9186731293260921,good
1.32,0.005927859345228874,-0.01471035998253535,-0.009081439944916779,0.019584616451601793,1.2067265816844208,0.04356441760075929,1.8036497580663016,0.9461542454487245,good
1.34,0.03995489460703125,0.01017180233289193,-0.012553507511148856,0.0019904987500151284,1.136780166017511,0.01274677779385525,1.8374283777310878,0.8766457322029239,good
1.36,0.025933003860657416,-0.009423333372395825,0.01086551652241882,-0.0031983802814341865,1.1853027788508426,0.02192038587757678,1.87287589233013,0.904747304379457,good
1.38,0.027134622211284005,0.027295304723885385,-0.0038244163586910952,-0.01099524526748217,1.1924234775515108,0.018750294933272144,1.838588771797198,0.926423315468308,good
1.4,0.015948313340028025,0.008499618363897923,0.01197849556301346,-0.01584764162404409,1.213242502433821,0.022572778200704333,1.878011766323992,0.9273138659708611,good
1.42,0.012539882705273364,-0.0007810642592376944,-0.027817052060625666,-0.0029919316011875127,1.190928582723229,0.008488205661866189,1.7918502391673534,0.9168740386894663,good
1.44,-0.022233314679985017,-0.013058293693477111,-0.0056293586259455524,-0.004522699266243225,1.1078180963643784,0.017744331117180292,1.7755769590558397,0.8669934630183085,good
1.46,0.012426181230167995,0.02239704496613592,0.011042375124702037,-0.003966957108525962,1.2186043631091714,0.015849388710312037,1.7853141955332863,0.9389872361090175,good
1.48,-0.009129021168001104,-0.0011463878442079243,0.009117990121794324,0.0032241430919872404,1.1593654416998627,0.0091943896424952,1.7883339487961998,0.8559703172043831,good
1.5,0.04166676212363654,0.006352674688951506,0.007306876176452652,0.012190194246505309,1.2043089302178653,0.018737666940275156,1.7348443550341908,0.910898143158049,good
1.52,-0.001351823919805652,0.005550015529010717,0.008570551637586386,-0.02827729965728188,1.261375997503186,0.03209608486680829,1.7416907992920276,0.9095718021804935,good
1.54,0.004224812063312129,0.009066649405582465,0.008060830958191652,-0.007456369141447836,1.0853198320702362,0.024027885040830973,1.8527924642443898,0.943712182632662,good
1.56,0.03305839854835044,-0.010633901201610231,0.01978624338792997,0.01579249369510535,1.245290142565894,0.021417665031651878,1.792905912706392,0.8906186140304083,good
1.58,0.007055738603492045,0.0027080937517968227,0.030974700612864184,0.020598098375921838,1.100828160072824,0.011992882194252987,1.755364706789661,0.9265410724966776,good
1.6,0.02419062774065072,-0.017874326064440622,0.014350293138627422,-0.01635270364452357,1.1687432075653421,0.03010937578124296,1.8373012414729022,0.9162503046502068,good
1.62,0.013802012015262335,0.002318540712603651,0.013778790760686957,-0.01959400316331622,1.2575819556398027,0.004598974491445904,1.7849244918773486,0.8439519568097547,good
1.64,0.027408988654385045,0.016059108750052557,0.00926309184144469,-0.007325553531936748,1.2421748379538475,0.007894607738055708,1.7654388422880236,0.9191237294729748,good
1.66,0.002423254509132717,0.013423224817134871,0.007254096207315065,0.0050437037266595494,1.2285388584571733,0.011277433745822742,1.8024885401884834,0.8753569487260421,good
1.68,0.03668976036948586,0.022938943836876884,-0.005528127648062171,0.011215809503639155,1.129199257873355,0.009264048430033636,1.8690599676282769,0.9515144875059336,good
1.7,0.02684916675278497,-0.016423241536296998,-0.004508488357280879,0.0018775404732770601,1.3172582333799567,0.02309358795605773,1.808389405954943,0.8582628700384844,good
1.72,0.036964469394187786,0.0005038235521713136,-0.006996259490125814,0.030445152022979198,1.144242661429595,0.0,1.785867006943048,0.7819747826560666,good
1.74,0.02501038977350287,-0.005262090403533199,0.024584594629352623,-3.483770177705413e-05,1.1851286916599333,0.02082642033857264,1.8252649585381697,0.8990624372963916,good
1.76,0.021564616147533425,0.025942993036694745,0.0166610126939468,0.010787274996488246,1.288574928447731,0.029815203040006535,1.7423820911894572,0.9789193694260583,good
1.78,0.02158081719897196,0.03679668892110406,-0.00714949486553767,-0.02206260114449316,1.1224287200545642,0.02050243667990916,1.8154001499670807,0.8733012653645835,good
1.8,0.015676965281084615,0.0016890106429728316,0.0016208391943497269,0.004719759070328151,1.2154050726813397,0.03251584625026873,1.7931739394851358,0.8601354195393583,good
1.82,0.012430168465712706,-0.010881733993230523,0.020427896474208035,-0.027442853440890178,1.173973174476256,0.009905141348933602,1.7983000109533804,0.8637768888887445,good
1.84,0.02951267496486976,-0.0049759112684323765,-0.012641670072466497,-0.0030047271140915656,1.2296639582255233,0.025799773121804905,1.8327767420800238,0.9055402520605706,good
1.86,0.025160759181403383,0.008359642891472356,0.011982138682114767,-0.009758340550500344,1.2243692560045334,0.027521435126039565,1.791443588221502,0.9870099083870039,good
1.88,0.03605780753092404,0.010221333296109828,-0.012215478579617845,0.005073357505087146,1.209544748499758,0.029634253744683314,1.8899948630202046,0.8940500269104139,good
1.9,0.024987138852112904,0.005913897269592146,-0.006837056585503611,0.024022932081257668,1.1510928613509002,0.029919880538870347,1.8264731371872196,0.8728988734629208,good
1.92,0.036306457188220724,0.018365429887562217,0.010960245311226057,0.0013343430668400784,1.1976026144381149,0.0031963571929043534,1.7708117176541898,1.0180884596236253,good
1.94,0.022315797132724087,-0.012487915934409398,-0.006813104480053445,0.0021342971254140054,1.1295450521440944,0.014671420654577341,1.8000429279044168,0.9042655728199419,good
1.96,0.025050808324140854,0.007224190670282507,-0.005635684259612231,0.018301849897760885,1.2262740515414752,0.0213002494241347,1.7891531748621754,0.8330660284829601,good
1.98,0.0068790749556834185,-0.02189952536476085,-0.019818951042563995,0.009047071577514212,1.1453248962009899,0.01886135132174607,1.8598799071193977,0.8959190993139279,good
2.0,0.011298142347251005,-0.012994222723144598,-0.0005959776991334286,-0.03209819217697693,1.1775514244400611,0.012371687444648463,1.7266000333154472,0.8660686745084666,good
2.02,0.02598267225260522,-0.006911207415631336,0.022072962370553874,0.031166523945262477,1.1702375848829487,0.02470261127111782,1.7787289077497828,0.9323676629815468,good
2.04,0.021387533252047886,-0.027928629096039343,-0.009395290450779612,-0.015607039831163754,1.2645180461776846,0.03297188067363814,1.8294884748330846,0.8866171388361068,good
2.06,0.033579779869683905,0.012828553372007877,0.021246645613095017,-0.0020055644068483246,1.1565052657765873,0.011401918621328302,1.8125286665356906,0.9239209773667139,good
2.08,0.008775808313021737,-0.02594782925616676,0.009208335823344224,0.018457053917544604,1.255968226718552,0.02077334117187499,1.7253571452281713,0.8486073506418529,good
2.1,0.028079026346258407,0.007503044226820093,-0.010945861454529618,0.008979777397445023,1.1725601403324843,0.027578492880688126,1.7588277025593773,0.8216118326339402,good
2.12,0.006552580363886591,0.003521940076838672,0.000333142931869351,0.0021631925443144112,1.2491256806046676,0.020097162897981746,1.79031126656212,0.8854804039112336,good
2.14,0.047710034130529946,0.005624468369257535,-0.0055476138109731,0.04127007017450606,1.1549528988157618,0.0,1.7764532176516008,0.9197535774903085,good
2.16,0.007482156566397242,-0.02037665142271392,0.03107692026900662,0.00502189325849837,1.1936386152617764,0.012042573150672755,1.865867730634105,0.8483586413346107,good
2.18,0.012055687454795712,0.009527823139802888,0.02333813724293083,-0.0016985447597738295,1.1934022232956694,0.037783116388877776,1.7699290561768939,0.9683987651459406,good
2.2,0.031119974921661693,-0.004712643493367279,0.015348922602702852,-0.010621681638033557,1.1718664192258728,0.03237824099307865,1.8245796769914813,0.8896172270753863,good
2.22,0.03607897998307408,0.008272059527832193,-0.028339747345482426,0.014632073983996385,1.214425385574402,0.012115427992065752,1.8571342963372706,0.8789954515793467,good
2.24,-0.01111594738072013,6.447283191000467e-05,-0.01857071014923527,0.006306840092706393,1.1525147836630816,0.017875957814848957,1.8886671272642548,0.8340051532643871,good
2.26,0.0261027556229692,0.003416290659378171,0.002474693709124119,-0.001564454265034411,1.197985637681894,0.025099517668872365,1.828097505649951,0.9130779943969634,good
2.28,0.011973954116967476,-0.006793477256169142,0.000533833744302683,-0.0062666600258340956,1.1599113559461673,0.02137494676274367,1.78469259568291,0.9944360582647618,good
2.3,0.02886037775467912,0.002337551075056898,0.004002993802172292,0.010003000663067599,1.1399732932929703,0.011302923303758493,1.7656672183869548,0.9567032326247716,good
2.32,0.013908029447621546,0.0031446316420884655,-0.00037422903332951494,-0.010255161220594677,1.2429024448732735,0.02202615178713086,1.8026282604133042,0.9329320886516922,good
2.34,0.0053355167576455646,0.004395809567888221,0.00628359572218118,-0.015350287715195504,1.1535267897554475,0.013876142408904736,1.8489156158370903,0.868604803139876,good
2.36,0.0004526806675078826,-0.011773372209391434,0.007729199277242791,0.003962153449621878,1.1135003754689223,0.037030921585816425,1.7889531864265926,0.949529121207053,good
2.38,0.034841369808581144,0.00029905736388786334,-0.006201880324160218,0.012476482488938555,1.146443308040132,0.02066913091475717,1.7708938417176776,0.8695161451089032,good
2.4,-0.002463707605653243,-0.006882790875299898,-0.002035396392209844,-0.00511431889435223,1.174108830428394,0.03225421417945354,1.8158282201030933,0.9795960113901633,good
2.42,0.027981580426515353,0.001406506244351857,0.026120584329723896,0.0031760058398022425,1.1502687939502678,0.006176447597730037,1.8126584120319411,0.9074590089671051,good
2.44,0.024872313440477724,-0.0031753204313810235,-0.0034096800005434724,-0.01660688367846226,1.2491587782597677,0.019621760703604847,1.7079313699068264,0.9464889545637323,good
2.46,0.014475113253799505,-0.026261336537718942,0.0195927881131729,-0.015991815543752844,1.1687172681614444,0.01357568281848654,1.8138926169566585,0.8922108271073053,good
2.48,0.013652552007075965,-0.019163275171255687,0.012022401889827922,0.005773371824474535,1.1943933158210274,0.013353904367232968,1.7991062902491215,0.9550314432419346,good
2.5,0.028343560851040325,-0.00048701156779019965,0.026992623698691837,0.015078961996002817,1.186052195050078,0.02149454574229503,1.7927575841942613,0.9554336894991331,good
2.52,0.029157157889596875,-0.009771835906940607,0.0204522503158456,0.01927065462933776,1.2129560098530554,0.014278238249493614,1.7102652069561604,0.869668304875082,good
2.54,0.034962740381952656,0.004993038033789226,-0.0018965413797462569,-0.02440077165963079,1.1443059316142066,0.02273462261719907,1.732130208293419,0.8018148599912491,good
2.56,0.008028085610860878,-0.005815496064060638,0.01590420372282235,0.012789953855640513,1.290528982333829,0.015508495697058382,1.8093703722517491,0.8720217764602642,good
2.58,0.023094104383246553,-0.003541434583812588,0.022785092973109267,-0.023904802213874272,1.2671038301984112,0.02662821789605975,1.8053913029714577,0.8674064892135505,good
2.6,0.0039615116631950345,0.006707833973144494,0.007274435007809149,0.0011390144735268718,1.204248559953291,0.020294844910237586,1.8730715856264806,0.8625156630534992,good
2.62,0.019373112046321653,-0.0053186005497075734,-0.028746506872694623,-0.0046679053098383026,1.2249167448123301,0.030395406974024528,1.8047669084306417,0.8249280402824153,good
2.64,0.03474962440824418,0.01389141869365419,0.004024396273889183,-0.007204133202585167,1.1918670599009136,0.016488803023366996,1.810546588286484,0.8971148091263531,good
2.66,0.010502246292316034,0.020509074826666748,-0.0027382237399647042,0.001056313798810813,1.2606360649071207,0.027017111738422875,1.8358864038105083,0.8192528355979739,good
2.68,0.019053759307061723,-0.02553338560902206,0.001160154445706014,-0.013371972826709308,1.1872301911332017,0.010612364676736258,1.8329492165135086,0.8118161595480425,good
2.7,0.01412301645713755,-0.012339994886295794,0.016005081106872557,0.030709474659898164,1.2432571829566748,0.03183674866921919,1.7829264697058262,0.9311100002571553,good
2.72,0.03203477991317517,-0.012162168939303228,-0.014847043596139527,0.008703864922748711,1.092885965763665,0.03168986460089948,1.7841935027914577,0.9150785835679683,good
2.74,0.035635098667287986,-0.010291402349244933,-0.020313546040852087,-0.011396115629550174,1.2227900733833452,0.021641014730165747,1.7538492034904578,0.8490868510230961,good
2.76,0.03267290535687462,-0.0061694679894191175,0.0034990010831572127,0.004954594264684353,1.2084201575355966,0.021192044563360175,1.8568820547545795,0.9071996325909714,good
2.78,0.028929669703048107,-0.008549262057053225,-0.007059555002068049,0.007595261268637924,1.2775400264001415,0.0032263661479068053,1.8165757788040044,0.9363729171694533,good
2.8,-0.01846118742021107,-0.008110760205335346,0.00583961973821122,-0.01481257274692015,1.1783408132163034,0.019846030251236983,1.7668335260929857,0.8458132132442202,good
2.82,0.04872551481065702,-0.020597529486390476,0.009365032516559594,-0.002998983376869753,1.1720107588823723,0.022574486739672047,1.6926079649085213,0.8471669791415188,good
2.84,0.03936199044890662,-0.008418757784199421,0.002790878570220862,-0.003946326920793333,1.1532016946546744,0.025077359349711798,1.7805032157203144,0.9134666213407674,good
2.86,0.020604983259884194,-0.019695228592324997,0.012596017060025628,0.019223348067608764,1.2766095203397099,0.018975808455377073,1.7706320352754725,0.8651023535282952,good
2.88,0.03490918439156634,0.012274868472187485,-0.003937011591522447,-0.015572270069131016,1.169955189739864,0.01574839197678619,1.8300193592158933,0.9887121421812444,good
2.9,0.002493309793173921,0.00826356721413694,-0.009379113002970648,0.02263763498799583,1.204587995824678,0.025451033887940063,1.8459877531611744,0.9006303071898104,good
2.92,0.007740464235600112,-0.034502784914178596,-5.7548872728741277e-05,0.010140444873195107,1.2388962073589758,0.0200794765061015,1.8101664481019955,0.8954520890500272,good
2.94,0.046172264875719765,-0.03298663587859982,-0.013046635904794407,-0.0064518786541622256,1.1609711567765357,0.030848555489172844,1.8058960427525876,0.9088420464311078,good
2.96,0.04185451675879883,-0.025949484609205938,0.0034373049730339004,-0.015842037532457984,1.2427803358328382,0.011407627069928782,1.781392201481453,0.881531755094163,good
2.98,0.01818966900252049,9.913126662425829e-05,-0.016285075616749807,-0.0007747111890384159,1.1889719038287443,0.011264257872084783,1.796399753221294,0.8892543599168009,good
3.0,0.023251672029597433,0.006583108445392163,0.022626263447594917,-0.028429237211045635,1.299531642008774,0.03987642477440573,1.7801331351717204,0.908391533872199,good
3.02,0.012604334530855837,0.004528676258306553,-0.0035607771218677873,0.011366768741633306,1.288166493578253,0.020058922828572995,1.8175427182752082,0.8687155211362481,good
3.04,0.021137323426132133,-0.0067329672181738204,-0.014615374334789521,-0.01759779682872952,1.232286537476715,0.02167716096985296,1.9173659392542741,0.9433585302157091,good
3.06,0.01809211971472492,0.0006645716947025713,-0.016414183228298893,0.014094166351633042,1.2489719441360168,0.02097955416438582,1.8445147735547909,0.8699138148253185,good
3.08,0.031123150944837436,0.00785904375299313,-0.016234222344275583,-0.0033192809084047524,1.2623072483770048,0.03638410746322303,1.7880720820639266,0.9719094390503532,good
3.1,0.03333315082646591,-0.011823900601376768,-0.004164091270137523,-0.005588903160213373,1.1645509191794856,0.021510938301970577,1.8380348326960436,0.8988936659441761,good
3.12,0.0345552033612485,0.013769508752684487,-0.012076869014031811,0.00040657373276003865,1.2794852716889034,0.032767000155886274,1.7119157743002518,0.8820935555457018,good
3.14,0.004353152932719488,0.019770649396266805,-0.012337886902880952,0.00010920448584722016,1.2841529725569343,0.012287239690276635,1.7046334680901722,0.8573836294375106,good
3.16,0.013896553240542744,0.005987416756841328,-0.011625005408670364,0.027312602782142016,1.1776894987029591,0.0,1.8246895356713357,0.8930324155020747,good
3.18,0.015821725526744268,0.0005163309054311211,0.014808914673542898,0.016556386065202457,1.208892537694083,0.013036519253367762,1.79954865900308,0.9263281726314255,good
3.2,-0.00020100088189523873,-0.022532046944223873,-0.00942182585320631,-0.003753929664659898,1.1007954525910528,0.02801666563102488,1.8644493378458353,0.9468395837903927,good
3.22,0.007743929649730241,0.02091827456248782,-0.007424459345739785,-0.025054689676775193,1.2583603256100095,0.02566564704066273,1.868768202559629,0.86871797858363,good
3.24,0.043428020725923694,0.016837894422990777,0.012977051532256274,0.01569595306695853,1.1737276138716195,0.03694844624266922,1.8309005282443425,0.89330827556799,good
3.26,0.03308686816378812,0.015174702172480889,0.004271952008945608,-0.013924460022194373,1.166502077146065,0.03148618634627986,1.7016708771051166,0.922289143864705,good
3.28,0.01974067350266027,0.018818284049996713,-0.01775081698891466,0.0020274923661097754,1.1892343180449434,0.01120716842614401,1.8771526422569442,0.9322258818003938,good
3.3,0.023912802780647658,0.005898871412441516,-0.0037333604261313826,-0.0024496534314409307,1.1681870882651941,0.04442272003103411,1.8639632237157204,0.9446347296699811,good
3.32,0.02628790681049829,-0.013475566117236498,0.007468966996226181,0.02610073636154146,1.2601594364753599,0.028439020347998584,1.8625595431962951,0.9673828359564035,good
3.34,0.029369200712719288,-0.013343529653213705,0.012866132269138847,-0.00625325148446853,1.200693402107013,0.04393697296250168,1.8353511841170211,0.8726690332176723,good
3.36,0.012205979589089937,-0.011463530947090942,3.074070250457463e-05,0.02015602729267419,1.2116086296785544,0.018060858113009885,1.7565134595413534,0.9538043351038593,good
3.38,0.018910902989023065,-0.001912496498759728,-0.001232118148686625,-0.011101076719277113,1.1292507525627038,0.0077738205290948685,1.818538419326889,0.9214182910319992,good
3.4,0.011752265093271862,0.0040417892045566395,0.01196571979394835,-0.002323620325617991,1.211919631896835,0.03136251496484142,1.8434889364510927,0.8668596758811377,good
3.42,0.016460013123515967,-0.0031521710499924495,0.00808251938523624,-0.026964500786466075,1.2017630658839824,0.01417649820678713,1.7687234457980094,0.9188424270416896,good
3.44,0.01892308842522177,0.011464697281072552,-0.010941149782691987,0.007950085561449627,1.2118289269393103,0.009465192643209783,1.877570392766518,0.8871328332871223,good
3.46,0.03020995975269588,0.01569537290987365,0.005712367584798971,0.015250516919036273,1.1359946044986393,0.01003935609113585,1.7907128918090678,0.9905612538012207,good
3.48,0.04796254707981069,0.0012541640319172031,0.0038104575836361777,0.024534048902423614,1.174867037585643,0.011818713394792225,1.817865802388274,0.9210808581393322,good
3.5,0.01227379731295452,0.005216057115313709,0.006204892991160863,-0.006339524611248221,1.1137206201685077,0.022645339778748514,1.8402485005003861,0.9791804978725173,good
3.52,0.015881578589214768,0.004566989005044339,-0.009632017037873518,-0.0016016729258506695,1.185874761914263,0.026467454943604807,1.8738865776232967,0.9624162881861426,good
3.54,0.030421032725968914,0.01508843503010656,0.00378875394382723,-0.0007854415328161353,1.1981496133246718,0.02752721749029955,1.799156440500328,0.9754022624811306,good
3.56,0.009388203623795397,0.02838944192274264,-0.022989208649499073,-0.006748291757101635,1.2247848581996972,0.0023880631383783224,1.8245134514245567,0.904693440416546,good
3.58,0.038099550491096416,-0.011935500719195854,-0.010573076434395222,0.005722846253646904,1.1915028691596683,0.005971269545376749,1.7449318440608512,0.8730899398613863,good
3.6,0.0373465166348561,-0.012798847591154067,0.004441760027125581,-0.020544979324756282,1.1819558385434286,0.0127280409287667,1.76025040600092,0.8606194401730531,good
3.62,0.028562025242970735,-0.019764285451950813,-0.01440687125716364,0.010807742702706532,1.1110081473880473,0.029380847086608774,1.6926143195799914,0.9583199960393171,good
3.64,0.05257168257717695,0.0362078855737679,0.016235580693534323,-0.008720862405466092,1.2216872389273363,0.02604237505169083,1.8585001162029249,0.9771675392134558,good
3.66,0.016703393941393807,0.0017239139556126204,0.013273466633606958,0.008416997691548328,1.139461339975359,0.0031176447190076374,1.7436618193444942,0.9082846318798788,good
3.68,0.023378877937702162,0.004680083782445023,-0.0007766337080333276,0.013234504069087466,1.2720225413279653,0.00982535326594944,1.8043111800937843,0.9808115754010834,good
3.7,-0.008030929305624464,-0.0036085634024857426,0.0023000297023471556,0.015511142771631306,1.1611749153925486,0.025788431234487846,1.8817526705571592,0.8553035737748396,good
3.72,0.023479688690040555,-0.008550333952366072,-0.002055790838714687,-0.00926012608060546,1.1608462167144218,0.01629964824096654,1.759117799176573,0.9359329031677881,good
3.74,0.005290012501876927,0.018000681100859575,-0.009445905969041435,-0.0032796160574674682,1.2595986449999277,0.019519295026626818,1.8608553373030186,0.9216390588721962,good
3.76,0.01931018160737577,0.004293527282349905,-0.002316791764331791,0.020476268077525218,1.134715763925191,0.022456286510387852,1.7819651053861087,0.9084711819747588,good
3.78,0.02422741360015731,-0.01862027132176356,-0.0012247009622557885,-0.03393724377543094,1.1469249620558803,0.01888772214707471,1.8648137305929715,0.9224425621820376,good
3.8,0.0381472109706994,-0.01964638803590851,-0.011561983270101574,0.0012353889696652747,1.2246935883294263,0.01491928566243148,1.8400535630510835,0.8401719128305535,good
3.82,0.024182833191943948,0.0041953043748890195,0.0050291083168007315,-0.007312637307172323,1.192723211844492,0.01904002181003816,1.7642168168621901,0.9423899642518888,good
3.84,0.02521631482789975,-0.023167022429252875,0.02143694055026987,0.0027550710712828485,1.201451377619955,0.012007458510443207,1.8275772071562162,0.9657068326150519,good
3.86,0.004370279570533016,0.014484704523896611,-0.027107194042578553,-0.007246299448891643,1.1610466197598592,0.0265014995798601,1.8215763430182883,0.9340680857593177,good
3.88,0.027742687666114884,0.010660773954854617,0.004504243337101481,-0.0013670569000150449,1.2186024535498223,0.014775981100144123,1.8204572722400088,0.8965325847312567,good
3.9,0.013625592547607332,0.004903650852029598,-0.003441854974786585,0.03185251446426429,1.2377993084006431,0.03106045902602157,1.8697309295670896,0.9397475384547362,good
3.92,0.017665378494062182,-0.011121314158288145,0.010699935314724312,-0.006622059527028961,1.2501634867134892,0.026779812437203242,1.7301122710713388,0.8816155859897361,good
3.94,0.004771263407264169,-0.004974799184969819,0.0046915122436736135,-0.006647120873205123,1.2453140095914679,0.021947577523074135,1.748692624571942,0.9498264466021039,good
3.96,0.01304232535284014,0.006104025825003868,0.007014683635003047,-0.024543465541039703,1.2598862020563224,0.0024714053398060833,1.8469291060993203,0.8742118227748551,good
3.98,0.014151278990164388,-0.00013078392638606095,-0.020254765380483427,-0.02726840924011557,1.1623157998582185,0.014652552909822729,1.7555105300840153,0.9005611156308791,good
4.0,0.0190228960280586,0.01176376968915488,-0.027465098690654288,-0.009484684543053018,1.2067038401988361,0.019734419389461685,1.8319694242222242,0.9459400459785269,good
4.02,0.02266002196632826,0.007398569280648676,0.01291086256765756,0.005260699226586108,1.2473882850055413,0.016545963361620494,1.7825034964465285,0.923887304436126,good
4.04,0.014876772588458648,-0.012847400483392342,0.014552820211747926,0.0060608395970091974,1.1418037676534494,0.0077935807060254296,1.7518989729166647,0.9255099030005806,good
4.06,0.05237108670662296,-0.0035342460872460264,0.024070863435964266,-0.008752293232768434,1.2079234862153336,0.01103410361057676,1.77354771392061,0.9589638750090842,good
4.08,0.02068094416803185,0.0015828300534464455,-0.007000722234388772,0.023148085737466732,1.0962750964851913,0.014037361495845394,1.7759569073217822,0.8978472606450227,good
4.1,0.030279139214927166,-0.01015953677186697,0.006653029931833613,0.0015964160867985233,1.1946556969850008,0.028429844299782455,1.8473047735627628,0.8637048496397386,good
4.12,0.02492588700991374,0.0029780469634851066,0.0042271591353271465,-0.009567607834825884,1.0392151806810932,0.015473801970551157,1.871248473491459,0.9368320795096363,good
4.14,0.01325994988236289,-0.010375107627212983,-0.00158194381092669,-0.0017762724648512382,1.2422024261562727,0.007391707053257497,1.8090990512626755,0.8974315121276809,good
4.16,0.0245018641444331,-0.00486071297533166,0.006302462752861253,0.006492746176025073,1.137421612137653,0.03050544418131106,1.8087869949853903,0.8514252737782984,good
4.18,0.014563561117395651,0.03605214572958471,-0.0018717791441679804,-0.020830742388400474,1.2316383336184145,0.037305534215233,1.765998685156452,0.9521449512797645,good
4.2,0.024377056999081066,0.00423286692485648,0.020284443788417497,0.013101559733633042,1.171269891532688,0.017593191880965663,1.784707691517765,0.8603341299190636,good
4.22,0.04381392214775649,-0.016956112872252096,0.005856381002252064,0.008993468961317707,1.2235111031676178,0.00987574694702001,1.8974421849649958,0.8906298156589046,good
4.24,0.026775695567598012,-0.01515474541202186,-0.005556117176086683,-0.009594561542054304,1.2857170117894612,0.03578318494305209,1.8971380058955922,0.9873654107612148,good
4.26,0.023277463316979222,-0.000799154315204231,0.007279072102844665,-0.016411445701727107,1.1917391536269635,0.02103204177599402,1.7827485736581683,0.8877101101025432,good
4.28,0.03450168205259409,0.018680539568207002,0.004098431023679871,0.015255161419570206,1.1888372232051119,0.032091026086693404,1.76475574050949,0.9392506065473741,good
4.3,-0.014829684414529434,-0.0010332105102755778,-0.016961876724192772,-0.004117596742366294,1.1924283030941043,0.021992344737224195,1.7472235291966194,0.923834340463318,good
4.32,0.019969261309088118,0.002603502395968462,-0.0214497964321746,-0.005964668655740297,1.0980346666908183,0.025700591571540064,1.7639634625539813,0.8789089261823572,good
4.34,0.01702893033179924,-0.0008743831468263823,-0.038282966309856344,0.01289589812203572,1.16769492042922,0.01814162021161905,1.7422494239252109,0.8770880403167443,good
4.36,0.0027268725161986203,-0.030008966316239356,0.02474461848386395,-0.00960432215019988,1.1555015835630222,0.015528697059950261,1.8164287476341514,0.8498386125808377,good
4.38,0.053586945005294886,-0.007800510621634605,-0.0197441815238424,0.006669637663225,1.2015796547220228,0.005556184772757282,1.7108004676911328,0.9582907576728201,good
4.4,0.0384239204549563,0.01257099939885488,0.03264110014615594,1.5455103979630538e-06,1.1506278336819777,0.004101874045293818,1.7575656981941805,0.9058779773407936,good
4.42,0.02737892740325399,-0.00465363744506587,-0.0050185758690428845,-0.007970410936231515,1.1534273461563607,0.013523083232801865,1.761846196120395,0.847992922222741,good
4.44,0.036431313956169435,-0.02581843901772773,0.042495451421365904,-0.02434611512461474,1.2087977929269755,0.003767357332617849,1.8027761525958388,0.9424087786591018,good
4.46,0.021457427381376213,-0.001094488033367968,0.013931609586362435,0.013891693552293624,1.258440263658122,0.024190244335118023,1.7385710246946227,0.8868667781625392,good
4.48,0.012796912653465452,-0.0023019258934035077,-0.0017564006933213497,-0.01180095439157929,1.0753833545015279,0.02080030597365056,1.6788779510091292,0.8969178925741081,good
4.5,0.0380999108179371,0.016974339412898106,0.01671373190954811,-0.010101023018780159,1.2049646065633166,0.023078806982420062,1.841524210024724,0.9895723551769546,good
4.52,0.006276897580587295,-0.0065300360373492915,0.009464175443772547,-0.013884894122754966,1.196085616879217,0.01672155634400378,1.8018810300615635,0.8228570616189289,good
4.54,-0.0069699489608028254,-0.002486443152323519,0.005144091950752899,-0.013464627922769316,1.328323974842342,0.017508466958429777,1.8148698297377424,0.7289528416600028,good
4.56,0.01941742718495913,9.154785589575917e-05,0.0075493214726961725,0.005356514426792645,1.1554447252003384,0.012672427370494756,1.783335372427285,0.8902397600907728,good
4.58,0.007930327605510932,0.0005554938603089858,-0.003902386348672735,0.024839081545796532,1.296759203896536,0.035222476966026525,1.8698784105733055,0.9165358716956739,good
4.6,0.05510955110916525,0.01161305144007159,-0.0044862660824229236,-0.017939481241857142,1.2185922542610914,0.012251980416315629,1.8126249378641521,0.894342999610153,good
4.62,0.024187329143990983,-0.011457110468379543,0.011396133513711625,-0.00578391351693943,1.2718479046382578,0.007439760653021641,1.91596944733376,0.9011832143846997,good
4.64,0.03322630198290054,0.0025055054481567082,0.002065693942958324,-0.008901781107464847,1.1549563379934187,0.04481077435609356,1.830338487216154,0.9651707985064966,good
4.66,-0.0005494538294775256,-0.001164303719701503,0.0010433407398894538,0.022605203464629128,1.1927008961049772,0.0060209386912163515,1.8211713551729176,0.9794109947233033,good
4.68,0.02146657461514389,0.009533170804645209,-0.02060677848051791,-0.018814657423259964,1.1342564527789591,0.017605230581739045,1.7873977524163238,0.8997405183613375,good
4.7,0.02328697677532835,0.014498074291209695,-0.011317201659118994,-0.0016470001640736468,1.1511955218540506,0.012304114692314157,1.7666563058236413,0.8647449843897554,good
4.72,0.025773087181999842,-0.0018461597686299958,-0.024074359825137594,-0.005612013718649575,1.1848213538437486,0.04284033158310662,1.8163001783621935,0.969097290010787,good
4.74,0.024610945019639778,0.01072259600535607,0.028912256417813652,-0.0007938628535163678,1.1290734276369718,0.02756508757326388,1.7801561366922907,0.9724508769649161,good
4.76,0.020466313645379985,-4.821146048883282e-05,-0.00605781019167313,0.010117946035767008,1.205546846525008,0.011360602474882067,1.7534351587280204,0.8789496687218012,good
4.78,0.0175886129036183,0.022304603294439805,0.011005773373782453,-0.0016620346257776543,1.1942228516298181,0.01975285865886701,1.7189453444059373,0.8286553454250154,good
4.8,0.02061646506032089,0.0031077115038332585,-0.010208562958693778,0.008447642953030316,1.22033389416652,0.034634569473726645,1.8351059822367863,0.9755332002455784,good
4.82,0.03079174349145102,0.0014834474102704113,0.022322867762189794,-0.003198528373503781,1.2213125529730964,0.022596656427754463,1.708495685546329,0.9092233855484229,good
4.84,0.004445364936043461,-0.004761036504513508,0.001450644901805904,0.00311615995272074,1.2574494535600695,0.021055283913310848,1.774927588144788,0.9488561966301541,good
4.86,0.02441852820598838,0.004566417885696357,0.0060695484969364374,-0.004986505463276568,1.2497722197429044,0.016579957920254716,1.7156720090006325,0.9123444262850998,good
4.88,-0.002413273546460046,-0.010960573422055246,-0.003552825185061208,-0.007541450440472256,1.2012955814044604,0.023466967453125393,1.7751484306403211,0.8361471294002328,good
4.9,0.013435504039251886,0.012946514964959596,-0.0055319766328986355,0.023261942839275518,1.2351293993572308,0.012345663764935328,1.772895456817993,0.9768007184783538,good
4.92,-0.011351007256376885,-0.0022104581141064597,0.012989934032256829,0.0030573838372170443,1.1352950966215982,0.02808262518774766,1.8357552608037084,0.8545111659616722,good
4.94,0.04673870829518281,0.0030682027769316214,-0.013305639599355186,0.025772274867472748,1.1979230724097976,0.021644427770152592,1.8423731361403657,0.9077517779821088,good
4.96,0.03206795529585489,0.017765139607826587,0.003578968205568779,0.015412838567174276,1.264786250244501,0.01724352505208349,1.7450106992870822,0.9676627764635762,good
4.98,0.03223848749222973,-0.026394556680127204,0.003824249693788577,-0.004056133393403136,1.225180055680089,0.009916363651761443,1.7833883832447717,0.9411609954704676,good
5.0,0.018275678437206684,-0.008609378548733856,0.013019606634354164,-0.00045648698633054993,1.176742992765779,0.029837724196305114,1.8327132450462176,0.8621365856740539,good
5.02,-0.007692501025226193,0.005828598023308375,-0.018706825352840538,0.017951636912966105,1.2995996474009943,0.028543131938732372,1.693101156294623,0.7882971605789579,good
5.04,0.00826840313569991,-0.0006313160073505271,0.004480256236710296,0.0119076498089767,1.2258162011934095,0.022825272788569072,1.6659205511812514,0.8975965141891246,good
5.06,0.020391776909519568,-0.02552693402190143,-0.00352871357000921,0.00552161654867322,1.2034739573697872,0.02001360575512433,1.82310352222422,0.8775248507747644,good
5.08,0.0237294910126035,-0.011759628479151213,0.0020500385748620986,0.01731951608586831,1.2379653202023235,0.008850702712145395,1.8082093899319707,0.9164588751966485,good
5.1,0.023978281303243833,0.004664194094373162,0.016081792919838966,0.004015904104189965,1.1819753709823084,0.013734451211807644,1.7794481484349822,0.8884592296784778,good
5.12,0.02223241970952751,-0.016832437305458033,-0.0166003543554327,0.015173195548766423,1.1792944469919613,0.013147216839443546,1.9345144752512082,0.8621210379571481,good
5.14,0.027987463841707062,0.008267243301371458,-0.014716135930329983,-0.00119762954846134,1.2217805152610195,0.021247359212118115,1.7423310784714252,0.9769068702682869,good
5.16,0.011005272053776232,0.02580569528470965,0.015327972105115686,0.00840058222230978,1.1512490716841743,0.004552390705016538,1.6288714433813982,0.9489946533536753,good
5.18,0.04288639085211819,-0.002425689156197286,-0.022446263338169955,-0.0023394650375530546,1.1758727793052186,0.018527464274280796,1.7938620096495825,0.825255816517946,good
5.2,0.038435991433359296,0.013669935420486666,0.009389815117021262,0.002267967670748848,1.2268281566391397,0.021906408373097958,1.799534246087831,0.8189047447822232,good
5.22,0.02310054136360453,-0.027781879832608717,0.004994186945645514,0.00783440992962865,1.1770840263104758,0.014153150073329502,1.8130974835714413,0.9284014800091656,good
5.24,0.022503032192337492,0.0007630827544473801,-0.004837679744398132,-0.023759425073349327,1.243938897976202,0.015993045755325654,1.8726951470099553,0.9728021932872544,good
5.26,0.005366365672101975,0.017839981304857436,0.010507801298037085,0.008589952157800864,1.160606059738185,0.015692274178335387,1.7458975573799995,0.9148704372212881,good
5.28,0.03906618133166148,-0.03073540034768971,-0.0070226144422913025,0.0019176093542821284,1.2261411772011548,0.023279417154398917,1.8636745506456402,0.8687372968357856,good
5.3,0.029945553577347253,-0.015083683844948948,0.021348510008043654,0.0024549839521726177,1.2270306580426686,0.009091349435168369,1.8070628833350406,0.9134630811432848,good
5.32,0.032543099154693,-0.019431482271712982,0.007337049251948527,0.02428597435784013,1.1568440062841194,0.030685118932283786,1.8920688999312274,0.9151888055700852,good
5.34,0.0274125517827809,0.012121784053316058,0.02568969409116048,-0.002986690124821507,1.1233902656686734,0.03145887448721583,1.7900776670269938,1.0741251924684265,good
5.36,0.006637476543595437,-0.002073001201855901,0.015167140416638572,0.005239541711389393,1.270427757239243,0.012879529943260519,1.9014399980480494,0.9503471499018281,good
5.38,0.003547471311874026,0.004995133524052594,0.0012897547987368735,0.015286282626302224,1.1473893103715085,0.02489679695604528,1.777260377362487,0.8343454546428898,good
5.4,0.03070036215515963,0.018165959967846416,0.005891534289934419,0.013131209863200143,1.1619313938854303,0.015479075357404417,1.746307413616089,0.9530918695960077,good
5.42,0.041192620387683454,-0.008535736064152229,-0.014977008059223092,0.010042345674438282,1.1662083644396521,0.028783013750206764,1.7951379514119408,0.9578701674524256,good
5.44,0.019820609450407988,-0.007153975346584767,0.0047749280475039525,-0.007658567201198242,1.1922739438470185,0.02291124954277697,1.7218889320979758,0.9240954841116363,good
5.46,0.0010489896797335778,0.013909875457338574,0.00754366749980126,0.003971067104997184,1.1573485640938663,0.014824614795117586,1.7345675555246192,0.9362560486633718,good
5.48,0.03375637462530717,0.011936148764152254,0.027808024264363074,-0.0006374512406484262,1.1987077386590248,0.023126789419838187,1.862268534853023,0.9024923425047761,good
5.5,0.026804621261927546,-9.005194355944864e-05,-0.004719644239125164,-0.002583529955183663,1.209478744436126,0.0015441524348672742,1.8577012577289336,0.9763953364745003,good
5.52,0.014343214025466502,0.0019234449888604422,0.019888820974058984,-0.0053492311573580245,1.2230110313911302,0.0,1.7684526183986027,0.9117581231817639,good
5.54,0.04862793993241625,0.0340986097261417,0.00362290408703658,0.01696892514179436,1.2492127982661339,0.017882201852342385,1.777077200590907,0.950409266067621,good
5.56,0.020106039249892134,-0.003149605640651845,-0.01792852089362283,0.0026135900270550004,1.1417016591140083,0.042708683194937674,1.7553345471096138,0.935795096764276,good
5.58,0.014837629897578029,-0.01239754859314078,-0.0010350535610005745,0.0035074661465103996,1.1036349241191605,0.03222284070113264,1.854536790871269,0.8559591803383368,good
5.6,0.006702685305720024,0.0057114153409549,0.04182514633961368,0.0008147026481719877,1.2564303661429226,0.014507173524867552,1.8145727658432662,0.8155378577794915,good
5.62,0.02383916438898413,0.015360521297832452,0.0358298606647395,-0.00815893406675989,1.173705138340171,0.01229323794032174,1.8196265111377312,0.8804323268965071,good
5.64,0.07260594561698595,0.01882233708271341,-0.004407249974948054,-0.0014867010615289059,1.2352566816145778,0.02757179693389798,1.783564143066055,0.8723853846546576,good
5.66,0.0167610501344269,0.026898554223604404,0.012379143736375425,0.006184201169352987,1.2185499667021018,0.018992672880766687,1.7693518426489032,0.8593759860993119,good
5.68,0.021727245897209285,0.010416706967582581,-0.0027799384989084107,-0.026491439779543643,1.1750711669589278,0.020112228767198065,1.797078310020225,0.9380447912688071,good
5.7,0.006957016101806733,0.013648340649352301,-0.008277585194297464,-0.017800520668939623,1.1825420903270119,0.01958225476646071,1.822938885907147,0.8852097073892714,good
5.72,0.014568289905056315,5.944719812358143e-05,0.018635534631352643,-0.004046692465240292,1.1593051562664165,0.014464539635948426,1.818233267591767,0.851896815330032,good
5.74,0.03260455632806725,-0.015761377383516108,0.0023694423908844566,-0.002218159150703824,1.223270289533869,0.03086504115891456,1.833856692861154,0.8801729987209844,good
5.76,0.023289872754115672,0.010262477040104662,0.006997074866789578,-0.007853785034474599,1.2153665106119347,0.02627282194903697,1.737321671668027,0.9177459111739892,good
5.78,0.023792260594673695,0.011957972271817875,0.008713340001873881,0.02149162935878704,1.1847366083757502,0.02718568052774218,1.8041308196712365,0.8673650436713238,good
5.8,0.017992096450054347,-0.02907462401268953,0.008317921458633068,0.017902449215163083,1.2200314510830634,0.014477903845391106,1.841666886362383,0.9486554653509244,good
5.82,0.03941780051409069,0.014089455062317346,0.021064855789298474,-0.009288059892395185,1.2333246581231796,0.015492964677028024,1.8425467168822107,0.8906471932649045,good
5.84,0.036438914641341025,-0.019741278095106132,-0.001350342340377052,0.005086524427866317,1.1424164141424147,0.020668939618260176,1.8674664683750863,0.9609120593212626,good
5.86,0.01591170911468639,-0.0037884090201739952,0.024242020464213334,0.01151303284278728,1.1915833479179838,0.017389988283698372,1.7979869250035878,0.9979003473392922,good
5.88,0.03190842959322564,0.00474435423802915,-0.00019797234149376416,-0.004702288150743822,1.2114029942278226,0.02471545762514988,1.8219092908717438,0.8724223550536935,good
5.9,0.010513594957974005,0.016523491174688345,-0.006807150795827471,-0.00823403554922689,1.2967348162406407,0.01467920048426184,1.7268759731110854,0.9132177376910766,good
5.92,0.0050801367737904005,0.0026910219313212172,0.004592370056913316,-0.0007165563601512821,1.2205322945934987,0.020613452815723583,1.8379861531093749,0.9912704884097664,good
5.94,0.008214316825285136,0.011692661239944014,0.017751082123759063,0.00848872283630044,1.1193157197153836,0.017281420446537906,1.8082221901735736,0.9351572602972009,good
5.96,0.06045809311144653,-0.02868253153113391,-0.01247619426948048,-0.013338828373481937,1.1994880220813888,0.02866270523757363,1.8570204428476624,0.8753418409291565,good
5.98,-0.0061120514166542635,-0.003402695799762981,-0.01125008043114418,-0.00230250085150229,1.2078770417089402,0.02363529908009835,1.8746874359427275,0.8984974295137501,good
6.0,0.04178765520917833,-0.01951401582499615,0.005518904366220578,0.011311288974506045,1.1959528720808217,0.022343801785652068,1.7876900635964554,0.9308779095914568,good
6.02,0.0041159757411541745,-0.011038404295467296,-0.013946326708926237,-0.003044583834450391,1.195961784719853,0.0036395807037881258,1.8667653373931523,0.8673158552908738,good
6.04,0.023128655299663643,-0.008329901916017556,-0.011867299792506857,0.008773400622777774,1.2945195145406665,0.018428142790294574,1.8027682124534365,1.0005565918150254,good
6.06,0.01753668521478527,-0.009309159758203202,0.010001245173417255,0.011504734807899694,1.187269521905711,0.010262694853590128,1.8225825094977797,0.9047372977709949,good
6.08,0.02794514001138189,0.009319785074033906,-0.009397904295475478,-0.003521022788986763,1.1264769070820908,0.02486850308180658,1.8034498481800267,0.8497101833159229,good
6.1,0.021283134718225523,0.004506497889678305,-0.01373583894246325,-0.001030136546397774,1.2466896598211878,0.03053245733634961,1.790882322159917,0.8935885804064666,good
6.12,0.018297822535161934,-0.006466854231661442,-0.005797061732254129,0.014136544813372686,1.281930007994399,0.016975159307353837,1.8026310590618935,0.9109875827993524,good
6.14,0.02883536708862597,0.001836200325628323,-0.0025434759604713295,0.019087588932717486,1.2094306203463594,0.021962730309271847,1.814962267765975,0.8884002073900338,good
6.16,0.023305748349522756,-0.012995764182326449,-0.0011990698808010522,0.029288932585470776,1.1275604536756518,0.03195894982321946,1.7636915994469977,0.8544051864986099,good
6.18,0.010407056989201507,0.014763169282352972,0.007812803856328451,-0.034720644321569745,1.2043817787653526,0.0,1.8356777720235258,0.9181361858868626,good
6.2,0.02081385598407699,-0.023710168379779725,-0.005481005363665091,0.012959834635857781,1.1705413306033114,0.01746805681046953,1.7034586026287595,0.8498822626212993,good
6.22,0.009067892607343475,0.0026522937970711673,0.012118875526454125,0.0015483732097130666,1.2116099380958827,0.028116193537156824,1.8410638281843095,0.8882585855054055,good
6.24,0.02739875615186644,0.004071874843843415,-0.004296836315634209,-0.020183117594279504,1.130149678501503,0.024910146937832157,1.8110056453368457,0.9321329883555068,good
6.26,0.03383826064851188,-0.001305225275974979,0.0029397482039168767,0.010080032473386548,1.260128399218519,0.010557579064855313,1.8415068274911013,0.8458919054650634,good
6.28,0.03596203567399822,0.005034335764874751,-0.03501937424142338,-0.011970784446046268,1.1905079146984479,0.02267534776409162,1.8564563127705769,0.9709897737210861,good
6.3,0.04668057934175212,-0.01173904828371231,-0.029587987947265703,-0.0041156564238835095,1.212529271614314,0.0027242863791900394,1.7812838144969545,0.9472793064002794,good
6.32,0.05482061149250822,-0.006696849859927593,-0.004422029512593326,-0.017261435244042993,1.2409259666437176,0.03083973617462889,1.8138131740724273,0.8973701736610197,good
6.34,0.0038734462091447727,0.03464656474810972,0.014733507602284828,0.00018396635702174534,1.2046051223411243,0.005503417604944665,1.856057888238374,0.8900990150932377,good
6.36,0.017325981745021552,-0.0011876184778432002,0.005860301493972933,0.01648228492819519,1.1986584786015995,0.022006054643264782,1.7761597095505897,0.8184506740903889,good
6.38,0.02821334909604709,-0.012215540357558704,-0.009987612834111132,0.0005957362523761069,1.1969012802885057,0.002698076447208999,1.790058102661419,0.8759397168943533,good
6.4,0.028051320579398346,0.006352529395076618,0.01971795791110945,0.009692408991695836,1.2441621939180503,0.01295012434743744,1.8755575222659537,0.8936654113675658,good
6.42,0.013432824312483676,0.002049798462769823,-0.0039020838686288383,-0.0011973756299996487,1.2072499406284722,0.01798670780738733,1.7590654721014605,0.8617693635356833,good
6.44,0.02892660301555514,0.011178066544776643,0.007187439250406185,-0.010266353169843114,1.1545452450330504,0.03086794884881288,1.8368485082138981,0.8496192273370409,good
6.46,0.02369285954047572,-0.02112791356621232,-0.006079582483062238,-0.0072386586930261645,1.2583221560064155,0.02865684939951098,1.8160411937240684,0.8902970130677269,good
6.48,0.019360835417129567,-0.03674755708322727,-0.00575099991275119,-0.013685343246894388,1.2031458498242475,0.02264296549837495,1.7550592435761343,0.9320563818027839,good
6.5,0.022519595100287792,-0.002674083486007539,-0.008799412687591306,-0.0041973314905621095,1.133325895183242,0.02378171575622038,1.8333401432982066,0.8697893978151761,good
6.52,0.014046232889081694,0.009512761971729856,-0.026868032138575908,0.016155504656425446,1.2053430859890895,0.031021261196186162,1.825304846678234,0.9141842160501085,good
6.54,0.0288530142298989,-0.0014214031896069151,0.0024013317258115186,-0.005754473657948438,1.1889694423429669,0.02402628219414883,1.857908053751075,0.8776119156383752,good
6.56,0.014517354521686189,0.009131399016477254,-0.0037801979760323104,0.012373953489175991,1.1683460204663803,0.0,1.7983630351097535,0.8516295916667107,good
6.58,0.02462988759835918,0.0019081311642341547,-0.0021156728756113806,-0.009701538085195641,1.2776155790781958,0.013655367413772563,1.8304458986417627,0.9109391734558148,good
6.6,0.022591949570247502,0.025508049360621236,0.007865450943126748,-0.01640154118260129,1.2395191930533707,0.014127916570906342,1.8763359812163796,0.8724248738424921,good
6.62,0.013214189580974521,0.0304952812196419,-0.009388395489690796,-0.009694646446378722,1.2562395220547098,0.014688887659632284,1.8450459521911118,0.87887837574686,good
6.64,0.03943770901458596,0.016275078994084716,0.0017262903553627558,-0.0019574223272122086,1.1213542485713772,0.025479024127826655,1.775140896293677,0.9226322227365769,good
6.66,0.03503822722950314,-0.004266948370965364,-0.025060198946881506,0.004249307405830636,1.1150094493269227,0.02315514785518541,1.8974839460475017,0.9668983619179825,good
6.68,0.005673363855847294,0.010552895709002811,-0.023224486956371,0.01993892103896273,1.1417842890465026,0.010414055544462482,1.7759195295058672,0.901622539677342,good
6.7,0.06355455785604301,0.020437947788569905,-0.022160862029637112,-0.0019496276817496684,1.1749497793110757,0.009482859740482227,1.7405269788861593,0.9501398761494826,good
6.72,0.03856574966795258,0.016434336573148717,-0.00787810879725938,0.007153836824115429,1.1564224376451966,0.021516590431416578,1.8243764674260665,0.8735202674825064,good
6.74,0.012958098563539227,0.024852474140374777,0.0027563288716217593,0.014793740185784,1.131154236776784,0.024982243074426883,1.8337163092421362,0.8893041898512368,good
6.76,0.02094617459314639,0.006313824393360677,0.0008828059134621862,0.0030192627217783493,1.3015936110383346,0.00956108892436183,1.840649326105456,0.9019822416215806,good
6.78,0.017387368319762946,-0.013727615947569617,0.020259660952954856,-0.002527947127264063,1.205199059674096,0.02411424813112668,1.770819810334584,1.0003208588458004,good
6.8,0.007269029557153317,0.01684219711200798,-0.01688931703966338,0.02424607832485828,1.1423822159179249,0.015653582561950145,1.828564965609717,0.9674193468320863,good
6.82,0.016308404608351916,-0.013808211464691467,0.010499082934053229,0.023760668776175282,1.1748700756985018,0.019310461151830095,1.8783429904148623,0.9062185133095393,good
6.84,0.03891788861937729,-0.01293749638092248,0.005285578951916052,0.01662598857049964,1.0999129095628806,0.0009240611682596223,1.7815958241198633,0.8374816529804426,good
6.86,0.012231325613327045,-0.03211055399381092,0.004171982353719693,-0.01151187145489282,1.2544002549448254,0.0055117081967992945,1.7826235310924112,0.8128450753277466,good
6.88,0.016054666072712446,-0.009182910077087039,-0.004151675446619463,0.005273720490871173,1.183290502474331,0.017124074597737744,1.7640724090246325,0.9633832588557044,good
6.9,0.012063469419187888,0.016710938008276107,0.009699300178434223,-0.02046042800742684,1.1919356476450464,0.021052737912411402,1.8601144602032955,0.9292305436794394,good
6.92,-0.0045840360870345815,-8.208216598304293e-05,0.006557194359527231,-0.02940521499509156,1.1703265213559526,0.013776811870360194,1.900255318528473,0.8970080087581036,good
6.94,0.02553836032403689,-0.011788909708956517,-0.005078280866807053,0.0028017751294208376,1.1861085006836756,0.033508721843569254,1.8085431763566773,0.9313780141546142,good
6.96,0.02298137610992812,-0.027081436221526103,-0.006979361235479226,-0.00017557172794919427,1.1236421114020376,0.03835586595591647,1.8191841060228682,0.9284226340048355,good
6.98,-0.0019996761705756813,0.01767323285738564,0.0213664816661865,0.00093624002659846,1.2087362014354603,0.018022440740785114,1.8183691823190966,0.8983332510945029,good
7.0,-0.0006181746776934977,0.00940957866674707,0.011844815679683842,0.02032128410870779,1.2203179416948065,0.013600923877007122,1.8219368509280094,0.875463767049957,good
7.02,0.033933502399960284,-0.008280655101982417,0.015257146824245192,0.0108127696379376,1.1817056313564955,0.00408378045904999,1.772644273860318,0.8952697754812368,good
7.04,0.02608751573527839,-0.011616474749276719,-0.014703094012625905,-6.701588132810601e-06,1.2079729614561245,0.013226854561932963,1.8542364173714265,0.8428874404783956,good
7.06,0.026853950292133957,0.005625830338655951,0.016718424048854104,-0.020364750823044193,1.1954423858377394,0.014616092594441861,1.8478820344532358,0.9285828393504025,good
7.08,0.038950587040854065,0.0031636154624879436,-0.0001668259689946037,0.0012454939728701736,1.1740880153382132,0.0177931572225343,1.796318390936506,0.9606656689288905,good
7.1,0.0347937469317528,0.015182511351204719,0.01853501165645827,0.024170546302923618,1.2109025891063143,0.03698355336045932,1.7940831852054455,0.9285832126873407,good
7.12,0.02241757664933485,0.0011328654054781255,0.012452700124437758,-0.0030034486605873927,1.3149341522994837,0.0067084348033866915,1.8319296064957549,0.9767678246749564,good
7.14,0.032499370614444946,0.02561079155921191,-0.004217260493547142,0.0008634684982135613,1.1092104843272177,0.027977744150825812,1.8140163381841103,0.8553485132627727,good
7.16,0.041189651366794144,0.003801208602135798,-0.011245282921357538,-0.004013560532612866,1.1938902847436301,0.012874462399419672,1.6679568871483081,0.8902763412711022,good
7.18,0.024855239413411296,-0.0026635731155959567,-0.016073600887088025,-0.011018024582105723,1.250077438289368,0.005620629642683097,1.8020879362767124,0.9361535515604816,good
7.2,0.021146394146866112,-0.023005708299765185,-0.005259262814941236,0.011049528842567352,1.186827727613783,0.025948556199456334,1.7640964448110286,0.8427401339653355,good
7.22,0.013160989227029735,0.013854808624533732,-0.015264193743809419,-0.009817873084948175,1.286851594412733,0.03082104342464187,1.7990786055138437,0.9192789565352788,good
7.24,0.015694261672683545,0.0036486697161348444,-0.004217034968680863,0.0014927648960255365,1.2733335986586165,0.03210864848549007,1.8283457867272002,0.9111846741626811,good
7.26,0.03576369880341996,-0.019360111722192434,0.014098295968741617,0.013363472962659093,1.1713417151073406,0.018767042301084103,1.843909111067508,0.917029402236513,good
7.28,0.021617232820163448,0.0012341438682527274,0.006781673368533199,0.00022337837374503908,1.3049125900833054,0.018602128564712446,1.854820025086678,0.8978754159461609,good
7.3,0.015853282990354853,-0.005176632083310873,0.0019104783082712342,-0.0030137128278505025,1.1671413591772084,0.006431491701059931,1.8191073375900362,0.851311532595641,good
7.32,0.05637911545730834,0.014740883632134365,-0.01071528638747069,0.03194135810444095,1.134915794018671,0.011054531229191814,1.8538979333754084,0.8753603107720108,good
7.34,0.0214079608205849,0.017087032527605368,0.00518818266501077,0.020926359805994044,1.2903445471954538,0.009819849504967232,1.8044115474365447,0.8103288545076387,good
7.36,0.035876695909166756,-0.013108212255128609,0.010025054309198228,-0.0047368367947472675,1.221616925536142,0.019608708084677736,1.9371344333787883,1.0016049888953795,good
7.38,0.03006308036166295,0.026421564294173656,-0.00392603597262915,0.035802257828381284,1.2961633943605173,0.012462450481664382,1.8228113897342715,0.8947010573121411,good
7.4,0.014142347230033051,-0.019651677754689147,0.007727009732949504,0.014767882157818183,1.1320612808574486,0.03437104257880364,1.8127113310292187,0.8784896464554526,good
7.42,0.039728136870726925,0.011627149387866792,-0.0005647737983067798,0.024099519779865866,1.1624999720976388,0.019397408944520685,1.734821738031211,0.8604384860114616,good
7.44,0.011556150877382937,-0.021025899509717165,-0.018130754933458972,0.009359292589059062,1.1048848834007574,0.02304197449034391,1.8216888158451967,0.9721603757318682,good
7.46,0.04810035662132246,0.007255911594036788,0.007703818083880872,0.004267301161111887,1.2025011431791477,0.026385967205697244,1.7166211896175638,0.905645787740671,good
7.48,0.023304540453826492,0.009291912786901628,-0.011440230516273993,-0.007438823880843095,1.1423920956436628,0.028652506736462108,1.7838475747420692,0.8568019259806859,good
7.5,0.02945025410352359,-0.0021138777680815026,0.01629426566016382,-0.015636270097639803,1.268712429528917,0.030747610649184385,1.7739364000260387,0.7924045229189363,good
7.52,-0.0003251098989004607,0.015374374698578618,-0.02011290625451515,-0.018427731257880334,1.1669512038640177,0.03955186770224847,1.765389418751017,0.9052054463752761,good
7.54,0.03208984142569741,-0.009708850460120355,-0.020345813875730687,-0.014528921235816639,1.1624281477567846,0.04166719340433464,1.8475598328170424,0.9261154270085077,good
7.56,0.011816311117493322,-0.013603136654358656,-0.005126166789578826,-0.0037184528547692768,1.2192959931621745,0.00629101241135869,1.779333870514036,0.9383151239494204,good
7.58,0.02564819279393346,-0.0019715307070124932,-0.018400022389112803,0.030721806014966494,1.2191404458086899,0.0195617926377192,1.8439731341417633,0.8611468465812626,good
7.6,0.04308741027608779,-0.01986593954542133,0.004851513467766262,0.00576986101393004,1.305564760503765,0.008104801533752037,1.8926170881512474,0.8805172479204603,good
7.62,0.034055917796222065,-0.009089253606427814,0.02777733861985266,0.0008232217241960494,1.2074891086744872,0.020662957751039466,1.8374493556071805,0.9003457715189572,good
7.64,0.03312169720715577,0.001557094067891655,-6.326761521884928e-05,0.03268039246853422,1.3027765682935166,0.029742951990237455,1.7921061184922278,0.8980004556552612,good
7.66,0.003391164621699442,-0.024182793001222055,0.004670757385216031,-0.02886941916551636,1.2090823965992141,0.0023901185485735656,1.8567633531476302,0.8207925090093754,good
7.68,0.04585306799130918,0.006709435160815109,0.0006719406322846898,0.015062302304235015,1.2246218338698571,0.01490214744194204,1.9267067211236852,0.9531619628976868,good
7.7,0.03475938235311353,-0.01102294928767595,-0.003932796815536123,-0.012978286656981584,1.1922562994042984,0.021517876842036952,1.8129217074556878,0.9119002031122003,good
7.72,0.04980894817210872,0.014497384659420446,-0.0016566441021851738,-0.008404648823748383,1.2330521380555173,0.0203490001071953,1.8101571316853655,0.903218930021112,good
7.74,0.004229066446012397,0.010721471166833972,0.011816707104782598,0.015424140182626408,1.1765413882235436,0.02190866770714009,1.8200786944044807,0.815527927521575,good
7.76,0.017036265384506352,0.018738696882932303,0.006273755757092856,0.005765110812114099,1.1977215106105974,0.029202038281640405,1.6553232808891458,0.9880680527837353,good
7.78,-0.0029522784394444817,0.018951029388279198,0.009379648227403104,0.008272438151162036,1.1494337414869638,0.02499523034056077,1.868981388698243,0.9481731182779926,good
7.8,0.053262366662954926,-0.01592021917971748,0.006606534709332624,-0.01841683052974407,1.1711074910603594,0.041434723617959586,1.7511883549226053,0.815214175918054,good
7.82,0.040551069076487194,0.021150269076279284,-0.0059901533262925865,0.034538015541392145,1.1854184627691686,0.017012268604486826,1.7075066525586955,0.884766293105583,good
7.84,0.014644284956412693,0.014833363461917584,-0.015232062304023162,0.02831868684192407,1.168988809484187,0.023600075174622696,1.7614502525319122,0.9722671039668048,good
7.86,0.017821251200603207,0.00596294840906456,0.0015745236484253442,-0.016886041611218473,1.2203990768803366,0.013535027028866026,1.8429976747682473,0.9251892670764922,good
7.88,0.04007178412403722,-0.004303577505971737,-0.007498227699398423,0.00317707942537316,1.2392065074767666,0.03594671830669121,1.880982112997783,0.9602357881981913,good
7.9,0.014400575028751063,0.03672273520116125,-0.0068073998915305425,0.0030690637057728056,1.232657117657302,0.00541979857155726,1.9510355021617483,0.9474130175204988,good
7.92,0.01575747464047357,0.01582286370623415,-0.01743267535489256,0.008116538227640873,1.119886556942863,0.014947030590881864,1.8403572004360715,0.8751241665304021,good
7.94,0.013213348833889376,-0.011092489609476784,-0.004047088793359841,-0.012143166189696537,1.2413561065829464,0.02552351590782612,1.8402587409119309,0.7918999506287515,good
7.96,0.021516424079096725,0.012986644716826303,-0.0026619157947704044,0.011023646826905736,1.2156847233810983,0.014565347073799306,1.804446984734914,0.9376488485765716,good
7.98,-0.003818743257395454,0.003395298818935306,-0.005149557755640157,0.021884073671254885,1.1802896279218722,0.013073171075033896,1.8242928190816963,0.9123441000354743,good
8.0,0.02371614298007361,-0.008678477247803617,-0.003042112670514736,-0.039957404709631106,1.0511310760949717,0.03876905781090249,1.8441444623956575,0.8761071401169064,good
8.02,0.032850867183356884,-0.03285672386613124,0.007039066398180259,0.0005503981850738042,1.2019831262690412,0.02817040498009652,1.8335618045016646,0.8362416559349207,good
8.04,0.03725117851080333,-0.01049240215773331,-0.00011609560342252655,-0.015916085231288395,1.1976653199006788,0.006076270950619411,1.8297339464975237,0.8697901851811684,good
8.06,0.007252607010467604,-0.0344199645648904,-0.0008897735414421218,-0.0064795396272174085,1.1867614169715794,0.019366282341111832,1.811180131596211,0.820036754254028,good
8.08,0.04366402839325205,-0.014200110071829036,-0.012653617061688119,0.0050430489394507685,1.1635883588049523,0.008653972628911322,1.7422024797461564,0.8815923286506429,good
8.1,0.04545959182344735,-0.015573653154783113,0.0071164207070885666,-0.006454572056795355,1.1321930898705377,0.026347666955635285,1.8120118170510733,0.8721238305203083,good
8.12,0.028928027611880847,0.01635947454042993,-0.01292903786796654,-0.011909613214571768,1.2479871001181344,0.01829548505937772,1.8121739537084038,0.9389423135589313,good
8.14,0.020373804333273505,0.019120049423192623,0.002652107997428768,0.026080925875627062,1.1886639581015737,0.035460309322667076,1.8056606818071539,0.8976448300658172,good
8.16,0.011647874583219907,-0.003776350867743362,0.026710567514219886,-0.009995402162317698,1.1623861186821545,0.022299392976851698,1.8235162400158271,0.9939015941408286,good
8.18,0.0047534180036421445,0.023984587201981877,-0.003659386725981162,0.001965342586341566,1.16936884611335,0.008952004227458914,1.8287820651484004,0.8301323834902664,good
8.2,0.006813976086457594,-0.0009424649529714664,-0.001090435540529894,-0.006931233917329833,1.2498471152259831,0.013726448472777233,1.9195673848789172,0.8923811112336282,good
8.22,0.0270810039391844,-0.028998429963777134,0.01626845956461713,-0.01209179800252948,1.1877360853861787,0.013669836564443157,1.8057774556495771,0.8403150059357026,good
8.24,0.023511081670037376,0.0014498556454943122,-0.008043092505045025,0.002726089953329682,1.1624838748504556,0.0035796908422905216,1.9216142629985837,0.8478152601952799,good
8.26,0.010243251756802775,-0.011151757947603728,0.0021928344484384702,0.0035474641017059516,1.2235872145542874,0.013489666550405502,1.7517107529748486,1.039192361761737,good
8.28,-0.0012989297020249068,0.007328323215787625,-0.00374088426984441,0.010521216272695503,1.2470641507687767,0.024699143409862588,1.7644041594660207,0.8696005500242697,good
8.3,0.029614534962646426,0.001782170433563256,-0.009251286949714915,0.023492341033503096,1.1831063358141858,0.007092663466136379,1.8809612317619833,0.9039553645494883,good
8.32,0.013971436983021538,-0.025144310515311297,0.01142117906645462,-0.006409269361740619,1.2180070798069986,0.026722859906439328,1.7058447019092342,0.9075824344714878,good
8.34,0.018404553884614747,0.007103477005947393,-0.02355889777975869,-0.03710096397280846,1.1613539189430568,0.0184703848930606,1.8446428595184998,0.8912353216684059,good
8.36,-0.002424173265881729,-0.013849962402376806,0.022583750625149744,0.015776100561577303,1.2320128259407672,0.036613044928469146,1.737261951102086,0.9410209411667656,good
8.38,0.007882004847372172,-0.008027073219656686,-0.006764845081260239,-0.0051615570931459265,1.2161418367359584,0.012577081482356013,1.8751898774339282,0.8332273022137437,good
8.4,0.030564175215839564,0.017571235591785174,-0.002900638110663156,0.015465266681464154,1.2350590069570169,0.02843219995707841,1.7551502589723436,0.887137853835731,good
8.42,0.024750326402948674,0.004494153155363503,0.005588701944398647,-0.015357307725102435,1.1631669238843787,0.0254690579559345,1.7610580398464035,0.941907028974379,good
8.44,0.01811013583132225,0.008046872068114172,0.012186959186354058,0.0023443404750766853,1.261799763190765,0.025557532600488216,1.8649858170129263,0.9457242038328967,good
8.46,0.020496284922817475,-0.004965340302058943,0.0061070141094816555,0.014181811336285054,1.1444470186529858,0.015119974734963678,1.86591959050989,0.8366751741010595,good
8.48,0.022378284563366255,0.015518716850224231,0.0026621970865837443,-0.01860537923695347,1.1837916853372668,0.030460637323772202,1.6977223590123853,0.9290554459258615,good
8.5,0.018212464213440027,-0.01363413798429826,-0.020738941564567463,-0.03424101600613147,1.2292248067023681,0.023583668067169564,1.7824581384820124,0.8713971432220816,good
8.52,0.019722085903245194,-0.0016137319414376051,-0.022053956156350977,-0.011770583956962252,1.2084457976529077,0.03571991536095034,1.7727550807251191,0.9151906351658167,good
8.54,0.01738737356724352,-0.032297410451772014,0.0038283285078683626,-0.02246425465385528,1.233532969375455,0.021110541564669905,1.8091233418569193,0.9025440246892786,good
8.56,0.002412340391235003,0.0181864183870908,0.004701206263538868,-0.027909176227937926,1.2151606767076446,0.026848692413624288,1.7661971233368896,0.935650570087469,good
8.58,0.005870676164220599,-0.009464456829367876,0.008010795098960681,-0.0037551792565359804,1.2313538514082485,0.03723164472855296,1.8349394269245949,0.9098667890740281,good
8.6,0.04379559608645112,0.0029416375665713593,0.004225476435487666,-0.01081711131430397,1.2091617199341176,0.01950841260064949,1.817083767452839,0.8944465281754587,good
8.62,0.010448145942189678,-0.008013274268848554,-0.004869904745084726,-0.00864613328827297,1.1870015926061663,0.011127369252884668,1.8382876652066924,0.9359647489649918,good
8.64,0.018374714871965805,-0.02829637783176876,-0.017117252741174486,-0.0031362379413163084,1.2231549092852423,0.030841423512259436,1.7230986546717624,0.8534540994396805,good
8.66,0.045844333104162784,-0.014589304556619576,-0.008478807213043539,0.0203457240134162,1.143863326154951,0.02763764824031037,1.8488617924105828,0.8939931232941136,good
8.68,0.03941914580207801,0.011449067148523258,-0.0011232205107529333,0.023299919784411816,1.229747750954768,0.012847524700768212,1.7580036624564483,0.8833260435738136,good
8.7,0.02737134456445822,0.022224700717690296,0.008578785329565582,-0.018893941419583123,1.14026341477563,0.005682506412064878,1.8608381479154914,0.8645318082522987,good
8.72,0.03653556075089744,-0.03259062664642231,0.0006123068300364495,-0.022150027290816443,1.1681182608713885,0.0191610187550145,1.8540517537988832,0.8017874646902236,good
8.74,0.012635671365278748,-0.015573852498906532,-0.008731752487178907,0.015442165940037285,1.226290509161444,0.026351559351858858,1.9004821788171613,0.9943573448670826,good
8.76,0.0034928286474366194,0.005604995370962739,0.010192046260296355,0.0273229393289425,1.3141798567527525,0.018858302728758675,1.7514469705038784,0.9476555131226923,good
8.78,0.04788085169685432,0.0064544410493422326,-0.007909969764591946,0.006922770009628245,1.1970522709979652,0.022461594709620284,1.8287174233428987,0.86581292649492,good
8.8,0.020059355569616896,-0.03394399082403588,0.006444413381115104,-0.004707505423018574,1.2602688095624588,0.034967102136730904,1.8115588576836563,0.9289907973816931,good
8.82,0.00955468036791279,-0.01280247964923187,-0.0023134852073363895,0.012139687869644356,1.2948433871956186,0.020978817980763204,1.7751723832798139,0.9407369075874993,good
8.84,0.008641754371460387,0.0041542926961929605,-0.002862278483382555,0.007226406579479772,1.1878203931237399,0.0027000507592206003,1.8059103642555194,0.8771888009863135,good
8.86,0.01649181740267109,-0.005341082410572579,-0.004138736930928407,-0.0033405714851824087,1.186789823691388,0.02688150612946582,1.838051322567184,0.8794964786603737,good
8.88,0.040979104238907355,-0.011525848242938166,0.00813907455666733,-0.012896200440199292,1.2813853426530621,0.030529564392575523,1.7178217253210613,0.9083152074143316,good
8.9,0.01867928001371514,-0.014384146803047263,0.004723045538034769,0.015223853521998246,1.2108675751545417,0.0,1.7484561945889252,0.9205472640148764,good
8.92,0.007577564831437733,0.014518896216472862,0.010715127403170656,-0.011116988282644591,1.1625234399543367,0.026432085322805075,1.7612353922637694,0.8045643020162799,good
8.94,0.021156136765619067,-0.019700472062831764,0.0037248251761712193,0.005756593008774292,1.27241687748794,0.02560357736526378,1.7254782422005133,0.9254998234396475,good
8.96,0.028601320819315,-0.0031361826628782965,-0.0019334703041093471,-0.0095460247213931,1.243114855712473,0.023697379169551044,1.8319698805614189,0.9573795527059377,good
8.98,0.020783289481013607,-0.004289868158789749,0.0341839513380212,-0.011566139361893874,1.2525430851860686,0.025284005691705785,1.8256726202366087,0.8985857982727373,good
9.0,0.017581810352756043,0.020268701108831687,-0.018156079911082285,0.023090190299719572,1.2698584470796297,0.020243612331345563,1.7165910091019372,0.8974614491384822,good
9.02,0.02456749206745392,0.0039137134664769145,0.009068474649073758,0.009219516814741218,1.2027282480103088,0.016210099805134014,1.8601493770698465,0.8979481830014122,good
9.04,-0.0011575498653256875,-0.010247848821319315,-0.002623883259145022,-0.005489741248393123,1.2877019143361328,0.017315318638224345,1.833219760876501,0.9120062167166476,good
9.06,0.01981078621305745,0.004942234508096717,0.0021974406485481307,0.007954691167033574,1.1514111403555851,0.019538575294339538,1.7523894020135111,0.8136083224261504,good
9.08,0.03219592438013892,0.008094269935862158,0.004600430362552881,-0.006424045562944229,1.176711450160982,0.03247497941904635,1.7880293159846279,0.8985744143829018,good
9.1,0.038497686897673536,-0.017021389945722932,-0.01830343207283714,0.009606163534512524,1.1920261158074494,0.014745373915018147,1.7513564112791893,0.8657124169317263,good
9.12,0.03012716210868472,0.010823492151389578,0.01007772185407663,0.01888992667085962,1.1518862190191295,0.032231991991721366,1.7961689687627513,0.9872293024487983,good
9.14,0.04379573553642537,-0.0037364367435244743,-0.0047101073590080055,0.019754901279610212,1.205716173690344,0.01695139000140901,1.7734702341956616,0.8785761884523815,good
9.16,0.03636643707473096,-0.025647610120316786,0.001519394823224146,-0.012481876499365089,1.170698470039994,0.024041290136568114,1.763099119047758,0.8097051070703344,good
9.18,0.010835685342726926,-0.018512762742165102,-0.0026969399901131314,-0.004751088787917194,1.2357899131312704,0.036927237972455285,1.901542133481401,0.9521184021920692,good
9.2,0.01586141418088759,-0.004085662319175542,-0.014368763833805608,-0.04015596243875569,1.1901279893230097,0.02692466750799253,1.804440705988255,0.9378286769383594,good
9.22,0.021739124225852762,-0.0010882538100809884,-0.007024699472096433,-0.029503868141329846,1.1511147111585793,0.023540726063347513,1.8604032053414408,0.9408687596992772,good
9.24,0.02270169014813436,0.0022069810740683966,0.004072608221362237,-0.005311007421415236,1.1874749275746441,0.028338851963156803,1.8766352136068425,0.8205838244649293,good
9.26,0.029298198691229696,0.009708049577812258,-0.003790738652352522,0.010655753066163965,1.1467475775237457,0.03577447453197662,1.7897014575795844,0.8692471989497577,good
9.28,0.02265344628587255,0.021080275229225114,-0.0100381602201981,-0.009188914123673675,1.1406072128125746,0.016690374584831268,1.7279944231459128,0.9532375557941315,good
9.3,0.004322091500360288,0.01865931967084497,-0.006725337011029613,-0.014939695435232766,1.2711694021505444,0.0014274283589063663,1.7993911115566836,0.9296091844859083,good
9.32,0.010637827092042989,0.011524279356318761,0.02032015614748458,-0.004272957587963281,1.248364050281759,0.01995061160614062,1.7525160001886309,0.9628989391445901,good
9.34,0.04013069867177468,-0.009293191326405999,0.012325655456836459,-0.0018330801812953723,1.1413565871464517,0.019748664842148995,1.8360169538866797,0.9414610165887869,good
9.36,0.018956068735283844,0.0143587888177605,-0.0008723055653257214,0.007554065306102405,1.1812131455123918,0.0376592416692237,1.751794560083318,0.9424407352539609,good
9.38,0.004925770265171071,0.004872628693181595,-0.02580637738402145,0.02070817504251739,1.2004964163444216,0.02563282695651017,1.7970600763566988,0.8836870398097415,good
9.4,-0.0012228822715533996,3.586857321753869e-05,0.0059987873940253456,-0.024627225918549645,1.2119406313469634,0.01654994151670856,1.8324962911386293,0.8989927092925181,good
9.42,0.052762490308329524,-0.012706588021677774,0.006730702410659828,0.03240034264352888,1.2590025778694138,0.02578796549276925,1.826887927092527,0.9596418718952159,good
9.44,0.021043206513572634,0.008397825991498478,-0.0029095951719488727,0.015299474881182133,1.2276761971478682,0.009319451271980755,1.8089695449977121,0.8554372997116895,good
9.46,0.029241337985233505,-0.015369207487043283,-0.0037805724224695635,0.010332891720983794,1.1888287839038705,0.018984088992490482,1.7900202802553404,0.9094466198597576,good
9.48,0.034063606552567766,-0.014068300587303299,-0.006902375435845146,-0.009961493290365359,1.253571866787853,0.029021421853541913,1.742042078009586,0.945078823317896,good
9.5,0.042713298837138196,0.0006555472754644142,0.014880367399776174,-0.01936011958083637,1.1960153025277003,0.023474345534407914,1.8001283973200903,0.9402478351048239,good
9.52,0.023427109981527628,-0.019025209627904778,0.021648101436054355,0.0015608658080350324,1.1401666101782542,0.012944411673964738,1.7499179041169586,0.901026842686357,good
9.54,0.03713070472533177,-0.01504254345718098,-0.030950341376417428,-0.02547885923090689,1.1453791536833275,0.028414388916150352,1.85605655789105,0.866264015888517,good
9.56,0.017023499536800997,0.0031474665730710574,-0.04147276536836196,0.007158089912646284,1.177923685134423,0.028909451541680103,1.8336951866406683,0.9690821947187186,good
9.58,0.021655663086366985,-0.005979326875109151,0.010214864208750559,0.021567908799397215,1.2353707167766654,0.014379384155559418,1.8275094913577936,0.9001993899992691,good
9.6,0.017267055374914186,-0.013571434539014242,-0.013542625484926405,0.01063089796650171,1.234726878080276,0.042113299404523144,1.8405036682679348,0.9201768000038528,good
9.62,0.002543073190003146,0.006544546462446305,0.0017092020594974082,0.01669081991070987,1.156390772335781,0.0011385462884709564,1.7937714737124295,0.8789833382625624,good
9.64,0.012452129760735137,-0.004178537690248599,-0.002516187424333744,-0.004997890175003786,1.133604522730983,0.014901958961553191,1.851289053279004,1.0001213878858108,good
9.66,0.02523588320925724,-0.008446497989803521,0.008630321174455077,-0.015661677416895725,1.2119108859289924,0.01945138940703119,1.8078681749631949,0.8889336920013701,good
9.68,0.037589951223609946,-0.0007040710944232181,-0.010596916894473115,0.0013309172374436622,1.2020760722573118,0.013089767722071256,1.7082853028838274,0.8998439727628731,good
9.7,0.01770688497596666,-0.008564553991725619,0.026461757617864113,-0.03593108485079173,1.3058655406670456,0.01284057982569256,1.757572704741981,1.0208079086747845,good
9.72,0.035114277949567375,0.009507397359923342,-0.007786255744160134,-0.014003180318782556,1.1666575270968564,0.03101924354877115,1.8066545272376302,0.9355253029553511,good
9.74,0.03082645041468781,0.003801209667417636,0.015299080929069375,-0.013803796479918137,1.130003222706157,0.024165856928961862,1.8366284184097161,0.8905067216188749,good
9.76,0.018623789506833955,-0.0045789356086236715,0.007198843165535397,-0.029889099844966825,1.17330695267482,0.017273603262077514,1.8199866058385483,0.9468637664435784,good
9.78,0.049460204764994325,0.023106035984059588,0.017930320022593624,-0.0009799971087264484,1.2839044179564885,0.013725297892501324,1.8516866522968716,0.9729867307081554,good
9.8,0.019645802743431723,-0.029288297019206662,0.018899881258844092,0.0049493790648148205,1.203039021767607,0.002856845815106612,1.8231481671428689,0.8336748341483907,good
9.82,0.04681601859530846,0.0003817926313621324,-0.0033380921975322054,0.02150562609108461,1.2249319655366324,0.02239854220164091,1.8720606333511194,0.8975338835147104,good
9.84,0.014220194145516002,0.01322890481582003,0.010980348025111554,0.020154637419182934,1.1098482512550403,0.006457285388226581,1.8016636825104173,0.9566570639408951,good
9.86,0.024640789471561675,-0.00010313469170225373,0.014799781829814018,-0.0020992504482383496,1.204165879405009,0.01759349070682131,1.84116204302099,0.8123500578843244,good
9.88,0.004071255526593673,0.005112828234984357,0.03857881708222423,0.017602623034539938,1.2091705202064318,0.016589732626293353,1.8094645762842803,0.8968195809341006,good
9.9,0.024952187064244423,0.011551949313653644,0.000498505400188823,-0.013517804197024568,1.136524678005637,0.004480966860845393,1.7513309308800078,0.8997045518949939,good
9.92,0.00951048223241535,-0.01339417880034214,0.01914601325319421,-0.008590770885804514,1.2862481107261348,0.026490299696735872,1.9093699384551075,0.9047279575642245,good
9.94,0.018328807417568774,-0.003806623359944138,-0.0015806186156068298,-0.012961419283339885,1.2272335705037074,0.0,1.8484080541866255,0.8656451961102981,good
9.96,0.015053532187816101,-0.013273464468628697,0.025474482916134033,0.0010639642659599634,1.2089510265510788,0.033912532440548405,1.8401698299804814,0.9221894995264422,good
9.98,0.0034483908912327685,0.018598928815945964,-0.009482078155780152,0.005453767480055169,1.2446337957108196,0.023937700679777102,1.816226371366231,0.9367670365654233,good
10.0,0.03881093440951748,0.001708144233007472,-0.024413269654435917,0.013415637363202471,1.1899445758539848,0.018628738220415022,1.7664937366917315,0.9115178295839654,good
10.02,0.03935029096776754,0.03248587459168998,-0.02019098710562839,0.0023099887340500076,1.1865860856095194,0.026438646721569245,1.8722422082347099,0.9393391892234362,good
10.04,0.013242233614460846,0.011605192097237683,-0.02455675795055255,-0.012860906491139718,1.238046988415553,0.022433810436595848,1.8095424018990458,0.8815826899469975,good
10.06,0.03430507838929874,0.024953692455261516,0.005743049220661661,0.0061684027258167426,1.1579265776065095,0.01100057283025374,1.8575241640091924,0.8852298356769253,good
10.08,0.031088283696474265,0.004766598911715254,0.018872284522233555,-0.008493346749917858,1.2121978927663575,0.027580953580499827,1.7542093846282905,0.8630268924285445,good
10.1,0.023987939878480698,-0.01290158999197639,-0.02273801417647776,-0.0005577479961030721,1.2348635074892416,0.01869577984336629,1.9108953012072232,0.9109993170210675,good
10.12,0.015256650729403107,-0.00019436754735537294,0.02041553286920925,-0.002142523720343144,1.0854251032024287,0.020709923687229615,1.81324172419247,0.8733227380797207,good
10.14,0.00539246507432877,0.0007805652113559116,-0.005670647665481184,0.007897163020262393,1.245091097137755,0.024506581229760786,1.8066361623837568,0.9652099557312553,good
10.16,0.03885644267264524,-0.02032566091424679,0.027247180085203226,0.011864621082971677,1.2058503000414638,0.03579507476417152,1.7843250623084668,0.9501316555578525,good
10.18,0.00806824240653193,0.00011315224027131016,0.004272536848035562,-0.010508151489405836,1.1752612995835203,0.013057335722254971,1.7744871280060128,0.8800236797202362,good
10.2,0.036639509952835436,0.018586891506646743,-0.008598671190556082,-0.01835089150800968,1.1855500698637735,0.02733795701292466,1.7835008544802051,0.847080458271124,good
10.22,0.047069155362846275,-0.024144235161426435,0.0037467669936179096,-0.01786195076455649,1.1212984417281517,0.01543467995890277,1.8231345653951534,0.924918742883965,good
10.24,0.05252888484815995,0.012172108507697567,-0.00850500683593786,0.026084988755716784,1.248890683577204,0.017784129577057134,1.8378052116330617,0.9737347324327271,good
10.26,0.045954801593909037,-0.00025777376160053685,-0.007133563254232206,0.00579833810697499,1.2017823356383301,0.013860413632142809,1.8151611192597497,0.9568468634449008,good
10.28,0.0009226420039077642,-0.006892380129293511,0.005438477478938971,0.044040754562998,1.175952674191527,0.015516418342839445,1.8108790560214543,0.8646441375565784,good
10.3,0.01963164915472796,-0.0013795314209128688,0.010379620433815706,-0.03221618531048286,1.2254080771861562,0.02201357072509816,1.7331097133118398,0.8903956254607077,good
10.32,0.022284350742669094,0.013264298082248029,0.00023942457584246807,0.003149163039237547,1.257202035132532,0.01568719468866441,1.8229069943958518,0.9452229567668538,good
10.34,0.04490645804087039,0.020015674799481128,-0.001461815128539298,0.013459860909328903,1.1639349226113502,0.012801355470769299,1.807032360626443,0.8790682613193459,good
10.36,0.031004833406812354,0.004944727241013742,0.0022606913357693607,-0.014535417124732455,1.2620697686661362,0.01764123134937703,1.7547016633403563,0.874792175037732,good
10.38,0.030318823730981423,-0.02012166607070592,0.0002486123900410783,-0.006667325712276951,1.2435967418407214,0.01603947797876134,1.806300699484939,0.7894879087916913,good
10.4,0.013334094701489944,0.011019655888114653,-0.006705300449614736,-0.029092807551631638,1.1381601807773527,0.01963548745184225,1.7713748054698015,0.8956155395211964,good
10.42,0.04200653856479262,-0.032012688592264124,-0.013561038784802764,-0.0007911519234866402,1.0916974469848497,0.02834619201397662,1.6549576310224794,0.8497017331667392,good
10.44,0.03627266115303924,-0.000452829982865127,-0.019814046665974274,-0.016900945880094737,1.2449983670219802,0.016314623333485646,1.7775296568929717,0.8056944800226367,good
10.46,0.04379777495332064,-0.027741583942492876,-0.025199550217101838,-0.002166577667721247,1.169729394768647,0.017037438551309052,1.8227043119419117,0.9590446800882034,good
10.48,0.006250028665779362,-0.019539875264749224,0.011138913487688432,-0.002433017156271986,1.245947070843435,0.009880223498445152,1.7616811587611738,0.9035566304626744,good
10.5,0.04481545254070252,-0.0037598077980931332,0.0009508292643601596,-0.0024274123950032266,1.2160348432604444,0.014436435410730409,1.7358899284990263,0.8226086995024061,good
10.52,0.05870789613760073,0.004182636992745121,0.005078496834103135,0.012523160288393353,1.1065901156815627,0.03846612135031182,1.759958112424019,0.9285028584221443,good
10.54,0.010331831587378184,0.00890065467414092,0.009976278916689174,0.01288442551116718,1.2642740374236372,0.028068248258644634,1.6878530597383934,0.8698657269195748,good
10.56,0.01882777223693748,0.0018326143750534336,-0.016082061254739093,-0.0005285873154626974,1.1730829094614736,0.011006768021612896,1.8061739852074654,0.9049169756554672,good
10.58,0.04855792629081882,-0.0077096247090712704,0.014413024447629971,-0.005928203508812492,1.2003833494978022,0.01960168022172803,1.7529735629074867,0.8844453496214658,good
10.6,0.0038138539881713935,0.004260517443992158,-0.023426895841630737,-0.013243574628193694,1.1717809424162289,0.01587826609231066,1.7965401475145097,0.9051383774731131,good
10.62,0.05159736924954917,-0.03167521808930719,0.004189104407775591,0.002409552234002025,1.192896493302964,0.036569756088590116,1.6881560707593022,0.7864609663038749,good
10.64,0.025277935997542043,0.009865974454864848,-0.0014781915478982663,-0.001769810808151016,1.238099578561907,0.01888094734885456,1.9356509673459934,0.8920284038519795,good
10.66,0.006586735214438125,-0.01116540943982156,-0.004709822283091695,-0.017731732466003947,1.1912297805660619,0.020179934716025617,1.7451668103233744,0.9080582488504373,good
10.68,0.004917012314604728,-0.0031529694584140427,-0.03340785371597596,-0.0034937554560563262,1.1900747344887426,0.025659180578657903,1.7569355880819522,0.7930506334000662,good
10.7,0.02421288133876715,-0.0036162880144503255,0.004952936769882992,-0.010493500626203472,1.1734557150270881,0.029869559730086273,1.7843884544402704,0.8640747322542138,good
10.72,0.026593686869567094,0.013059761850859632,0.02082677331790918,0.00947601522675644,1.1811358019081843,0.034127829605564146,1.8396349157103815,0.9103653435454409,good
10.74,0.01979906029361969,-0.0002887542683784823,0.0009702680980371556,-0.018545311565977416,1.2044927948890891,0.012817201017484785,1.797249117856246,0.88877858559627,good
10.76,0.027891129037795136,-0.03160719782839636,0.003529628995289267,0.00782958866367835,1.1824574138673913,0.011633646759478622,1.835876952983784,0.9132801064252455,good
10.78,0.012813858512520048,-0.008862614374488341,-8.11047414540751e-05,-0.0028208861989512776,1.2717877709020309,0.017454512516779427,1.7973295506356983,0.924165262454187,good
10.8,0.009877321372643192,-0.007968474965393482,-0.029839762059182644,-0.022883331388764583,1.128468268806509,0.020811434567156853,1.8036687984783695,0.8985570233280942,good
10.82,0.025679436927967095,-0.028332951191099246,-0.009476260014500006,0.007478960741304945,1.237249960018066,0.00906371313086622,1.8102030054634464,0.7946566406854343,good
10.84,0.01493044233543928,-0.02660946831001638,0.015519497855289442,-0.011196393095247417,1.187461017391372,0.0077098896013801,1.7058345455722537,0.8952962101959852,good
10.86,0.02268871546570071,0.0026504164629145527,0.014147051836191128,0.014533414241025184,1.1972687652185625,0.011052206630278356,1.7958164659443683,0.8322445475467977,good
10.88,0.010181479426117386,-0.007218712303659463,0.005907544797428075,0.003071172465460718,1.17234023317136,0.010432252524513031,1.8094511024014208,0.9831394063057228,good
10.9,0.02788385825137084,-0.011959025582902202,0.0040579664968985844,-0.004897678591476465,1.1800601611788695,0.026213599374177724,1.8371853154208804,0.9710050751861105,good
10.92,0.03632565846483348,0.019630073300219264,0.005179460054508957,-0.023501062617937434,1.2019547935465411,0.012227903828827002,1.7485070428898262,0.9547919970759361,good
10.94,0.0064573551250197685,-0.003433333837361546,-0.00925747596065222,-0.013056623628752236,1.3064799051098315,0.015073500643442903,1.721915407659704,0.9125691491400368,good
10.96,0.04571221616340753,0.027494074891632577,-0.00634222118141244,0.0002833054588939955,1.1934258419848487,0.013235820590790419,1.8525217379288998,0.9619513784527144,good
10.98,0.05153236426937135,0.003489151320047186,-0.0040007714465815775,0.0076226864584222394,1.2186306539152023,0.0073688693764356475,1.73907296987955,0.9297862204848267,good
11.0,0.022836283054316068,0.015324320171010947,0.017322961276426133,5.444823729807137e-05,1.2011608525001134,0.028228375184532657,1.7413579534938137,0.9276697907050279,good
11.02,0.02227578210165782,0.020098918017062484,0.004755553393006069,-0.022000504933476724,1.2504625864864274,0.021170791402111852,1.7122224181977888,0.9681571488479856,good
11.04,0.006002010344120456,0.025152922565445362,0.002974777920986407,0.009019037385306877,1.230494963869506,0.030280845338656284,1.7247878510082173,0.8747454729670201,good
11.06,0.029566970226321494,-0.014698814161191728,-0.02194690687789558,0.013597027332529954,1.1888273776908655,0.021663966978619404,1.851775946680144,0.9955187943646931,good
11.08,0.042639149770144824,-0.010527452658346002,-0.011723141084248314,0.018988892393269702,1.2946832114391362,0.0,1.82780629840049,0.8687984013849699,good
11.1,0.05500369538260491,-0.012681858066422391,0.003052372327408351,-0.012266907503339801,1.248621536983481,0.01899564221850631,1.7291254619044472,0.9825232942403175,good
11.12,0.028068532275851175,-0.0081361984695358,-0.016524940269003547,-0.008892611984869373,1.2324686324523098,0.01576330987064356,1.754353400928911,0.9054589022744935,good
11.14,0.031302338525148445,-0.02476546033661835,-0.01192618083224063,0.005116444149130075,1.1249907754272968,0.031393973855877666,1.7844884426996772,0.8778329785908455,good
11.16,0.025970808852365197,0.008090654557338492,-0.0013397950164681274,-0.0011661175403196466,1.211537984988475,0.03980252251432666,1.821757671667515,0.9279411518059104,good
11.18,0.020543687714748144,0.00810240299932682,0.0064679385398559806,0.026208955522324478,1.1880983174152422,0.021501732451883828,1.7452916089091326,0.8471545461224095,good
11.2,0.043798920747466046,0.007847356062857216,-0.01108499802497531,0.00468160711133764,1.1754684586181194,0.0184299848918763,1.8710788834494199,0.9653507554249531,good
11.22,0.04986437362439553,-0.018557870248298566,0.01203717169634432,-0.01315602790983245,1.1285053583072426,0.01941435886263853,1.7457917980464581,0.8553607609667464,good
11.24,0.016673720832268993,0.0025036475020118985,-0.003549992739152636,0.019910959388212798,1.222285096978783,0.018186383073610812,1.767526140509015,0.8747742707373931,good
11.26,0.02941711609694039,0.00474369659131827,0.013716781858390436,0.01177695979161213,1.2693017164994922,0.035221268753867004,1.7294939259696647,0.927438591048521,good
11.28,0.029445537020308787,-0.00393925930170786,0.006902789595919785,0.004646339651230846,1.2967354369190094,0.017663490322032235,1.8084130328043444,0.8842670988709381,good
11.3,0.017001176382233016,0.03295353509618698,-0.01659013789207699,-0.015251966304378006,1.1404713421421493,0.006906576889294372,1.761204855434231,0.9116834477756205,good
11.32,0.006308479142951042,-0.007303216030195049,-0.025583029398818208,-0.003955187920900533,1.1725990361257752,0.006034018024475152,1.712738446101016,0.8897163440209772,good
11.34,0.05301016655783728,0.004454751112234166,-0.01131010769286703,0.012834936165679664,1.2028714961848885,0.015407789283393225,1.8327699690035335,0.9655702621064643,good
11.36,0.0062409352759544325,0.010132629642926817,-0.030232059278082885,-0.020398402783732145,1.0834658680299114,0.020830232625215665,1.7555986617607113,0.8618611580732078,good
11.38,0.02856280915892202,0.010738283282679582,-0.01058196464183133,0.01557814568446371,1.2249920187712602,0.013167695364652633,1.8013595154633357,0.9863905728631649,good
11.4,0.020353977132742784,-0.012625717841434422,-0.006374472589819245,0.0029629552954917346,1.2794293304705933,0.02173898118795718,1.816667230924614,0.9028270531372772,good
11.42,0.027363006043374712,-0.0013755037977814005,-0.005277978935079338,0.004061129514832167,1.1583558338719038,0.0030548244212847786,1.828764873030872,0.9761426505682614,good
11.44,0.05144174336641899,-0.019128688645169162,-0.007864929837500234,-0.05799384434055396,1.1773374001022328,0.00795403686517244,1.811609495898624,0.9592092298655571,good
11.46,0.023813401542799758,-0.003860237672158693,0.017021988697063575,-0.02236148206018284,1.2017347363284177,0.004745061352980282,1.7197476755196752,0.8050281249426425,good
11.48,0.015581681595092711,0.004862788431565964,0.024832528828985984,-0.0005476021748557452,1.2314965131055524,0.021906080794513734,1.8135996556392948,0.8075214004410021,good
11.5,0.012040681234368548,0.021139437493181694,-0.006450083092200736,-0.0008671667672671323,1.2049174558566933,0.0,1.811276200289395,0.805885938581695,good
11.52,0.02618643039510165,0.012706575991221545,-0.001177158148816093,-0.005308090805155891,1.2040491264574968,0.015322399150971031,1.7301042164607259,0.9523141860974154,good
11.54,0.028429925725648775,-0.027767000440734865,-0.010217638030204082,-0.014038067447803025,1.1406120096692474,0.022986033293474803,1.7975298297085331,0.9387315101073209,good
11.56,0.026296620021122926,0.008973548683952686,-0.011293336548804133,-0.00648366287541173,1.1402562410836656,0.03698684203133498,1.7426416076701172,0.8550579237017346,good
11.58,0.03704219128637471,-0.007647078381596445,0.0107285372219744,-0.013704844720230912,1.2241288225255342,0.028568078567024736,1.794699003701241,0.8448264530393704,good
11.6,0.030845570363023232,-0.02213987107704249,-0.004240120431345136,0.026315477807839383,1.2527579512593991,0.018020106255359918,1.7674994287127737,0.8198410009769364,good
11.62,0.024554698613197326,0.011369705085745557,-0.02607012710413627,-0.02866165718442868,1.1768681740659737,0.020436454775913247,1.7797161456092092,0.834502599871588,good
11.64,0.026840205444408308,-0.013784814790624296,0.019257535705183015,-0.00017122020023035392,1.2194333147563972,0.023580916705853827,1.8425548703778774,0.8921294018676595,good
11.66,-0.000629252636742463,-0.012908109161219325,0.007668404309362576,0.004264430229344808,1.157323592960559,0.012958709721327673,1.8729026897114978,0.8454268117698661,good
11.68,0.00022720833005678286,-0.006432030889055716,-0.006031070482762239,0.008658224319319537,1.148293402963202,0.019602054414830376,1.7674690001775044,0.9861170647659795,good
11.7,0.010767578912248775,-0.011698395192427196,-0.005773341447707421,0.005588498966885296,1.1554034894232845,0.03654402538081923,1.7684089922851125,0.861440910670853,good
11.72,0.010973706468215286,0.017364351694944817,0.00698163472422948,0.006511103150386878,1.20273009246505,0.01737771796833214,1.6832191431488666,0.832123344101089,good
11.74,0.012467512862871528,-0.01332739740982106,0.01456941289464794,0.004528728269596782,1.2102383377538564,0.005986796843109459,1.8292143135737449,0.9244577545926447,good
11.76,0.01050669681681029,0.015313308653707662,0.007547872442120499,0.01421243670910144,1.1337034588620263,0.015383329939226732,1.7637974585118439,0.9214721283989634,good
11.78,0.013277399093430259,0.008391916239206694,0.014347124894911956,0.015802704132289902,1.2496329139169147,0.012853036450002152,1.8293791825927923,0.9225873528674303,good
11.8,0.01343062791411264,0.00093988411962443,0.012721551072608157,0.012779420954236271,1.204449251551694,0.016856583741884926,1.9047164002028354,0.9195726816761614,good
11.82,0.001356796355486784,-0.0017044855365293187,0.0025196007424926354,-0.003960857714064538,1.1698555357014366,0.01764692809282624,1.8179608137890244,0.931844823652606,good
11.84,0.02350714329611492,-0.009755108767571243,-0.000256881333161998,0.004655092898153105,1.1852108345077397,0.012623700652404134,1.7168334784411876,0.9234536005186432,good
11.86,0.041335414534830965,0.0026544343646179016,-0.005349475209394096,0.008399031207495888,1.2508803004506193,0.0170886467598266,1.845955488255662,0.8850726600438719,good
11.88,0.029682937461563433,0.021429172694121472,0.001108104086123722,0.005209459432302414,1.1334185329762478,0.025300025263132263,1.7443652243810883,0.9596396316012327,good
11.9,0.0195407127368377,-0.02922180661329781,0.01029335649498851,0.01664245448289214,1.2618590258089384,0.015235309171192148,1.7643271923811743,0.926616441994636,good
11.92,0.03084690536907994,0.001610276810602785,-0.01215273854768463,0.008789443177832005,1.1670450674751134,0.022780281460495596,1.8176126293255581,0.9266455205968553,good
11.94,0.04477179906338527,-0.007467732397510909,0.011357264503719268,-0.008219940850105393,1.24182104222639,0.01950492833519038,1.6848041411100285,0.8587168578925033,good
11.96,0.026778727676872595,0.0025417528718783213,-0.0019264284691946712,-0.002484726015716619,1.2030574894309136,0.021337889772397145,1.7666068218228654,0.881050427888034,good
11.98,0.04224524374505005,-0.0010598495482696138,0.008049284707402599,0.014900523356395546,1.191452531647486,0.028364910461344785,1.741974675368712,0.8965423066782099,good
12.0,0.02849900715848662,0.01171418413019616,-0.009618517108645629,-0.029593452327491252,1.170028634617707,0.030856656737449792,1.8402885490304608,0.7814317328232253,good
12.02,0.030640327242416457,0.016307465494344923,0.005834776630138589,-0.004881595519845673,1.152384742523356,0.030869081603016754,1.8230036109853138,0.9270814026017977,good
12.04,0.049227733592031406,0.02265402529332785,-0.001306120126402833,-0.008906246038814267,1.2740647988340597,0.0063380839231720575,1.827353468964677,0.9375854082971925,good
12.06,0.025418972633756105,0.0167486409052634,-0.004469657528492976,0.00928766006220113,1.2510032481259745,0.0008155483429420186,1.7948389454904332,0.8846172767131512,good
12.08,0.01714988233585245,0.0036263107369500914,0.0030095592431371187,-0.02363491380376238,1.2957363930697738,0.025165159225312136,1.8361083765982258,0.8646549845490821,good
12.1,0.05462329722007491,0.030214523078485336,-0.00030505290191977903,0.019033739026530466,1.1842192813437953,0.04076029485618541,1.7536902946938329,0.9167403272834139,good
12.12,0.02107876392636151,0.026772397823471142,0.00886493025676353,0.0005803340834354871,1.1172840239655544,0.012715080877209682,1.7940417805035587,0.9067007968048955,good
12.14,0.014084470061254085,0.00023556480921290004,-0.0024358805713498677,0.0070769456554783325,1.2572784337122949,0.03686974437252041,1.7840230674209412,0.9323033265458853,good
12.16,0.020335885521695796,0.0072794301908189205,-0.007012683471561421,0.007231135984443633,1.1812940122075424,0.015198593305178424,1.7068042395165925,0.8728373776900651,good
12.18,0.024309618990000465,0.015430748856702679,0.012818949045967913,0.0018894800627346988,1.1645074428974438,0.007820398472396142,1.8097929750070094,0.9693232920691239,good
12.2,0.031908143361193776,0.011232264167239157,0.004877776683397908,0.005058496528779208,1.1175494788538012,0.014521946762570173,1.7730054985576804,0.8129567568569087,good
12.22,0.03111058963485365,0.002024856061129973,-0.0017262413974616642,-0.018209208261441952,1.1993302683450706,0.027404387688286666,1.8187346581172954,0.8942311679541293,good
12.24,0.03281400315116095,0.0012137931891077662,0.006619364037087705,0.016349323957868735,1.2712824924949313,0.03484668644487587,1.7154680646135256,0.7823239486641463,good
12.26,0.025783190062975955,0.002597919147732217,0.002913604345789202,8.420634512917373e-05,1.2057391317171064,0.023982172900638112,1.8885464001725518,0.8894078709631418,good
12.28,0.030224945588506053,-0.019317427437877614,0.00022832031355886538,0.003254020694121209,1.2533290105858337,0.01958507284805772,1.722108562292657,0.8097272630550525,good
12.3,0.011983253780291431,0.016191014974132233,-0.0006826458232116356,0.002859909796162893,1.3006161042447109,0.022927519559022398,1.786500420928711,0.790080636233298,good
12.32,0.020543573485833185,-0.003388743515691013,-0.012077481122344027,-0.0020578601879666083,1.1523491153686904,0.013642349921138603,1.856786466621869,0.9675906545749837,good
12.34,0.03195067417980102,0.022606360475845914,0.010262198304678706,-0.01846582662603003,1.2622929250825101,0.017447937779497588,1.7704463816787486,0.8819962048226103,good
12.36,0.03534639098445186,-0.0004991860266687412,0.01707627413788012,-0.02060819721451191,1.2225272447298392,0.021235870237414193,1.73116867363023,1.0174922095344423,good
12.38,0.012676117421472306,-0.010661340566309666,0.00924539562212826,-0.010717610544998025,1.2585847282528886,0.0029783570686583707,1.7483028780363787,0.9126170178787275,good
12.4,0.019954881606238154,0.00853066651451923,-0.014635417889853078,-0.009474720716255184,1.1468313665347807,0.019657054891920628,1.7680261003235487,0.9279574987972921,good
12.42,0.01217445295171129,0.004618161813778411,0.008876418067192311,-0.006298556005850225,1.2846957346061134,0.013838157567107712,1.8120043412222175,0.8632138431963658,good
12.44,0.0019396246884633166,0.01652679269950462,0.018510293576244927,0.0092169415355885,1.2673955094549747,0.003240887160510133,1.7883758745740674,0.9663231726409887,good
12.46,0.00218185527005682,-0.008240798216520488,0.01736374798440426,-0.005491252705787081,1.2260237590024774,0.024176733079881278,1.9137994753358138,0.944851244900097,good
12.48,-0.0019382503696521202,-0.014023747772498187,0.013787563566983527,0.0003707617929781422,1.2738882399041613,0.038793848335284264,1.7644511279815709,0.9005255932492494,good
12.5,0.04457735589675415,-0.016585537345187074,7.2674133118356545e-06,0.007911677348023328,1.1451244901605269,0.024520256845555415,1.8067154320064207,0.8505732284997096,good
12.52,-0.007375123718568581,-0.000850310201825947,0.0026502758136937544,0.016745996891359853,1.2290742387962137,0.027792984965347593,1.9301131381870629,0.8360875808810526,good
12.54,0.021813051462127076,-0.01640500590323004,-0.014891437217513117,0.01592122643908066,1.1742563121837895,0.01920498602988101,1.7538029632852483,0.9089641617106369,good
12.56,0.032681245076522085,-0.009155203682898794,0.03189342935953964,-0.010876071223407176,1.1457399240427306,0.029326106062447233,1.7940764792741606,0.928184382675421,good
12.58,0.009295009859009827,-0.012796298835894768,0.014480382039149172,-0.02380122174682335,1.193638103613416,0.034414573053752076,1.817865039270446,0.8470529507051545,good
12.6,0.02271401586923027,-0.0035033097379756476,-0.014775232459876702,-0.018359297694709602,1.1770585272031067,0.0304520994782597,1.7842594428947425,0.9309507461605216,good
12.62,0.030454820877691458,-0.000476458904348726,-0.009654036890976544,-0.023943308522563544,1.2378884763892373,0.023770655101188334,1.7680697934553284,0.9134355570520568,good
12.64,0.03786934832101637,-0.001080815594072361,0.0008980534186621694,-0.006684487945735782,1.1853667341268461,0.025924104988545037,1.8130720913722282,0.9095226377984424,good
12.66,0.03384940333503168,-0.015271876845382119,-0.007143263934187773,0.027175234288807918,1.1152186661355696,0.013538859565812335,1.8024956600951185,0.8874455140519517,good
12.68,-0.00568874701910793,0.02681170154734414,0.0267560155477031,-0.00412874604936116,1.1364506937197238,0.038449860710186044,1.753999875631983,0.8438314335381027,good
12.7,-0.0023469816188704004,-0.01265887685630713,-0.004832930719725798,0.002489726463032556,1.3131187550017536,0.022082002369995905,1.8292594156231916,0.8973898073401454,good
12.72,0.03130072682059108,0.010962116290850666,-0.010665015696232806,0.01345392469022024,1.2002953616884604,0.022921143435994135,1.812024032985909,0.9803482878114422,good
12.74,0.0388626404435821,0.012460562016839144,-0.010956484719078181,-0.011686839827360596,1.1615057942945328,0.005827561796416723,1.8263530480896746,0.8385943833224914,good
12.76,0.038970941477331794,-0.0024134223013691576,-0.008363679848880961,-0.0026421784562731692,1.2503768508615183,0.025274779364080596,1.8410876545828136,0.9285189229992773,good
12.78,0.025294672651183108,0.03562343486017029,0.018011696794919773,-0.009990537816105106,1.1657937283999897,0.010731152831804081,1.8710170551903533,0.9423091904073388,good
12.8,0.035927437424047845,0.0018044104868775235,0.0028869710685880223,0.0031811179034736434,1.2254850338063568,0.02346600113917466,1.8436839092444002,0.8881773109023227,good
12.82,0.022980975429505137,0.017670125006290702,-0.011939788482841916,-0.020571285162622893,1.1676446126088738,0.0029035742250400377,1.8408795292712494,0.9346882482477289,good
12.84,0.0478278871117831,-0.00027337011593032046,-0.024225265147799845,-0.0030430465951357373,1.199968550636119,0.029499018352290136,1.8273832740995646,0.8601272156791646,good
12.86,0.023674032332778965,-0.0013091845570659983,0.030907236136836217,0.01075512586638731,1.134442015135178,0.03828665483025944,1.7945667900923299,0.9569172137132271,good
12.88,0.030649550150581035,-0.013858333633336157,0.003925631806563536,-0.017437422857735575,1.1547635243230734,0.012825424054201203,1.844408426719453,0.9372800340435007,good
12.9,0.03562885655142302,0.0189749645855891,0.01067685690054077,0.006284603155122775,1.2422058536071874,0.006441441159758372,1.8239974049993097,0.82693508794175,good
12.92,0.04107510265956886,0.01381496656057099,-0.0147537795060668,-0.02789133242692122,1.188372885524229,0.03070285733113835,1.78930584626821,0.9167047639866861,good
12.94,0.04509631511989483,0.008279308174084458,0.005625021205730026,0.013742968704583,1.3028421046517409,0.011726078084035656,1.8355076556562178,0.8945114040025494,good
12.96,0.01761767301344848,0.025940647304041494,0.025133602109256612,0.01178333097538226,1.1759988269197428,0.015123208423334982,1.7489381128315362,0.9231451577360571,good
12.98,0.03085002384073133,0.010751291031280722,-0.004593190051695195,0.020307078662013447,1.23756767689885,0.008475470071573905,1.7628690500384543,0.9509580973202868,good
13.0,0.03206353534800139,-0.008403331421082882,-0.002926906707925414,0.0019753895769368188,1.2367778442087374,0.03499953677346118,1.9247598072119383,0.9499181247870817,good
13.02,0.04637636023036583,0.017838867448220955,0.00811495536701584,-0.012234095165393394,1.1891885781867493,0.027715198525617706,1.8119355715064118,0.8501048717427977,good
13.04,0.04462938547897858,0.01704298240185571,-0.01557881878468557,0.04090636132982147,1.2108549332692455,0.014005406297262985,1.785204050069492,0.9234039859259803,good
13.06,0.028979473166046276,-0.015647340869188345,0.00329202183995419,-0.016045010211516702,1.211733734108255,0.030340383561088282,1.823055909660021,0.8803366178097655,good
13.08,0.024551489780269754,-0.007677173977879563,0.0051565488742119706,-0.0043254104460648205,1.2356426298392884,0.022529490691286024,1.7636181851875072,0.9519697496889705,good
13.1,0.011584452098419537,0.011702964279484996,-0.03186952417354464,0.015056158858991983,1.2057467448477113,0.010138808132116069,1.8620699634233726,0.9056201977234372,good
13.12,0.024498907709249496,-0.013489375568044843,-0.018245967150924115,0.001056662602394557,1.1096896013115,0.0150568914690317,1.8460904012666697,0.8867720009487107,good
13.14,0.007656235837508286,-0.008032303091510564,0.00016468914978581185,-0.00196594204481347,1.2534458980202787,0.02413823623052364,1.8188568445562405,0.9525073687839746,good
13.16,0.018059997237412723,-0.00833562895753096,-0.007591596436224751,-0.017604587349821735,1.2510081987855315,0.029754151141174218,1.8081085946867492,0.8870537250687949,good
13.18,0.024434363048632845,-0.020524587777192717,0.02166002570160285,-0.006387182858557026,1.1832766218405733,0.014178398900427698,1.7552763123637303,0.8500197265062613,good
13.2,-0.004770456567582228,-0.021917343503074484,-0.010189540491278026,-0.0018805744122197543,1.1856758271939207,0.04221517432910292,1.771452607064646,0.9104048865750881,good
13.22,0.03567924021249382,0.014651703508731961,0.0020691917312362185,-0.0040618014239967954,1.2076550468959848,0.042184472573291436,1.82832540793917,0.8589018148989256,good
13.24,0.023108035656768854,0.007003890015152941,-0.022886488659553478,-0.011041959849145645,1.127386881857473,0.004755449445218361,1.7554528831720317,0.8616882043376997,good
13.26,-0.0029101146097193784,0.008403761152006388,-0.006416991762672573,0.024341274392154447,1.286417400602084,0.014235764552434905,1.7581617559327618,0.9248672159873663,good
13.28,0.03002365851025884,0.02216992375558474,0.0057485614401973535,0.01675792448453711,1.1579509439370936,0.023018321360988366,1.7618662945971886,0.926211402640703,good
13.3,0.011309810498541371,-0.009613081437941177,0.003788567562896392,0.0064901008241072715,1.24384270821146,0.009687798463302097,1.7954674504762802,1.0015646212040579,good
13.32,0.009840418246954166,0.010036606190553018,0.023058852779786716,0.01908582200497056,1.2142653938143104,0.017113465221447327,1.7662753346437714,0.9243716815612475,good
13.34,0.024666749697769524,0.0026516540340593944,0.007894260662526943,0.0009057314217918908,1.2540253596348574,0.015894881643994854,1.837885833824407,0.8699717861681218,good
13.36,0.05683942120807243,0.019661453565216973,0.002188302982549826,-0.004959938626723835,1.263487974151864,0.006389196739668049,1.817349558859459,0.9199313608922134,good
13.38,0.025779450133442714,-0.013859493055317723,-0.009450319443750311,0.012168318361979841,1.1944499444258778,0.018189075691905067,1.8142140579847874,0.8836555579371075,good
13.4,0.04099686744255016,0.006537133036220037,-0.00826842654041862,0.011457707332377718,1.2171761969428743,0.02309804030717094,1.8329989112184588,0.9373375251321036,good
13.42,0.010280555586782819,-0.02435469525411886,0.026251544886788748,0.02552028597162751,1.2609772734040328,0.025866972758904504,1.8305084712685393,0.9056259623935297,good
13.44,0.026269852219285936,-0.00919078757320211,-0.012596906337819984,-0.020463075082654995,1.1840818254461671,0.013191523107066517,1.7628302490958334,0.9749790785944569,good
13.46,0.022405851476667273,0.010534349701438893,0.002255739989179307,-0.0012670726720621546,1.1955567228860517,0.03353574890707898,1.7374505796053519,0.8448380146769932,good
13.48,0.03022354491778556,-0.01761105414060546,0.019909876318306884,-0.004300686458427869,1.1926488536419146,0.018246388071553585,1.8509327530639448,0.8963299988205218,good
13.5,0.020629712449352734,0.0007388650187068527,-0.015036898558054932,0.01120255362919269,1.2179945408778603,0.031603129280620514,1.8051389830700695,0.8560799981924694,good
13.52,0.03178234048188043,0.005332484584280178,0.030486913762626855,0.006928766363877127,1.2574450208300367,0.022772119075577107,1.7181257462279886,0.8794251793647092,good
13.54,0.03445935368177433,-0.012947365434305073,0.008119914222110627,-0.02626153270195573,1.1733598639905052,0.027705200520055415,1.7977923677993344,0.8796930450645931,good
13.56,0.018316168621742318,-0.006381142550063212,-0.001849376769762231,-0.006320459856645936,1.185805592225635,0.01282492506275163,1.828328343490243,0.8908662767751169,good
13.58,0.03808366379547744,0.000595821780399663,0.006448636855480681,-0.011537829966442297,1.1533197934811874,0.006524952138683904,1.8319719885897605,0.9477052606899647,good
13.6,0.03492515585772232,0.004154315776161871,-0.006532171430820634,-0.005273823746349122,1.2299560950801396,0.017618342180703326,1.7718084437139276,0.8496385701807249,good
13.62,0.03589899425410832,-0.0018406142991069256,0.001782057964511968,0.0038864758084588918,1.2142148908664245,0.004681585462263886,1.7681938143075968,0.8419760600756431,good
13.64,0.04455437058889939,0.010517742157002389,-0.00520314638352592,-0.015106319159232788,1.138952542871614,0.018343230664796595,1.8273793703164989,0.9112884523145076,good
13.66,0.017012009506648114,0.011018618821546498,-0.01074688066094436,-0.014612323310584749,1.1827114962233103,0.0336847421511866,1.8089094977321054,0.8233415611666668,good
13.68,0.014991395477209566,-0.03569464514105316,-0.0138899380279204,0.04983053812440568,1.2033763096128016,0.02543454097008957,1.845877082964068,0.8454459618799609,good
13.7,0.028690556660799716,-0.0029315573212582865,-0.010407615453296468,-0.0018964350939003536,1.2073796613823007,0.009976742320126615,1.8507634942362927,1.0097623626139056,good
13.72,0.030338398324814865,-0.013927811662170973,-0.00806446015851891,0.0014816806351384251,1.2345761190778495,0.012213603259239748,1.773731770978339,0.9086766414990328,good
13.74,0.0013746868615488563,0.005202820227138735,0.011747758996814454,0.012825941080278137,1.218031387547305,0.006071283397519354,1.7086110596809625,1.028929521058226,good
13.76,0.006437487010493896,0.005863765381466078,-0.0018769967804022915,-0.028273249743988964,1.1917906115803198,0.0015927971728688206,1.8092740403314793,0.9228318905093811,good
13.78,0.0009059377102171724,-0.010774653207172167,-0.011985398530397975,-0.03006094126363843,1.19950986429666,0.010090318523027796,1.8229359019181757,0.9309759462241035,good
13.8,0.027852657369999798,0.0006275599278462831,0.006154195614544338,-0.011179300367302858,1.1350044958023051,0.018906762848582153,1.823855706165926,0.9371801403821617,good
13.82,0.03935588883851965,-0.005435565524314666,0.0144372205964571,0.01120688813800474,1.1716756028158692,0.019086682497283992,1.9071539391251124,0.7394060400441159,good
13.84,0.044824160361506736,-0.025884397976748047,-0.004409837264266848,-0.0030909942103539835,1.2056467454243136,0.01021485173196843,1.886713321212273,0.9476774428217032,good
13.86,0.02628118579214081,-0.006257533578309872,-0.015018145917700206,0.03694713145672681,1.1922947511273927,0.018609651503398023,1.8650748964716737,0.9033481602983086,good
13.88,0.05189263993918055,0.003864755924192058,-0.0019795147763941555,0.027188765827848287,1.1517614010968278,0.014636128196527619,1.7841325735329254,0.919365786200367,good
13.9,0.015904332815874278,0.01501828080452575,0.006753236445961588,-0.018008701366126676,1.1790989238200793,0.019615537938212385,1.7890063023954557,0.8978267675725663,good
13.92,0.026821256189641023,0.008740558065810759,-0.014183471369001974,0.016088223351125842,1.162764710503415,0.01772228060262074,1.799541720937035,0.844954973822524,good
13.94,0.02362353171842249,-0.00933183919910165,0.018335137566882622,-0.013630424046762693,1.2242803110532519,0.018299653229205,1.8125787809236882,0.9127539512601893,good
13.96,0.047106062335199116,-0.016980712543925747,0.007901870984710513,-0.002835459862589108,1.1110215847879261,0.022569139802328084,1.7642790077253614,0.8947345720672593,good
13.98,0.021359494135514814,-0.015835898432425978,-0.021015930061304734,0.019376825912256663,1.252016559544437,0.01873010130043349,1.7657816075104988,0.9045258203568809,good
14.0,0.018654754341046513,0.015414289019651712,-0.028089070328847297,-0.024128317708994637,1.197720304717687,0.022165248211128193,1.7063465590881248,0.9479738731772342,good
14.02,0.011370197346619244,-0.011067410473653243,0.011028500675859544,-0.0031679589890969014,1.2275981120374837,0.031780177213032654,1.785729355383337,0.8818627100847315,good
14.04,0.007430663680329004,-0.016003051622543396,-0.018561943052292088,-0.015258539546184693,1.1827519131690993,0.01835272422125821,1.772094760420642,0.8980827464672259,good
14.06,0.004010187764072684,0.011075736615701867,-0.01335895995944453,-0.0024939389825968565,1.2698289788442885,0.025943859679913594,1.793203738298496,0.8716413885483513,good
14.08,0.005094783808210237,0.007062499787903847,0.026202907541385528,0.008437994732940875,1.2688328250294012,0.02915534764317828,1.805241711191592,0.9256346583724282,good
14.1,0.024181933376147217,-0.02780576790544834,-0.0047726809361313864,-0.007006540180807199,1.216319619926353,0.018482184817849193,1.7447394067175614,1.0442101317247507,good
14.12,0.007159148304023843,-0.00764074695937166,0.0068722668909343984,-0.00246102619955991,1.292916246809734,0.013970831913321036,1.7976680166614551,0.8971424620931391,good
14.14,0.013754635441291406,-0.017357278678470065,0.0055177886611782806,0.020471779813478655,1.2384262870316698,0.04565018056939235,1.802969658217705,0.9384805595326442,good
14.16,0.023023718264462333,0.021007385812213532,0.004294968948980054,-0.005789755188749992,1.1882725989581027,0.016872586913236513,1.7281465750535527,0.9079810260747425,good
14.18,0.0015084743383082157,-0.0023851973884141675,-0.009708648228151224,0.0013021248718130417,1.209063411156846,0.02323819957471368,1.8386984352340316,0.9067826016668684,good
14.2,0.022141297706391262,0.005306163532444306,-0.011098158131657645,0.018085848762423005,1.2514302901562881,0.02959627598987035,1.791040248888392,0.8524410766801496,good
14.22,-0.0006513152941903916,-0.022189172990622463,-0.006384431159774819,-0.012994508093109867,1.2065675256426083,0.0009680506118946486,1.779191989692284,0.8992184523344073,good
14.24,0.019275571839351333,0.02440304767088005,0.02872950019190996,0.007735839072249126,1.2450201104136316,0.016509105452573624,1.753680046570882,0.8762423463255953,good
14.26,0.015390899541941342,-0.0035303650019324227,-0.0032112669616281377,-0.01615344212584205,1.1666838907891273,0.024382727306611236,1.834647326569968,0.939137144817615,good
14.28,0.018855214630964384,-0.0020493950090194842,-0.024919733951732585,-0.028060187091038063,1.2083922754294345,0.025429203700447357,1.8132987674829173,0.9755481654023088,good
14.3,0.026981674796930043,0.003289885913810331,0.00992670995464916,-0.010862640996685555,1.1748634785762664,0.02643590491790231,1.8251175611004018,0.8305834114963764,good
14.32,0.02658633566669943,0.04077201721506902,-0.0005591028501357473,-0.03653892325670664,1.1949784260527512,0.03725056647758465,1.7551698967677676,0.9536991604613995,good
14.34,0.032696014302604534,0.0036824646257253672,0.00210623275614501,-0.010015841055245677,1.2126955938974706,0.007977356172450592,1.7441879031673342,0.9380854651084698,good
14.36,0.009212913731535495,-0.009350086465719023,-0.005293738860621725,0.012453345904514414,1.2100976435599748,0.013446491116047189,1.8198600219098284,0.8814032186661928,good
14.38,0.010501431549534201,-0.009252033078670814,-0.017691944316845325,0.028619101041096075,1.1882973133017736,0.027460361302337883,1.7179912136341526,0.8767723643894406,good
14.4,0.018397717322014118,0.0008247779174960373,0.0027668231198901554,-0.0021490515481450115,1.215552000930091,0.0179767821578279,1.869638077343797,0.8866717831330497,good
14.42,0.022938839808830793,0.010649762412372078,-0.023344062718347033,-0.007119879395644478,1.1999963734776535,0.014191375732227729,1.7660077687382132,0.9058592579683048,good
14.44,0.009428690256731691,-0.012387310217791945,-0.0035669970572145917,-0.000330842298288148,1.1866961912361897,0.022776625755222515,1.7782695748563637,0.9395650494641599,good
14.46,0.023098221319363264,-0.013667726809997179,-0.00044786389820254284,0.001193400780449255,1.2083147377617984,0.008789698590441916,1.7106640292456294,0.9276839001417447,good
14.48,0.025364131497292212,-0.004568448920478215,-0.004495164921245305,-0.005090937833546667,1.1701705424823117,0.01277644276247268,1.8200453899995908,0.8417082474012427,good
14.5,0.023379120371228468,0.013561695011157374,0.023612827335896328,0.013452587199104858,1.1906586895057876,0.021777990680575628,1.810562128399309,0.9294472314149745,good
14.52,0.026815705991974605,-0.006068968072543633,0.006874902070696763,-0.016653480212251204,1.1797447292625092,0.013021662073904088,1.7777715728826755,0.9590468541121079,good
14.54,0.025470515095888584,0.0016490336364311292,0.018379861786167725,0.003439131628690368,1.1311411214267897,0.024578342036689384,1.8506856863882615,0.8551948519648673,good
14.56,0.061572532420243326,-0.005277255569289992,-0.010106072941693642,0.005708954493083887,1.2503476624740955,0.012878096071077302,1.86393461904589,1.0023253263393022,good
14.58,0.005768264062403432,0.015107373563215693,-0.03146699852366707,-0.0006587544073086477,1.3082440159905095,0.027104195830673552,1.8481206823276997,0.9582562540227999,good
14.6,0.03819923397373176,0.005066486781301729,0.01500776162300079,-0.0022202712551258877,1.2110538610263664,0.01251506394047334,1.8457700843880849,0.8672814283897162,good
14.62,0.03103620190594401,-0.006999254047731124,0.0013898498916280558,0.003478871498365069,1.225274445612868,0.021993769277569606,1.8066302202423723,0.9095349833317936,good
14.64,0.03321834694337502,-0.005857892815304081,0.008018437209777957,0.002596961529257607,1.2225234765306388,0.028258380575208943,1.8103469888867592,0.869254765827795,good
14.66,0.012541173057026796,-0.0022591251358098394,0.002417482675314204,-0.01244900323850247,1.2011542570046054,0.030091025653027705,1.8062759441903198,0.9437946432007556,good
14.68,0.025044890944958008,0.0018762282201613173,0.01164242917292402,0.0005947224097041147,1.1882513305841886,0.040134792988572546,1.737199105637786,0.8308689449871126,good
14.7,0.021875912839906586,0.0021458833084203478,0.014231082026693832,-0.00988265099028054,1.0732097813525618,0.013829276113527258,1.7547496831969855,0.9407654409247943,good
14.72,0.004660590128976103,0.02864192346142201,0.02191898223588455,-0.0062025199434994896,1.1776498902385044,0.025435682665573583,1.75288243766741,0.8932365197217977,good
14.74,0.04402262189472615,0.03175081533590855,0.0002910764947154862,-0.0065392766948649626,1.2273174482237401,0.004332860513140484,1.7764087679867586,0.9667279872070071,good
14.76,0.010595329110534004,0.0007253836501555735,0.00701151147878116,-0.013858399724200063,1.2282647062111602,0.02490672080679783,1.8396791230693528,0.8692450921023249,good
14.78,0.03297162085912016,0.01140866111412897,-0.006122508965090278,0.012477135174692029,1.3052558250051651,0.037520943108710236,1.76236963321335,0.8893910915275849,good
14.8,0.02601105479062178,0.01647966856770011,0.010670776134616656,0.004825144231942059,1.1432791289207713,0.011300860016760754,1.7229880515648512,0.893171433202892,good
14.82,0.03879044882780673,-0.0074309442040880955,0.0011459592385130158,-0.003017449709481794,1.1495258511786954,0.015047417956685781,1.7681739875445701,0.9076634428325596,good
14.84,0.02920096152287649,-0.006864290351375234,0.006712770493152715,0.015904376985084706,1.2150197411553258,0.02087621174292981,1.790221618018943,0.8566751138292312,good
14.86,-0.0010352837080131393,0.008301707239989112,-0.001438580373793506,-0.0031818782310894926,1.1584867366687497,0.008006972599835356,1.7956352346025475,0.9854180898374686,good
14.88,0.008250477167041068,0.013356791508679867,0.0077046597824927746,0.002986232453464998,1.1734560472238043,0.024291693166962808,1.8510565365941634,0.91283122276246,good
14.9,0.003966335380358404,0.002194497444363024,-0.011039897951218732,0.02102232580021171,1.067535176114757,0.0063791102280667845,1.8389869111815818,0.9870183467988957,good
14.92,0.02909777292052819,-0.008120936597333851,0.028526686532837513,-0.00011877644620323157,1.1929362568380761,0.02562230684654786,1.761430028756101,0.9130057510125278,good
14.94,0.017390920059428935,0.03318505140726577,0.015598013872522444,-0.011106834897705498,1.169159929067656,0.015894160616529943,1.8850338440684822,0.9003023342926184,good
14.96,0.03431890435106508,0.0007352084945606019,0.004551883227061254,-0.0013220770600936372,1.2366404321435016,0.023622926384312213,1.7761227764190566,0.9206968720266796,good
14.98,0.006891147669892193,0.009386940878427785,-0.009283930919998807,0.00788678187248603,1.167184389697008,0.014713110752300435,1.8211266788993026,0.9834955114036956,good
15.0,0.006269529018565705,0.02230324629090065,0.016680845966550253,0.024353711488453098,1.1879690091677841,0.011151677821139516,1.8394447978766366,0.9701464333682341,good
15.02,0.029193134757800138,0.0027843151029389637,0.0022189226300942328,0.021181384108631806,1.2232675029487332,0.03524745292826972,1.7999405067869731,0.9079155097885497,good
15.04,0.02039811284316887,0.007408906458063981,0.00045052685888411203,-0.0010361000951547793,1.1867617202505716,0.027458454804555613,1.7959365296341978,0.9625081055844525,good
15.06,0.030137265354093706,-0.00729886748469949,-0.0032478819536626083,0.005354141689299468,1.266859711691561,0.02458151472227613,1.782513279743474,0.9519449068534017,good
15.08,0.05620775090517699,0.017465644301082436,-0.0036852273207497763,-0.0068948618252720325,1.215950934062748,0.03229666589666524,1.7922401129634924,1.0266785660381974,good
15.1,0.039897362408283406,-0.009103742254066759,0.019812877070282373,-0.0009255291902941694,1.2266121743784313,0.020608046752782043,1.7988563010647136,0.9005565517794871,good
15.12,0.016175059017751788,-0.011434965131294269,-0.004238867125808729,0.013657457154210987,1.2022583828705404,0.025893148638302693,1.7767420006687602,0.907925453177356,good
15.14,0.04190498755741539,0.008470800011480943,-0.021856588435985626,0.03496685157643138,1.2031178250566625,0.013089939860538339,1.8765757681792488,0.8791348764445093,good
15.16,0.024349336128796452,0.010077499156512754,0.00824282955594378,0.007194103272075732,1.252251768098124,0.020775982114779032,1.8641124066666512,0.8897772136609327,good
15.18,0.04036157962364624,-0.018773113197714845,0.011681045818807275,0.010171353112861487,1.2726556716432003,0.01758591206575507,1.792347830225149,0.8276963876704224,good
15.2,0.02551543448072111,-0.016259979167562263,-0.011593211185069341,-0.018070815632799664,1.1759860545079004,0.012412833337314067,1.7141185213448566,0.8250246375219139,good
15.22,0.019966678012937212,0.008436974653721886,0.008267228827887028,0.006254752726642891,1.1617718854016026,0.02143046318216896,1.830781616472124,0.8886277211086495,good
15.24,0.009451213016435428,0.00699447046837418,-0.004083870436624357,0.006202896626172209,1.2178720040668078,0.01502947014059368,1.6767246903890982,0.9075481974889499,good
15.26,0.002531873419122183,0.010556565932323327,-0.011022639049526491,0.004068019185748943,1.2146993845119236,0.0038810056691884155,1.793190881502884,0.8831357476329867,good
15.28,0.021728029409437733,0.012253598022553824,0.010029834266728673,-0.003913252127933488,1.2176337690933754,0.03618915595181638,1.8067457613584814,0.917098919614322,good
15.3,0.04478462436722566,0.03786566444008248,-0.010554880774591014,0.0001267461095368493,1.2351261493769248,0.03252357809837229,1.8115880370309883,0.940296141224967,good
15.32,0.03211661352331889,0.004097579625459878,-5.62304681761816e-05,0.014432646227177305,1.203319249328559,0.02615441565613051,1.7844106224907341,0.8549899154345267,good
15.34,0.023589743522398458,-0.0016687298685441377,-0.014779666401809268,0.010047994820719684,1.2571908472877222,0.014317713345106826,1.7234420658437317,0.969977863867944,good
15.36,0.04958910872427933,-0.013141485843627041,-0.009647540432625529,0.0027762923075455217,1.179834747448246,0.04426049164336841,1.7318939946966159,0.9200477852573677,good
15.38,0.04195798408563302,-0.003642182276171086,0.015682352547322927,0.014498099752709714,1.2197908324165974,0.05187591251359103,1.71172535381734,0.9036970558890435,good
15.4,0.01874495420809229,-0.013454469513457678,-0.003548224766621823,-0.006569114899273245,1.1122586771460556,0.03191341568994326,1.8627548422310891,0.9371582025861638,good
15.42,0.008169840107834303,0.0008920598507314892,-0.01596834558539483,-0.015277775947644883,1.2861081417697793,0.03061338622305655,1.7779017401482176,0.9131000977555404,good
15.44,-0.0057409007418089625,0.0030448064463985776,0.012960593341306816,-0.007232672336695859,1.1641226324993827,0.027850673364869762,1.7974664529735922,0.8430178249893935,good
15.46,0.01845901047374458,0.0008272323532650642,0.006644161998855966,0.014287006781475238,1.1376327610806085,0.0015278812516528184,1.7934987586278817,0.9701127627910334,good
15.48,0.03331760242272553,-0.01444548901610032,-0.003698336839974336,-0.007777657203950474,1.1461643004230875,0.0040006934149112005,1.7762507037968498,0.9239106876386217,good
15.5,0.019977870331231936,-0.009683605077724318,0.002833066357786819,-0.021720351180917162,1.1495757756899918,0.01404834649946277,1.8967546602381213,0.9280290309402954,good
15.52,0.015743691472732736,-0.019689460516070158,0.0037430214503005434,0.002881007543639746,1.0859755283244041,0.011915319072991419,1.7302092459719225,0.9066905446404332,good
15.54,0.02564376883334014,-0.004931200525641882,-0.009686482284457823,-0.012141434823200514,1.2980416286031193,0.008845803384415426,1.857386952503814,0.8596017802727838,good
15.56,0.03902979779083332,0.012130910535312745,0.01044911731418581,0.0016905362350915062,1.268648441289721,0.02454937623558388,1.7764305633101845,0.8573985696274394,good
15.58,0.02599166764235096,0.014531910455317027,-0.0028662674222331313,-0.010865640306283446,1.1404117642464604,0.019978277514132028,1.6877109016163183,0.9693399837492177,good
15.6,0.008895139815586348,-0.005248381059886607,-0.02476010178841613,-0.015889414166447915,1.225918028943121,0.015001384729446735,1.7341669891278977,0.8604815045984873,good
15.62,0.0015747210784926126,0.003946160512402648,0.01137257710764397,-0.000510206999618235,1.2060436304678515,0.03206238038856191,1.8471445179107016,0.9432299417208267,good
15.64,0.02314108059701663,0.015587277565806966,-0.01924215899673606,0.01462361075339004,1.1766206619376405,0.02140361447185215,1.7766432747154584,0.8706286353752759,good
15.66,0.02327999367706339,0.002748937848516932,-0.01752109768455897,0.005226866788903573,1.2146895375787674,0.022988526538851382,1.696852158358031,0.9403010564028358,good
15.68,0.04589526102836813,0.01568792947565102,-0.001787035467460832,-0.007664817223009198,1.161347395617581,0.0058155082816458425,1.7406048403928522,0.9386176520120758,good
15.7,0.024933738169896018,0.003206073052331619,0.0005561263260678179,0.0029503677437798036,1.1347716118778284,0.004106134677499658,1.8820837787174132,0.8823532850014507,good
15.72,0.016397535361715697,0.002712172266344148,0.004969736490453492,0.010275994780067157,1.2114347555804597,0.020633152691558944,1.776245400033358,0.9282799802126079,good
15.74,0.04080851976049293,0.022213343403837127,-0.011836697982050044,0.004089584016271188,1.1962822853130615,0.017526590885472513,1.8414759194099224,0.9347595547237402,good
15.76,0.0278878535463057,-0.0014743792492335646,-0.006393536804391221,-0.012168530659885164,1.1899726678227136,0.02130004174611776,1.7195132254374816,0.8864226778084889,good
15.78,0.02572274845181565,-0.012383704014101504,0.003844227628777963,-0.0111297174351303,1.1563117424067233,0.01667697263989887,1.8585369154367015,0.9253027038909813,good
15.8,0.024908088683812366,0.0005527923546190344,-0.019203424537618047,-0.004578801747586774,1.1549110244550074,0.013308700499018755,1.793286395867438,0.8908852610149239,good
15.82,0.004905958598488641,0.010845298291704154,-0.008167729686873154,-0.008770014025432043,1.1753971217144081,0.01594663135115408,1.686509811414989,0.9411152165281524,good
15.84,0.03212472605141618,0.02787139598047001,-0.012256912410896843,-0.015271040328030226,1.1515880482721275,0.019256339688102402,1.8144037425330977,0.9183856642821734,good
15.86,0.044786158526758296,-0.0095863728639745,-0.011224747330272847,0.0012726647539013604,1.1536550528941014,0.018906728645612443,1.763895724322181,0.907027719514869,good
15.88,0.04972170904199857,-0.009051704650601518,-0.0003971609664281657,0.022283828471631958,1.1686457988839984,0.02498424887291726,1.770181831428869,0.8972364409749994,good
15.9,0.024611085360562068,0.012699403289357708,-0.005046520652847745,-0.0014902788258787454,1.1568226004216502,0.030791721727075814,1.7394392349191152,0.8489965296786057,good
15.92,0.051092933990931795,0.01419072581227759,-0.006100740354191538,-0.008798929762531936,1.2434789294286088,0.02887249441083526,1.8419718055160628,0.8868269876195926,good
15.94,0.03138017629511358,-0.014818593445448473,0.017913688312258907,0.016021448222534217,1.2395107508938437,0.003965161395327219,1.8246382600542461,0.9010366165089531,good
15.96,0.03160659333501557,-0.01043786969862108,0.013694637435517744,-0.02770970013523538,1.2217646329261247,0.01652379370742739,1.8177739187468045,0.9043964882067053,good
15.98,0.026364786303779718,0.009758368705561647,-0.012312824352341958,0.007804656786691091,1.2228511855809945,0.010643360242477144,1.8317087040225442,0.8249983749208075,good
16.0,0.026856543485835323,-0.007719289302942216,0.0035869545217335893,0.0010609114540958134,1.2290196897932486,0.026833305193660693,1.8652510939483917,0.8667540749850466,good
16.02,0.010057126917383398,-0.022365575067742612,0.0016929751631003297,0.022939212509660883,1.232653077835548,0.013995294781767257,1.8551913230148642,0.8508806953436323,good
16.04,0.021869220428089357,0.0030519992496294097,-0.027990593883342112,-0.005456288484869508,1.1238216122327138,0.030038498746989408,1.9150838033519944,0.9105513211043386,good
16.06,0.016593462174555703,0.009430022359428709,-0.010139968063650565,-0.029061348062889257,1.1189202830822824,0.03014518739969316,1.8269349587175014,0.8387433342692017,good
16.08,0.033385221219614736,-0.01286287180062065,0.009759022316528424,-0.005530609501444236,1.2573125817856579,0.02727119061973903,1.830601613229355,0.9472056678377224,good
16.1,-0.0004768026321467418,0.0042597484490423,0.011349080068355999,-0.0017259614949152405,1.3153294382046075,0.005040620910195782,1.7372077886468316,0.8902767875088369,good
16.12,0.008935368185588728,-0.014772725570079527,0.002455319576888542,0.0035457011296280557,1.117841157802434,0.013631332432870973,1.8230226182062055,0.8507246784137231,good
16.14,0.005731076454767183,0.005723443815611041,-0.014214020854407428,0.008435478843331855,1.2243039058877143,0.021475850984419422,1.7857327680663446,0.8795273217905675,good
16.16,-0.011778239025824281,0.007030627725259132,0.027212083713544298,-0.024402457839013014,1.2218328683252344,0.031106420037764523,1.841414322374636,0.8820298059961436,good
16.18,0.02999073890270872,-0.015058023827463287,0.0019406529200879327,-0.003980984922257614,1.2077380898510028,0.03741767441185251,1.8329070627704493,0.8493001534137841,good
16.2,0.003398192519137782,0.00021155909831175576,-0.02259884011730897,-0.006989970145318694,1.2253134832154153,0.025609753353077545,1.8056390042019919,0.8611548096988153,good
16.22,0.019187769191185824,0.021763882358153814,0.0030706599196885336,-0.015320520774745008,1.2112380202539217,0.0014428829723735204,1.825492140728633,0.983208797489912,good
16.24,0.01449098489180642,-0.004391744292890804,-0.003295876813943165,0.004928452525824179,1.251097670519651,0.028028191338492648,1.7618701956065206,0.8481154568731073,good
16.26,0.006702685493795881,0.0046472435740492245,-0.007706317009181317,-0.008327521341121321,1.267132658324283,0.018631025227424734,1.8547615371672868,0.8404580735544447,good
16.28,0.004131645260207816,-0.002444211323997669,-0.019928006634417135,-0.011536413214720058,1.159150188782488,0.02424345874445603,1.782918598379802,0.9444408550455232,good
16.3,0.04575359882910355,-0.0029370548326045705,-0.021054452632956782,0.023765149138489504,1.1367867425091982,0.050206792096941164,1.7608992079687116,0.8580286016465719,good
16.32,0.011187136257652086,0.020405480134692223,0.014640891720321476,-0.007625682896328023,1.2179062094592727,0.01836771143561169,1.77042194228359,0.8436278354943623,good
16.34,0.015174687919175292,0.0015322907663025838,-0.011310640034005148,-0.01696176550347094,1.1928159117328674,0.016417396730532146,1.741811714858396,0.9558428836002772,good
16.36,0.05145609681643753,-0.001541166503699525,0.016596548443489668,-0.020978427145192158,1.2114650521756014,0.01656760760526511,1.7363956775802831,0.9119578444266356,good
16.38,0.028320503719269256,0.0029400805911046876,0.019477025988791034,0.011937033249568933,1.111795553471648,0.009876208823803426,1.7726110708127365,1.043918873118418,good
16.4,0.029200538343043057,-0.0020654884835652793,-0.016738497053966257,-0.012634441300623703,1.2130934915273126,0.027603734492473095,1.886238277089865,0.8893664576715389,good
16.42,0.050439210764513354,0.014830628464813048,-0.006422110722254452,-0.021047854070972212,1.2366170177125104,0.02427497673193274,1.8588741453867832,0.8940279859231808,good
16.44,0.034184944270058915,-0.03350240912175227,0.007868268569166937,-0.00796237870357779,1.2085791799930146,0.022622757897912335,1.8367764126793062,0.9582832473222223,good
16.46,0.014069791217442881,0.007436964436329977,0.0204270419927952,-0.0017617180912198323,1.2649031528265242,0.0,1.7379729256549825,0.9046693349959937,good
16.48,0.018439944701142807,-0.006190528776607057,-0.004908401733142929,0.006690459324205346,1.2278896847144343,0.01792329444144819,1.893180268152516,0.8959349446579076,good
16.5,0.030711069270649576,0.006038212809837924,0.00045815167434126204,-0.014473193649446743,1.1891495945724915,0.030927220573374898,1.8217460279966888,0.9117003178562447,good
16.52,0.019563109442423905,-0.02048431161375426,-0.009177825575372837,0.011541906958398159,1.205414829603739,0.0,1.8323492760956601,0.9445574465354103,good
16.54,0.006480647152058984,-0.0029730999568299775,-0.017836278137000314,0.010451739996535087,1.1465868214632247,0.03957093221892368,1.8469858360326288,0.9135847002911632,good
16.56,-0.0037291222174442077,-0.008401696914940214,0.007569033203393029,-0.014871128064690682,1.145378192071296,0.003443132753963674,1.7961114426834373,0.9439580622862903,good
16.58,0.01821774087367823,-0.004934819811495863,0.007516595497402942,-0.036459049540397824,1.1492082545708608,0.02325051942715834,1.73011791157083,0.7954523591194942,good
16.6,0.019848116837420507,0.0013341243071882608,-0.009520537345331872,0.01089702041936851,1.2571063762170855,0.014397802108200278,1.842208221692734,0.9844871428670644,good
16.62,-0.003708950001376004,-0.020624300716290872,0.0003661403355717203,0.006415870562377263,1.2277148774187716,0.022101100029892243,1.78812419824177,0.8921770093485677,good
16.64,0.02748785801171917,0.008248538773509291,0.030532306945121254,-0.014376245687736959,1.238226600965342,0.012182261839186779,1.7367157589856481,0.9846771971404943,good
16.66,0.019299618179509048,0.009056607191189255,-0.004856717576733346,-0.000620220735238697,1.1972054818576103,0.01852202297529108,1.8365538473112826,0.9364162195883629,good
16.68,0.027038724471713068,-0.0043589242988703114,-0.004784011354744428,-0.012033995912855228,1.19210048098128,0.026056184861894694,1.8203686714067189,1.0218701075466226,good
16.7,0.006071320918724723,0.005586318273788619,-0.028972986396428417,0.0021482043378914153,1.1727573196042238,0.0159659005168512,1.8147753831388211,0.8675007061816341,good
16.72,0.02738610859525517,0.0029905039242317417,-0.00279013136594704,-0.006065779968582154,1.2385906441679337,0.04901006738467313,1.813981537088841,0.8910366567574132,good
16.74,0.01794944119626528,-0.010376062502315361,-0.003713414182690703,0.014104941998344575,1.277884234756364,0.03318092975642124,1.8620030431608834,0.9025496131076711,good
16.76,0.026491068870693652,0.03341710669564786,-0.0018806566283438256,0.013539667636196927,1.211526405376827,0.04026237094500836,1.7935265891491268,0.900041632678346,good
16.78,0.04371694389837971,0.008689134629965041,0.003700830878327036,0.011527791845222013,1.1945174910361034,0.0070004063618020656,1.874583892134087,0.885592097697491,good
16.8,0.021872678859200814,-0.0056036665566130805,0.0006980184664450422,-0.0027783704632121375,1.163575672635749,0.0313125517545357,1.7437150139287252,0.9325194966949953,good
16.82,0.016628467872706717,0.0026649038379478996,0.0031760327723540007,0.004988073087411894,1.207425676436487,0.02960987873979902,1.7861704137054046,0.9507728767914525,good
16.84,0.035006788451754055,0.03979056977135199,-0.001480415303777274,0.009826305852512136,1.1614844265948567,0.0160955066830198,1.7441284015555065,0.9234468902491635,good
16.86,0.01831150513951467,0.007935427916084146,3.8177008284195755e-05,-0.003914258104598296,1.117145342780299,0.008134976901764986,1.785604116357273,0.964228162996308,good
16.88,0.04181368697900697,-0.015829548072142853,-0.030310776925368134,0.010830722721035189,1.2163421561108045,0.01736717758683165,1.8854181221544752,0.871422665629279,good
16.9,0.035587194114575185,-0.014591923860357911,0.011159669050422923,0.023652567806364624,1.2354278203914124,0.01795979701343871,1.742881024868403,0.9404136216209514,good
16.92,-0.006031862845701529,-0.0016074952010891393,0.014510085218359128,-0.0046991523060077355,1.2549010547002832,0.01893580380187219,1.9451813164305225,0.8761086466880633,good
16.94,-0.010829651585459446,-0.006981926752940465,-0.017674807739497183,-0.016895669374172362,1.2138109177704672,0.0191015937485035,1.755449519165512,0.8554044540188193,good
16.96,0.024418562313520315,-0.009571253942301556,-0.001770703981178683,-0.024276298427466002,1.1880792108688325,0.01341405262509614,1.8179630693699527,0.8360093932085914,good
16.98,0.009109295816485676,-0.002577986083617446,-0.011602234782024662,0.0009559118419166556,1.2169759826432156,0.017228248088186893,1.731317074351781,0.9110719483163634,good
17.0,0.04684655720809587,0.006314203241441689,-0.015497153831204782,-0.0015100356531733766,1.2117157898686353,0.003706191834352537,1.8175721027636456,0.8878346872906385,good
17.02,0.03793241605121114,0.0029294255943926165,-0.00015844055556578457,0.017345784635024508,1.2167668347444722,0.03930070678983079,1.743302831834255,0.858929073473655,good
17.04,0.020667978248865935,0.02439601219206219,-0.024763447329003256,0.014621985082799256,1.2385485716547215,0.02192554863940195,1.8455336932191253,0.9023944709587673,good
17.06,0.009572032776132097,0.0009639036130827366,-0.023339094669174658,-0.0034188550552911776,1.2170831248043272,0.023673745638032474,1.7615137408434594,0.8023107876995593,good
17.08,0.034969908684336755,-0.0015300954226074473,-0.024550803516974907,-0.003894841629443032,1.1621245159010571,0.023591226504252306,1.887864711746346,0.8991328000482788,good
17.1,0.04919726446400691,-0.020782339418850992,-0.005539017647137687,-0.013935797664463404,1.2027833703417077,0.018383185977098926,1.9591960798087038,0.9121890861449774,good
17.12,0.020271589340140964,0.009027854992948559,-0.008981756494820373,-0.04302221005714169,1.1592680009497631,0.030206496347215533,1.7930375438981776,0.9857293671676366,good
17.14,0.027835273212493905,0.0005267483856781372,-0.01016728757721783,-0.02631011126160667,1.1460582337252974,0.02365030057274966,1.8495683136555652,0.8340659380712695,good
17.16,0.012659015436302691,0.010415606879263748,0.02808645612746046,0.01792740917392104,1.2904731160029461,0.0,1.7525237848988047,0.9249285002083053,good
17.18,0.029195095020119508,-0.014210470290754952,0.0039016111079379933,0.011929462843784015,1.2572815729943159,0.015946530353695514,1.7377078131507007,0.9472962762927102,good
17.2,0.006823641910307288,-0.006787269713109116,-0.00020207462228071286,0.006018875925822985,1.2174869374842758,0.020948407609667347,1.8719387445589144,0.8685331595279033,good
17.22,0.033854850744244644,0.00042055548416714754,0.0013445542715730288,-0.009658958770551387,1.2636789992484327,0.028002316688156927,1.8816480973179945,0.8983924959606295,good
17.24,-0.009370401966009674,-0.014556888101107984,0.026826844076814346,-0.003918113667854289,1.1285584563241213,0.0006126438728076988,1.7796046323512362,0.853583119545399,good
17.26,0.020814099241385976,-0.002028070321871488,0.007151436267411199,-0.013882532548624238,1.187989072372841,0.007661532233343617,1.6963837973970612,0.9273381774177127,good
17.28,0.010878859596673878,0.013137627536056412,0.0008752655382635487,-0.0070516409684668446,1.1599580591728045,0.013663586114139033,1.7678668903762196,0.9671830486083184,good
17.3,-0.004514950317613966,-0.00552628723901487,-0.0029164859672571606,-0.005727294911082481,1.1752571637795792,0.024785079838014007,1.8315389686649646,0.828632586770666,good
17.32,-0.005963604434928129,0.0054047688984320665,0.0002742158229705677,-0.00705621380011032,1.2204638918464026,0.003222379196321956,1.8643238011380632,0.8376423764707119,good
17.34,0.023143945144200973,0.0150727153774864,-0.0031974893408936544,0.037433521510004494,1.212080690860998,0.03101167640358319,1.782478936919193,0.9195629061918801,good
17.36,0.016247647712904878,0.002130573510507612,-0.007350879028986326,0.010026310521634513,1.1781599097144784,0.02228243299225854,1.7768993271933728,0.8991783685537308,good
17.38,0.05547082104355468,0.000536891421286486,-0.012376016167843416,-0.01174871373566599,1.324346526351952,0.016031402439188366,1.8521340424355173,0.8582123279905894,good
17.4,0.0012276309928626523,0.01050714159266622,-0.0023613753589757916,0.0031935061961793176,1.2028816045307245,0.016129944073674622,1.905220386685569,0.8386722548470262,good
17.42,0.020159913136089513,0.011667429260727617,0.012795219986971817,-0.002154808052916492,1.1882789431688963,0.015391944162914119,1.8214805246212038,0.9113733836966734,good
17.44,0.01929904666710131,0.015198709339688426,-0.008483766701469903,-0.02196722794988318,1.2072574773078295,0.0040692822009099254,1.744765866442507,0.8788858517270798,good
17.46,0.03722334082574393,0.003515309206622776,-0.0024765318270585893,-0.0064113642401986744,1.1994842477323755,0.019143176812325174,1.8068578825053276,0.8774036980910423,good
17.48,0.01652010118978627,0.0009925839227092415,-0.005918130263985404,-0.018590145689632374,1.1601438561785236,0.025946526903081853,1.8564858334435455,0.9645400823994842,good
17.5,0.025576996159157633,-0.007680553543752763,-0.007582829759565594,-0.023147109295454854,1.3054254536487462,0.022495899967575672,1.7385298708750767,0.9357105292797087,good
17.52,0.017050222619095622,-0.007748661151761468,-0.0008389705769986509,-0.015679393335360396,1.2216812798915633,0.019261631296139715,1.7887743626272197,0.8229009167598317,good
17.54,0.010371688023219989,0.020133461620352833,0.00461936212988388,0.018443885451151592,1.2370393738640872,0.021799142972413928,1.764595379496189,0.8465226130496015,good
17.56,0.04144994603763859,0.028576316820413752,0.00017324252786515306,0.022513521234810593,1.1879535203278644,0.009231544425558293,1.8540115982837053,0.9746280681865377,good
17.58,0.018303088665818656,0.016423707833400206,0.012591775602880696,-0.0068295256195497955,1.2166676293491734,0.01303638457811263,1.7690827773525843,0.9396413550684191,good
17.6,0.0368101613456743,0.010085671627885371,-0.0008033260965442463,-0.007133224845468001,1.2113432779145024,0.0229581454878364,1.8240975949138147,0.9592895571774206,good
17.62,0.022910732002684325,-0.008318734002353077,-0.01597341658636829,-0.0026204289159066072,1.265696185438818,0.022397289039680583,1.7980401220199886,0.9180563281782728,good
17.64,0.020663647908167437,-0.0018847105385899595,-0.02609750815489109,-0.006239237165771308,1.1840376507684713,0.004670989435722919,1.796759584308661,0.9131690759703184,good
17.66,0.030064970276134154,0.005100346262901397,-0.026697142705500523,-0.017193100760390816,1.202567012483171,0.028321079137952475,1.7746706206027145,0.8623360980244402,good
17.68,0.003505735159477891,-0.029963371869271848,0.025429226539226676,-0.015355766469271491,1.1951816057859084,0.008497091337876787,1.881207494116704,0.9172882562617963,good
17.7,0.010674839102666117,0.018195742450396336,-0.009643002023475001,-0.000488827141126132,1.275892396303029,0.032392338727785956,1.848829182189264,0.8862661642153027,good
17.72,0.027794438587204075,0.014632881720798926,-0.004810858574945917,0.01904142845877335,1.1815812036537372,0.027603488665767156,1.771360848165518,0.8458750341601412,good
17.74,0.017429605500277705,-0.02979755466513145,0.016414382408317538,-0.016108036958593693,1.2230598849518526,0.019651998377213337,1.8436541968443274,0.9221584064988585,good
17.76,0.044879005264266116,0.030632611596634083,0.017883748573347118,0.007928012826123864,1.2514302796808252,0.017224979914510493,1.807661038733894,0.9309857466482093,good
17.78,0.0147039506343427,-0.005925354976761387,-0.017867406031300166,-0.02339854703002216,1.1698312523293684,0.023687338175419948,1.799180083765667,0.9677925599740802,good
17.8,0.02142278908978514,0.004811794661092452,-0.006485254964323046,9.830543891377436e-05,1.202921015394249,0.030954477196959675,1.744690416621819,0.9524285921353828,good
17.82,0.030646629351813524,0.027821686258827,0.007661660382740909,-0.02074758997428634,1.2592662296290946,0.006753229650794834,1.766448424754241,0.9083903021968326,good
17.84,0.0058566241512955294,-0.002820335892911528,0.008095756565954102,-0.005846524325930163,1.2758038040860948,0.014631286907750637,1.807559711269724,0.9354917001307023,good
17.86,0.035245551233772814,0.020007195957841548,0.01651194600530447,-0.031044840287128492,1.231933957684648,0.02498985500922837,1.8012033434532888,0.9063335964553276,good
17.88,0.045440449498202556,0.01129138484803873,-0.004124535720898956,0.012771963506426221,1.2224697154765434,0.031217556431230843,1.7631183389050649,0.8754795059749036,good
17.9,0.015146189229394001,0.0001524949364757895,-0.023538753067870028,0.013467564872624859,1.2687707920465643,0.006660673167038067,1.835483172101303,0.9208419058505174,good
17.92,0.029661621916655515,0.001137675186005994,0.021899966870309782,0.016468549201693102,1.0733631343799737,0.02152773304495742,1.8069520285707892,0.8839804961787309,good
17.94,0.03573418191439673,0.0201366894964223,0.01249731259287115,0.031171572736517935,1.1834961231596466,0.04751480844021156,1.8462756778676557,0.9020431776271689,good
17.96,0.015822185985608403,-0.0018329435823397943,0.014277834152373702,-0.008469221179998385,1.1316630434016592,0.02318430315772244,1.8311950451026937,0.8792952480219464,good
17.98,0.028764322008432208,0.006489289825699945,-0.018176155608319318,-0.028670955289206754,1.2373019387816935,0.008169051564067123,1.7957070876422834,0.9044941650780942,good
18.0,0.03673107718133823,0.010760026027920016,0.028165570281059604,0.024293759111372475,1.16356881779564,0.0043396067070567,1.7957675599656056,0.8649971805642509,good
18.02,0.05312370991587427,-0.002505463472052936,0.02092929792768285,-0.005082859552089138,1.218329545592981,0.03396164135030874,1.846378393049082,0.9242314007595258,good
18.04,0.005103711506362743,0.010793335565572623,-0.013525276698738193,0.006156302030354213,1.1679835137409906,0.03265573137935742,1.7337273228406427,1.0109391618392347,good
18.06,0.01137208141745966,0.01605161125687372,-0.002977053384846761,0.009699171986152454,1.1639775763192701,0.0194799494373495,1.7383522311672186,0.9252047804051087,good
18.08,0.005693858997280214,0.0005526276531204636,-0.011566010347101521,-0.002213212851799488,1.1955664277936005,0.01269283378324158,1.8077867155929914,0.9420989421340424,good
18.1,0.01877760501293613,0.013983131218112545,0.01236658795669724,0.003692073316775887,1.09998416987723,0.027886333116400607,1.7150960996282754,0.9430275352728488,good
18.12,0.013552891717299644,-0.014152204262219277,-0.0017999222635205075,-0.005671281262737218,1.2674692092859237,0.030924603530319204,1.7379593309726253,0.8963484204623677,good
18.14,0.03300077303287439,-0.009567541890952736,0.00693086966645672,0.01002937405173663,1.0492499963606607,0.001188192802211494,1.8724178877824307,0.9442392545040376,good
18.16,0.026699396092795435,0.013479424823389161,-0.0033992336996425364,-0.014903245606807848,1.2482836942724285,0.019215017365022735,1.7997113616257527,0.8444258629185024,good
18.18,0.033772443536276196,-0.015654337431444728,-0.007497623818618669,0.00465966885846993,1.178281570750387,0.012221471605432313,1.8010437511598971,0.9521885465963046,good
18.2,0.03639603928969233,0.023541462795769696,-0.004485730122987661,0.01626803366365741,1.278521596969686,0.015567189472659893,1.7445267846508492,0.9589442241265033,good
18.22,0.023431311266185112,0.026554687302438207,0.010616769838749623,-0.0026265463838618334,1.1988560638793055,0.03157525309099763,1.9506007922345905,0.8710845284593626,good
18.24,0.04575005287980792,0.027188398131896087,0.0008037109170444361,6.115243233476907e-05,1.1360485447015878,0.019944674725223308,1.8106733857926325,0.8488540817504113,good
18.26,0.04178201011435249,0.0325825537843955,0.0052946539471844046,-0.010565854103054087,1.2176851819146255,0.020400489730039908,1.7685456071880876,0.7803458601847717,good
18.28,0.017691554368318728,-0.01093853850116597,-0.014019104295758237,0.010973697410150758,1.209885056343069,0.024172457602563036,1.85400640933191,0.8866400914874656,good
18.3,0.024829132719444053,0.017651611273039908,0.006645674927271023,0.0019297975760669446,1.1238955038079363,0.015242895581819241,1.7753190608610607,0.9342465613597188,good
18.32,0.045114147732814136,-0.0327725626791088,0.017425790360806905,0.03129919631284441,1.2024459987920955,0.012962093034180305,1.7925011585858177,0.8934629210516419,good
18.34,0.025785803318536554,0.011766057526928794,-0.004378117417199776,0.007382586723702141,1.1978693190503906,0.0,1.7953455188864134,0.9353567103020726,good
18.36,0.027086588359323864,0.008729401232017894,-0.0008236231733794937,0.006470542599850184,1.196231314894103,0.02242096458996916,1.7192482746546756,0.9228734005813081,good
18.38,0.007459166387471793,0.011827372806688842,0.007299182725407223,0.01812080702027391,1.2459839391492875,0.02991108479901057,1.7489795633078573,0.9108595812620633,good
18.4,0.0152807911526551,-0.012532872835118237,-0.014027546563935452,0.027256146708391497,1.2233211610350128,0.021227546918544626,1.8422211814994613,0.9121450034418711,good
18.42,0.017045232252513125,0.012398430103703081,-0.016761850831974342,-0.005874673762884868,1.2689005313399584,0.025530622109828933,1.8310529008363363,0.9015853536617267,good
18.44,0.027580270063011045,0.006881455463614001,-5.604283381968423e-05,-0.0031244162632333428,1.2906076286476285,0.02748140157165758,1.767766459091995,0.9602624986316076,good
18.46,0.01658804875900883,0.0025288160420832142,0.011165843506172994,0.0028424373885061207,1.101201997803458,0.024606072668067358,1.8342359643482005,0.9183365368300344,good
18.48,0.02995849401350597,-0.0022502189801318394,0.0011834880010782518,-0.007549562460945212,1.248769139123459,0.023105013034339903,1.8237049329056618,0.9839067884483046,good
18.5,0.028949590088995218,0.0185072329666142,0.015769203843014824,-0.014407682788585754,1.2235782899417953,0.029577668543967622,1.824351541134282,0.8483932080454318,good
18.52,-0.0021302727727629646,0.001988498831894271,-0.002155230267746605,0.02189953212868576,1.1875880061358868,0.029241502566359462,1.850579580224224,0.8889342298872436,good
18.54,0.03720465318431335,0.012350331183077625,0.0166466331591589,-0.002485480005250338,1.2007216077385705,0.01033395637886849,1.8548400406826044,0.9128657767806629,good
18.56,0.006040856972279843,-0.001817801612356815,0.011269659465571314,-0.005077941885641311,1.1731139546317388,0.016772691962085733,1.9118623299548079,0.9403901936933653,good
18.58,0.013078703826286073,-0.00020748150353811493,-0.00330780688106267,0.005644450368169228,1.2051395851504803,0.022375012747166693,1.8862483157068624,0.9077274945118762,good
18.6,0.042840953678036885,-0.008596876354191662,0.024545582110629016,0.004478175331282521,1.2266761475763213,0.015113712232045015,1.7833472382968505,0.9106418282094331,good
18.62,0.04121379623767966,-0.0024245545254919752,0.0017288439489345326,-0.013643173743035029,1.228725611666956,0.020674032890382082,1.8270338267824342,0.8972169238538658,good
18.64,0.011466667400957248,-7.254977006278898e-05,0.0024138895400548552,0.019764267895218793,1.2110327996959411,0.01317116094556953,1.811549521620259,0.8798653634861955,good
18.66,0.028485038062351992,-0.018102490404033573,-0.010449924406785296,0.016531402285303018,1.1161420670058264,0.03212695050014338,1.8331384409367222,0.901756414190305,good
18.68,0.028221482213325957,-0.03548842884154447,0.011984929629799768,-0.01171015793524289,1.2321708340560908,0.02378116399324827,1.8312410425262962,0.8677767305226703,good
18.7,-0.009482631040569603,0.007499878138637647,-0.0008296818404197319,-0.015476416592231007,1.1109702010716942,0.023759929419035607,1.7394670034044173,0.8421722625209431,good
18.72,0.017156483753653074,-0.01563174876459608,0.01010673671350184,0.0015687279590344422,1.2300076456841513,0.025136547536993677,1.8199947818568762,0.963806256292747,good
18.74,0.01767973323714035,0.009312467044561387,0.006813321379097784,-0.01566994255427641,1.232256522342297,0.0018379899789944055,1.7806704865710163,0.8831327611136996,good
18.76,0.010115301726619608,0.019380323252155926,-0.0015895071731278142,-0.02513853667714288,1.3348990714122608,0.01849651393314504,1.7782848995428433,0.8260024221726581,good
18.78,0.01654557777588872,-0.009684182210576604,0.0017494278444469867,0.0011701112306836462,1.1499042697724686,0.006679289535427318,1.9041239767638771,0.923112462778188,good
18.8,0.0016417795248949833,-0.014474502925934144,0.010619734134194281,-0.0013781856617064974,1.1522781077960838,0.026805775575127002,1.8070078767149476,0.8274400249963602,good
18.82,0.0180387508311839,0.0021217823883783473,-0.018954663805945095,-0.008638961975833892,1.2253864713073928,0.02930108753736975,1.8623268267916462,0.9720433928158427,good
18.84,0.015939313522449497,-0.0289764006672363,0.013880800782652762,0.006243775665283134,1.1941116852705211,0.026024426288149795,1.8843839359243895,0.8612412589521721,good
18.86,0.01657107587571876,-0.013972212762704826,-0.015006808933864269,0.010052067045591726,1.3307429447269232,0.022517150416451265,1.7150478449983262,0.8436688199816885,good
18.88,0.03793941428947102,-0.005141696822899978,0.017264120393142745,0.0069058879401102955,1.3121307539913458,0.029454111617642376,1.8009114211354622,0.977617825087251,good
18.9,0.0026634504448592947,0.00420889816792264,-0.006593924075710556,-0.002951051301622349,1.2083228029243216,0.011954719395386986,1.6422273548618052,0.9870882891282774,good
18.92,0.0015287056364451763,0.0007258500420579536,-0.000338534917738363,0.010296860879290803,1.259264717853256,0.025149856537859342,1.7784082362501958,0.9213316546337379,good
18.94,0.015735783953091415,-0.00917061969345796,-0.012367976550829,0.00044850955167000643,1.1956557196663289,0.017051928048895965,1.7284408653589651,0.9531982928852405,good
18.96,0.04969584814927636,-0.008595644251272037,0.021476750917078156,-0.004111187573424682,1.2029557802008817,0.0,1.7925211516965673,0.8121551205385308,good
18.98,0.013551616358586009,0.015147278881174295,-0.024514561447939464,0.00735597481377371,1.1454001541159304,0.02000847301890214,1.7629543235496234,0.8665809382497103,good
19.0,0.029483007187747757,0.008216634741351045,-0.006650645660174237,-0.00936074882893267,1.1814365479655549,0.03293814614292252,1.8008160187473885,0.9467205109057544,good
19.02,0.016114222341937174,0.014834476279161315,-0.0035514684759804685,0.003691847306169662,1.1684105440878114,0.03593304171263752,1.7980839776637971,0.8296659222275807,good
19.04,0.01598754461195912,0.011171490408194502,0.006756876353586884,0.015517094897925496,1.170287349654053,0.009918802242050707,1.7859180388459774,0.8764247510781165,good
19.06,0.022236071055563942,-0.0007585830547074249,-0.028845006215308628,0.013213855439467103,1.1881966602943166,0.032713984756745834,1.7798841065828268,0.8023079566599634,good
19.08,0.015488032089039361,-0.0011307230918062613,-0.014647535329152403,0.010928212235356486,1.188646669773224,0.036767271846745136,1.7421893634080712,0.9480668438168263,good
19.1,-0.004126849425167827,0.01285381965946007,-0.039768565286547174,0.0002340173849891223,1.168267129895124,0.02721766596616681,1.8733816127740586,0.8399672532614575,good
19.12,0.00816561808342964,-0.0026447165653056335,0.01612068625997974,-0.02296771331759952,1.1803267662110708,0.01302826161108757,1.7838572218499549,0.8820430227773866,good
19.14,0.02063674460631546,0.008521347688852815,-0.0015840782947092837,0.03283072136036604,1.1563157796575123,0.03706549628946467,1.8183175833469039,0.8800062290312244,good
19.16,0.046930062758202974,-0.014004356554365417,-0.004351329271122347,-0.01558770943677659,1.2733631112302646,0.034353339578648355,1.8111285062989078,0.8972839077250693,good
19.18,0.005541812129850272,0.02444672954350016,-0.010627931494435593,0.014623821507960986,1.214590106995126,0.010283147426633402,1.7506130199994951,0.902022814731497,good
19.2,0.018680823624584637,-0.010061794313487764,-0.0071395530896103555,0.006922300522604598,1.1314536903993164,0.031109423320857556,1.9023475923440734,0.906305484474474,good
19.22,0.029484392819241003,-0.021864306003647915,0.007931783169254074,-3.7206263449124064e-05,1.169293332727386,0.023532302646964237,1.9011383878014385,0.872588144726283,good
19.24,0.026176897715705846,0.006507488475530155,-0.004782696158649544,-0.021456879682834204,1.158555395509144,0.016965670943573118,1.835470011923319,0.8350358718865174,good
19.26,0.0032572940539506074,0.00903260044824492,-0.003845414991634322,0.0037389768139668047,1.1534155989229484,0.002681695219094773,1.8134775817504425,0.8702798853614442,good
19.28,0.005206606000632622,0.014799827555823148,-0.02121817713725744,0.03595251061096674,1.1181517157520289,0.024091915101422542,1.8430752785388025,0.9218302742745859,good
19.3,0.019598181832891855,-0.004518834256803868,-0.009849057834625375,-0.003853073623579348,1.170654502206438,0.03774912638702925,1.6959154247683088,0.8899172688136069,good
19.32,0.017964098904902914,0.012058692031301943,0.018023405879463574,-0.004533753220957599,1.1548629059225095,0.019902826600930262,1.7196672621913343,0.9466929378005179,good
19.34,0.02718903170438146,0.015897703972907334,-0.0005195601866432259,0.007418176092138848,1.202367263908334,0.020240918649440536,1.7736509389007182,0.810016904301517,good
19.36,0.023465329773581827,-0.005452740183496052,0.034869607042137825,-0.009153365016289957,1.2311450406709996,0.010776345274280731,1.7975034983771343,0.9019179365307306,good
19.38,0.026975751176056415,0.024446832642685642,0.012068799048786036,0.021956508493225637,1.1989483279938944,0.013986729458223336,1.7130795398972212,0.9341278773274937,good
19.4,0.029494922027063858,-0.0113864727273967,-0.0011390336131685416,0.022011099528105083,1.2051935897462527,0.024798425927682447,1.81308526784452,0.9437960845951033,good
19.42,-0.01222334585018106,0.004963554975902509,-0.00878353768353582,-0.0012941232287692567,1.1713252713433677,0.019775571572571062,1.9250851825943336,0.9338226251603111,good
19.44,0.02480071165497458,-0.0009696350939408826,0.009154276087634453,0.01740825690436168,1.1034585948057285,0.03226005540562951,1.7837711458125816,0.832574688521123,good
19.46,0.007642808262236361,0.0006332801204267567,0.03325641380621757,-0.0025678147070241474,1.21121076613984,0.0207804664143364,1.8632910763605899,0.9076627382008702,good
19.48,0.011790418407190166,0.010049464683351775,-0.01900901619388408,0.004346491910423331,1.176883723766834,0.015418139244800757,1.8161004617401602,0.9872034235235989,good
19.5,0.03537419429191067,0.013151706899348345,0.009841516911694033,0.0326794277714186,1.2561504644454113,0.019584759411600566,1.8366286247070314,0.9564820339720814,good
19.52,0.020438251200694348,0.001741858121545721,0.009176066251393817,0.0072695525201728825,1.2070305984207423,0.017080204147606234,1.79968772509725,0.8316248006943987,good
19.54,0.02509515419184254,0.007427046258918317,0.004730564743718669,-0.00015624054249242775,1.0939543037217108,0.020675841758534902,1.8212340162111795,0.891175895846893,good
19.56,0.024812294035165945,-0.01896290992054843,0.016891535459544683,-0.009791520024006206,1.161983030991429,0.016296524447328275,1.7798358777528056,0.9378698459968106,good
19.58,0.004377625965503698,-0.0095868532268217,-0.0005943238482990162,0.0052385228461108374,1.2870744597443595,0.013579173578646655,1.852129293070227,0.8043412318435487,good
19.6,-0.0006027677691845797,-0.001802675522891192,0.03540061648286076,0.006194719199133116,1.2189517261678642,0.006732664919747202,1.8374498497326948,0.86621360474558,good
19.62,0.024458416248158466,-0.03239142539007167,-0.00626682141688355,0.011181146389920245,1.303497091723183,0.014806457363740904,1.7971351839998322,0.9907013825082627,good
19.64,0.013704160182261685,-0.004547927545872881,-0.00374568472313493,0.0013735393302621642,1.2325928700772548,0.025087857098788097,1.8054975542873646,0.9322943876197249,good
19.66,-0.007075069397143042,0.011989656907205012,-0.0004912531830452439,-0.0317559715129317,1.2073643476809643,0.03227383941055804,1.8488348874714418,0.8920913711131477,good
19.68,0.026257429989727826,0.035046069782619337,-0.005231650082017673,-0.005433095634890709,1.1699564714356416,0.004309977926749229,1.8269772533398505,0.9701594031144948,good
19.7,0.015332172851311209,-0.0077462912913643924,0.00028513253560840497,-0.02552242128704248,1.182836889956725,0.02562061605595134,1.911548922002725,0.9181071880175515,good
19.72,0.03620899433008431,0.0006383130740397424,0.009616312301039848,-0.012428773276686074,1.165497431090825,0.023182613548807452,1.838556200211645,0.8297845336787173,good
19.74,-0.009317507059056838,0.02337345477907632,0.0021683910954882024,0.022638369958957478,1.1616591947401416,0.01620529361112331,1.858938033478746,0.8699554750826293,good
19.76,0.018098896434352023,-0.00012149487947194862,-0.003668877448277944,-0.023410783381718828,1.145740296952964,0.018349989370116344,1.8450316399756046,0.9037292501395866,good
19.78,-0.003961101801755831,-0.003297321118042059,0.002690193834822149,0.004905255236037853,1.1951104619051454,0.017494243397206597,1.7580096638747018,0.8213284288990919,good
19.8,0.02153935482733914,0.002673974044671838,-0.01313597398057976,0.005336021746555947,1.1888961259382533,0.012538631157025408,1.808424391514773,0.9450614976944005,good
19.82,0.018722411981327076,-0.010163213374755583,-0.003974873430221597,0.011432297662050298,1.2260203353273353,0.0029748059121532467,1.879171081884725,0.9537896352092439,good
19.84,0.0021054223112001967,0.010915526428096328,0.011287724259381241,-0.0006293741526548563,1.1161588967655327,0.029054506790671356,1.8044474253937066,0.9608730711762823,good
19.86,0.023924015362759458,-0.005422474551241976,-0.003111723145412804,0.00976906953254787,1.1925749991845231,0.0026251237916199077,1.7317403655049162,0.9055319632897821,good
19.88,0.020144847194211377,0.005827127055097578,0.005694930574376999,-0.009510880286927866,1.26034501605715,0.00614084641173168,1.8794144513453654,0.9516243789470727,good
19.9,0.04799255362341765,0.0021558310479917434,0.018422167479713567,-0.013283474566494119,1.2628110350829784,0.038554283281580955,1.7673341818635127,0.9061631547422381,good
19.92,0.018359752264272257,-0.007957162727176436,-0.007695366796038679,-0.008616278207833726,1.239311858248723,0.019362660403640094,1.846940242227866,0.900151028326321,good
19.94,0.022969989021667473,-0.024141056257653556,0.0043551334900063885,-0.011252542158535602,1.1609113835441747,0.023045321146410176,1.7887135218562513,0.8941211792872861,good
19.96,0.022133248844513467,0.00603964396266197,-0.015251319249894393,-0.025956096591260122,1.215464296887213,0.002517176205903213,1.805950185223226,0.871544778242843,good
19.98,0.028588420951248902,-0.007060368075951775,0.0196142846788948,0.02464301214509843,1.2600083526728056,0.00861397839308939,1.8565708697659564,0.978399130300813,good
20.0,0.017362599854703727,-0.007442934831846668,0.015170247895813864,-0.023333940435917487,1.1626598166084212,0.004981340422042151,1.8967761515106243,0.8725534295953654,good
20.02,0.030190578512437533,0.013562620835351523,0.001162353045071501,-0.0041149217090636825,1.2522807715032374,0.01998724367280232,1.726596368230509,0.98278741451185,good
20.04,0.0012235123795459335,-0.02947282891231056,0.0033842229580347085,-0.0038776444170226074,1.2024234188221825,0.020995943396201366,1.7681475635519992,0.8848649125442221,good
20.06,0.02820808001295063,-0.009076075946747952,0.02291566054836593,0.009699435287842458,1.3026519619627117,0.0,1.8478759505292777,0.8981381155096125,good
20.08,-0.0009227443101684167,4.760007107591285e-05,0.02505751672489208,0.010502700450533047,1.1860930958416045,0.024661721951720214,1.7790680186248444,0.8854560515984772,good
20.1,0.008253849383582871,-0.011636958996577325,-0.018898819796677936,-0.0070064162241564275,1.1894018663594919,0.022010032834306817,1.7273319426556542,0.8865337357221891,good
20.12,0.018452296578017342,0.020328138840779376,0.010907172472427944,0.013150514912685221,1.240318020637076,0.01828734585116889,1.7933671550942758,0.9165231672543772,good
20.14,0.03594619363616795,0.008956567524004809,0.0037367710939337404,0.003273814159725713,1.186219022863726,0.02125487472822598,1.817090694353687,0.8984726567930986,good
20.16,0.01901929245516137,0.024598840031781356,0.007089343980579424,0.002125562792375397,1.2451061134054335,0.012402401871420199,1.6868131350790294,0.937290076938896,good
20.18,0.02674020544497828,0.021268747010376395,0.0036362998689513835,0.003756568985324355,1.2398798250964478,0.023292755306289863,1.7393015826932776,0.7803046826550806,good
20.2,0.02282619044182804,0.007678679476744354,0.010509488173839482,-0.0027357218080619945,1.1516240042110462,0.014191146356919636,1.8446519182582715,0.8015464102168116,good
20.22,0.015822085996358263,-0.012379494932183238,0.009772760140176022,0.0022354382070061134,1.1990674872837082,0.02760044471566702,1.7921584115213782,0.9340002998579545,good
20.24,0.01071677066003138,-0.00025191905852617037,0.014943860946887466,0.00593419822859687,1.2608551396297922,0.02481001747197914,1.8444176337988438,0.9258263547950599,good
20.26,0.018084160698241165,0.014348023400366507,-0.0005263950092314743,0.012084528230541102,1.256795138751531,0.015241040199042977,1.8954590090836987,0.9397905050746455,good
20.28,0.015719281459828174,0.0017460648353424108,0.0011511431878884453,-0.03640871255544053,1.1794068615181879,0.040381525760907803,1.777498676281599,0.8744972608386837,good
20.3,0.02497756085650198,-0.030005634662640956,-0.005069559628841687,0.012949919619725692,1.2387581654723727,0.0,1.8603772161879149,0.9928740303678374,good
20.32,0.008782028103020449,0.0034925059769155397,-0.005755228473050485,0.001480330954869425,1.3192788119423409,0.014979801581081016,1.7367730581258543,1.0041624880118019,good
20.34,0.029341799638619003,0.025119865482859095,0.0011686309784464239,0.00536035419123209,1.2028803543937463,0.0020024705488609885,1.8116245743830737,1.0073066096327523,good
20.36,0.03634257001158341,-0.0021408030558636394,-0.003876919317526304,-0.007894788925554043,1.2007655002090285,0.002030384075045464,1.7454836936873834,0.9635209870579744,good
20.38,0.026383325181134915,-0.002469399881780868,-0.00014847043861229158,0.002884922347810433,1.1657517427921267,0.030128808132251203,1.8195722111925938,0.8246800110264273,good
20.4,0.008879798011947224,-0.02248974329955228,0.0001531840903975456,-0.01095728721533326,1.220385139343405,0.019407813050396596,1.6915132770238128,0.9123417869464492,good
20.42,0.018844412127184774,-0.023891976778344075,0.007672467643764044,0.01514905603588142,1.1130686509885321,0.03994687941693939,1.7741633712088394,0.9033693410207192,good
20.44,0.015068038566873217,0.0052413468002819276,0.009063764084043135,-0.003961631017888811,1.1865470181074798,0.018836869763984056,1.8173920802941257,0.9460236360471665,good
20.46,0.019228814846600554,-0.009087586946742344,-0.011072684918829944,0.004917658954159172,1.2545319485524866,0.018828853529808558,1.7553412924276983,0.8962263554480914,good
20.48,-0.0004613323853852142,0.015764676244193546,-0.006429775118370581,-0.0005400206806974562,1.300101535978185,0.03262953258923566,1.725834433222653,0.9213756634550783,good
20.5,0.021440012521382994,-0.0017501482267249062,-0.020614664514317194,-0.0284920567000313,1.3060685213172252,0.029974666438176565,1.7453724675511477,0.9744298515880804,good
20.52,0.03606684599379977,0.01103255452878266,0.006411206587786578,-0.020540428408904847,1.3125152071598627,0.014678031519503821,1.8302700798203864,0.9077894246322423,good
20.54,0.04081801228019644,-0.002746002293627096,-0.023405939877328346,-0.017190350253496158,1.2254117527388984,0.03684545278166553,1.8634921033889311,0.8830305756191651,good
20.56,0.0024389496966387013,0.004185118899527922,0.0033335716180274335,-0.008236019003475948,1.1023776317765066,1.2371310788275026e-05,1.9133165603902365,0.8304033853089722,good
20.58,0.02863218117102385,0.010451611416376901,7.937104824320514e-06,0.018945985866503798,1.269231207864398,0.021282103623241923,1.8450926361765665,0.8968106488714868,good
20.6,0.04985480288034193,-0.0008876273343001992,0.014479037372191314,-0.01768122833509799,1.2051758158858987,0.03705972516144592,1.8148155371528496,0.9255203943550598,good
20.62,0.026440523409593922,0.034209652764638394,-0.002081819642789726,-0.022888723667907594,1.2566161801229827,0.024668868056964763,1.802299252572154,0.8287675279171356,good
20.64,0.005090322333762535,0.01557445520403129,0.0038964465583174626,-0.024517296172433072,1.1828550053731846,0.04071195902353598,1.8015238319565774,0.8911634549726031,good
20.66,0.004825368274146265,-0.0034247427645933324,-7.632776291460607e-05,0.01231733355383891,1.193636406290319,0.024337594892987667,1.8427711957440585,0.9264964820865642,good
20.68,-0.006468420928012868,0.010248053755128854,0.02647240056844843,-0.000686097106768102,1.2647702359635076,0.03075028457184158,1.8643621011477889,0.8609126842688785,good
20.7,0.011976357714542534,-0.029800676470816585,0.016475708132273448,0.00618433983108389,1.2197533498250661,0.02362168472365497,1.8265653526620023,0.9138771469379112,good
20.72,-0.0009857197377587826,0.015970750031682295,0.01816448592535558,-0.030092042556413037,1.2105359819569397,0.0023420964367848176,1.7681085522358582,0.9221212399543903,good
20.74,0.02614031009685029,0.0022252294081886777,0.008065225380849212,0.0049697635599512645,1.1555623494448843,0.008994459891943174,1.8249846026031897,0.9100020867401384,good
20.76,0.035870780950724976,0.0006003697266647197,0.0017021684129047017,0.015803914382669808,1.2044848407725153,0.012478318400806607,1.8335985905737635,0.9137196706606193,good
20.78,0.031395410525766776,-0.007974933373127071,-0.021286736314332498,-0.006203511135979624,1.234389648284225,0.016061461419425053,1.7584981197190324,0.8608195904501198,good
20.8,0.05107585076788299,0.011197118475693693,-0.01572972514728937,0.010465965753288318,1.1882461678629375,0.02555245276394553,1.7758991148341305,0.8838772370402935,good
20.82,0.035301632533004605,0.012449833886637354,-0.009556784885696052,0.011423754355067683,1.1809709814604181,0.021447340176563856,1.8836281855217358,0.9256259331511779,good
20.84,0.019897617577734186,0.0015400341956399981,-0.02892050518633131,-0.016694754892383694,1.1659421453927952,0.027622140586569456,1.7342449938789317,0.9226133697553673,good
20.86,0.025629282495524628,0.009155998124494946,0.014906305368803774,-0.0054528757293629,1.1983118813294988,0.01026139771136532,1.8226527213232393,0.8890174808745892,good
20.88,0.0030720325356105604,-0.009926979594837217,0.034336534236200825,0.024705573163697946,1.1590276929350365,0.02293796692642338,1.7156514539884196,0.8820496063843261,good
20.9,0.00698732573672735,-0.023745914423585673,0.033308440403832164,0.02136931559251893,1.2694430313417098,0.036012764238638195,1.8352926952744877,0.9007610853579674,good
20.92,0.020020069745655126,0.012903926524438438,0.0027945197845632643,0.0058931707473384035,1.082539219316569,0.007651108953355637,1.7419683844208433,0.9245861275707851,good
20.94,0.011908351176202195,0.01568812541208709,-0.017629987521312732,-0.010502625630474747,1.1831776024187635,0.01481999903077666,1.8657539388440307,0.9408353555261699,good
20.96,0.011118057240410054,0.008885088528943734,-0.0020196323758890013,0.007168802815215672,1.1905515391843515,0.03257262466508235,1.7425378335284405,0.9319646692470389,good
20.98,-0.0032637507834198747,-0.004923678247605706,-0.03456266701461434,0.0028238425671619637,1.2673796396413988,0.008928978869389672,1.8897312483888495,0.8061210417369422,good
21.0,0.04044328532257623,0.003265066937978148,0.0030774179649975136,0.010994933983010304,1.2866861544783559,0.020313223244187325,1.8228551878735404,0.9222613674600882,good
21.02,0.0272647436464581,0.02075804742193319,-0.03153846652322084,-0.011445058558733555,1.1244572221441296,0.031054515966137907,1.8202598298873507,0.8902570284146326,good
21.04,0.02021312543050478,0.012279234459033327,0.004850353311187617,0.003147528949256081,1.2722426561292763,0.0,1.8244329246091515,0.8109186070588167,good
21.06,0.03806666773739669,0.0041878883533381876,-0.022849308107469685,0.008858897058969226,1.2230207400605986,0.01920957645392754,1.7774012928012337,0.8533890424152533,good
21.08,0.024586553779620112,-0.007523369888896373,-0.00924863071276812,-0.019483891699671237,1.256747471919363,0.021876508831482587,1.7799267344615552,0.9135296714478393,good
21.1,0.024871987364799474,0.006867272841895694,4.3860534997886294e-05,-0.008817752999203466,1.2365992817837088,0.024529900742849435,1.8794074852542877,0.9423091808431908,good
21.12,0.012814957409248729,-0.027504450389249455,-0.015731012737409913,-0.006375693539921072,1.2210008037646694,0.018097276780197402,1.7623370138421277,0.90232475262958,good
21.14,0.02974422582245531,0.0032763940218729806,-0.0175319009001821,-0.002638714747721141,1.2064245222023093,0.013527104404549744,1.6882162215985328,0.9139576727128305,good
21.16,0.009959040231906122,0.04037727388637481,0.004716548860789732,-0.025564431121398768,1.2664563117869498,0.017465608515803827,1.765386175093424,0.8931011004754489,good
21.18,0.033915409954901075,-0.027015893043744653,0.005681747747388252,-0.00043198799262096475,1.24144925869028,0.012691675134487664,1.7662723990590092,0.9118166949964298,good
21.2,0.025241513556921044,-0.0010414078609542335,-0.002213609966374268,0.003983882986980337,1.1695098328700828,0.010538596345870286,1.7579961190170876,0.8984212278938007,good
21.22,0.012058203694543242,-0.02815434075075457,0.011427767931661394,-0.037667103962446616,1.2137654819622892,0.02824095721812145,1.7316265125546781,0.8835310889979002,good
21.24,0.015022435693299278,0.009891750646279963,-0.001940867179501449,0.020864136922268493,1.188300423459626,0.012169881440937237,1.7533084169386592,0.8564428782377974,good
21.26,0.01750102397695834,0.015408091522814957,0.00971432945764303,0.007538258287525175,1.2014899279955291,0.014335817314206608,1.7542362569316516,0.983103404711317,good
21.28,0.003649861062210055,-0.019268009902910964,0.011040538638292515,0.007443154452194614,1.242382463105693,0.01754151656063181,1.6960153915112661,0.8740712886455206,good
21.3,0.020889447030299792,-0.014094340166113483,-0.027894326333429607,0.00515333739693605,1.1934921903974003,0.0320783226157764,1.7690472824105863,0.8539690108682805,good
21.32,0.014859058656033994,-0.019940055180365117,-0.005935311844310174,-0.0026323691573679753,1.2318201256750554,0.02481000566839508,1.8174333829959242,0.8762122600674087,good
21.34,0.005134548484815323,0.008065841756734212,-0.007750546458931674,-0.019434734759944686,1.250696438637712,0.023414749587238718,1.7913275965516409,0.8926845233677646,good
21.36,0.014861186711153261,0.026997833720342684,-0.013727804725827889,-0.008870811013149994,1.1272333280843527,0.010876619126884663,1.8512482288654877,0.944129956024843,good
21.38,0.01660818219949926,-0.0127771685432613,-0.016219547446680735,0.008523847469588914,1.2091434583795255,0.018027042624926964,1.795070793131968,0.8903466792992749,good
21.4,0.012544045107149694,0.003666612131594373,-0.004531605989613245,0.0057996710016316845,1.1495979432411918,0.012190065820559794,1.8061742968369092,0.7724212931228555,good
21.42,0.03557466453323638,-0.007336805461541718,0.001221521697141369,0.00611844873869338,1.1992071866237564,0.025137488962485948,1.7242692866162113,0.8461101168899537,good
21.44,0.017216175734393924,0.0014119145927879587,0.015146346584637009,0.01871631336896743,1.271331522338053,0.032945675152630555,1.8193112764027204,0.9430387090767618,good
21.46,0.02671079880493194,-0.0022909104469287086,0.0014051561312083758,0.02212127060513012,1.2339016751589889,0.022402136335793587,1.7412439702991225,0.8867161956044131,good
21.48,0.04190869098293908,0.008729346038050374,-0.018198340872425472,-0.023577112326134863,1.135110524283683,0.012182829929975337,1.9107431028527653,0.834387246224668,good
21.5,0.012415452028522974,0.00630891268724575,-0.0066186943951768865,-0.0014746636482515316,1.1855428608563694,0.0064760894778809995,1.8436412224190535,0.8220544670876645,good
21.52,0.02717329470800223,-0.003778039966917192,-0.012655608458285117,0.006826400771209881,1.1848493587106814,0.016395383590581025,1.8602332175263192,0.8513491508942646,good
21.54,0.030399848551058685,0.014514474275547189,-0.01718663741299303,0.012695349673497483,1.2708670900252008,0.03948217314566547,1.8186026920291924,0.9053510973923125,good
21.56,0.023081222739547436,-0.0010365389782829118,-0.0007915030610181771,-0.04123131119640365,1.1839085652353667,0.022269466504523782,1.9048668243223936,0.9902272884950025,good
21.58,0.031626852507518545,0.005893656951775906,-0.02536596612482556,0.006355848972941658,1.180777246205166,0.021374725879716398,1.7726601421876336,0.9261821895863105,good
21.6,0.0007723558726884634,-0.0012645529241477604,-0.007870986268206292,-0.014345862009283998,1.1485725776884022,0.011234170407816916,1.9191638225379863,0.9825647077483735,good
21.62,0.034738753286844094,0.002357966542834664,-0.01284577348725792,0.000912408606576388,1.1456232685074306,0.018444487133369318,1.8395580211424658,0.8005965665520626,good
21.64,0.017112718481788636,0.016374259688238538,0.006160243679326651,0.007095514310129105,1.2521781771046088,0.02430924347561356,1.7529476740084284,0.8976001999187969,good
21.66,0.03593466473176477,0.00745641440204244,-0.00022221176257457758,0.010421047077223978,1.189686836099527,0.0035766217220459472,1.828867110682233,0.9105560478177532,good
21.68,0.010616136291192685,0.0006112445451499087,-0.0018883291820325015,-0.013397178561219582,1.1941964350096848,0.02806875730768228,1.796114202434918,0.9092019584999331,good
21.7,0.01651481405188406,-0.007471850216466539,-0.006064472411280803,-0.006986606569389964,1.132092063415656,0.025199697249450956,1.8111395451331866,0.9304733028332496,good
21.72,0.013706481755448708,-0.015231634143738754,0.01470090020583919,-0.004191589659099009,1.2469816190942973,0.01976200607938648,1.7889751802401734,0.8748417941426719,good
21.74,0.02005814752680036,0.010485352791750323,0.007043347314312956,-0.023474712130177357,1.1215040828398841,0.015931111304143486,1.871785064807541,0.9244073976079105,good
21.76,0.003427411326439679,0.026346344565872853,0.01244978674694207,0.017351266184152586,1.1830250084905078,0.004490544537827601,1.7567676727298982,0.9560689021401871,good
21.78,0.016948566818161287,0.01567750163686046,-0.013811429287249627,0.02361676220314228,1.171691318249193,0.012752546912113447,1.8415171322758221,0.893160956885755,good
21.8,0.01650965262074165,0.005531736758563522,0.0017413420122847642,0.004609803005059802,1.247265614455808,0.010984095040356029,1.8423420540017774,0.9007650287344106,good
21.82,0.024538253679034328,-0.011887296892930672,-0.016260144105658188,-0.01992824475748917,1.262524968096637,0.024472530410259426,1.8289862365044902,0.8371505908739235,good
21.84,0.046045006960280674,-0.005886261135994869,0.005581207891745694,-0.020250833696879494,1.148895035342358,0.028908692840690482,1.7261666398040922,0.8144190066920041,good
21.86,0.01038215277871793,0.00562467401157804,0.01975131198163205,0.004378001290014129,1.1293405676230386,0.022177797936601875,1.8329334119726326,0.8585997573673609,good
21.88,0.013677700829540423,0.024070619683590932,0.003154978198442183,0.016080656495318882,1.174097112101302,0.008403237626897542,1.8660570399930574,0.901854006304328,good
21.9,0.02330221264496417,0.013727315550729759,0.010368174249212605,-0.005152710361753427,1.1954763353089108,0.02819593220744352,1.7438880626525939,0.9040689385992601,good
21.92,0.01794873582690922,-0.02136414929508879,0.004623541900441919,0.011568376383634959,1.2228385091918188,0.01648386138981917,1.8534812220744705,0.9192551603484086,good
21.94,0.007945025886815942,0.001313166333443088,-0.014362261157104275,0.016921304160428627,1.144692597234574,0.015276535363109859,1.8258827333643557,0.8481439926086903,good
21.96,0.023704494910999446,-0.007453192589809564,-0.007525209359624054,0.02515102625740858,1.2690304668947328,0.02145049509219953,1.7878564185013341,0.917869088165445,good
21.98,0.060089939726655384,-0.0009673514978873945,0.008426469125175454,0.0026075156013139764,1.2416666227038287,0.037976283803422266,1.8558631372707455,0.8772549830798294,good
22.0,0.02821457560599604,0.00456717934972847,-0.010614521960617664,-0.006371956688072632,1.203053338721668,0.03398472880462145,1.7607231347172065,0.9344299990653044,good
22.02,0.0036942215552176094,-0.0034793705661629016,-0.0053573122816080445,0.002530191187661124,1.2149520595286554,0.022938091077116526,1.7938565991943414,0.9816564157921207,good
22.04,0.026834097365285744,0.011718551670683367,-0.021788409501852346,0.005281058651923186,1.1997403558536002,0.02288618432260249,1.895658170898524,0.8672926149712243,good
22.06,0.04932218446075446,-0.03975811121792292,0.016223204699704185,0.005494442259297847,1.2062903458867171,0.02119910671933873,1.8882762366263433,0.8687676041783903,good
22.08,0.01995879400673051,0.006127550803351179,0.006819339830445919,-0.0005081779437248521,1.206868408290117,0.0286568027805629,1.778815321352632,0.9021198880654429,good
22.1,0.01569230048473876,-0.01275844495950455,0.014342277743855408,0.00905949767858746,1.1458207772439184,0.03131758293179902,1.7956636293326222,0.9570252099645836,good
22.12,0.021726024661417424,0.0024313956874917747,0.007461707658960182,-0.02365228423249536,1.2569459958744227,0.030617249562452452,1.8624938471221828,0.8258289884745036,good
22.14,0.0021393292555700843,-0.010416329051288833,0.0019722142785133694,0.012147598107898665,1.0984278616381074,0.032528917344472705,1.816980163286197,0.8999300731676775,good
22.16,0.025756563615604838,0.0071536174964554914,0.012572768901311421,0.00980998567146261,1.1649151402874987,0.0328366405128721,1.743421683236852,0.8588749706288352,good
22.18,0.02639769908806577,0.003447296116635825,-0.012159826774807342,-0.004585068188155633,1.1927833047150158,0.016727902205514893,1.8052538053377818,0.9292771833794152,good
22.2,0.006071963080425411,0.03141069355423962,0.006623172815813592,-0.015055236030596834,1.281279863066489,0.0095108421355017,1.8242980955170451,0.8133969056486255,good
22.22,0.020250359988514738,0.01580443291528862,0.00740330356237574,0.021164837708247845,1.1156455355420112,0.022659098820210777,1.7851520746995826,0.7509653639600586,good
22.24,0.0198811610078083,-0.021333063982060065,0.017600655536479597,0.00344131967511058,1.2816496014207144,0.01651153043886729,1.8073655132291289,0.9106875381842248,good
22.26,0.020019625338052266,0.0037706638134266035,0.02213978955520222,0.021160395147253024,1.1568325044912167,0.003074455069081865,1.8177034807851755,0.8568922962090908,good
22.28,0.012583442229015212,-0.019030342734324517,0.006409243218770668,0.0035918433625976255,1.2619657966263993,0.006347927028922649,1.83212630204224,0.8617142118797617,good
22.3,0.02167213375819508,0.003182383532964174,0.011129168658771761,0.0042797605340276525,1.2541912013199001,0.03424546496683687,1.7585312048093713,0.8207640459085138,good
22.32,0.007066534638876709,-0.010299921197420825,0.013642617815230748,0.029052236972613214,1.1968680887440575,0.01095124998191382,1.797001697156405,0.9517547847901252,good
22.34,0.03996704940784163,0.004425158522277596,0.024228760987650432,0.0017133667902441052,1.2992331878103884,0.017380407021015752,1.7028053454805057,0.8068655794826438,good
22.36,0.03247723215879412,-0.011755201067272897,-0.011167910315882932,-0.010296915402915477,1.1503326185403957,0.017993242307621823,1.8078110335116364,0.8492609742011757,good
22.38,0.020986881775204646,0.016396080808287035,-0.007223652991840975,-0.01928553293091888,1.1785477723897404,0.02585551295087533,1.7410377664138195,0.8957806979803689,good
22.4,-6.292519188181442e-05,-0.027652642517750792,-0.01676224286714189,-0.02416582539653084,1.267141572787226,0.022916786894036888,1.8560988359937793,0.8897744697159151,good
22.42,0.041451046528899374,0.008450548761042608,-0.000486934513385321,-0.01821117413275612,1.2037685052689646,0.020698481210658665,1.7683724672896293,0.8373861139455481,good
22.44,0.028416492486712533,0.016699520041245197,-0.001604881549980509,0.006590789725093435,1.345687412270782,0.0,1.7725071802446584,0.9055127123118112,good
22.46,0.010555294124406952,-0.007407275925981044,-0.0348559845834129,0.022166385656937564,1.128808098376552,0.02366595733135738,1.746917597780191,0.7947192856848649,good
22.48,0.031160158827930527,-0.015965321475931316,-0.012440303902040678,-0.004317961759210944,1.177590263512737,0.01628947167282458,1.759440619061647,0.8956089345126966,good
22.5,-0.007885387556870517,-0.015179671384388669,0.016589580337342497,-0.005476130209224266,1.238603441637936,0.015142749387152326,1.7474731701764752,0.8902437399280465,good
22.52,0.01431779289307666,-0.01212393137481973,0.006738040644284648,0.014327963905177512,1.162744534581298,0.018626415428023044,1.779378296751814,0.861746772533389,good
22.54,0.014945327978714638,0.0037398688977707427,-0.008957638841760379,-0.004236452122703543,1.2512495941403368,0.007476340277144181,1.752737755521636,0.9319265720903452,good
22.56,-0.010412122435004056,0.007676489970776539,-0.0006021852893291393,0.022034131601228222,1.1746734592174626,0.019903567048509277,1.7632467921975603,0.982629848604985,good
22.58,0.021039151837767348,-0.013908668127214061,-0.009439539258330075,-0.0008186497988805802,1.1822595308026624,0.01935839331214587,1.7776963312095917,0.9530933136816437,good
22.6,0.0372751873113812,-0.009398345864382738,0.015028825104215448,-0.001439459632392341,1.130656122343537,0.021612463028964284,1.7539003338443055,0.8092345843797134,good
22.62,0.013604539822829751,0.010452092881704905,-0.010449880565287775,-0.024680164590437554,1.1713176601253013,0.012067011359193478,1.7685363882619198,0.9490232729427717,good
22.64,-0.0007783201934774876,0.010381679412176645,0.0025012882232356235,0.007662437468238336,1.1709591697857649,0.0,1.8739112262852253,0.8723846461501495,good
22.66,0.04754215599459878,-0.00978787028028544,-0.010891360841509911,0.01519718408123729,1.1884866528772655,0.005980401211481983,1.806419269688221,0.9018924962873328,good
22.68,0.020030350744622494,0.014068974413159045,0.0013975520882124092,0.023376403190770816,1.1605612943703243,0.021949939608519983,1.8405510978384132,0.9643699259985447,good
22.7,0.02753611976758417,-0.0072492471211939285,0.014574399557826362,-0.01902915493442358,1.1407531075560269,0.02769783346507804,1.8214902109181985,0.9551549564021604,good
22.72,0.030210715522742827,-0.024748935215401256,-0.0024573371996638857,-0.013693175184477324,1.2988636060282617,0.032790757915895447,1.7847134698447065,0.7901125156128085,good
22.74,0.035593405753083146,0.02956029504462729,0.0117502226032435,0.0003008927092733674,1.19671596497775,0.03065876410207333,1.7604690387394992,0.9690262791348991,good
22.76,0.037584259443086174,-0.011647092008675447,-0.0213675390272459,-0.0034127580125124786,1.1053180361451154,0.015959108008506504,1.7310861292230841,0.886971314310086,good
22.78,0.0328052369046914,-0.0193348394613639,-0.003724228467294581,-0.0015942906795139193,1.2136764654464272,0.0347738205492149,1.792242424310657,0.8863684254199923,good
22.8,0.016803563165511317,-0.01863060605699629,0.008712334714809715,0.004548353791212569,1.1560739619418763,0.00017014177957366705,1.8056504414399426,0.8453387914070132,good
22.82,0.0157676725718292,0.011199857131318717,0.0034286559726360395,-0.03353310198531372,1.2036227222391176,0.02754766639267729,1.805131989894774,0.9576243344843974,good
22.84,0.017259463498900954,-8.288663144285661e-05,-0.004627349043374362,-0.002124773011715578,1.1995341403097968,0.027921521139961235,1.8558506388847964,0.806083653950552,good
22.86,0.03900106859389098,0.02215890835503477,-0.01428162749195567,-0.009291269013775822,1.2809671270597542,0.01885067509844942,1.7119841568475962,0.9538007583079573,good
22.88,0.020973955752357474,0.010991137479140255,-0.024413142313118957,0.007500180397870198,1.2257690586318306,0.022779340817524987,1.8738589773135554,0.8987233680962041,good
22.9,0.01609831063057589,0.0006139513764338877,0.0007737612184519093,-0.002672447555059369,1.1907001095322634,0.022028400704645595,1.849145989265383,0.972208679145995,good
22.92,0.025171590246034985,-0.006828195489069489,-0.0016650345138745962,-0.01807549520851105,1.200438235551797,0.018801044673488226,1.7718597308870554,0.9266442602555691,good
22.94,-0.0007217942087895194,-0.00800340890236543,-0.02781559865913748,-0.0070892646123793795,1.2714912511978385,0.02035573070708789,1.7344309715361095,0.9529768081804438,good
22.96,0.04055157006596656,-0.009379752524347106,0.011301794338177506,-0.008766057089066056,1.180191270738956,0.03651031202962662,1.8186127792916775,0.8807799995764998,good
22.98,0.029903417262655073,0.014021419417335574,-0.008242585895192228,-0.02374491220069682,1.1721062679998493,0.012149225370691996,1.7003247650486253,0.8924458398170592,good
23.0,0.024284302817499215,-0.004405036933199923,0.003244489234936499,0.006420810711047951,1.1330145028880572,0.040130165345784785,1.80883812449823,0.950980299591533,good
23.02,0.02997835208567019,-0.014161546145777994,-0.01096152952967417,0.0029793079364501614,1.0837522652812763,0.012046592767066393,1.7739722242368894,0.8550854599160735,good
23.04,0.026789560949311883,-0.0033161257727789594,-0.0013848531259179214,-4.217347357243026e-05,1.1896268190184525,0.013188692561184628,1.855698926698591,0.8870751068825925,good
23.06,0.020350199007956152,-0.010353169556960999,-0.008216129312592546,-0.014516835518350863,1.2702903225691837,0.03307863219411899,1.8253508186399605,0.8718937406908228,good
23.08,0.036395818888751034,-0.00049013127396181,-0.010466867193381404,-0.020487013878820026,1.1871763270136648,0.01931257802160025,1.748720722203494,0.8600366749518189,good
23.1,0.011472596746511955,-0.029758839417119265,-0.0037540444077071894,0.007434504733201224,1.117205909688757,0.0177139776838562,1.7667454492463135,0.8676562970853461,good
23.12,0.017403405670670922,0.0304302564340672,-0.001598011649553566,-0.00957080520425486,1.271057626988746,0.007533158973636589,1.7462573394656586,0.8547353728436309,good
23.14,0.0069726692203250255,-0.017311369328914902,-0.018555079120414042,0.010385495890487536,1.190558286222128,0.03054382393061097,1.8163741176289427,0.9501738124588983,good
23.16,0.02599445322559115,-0.003325902767106569,-0.0008268065756030172,-0.009727193297593948,1.1842332339260748,0.0,1.8208764613860835,1.0068340554176336,good
23.18,0.01474041635135522,1.3475925659296864e-05,-0.006886917594007449,-0.0214038157434805,1.2405647372221682,0.00020830048641711895,1.849029819322918,0.9430966338357043,good
23.2,0.02754754043893978,-0.005136075895329139,0.004145574408768841,-0.026977006533679536,1.2168823408102238,0.0036868747693650917,1.8534108083360636,0.8766793173714765,good
23.22,0.023393955398655634,-0.019847911033505222,-0.0034034871480088957,-0.005961787224127048,1.225896313537985,0.03255751813373408,1.81566947711124,0.9531417764002439,good
23.24,0.02112118868124402,-0.009238678124919991,-0.030243054498129782,-0.0073384461211205895,1.2009317266405817,0.010466632671775538,1.7989550704937882,1.0028221904097367,good
23.26,0.0455767530886076,0.00176820550850311,-0.006239850571599203,0.02144274165897121,1.190983116601689,0.015958448161136313,1.8416093079730624,0.9753191035140377,good
23.28,-0.0004957055014082553,0.008078017276764427,0.013306067638299598,-0.012668276937321355,1.2096816711672755,0.018293390375989885,1.784191224147915,1.006922191250784,good
23.3,0.04140555231369655,0.000919055476024157,0.0007591587334613708,0.02189743019267036,1.2158861633213365,0.016795631374217145,1.7859512757171483,0.8553933823255367,good
23.32,0.03348850004287711,-0.004131850232557384,0.01913085854129626,-0.002000387691949444,1.3073528892208222,0.027961038689058824,1.818651862141233,0.9453250471962262,good
23.34,0.03918222569964159,0.008906780686446477,0.005956868739342455,0.033711044470258,1.241422769225735,0.002133937529633876,1.8352782825870606,0.8843613955827179,good
23.36,0.01907542032695739,0.0012389907145793691,0.0027212671774927717,-0.014223368146509445,1.268172714399305,0.019443267374372686,1.80311408453239,0.8765887884334507,good
23.38,0.022962364406514967,0.015907907525087955,0.006378990605060845,0.017431219809204982,1.1122855173382746,0.006870639138534152,1.7821788443689113,0.8791363065172635,good
23.4,0.042059580124280065,-0.006259836862502705,-0.008918750478964798,-0.021522588049460452,1.2276402796193286,0.021607590735527014,1.7731038446843972,0.9120302889798397,good
23.42,0.018939409436025637,-0.0015136990530393018,-4.187315158560523e-05,0.0065921787628171425,1.1149162902158796,0.01604568606996293,1.8616966783139828,0.9080296212581851,good
23.44,0.004253522823576077,0.025152627630098134,0.013498069713271275,-0.006296344382384715,1.2001722437416833,0.0197815479139988,1.8181347585851768,0.8299609690761329,good
23.46,0.021564952211690316,-0.0028617182449300364,0.017455795961738817,0.014954550016202162,1.1985542099131021,0.02677677893010419,1.7836618316963593,0.9819483128334475,good
23.48,0.012217264921992368,0.015464156197602405,0.01298795039643803,-0.010756271509859,1.2047278406801958,0.027488889506633155,1.770522446587956,0.8710890406307144,good
23.5,0.037852817938064616,0.014992305541653941,-0.01791303241658427,0.008622104692258083,1.233564283697666,0.022059506500973096,1.7442365020174502,0.9247189371136,good
23.52,0.023682248503047586,-0.005748735099315064,-0.005594980049413607,0.014356885782269728,1.2231352702148093,0.02253701264104073,1.8181673423502693,0.8936757419447703,good
23.54,0.011880971576964714,0.00044577940072274436,-0.026458959430386366,0.01377005301457509,1.2199092829902902,0.045096458010117114,1.788843351403837,0.9338722626899381,good
23.56,0.020930642388837812,-0.011342605326470348,-0.009954072308846661,-0.011729081728659904,1.1214158652692432,0.020119783697759876,1.729779916152741,0.8794429508124558,good
23.58,0.017400748229692908,-0.008905703593119714,0.015012885600635855,-0.005051384849881618,1.2735478578267276,0.0195677151218993,1.839946525454233,0.8543052024818578,good
23.6,0.03467266850733867,0.0038591657269416617,0.0037567814699743553,-0.003481829071693648,1.1261720691046888,0.01562828507840681,1.796147292176211,0.8890153924196927,good
23.62,0.03313741233681991,-0.009095368503704713,0.008008307488037486,-0.01728193073877037,1.1940130294799272,0.012401918085734773,1.7423451896654534,0.8521735251331214,good
23.64,-0.0005121032647465737,0.0073836587750733896,0.006055389016335974,0.0017726697518291572,1.2042769899150354,0.029492202315548607,1.7037716352807508,0.7747938343775665,good
23.66,0.037034476331913826,-0.016985786577734172,-0.003384549482454294,0.0008612463237405295,1.2601882636161141,0.01375890334576942,1.7852966320193058,0.8745886604409354,good
23.68,0.02756562836182597,0.028427303092306153,0.009245260021127211,0.0066786892333487394,1.2643086263551815,0.029067249257546293,1.821821741245356,0.8992001954620811,good
23.7,0.025239650774189035,0.005719869614333516,-0.03232970544530852,0.035364093984766524,1.2734326310327073,0.0205960936257617,1.8390118881496043,0.8726002869755263,good
23.72,0.03796933468556848,0.000403546721848025,-0.008463711057847633,-0.008562332236856492,1.2561392030586396,0.021058956747842382,1.8032670817641543,0.8875899721032146,good
23.74,0.03619839067265957,-0.008252289694866365,0.0011510567355739825,0.0068460046445158115,1.1719779161233477,0.0,1.8008819006557122,0.9110887338427469,good
23.76,0.04067053204484492,0.011264328014529087,-0.0008544203984284531,-0.002266530811535962,1.1873320202181579,0.026376507806692952,1.8279360165043694,1.027265258241421,good
23.78,0.016783193306472724,-0.010326675850468914,0.020817832767710293,-0.03415824925890361,1.228532813528377,0.021221213262242453,1.8255957517769457,0.8752068990036797,good
23.8,0.020333160081589665,-0.0008071591613085285,-0.006203963977861902,0.02395228962848209,1.1360846335824466,0.027508950303262104,1.797183245814214,0.9213529756936462,good
23.82,0.021810550648663347,0.002367261169104939,0.003132822654329175,0.023886596370846704,1.152478730930054,0.013562127060831514,1.727941829292124,0.8356597488968311,good
23.84,0.029595399159700678,0.005641599574912191,-0.0014022315323803053,0.02201061812197705,1.2456987915536348,0.020363555082178096,1.7978651126077312,0.8962287673359416,good
23.86,0.005513654578720352,-0.007712211572611628,0.0024210180461301683,-0.013014583415602746,1.2001950084410038,0.038711969869955225,1.7551670730870454,0.8421400052410204,good
23.88,0.027870436589967705,-0.0003903912620247612,0.009681559495903339,0.009400030530513174,1.29970848876645,0.022620844822026368,1.8465196473651124,0.9419573776154727,good
23.9,0.013668918421794842,-0.014262350298532447,0.003043208564294337,-0.023792122985836696,1.1768589774879359,0.022691968308546577,1.8589572305577637,0.9009762374720223,good
23.92,0.02309891193151998,0.015008713341978872,-0.013037238502678045,-0.0019018678646551218,1.161311210129463,0.021257126755379448,1.7866734000726134,0.980956710753388,good
23.94,0.028026152592915216,0.009039768213285644,-0.009875967754784023,0.006916289391808526,1.1822813571187192,0.011711452718249808,1.7684529616943039,0.7958327854645676,good
23.96,0.02530624146613408,-0.000801939786753242,0.0004375699229712668,0.01719359852266383,1.1165958850190034,0.021140347294102125,1.8313010738851594,0.8944516727670162,good
23.98,0.025769586371591643,-0.0015864038133550757,-0.009687442213029024,-0.009657295640908656,1.2853749739797566,0.010274211345658896,1.8416296273917396,0.9318993267474384,good
24.0,0.009532399832799621,-0.011230164971229051,0.01787054332534116,0.020829137315256502,1.1774423491656973,0.0,1.7780873847209009,0.9125630608927177,good
24.02,0.028455752943394932,-0.009644492798725814,0.002652177503320435,0.009909240321597653,1.1948973197415746,0.010388378449334245,1.81302629842667,0.8753772235799653,good
24.04,0.029091782842616876,-0.016580638795229218,-0.006270159990706262,-0.00032134330686527725,1.1767409124115498,0.004559017590603005,1.900516354706972,0.8805397053040033,good
24.06,0.0224235430344348,-0.008315039640256568,0.015089967885386732,-0.007829362448503203,1.232955959634956,0.04749973106090984,1.8437570579767963,0.8653217674065263,good
24.08,0.0064984310795863495,0.018074803465268456,0.005934764878031827,-0.024684714307988583,1.2003827017599449,0.0,1.799626241109088,0.9273445552144179,good
24.1,0.0064408572908062275,-0.013605030979485892,-0.020722209157396244,-0.0069615855612474575,1.2146612437160975,0.04028221760412537,1.8256017461038285,0.8756037239740749,good
24.12,0.016757548270535896,-0.007866040830101558,-0.007774452103760821,0.0038088247185851286,1.2170952812954385,0.00887127814842621,1.8240060222595633,0.9567266814724542,good
24.14,0.025966918689519967,0.03694309488679992,-0.005810178459407879,0.013718305191790809,1.2819990368674907,0.024743203911426415,1.8031104215364413,0.9087766552620857,good
24.16,0.03896196586627907,-0.006669620194519835,0.0270098119351866,-0.02255664820319122,1.2149422232040088,0.033349294392792266,1.816311560542651,0.9167718320492941,good
24.18,0.03658611861376771,0.013062468089968016,-0.007089617321400866,-0.005479507342313561,1.2267501888891277,0.019257041797858112,1.7987088255289208,0.8910786716229702,good
24.2,0.009612052619302796,0.004726570750580809,-0.010152651596152518,0.006125907098215438,1.2923223864835698,0.00576285314437611,1.854482805116315,0.9132216519312177,good
24.22,0.028928113808373464,0.014571860335595481,-0.017214397323032836,-0.02535542898993361,1.1882131965944651,0.02031099253825349,1.7508693419045516,0.8033681162119949,good
24.24,0.04327072990901343,-0.011724026803461785,0.006568620376725132,-0.017062055177868636,1.276716098667901,0.013250541470613927,1.8543417449479618,0.9087037753242516,good
24.26,0.02649662979713598,-0.02304253393233625,0.004917669372346846,-0.0037367014440870994,1.193430750859606,0.02222578573890008,1.890293896530375,0.9047012083885861,good
24.28,0.00627961197615212,-0.0011245732006159943,-0.016915314835249495,0.004246985030917627,1.244092226977452,0.02462876623695024,1.7169244671431887,0.7823207496839829,good
24.3,0.008496313651617956,-0.01290720739030909,-0.021983487984117624,-0.007683291895055142,1.2244174708416595,0.006508561834228797,1.7878253967329425,0.8922621600498499,good
24.32,0.015507661847469247,0.017481337608696353,0.006005183811799409,0.007421369126297825,1.2127452922121722,0.023899093748193864,1.9097290385229302,0.9313290751458799,good
24.34,0.02951611738261735,-0.013154568549682872,-0.020100215349204874,0.02249158654259149,1.1866044844662071,0.027569007768229622,1.7626629561973663,0.9269327375139182,good
24.36,-0.0010905635415739115,0.005515811815872058,0.012965813192934389,0.011992131075518582,1.1751139188529143,0.03572369203194163,1.7452300506391374,0.8310602943596893,good
24.38,0.030341994396271315,-0.015753971226856244,0.020067669531405916,0.021524606902790268,1.2344206149914194,0.0013003005745504481,1.7826438745079025,1.013667920048793,good
24.4,0.023101830344345962,-0.020034630260624273,-0.01523274770205005,-0.014800550376150403,1.1692301531124294,0.029604815164310988,1.724309597326404,0.8368711433620992,good
24.42,-0.005759737609304549,-0.0017958732021917628,0.0067254001708889795,0.01670075608463156,1.2310111653788058,0.0290270170114635,1.8815764856968513,0.8604055258263886,good
24.44,-0.0037477049208682316,-0.00415170666503569,-0.0031387474491489428,0.018902591610601368,1.1725087681781652,0.025653977908736053,1.7989780733963794,0.8869178696178969,good
24.46,0.013225279001896566,-0.008359191485281182,0.0005868909634722039,-0.008418484835464658,1.142299923811779,0.0040121829078432186,1.7693877704752072,0.9486744553487427,good
24.48,0.015180330369939838,-0.015283541393058164,-0.009560388830532642,-0.005715672030764009,1.2900570761619226,0.020869861832822446,1.884594261361801,0.8538418007608216,good
24.5,0.03149789013344637,-0.007956571239410761,0.013518177107405039,-0.0030282670734116186,1.2520187306635304,0.008376544051687375,1.890794328675086,0.8920672523823692,good
24.52,0.023569872617545114,-0.0022484611054047958,0.01916555252541358,0.02584147663434909,1.2157204981055325,0.013959775576951864,1.8662870859796072,0.9663462793043526,good
24.54,0.039675081468681955,-0.010169650615239017,-0.016457616918271568,-0.007993930049202515,1.1481194052493482,0.0,1.7457553732046938,0.9240988414870343,good
24.56,0.022671599862550136,-0.011157849845500138,-0.0034252619048947964,-0.004140094839124851,1.1908391067213628,0.0048855049680276786,1.7962496674446704,0.954637196817476,good
24.58,0.01364513767109119,-0.014624575302181425,0.002124365258033599,-0.014701672168310902,1.3317968853155668,0.016416601061181618,1.813422171896139,0.9047618919156956,good
24.6,0.005229870983183157,-0.0009378871301565638,-0.016377835929188816,0.0007680265533998533,1.245384741308861,0.04977672651504758,1.768891093041275,0.9642501934611137,good
24.62,0.03728264771535909,0.010104611787301956,0.010826596340298832,0.012966522284985084,1.1183582947767856,0.019124575012743686,1.7650815005635627,0.921824586508437,good
24.64,0.020387239107399802,-0.008087078635139416,0.01743905524808487,-0.03166721881503422,1.2339531697699118,0.020697780733412694,1.8841612876469342,0.8485459065819385,good
24.66,0.04252792033389865,0.007459799748214506,-0.015963391037454408,0.0016017741643360173,1.2707070207199858,0.03668801655410587,1.8687245232444079,0.8879078441167465,good
24.68,-0.007727367509094165,0.00025906750985594173,-0.02912845550254489,0.003241064519852857,1.1899948261169822,0.010036174944438264,1.7827008106837585,0.866265380582101,good
24.7,0.03320524586448052,0.00018706631707827065,-0.025957766884500574,-0.004854565856118039,1.207869377043049,0.0058509559076296075,1.8530155129976198,0.8932243461349473,good
24.72,0.010276710358175064,-0.000876826117330068,0.004809635546952766,-0.009971018557815074,1.162680198644798,0.011896055740006337,1.835296191708861,0.8981990736640206,good
24.74,0.00924156434164388,-0.02108027445269917,-0.006295001396386436,0.0009378193724257306,1.223133422023612,0.010290763377498808,1.7545148615202537,0.9426955763178182,good
24.76,0.03129231957568601,0.008033718499627444,0.0001054310193273483,0.0019185480586570106,1.1501137042961165,0.01949929449757871,1.8688710382231195,0.858764597062433,good
24.78,0.04869005974812188,0.0023545209210015156,0.009451155160403015,-0.007823749680294855,1.162333870323617,0.029079433851569744,1.7637882877148559,0.9546623757862533,good
24.8,0.0025818203862666617,0.008065404348250267,0.011902032201099482,-0.0035591322772703196,1.2569172686612318,0.015681068232901954,1.847392871999683,0.8576060329953729,good
24.82,0.009851791292609588,0.010405735124512682,-0.003716730897104437,-0.006929113746963884,1.1102987756948002,0.0193810880901402,1.81153749951227,0.9722743427580646,good
24.84,0.025678517441682206,0.008907756498831796,-0.0086423885787765,-0.00016423850208577113,1.1122888060435285,0.029601967143808684,1.7330743827362929,0.8474335954770174,good
24.86,0.025310588745358638,-0.020416426508883125,-0.0039010210088769744,0.010675305540625728,1.200081424754254,0.0028568662931997622,1.8103570054656288,0.8505412378152916,good
24.88,0.016863228821040056,0.027716294252931494,-0.01684740841197135,-0.006849190958851688,1.1294248790175851,0.03465552314384244,1.8116075307658384,0.8967377563436426,good
24.9,0.021322130198537004,-0.0146691548937921,0.0037771100995035774,0.013332081452356925,1.1974319431440072,0.024414467046062854,1.8270100622629108,1.0282547368517798,good
24.92,0.0035312198985023068,-0.01208402974038214,0.014231124809358611,0.021123462698065767,1.2509389171858916,0.02128064418282652,1.7588526357965757,0.8661817742682189,good
24.94,0.02185419728133018,-0.01030879340942425,-0.00045438678419684395,-0.01954554527355144,1.187934209899869,0.021184435988462695,1.8600395215764611,0.9216071950753072,good
24.96,0.027320079521888686,0.011739813239959996,0.011233197431210812,0.01731357048122308,1.1679524251678028,0.01214762779307338,1.7841305409606019,0.8541904808938328,good
24.98,0.00906366188291403,-0.006508599526485045,0.02252805319837515,0.01214077598802119,1.1093465839260492,0.012332736015595216,1.8467361799858475,0.8770597840408573,good
25.0,0.029774501647089394,-0.004835890880652842,-0.0006057078747827567,-0.014680730350831627,1.0967071400316157,0.005915626893984019,1.8421091269330534,0.8923341084717787,good
25.02,0.04304136828125014,0.002975370324204769,-0.018540970040107626,-0.024535394070781587,1.233460027708342,0.006876473853290916,1.8116798713085054,0.8284900173290901,good
25.04,0.019125784787414557,0.01766424652704298,-0.007329734598798574,0.01983364424444703,1.3206437539498512,0.017110618975426026,1.8255194591053658,0.922197926824048,good
25.06,0.028884886842678374,0.0004205414005623742,-0.021840486273735738,0.007405060176006786,1.2048497956262878,0.025838398266629547,1.824468197055334,0.8679010413468826,good
25.08,-0.005469168948659857,-0.012384931160304194,0.01573758510923159,-0.003720140480780339,1.1676640638178708,0.00851042129461452,1.823574656802365,0.9997315632426587,good
25.1,0.008084435149847568,0.007092541134771784,0.008064823596713051,0.0169099604919186,1.2060166796066294,0.022810490860595545,1.8266533546837775,0.9505277212199232,good
25.12,0.02237627072328306,0.005507804115271896,0.004122678829718176,-0.036817669919546464,1.1917902420075164,0.02846251639203864,1.7700302431644095,0.9176448724720255,good
25.14,0.023086987152868544,-0.015778642143973547,-0.004237825874850031,0.02605992050661722,1.2030784104129861,0.023099269283234244,1.863214386343693,0.8884589757458495,good
25.16,0.01933961442594471,0.0031935448170669015,0.0003762342620000155,-0.0025909560228152178,1.130354810848167,0.0,1.886269405465417,0.9209088209816315,good
25.18,0.021181021530948616,0.010825812913491845,-0.0060255325119720985,-0.015614784478634026,1.2248407893269362,0.03027215462856065,1.7120183178564217,0.9502771164360235,good
25.2,0.008929369198386378,-0.015244356280885513,-0.017185654770052242,-0.007665627052238878,1.1435772107260853,0.0,1.787720207990337,0.940156653045161,good
25.22,0.01297817771522866,-0.01401397098153761,-0.013328689523072883,0.007070670224298862,1.2046438212103925,0.0088558858708277,1.751634883323186,0.8347635533582622,good
25.24,0.018263078902050645,0.003022258601497734,-0.013300938589782953,0.01654869838217275,1.1044651764936246,0.018992183691002175,1.7729796370331279,0.9511214197856039,good
25.26,0.015211400758108456,-0.02339740161937867,0.007137620006708106,0.002232041735748515,1.186091342654097,0.016557297218803405,1.819015790592419,0.9325125441876172,good
25.28,0.04803212126568393,-0.00705359212557596,-0.016674184978095898,0.0040793645686870725,1.281057778833497,0.03340075994747594,1.767337329998372,0.9030617677339373,good
25.3,0.031165901706118885,-0.016834499645445377,-0.013610304054527265,0.0023357929558892464,1.2485342322445105,0.029411821288441525,1.7576507946579498,0.8827391776921141,good
25.32,0.007120589160746352,-0.009761500917575812,-0.016548730108888184,0.0038829619775730285,1.1761170948652162,0.007861646060753145,1.8570367348395167,0.8640965224318885,good
25.34,0.01540469631724384,-0.011210879192824926,0.0019905988128567,0.025648238867037106,1.2436097933842807,0.026815535449960674,1.8199818652754998,0.8569349478962539,good
25.36,0.03511882365603366,-0.01937556976300013,-0.0011310131030244442,-0.0039082533108438094,1.2919821599426968,0.021005840977006064,1.8424574224257677,0.9058531696916275,good
25.38,0.056700915569157254,0.016710691530925456,0.00022409548709022246,0.029432246383981196,1.1996095005540839,0.014856190311976278,1.7586804365008912,0.8964418812683467,good
25.4,0.023187944171534747,0.01205257095513209,-0.013945791531569225,0.012020966921524467,1.1737503784363301,0.013258692341847442,1.8058083572514108,0.8583819267328276,good
25.42,-0.005610439936913074,0.012938897966335834,0.01103991145410715,-0.01014663770747058,1.109577086260122,0.026768332058301005,1.745450748201592,1.0029946100973968,good
25.44,0.03382254676681482,0.013836601493001708,-0.02845887672776964,0.013041122055482116,1.1564055135214755,0.02737775808081072,1.788271010360031,0.9044317591750468,good
25.46,0.05549425738158727,0.0022965879773143337,0.01615334010733042,0.0018075213961095539,1.183308643135044,0.012771317621980686,1.7640996485686928,0.8931961824463963,good
25.48,0.027879650382817752,-0.0033129378615448395,-0.027316046341216347,0.002745086501016348,1.1581138685463295,0.029437609807185672,1.7546234694352691,0.8798550238314733,good
25.5,0.019852779704919034,0.01352132005244743,-0.005964186649914312,0.007071645399166961,1.16462294134453,0.018502134169103963,1.7898177190602567,0.9865812040772016,good
25.52,0.018730407183699588,0.011917822082732104,-0.002204296637076803,0.021234778329206123,1.1802617285942067,0.019525327802710477,1.8207933909220027,0.9719407977357151,good
25.54,0.040037792455739234,0.01742345340975674,-0.0020561493357243543,-0.015337785679341777,1.287425367108913,0.010979333311219192,1.7578587469117963,0.8667919340374549,good
25.56,0.018274797730618336,-0.0008776824790368474,-0.004405971632700328,-0.00321533092264045,1.1931906952193931,0.04356103252215577,1.8415963805685216,0.9364940252824364,good
25.58,0.0016513792064306058,-0.002419991932207521,-0.014692055038714265,-0.011215423292440144,1.229574906233287,0.017162796404673112,1.7469500189936673,0.8938843146439718,good
25.6,0.016881412651302153,-0.024624856198886762,0.007317244454627499,0.01011085081107219,1.190928222339363,0.02852601708575808,1.6993633197234381,0.8895531899731255,good
25.62,0.03722024428604052,0.0015384181047023917,0.007538312858794044,-0.005988228436322061,1.2193795395334384,0.009698969260096373,1.8482577888731762,0.8246444248347503,good
25.64,0.025784908445452857,-0.03061341656671323,0.00020062453874387478,-0.003565711655042337,1.2386758932272268,0.016481977843923655,1.7748966899802552,0.9062656414345204,good
25.66,0.04059327344683755,-0.027923840737169293,0.02027265941430296,-0.005273401283017268,1.1679117610516199,0.011190761768023217,1.858756741288143,0.9988377421253353,good
25.68,0.03306275394646801,-0.01090484370379949,0.0039775178727240535,-0.006957916754253843,1.2173034612803508,0.022057305709940786,1.856075908128861,0.8925857044342007,good
25.7,0.0035981475703761134,0.00936568286714773,0.0029050949066273144,-0.031287464705540266,1.2461879904598618,0.006136283836773777,1.8289322374238361,0.9565142677434878,good
25.72,0.03305044912246496,-0.0042369937090520685,-0.015487603472055644,-0.006127407653225832,1.2311380110190042,0.0093505964169597,1.8064255017094537,0.9188394471735619,good
25.74,0.013151382510431879,-0.001091757213872095,-0.013199137539946091,-0.019324883312965953,1.198164952734953,0.008523728532856848,1.8196366066744776,0.9657152891063516,good
25.76,0.04567455657020218,0.015451033949868234,-0.0020539477702461385,0.0019053124712042353,1.1884383223496198,0.013060986340224675,1.8817706260261535,0.9273071010935094,good
25.78,0.03394203504476681,-0.0007724474648099669,0.0048620066998062055,-0.01938447643505821,1.1701075018006792,0.000353757419792351,1.7263886417137158,0.9128252305891931,good
25.8,0.018899295335816697,-0.018225430148480628,0.029103068265455834,0.0031719778731410936,1.1310573143885132,0.012792601941190668,1.8462630319818558,0.8272999873617491,good
25.82,0.03597603377456174,0.004614972790875262,-0.013420565106636747,-0.011534839358260093,1.1942428823054365,0.013536155194169858,1.7780497757624052,0.9703061129921653,good
25.84,0.018912528026748986,-0.002481847062842441,0.02351324202578029,0.005040767486031903,1.1556128240737218,0.028611953424229064,1.850180012546502,0.8239054930564632,good
25.86,0.023096010152503576,0.0014530291392595752,-0.003349179516215214,0.02229300490824967,1.1437154753889898,0.024664600586158054,1.7994622400111377,0.9193922318915733,good
25.88,0.0237484372442013,-0.022124036811823063,0.00227913500438559,-0.003431368578669456,1.261913561984276,0.02112665313619801,1.8528053034218035,0.7996180791809614,good
25.9,-0.0007403273311745745,-0.005782558320646743,-0.006950711258909115,0.01039899204305088,1.176206726806836,0.02411802411209463,1.7723496258571894,0.8512564975145787,good
25.92,-0.007885577793643031,-0.005674952732447838,-0.018001791107165287,0.011787218036981812,1.1862630243277998,0.025247308412352596,1.7907448602653924,0.8387760068766315,good
25.94,0.04404723253343904,0.033468393564586474,0.006012369645561154,-0.002242505712106529,1.1268353525640398,0.022135294001758843,1.7421475697007076,0.8338672796850021,good
25.96,0.013265306151485716,-0.020276995104975784,0.004604339471857004,0.011682449694742652,1.09424002041636,0.020934114020072007,1.8406936745896214,0.8292977207606731,good
25.98,0.025416558413312692,-0.020284452542526324,-0.018331397409035912,0.0005862237432265002,1.2446143920594617,0.023521300333605544,1.8099709792485437,0.9216520431577071,good
26.0,0.028627914698521717,4.331306682340869e-05,-0.005199895784005054,0.03162186901269934,1.1385876606938756,0.011013840293349121,1.7418914974814628,0.8787913435732904,good
26.02,0.03770595320246374,-0.013485854417889175,-0.0017420382087258352,-0.016937079727468617,1.307234257203742,0.028277784163844973,1.857167357475861,0.8958467120076183,good
26.04,0.040130937888825845,-0.009652108749695439,0.010528718520410384,-0.0003723541074435327,1.206786779135623,0.003070228500953154,1.7667306634413324,0.9363499650982676,good
26.06,0.006092930735319235,0.003177072548552069,-0.005014433749886294,-0.008627862889810455,1.1374946520360079,0.008919157684358095,1.7410331620101032,0.9309757545945192,good
26.08,0.037505431073161205,0.022642356531243083,-0.01794284407146338,-0.009911747510807966,1.2231531068120265,0.02036969723276076,1.8952621683725337,0.9433336680234825,good
26.1,-0.0031923189187719717,0.005031849860102146,-0.017300481562231493,0.009588223079172786,1.1425992010219244,0.02682500435025287,1.770217011552149,1.0095125122589534,good
26.12,-0.0062286432267288465,-0.0008598031778468752,0.017005763918466428,-0.015712243527311577,1.2235899880976429,0.027731720611567957,1.8089659335222137,0.8435950689419603,good
26.14,0.019944698519408038,-0.004306266765713169,0.013664132831154743,0.007861840685714015,1.183077052181489,0.0298502912962692,1.802772901073881,0.9167214784128643,good
26.16,0.020202453551340073,0.002532082781540445,-0.018197028389989336,-0.007601542337424276,1.2827780812879575,0.031171376643514978,1.7877026276778287,1.0207770978530346,good
26.18,0.007628264795192453,0.0020586652296111256,0.0028973424158305968,-0.005135092278481517,1.2188073571318934,0.01980624890309524,1.844560651310123,0.8750273827795916,good
26.2,0.02221692559948348,-0.023353515220329468,0.012835897870041742,-0.00777827455241653,1.2857113147845762,0.007826307106414113,1.7862372199064178,0.8827618110993491,good
26.22,0.03755794110203955,0.02411708693814077,0.004908048202325675,-0.010514113106149497,1.1884208552019042,0.011528742253174523,1.8119109055679192,0.9123274101711977,good
26.24,-0.003567356836804265,0.014561419246303432,-0.003256900068045268,-0.014613291341614017,1.2163319094950684,0.023869923774907213,1.7884603977914333,0.8853436205991193,good
26.26,0.019578058923662576,0.02064818541869605,-0.000846589774080554,-0.011962298024270695,1.3140599102632027,0.008352448206653838,1.8682590924590252,0.8393586623689261,good
26.28,0.028036964824900264,-0.020644330335651745,-0.012051102940145029,0.01674283471269126,1.1567685260689204,0.013998579761309532,1.7752645016103594,0.8920192979758229,good
26.3,0.0249762593202821,-0.012798270198877934,0.03328407124485199,-0.012201175009710657,1.2330478740342472,0.010199310885150078,1.8049266490225255,0.918011804095562,good
26.32,0.028410989754045823,-0.015381682607423584,0.012911532492577822,-0.017493506088019122,1.0752866981798934,0.024866957288995826,1.7215785622171433,0.9207403810428871,good
26.34,0.0032608969003736507,-0.001178504967688135,-0.034166997142251604,-0.0014337769832044698,1.2547109781529466,0.030513205607707813,1.800434337784208,0.7903394153723031,good
26.36,0.03361901215164339,-0.018357656311676015,-0.014746016211726743,0.012454497884596507,1.1968899143745668,0.020028924996415048,1.7530016255100582,0.9487192939968854,good
26.38,0.02994465534652632,-0.023163739980319554,0.026156728946789963,0.015401377805876358,1.2889414271599475,0.0007467747957636029,1.7295219150514698,0.8911591012735481,good
26.4,0.039353088930307756,0.027116704404460148,0.009119590991527808,-0.00554427050788697,1.2129830757485722,0.016297821489353718,1.7847924804823616,0.9022906997482593,good
26.42,-0.0027180016258853356,0.023962819800993858,-0.014354704213028329,0.018221353763394125,1.1381876196653187,0.02879811308688607,1.817602134995724,0.8998141562831493,good
26.44,0.024249963804367614,-0.006246352116929704,-0.004046630046302158,-0.007616189492697355,1.1794881240361499,0.01523255083738742,1.806110414423287,0.8480891291779764,good
26.46,0.02763625847954968,-0.003168453458760861,-0.005716519511675751,0.01842148771067183,1.2540373441109012,0.02385754582474971,1.7682777860407868,0.933297663176029,good
26.48,0.008311882543862132,0.000363280716727638,0.014305648196101846,0.008802052540586374,1.18424643882704,0.025555061715252517,1.7941968646972055,0.8269574328953055,good
26.5,0.03891198155822167,-0.006934690810841308,-0.004797029187973986,0.004906456579754542,1.210188578103081,0.0008798021371030229,1.8613415055129945,0.8707075579072269,good
26.52,0.027507435332932925,-0.007396333903142117,-0.02516199098135886,0.012406455580556997,1.0990874957958106,0.03392474639499728,1.7640055099216276,0.8902627392378996,good
26.54,0.04267374560937449,0.014148961507114722,0.022507501265715647,-0.004789520885033612,1.2376548797578866,0.04354599707291373,1.7903592179597363,0.9511890252453308,good
26.56,0.026178739126235914,0.005572043309975925,0.004946191701586664,-0.008964952482331642,1.2041323925395406,0.017141787118821573,1.7833470978957473,0.8948724623210655,good
26.58,0.048146052794104645,-0.018981485089235046,0.0025728717247268476,-0.003985908953316498,1.1297269688612819,0.010009544915309709,1.815231691576592,0.8686247083775266,good
26.6,0.02024535829071283,0.01528321376931312,-0.024125727985036895,0.0015069043734072033,1.2246264735083288,0.030438219537165443,1.793450176220049,0.9000088424674956,good
26.62,0.028448504766423948,0.03146253200028019,-0.012114930663417948,-0.001646117218827757,1.272201735814815,0.0265775737162875,1.836745827037795,0.8459488004509028,good
26.64,0.044834515384367356,-0.014795575474809296,-0.003492011966187103,-0.0019452463791875827,1.1644703474030784,0.014786397854191237,1.859546312379279,0.9402714908159703,good
26.66,0.01575924091413464,0.013171655898252137,-0.02400107877068995,-0.00966101133079953,1.3284935099635955,0.012304509414200217,1.774780744638909,0.8875546608902165,good
26.68,0.015768472931740895,-0.009497030889852943,0.015817933312106184,0.002794877431787923,1.2392497764299728,0.006509532899661914,1.7520950817657572,0.9719104108578366,good
26.7,0.02860993252914196,0.012807012454851606,-0.0007347230303809698,-0.004533573916259519,1.1829565103340849,0.031132601089417934,1.8872626484370465,0.944504679330158,good
26.72,0.022476302899396654,-0.002469429373813275,0.013856416886564464,0.01469801186479241,1.2259331760352685,0.02485496151852832,1.8381552795378353,0.9066508167547956,good
26.74,0.022806936727209137,0.009359958016655921,0.0028245938494398577,0.0008587401988767272,1.2385698067284283,0.01959412415314944,1.829066189348151,0.9812282029414388,good
26.76,0.01833964404709956,0.012264551279128873,0.00352793626352551,0.0068884551671265564,1.2701554182569417,0.022761210103749333,1.8168165996128258,0.8833050900063464,good
26.78,0.02519356467520724,-0.025060691617619278,0.017937560936535667,-0.009461947074800968,1.1586540368043985,0.02283500701740738,1.8058865331812617,0.8747293675892771,good
26.8,0.01638315986560594,0.008894509974229867,-0.016354323020904817,0.00992583301432908,1.1063063985384516,0.02784164384539548,1.8557142874856716,0.8881146772253447,good
26.82,0.029349319573602976,-0.013041913335993402,0.013845812230009987,0.025190017884746008,1.1657891312921709,0.023247764783918202,1.8044187769596929,0.8427057286859575,good
26.84,0.019005205868940347,-0.003021381154493251,-0.02073321933007383,-0.028120779502237382,1.184446707791308,0.023896890404048507,1.791750501838288,0.8711831218046925,good
26.86,0.010766970824814837,0.014851625817967054,-0.021791283175717265,0.03295342938236321,1.1983908969700625,0.019072792336813013,1.7062424758429144,0.9600310211172945,good
26.88,0.03245278902737999,0.016633792635610767,-0.010575518405934932,0.008575100032266247,1.191257474528722,0.024584479143098668,1.842890091592299,0.8876534375292912,good
26.9,0.024469256908151816,-0.020494969619742544,-0.007582315392167046,0.0013178262295437807,1.2202479881414774,0.03113317448525872,1.8343495098747846,0.8724741971316814,good
26.92,0.018939812662768375,0.0070888323741074115,-0.00910637792096662,-0.008844516024945608,1.2527197933115377,0.01877148139050845,1.798607122198364,0.8411081800401281,good
26.94,0.006375695995205165,0.004248167426609185,0.008575959100466721,-0.004948399167044499,1.182709105163118,0.025567356102884208,1.866376890075112,0.7940990131708705,good
26.96,0.028905879544434316,0.024897296143302345,0.0034194569945690963,-0.004992351180366396,1.2298671985089815,0.01193832744447269,1.7498444324036422,0.9413954459448647,good
26.98,0.032375144649930174,0.010539852779812611,0.0030841979210687064,-0.011929556258442062,1.2235145107716465,0.010036820821304674,1.8088806878997117,0.8398365097848043,good
27.0,0.015237500315621964,0.0004595066528779784,-0.008234363594552119,-0.006059703189343964,1.180843201919892,0.02192239300859298,1.8106461385720585,0.8683765201931702,good
27.02,0.030822708729767577,-0.023246765541639118,0.018436284307698097,0.010446092747804621,1.2666803233973247,0.023178072948182502,1.8093149081122095,0.9031761878075045,good
27.04,0.020946256149621728,0.005664762724870744,0.03757205530854801,0.01244776838898195,1.172820179023088,0.021146761929498596,1.7382764511253794,0.8434027961500948,good
27.06,0.021792250142999074,0.004136405045829359,-0.019210700262164527,0.012378158507979565,1.1030534710603779,0.0173454652461257,1.8333955327460887,0.8982959068441198,good
27.08,0.029664062796655965,0.007967873555595403,-0.001468227415078455,-0.0016562810344690991,1.2585052210805825,0.04064066147916175,1.7716885370787827,0.9180357406877165,good
27.1,0.03959500139702992,-0.014331590374585874,-0.00868569004051373,-0.020969492600482597,1.1946995110848337,0.019408669344955526,1.8782905118870277,0.9272162681455843,good
27.12,0.02836841669492163,0.005029642791850863,0.006954312527367343,0.007901163391885265,1.2751115697154423,0.029878337158007952,1.8418071552030586,0.8897625180486111,good
27.14,0.043792277818153334,-0.004155823878206722,-8.341324607559016e-05,-0.004431399162147665,1.2183927157911965,0.027824268465407413,1.7309171158228434,0.8943312849367697,good
27.16,0.014128311233399183,0.011044461850960943,0.0024098868166376394,0.013439082180678436,1.1171262924040537,0.0297490114626391,1.7183984374911203,0.964735116194271,good
27.18,0.023143746482374314,0.0038614825259061713,-0.012245043978127005,0.005634637377101461,1.1959296491808238,0.005321088386553563,1.8089104523626753,0.8769539363368177,good
27.2,0.020552675516406785,0.016159070746676704,0.014060788645766953,0.029968338526840523,1.1846228568482937,0.01134963014994588,1.7795070961053787,0.9566018538940129,good
27.22,0.005785112375513935,-0.017616029920521234,0.009810304441743937,-0.007998015432478744,1.239894217166772,0.0190356849971157,1.7986505983254797,0.9202075086580642,good
27.24,0.015135645095783936,0.01622483252868775,-0.015176711021701877,0.01811852482901672,1.108636134743683,0.023776319590565417,1.8553225144415668,0.8774454939179946,good
27.26,0.032722411265623245,-0.013482326419222751,0.022008602184813476,0.01927627645564061,1.105102670938972,0.006850077537624908,1.7908590327900067,0.9211383840539897,good
27.28,0.031035340274227937,-0.021515717968768725,0.005935772268341245,0.014364766816059851,1.2545759256881228,0.012118405167350684,1.7891344202862476,0.9180951323254052,good
27.3,0.01853155089560935,-0.010257482301035134,-0.004799503877338793,-0.01986511442176524,1.2409864422215373,0.008597203400762962,1.8200217992409906,0.9010962329483061,good
27.32,0.04264347086196246,0.0029557371130076084,0.007098137875429094,0.021976471873785656,1.2250348807930693,0.015450093552118658,1.8303121650315206,0.9587996767997261,good
27.34,0.0157615267690804,0.004254225800480759,-0.01455087769192529,0.0019109021582773328,1.1663985092406992,0.019309385523323935,1.8176339373928136,0.9021721591191234,good
27.36,0.024432728123882416,0.0096157190292647,-0.006753583689456798,0.008657795407799644,1.2054781942974266,0.022210718583489057,1.8110798249998887,0.9433246181723995,good
27.38,0.020330540548919255,-0.0007180705992471113,0.0018119784461158935,0.006216874860795294,1.278995799408627,0.03593648867464526,1.7326966436997822,0.9087556296945152,good
27.4,0.0313827861833397,-0.016091527153601334,0.010406110110520983,0.002490996438465862,1.156499946390342,0.0030156719627019023,1.7792901201763538,0.8940333555782399,good
27.42,0.03559847665899104,0.0009950530091845035,0.013972289019141142,0.007450756165562986,1.1774614927488998,0.0033281618209855335,1.809505722533431,0.9364324220963687,good
27.44,0.0133287056791716,-0.0028166097422784564,-0.017379166783029296,-0.014890925880236782,1.231566268570885,0.01092801917821698,1.8584174197752688,0.9099475591600212,good
27.46,0.0291312024200335,-0.0025014136563228486,0.016134033423129,-0.011204694681939187,1.2975505409081236,0.0014351290423729646,1.7543727515621461,0.8436033854464883,good
27.48,0.013568587063839045,0.0026555092740456828,0.004388075702149763,-0.014284094708837694,1.199585733952342,0.03105868173974997,1.830773997092514,0.902158132927111,good
27.5,0.028404843942155575,0.0054336360463734905,5.252242662070627e-05,0.009399777129657526,1.1376504020691496,0.016134057188698557,1.7470395674535284,0.8973759763041965,good
27.52,0.020662614439573148,0.024697376773182504,0.0006851373585283474,0.010383079838336884,1.1674301138776715,0.015362316728643424,1.8352585698537793,0.9381288170163959,good
27.54,0.01497704666898926,0.00976078936676966,-0.00824500877317484,-0.0059557326311516015,1.2391373618430699,0.016064306690498065,1.7115930945251705,0.9194823330150587,good
27.56,0.03993432125042525,0.02073109321943881,-0.012740179619724547,-0.01866021371522968,1.132113246559253,0.025278490197424553,1.8545629154956909,0.9074754807412065,good
27.58,0.03569394946569611,-0.010109622764537054,-0.0033247604236019313,-0.008802471049814565,1.1131749135447162,0.03939925226298931,1.7708598739047055,0.8973900055750388,good
27.6,0.010699623190226413,-0.010405384915526622,-0.02217643805685048,-0.014825132383029582,1.1266740796747532,0.014738823292474751,1.7932670943211,0.864331660388498,good
27.62,0.010055091880003808,-0.02561947389716764,-0.0014070765406882936,0.002339998944385942,1.1319622992150056,0.014129448898502057,1.816013307871794,0.8584196562615627,good
27.64,0.014290618605529165,0.002916549946791303,-0.008931845244700051,-0.003408602517617758,1.278791572013662,0.015391611078520164,1.7687002688379958,0.9704979728112699,good
27.66,0.025164097127117202,-0.000503364439234014,-0.009889042848706042,-0.020771305161148657,1.2198482658418097,0.012251805022242306,1.8606079306088872,0.9562088672400955,good
27.68,-0.005443461817281083,0.0005337360485244189,0.011117916844113215,-0.005104370450325694,1.2164050141010059,0.03708513434051895,1.8506234450786547,0.9410690506000492,good
27.7,0.03029063968757472,-0.016552779609609873,0.007103558890568978,-0.00672764959989143,1.1878819848310362,0.015836046187479413,1.8340272391425405,0.9192264942894856,good
27.72,0.02208250171784171,-0.00121165990407991,-0.0014779388612172941,0.0061068570421751,1.1491802077553481,0.0238618574661666,1.809966062796799,0.8724155398355189,good
27.74,0.024085837625011042,-0.01529432757905175,-0.018412959471673512,0.016197270942626678,1.0889749740762096,0.02153043301315644,1.812913678433015,0.8798020485580161,good
27.76,0.022967500704701663,-0.015525662381246653,0.0008981789685770744,0.015671136803194836,1.2904315305604508,0.010779586497271995,1.7368665937116103,0.8667307545761131,good
27.78,0.012994131927585757,-0.001261837687385238,-0.0006768736935240984,0.0016328865975990745,1.2615785000450281,0.021212344781753704,1.867663005867989,0.8450838446017227,good
27.8,0.017479477221494646,0.011182039610515181,-0.008318822901199027,-0.007596134960303557,1.1984065490123998,0.041248405311882265,1.8796524445009877,0.9139865252772825,good
27.82,0.00866941363212928,-0.014436969058814251,-0.00046658271424032297,-0.019405400467420265,1.2258523471310288,0.008587213935519245,1.8171847427221535,0.8491520179953016,good
27.84,0.018200058188745476,-0.003969920657657493,0.0018613827787754892,-0.00936318902578333,1.2337559685044552,0.0167901324964392,1.7658673492152763,0.8765127523418353,good
27.86,0.03412222239186452,-0.00806045314929898,0.02154035848088429,0.006605128634580317,1.2062268268914058,0.02009317918968594,1.8716353897492537,0.919224596795875,good
27.88,0.035247896046593556,-0.03831811865488013,0.00406749939082127,-0.012971768631109626,1.2303489407460508,0.012250167779140946,1.8653815729879015,0.9741281798805367,good
27.9,-0.0025115183390990257,-0.009910938986703366,0.0066581663614278625,0.01772376135747353,1.2059741549631307,0.01610969314074461,1.8186498507268523,0.8869081905804334,good
27.92,0.0429693024340459,-0.025614320006727295,-0.009091187051781755,-0.009710567146928084,1.1676479279732073,0.02039582796572538,1.7614286570283315,0.9092032958352747,good
27.94,0.00814655501064656,-0.0014534052200872603,-0.004429788651285217,0.024276662192444703,1.1556014714923248,0.02006673082343477,1.846448627073886,0.9018356286993148,good
27.96,0.036250823989481554,0.014088607619600818,0.022271954422509108,0.008030607117511242,1.2109995867198329,0.00967147315026222,1.7244318371305387,0.8981121098171315,good
27.98,0.038197746479930336,0.007638270982450956,-0.005464837020756773,-0.0174792090129104,1.1947472798886873,0.03319155563299938,1.8243811967152352,0.9316407759306378,good
28.0,0.0007624175283500666,0.01297171847346278,-0.020550291898129337,-0.0005467920291483676,1.1701563115116873,0.034871040577931604,1.7353736282741237,0.908144290553718,good
28.02,0.025996948014847022,0.011654807844682414,-0.007452137518925472,-0.007786638336405386,1.3291047150331388,0.015169916993174033,1.8210369951812746,0.9065638536853208,good
28.04,0.007444261212709245,-0.03698069717614555,0.015841373976181586,-0.02182002761658768,1.2213490350509093,0.020688654818816314,1.8397864945497768,0.8647746687573119,good
28.06,0.054755077399961674,-0.01375418508616095,-0.009827456788687652,-0.021084280242978367,1.157951185414775,0.008286907341247431,1.7349186322733332,0.8365711317065835,good
28.08,0.008003745284035052,-0.0028224960034198333,-0.0019771300935609243,0.01240758559200892,1.1678720679648382,0.018752649316888397,1.7639416142884543,0.9242093893040287,good
28.1,0.03757386585836126,0.01644554348856641,0.007942406600564224,-0.004464874250254732,1.261609027165431,0.002516368447845936,1.7945439335062179,0.8972444194302883,good
28.12,0.02198313868563239,0.014318142514667818,-0.020876415185061295,0.016458490695726222,1.1889039935637633,0.03320194112934115,1.8722592421273756,0.8452406732075896,good
28.14,0.033668695402925754,0.028164210585964612,-0.01306784367797026,-0.02305367310011289,1.2517113007622303,0.0094004087480926,1.8010779270462598,0.9912970183159463,good
28.16,0.018852920759320567,-0.00974669678886553,-0.001549446619837711,0.014678173154776769,1.1303482380883494,0.02049143160182855,1.8278909746355194,0.8510703826257977,good
28.18,0.040098307917957175,0.014734342565349601,-0.014964749302522527,0.009090726903469988,1.1198642127533724,0.0,1.7832198946978899,0.9840669185592947,good
28.2,0.03047211803363966,0.0021344521410288126,-0.01561975588883639,-0.029602873781511583,1.1701056865685917,0.024155470868870293,1.848801379033125,0.9016687100495014,good
28.22,0.007581360205100612,-0.0010205226841191138,-0.010673035431884826,0.00017444445133812472,1.2175394691067838,0.0,1.8016561052190598,0.8206495951304205,good
28.24,0.0329842264933243,-0.004219708710472629,0.029804484913688017,-0.031109766171791762,1.1835705539984607,0.00886718510257915,1.7149346926143276,0.8590918051353266,good
28.26,0.001807051383148684,0.025991350216213186,0.03284743764953241,0.0052227287362414,1.2067986445897638,0.015857121812085973,1.8057907972113887,0.891158811269436,good
28.28,0.016309660140895257,-0.014264752146095287,-0.0027299831096647526,-0.002038823916193244,1.19172699504294,0.029651998336177782,1.8496405064721835,0.8871508790769914,good
28.3,0.06127881913400808,0.009184830782927493,0.0027545369358253796,0.005851627297629627,1.2118184959402691,0.03684329535162816,1.782847801228788,0.839822776314523,good
28.32,0.021444714399079575,-0.014423114546575244,0.005107743673624812,-0.0001873595355195076,1.1490782775326804,0.02864191127918093,1.768619307573442,0.8223167382956177,good
28.34,0.04803644219191297,0.0015141150527284311,-0.01600650214062467,-0.03543355486002218,1.152139349197952,0.007904367618001593,1.7541470977229543,0.9545997597425923,good
28.36,0.023161521902303445,-0.024735091737673343,-0.0034476510346117405,-0.03259596041387712,1.1903413576897715,0.0,1.8292845255042753,0.8794618858187145,good
28.38,0.01830282934513868,-0.017076283196976537,0.014932280209631166,0.021454881230287024,1.185462173562017,0.01757895090782759,1.8329081329652352,0.9740674031513186,good
28.4,0.029835939583613046,-0.015314054197391205,0.014491512599253206,0.0153230592948268,1.288530356252011,0.022787589168158862,1.8089472600694156,0.9422584307721862,good
28.42,0.01546149927583842,-0.003272326849648676,-0.01274234359030723,-0.018642800269848603,1.1785068148394147,0.00475929677060132,1.7783511953010729,0.8299478167994353,good
28.44,0.040169463968282096,-0.013363151150650844,-0.004145618444984037,-0.002795057129245296,1.2367609208752763,0.020831872791162265,1.722503110192298,1.070670206466209,good
28.46,0.028896784176527447,0.00659296169318686,-0.021154272301467283,-0.007643851444805601,1.1516458236056237,0.02881963581939564,1.8550675647201986,0.8454819813201453,good
28.48,0.013504229036718078,0.025133891430585125,-0.017580522321811416,-0.010092153574407183,1.2312864238179215,0.006368628892363851,1.7477005226181737,0.868597375329502,good
28.5,0.03831891586306545,-0.009639112153125013,0.006070594178207142,0.011597562441460964,1.1935347677953585,0.02313034852861485,1.852330634786923,0.9072837045930038,good
28.52,0.057032332313643276,-0.02966601683604452,0.012309078459672254,0.019530228114886704,1.2779582148246391,0.0014387381034179027,1.7579209089498804,0.9261392709282219,good
28.54,0.02398187342646328,0.010569223067049766,0.011091013775676995,-0.0060142839869164084,1.1690687444420822,0.007785102264723454,1.7869126329369271,0.9255568457531327,good
28.56,0.044877182422578904,0.03988730694215963,-0.0010524118385459903,-0.00903587272917858,1.2069239176911553,0.019668534885751127,1.7802423915719026,0.8092404961144893,good
28.58,-0.012663484121474292,0.02712261940568021,0.0010544788508440948,-0.018411434808374243,1.2604901807270987,0.02145383595608269,1.9730120413933325,0.9009522453471679,good
28.6,0.045886832157869074,0.011868578372311677,-0.023561123849921307,-0.012794534039264198,1.154940548987121,0.020310574266431656,1.7656205052572413,0.8529987760860294,good
28.62,0.030815213980990228,-0.00833884639393059,-0.0016262447031184148,0.016449471278623274,1.3295032528614816,0.025222109008124844,1.7672838849824488,0.9552314485069884,good
28.64,0.05290732517794533,-0.009430602612011108,0.0061863247402506325,-0.0032562883742507025,1.1314019298203375,0.015340565624070846,1.8476143285354576,0.9240855642527877,good
28.66,0.02007891772450152,0.009117702896612892,-0.01971787175751101,-0.005384626009650178,1.199074692075939,0.027232275379310784,1.7721522853535094,0.9401882476370068,good
28.68,0.004992776394731209,-0.015260873915800869,-0.005026781728518709,0.00787397733726948,1.2228068796716185,0.009397218882157703,1.8089169887254846,0.880235721403365,good
28.7,0.0025632497753080813,0.00022345964410728917,-0.009225209690720397,0.026083169377255588,1.155438887222292,0.030204950768445468,1.9113291957815306,0.8690929386263809,good
28.72,0.028154025864974258,-0.021062500128836776,-0.014878378878051397,0.010116039459918201,1.2451359339158954,0.00745792327548773,1.8674265409541682,0.9458345550253457,good
28.74,0.01009843844342847,0.0013030938642278607,-0.004899417932786135,0.012862920835289888,1.2049467748167908,0.020738083331743585,1.8107243063025842,0.8792667191576228,good
28.76,0.02353629206207891,0.010657935040261331,-0.0013853882377592842,-0.006024268862259471,1.1887562492881967,0.004278500856624619,1.8094734558027958,0.9343132628271943,good
28.78,0.002230210250520899,-0.0042843978883402726,0.01878853996621511,0.019749202017094583,1.2110893530206515,0.03265273801918438,1.7595893426544145,0.9552821012635239,good
28.8,0.013144966060972572,0.027723567390801607,0.01732810945377779,-0.014535030849340066,1.1958528550981717,0.02092393031406628,1.807223771850015,0.8705639153206697,good
28.82,0.026362547940144518,0.011053202849325951,0.024829991046338602,0.009136845717393333,1.2686966847225662,0.01723967887381487,1.89600334749116,0.8781768663655957,good
28.84,0.0318557347240496,-0.0021251709777266644,0.029611496610388675,-0.01486135291361155,1.1740854226269624,0.011916557366725193,1.7692086651795416,0.8310421278646344,good
28.86,0.010602990264888335,-0.011158132410375486,0.020285957857863846,0.016966618420178953,1.1476185607638392,0.0322190614372561,1.8256280139121261,0.9427466229588292,good
28.88,0.002793681092555496,-0.019967013902032704,-0.016157870551519408,-0.02059951525044467,1.1909457106750594,0.0285074038430436,1.8400628769172334,0.8890263231116822,good
28.9,0.038129849627074566,-0.008857927806141794,-0.02380235148891702,-0.02022563883482958,1.1138312546789746,0.03204928587395068,1.7888113043847356,0.9005190767221903,good
28.92,0.05416104297033164,-0.011012389563643938,-0.005469207225321794,0.005441433988556913,1.1344738691085694,0.022517583011299386,1.7874532730237296,0.8562243062370186,good
28.94,0.005966931591685393,-0.0132592433233348,0.018341052551077354,-0.008194747395723219,1.2775136797676088,0.027738648668627706,1.7748684238124417,0.8883034224497542,good
28.96,0.02437827354510401,0.0038939288596042767,-0.013803159753544961,0.021507214837951406,1.1234856098325752,0.02100918031659752,1.811670317627272,0.8865061543283406,good
28.98,0.044868014226757916,-0.025104990375465246,-0.016214321028123382,0.013528694714000887,1.196318816193194,0.01676143252527855,1.7915475742300127,0.9056481232388358,good
29.0,0.009543654282173603,-0.0038069042794983076,-0.0018214430545316171,0.010351662531238823,1.186282976537605,0.030091558316975815,1.7558762983428964,0.872448685945842,good
29.02,0.015085865753930276,-0.017868770881778313,0.008618325286530188,-0.009772924252834152,1.2681892200597402,0.030562633445187316,1.7852240468384712,0.9309897523640933,good
29.04,0.014888995350065257,-0.0031303469724355444,-0.009573375009670836,-0.015691965648416045,1.2567972388350637,0.006669187102363086,1.784091518194881,0.8307186029051126,good
29.06,0.027437588327792046,-0.02358170071079448,0.009299647383476954,-0.005856650972597932,1.2120755210432683,0.021047009806858932,1.6772512961618846,0.9960650296699918,good
29.08,0.027148135905700366,-0.018127394168789175,0.008534841489366084,0.01751307437277753,1.1656574819580703,0.028897069959984603,1.7953609364317213,0.9294944010478622,good
29.1,0.006469941357124133,0.009982396596476255,-0.010434980134571205,-0.0323342331321423,1.2405563018855523,0.016098964118015157,1.825233952488064,0.8982672764362153,good
29.12,0.006622792222389183,0.009962155621913469,0.005691434786264994,0.016261458159137255,1.2503809151884835,0.030221830303914423,1.8324617605246674,0.9114174165019727,good
29.14,0.009105949973631431,0.007673086715897435,0.001456778414533445,-0.0003786458901576721,1.1473297989399567,0.01846076270056428,1.778059884248367,0.9639495018163825,good
29.16,0.01591981299828893,0.0008546674272094056,-0.010591653616231626,-0.008865162504404948,1.2854789835017917,0.04009282504894146,1.7404809018453054,0.9145662434213422,good
29.18,0.03558978130523015,0.01708597615445035,0.00310058025123216,-0.011282212620319363,1.1522070290650277,0.022936917756165753,1.8451232532244481,0.975377077137558,good
29.2,0.014250871095734965,-0.019171029255934162,-0.010926757133207383,-0.002789481660610239,1.202818781480266,0.018549629419220805,1.853666903121278,0.8944512812976387,good
29.22,0.03842484195915259,0.006382658933233087,0.0047361378196993705,-0.022707035316924373,1.1784775572261008,0.03698203310107199,1.6950480745448988,0.819432542261408,good
29.24,-0.002013057186975609,-0.008148711466413916,-0.02980392561592255,-0.0010370529455369913,1.239167888898296,0.03303427840729805,1.7527689775433977,0.8233889827298396,good
29.26,0.03264101358287793,-0.005351874501930281,0.006387746015130767,0.0007001285288003022,1.1896470056060637,0.02408180933617281,1.7925802079581588,0.9895465993534728,good
29.28,0.03228140153092619,0.010026823967685675,-0.010337823225614834,0.0015459674298515644,1.1921694191380043,0.03118670465405249,1.7235064201592198,0.8866615290978153,good
29.3,0.008401101878255511,-0.004616672628950297,0.011337218297676175,-0.01040290796358518,1.1135086654289623,0.029942039078376857,1.8316789105217894,0.81593677865956,good
29.32,0.002765512010354004,0.01763125059940035,0.004239484238194998,-0.0048644535168513026,1.2123415273209104,0.021495019820411153,1.6931265359018342,0.9590331492224835,good
29.34,0.015730277896634354,0.007159854017195886,0.008429246736929758,-0.009947292112533845,1.2983767878024666,0.014696195174356719,1.9129856724852883,0.8858852283347454,good
29.36,0.05101626875472179,0.022442740745141344,-0.00986602314796093,-0.0031171929441455343,1.1791173179135102,0.030267182512194735,1.7276797439995453,0.8841426939698562,good
29.38,0.01181045615821135,0.01737215171623765,0.014663466940387875,-0.004441606741250284,1.1993913572244856,0.02993249328769958,1.8387165665734073,0.9391074036699062,good
29.4,0.016008629423297612,0.03206104583327921,0.0034936825290578385,0.0023489093353879814,1.1907292543648218,0.005980345278821253,1.7995945797000108,0.9523801811875406,good
29.42,0.024472079814490205,0.00921032608103159,0.005898013532153764,-0.023274855357687186,1.2642181079255725,0.011578978230358644,1.8454738194598195,0.8699146932091913,good
29.44,0.008670993364677625,-0.007382018200439213,0.009417954397657052,0.003638895840022294,1.0729359456948768,0.014402324489140356,1.7741221424486464,0.8524270486111588,good
29.46,0.01904998624442049,0.024003507377874485,-0.0001225443131609253,-0.007094619236257089,1.2324335210316137,0.014469848784603717,1.7855919940052523,0.8590538052670884,good
29.48,0.039930997226188494,-0.018760622725571816,-0.005584828585365358,-0.013346915239929083,1.104626128296534,0.009052321421257722,1.9322675664580324,0.8317039559268539,good
29.5,0.01644417795735163,-0.014850958569393825,-0.009571178871483227,0.0031740842367683152,1.145464934631305,0.03523583480566444,1.8156388761095095,0.8583300487299881,good
29.52,0.021408643525171762,0.0017415190931372965,-0.02535033589625804,-0.017703835425040778,1.2708883920100376,0.01399615787810465,1.8261004524916744,0.9788293946041124,good
29.54,0.005232713794633293,0.010585354597992062,-0.02710484283542962,0.000236709718833481,1.2386336457532965,0.012753957604844598,1.8074489830321057,0.8780637064720186,good
29.56,0.02282347198173077,-0.013424479646226584,0.01277972912005937,0.02361957928765295,1.2643045558060173,0.016460461577464655,1.881387631228097,0.8434284625235708,good
29.58,0.046671519457353164,0.021243209961586153,-0.01293501431704835,-0.00015752452377393474,1.16412725267971,0.013380362429660323,1.7935094421673268,0.9587095147367478,good
29.6,0.024827666822220016,0.013957530426992297,-0.021598234631471275,-0.005050414248132091,1.187243517206881,0.017571642520233768,1.7755685053541501,0.8632656358119923,good
29.62,0.0287503450610455,0.010473642846497124,-0.008840107087996686,0.002054863056205663,1.1105324693148813,0.039739772416837814,1.79376016110539,0.876114695113876,good
29.64,0.0216534834312566,0.005880142353115695,0.004620035639411625,0.02097026724442933,1.1855159969936855,0.021983348460039787,1.802669595915082,0.968304938850779,good
29.66,0.022779650007681663,0.02456279058155011,0.010210415999287327,0.005854413824623325,1.2291293646801444,0.026734552723964328,1.7783221614730789,0.8871716086068808,good
29.68,0.005061968028313789,0.002327939894829014,0.0034842142840676863,-0.005128793307642768,1.2547275702049727,0.026662493264443612,1.7401484237960967,0.797399047030983,good
29.7,0.01856536251733649,-0.012392139114706371,-0.011336591752225183,0.029196630891161188,1.1939994513493517,0.03077805149256002,1.8114666952499496,0.9456523137406959,good
29.72,0.008038842403667456,0.0016417980806989702,0.004528831403269736,0.0007733791852867646,1.2571977035335709,0.027777977243334397,1.8066896690599519,0.9444665374397121,good
29.74,0.03828841969684142,-0.013218057903947505,0.004869418885301931,0.008419408600851015,1.1005987309374454,0.02755416955645872,1.8010967365814843,0.8338959701059665,good
29.76,0.004993177092293825,-0.02424745524171158,0.010164729243579527,0.011292021683583368,1.2376897705346832,0.006864624089040703,1.8000091643389655,0.9414457804819413,good
29.78,0.007238104832943422,0.003090122734571661,0.006616567637400136,0.001235195689716668,1.1943723463326013,0.021896889972867085,1.711894390782934,0.9529046299603299,good
29.8,0.028833086522040502,-0.01683944337999661,0.003948598311455657,-0.020529350989381988,1.2437498696796638,0.03743934847162553,1.816642507326885,0.8576533757219339,good
29.82,0.0237460095134425,-0.0008932094857786873,0.0032178148382779356,0.02313256480986452,1.1930588949608611,0.02788199923460142,1.7146438328110667,0.8975578187057968,good
29.84,0.02427034912157565,-0.005019327643797857,-0.019767573861184287,0.002096151678470464,1.2462276187836017,0.015768464477556525,1.814157064751909,0.8251382479122372,good
29.86,0.027087859040144727,0.012633269831562016,0.02877727637343271,-0.01753924826052174,1.2001065260391046,0.00411198721914686,1.7525115020524076,0.9171287918638442,good
29.88,0.03791668894443381,-0.001383254192015916,0.0017031455150550835,-0.010286665944704097,1.239386113406945,0.03931702039003682,1.7252617625646554,0.8874391386989992,good
29.9,0.014930521775375754,-0.004025312719650385,-0.018526593986341496,0.008311370227604585,1.2612587526505727,0.02065584717059253,1.7811799490303148,0.8792820227845304,good
29.92,0.028571361199606144,0.013071930405996766,0.02321030868645049,-0.005995365552753975,1.2417499383903878,0.01300811439187026,1.6917968737889142,0.9270990303573133,good
29.94,0.03350764287632335,-0.010952752714921337,-0.012722301897724522,0.011894985554251268,1.15919471880033,0.03518614361745145,1.6927547653422277,0.9539997638648642,good
29.96,0.031301536134738975,0.001117720935537448,-0.02312121776158046,-0.004990654059494608,1.2222291347634398,0.015927964881091727,1.7798561361456946,0.8295865720344467,good
29.98,0.005029835940343384,0.010795537436525105,0.021500830830530938,-0.026511041819772718,1.2222047625555132,0.0,1.8761655971326732,0.8552556371334651,good
30.0,0.016472386303003905,0.023960795701961066,0.02315336399950569,0.008123877416493211,1.2093326822282642,0.02033534769480702,1.7980249923600797,0.9300996406106001,good
30.02,0.010400149587357067,0.0158584438027381,-0.0020955786940901264,-0.0006044097933386183,1.168506366181018,0.025607704373071707,1.869240443336393,0.9495998261135875,good
30.04,0.0192197627332348,0.03183659639252192,-0.01228938186357027,0.0335687098337061,1.0812104099685573,0.024089648739890196,1.8356787478719523,0.8581704901770586,good
30.06,0.03642190471828661,-0.011649474081170919,0.006720637235323762,-0.025631901175561533,1.1966598272612274,0.018102489678023036,1.751927998732026,0.8826177317997809,good
30.08,0.042694251383142146,0.00892916106109222,-0.018591511617320342,-0.007543578665270988,1.0907019789323058,0.02502837921931715,1.7539157575637605,0.8922776054164168,good
30.1,0.011263732018954586,-0.00734272315790804,0.001492094688359746,-0.00412594266128384,1.1313729813648212,0.014823601010301047,1.865160035236463,0.9327463017026731,good
30.12,0.014973277890209457,0.009911973366428314,-0.014351533784923088,0.018151317821519693,1.2444193140163018,0.02003377004484708,1.8733823876730564,0.8760757707763921,good
30.14,0.024327195263589684,-0.0023616790627280816,-0.012107888865230051,0.011345510926553082,1.2698423035063284,0.0,1.7640740159058474,0.8443044658587459,good
30.16,0.035820409573266675,-0.002948519764345398,-0.0006296382005510405,-0.005439184799394793,1.1724289189773656,0.0007883542363064477,1.7738453235163862,0.8689641618588069,good
30.18,0.022746864568225233,-0.009699539924978696,0.009213978252128269,0.009267868786853754,1.1921460173809575,0.02471832457249606,1.796816615963792,0.8915226793860264,good
30.2,0.025757684349568575,-0.017089895101028794,-0.001657942593169339,0.01534051142139209,1.2583782991468915,0.027136777990560617,1.8109600818632507,0.8755712235089662,good
30.22,0.015028843136072034,0.006125746168135117,0.007922225634833921,0.004599467011876186,1.238086957828366,0.0102992288667008,1.7903293869553403,0.9197871439389735,good
30.24,0.05425373546080168,0.013128914295136785,-0.00750987400870184,-0.01654429053428368,1.1757470795750977,0.012678125567458481,1.7551783546556305,0.9125595122285038,good
30.26,0.01656182958184052,-0.0018336197243418208,-0.024235916730591944,0.006536454744995643,1.1896062467395359,0.01638610992559581,1.8516929601239038,0.9903153821206941,good
30.28,0.03816993013543218,-0.013386239997022807,-0.010177542609053292,-0.0005934969579671319,1.124866544754095,0.017197492946718938,1.792971418085195,0.8158000707418058,good
30.3,0.034421401901480624,0.002761013389251677,-0.005428769826177576,0.015358775719409384,1.212725190041687,0.026552394333440577,1.8419326683750867,0.8945846782724235,good
30.32,0.019980491610194183,0.004015961300451107,0.0048402831675133234,-0.0028215483401849767,1.0957585397787408,0.016670810425718097,1.8202369536843033,0.9443927768033968,good
30.34,0.014651926554167237,0.017474340456040217,0.015788074172898594,0.008974390109029132,1.0740072910165765,0.019569297602394776,1.8532707343233308,0.9501496735426976,good
30.36,0.007556840784347142,-0.029275642765050666,0.002940427711245241,0.011210061510635942,1.20604926497908,0.01222362834562549,1.7815985329936739,0.8788354549630912,good
30.38,0.02239534081466466,-0.0009920123963484213,0.0030766221130300872,2.6201181571278458e-05,1.2090918154651344,0.005588335230845589,1.833422161824346,0.8077468471159263,good
30.4,-0.00610581769323124,0.013831236228134638,0.009509633317015868,0.000948937300585881,1.2407687898723825,0.022654484375597042,1.6874365811437528,0.9770494408169424,good
30.42,0.006169169350921286,0.0007212268201548668,0.01340465999043258,-0.008833210158041062,1.3060817061897316,0.015847602614036702,1.7981220753950424,0.9373325779438931,good
30.44,0.02215141800543961,-0.01728726138822906,0.007539380889681089,0.020898248038357575,1.1452278363344017,0.0020626721495177924,1.7904408086713914,0.9106609810227818,good
30.46,0.0006315764512361387,-0.0010612396241804374,0.01567082221058567,-0.0008028150422249135,1.14382837963681,0.018644851106370552,1.8527437547706893,0.9382802639745218,good
30.48,0.03890307420720815,0.0007382349434101342,-0.012559363411036943,0.029941918736342773,1.2122490682202554,0.015105218772151015,1.7903261196410847,0.8474654840562095,good
30.5,0.03086992895178107,-0.0010598606833151956,-0.0018915142806706527,-0.03257319572376859,1.155548302993539,0.006291412019429974,1.7780266797469368,0.9229092357857913,good
30.52,0.01708785275905174,-0.0072433403891694935,0.005996530529924594,0.015732235840675707,1.1730219013647771,0.0,1.7569892726226246,0.9463505315599303,good
30.54,0.00597201107947409,0.0004748782315358725,-0.0067993218178136645,-0.0007742726883764755,1.214200386036284,0.019934373818527626,1.8042773960861964,0.9072376965627774,good
30.56,0.007517862647262684,0.0018970463075315502,0.005042912098896641,-0.005322270395090527,1.233336113429162,0.013139659651209666,1.7066906353408324,0.9444941556665285,good
30.58,0.05976593736402244,0.0022435724064858776,-0.008151639409122807,0.010860214750943297,1.2150603866869207,0.00013766794827413164,1.8047980284930025,0.8919781074214246,good
30.6,0.04322292523829426,0.013280002214761373,-0.007344236883025034,0.026014413783629856,1.1756557570091937,0.021450186524975653,1.7600110343385924,0.8370725184230353,good
30.62,0.0303527524433054,0.0015948305728742589,-0.006006140033889848,0.018691566863485193,1.2739811648536254,0.015883507323763774,1.8429333406331225,1.0064774782635622,good
30.64,0.027594732301318925,0.001320603195728286,-0.005010091115585095,-0.0063220218772558345,1.1896662428821903,0.02914491535046346,1.8401398944939114,0.9226412340467035,good
30.66,0.005180469259429711,0.005780027627236048,0.0039019176004483043,-0.009455751620085225,1.31111947453235,0.014807188259695042,1.7726235180867136,0.9607705644247581,good
30.68,0.03642159301297356,-0.01375607397585089,-0.0223049716334026,0.008066946701617119,1.1409419191709382,0.026007751715263344,1.9368593930270086,0.9275937994532708,good
30.7,0.029928564319755588,0.008453419053799566,0.01230026911121513,0.008706093221921533,1.1453250045312795,0.019033565309303863,1.728304147936885,0.9432857153820363,good
30.72,0.03456074105368378,-0.010933404494924321,-0.011791510087220519,-0.03010958475727007,1.2587318321913574,0.01665146783639878,1.8392940775418425,0.9087504489879539,good
30.74,0.039606031070037594,0.013611160727611373,0.01241997047754427,0.0231808454406684,1.1479708344960076,0.02841294281529774,1.771393278413265,0.9242639523790583,good
30.76,0.027503713289293047,-0.0022062356996796783,0.012215634104176903,0.017131549620499464,1.1712716899844458,0.03593942510211492,1.8082549703955468,0.8536890971498383,good
30.78,0.023299298534839596,0.008485665155434152,-0.009986817242765345,-0.01089692365424071,1.261049089842933,0.008493033513590544,1.8526851596687846,0.8799675886303968,good
30.8,0.0196828902074865,-0.011940952056443906,0.000307045585102811,-0.016404471570279962,1.1412707370500006,0.015092161987951167,1.8935350931909198,1.003198427199762,good
30.82,0.008430784922526817,0.026893621840235093,0.007190226418626045,-0.022270452096426693,1.1988995993391436,0.03314628225861916,1.7949389473850585,0.8897764484122944,good
30.84,0.025801737041964853,0.01600524414836125,0.005130551038576849,0.02402952035134211,1.0891471568335398,0.012784719749430832,1.7592270706696063,1.0191129220233424,good
30.86,0.009311335969047459,0.00892947342349988,-0.038073295853434656,-0.019887104282449854,1.1940280533166154,0.024043866480366556,1.728448582023318,0.8817080485584629,good
30.88,0.015712596558949538,0.017901684711935793,0.011195399628125257,0.007949388227517291,1.1827950067888349,0.025418082454945118,1.768382419790643,0.9030243615355857,good
30.9,0.001543536851505368,0.010530712734117029,-0.026561692877891365,0.0068727276203030254,1.1382899836795806,0.03795083024001233,1.7766625143140065,0.925207004614498,good
30.92,0.024402317381128465,0.021708645643213544,0.00402224958221011,-0.00229565646403485,1.1344094991132103,0.025250332389918424,1.757005050905444,0.8852402841127178,good
30.94,0.005884660574954523,0.016443933926266467,0.0086168229386737,-0.00014539930309617624,1.2900314739955794,0.016506317956298387,1.8054969778257526,0.8467145991269206,good
30.96,0.03357769367762599,-0.003302145073198834,0.0018615626485062303,0.024525369007100048,1.2169146616313424,0.013257639551606356,1.865219980643804,0.8947470334505514,good
30.98,-0.011718578333918893,-0.005489071862614786,-0.0021523147345647964,-0.006145813424539442,1.15706082753239,0.018710004992405584,1.7555787035586907,0.8882608518892272,good
31.0,0.03450807155614236,0.003589728891362494,0.002378805725750918,0.00795496614413754,1.2203952524793098,0.03377465573571908,1.8691898490607737,0.9506640413786347,good
31.02,0.0355957065025789,0.012723741771742849,0.002334394783730283,0.022861751075079362,1.2132742606116502,0.0220262917112976,1.8278077492737277,0.9523943487197597,good
31.04,0.01006834093151197,-0.018553334621604356,-0.0073931747946598195,0.02759356139786715,1.0772947343774877,0.0255100063467988,1.702536311637653,0.7743393703424812,good
31.06,0.024254763948100513,0.003075007886130596,0.02134892605667099,0.007628906969372648,1.1259927912828993,0.019051618385649782,1.817312719986771,0.8789650697912179,good
31.08,0.01588027474351541,0.013867039719850021,-0.00406038419344322,0.014904231380520204,1.170762042838958,0.0008249869488266626,1.742754289434338,0.8557004733851347,good
31.1,0.02543806536027825,-0.03591685295516368,-0.0056611168866414156,-0.017570663627191358,1.0844763929019015,0.03754457548688878,1.7706708500638655,0.8216567237702672,good
31.12,0.005773821516621121,0.007939868232806263,-0.018252753776241266,0.0028680531377939258,1.264348691735308,0.04280743776690564,1.8223492748495096,0.9481165755857371,good
31.14,0.03544522997944134,0.001987878534222926,-0.021710717652583852,-0.0033756723726814514,1.1962633368366082,0.027703187061690566,1.7262914882707305,0.8999596989309269,good
31.16,0.005495580049424792,0.004339449337737892,0.00454147467670796,0.005594366339591529,1.1840395583714576,0.014929098042470869,1.7948487261194415,0.8680337245266966,good
31.18,0.013901176542798856,0.013537710548338466,0.0069825865971542165,-0.02024714919624764,1.198005718434303,0.04885729270529394,1.8489730442617263,0.920613003960518,good
31.2,0.05044530222422116,-0.010767818835186115,0.0011665001818866349,0.0031234187790844525,1.1591633407967832,0.006931020403829877,1.8166952165045094,0.820222063677057,good
31.22,0.0027199882361717506,-0.003768510995134293,0.002071588331269674,0.022311242630714788,1.1828396165764068,0.00941400909912092,1.7656003310036468,0.8402189087305645,good
31.24,0.026253814069932352,0.004179949313389273,-0.0026831746610607456,-0.01739149973570048,1.1825085686800292,0.025357216198114384,1.877416103863378,0.8861112328751426,good
31.26,0.022353473786863146,0.019306880202284448,-0.021656112591009018,-0.026222815775819197,1.2035809454032715,0.03178288735711899,1.757506414463212,0.8922079909022996,good
31.28,0.03652434941803387,0.001092098605364976,0.00521275813594536,-0.012581471476867343,1.269806047229264,0.016463655116001227,1.799115064043642,0.9119153554537207,good
31.3,0.021940844652626558,0.0038013476932214976,0.028279207642414567,-0.022571653736494723,1.1014935837238173,0.035008423342132555,1.7653455254704566,0.8738804862203816,good
31.32,0.012307619906206045,0.014485552041427539,-0.0010340612851521892,0.0008430266913183004,1.2432164616073729,0.021835200867873553,1.8664495672248376,0.9684175010611342,good
31.34,0.01850896674082688,-0.009136558707316928,0.009781312510403555,0.019880048537502467,1.2322860520644345,0.005300482365197121,1.8165299741899357,0.9614477861735514,good
31.36,0.01666403859620583,-0.005472763584505438,-0.0006007641664330985,0.004595631872836169,1.1881626206931108,0.009707082695928572,1.7887990662833078,0.9079263284338779,good
31.38,0.04637065668636565,-0.0014001696454228254,0.0228250982743311,0.008280443865226476,1.2427455272429482,0.008139999086681228,1.7249515700068232,0.9077918745506617,good
31.4,-0.0009201915594148472,0.018131073874897402,0.008482925982439748,-0.024198767112809907,1.239061368220135,0.04245647035062097,1.8413059514611747,0.8731878244685152,good
31.42,0.045510894652410656,0.005742899918500688,-0.015812552220797006,0.00896584633497944,1.2366714710329263,0.019726531707639067,1.8794897483057111,0.8742993919934396,good
31.44,0.03897320561387811,0.00417105212879167,-0.015774506077359546,-0.0017183415089163066,1.2360082203906926,0.022988237453202668,1.799614531830713,0.9290506391208445,good
31.46,0.024987677995343346,0.00864031102244976,-0.014460191069925396,-0.0024094999281266444,1.1403494556058575,0.02558162205197667,1.8822883490713456,0.939975308085849,good
31.48,0.012774426889425079,0.015545131984263631,-0.012665937288527105,-0.018841426381341907,1.1936074565828507,0.015795904427145537,1.7928606406638659,0.885626045756545,good
31.5,0.019689033596088888,-0.008157194896258832,0.01097601110167192,0.0034697743839385772,1.1445430468825752,0.023570226312612644,1.7373223375183193,0.8999486037430396,good
31.52,0.010945806796238147,0.029302666939400847,-0.012175402708997985,0.03707009960704805,1.1661826916988332,0.020489293404310615,1.8090081783868224,0.8704085273939922,good
31.54,0.019902288596152753,-0.030312055372614638,0.019770055617760275,0.015486660299377697,1.1607830506689794,0.01904678516033537,1.8746327183406228,0.8319686954450595,good
31.56,0.03379562848731625,-0.013271960120798613,-0.013595829935040021,0.021892141750488668,1.209564496141389,0.029439194040258406,1.7857913406989312,0.9119371632686301,good
31.58,0.035054650308837525,-0.013611245668064226,0.005254518750531212,0.03618676758312879,1.2316848447075193,0.022417290032317738,1.8234718249637307,0.8627429741353907,good
31.6,0.026371940380445682,-0.008556602343722387,0.000108234394919355,-0.012910903063680259,1.243149345130938,0.02502988734730126,1.7886699805368145,0.8909198995747075,good
31.62,0.01990187022608366,-0.03134047859215655,-0.011214399118839933,-0.022716630506985316,1.2214379934053539,0.006357837438040726,1.8338919779351601,0.9552478178369873,good
31.64,0.018797828042470842,0.015503238040816731,-0.009483139546707563,0.007315769040550218,1.147566259414494,0.00964982814823651,1.8105888249863857,0.9090243299875207,good
31.66,0.029234754811130973,0.02437179978137105,0.017227435762524296,-0.01532522673769997,1.1794651974643293,0.030003586667946863,1.8546624896797002,0.900145397240363,good
31.68,0.00919937884679195,-0.0114406403535139,-0.011577836779726132,0.015162366836836803,1.1907137286932385,0.005662645951107255,1.7439436323743596,0.8572924838208879,good
31.7,0.006272259515787317,-0.006604662629863311,-0.00306063137746625,0.009555368860646302,1.1999222507448764,0.02525465319355852,1.7330969954812807,0.8812880811646775,good
31.72,0.02347157027463502,-0.005793003936912714,-0.0014338637907155276,-0.007837324771350764,1.2078947568274851,0.03550755269908066,1.734835588894388,0.8994231875796093,good
31.74,0.024285967682677975,-0.0007456073861794721,-0.02761538685986263,0.006011548531290497,1.202381244470656,0.014754062999107144,1.7750789611731526,0.9297189169574896,good
31.76,0.009548979704861722,-0.01110202173390864,-0.0007501183085577909,0.002242408280583897,1.2582312422347848,0.0063022009813557415,1.8520379545788188,0.803822350284435,good
31.78,0.023770692972940526,0.002090435093144384,-0.007370274942210294,0.009889842378525745,1.141980321631267,0.010067131370196354,1.8228877733571516,0.9152618771510032,good
31.8,0.04399983490866589,0.01181275237521097,-0.006056644763990809,0.021697751256374638,1.1663118825991128,0.025065972061131505,1.7537032234741357,0.7541574176506085,good
31.82,0.00471484333646913,0.005143519432004871,-0.001654826779951651,0.02262937363502529,1.1655479255845544,0.002390048214161131,1.8485042397471467,0.8195945481668788,good
31.84,0.024281703914029798,-0.022817158788648793,-0.0007628020469232781,0.00969564229765555,1.2283144436784483,0.012962001196108124,1.7880467721205233,0.8476806379908336,good
31.86,0.0390612930921419,-0.010868329654532678,-0.0016836213763354348,-0.0033167582292381583,1.2015549989877192,0.016449667129809872,1.7998168400139816,0.9235789743210272,good
31.88,0.014419396817074605,-0.011096768596128027,0.014333802748368448,0.008556007127633,1.1872355002022317,0.01618992086380898,1.7655957639726532,0.9243423078943599,good
31.9,0.033190180883180924,-0.01701927844234909,-0.000705256014250707,-0.0038929915049865566,1.2095858530960486,0.017162315198143315,1.8821363612104098,0.9025345565655373,good
31.92,0.03183985090051134,-0.017089019888834055,-0.01699046274042263,-0.003966096993377629,1.2315573740073429,0.014214010116559941,1.7588954479202992,0.883498342683967,good
31.94,0.047771408885200595,-0.0011882845329935579,0.0007663539966265291,0.005156030092201821,1.1228985258722646,0.012678638035871199,1.762647043404909,0.8332302932219534,good
31.96,0.010817972959751346,0.020086491269181394,-0.0152860097643608,-0.020056511856050747,1.2195646316476527,0.013552055577419167,1.787564265246842,0.9716659668491808,good
31.98,0.021549126608835484,0.0176921244141209,-0.00872963291158711,-0.010387302915569722,1.1566123785903701,0.04295888766156647,1.7543794576104972,0.9851418616322157,good
32.0,0.058327073397084324,-0.012215512738089167,-0.005523174905601002,-0.0021783825747926045,1.2302137098939625,0.017989382496911243,1.7884158545094133,0.8414970762681802,good
32.02,0.01793366025139717,0.0001413220771851335,-0.009580398901213575,0.008214056627281563,1.1872508835309776,0.01949982363417837,1.7187201234789224,0.936452049489739,good
32.04,0.02790811729666116,0.01847906256378443,-0.00010413963662220181,-0.015776199651069914,1.2120954282310787,0.03085775933496272,1.8309370857572351,0.9452423884903491,good
32.06,0.012231107717889659,-0.0020421019262992263,-0.004292227473628887,0.0048979689481532,1.2447833436767761,0.015999191210125375,1.780324934313417,0.8862957158613077,good
32.08,0.030048998506144512,-0.01052567171444871,0.002736277998546741,0.018807140463601088,1.2381231964499173,0.023841257724366953,1.6491716131884524,0.8601659812405247,good
32.1,0.034113505139135795,0.00965414661706428,-0.018295418902056278,-0.0014983787956891154,1.2642673892599106,0.023972965651656453,1.859696642488534,0.8646579580551715,good
32.12,0.028321511045123565,-0.001647991923713731,0.027145595618397078,0.010620752082841342,1.2416721629316112,0.01847917923357597,1.8110505922867075,0.8277101155420076,good
32.14,0.014970104651222506,0.00472679067245947,-0.019946477319413333,-0.01856321496356445,1.1637143937651713,0.018765378760996876,1.7566800745747757,0.8746686249336659,good
32.16,0.02207012295000492,0.006518556829312645,0.0043176424997231466,-0.003931923038688968,1.1822517821050682,0.017800397678220253,1.879439949441089,0.9417109155448248,good
32.18,0.026685219041445923,0.003107477693763221,0.007669622967760006,-0.007435228568012917,1.1762468330137896,0.022708370278121115,1.8057100990636037,0.8978762835552497,good
32.2,0.028881458872655953,-0.015944581616529323,0.00028749876537166645,0.0005369243467196776,1.220842918745599,0.059101902752720016,1.863384078474444,0.8747940161121844,good
32.22,0.006493707195317339,-0.007200984676753018,0.004617568188284128,-0.0021203059213793164,1.2108161046897021,0.017365441592246178,1.8951713837950672,0.960155494575252,good
32.24,0.01673940912425182,-0.002806057144393784,0.01157640035927275,0.008029586217331929,1.1954319738819128,0.01587633630963623,1.8825202272874069,0.7107369797569402,good
32.26,0.02032774555268795,-0.021623729399132485,0.0041472596630699075,-0.00385244915474149,1.1893129569423033,0.0,1.828201041190875,0.8808322981909198,good
32.28,0.02203886513474324,0.025352393492891024,-0.010618000026575314,-0.0033471761880632172,1.0736857558169752,0.018593798695385667,1.779226867317265,0.948235258726897,good
32.3,0.031062431936118587,0.009268839902981706,0.0032128282706862196,-0.009756847295917106,1.3128239007236222,0.024983170837964187,1.8169961301382282,0.9739001564222097,good
32.32,0.0354201406495221,-0.00553270611140401,-0.009435357471985774,-0.0005789740551213899,1.1543582623834203,0.021983372959607866,1.7758120683029492,0.9017634210103664,good
32.34,0.012116697403130894,0.007680102236660766,0.0013808917800821766,-0.005152482655156829,1.215526543698215,0.017344669117850615,1.7126609266496404,0.8133858055807704,good
32.36,0.026712241636490407,0.005904519406777729,-0.0060865634880638425,0.006817342366579892,1.2429543995916932,0.0,1.7933988781660797,0.9450782401025561,good
32.38,0.04055655548506552,-0.021099580554877703,0.011690890439267803,0.005407623611133865,1.2426994854306066,0.020814423526792865,1.7587755473336417,0.8762254173544479,good
32.4,0.009519252713501953,0.020611353904881093,0.01678024240633081,-0.003908665106810696,1.2013051759051523,0.029343863573842534,1.8518402755088599,0.9659210089305725,good
32.42,0.033009473872892325,-0.03824791517703869,0.014120464488580934,-3.722798438750694e-05,1.1763024279261531,0.019673043447221435,1.7744843876930345,0.9073073900741854,good
32.44,0.020659095295428333,0.021376332575046248,0.014483302313100585,-0.00935096201275304,1.2653725947044987,0.025236890470453743,1.8936521827267336,0.8977988116433475,good
32.46,0.012857268333841395,0.0035944430303198865,-0.009865073343307615,-0.0020055931405973254,1.1826670519877425,0.02366242698230395,1.8112757046308277,0.9675841075825393,good
32.48,0.023517642722238385,0.009732895118572425,0.004001842838520726,0.014003805891523328,1.2799282954904718,0.01854586595874806,1.8302013080720363,0.7996051301982676,good
32.5,0.025528307409564067,0.027547316566569016,-0.0035460509185597164,0.006053820249196426,1.1412083853086816,0.03725603937725883,1.7905586659111594,0.8627269998816989,good
32.52,0.0032622283341245087,-0.004787792290820974,-0.01358189114128594,0.0015605633393362371,1.2110098482467122,0.0,1.7193613244463952,0.8372408625792347,good
32.54,0.010856184373391939,-0.008094551215892648,0.004167332883815146,-0.0013434016096316142,1.230505398788156,0.03166370969111996,1.7132169778019755,0.8460314507555784,good
32.56,0.03202188467158604,-0.008152040626873925,0.0151329827680389,-0.029529004086470693,1.1559029396868477,0.004549467355756156,1.8225249495798834,0.9846332662586122,good
32.58,0.014487908538001812,0.010082685233793137,-0.022122824123633346,0.01263876126311247,1.2205821916511777,0.023929653487722274,1.8170541461081013,0.8790863579777496,good
32.6,0.03124483361865507,-0.03356096691833806,0.03190947938971397,0.008419889439870034,1.2048328539416953,0.01565904167211988,1.8320031438222222,0.9247050082397069,good
32.62,0.023327074925112316,0.011851745546451893,-0.02167054713408106,0.001169078428475297,1.1927301043358205,0.013923068110869633,1.7591225361677365,0.8968134546018227,good
32.64,0.018826292386874312,0.026154202500539573,0.020154282454575127,0.0007769829614639176,1.2015029787760825,0.020292441542976034,1.7004452318440395,0.8467456540732957,good
32.66,0.033286794937891336,0.006601040071946045,-0.015259662519014179,0.0219798369014953,1.2537170163129332,0.0,1.7876570746526215,0.8826920849453787,good
32.68,0.030155138206047757,-0.03189217197889965,-0.004693983288501168,-0.018028903974376467,1.1808956802837336,0.01696665195825258,1.7676426071136746,0.9252331457601652,good
32.7,-0.00022911281129009612,0.01393892393482633,0.007481025826142365,0.03169734801045727,1.2725259561975368,0.02886631714022055,1.7609773998734588,0.9499791565714842,good
32.72,0.020018808688982766,0.011619347809513318,0.011470980822361684,-0.024573261067489097,1.2384035626802996,0.0497099791742229,1.7292285013114799,0.8946516338941789,good
32.74,0.02553101126025488,-0.014137977946211322,0.0027025182320053517,0.012631545613829861,1.1129791474636967,0.02412124149088559,1.7785456918028142,0.7856198151189748,good
32.76,0.024221328497596915,-0.010054036449181335,-0.0060948279209497224,0.0003086850005799781,1.0942144864422558,0.008566413776421712,1.8612302103996985,0.9491691414815445,good
32.78,0.020662608295753504,0.0005602660114483262,0.00887623668644289,0.022963628416805063,1.1856199596782293,0.021506496267919933,1.7201522221068883,0.970048732595119,good
32.8,-0.007978066063995108,-0.027657814734141136,0.0001240904404889791,0.003576561702109922,1.1773659921753428,0.008347729322050277,1.8784412347114043,0.8341502124844484,good
32.82,0.056628487279402964,-0.03802945885294342,-0.014529468409340078,0.008046171362963461,1.1053121163244628,0.008983010346143346,1.7451647642915582,0.9180075407587052,good
32.84,0.015484488507369281,0.0023991649616125995,0.003789599792698541,-0.0056244737308698365,1.189966514035005,0.03455189800023674,1.926354320105855,0.9316734151685041,good
32.86,0.03867214986083334,-0.006755624229040328,0.022222424903976665,0.0011113318806823455,1.1919954940888267,0.018601860611233974,1.7747118629640628,0.838026771017113,good
32.88,0.006436998840410566,0.03748793774640881,-0.0061216388837838955,-0.005803234375604544,1.152082295967634,0.0075624143351432265,1.768123523788483,0.9126126008631853,good
32.9,0.012074410459221616,-0.010732520258063104,-0.03535136181075715,-0.016874036329304752,1.2241414119017333,0.013544619786897232,1.8281226734428564,0.9538474048702115,good
32.92,0.03520041057570531,0.025820071484008517,0.0022100323492759344,-0.010835903546956575,1.1711598876060527,0.020199996029316006,1.7512733286766806,0.8733117145391203,good
32.94,0.051788890006899194,0.015337533044056367,0.018847102365056462,-0.010553183532384248,1.2242574393800254,0.017898462797267957,1.8543741776652332,0.9221727434783148,good
32.96,0.024254367959137695,-0.0061384727176526975,-0.017496244738849583,-0.008621794559360296,1.227268954332147,0.022067130998855617,1.8158296829931162,0.8347901572590227,good
32.98,0.01682604065587508,0.0025243259627925085,0.007565482685819086,-0.008926928910420883,1.1496353949205387,0.009808547069730807,1.752743415172139,0.9378344068316151,good
33.0,0.0362088663015716,-0.005334693952448762,0.010589078829719097,0.014547658636320814,1.127657907612674,0.024262244057779766,1.7870353214473242,0.9408290581665321,good
33.02,0.021401704538263032,-0.033692694430268774,-0.010372198640357252,-0.03573917854752546,1.2199404393414592,0.02253087716010875,1.8314055065658434,0.9028486558514631,good
33.04,0.01471297343568391,0.0007802001087709996,0.016118085169927247,0.01206273577446299,1.1733463671861466,0.02003686644922787,1.7369218274786264,0.8721366260861578,good
33.06,0.016845685398484005,0.0022877676417860935,-0.006984186905911765,-0.01297477732915509,1.1806892836851839,0.021700649265691034,1.7547987497108977,0.9011517828807922,good
33.08,0.01416907430370884,-0.0024791110540079604,0.013388205730650794,-0.023197348732655883,1.1795247183137936,0.014789490455987684,1.7918159545279115,0.9101841969780843,good
33.1,0.011156648493197694,-0.0013670082273370627,0.03080999853904023,-0.02516336436724073,1.2205976982016302,0.01676740872703914,1.7873585341579348,0.8729839898129971,good
33.12,0.04643129436889715,-0.004941321231916485,0.0036430250719798134,-0.000410707011797678,1.2145118042557372,0.023907382006173088,1.9126681234575535,0.8399561802681691,good
33.14,0.02522883059982405,-0.01175685429932834,-0.01747232038806191,-0.014413799489282569,1.1692696885976597,0.02735409582649991,1.8750888924132583,0.8530045848685549,good
33.16,0.010628835257359283,-0.010416610876606662,-0.01132227418144339,-0.000916615410668452,1.2059087856497606,0.021142994265142816,1.7004734387371077,0.8206408740553524,good
33.18,0.05780477445999023,0.0010490890154065964,-0.006174915291076104,-0.00967924594743181,1.155591385489932,0.0235427347528285,1.779220447731019,0.8815747427632429,good
33.2,0.02205968350843374,0.0034213466076710385,-0.0008334634808737895,-0.02840838604145285,1.2337339709503456,0.031559164173216296,1.8152440496297202,0.9321394998987428,good
33.22,0.036559411673678245,0.02114765636514126,-0.014485997496256696,-0.024129214828738605,1.2528700909035118,0.029757459623869546,1.833640562453201,0.9169770176904695,good
33.24,0.038091523321890114,0.007233228894978268,-0.00792243376443307,-0.008004037535727506,1.3049770325010528,0.018872690335287295,1.7868456287812484,0.8528988254204235,good
33.26,0.02436537461061748,0.01056187794757936,-0.017968752631683422,0.011980170849327888,1.1643875473920844,0.01650728232166456,1.8695700809000255,0.8793812290911971,good
33.28,0.025437454856729883,0.01684008249380747,0.005517603705369489,-0.006772081384308628,1.289329086051848,0.017226512426153105,1.802405113165329,0.8922398302308965,good
33.3,0.014539032499466926,-0.0018726534620031468,0.004671227156737072,-0.011455981634958748,1.2236645191078748,0.01713001408468426,1.8097406342361704,0.909804265522415,good
33.32,0.02198916229880214,-0.0004878531305431077,0.002030211047161609,0.014795733800192052,1.2742105096603755,0.0023221068506294705,1.9082266797016376,0.9430974016998187,good
33.34,-0.002566549721622199,0.011885891293415074,0.014696882118464007,0.01447210230814831,1.2026908656252484,0.013106735052473898,1.7356376543706402,1.001334071375486,good
33.36,-0.015921615460068674,-0.005280658391168821,0.005275886760460391,0.004365618504788555,1.1302120541701164,0.0076523781608225355,1.789914628473963,0.8961810174311975,good
33.38,0.024735896589146166,-0.020178373511459097,0.0030124374457369887,-0.00997168144056931,1.1661375996740746,0.03479433979941007,1.8370143138649802,0.917522933955337,good
33.4,0.024312822261636856,-0.009086583670476229,-0.0008708851640720082,0.011825513436205958,1.1596005328168546,0.034278847335062805,1.8058714515990475,0.8580820231650937,good
33.42,0.025311015917612745,-0.0038777156242361154,-0.0005880951194524681,-0.008995710613316573,1.3594771556072693,0.01234147679938597,1.8091063659664395,0.8735103924119392,good
33.44,0.032916597263609175,-0.0028929924382301514,-0.018285890855535714,-0.021497521290235785,1.2492370669735802,0.015102229052070934,1.8356547038099529,0.8722323543074817,good
33.46,0.03605065764078724,0.008011536076370713,0.010653403672178248,-0.01528115401336415,1.2088589114343011,0.025240066177240745,1.8227773304455734,0.8695228802531366,good
33.48,0.04358635769368634,-0.0143694433108329,0.003240918194249824,-0.00848795676446364,1.2170223385088355,0.0176453271284331,1.7834729456153762,0.8387018729749874,good
33.5,0.023742845544720073,0.008344901007021267,0.013134595306650345,-0.013544332375329718,1.198514345103819,0.0007787203163273904,1.795491319545432,0.903199256437398,good
33.52,0.014269054209948163,-0.0011380806981016872,-0.012152231879826617,0.005295299241732168,1.1844522951921048,0.032342738389898255,1.803688104247747,0.8755011527758266,good
33.54,0.019074693467913965,-0.013407883102420592,0.021672971422567768,-0.007832887226155973,1.2258655134391023,0.020321946771769003,1.8696824482404741,0.8717112191249624,good
33.56,0.018287435249517744,0.027118673189576607,0.003588083734493921,0.0039512061397915035,1.1494540492110372,0.04656817289335351,1.7638046482949956,0.8995369777436059,good
33.58,0.02635188266006749,-0.013799775099147198,0.023478572299880634,-0.010089578698888007,1.1521626622108905,0.021275043990473023,1.746611346831579,0.969870528348903,good
33.6,0.03145584167876615,-0.012052683932252813,0.007645725929291589,0.010678283658211595,1.240276781296906,0.013802972344066858,1.8591797628867364,0.9049442986739963,good
33.62,0.046105380420999195,-0.012539643858420933,-0.018285507739329146,-0.0067538817816014006,1.1921470235400258,0.025081609240893272,1.843241806693127,0.9138276793185308,good
33.64,0.006860384153478455,-0.0017974614443201696,0.01198527698838046,-0.025342451192532072,1.148098454949681,0.022094082380414572,1.8027164636074504,0.8031563250884791,good
33.66,0.024884176195807663,0.005708061144974044,-0.008603445447244035,0.015675015317147593,1.204431555543168,0.005238980218529794,1.860601849775207,0.8229082111394036,good
33.68,0.02242979568010593,-0.012204517824565364,0.009008989984298277,-0.0266640827908571,1.257226722905885,0.00926137603074712,1.8738526975771186,0.9277094756786045,good
33.7,0.013905029691253814,0.006963665815517024,0.0028603781358604308,0.012775199320703284,1.1768028003329392,0.028228300906137562,1.7854907787792464,0.8782086303577632,good
33.72,-0.004450621419987328,-0.016925689089119175,0.007204208708002546,-0.0026641715719429985,1.1841352648212247,0.010501380820241114,1.8044085663486011,0.9148242651426852,good
33.74,0.024695923399898963,-0.002720592234883402,-0.01016021870355199,-0.015588690698575233,1.1111833059808633,0.014644191999596134,1.7498902724434702,0.8957860290986912,good
33.76,0.021327004731366617,-0.0038770436153756534,0.010018144030522624,-0.0031076942713924504,1.2330113829569518,0.012879509476119048,1.7686096861731868,0.895575275412714,good
33.78,0.04125436760810627,0.020225850116653312,0.012858479876558703,-0.019801409696789174,1.2595129848794901,0.002489104627902239,1.7582983382629698,0.9057136824567616,good
33.8,0.014014619400697733,0.009736028971835134,-0.008870447177346844,0.020240307307122667,1.2503050461240544,0.012730095638167103,1.841476621538482,0.9848588347816042,good
33.82,0.02020963059395337,-0.017534051970604533,-0.016671716866030098,-0.008324737450823249,1.1918617396920494,0.011030705696340579,1.8533630500300364,0.9313081304059667,good
33.84,0.028724122020250268,0.01831664978181771,-0.026225007501494157,0.002884841917205408,1.1495740622132116,0.013591109105244142,1.8489389066175383,0.8026557075085776,good
33.86,0.019008097923667512,0.0193236428505749,0.007336002081757887,-0.0044923575631907455,1.3294419498109027,0.005256771358703705,1.7780174194696743,0.8965569178507183,good
33.88,0.031107546838619247,-0.027083404326603645,-0.02021476859090794,-0.039071728829997855,1.2270006440494767,0.03302259538543026,1.8787133648083851,0.896713216435976,good
33.9,0.014873334321986972,-0.005850763628626695,-0.004308157146140373,-0.0031317609868799744,1.2667065612220918,0.026872730655614994,1.844738783868257,0.8758560796889171,good
33.92,0.03270556719264567,-0.012093583982143469,-0.006253603844072883,1.128170109330478e-05,1.1356521661953836,0.02113657509741944,1.6769008632635858,0.8560021391720805,good
33.94,0.009761842458181036,0.03147529928312843,0.00914720174768599,0.006935351769390598,1.2431656868190226,0.014474515849572333,1.774224881863817,0.8918194253386783,good
33.96,0.03156323804488321,-0.011745864135617774,-0.006988972194007068,0.030437583517724017,1.2483268505624256,0.0,1.8072345678960193,0.9175437672508153,good
33.98,0.027330380695220192,-0.013153075674103261,0.0019739364237345756,0.0017316012490031921,1.163454168503956,0.02062027518169197,1.7748765472391286,0.8400801351021276,good
34.0,0.020297786747583937,-0.002539825343171266,-0.0055693257738349804,-0.005858768702508273,1.1283834045373122,0.013727858380560726,1.7498422670383496,0.930251388082213,good
34.02,0.015865837782073414,-0.016449691615048005,0.001811291516729279,0.002491584128908099,1.1536313167494763,0.0,1.8870079512986158,0.9459074701310285,good
34.04,0.004462254487027208,-0.0030443354643487743,-0.025825943867961068,-0.0034988955543824637,1.11329573262595,0.01268308812213077,1.803873099861459,0.8378914669297716,good
34.06,0.026920915299684278,0.0063226781340345465,-0.0005254075398298759,0.007522492736274713,1.181614631526641,0.010144329291639055,1.7655203531061514,0.9177070578453865,good
34.08,0.028772442230525403,-0.00859147202362269,-0.0035984676590509403,0.011758734857844502,1.241615745421982,0.016287460338823598,1.8476278382274631,0.9555447921866829,good
34.1,0.019801042542464776,-0.006838707423627099,-0.01571849126425664,0.013011633230661863,1.2176811388392057,0.020897130893694636,1.9128461597115494,0.94808122469347,good
34.12,0.008681441500283323,0.03027051385492298,0.005943001680989255,-0.0039054774307458666,1.128570629105017,0.021128559931849204,1.7487853497845296,0.9126184996075257,good
34.14,0.02579866936662215,-0.015074196699907526,-0.0027844388852617673,-0.006856562839352178,1.1732341026157604,0.015835112574372614,1.84142349632993,0.8522901838723559,good
34.16,0.028889388065183746,-0.019682534162394127,-0.012490301634250342,0.00972346169004099,1.244969625348452,0.014448260692265562,1.8405395377545082,0.9920580695420008,good
34.18,0.037225046066269196,-0.031145557088912663,0.009760558878574162,-0.011514508901599253,1.2748391148908107,0.014071561556704042,1.8245620928542183,0.9180976853088625,good
34.2,0.007419098305162027,0.010738054756383737,0.013468115080855846,0.012624464656912963,1.2650675439920156,0.0020143853658473264,1.7582685727848915,0.9128958448102367,good
34.22,0.027353453804498714,0.007441562518556249,-0.011201084846636703,-0.0037183001747923133,1.220057133817164,0.03786602475558519,1.8045140949638505,0.8623190149350228,good
34.24,-0.0043421947370509105,-0.004754348845561803,0.0010296419431623017,0.017612491884677967,1.3003963646374366,0.0209182747265269,1.8170866029990795,0.9979607626002049,good
34.26,0.036607033806100885,0.0256834697725931,-0.004200845543021822,0.015616234625187892,1.1412728967572723,0.02962306913149014,1.8467320441497612,0.9354961790036239,good
34.28,0.01377659906659739,-0.007055831401106167,-0.004662576286714482,0.02951729392163853,1.2763005619533867,0.01911976505862932,1.7321174035772773,0.936676746625372,good
34.3,0.01879911507108545,-0.00648934499678373,-0.010927325470223799,-0.026901346460968978,1.2276594469216857,0.012963357063805912,1.719568292397407,0.8538982728447136,good
34.32,0.00875978720043494,0.0132627078044338,-0.016522912637238218,-0.016176757691053107,1.0800594983757896,0.01936034698049633,1.797865527747607,0.8918649450745656,good
34.34,-0.029182960156899133,-0.0012080802603767827,0.008997621933294795,-0.005254986802855331,1.1928729072492745,0.014788204001389733,1.8577472226391563,0.8690811412233871,good
34.36,0.038485577455286274,-0.0014832412632495107,0.016832626456984263,0.013392878018559342,1.1635476603699104,0.022461867428084398,1.8035383852603784,0.9051310749591148,good
34.38,0.03559875953577458,-0.010667967120666935,-0.0005951833095107007,-0.01533217821373021,1.3040618691906063,0.028268393618606023,1.8814984175431648,0.883695563052985,good
34.4,0.013581697203804982,-0.01411941301906281,0.02058580299814208,0.006382005476357129,1.114406771486695,0.013155076116516718,1.7137738571567298,0.9108901784907378,good
34.42,0.03345351837499906,0.01482968763628801,0.027609864756291642,-0.02884451952407765,1.1532763413048912,0.03002310960420135,1.7828740808672234,0.8708166653623717,good
34.44,0.023692039677953497,0.008552988947196862,-0.005456815683601235,0.005785586437537569,1.1255836828781791,0.03227646437707697,1.8347187195391217,0.8892951045904675,good
34.46,0.04329575251622724,0.0029846249739082765,0.00440511789939058,-0.020636714056407032,1.1721244472280514,0.02268765125583821,1.8259213294011003,0.955511694067395,good
34.48,-0.005828696839157188,-0.011636987659148026,-0.007688768909337855,0.006241316165016997,1.1849267216899089,0.021839157349065094,1.813442017099581,0.8359775945611956,good
34.5,0.015913972278895842,0.005155294459141365,-0.0008550873631793366,0.0019005152863279693,1.2404144012508684,0.01997251225625253,1.7696133151355156,0.8877686667210677,good
34.52,0.04584894746420952,-0.010657717383513489,0.00819134842904354,0.0030411402608243325,1.2002537987945963,0.02498141204021394,1.8537693365231185,0.8595162876071902,good
34.54,-0.0007956791553688576,0.01661642581472818,-0.01732319412108767,-0.0025015773214481256,1.1652294383709925,0.010987237099287018,1.8496485154986004,0.9246402467638816,good
34.56,0.03692626288260499,-0.003174335339635945,-0.019918455035711345,0.009355165827156807,1.0995932368229866,0.030685459091725733,1.7856822270238508,0.8733021638768459,good
34.58,0.040645461608375254,-0.016826052596412663,-0.010518565228955555,-0.02846926063717071,1.1442766407457008,0.02127391365196177,1.833753724941687,0.8822678631964844,good
34.6,0.02118926850905692,0.005952369960977046,-0.01695721081454572,-0.0027327093740196194,1.1529493713981258,0.013800689640809728,1.7460385235440443,1.0249453541340756,good
34.62,0.025408032674084056,0.002521043602558187,0.010276597870239604,0.014673038688586902,1.1894590825178324,0.018219599269513605,1.770678451447636,0.9366627417655127,good
34.64,0.013834747619319139,0.020150605095002393,-0.004796934037878561,-0.0013534031582110567,1.2001843288710055,0.020677439081219003,1.8572817447144216,0.8894484241684314,good
34.66,0.012897315535106124,0.0007475366483715841,0.007063910708177346,0.004868648535977668,1.2363138838067453,0.012289266348037911,1.8521766134532924,0.8540360204117533,good
34.68,0.013824699703507122,-0.00813984418233642,-0.00017609193700259904,0.0005587183932667275,1.2238010677891789,0.028860055965724052,1.875589197177129,0.8539546672160774,good
34.7,0.025438525462274025,0.0076171865381179805,0.021417732794893313,-0.005856775671141308,1.1957417847413445,0.026157607809782178,1.7380286734578965,0.8162614200814285,good
34.72,0.04561843434236938,0.02981105783021375,0.0020804604014898836,-0.0005097423307149091,1.2978250392250348,0.026276289657885383,1.8850366897749182,0.8378866967001057,good
34.74,0.03551804419652957,-0.005569267739306375,-0.018692476333178054,-0.004719589252384925,1.2548359580294572,0.012813556689314751,1.8199871103403389,0.8718543000564368,good
34.76,0.023326584460375093,0.010846839466082604,0.006634126664478414,0.005824585954359546,1.2463095107319302,0.017366099500526127,1.8260102934470537,0.9205303845388034,good
34.78,0.049478812608444764,-0.02835044219004293,0.014146649994546233,-0.0016442443308288934,1.1639149457837046,0.013031601957621963,1.8566433420427073,0.9085456509065213,good
34.8,0.012285990796090739,-0.00041677834385873844,-0.016057930574007197,-0.021708145379778176,1.1435038474496007,0.012264602438751554,1.846932298202181,0.901058387348054,good
34.82,0.020505119908579093,-0.00916379950491509,-0.017206755145639362,0.011208637426400402,1.1901328480878857,0.008339375145041182,1.838039336776083,0.8825604327524917,good
34.84,0.04658930161085912,0.01241917731655629,0.02410562416420698,-0.013115079093403313,1.1427324087276018,0.02504625457569876,1.83809219616745,0.9276787226699932,good
34.86,0.017547184631398108,-0.04458285627121112,0.021156321709011376,0.008804719831590443,1.3032658147104568,0.02237768792267859,1.7480797298643835,0.812399894410452,good
34.88,0.004766421964929825,0.012450068200318297,-0.00202009975845494,-0.004699159760703796,1.2151184023397392,0.020254307948096212,1.7208174126883555,0.8219662905113129,good
34.9,0.008763084717860156,-0.0005235367246005321,-0.016963059857943257,-0.005551184918988176,1.1835586046188977,0.02958942153358413,1.846902774140553,0.8628262328306789,good
34.92,0.01980329189271474,0.014643839491189832,0.005660179556060267,-0.005657152746294039,1.203348185803742,0.016276516023691436,1.8567223686999326,0.9163590648677149,good
34.94,0.005431518017747046,-0.013287784320751218,-0.016894668626240197,-0.017879834381245185,1.2408686178319908,0.0007932663753579972,1.8714733773406522,0.8384914962930858,good
34.96,0.03593876909313229,0.006867534122611687,0.04060078914056624,-0.0072578049316792785,1.189982915391177,0.008408994952435793,1.8223656276223958,0.8468565281399735,good
34.98,0.0310748627515446,-0.009092042834068538,-0.020108113592939687,-0.025210323923282763,1.2078526625630308,0.012100686099550628,1.8362596062196028,0.9106321988324527,good
35.0,0.0014217167962930365,-0.006514973419611081,0.016481375277265255,0.004940844551054356,1.164226386748129,0.034494757920269584,1.8558546838031555,0.9001760638284415,good
35.02,0.006408156872185124,-0.007175997544550757,-0.00465109873821842,-0.0005640234422412504,1.1583445934891365,0.00980983146722812,1.7875946252200752,0.9635802035255197,good
35.04,0.021388722959866508,-0.019085195363611918,-0.014222485030330103,-0.0027079834387758305,1.2183825826964652,0.023033712867849682,1.7431153725772166,0.880718371166273,good
35.06,0.017430595917323485,0.019671466346255415,0.01691358736076065,-0.006699270578506622,1.1614006271144308,0.010777005683474282,1.7790097996432361,0.8984823684677747,good
35.08,0.014645643959991461,0.01146852714753465,0.0073801789784791886,-0.003071856922542586,1.2076882082494644,0.030748660637003655,1.756095428272512,0.8385441384906024,good
35.1,0.011120691106678309,0.028491930297981905,-0.009428438435402116,-0.004223276656563981,1.2172525421542222,0.04365744032901185,1.804099122876448,0.9023524505649745,good
35.12,0.01724414310026718,-0.006523784245898643,0.0027761715823469233,0.015782016927236617,1.0387634690267222,0.024892619654404577,1.831961014099515,0.8644023394539295,good
35.14,0.0192753149697048,-0.006763347567009902,0.0005107226767602143,-0.007191553120461445,1.299609295066459,0.019139569299204597,1.8120994590589727,1.047720126903759,good
35.16,0.031967084693238494,-0.002318682494699736,0.015034575563910513,-0.009695086412708116,1.2171161711113612,0.011031328686507367,1.7573813271058814,0.9051811188116391,good
35.18,0.0349695562361907,-0.020992817781480395,0.013451637562154999,-0.030573144163219323,1.1913952158531047,0.020856536491839137,1.8326424900906026,0.844340037562865,good
35.2,0.010945351108073076,0.01070683509588868,0.003647768992741476,-0.005332584240220926,1.2056228586930482,0.00941681544145693,1.843834177480952,0.8490282334923777,good
35.22,-0.0053672184328458815,-0.004616026428346358,0.004635058448272463,-0.005013917861610521,1.239321804537771,0.0480881334109778,1.7617264179756273,0.9016163081512228,good
35.24,0.03660118238454226,0.013863446711405887,-0.005475770663949097,0.009801565175157933,1.15386479636435,0.021791224056447334,1.8185242033928792,0.8773791421982915,good
35.26,-0.006766855344937374,0.0014612555367554262,0.0049180902797368855,0.02329380919232087,1.1221556078076946,0.002594279499669354,1.7874550653957144,0.8262877188006461,good
35.28,0.018570285678980863,-0.015109293186527751,0.005161786619717176,-0.0021148481424930568,1.2441455499820646,0.014661669271469094,1.8495778371943454,0.9387825433372433,good
35.3,0.0536556274958213,0.008521860301075004,-0.017684474737427635,0.014508025859189812,1.1670205534874525,0.009941240814516977,1.7052272036099418,0.8945465023004721,good
35.32,0.021655971076982247,-0.0035493893182002613,0.0201196567150814,0.006936483311174842,1.2410507931035208,0.01978193338433369,1.8556571915991582,0.9562520876938945,good
35.34,0.022933160327814388,-0.005656262377866623,-0.016574055762910614,-0.003482955369726245,1.2513244335249147,0.024803771584481313,1.7643266191153812,0.9788774157479309,good
35.36,0.028167534600828194,0.00035607702047178296,-0.013074871709218314,0.0015771988120123256,1.2056622821540652,0.017488216973854855,1.8247127675823522,0.935873405289658,good
35.38,0.01492318813057595,0.0053365553663001645,0.024414066805175026,0.011469599197859101,1.2771025499085056,0.02417393478594418,1.8596254396955743,0.9312278880249317,good
35.4,0.03488107849153018,0.010371882731078585,0.0219016623534435,0.013133641984594636,1.2543512603934777,0.03783103795366531,1.83054660760005,0.8784257016739526,good
35.42,0.010189898200602452,0.019106348636840815,-0.010919453395801571,-0.004927773505796722,1.1957356421794816,0.008861845482465108,1.7207497337088205,0.9195278115200437,good
35.44,0.026635975024914636,-0.00291933772743653,0.0027935621119570936,-0.028190896110524014,1.2397849477549554,0.02985948782941215,1.710990441883793,1.0027775457263548,good
35.46,0.01434868503713522,0.009977761863984956,0.014090870790564425,-0.011803820341754503,1.2907049528047991,0.025586772084560443,1.768121452383926,0.828653437475225,good
35.48,0.021874070519631295,-0.0010355036877337076,-0.008682803048760512,-0.018646445982949237,1.1792954006143823,0.0,1.7837233784626128,0.9219261760159998,good
35.5,0.011275452164831718,-0.01646850116501429,0.018585048941716236,-0.03136306659480273,1.2256487100163465,0.02504839860513588,1.8060576911999762,0.8959991262354736,good
35.52,0.019960402943777353,-0.015029376316009337,0.014219049063919319,0.02215601914482146,1.2686195611213968,0.011056069244353666,1.7779489920599691,0.8874044830334942,good
35.54,-0.0005679564245852734,-0.013692183278699727,-0.004781184438828187,0.020670336254322387,1.2303914614658575,0.03998519469344952,1.829975642344256,0.9399903706531912,good
35.56,0.006089167355437026,-0.021767502516746855,0.002589581381111716,0.01639607530495947,1.1941813753357866,0.04121764287582468,1.7440776972122618,0.8855503217249181,good
35.58,-0.001098700809825666,0.010095325325269926,0.023464805528765877,-0.009461454985075762,1.1866818243197093,0.0,1.8144988725849318,0.9771818983704965,good
35.6,0.0236517900079922,-0.013510556285643129,-0.0025885500484831856,0.02089186826749297,1.128394319831338,0.023212238232223143,1.774105358552941,0.8748947866381852,good
35.62,0.04053084949955209,-0.02114317421446241,0.0018857011002890668,0.011384467042094002,1.2573788369138008,0.0162700986072672,1.815501930800637,0.9357217866993347,good
35.64,0.012894406757136495,-0.0010287087934373336,0.00277300842448945,0.009532497281749205,1.1066841934697478,0.02350497609844842,1.7201559458532942,0.8719561816678172,good
35.66,0.01178107153037114,-0.004348694025995936,-0.012283132166328316,0.030771027902557802,1.2484133030673008,0.03564985806855434,1.8585328541950925,0.8755417726827284,good
35.68,0.005349964133595015,0.0038544321519088424,0.009406282805672834,-0.014369744992509781,1.2196964892936915,0.00944681083161182,1.7959333397469261,0.9564246403554422,good
35.7,0.06672650644943277,0.01907681039323718,-0.006238595981981037,-0.013240748204081517,1.1518962091498894,0.026342586353505046,1.7082881003778267,0.8931634223375791,good
35.72,0.033697838359743486,-0.012898899499436253,0.032470954954815764,-0.011240805997728207,1.1727194361152606,0.03736779295752594,1.7630742674127884,0.9820753410700593,good
35.74,0.012495454469768984,0.01024482820906806,-0.008935855066377806,0.005432354173399703,1.2626206727035518,0.018772173271616614,1.8368813294454416,0.8392443166219429,good
35.76,0.018265969099633034,0.005100157684076315,0.013662948684020945,0.00272456920686781,1.216041473655208,0.0,1.8315464173789775,0.8025018620688439,good
35.78,0.003448558082942038,-0.023440152388906173,-0.0002282643554963215,-0.0026534836465523107,1.2417906900632865,0.009269674418431873,1.714594458564443,0.9354323380272566,good
35.8,0.01466983921409854,-0.00885649263355062,0.004608220159396138,0.014752236790598297,1.2137316782171208,0.011185206773815027,1.7988038898409477,0.9013233708116762,good
35.82,0.0066839349660211735,0.017018843310663088,0.03564920150168014,-0.04947039617689535,1.1566347751558939,0.018200797033617138,1.8528480621895986,0.9585984975072404,good
35.84,0.033749566334883886,-0.014102217600913168,-0.002395349736452772,-0.002253816067655159,1.2013531708619027,0.01739334178734346,1.7502258845579146,0.8184574776700068,good
35.86,0.018995992073051762,-0.01263623160484903,-0.020986410657109565,-0.0021481852285364766,1.22831438658102,0.01711013354585275,1.7754058973170406,0.9728465602878763,good
35.88,0.009018915472062914,0.003020132282777753,-0.004602803467210121,9.244264125961556e-05,1.205409239065575,0.019606766857506473,1.7893038077390315,0.8869529172711996,good
35.9,0.009316050732794049,-0.009509524857313134,-0.0027096705962736927,-0.0003578458483273359,1.2052417058611025,0.007046105102838598,1.790128793254822,0.8490039878649671,good
35.92,0.022706585744192168,0.016836532432947044,0.02101993020642389,-0.00237934789996664,1.2745784197313768,0.029937853422039928,1.7687448452739796,0.9443187134421532,good
35.94,0.02832733499237892,-0.013954331176138894,0.016028321778296193,0.04437670881881414,1.139684032736406,0.0015811819536295758,1.8211635321103539,0.923283906537088,good
35.96,0.04843697421453602,-0.0070533432388403825,-0.00969946435724998,0.019834502943062736,1.2139998519355968,0.037033920257631386,1.8700144262365679,0.7856544855366184,good
35.98,0.024810225545251013,0.011611493687207765,0.009922066396721755,0.020986672282562558,1.240429070477997,0.01696412054164471,1.7668141467142253,0.86204656651388,good
36.0,0.05909643703932654,-0.010613295019049347,0.017193906677670304,-0.0014985599412162545,1.1623166311274342,0.023389687375644615,1.8179000808408226,0.833556014331138,good
36.02,0.020241776579638018,-0.01352648595061404,-0.01877353528060034,0.001829899150801876,1.270282698010256,0.02298557326004352,1.837744467418201,0.9212076649560234,good
36.04,-0.0029235467169159662,0.0028511654775485473,-0.035090695361108495,0.0008343946787671153,1.1384026345411697,0.04458300505183706,1.7460216160985564,0.9113082184822379,good
36.06,0.0315192435006886,-0.009118902883691653,-0.0011643944365707047,0.005089595026270424,1.21143195865709,0.027430500686242795,1.804233735928845,0.8035486288258961,good
36.08,0.019835924619512134,0.013934809906892083,-0.00388144283097992,0.004217815530134059,1.2123119863091634,0.00658786298869166,1.8351268154732534,0.9024403343657831,good
36.1,0.034215785133476194,0.006698865514061169,0.012164030469550158,-0.004931848081117468,1.2006375316334323,0.005390308599142568,1.8951101487925248,0.9034615909621864,good
36.12,0.018132849889499827,-0.012982541562420265,0.0029905006826924283,0.008550082727114468,1.1301701892636942,0.029201260186184717,1.8213717791309703,0.7996482314681075,good
36.14,0.03359783865006648,-0.0018650173614140268,0.010791917065960898,-0.0030030870440962395,1.2332089042398113,0.018453011003432426,1.7338899755922776,0.9256653650771313,good
36.16,0.035130144487180714,-0.021686805922229744,-0.0007483299339830173,-0.03143460164910804,1.1867199905207617,0.038944631021011616,1.806260621174789,0.9148686996038015,good
36.18,0.03131166760378908,-0.02609281016944848,-0.020414817432272723,-0.01670394816391453,1.2064864581798798,0.00847203545588084,1.774893121780489,0.9347862938184878,good
36.2,0.004018578553020688,-7.5397882722236955e-06,-0.024482081401164105,-0.01732906814390369,1.2125282091335794,0.018852945605459415,1.760463080782581,0.9175907273676728,good
36.22,0.04874242548011394,0.024085370997218192,0.0074928622883807415,-0.007668613801553089,1.2089583435642781,0.02856689471029098,1.7670921476030217,0.9532799171079377,good
36.24,0.010172868201398573,-0.00526146429469897,0.0033245710213255417,-0.017418571037475926,1.2763914441166209,0.0,1.766661057628624,0.7863816062357161,good
36.26,0.016289838698248165,-0.008602242865254083,-0.02259561180672454,0.004284130242488324,1.1919722422431478,0.017316417845983832,1.8780314827431959,0.8276320087189367,good
36.28,0.019236389952135887,-0.017644351129766766,0.00242316650652593,-0.006126725898788912,1.2145678710268464,0.0158980664313244,1.879102799386282,0.8151106612612531,good
36.3,0.04305557297547425,0.011168062142370367,0.0019476352641593464,-0.0020099214442527887,1.2426356294515704,0.00703178778833379,1.80414976688523,0.8949769952657479,good
36.32,0.03846126105415103,-0.01325403708832646,-0.007650162932550302,-0.005742524417216001,1.2858589448618531,0.023560589365763298,1.8151154643776408,0.8314785144003616,good
36.34,0.028930096339743572,0.011833794348583471,0.02516276999389645,-0.0066332208488202845,1.2004734246886222,0.012752468373826788,1.8158312726569619,0.9589454987691558,good
36.36,-0.005877466839703051,-0.025990178331358037,-0.016727383766074126,-0.004608083840804408,1.2342231451396914,0.021695507582353057,1.7877831827057653,0.9557669164728073,good
36.38,0.03656611897301652,-0.0035894142469408315,0.01240242034087477,-0.007203751575601804,1.189433144134608,0.009073771742173806,1.8403737793200474,0.8741094356679594,good
36.4,0.053474474288905595,0.019257494797323298,0.01381602041043152,-0.017200133537443103,1.256063388148163,0.004850060707266979,1.918667158698346,0.8012732766397157,good
36.42,0.02336576442154534,0.018259464217412324,0.010876359350060304,0.025009055246638046,1.2595135882857764,0.029163590835263306,1.8386167688319013,0.8986791921175319,good
36.44,0.005705647558825355,-0.008710893958403304,0.02112206012562519,0.001473754845663238,1.2288788681409002,0.02945607481035743,1.8941118177511274,0.8942945532633612,good
36.46,0.03299999403619081,-0.005794025222860085,-0.0011447495346801192,0.005667963712996673,1.1825448395677265,0.02268571634210653,1.8121752747777182,0.8359289206502478,good
36.48,0.035871269525011115,-0.02333446480875589,0.013642774686251632,0.007916023698852437,1.2458863703722307,0.03300309152890776,1.769143005756808,0.861227144621861,good
36.5,0.008099093083190961,0.016226733387946002,0.005192561015899667,-0.025518777706692246,1.1917010284263927,0.021004788701196257,1.8310139536127925,0.9444666900603431,good
36.52,0.058309196922952694,-0.023268393417876596,-0.018214998755540918,0.00207600580726669,1.2128684939173424,0.028940126606698334,1.8357628728011264,0.8440484704257534,good
36.54,0.0009311805420735586,0.0016389670577525045,0.016664572667273007,0.0033394967846629695,1.236008700557604,0.012051402586610797,1.7845637246003239,0.9061378217630823,good
36.56,0.0308760607732806,-0.015490156536465462,0.026713769227610457,-0.001986212446628418,1.2676294665705803,0.0015544634657376922,1.7193162297673863,0.9091094166630419,good
36.58,0.01990181948409744,0.0010754802103356057,-0.007882446981139053,0.0020829314433109918,1.1487337849165362,0.022064295202458967,1.7808442736698649,0.9298469911265747,good
36.6,0.02187978923895819,-0.013041450964962023,-0.00533782531170385,0.003543120683886462,1.2194557031870314,0.03225424034126688,1.7765387438354026,0.9077604687165711,good
36.62,0.03740533059064071,0.0045685908008999835,0.0075827527088860895,0.0023924136827682477,1.2484411366582315,0.014711886823979132,1.7188883563497526,0.937680516189797,good
36.64,0.031087687611794868,-0.0005241108334688085,-0.007844180548712281,-0.021107536283021668,1.193956037761021,0.01317901691785239,1.8452592298199397,0.883406325871383,good
36.66,0.02698158583985167,-0.0027051607269865155,-0.007420037178864099,0.01403899253663853,1.2150777500597647,0.022669192800403408,1.8313648921987213,1.0026426666274262,good
36.68,0.018360202093944157,0.017058630765210647,0.0014633927754491949,-0.0021222091425449267,1.2315305429846726,0.028280581322549687,1.7733613059362716,0.9278696776698676,good
36.7,-0.008903030716522525,0.01112106301824116,-0.0065218212521564135,-0.014835590366160637,1.197864684303,0.0,1.7381020830093534,0.9133770138314318,good
36.72,0.0070982617891216,0.006592310379262841,0.024965827470253357,-0.002459303982706677,1.1288935889788052,0.020191505478558774,1.8489919296980444,0.9346791168708453,good
36.74,0.020489760639875593,0.023233105425045766,0.009174482180126332,-0.034361321554901514,1.0613510413565015,0.011010725687505092,1.9131134680191129,0.9316185555973951,good
36.76,0.02276436504283517,-0.017627786343449726,-0.01514982105588447,0.0024324521936668216,1.1451732901447853,0.03313157884916685,1.7294975118198421,0.9596255688465163,good
36.78,0.006511067801344035,0.002819273554210075,0.000134366271747398,0.024176384788513174,1.1534657738656855,0.0,1.7194254080647016,0.9417659456423626,good
36.8,0.035498458612466324,0.008825768119456349,0.0029289263238870657,0.015569898803653772,1.211818112710345,0.013140429078473395,1.82396711003707,1.0214602942980155,good
36.82,0.030570397488381994,-0.0057856494863900414,0.007295625978456527,-0.004063656975277726,1.1098956478342192,0.011765345893686694,1.7337688209171005,1.0376766631879348,good
36.84,0.017356503285117345,0.024741112056590703,-0.003556510436696558,-0.03045693634136135,1.1945177651934185,0.029656966511351173,1.7491376815300363,0.9529293048753275,good
36.86,0.033646928256472496,-0.009086809611323778,0.007146869575348042,-0.007047623268560983,1.2216174827198836,0.02236131185639753,1.7695479642151792,0.9459671856714504,good
36.88,0.02826577749811742,5.4436273546322575e-05,0.008321907609863007,0.011028115885286629,1.1935106776237927,0.012080236452081224,1.7743035896532344,0.8991410505024102,good
36.9,0.03195720977721997,0.015801043033679678,-0.006819476798348304,0.01524446254075015,1.1516847102903351,0.025177851063429197,1.8040796021465437,0.9021545770000328,good
36.92,0.04433255133337814,-0.004547627135754399,-0.00020102865435309586,-0.0004902495940713048,1.181239006133408,0.02286716496929415,1.8261959706902078,0.9197023409636133,good
36.94,0.033518126627463146,-0.009615982401258005,-0.013022502033828934,-0.002845738971888378,1.1540940768645205,0.017351467363646827,1.868355525273757,0.8411254289566842,good
36.96,0.038298436523141806,-0.004137358863336822,0.008492642928960145,0.021692380864528994,1.153776401857527,0.016771897405723477,1.7056967933977638,0.8586518942712003,good
36.98,0.00999470977691689,-0.007144201811102734,-0.024494510242100104,-0.01374193884258623,1.3000150305877252,0.015986985486733354,1.8474324566592433,0.9563176517154065,good
37.0,0.017371740164797055,0.0062610848407183405,-0.012558627323629955,0.008884227562909514,1.107808702808699,0.01338472452205351,1.796490892241003,0.9229385158921972,good
37.02,0.006599540065780771,-0.0013149166579808289,-0.003912573130675573,-0.003251832976536248,1.1668388614703251,0.009043259472455158,1.8583824205147583,0.8671239459240799,good
37.04,0.02499187071464555,-0.03530915304802494,0.008569848542567501,0.005909165809401987,1.2117779667352582,0.012741629554124483,1.9162778616074083,0.9195055998048537,good
37.06,0.021572236480978974,-0.019248275853229264,-0.016570891165342008,0.00572189582795483,1.2206605151118675,0.006319310227136126,1.7955873991583862,0.8534932767684534,good
37.08,0.03359098514499775,-0.01405296895574793,-0.01852616418249197,-0.022841703325215432,1.2529794559314014,0.015829601929067228,1.7504433001651085,0.9878515746759963,good
37.1,0.021772306452794096,-0.006723467829844467,0.01622355063264659,0.020988861829274272,1.2129447780760347,0.020920883572697772,1.9642853349761933,0.9633370853490656,good
37.12,0.0341718883623048,0.013386912294479051,-0.012637683727040064,0.03198014301296449,1.1984810172054432,0.007486920813587658,1.751320321254166,0.9267248634003186,good
37.14,0.025368964134257693,0.008640405817159474,0.00383415687137526,-0.017193493634135228,1.2375389097544265,0.03562338148947479,1.7574550724544686,0.9040783424020481,good
37.16,-0.002635612319832448,0.01469866915108786,-0.011733192948709075,0.008374673443640445,1.225499026843114,0.014721516978541183,1.7639463906397153,0.8969415136576607,good
37.18,0.01685229075837945,0.003977776065836055,-0.004839257171320044,0.01309851201053024,1.1878984269057709,0.01245726569874776,1.6949184689303582,0.8633610700936991,good
37.2,0.0394321251814197,-0.03530743755815228,0.00375905598397604,0.00974963543137061,1.2193874209637938,0.015608039125244446,1.849630190493631,0.8849012288347207,good
37.22,0.022366714887904725,-0.003339707107937546,0.0034830750233607473,-0.014616714875047902,1.2087246553590267,0.03611073850926123,1.7907306253826105,0.9011405391725251,good
37.24,0.015433416303792042,0.033342810872843055,0.010377780722211632,-0.021859790595185793,1.20964100865533,0.026692036952857757,1.8394807243457763,0.8486557996773043,good
37.26,0.03943779811759896,-0.002140273195334377,0.004701692819723734,-0.009075924886463286,1.225114828197721,0.0005464267182732474,1.8530260520871569,0.83158395620671,good
37.28,0.0183580698245983,0.0006221782366806428,-0.008233779255552374,-0.01130555611739448,1.2079189970974393,0.01833902406828328,1.7718714870054748,0.9078947848284147,good
37.3,0.01981294748061063,0.020219846122436772,0.015419121947122577,0.009389859107313896,1.224414752560773,0.026834803559461048,1.802510566432357,0.8034634650346569,good
37.32,0.0019346230875145341,-0.008255207782875766,-0.004946988193610987,0.008484997308071549,1.2382640493085586,0.03656295819280983,1.75006310222573,0.8884145183941755,good
37.34,0.01430223788363285,-0.0014677155159425151,-0.004402872650713779,-0.00949649276030827,1.1827633270912976,0.010835023630152069,1.7152976762516117,0.9013715583136903,good
37.36,0.02947521127367364,0.00337453749939879,-0.0038248126822179036,0.00359922462560462,1.2459467505619213,0.0072227413054308225,1.8305202623143244,0.8361493291147951,good
37.38,0.0036490056669735665,-0.019484620189367106,0.00397946200364419,0.0027628059117021375,1.1943973057392254,0.02613987770522732,1.793803829536156,0.9139920858356433,good
37.4,0.012039151949016658,-0.005551548946187236,0.02381264731836955,-0.010653615647080311,1.2192871709369557,0.014907631214177172,1.828631919490729,0.8239768594475151,good
37.42,-0.010528902305455135,0.0017436172022777567,-0.025161305235063124,0.03091188365728716,1.1981122416504146,0.02019532176106061,1.8110715379002764,0.8364760564410606,good
37.44,0.04331816475108657,0.0025823863275704646,-0.0020546987014026658,0.008757559482842018,1.2341102579985455,0.03364516809506728,1.7149918381722218,0.8322145306843751,good
37.46,0.028530765924465826,-0.01764957552410589,0.001022481250837423,-0.003393912357275068,1.2679867172194483,0.006756518400950673,1.7395469350882329,0.9239053002230105,good
37.48,0.04608038727444823,0.016557181914605215,-0.0027914373657131363,0.032984751302976956,1.279466125851119,0.020406148122180282,1.8177273110161831,0.8980102921822044,good
37.5,0.019981658976000745,0.008260492903359274,0.012192321762533499,-0.01357547921156724,1.0983668636715678,0.01020440779894686,1.811673450097546,0.9435932705105431,good
37.52,0.03032879220201659,-0.002857923729881043,0.027185836570329032,-0.007340222004327601,1.2576632771736982,0.01894500220253062,1.8088313448610405,0.8379988701289279,good
37.54,0.03165713833306158,0.006229407308234608,0.004358171812595095,-0.008288744037133504,1.1255950146398424,0.01789549980482109,1.814047800282401,0.9894591745604474,good
37.56,0.009681583083181108,0.015693836968827125,-0.021929534862017097,0.002084370096520781,1.1095168821078896,0.02297086988913512,1.8336103561064192,0.9181969472960096,good
37.58,0.01862435953231356,-0.01555465898648372,0.0039412536724283045,-2.920576937371648e-05,1.181005882379904,0.030611041829358605,1.7772831761120793,0.8696606823927703,good
37.6,-0.00823132829772786,0.026616744881611615,0.007261022097094531,0.006099562726243345,1.1476520409723039,0.02187430130064258,1.8483755408310139,0.9037749968443689,good
37.62,0.007975598783925555,-3.376358021933959e-06,-0.028006071706869157,0.0037538513254118944,1.2523490582653525,0.010389860825525957,1.7768141762861283,0.867070928156648,good
37.64,0.00980873682245808,-0.0040711966092275426,-0.029008954883208152,-0.020613561641944424,1.2989202271631524,0.026982087414261977,1.8071936880117407,0.862151930483876,good
37.66,-0.019734215385983384,-0.010042091985426872,-0.013069502279351147,0.007214503227383747,1.1688505082458152,0.010885194933602661,1.862818004384236,0.9748330921785953,good
37.68,0.03552567707430874,-0.0056456218478509726,0.001997301214896454,0.006429994584154883,1.2285511688422541,0.015793282249098123,1.6884625920630845,0.8985582846237496,good
37.7,0.009257803756473261,0.0038341582581980158,-0.005149347649011084,0.018701689743617696,1.2850362737087078,0.0012764496413378002,1.7715599812799399,0.9432379493944217,good
37.72,0.015691235120845744,-0.0027226336202115925,0.023862779398785516,0.00903715459041533,1.2205327891186535,0.023148666971339254,1.8482441898522064,0.9521681920352899,good
37.74,0.04021274618636777,0.021419561840699146,0.018949287203165667,-0.004179522664255935,1.191178381075474,0.024114280264149246,1.8071500300345436,0.902992943546719,good
37.76,0.0021205270196636857,-0.0037585467178442465,-0.005747873548962161,-0.01583746914351092,1.1714697040254793,0.018199420672164606,1.8114194724891506,0.8648338287074911,good
37.78,0.020042136794451878,0.0025954526285123965,0.012916063741637196,-0.021839542985718996,1.1524780135630606,0.015718103633624952,1.8245240797368076,0.8264985587856494,good
37.8,0.012865268948612745,-0.01621405706917675,0.002257524501673209,-0.008899065873347354,1.142396613450741,0.004336536980603092,1.8301927056750098,0.9230666453481088,good
37.82,-0.0010252670074224956,0.03156865392219367,0.0017554827147242854,-0.013441679107687501,1.2666723796783894,0.03125304788873678,1.846780645357218,0.9583642061559199,good
37.84,0.018644898570699876,0.0005270987450468204,-0.005985989138360152,-0.007331323110116004,1.192201148554437,0.011540217245839602,1.738760965019658,0.875509513759125,good
37.86,-0.006775821339461717,-0.0046905810040209685,-0.024540805881400483,-0.008298949858947873,1.2512151717084614,0.04008645766874927,1.8386943016227835,0.9407812979725344,good
37.88,0.02278600981744603,0.01437376655311519,-0.005011835437948242,0.009045106169943128,1.1593189072586125,0.024420979123197364,1.771328793911738,0.8773945845801899,good
37.9,0.009221370697873061,-0.00588061719559825,0.006687844513273336,0.008516373051239414,1.2187006780432705,0.010280700909767319,1.922893508986615,0.898484292358041,good
37.92,0.037935756647211744,0.019324021591422467,0.022056339185235075,0.00542704755616817,1.3048614974108321,0.008889769599952,1.7769912716481115,0.9776492985828545,good
37.94,0.012467286757306614,-0.009207809808527641,-0.011084617239679495,-0.013576492588075863,1.2418215258615228,0.03911718572525528,1.712844459556465,0.9502559511935612,good
37.96,0.003833317424421032,-4.709963307208835e-05,-0.02193923024012075,0.007979860885248566,1.1995924729767484,0.021115491158368912,1.8403721747831276,0.9373576783846144,good
37.98,0.022488129711598918,-0.014551295462485942,0.002152977369244028,0.006752754843143769,1.1402298519441472,0.00495674030112579,1.7900849253686488,0.873440626116567,good
38.0,0.026302059644279698,-0.0024926515651104847,0.007011392576839922,0.005946827303139757,1.0822467518754368,0.03165808578423139,1.7751743683338088,0.8213952743419686,good
38.02,0.03465387192510372,-0.014048724355166192,0.007927891996595582,0.018895138796615564,1.1317498829183914,0.017304872205950606,1.8415471822917189,0.9628027330166761,good
38.04,0.01917702016751863,-0.007598962259910898,0.021756259846497216,-0.004589675962330892,1.2195247924987316,0.023727813395500615,1.8202266552858504,0.8326391962336365,good
38.06,0.022431025042814204,-0.0011532103778833071,-0.026563305971883933,-0.030829287228431316,1.19185614067969,0.012445092200938507,1.7895511127065913,0.9064869276166843,good
38.08,0.019488586882565745,0.0231919930405725,0.010429791605386369,-0.0021054475385899837,1.187886856683897,0.022602450149676566,1.7625074749922813,0.9420816298317487,good
38.1,0.025932460766195247,0.015158104786951086,0.006243756409233,-0.002474617271797632,1.2557060699483051,0.02944925337529975,1.8828959799501,0.8889949149806978,good
38.12,0.04508851914197687,0.0068126359762460875,-0.016945401517614696,-0.0016334082986000711,1.1604250357735943,0.017162358861735266,1.7474318287667456,0.852521566255042,good
38.14,0.031155633065890347,-0.026819251053988157,-0.0009159094058684233,0.0034525124041473727,1.196625039685761,0.020916082204705526,1.8284198916804573,0.884039874878349,good
38.16,0.030725990561406475,0.005484083900255851,-0.01199741959449274,0.02516110561215245,1.2060629471732005,0.030981757190227797,1.7962837210729437,0.8666796875630833,good
38.18,0.016022574828598615,-0.036727237497125316,-0.019207972094550906,0.016773355854732018,1.1525748909697537,0.03957602923313509,1.7669746391311896,0.8261227168621617,good
38.2,0.016314960509597645,0.018111986064464493,-0.0011709549242764098,-0.0036439139768334496,1.2986182176811931,0.021209715388312816,1.7446577506854546,0.9878933508190606,good
38.22,0.011685126102869906,-0.00702325878582764,2.2961044749180197e-05,0.031490543917307566,1.2480275554417908,0.02483627246215026,1.8337787864906765,0.8665289245417688,good
38.24,0.01489379971689521,0.020696483199316242,-0.010438413097107435,0.008563043283479808,1.321359145206743,0.026781875280791394,1.8302017319829298,0.8851923720900315,good
38.26,-0.0029499310506881475,-0.02444500072346442,-8.032891790702232e-05,-0.014640104194081687,1.1090363590706238,0.023169225713018392,1.7927614817551536,0.8534932312457808,good
38.28,0.0019693517083894884,0.007720291432881421,0.008363338750588572,0.00736202862001805,1.2435300598497205,0.024620819612799296,1.7433511414171616,0.8894608478865362,good
38.3,0.020689596129174415,0.019097995120802045,0.004264903550000109,0.010134752703189736,1.2473034323935848,0.02155019369732214,1.7773837994373618,0.9285069441846583,good
38.32,0.05436548341619155,-0.015852269154557414,0.015754695039291895,0.003050262444015433,1.238968227026173,0.013959390241097117,1.7976253354062228,0.9481178487604468,good
38.34,0.028479318597602204,0.016948720782513277,-0.003634861897735193,0.030277466142362795,1.1372186101682658,0.012086197885234165,1.7842144584843735,0.9333826732714439,good
38.36,0.003029032305430726,0.0031447321593155763,-0.01962792745700031,-0.017407124386759485,1.086210975872111,0.010417964028941058,1.7651910242524782,0.8716174965299393,good
38.38,0.046957292136967844,0.014255398582958954,-0.006749965419569534,-0.021578489343066436,1.1627576697925233,0.013914138507635924,1.7594913320066148,0.7865979435657923,good
38.4,0.019211898599427183,0.0010242744166443604,0.009706560742002773,0.010000384508605086,1.1007044778861765,0.019884626431447318,1.7582219617904529,0.9135950910847441,good
38.42,0.0229635320523967,-0.017520768359948327,0.001987813030307576,0.011574484822111696,1.2188446114764142,0.016420797523601503,1.8409138818315907,0.8793427832112349,good
38.44,0.049411590479058264,0.0031994698587152733,-0.011480278329792346,0.006367976094948269,1.1923118320813717,0.0,1.789069527593262,0.9629960881344543,good
38.46,0.03998709880704403,0.004946855740506371,0.014068396764118323,-0.008268125019983473,1.1513556585293954,0.018228277080810856,1.7724743303301982,0.8814369449807034,good
38.48,0.03210585346931153,-0.020011623538766374,0.003818573672141729,0.0041097161997190185,1.1783271797653616,0.006035130743526209,1.7598078107639739,0.8936420346828112,good
38.5,0.023118279373797204,0.0048400117095945125,-0.0010699549919654997,0.011170714791770809,1.081405021109416,0.028904090964779715,1.7443483380574587,0.945114930830037,good
38.52,0.0028521934379415886,0.02840033633972103,-0.0097761876699107,0.0009664778957327061,1.181768693339259,0.03486797149971307,1.716634849595122,0.8449472586601321,good
38.54,0.011709734199583554,-0.036080307803717175,0.0012080252446934458,-0.01410008396526874,1.225543119054365,0.04618111659002091,1.7473583725856545,1.0094190011176574,good
38.56,0.029206243904767358,-0.010728442368949483,-0.016504169413586605,0.010412204925178437,1.2493838508164739,0.008834330499681423,1.8009381745845972,0.8582715404415785,good
38.58,0.03744857979321399,-0.01582944117981538,0.0068005529303591964,-0.015391421739774903,1.31196559871067,0.02058376771621428,1.837492693722857,0.92323799663963,good
38.6,0.0256068720104341,-0.02097080540342536,0.007125389373359212,-0.020830490418283963,1.2063014216970107,0.009730613658714676,1.8457469462895881,0.9304839582631409,good
38.62,0.03869118753008314,0.0020669548034355865,-0.011338571275782472,0.00062867123227141,1.192702739695691,0.0178321305606437,1.8659025760560362,0.7942797740141442,good
38.64,0.0424584622335812,0.01965799630086706,0.007005050962907658,0.007858381524610485,1.224467638934003,0.0076623240830019125,1.7517655621096417,0.848935779217637,good
38.66,0.031069223893530305,0.016807361818251,0.007548515233568888,-0.0025604614803835996,1.2100936069536998,0.002131875638517813,1.7044545336171786,0.8994512770489678,good
38.68,0.005954534514876493,0.018185826218721685,0.005663843287943366,0.013986019374275327,1.2442565624272746,0.017617735883951203,1.7620788408963497,0.8478942814700272,good
38.7,0.017409553303169685,-0.01287196588125986,-0.0015581005852466304,-0.0066753324020936075,1.1429316152271451,0.01119390371244845,1.8255360546678503,0.9490944688970021,good
38.72,-0.005702986062480746,-0.012893969099642523,0.0013478736067297533,-0.00905150303407192,1.2233535696175055,0.009551399599265674,1.7685139405645447,0.8912507806683985,good
38.74,0.02511175791684681,-0.008257076420485286,-0.010864552943876926,0.016236667037735103,1.2284497541975523,0.010647593111120752,1.8392499898069659,0.9071905710541247,good
38.76,0.014331233710001924,0.013527360348967747,-0.020939898634832508,0.006551683550612572,1.1205774775208217,0.014948837224711208,1.753361481033336,0.9053874485091703,good
38.78,0.03255611478031473,0.018362481767083643,0.019835440798703096,0.01598093549935625,1.2866358265355602,0.02878812697037319,1.690744783685666,0.9125945889089216,good
38.8,0.006318137871827606,0.01385010654793172,-0.01848571786069106,-0.012470498828734187,1.1451154857099946,0.007885712381782697,1.7920820524161891,0.8898386776363786,good
38.82,0.024593680189538687,-0.0007462625069555818,0.01858265626662476,-0.02765309966006209,1.1150674659108128,0.006742882878099228,1.8485420589364803,0.8510704445037769,good
38.84,0.018298775778862363,-0.007635643269494362,-0.004033127110217957,0.006664415493136899,1.2516177408348053,0.027519292279817822,1.7234679853501513,0.9327775747865186,good
38.86,0.027452676201744866,-0.0037079949788215365,0.0169943062395728,0.0020935093800511077,1.1389483993332195,0.02418576060719256,1.744832042709407,0.9249833157029695,good
38.88,0.02034999236307695,-0.013797490653998339,-0.011678872877541439,-0.015194945954237524,1.1980707300850784,0.02831752930635419,1.8382936740882476,0.9253263450979773,good
38.9,0.00804862222557693,0.008163378175194613,0.019483332919731054,0.011657737900385531,1.0476612958265894,0.02722022790487208,1.7876668492324415,0.9803020741312511,good
38.92,0.03359488700745446,-0.003294526701545396,0.0038140467032545806,-0.008675368874495978,1.1784936416956195,0.03248430730342496,1.884336323729162,0.945156342719847,good
38.94,0.023847233187945512,-0.012893641632462764,0.002986666898970883,0.0066611636979438445,1.0871915275502577,0.027692386042061656,1.8299913269800603,0.9072684929155224,good
38.96,0.02924103565689951,-0.01711863864042455,0.001975119205408982,-0.002043344031484883,1.210932776566356,0.01594038333242988,1.8273867540606668,0.8983476070911622,good
38.98,0.030515619408790825,0.004924915028731723,0.014099804176676906,0.014857562543878967,1.2114419300419232,0.010867313540747733,1.8259626932151618,0.8848528393205412,good
39.0,0.010949555874446602,-0.0038322404799748973,0.005102931160883165,-0.01888362507228914,1.156748268165383,0.02420657274624793,1.7887269574032274,0.8657294877837153,good
39.02,0.03768443826993462,0.004176522830000469,-0.010305154853853034,-0.002123435425939161,1.1650765032864034,0.03650846870540385,1.7645301293635953,0.8534987203395646,good
39.04,0.00451080035895364,0.00792857563578108,-0.005418356350767127,0.006789746256724604,1.1572260059116926,0.01846771235881375,1.8547840988489765,0.9006740384683944,good
39.06,-0.006533551094929945,-0.012832675957624391,0.006091146823681534,0.0030448133125223235,1.1414289220484704,0.012088990844477093,1.890048456512978,1.0064156802920923,good
39.08,0.0532414948391242,0.004738680281961722,-0.003999413298051284,0.016673189407373768,1.1172085980271451,0.020617649768122796,1.872532590047266,0.9406886250636032,good
39.1,0.02722156886697121,-0.012584715376071767,-0.008070370871169753,0.0011720473479623582,1.3015990155575496,0.025590945029994448,1.745574037930808,0.918339258998022,good
39.12,0.06867333874305814,-0.008309529374505367,0.03313693387613195,0.01111170894512022,1.180522638343585,0.024393939922320407,1.7346532333029272,0.9337708742626746,good
39.14,0.022938693453158562,0.007071100483122834,0.0011366838169130026,-0.012407411219756713,1.262452427151466,0.030953600737606154,1.750955098406994,0.8806027007660449,good
39.16,0.01998744479278292,-0.012704627776821473,-0.017601506713724277,-0.01771534151247496,1.1969337134637499,0.031314752427899537,1.7163575215039513,0.8588153579945972,good
39.18,0.03622741202780761,0.002294226419473785,0.012708553390036643,0.0023392253305570937,1.1234753313967758,0.01570671076711691,1.7449825417644782,0.9349659439458049,good
39.2,0.02497816879738986,0.012275256606925786,0.009469900984345258,0.002745864317014986,1.1256197801457626,0.034360567695970054,1.846007708695634,0.8808481686276375,good
39.22,-0.012021144983506763,-0.015356861346130625,0.027720616481997043,-0.026787625701874318,1.1325509288848505,0.015819742290821875,1.7600901499952868,0.9121479706389205,good
39.24,0.02849284399464771,0.006485414534230754,-0.03217373956114641,-0.0025497457581565705,1.219120559543898,0.022715923017253593,1.7944153888297818,0.8868017591198668,good
39.26,0.00436777444800038,-0.009516802015231468,-0.0036884420849604715,0.0033118991695360736,1.2764994375249574,0.018448425738243707,1.7371279168519542,0.8524548617700134,good
39.28,0.009754483283773797,-0.012388142866059139,-0.017111264900199784,-0.004569851292641157,1.161989833639856,0.01236324031542827,1.7022919527920735,0.885921226249673,good
39.3,0.023933484700385387,0.0192751317479318,0.00912780088987347,0.02602590636617172,1.2049135037402758,0.013918986589931728,1.7854794137408636,0.9033511681425386,good
39.32,0.06249825943475985,0.0033694815856223042,0.0015622961741214765,0.00953477328854495,1.1760011762034472,0.012630634362598696,1.7887509029753565,0.868789135900007,good
39.34,0.012618498364016762,0.000388662062905496,0.007483737245724827,-0.00786942234577592,1.262392228720892,0.028483481385271476,1.7927561398410006,0.9176444100044814,good
39.36,0.04093680538393197,0.01088582864056175,0.008892177525965805,-0.010208349879103894,1.2281753584938182,0.011930161922089809,1.8176036827515871,0.9031572955879791,good
39.38,0.05466315678274606,-0.02510733590128904,-0.0050692824266495694,0.004274800109981656,1.2201637897767705,0.03178291439725144,1.8042241543217763,0.9567318138699887,good
39.4,0.04160886502764573,0.00256131147405244,0.00959407126028766,0.00289880469023067,1.1399316198125513,0.015295995671904827,1.7020161344083153,0.8154185488177789,good
39.42,0.004244613441043673,-0.009896132864347068,-0.021642663002244263,0.011104015818766997,1.2475307620563947,0.017591272482691364,1.712962802659968,0.9369027075376417,good
39.44,0.02741118639908398,-0.004123437245746382,0.012099377764487579,-0.00109879350101375,1.171470398623011,0.024486827536346137,1.6347587585582537,0.8661168285327243,good
39.46,0.03133290185283138,0.01647228428544601,-0.0074129895489064125,-0.007743766026982361,1.2477648140218331,0.013166815900741858,1.8335217861169748,0.9308364293030177,good
39.48,0.01627473602321536,0.020818301117532703,-0.0041447588950511444,-0.006384864539217729,1.190277287396147,0.02292918169960564,1.816309711379334,1.025842118662329,good
39.5,0.03153916257391777,0.021421850625554007,-0.005533723106805353,-0.010278095771586985,1.1895274336637616,0.019479700277656036,1.715623074368977,0.9245043374406025,good
39.52,0.04500894596703595,0.0028844650272016182,0.016178742144911863,0.0037129772128363667,1.137922713518768,0.028411591975459297,1.750452399818885,0.8624678922737732,good
39.54,0.03486063114596101,-0.008920001502241533,-0.006847063645296341,-0.016328049525834352,1.1224309188152115,0.026854720197420637,1.7667785836006367,0.9994198505242213,good
39.56,0.003494854338654353,0.00026993213793481794,-0.010140697895875272,0.03274032960703297,1.2250610715610626,0.018493420479410713,1.7717844838996326,0.8953578222784836,good
39.58,0.018279660670784573,-0.018801993903310197,0.007136462722089124,-0.016524362189264716,1.1431998493078253,0.022944717205438208,1.761077855703954,0.9211370523685922,good
39.6,0.0276254574619332,0.007690639934608889,0.005541470240748268,-0.00188949161518911,1.2362170163043449,0.031771571481625085,1.7820247413135069,0.9647612463643005,good
39.62,0.024291207329281198,-0.0205853016562784,-0.015485820757850058,-0.008505945076774424,1.1259541395515948,0.024420960716643562,1.8027063385999573,0.7697583619318222,good
39.64,0.010121249136534723,-0.008438549165038303,0.013782096874025505,-0.0015771670204927349,1.2165675575749173,0.014992648076888692,1.8642121838135322,0.9359564922246151,good
39.66,0.005718139661725507,0.00105467052643076,-0.011784476234738774,0.014376737084951607,1.2703501214649704,0.0024311706218004647,1.7927058294040936,0.9068593945270693,good
39.68,0.01575400429983099,0.0038131128890449345,0.004990101720645528,-0.00828064605842945,1.2284107542312117,0.021830652221138315,1.7600073286897315,0.8901752606588871,good
39.7,-0.009306294798807565,0.032146113808819494,0.030183986216391175,-0.0013734879459265028,1.2580463325375901,0.017063387217661707,1.867704217420293,0.8510054793990073,good
39.72,0.030797631601366737,0.023476126198138658,-0.01901617619560709,-0.01279163916797622,1.2730436545418076,0.03387010258447075,1.7477611560887838,0.8910278936384486,good
39.74,0.003731878447420885,-0.0032010120034116226,0.010995693369175412,-0.001392805292050732,1.135813119579765,0.026461128731945987,1.7922258431531441,0.8761111797115914,good
39.76,-0.00019586150427709401,0.0022521467580317706,0.012738654875688553,-0.013135675351510475,1.1590656078476247,0.008968596838064483,1.8449336505609217,0.9390217320406522,good
39.78,0.024919113676123122,0.0028061821362720114,-0.004127745382028795,0.006201254884381135,1.2141868394538875,0.018684657132907408,1.7711570424467185,0.8400360027773416,good
39.8,0.021364760721162796,0.006288497104465551,0.006172862409520665,-0.012955423780722826,1.2126496014179382,0.004709131617189563,1.7603615293383907,0.9113150525764419,good
39.82,0.022801501666367793,0.029888874297042962,-0.021032119859719783,-0.016689259323673634,1.1946002087564633,0.03197143008147284,1.8023393979403648,0.8769449371819852,good
39.84,0.01122506041486221,0.010097462584192113,0.02730006706474302,0.005315610577720649,1.181174771103809,0.03825879848977542,1.8374978741827,0.8943925486987246,good
39.86,0.025190485887555538,-0.0076983656656762454,-0.008243916207273721,0.008306777434631634,1.2216539923050398,0.03677533153986628,1.8136926512195959,0.9413520953021385,good
39.88,0.011101290621140627,0.008017328390520603,-6.862062792725223e-05,0.0006836989728536868,1.2971832000234913,0.01673994004287133,1.8305299157773984,0.8764539546140555,good
39.9,0.04109467758233078,-0.010434424077099488,0.007022040867032442,-0.005462635331929381,1.125699448306888,0.013385404833261791,1.741892673300743,0.8957486866229964,good
39.92,0.018946788770923914,0.019857352240622614,0.018930761709919194,-0.001207716570674868,1.2161791809963316,0.007133389099702483,1.8112524797778689,0.9394634873320953,good
39.94,-0.004516785732153246,0.013040281156928507,0.0024689166116167657,-0.008436692052129977,1.172977996488749,0.0003049729455899786,1.8435326041956233,0.8748084699224756,good
39.96,0.03003818816128428,-0.0046146543257346755,0.007909369482937188,0.00036100114466989906,1.1966351797137256,0.004721438090400605,1.7985906307403117,0.8620182530900492,good
39.98,0.026934080004105413,0.015385305409385564,-0.0026820821606118087,0.0013993858755679866,1.1796918757247778,0.034946955839789344,1.7934682548494465,0.8448412358298516,good
40.0,0.017246034560340913,-0.00040394641146841145,0.0023638978329875936,0.007070990954588606,1.265389178845499,0.011914671672389188,1.8985908721776792,0.8677108540396055,good
40.02,0.012071115412691348,0.013252996408876899,0.009515320001850658,-0.004061727217129332,1.326758284496239,0.0014298114013709263,1.754866219231097,0.8970496171513023,good
40.04,0.01776446372566418,0.0005946119460844953,-0.0065925143013498165,0.012810534996062044,1.152032016346699,0.02134838415100676,1.8189376802718533,0.9354069150917185,good
40.06,0.04068663547677736,-0.008534842071238356,0.005893255771245648,0.006130686978768319,1.1265922873439502,0.030682848118444305,1.758679890197481,0.8811503668054026,good
40.08,0.015233339323441338,-0.017293900294696574,-0.010201924243271763,0.02913352184271513,1.2089454093959253,0.01934438986107133,1.820955439543262,0.9658869789797075,good
40.1,0.03526855501837955,-0.009471643083591537,-0.033560187174364174,0.008190320930365157,1.2079445511364777,0.01739076340047111,1.7908620107687059,0.8723458303853568,good
40.12,0.002685766450423547,-0.014854078687479604,-0.004277886491866649,0.014667411920182241,1.2563889328721927,0.031346486463140026,1.7302620831521218,0.8624786602036253,good
40.14,0.009302742506842853,0.003239783866565631,-0.0013536706887621024,-0.01130177772899556,1.1830463637572086,0.02923120843051221,1.871561963025883,0.8970944252355149,good
40.16,0.01995246122367689,-0.013823848013582477,-0.017777638612815675,-0.009398638239669542,1.2049905180982965,0.017028751373641873,1.7696338801883256,0.9981123927051592,good
40.18,0.0024414679771298737,0.012750235195043874,-0.015536358675258074,-0.020549729748884766,1.2781609207496172,0.015671114664287115,1.8105340715953846,0.9018125140320489,good
40.2,0.022540608866993144,-0.0058762714392513625,-0.004863450005877696,0.012189067690634891,1.1325873596854399,0.005341500277466395,1.765938047544712,0.9638102134163683,good
40.22,0.018139990599889973,-0.005195623754862661,-0.003910515528726374,0.008704900912507169,1.290894974724615,0.01692414373147481,1.7506713937172613,0.876221258623629,good
40.24,0.049304103150980154,0.022347760615629403,-0.007629144622637598,0.0024872596697867845,1.2126472069164302,0.024498062182885257,1.8678308314002312,0.9155569329715331,good
40.26,-0.013720901075044532,-0.0037102387234784167,-0.012450890745468986,0.003885074400491455,1.2060419644296867,0.015381800447538814,1.6788355378846749,0.9025826474079869,good
40.28,0.004130341831510536,0.015830484865187237,0.005382880848823848,0.012319633863228319,1.219741556250157,0.024890058089864164,1.7515648858339572,0.9179034748406801,good
40.3,0.03763190568906339,0.013803492963192353,0.00975527812873165,-0.010129444793348161,1.2332271485225623,0.01800908054235209,1.739813977022568,0.907739229939796,good
40.32,0.026913440225453913,-0.017642871712114146,-0.008639546610085112,0.0037223814555219096,1.2052235047700668,0.0269483516706258,1.7813105135051708,0.8942735417089454,good
40.34,0.02679812631307951,-0.0011199281445266912,0.009562137793757598,-0.017189264453680318,1.169758472630459,0.027739371766748306,1.7726924536921038,0.913542092690153,good
40.36,0.03472637427174628,0.01420020182905678,0.002266366529422909,-0.005270134756774909,1.1293998147813613,0.0,1.8373932304289364,0.9224684062037931,good
40.38,0.021713100702344366,0.023330464198416997,0.003929835930360281,-0.0013111761034885852,1.1410952986348006,0.01691520556678616,1.778136435037378,0.9394799632461327,good
40.4,0.016700956599390793,-0.004604313871931967,-0.003791480905679434,0.018784709436535898,1.227081509538775,0.01425710206237472,1.7741811521577269,0.7879036803422871,good
40.42,0.01889010095351399,-0.008064537957474555,0.027771272740066667,-0.02647959056483966,1.165303067224136,0.02523816712301089,1.791259175625045,0.8761217388098514,good
40.44,0.014554086519167826,-0.005539290567783948,0.006364681824411491,0.004988235028517507,1.2038735329144346,0.027332001873566655,1.8543606296940092,0.867544131298421,good
40.46,0.026102663502354063,-0.018856576711667555,-0.00775746629486291,-0.001485564414374494,1.2557555244691252,0.01900632117500619,1.8422208915901683,0.8849274351110792,good
40.48,0.02614275747773201,0.0020970857077677357,0.013559011845343617,-0.021817249493665467,1.107754094465142,0.028021187079843708,1.7819874438152206,0.8866736387505832,good
40.5,0.04000200813191999,-0.015258605030147983,0.009745912457525936,-0.007054228195935883,1.2730402242308312,0.0024528093519855386,1.7752161632719403,0.9223137276032238,good
40.52,0.03477878425931687,0.003828883944798627,-0.0016957077030193709,0.021463785471433478,1.1740226657590729,0.028371782631718995,1.8088925343906102,0.878416858063883,good
40.54,0.04585552852385759,-0.007693463607473288,-0.006464379729576965,-0.006493298952965978,1.2342148754025652,0.03354813170860994,1.877851883413845,0.8449000112895757,good
40.56,0.0006757188465822268,0.030084774799032498,-0.01058979521487068,0.003904623690980729,1.2352022374619542,0.008458572876462764,1.7674932469518636,0.80112198549895,good
40.58,0.0076080603478065065,0.0032493718531874717,-0.04066591564081295,0.01825317728258555,1.256488980162552,0.0,1.8720485586099271,0.8983966996698177,good
40.6,0.01659128195177552,-0.004832830629432274,0.012720712462270335,-0.020379247376825085,1.1782727180838468,0.029146032073478635,1.7776012669971468,0.9121631818988155,good
40.62,0.026822984022094053,-0.020723786504439737,-0.02131970823098863,-0.015333572520753064,1.2786986087053467,0.017890815055139293,1.7194476979362237,0.8444094914854089,good
40.64,-0.007959466227089044,-0.006869418794987808,-0.0056428028946214435,0.021633805109718195,1.2641291331923958,0.038730769541919265,1.841506843431248,0.8751866605555719,good
40.66,0.01912967558115518,0.0016809027637049608,0.002353404191285138,0.0024995142212504685,1.2139517059760603,0.024719630352752486,1.8082709763248481,0.9481572863111007,good
40.68,0.03039514113243926,0.011769325690630193,0.001276013678871095,-0.009300507485878495,1.2107304012522635,0.03132137795943143,1.7977779918093972,0.9545224515010269,good
40.7,0.020766827276154757,-0.0022607087057630727,0.007824714644343065,0.012503338218775546,1.1379276258783015,0.020301583259616632,1.8099596736028432,0.904744886826463,good
40.72,0.029527930705352114,-0.020711301683968276,0.010268923161789525,0.007747859632544201,1.1978827247471198,0.008820594873315149,1.7680175210547764,0.9289720500223898,good
40.74,0.01528489354861139,-0.008279045958690277,-0.025716236890878305,0.01221064582411538,1.241753266640253,0.032899867368600004,1.592554220914242,0.9195329193128042,good
40.76,0.0174826023941397,-0.008751964026121346,0.023644500084564955,-0.005531607249468545,1.1563152860282897,0.022948507806027228,1.847290443496731,0.8749487290642973,good
40.78,0.046287117268681705,0.010732559056424328,-0.006635672195474517,-0.015864587940581962,1.2109970473769776,0.03179287825602888,1.829245284998888,0.9758066343027527,good
40.8,-0.0009813390007308374,-0.01175877047822533,0.0011293861200164944,0.009015164239610426,1.257926886881547,0.014136388683438077,1.8326293067157298,0.8601513563929897,good
40.82,0.026669579373347005,-0.01639218059459804,0.0035426728703920243,0.01131701618442445,1.189555808647394,0.023209701812472765,1.7018179376718534,0.9249774753307045,good
40.84,-0.0011705027894775165,0.002553980233423381,-0.01410912226033578,0.005098591252963574,1.2145880540254739,0.024453278585785915,1.7936032521979288,0.8997590281438448,good
40.86,0.021049765458720397,-0.0094553276954585,-0.0065001286449925194,-0.012339229923834823,1.2142765497107815,0.029453846094571676,1.901015138990817,0.8521765108628455,good
40.88,0.02922620013407306,0.007194195072818962,0.009586908153709689,0.0071853673120536275,1.1566981057203451,0.0152107290041489,1.8749663288831202,0.8273362000163481,good
40.9,0.029137135584902062,-0.03167294107987462,0.007239753584541651,0.001524259098028076,1.193293994858078,0.01208062010797703,1.7872496757132783,0.8394917972946453,good
40.92,0.015435245279614844,-0.00881334095787404,-0.006292868772602956,0.0050799739043972374,1.1846414787437973,0.026963012667646065,1.748918041290508,0.9362856797648085,good
40.94,0.01381830660155732,0.006461798139946759,0.012506729129572704,0.006438329225575837,1.1529264945755253,0.009827748746442409,1.8658596487232733,0.9691380841076865,good
40.96,0.000327501683224744,-0.0035845206128007788,0.009681956581579786,-0.001113077686910732,1.2191943183615153,0.03651576905542564,1.8876572372242555,0.9212814870136239,good
40.98,0.021374296221313628,-0.004845427414085946,0.028141525082039705,-0.0020716101525679485,1.166975934688779,0.004419176201893815,1.8297619567506638,1.0226104688088404,good
41.0,0.0373136830605352,-0.010041310447518617,-0.002351323192248223,-0.014131317397749296,1.1300259546266156,0.013123022349524211,1.6698403526499002,0.9437946611687315,good
41.02,0.056832412613519366,-0.002560973395954724,0.022477399087536508,0.0003108843370835695,1.1798465786969508,0.011639202200599762,1.7092415943439299,0.965130723858306,good
41.04,0.026035082822669746,-0.00278424040609469,-0.0005461766833818531,-0.0014734728982042807,1.158458049083812,0.026817134094411523,1.8135183006504554,0.7980154881378907,good
41.06,0.02324449755211638,0.017565479783221278,-0.020424382396781567,-0.011333307250786427,1.1845073465142573,0.019050598918927845,1.8371212633911371,0.9495561303486155,good
41.08,0.014308182943079414,0.009953160169785449,-0.023873882473652408,0.0031803234972151337,1.2002670858617372,0.01261270834374497,1.8486651798885811,0.877206879650695,good
41.1,0.03375594855687764,-0.013704678488665047,-0.02268199548125801,-0.019197120785748995,1.1437350878547468,0.02628292461877169,1.7271546914664049,0.991223466771691,good
41.12,0.03306713386164368,-0.01951766463586568,-0.014691284677790305,0.023447299216847815,1.236141406826463,0.015010261546053531,1.7136154814194555,0.9228550368744112,good
41.14,0.00925552762694782,-0.021792288437819204,0.004358162394280794,-0.013730821197913924,1.180037605033508,0.020623485505781886,1.7715011910542062,0.8361564437313292,good
41.16,0.03508722616477805,0.002145923098542817,-0.005963187035913111,-0.012888083597443421,1.118274814822044,0.006409624733391846,1.75684691102757,0.8838274493281862,good
41.18,0.02210900090822964,-0.007031992750054658,-0.012299053595727697,-0.011607661481682706,1.1633146166170654,0.019492698844039365,1.8593585073802308,0.8869968888282942,good
41.2,0.008998339979196275,0.00851035101323252,0.0150968570422156,0.006401208635001529,1.207808695597511,0.03458237582807521,1.8366801386709741,0.8706615638013455,good
41.22,0.026967255692543404,0.0035738594718324832,0.012771448730767508,0.00464514927255798,1.23671779669995,0.009777229789493762,1.7710575299529405,0.9278022111339345,good
41.24,0.03560835702849235,-0.0035078297226943484,-0.011072937255508094,0.013016806424786245,1.2253471232214015,0.0282318877426445,1.7720755255777054,0.8618867113688908,good
41.26,0.024801354809360004,0.0014226730412386576,-0.011774436281701167,0.003579771653932808,1.1315826590894655,0.029236554792303655,1.7467182291340908,0.9206179462901315,good
41.28,0.03169870995457441,0.020019537934375938,-0.022360406736256267,-0.0009362135712963622,1.1206604513005476,0.02610999220549978,1.7380829148844397,0.9293871801578057,good
41.3,0.018753184970527068,-0.018547432468545424,0.01889704592835286,-0.013968689459859226,1.2026219624825139,0.0115901587553476,1.7592638279543462,0.9045974341502433,good
41.32,0.03441058499672946,0.01199661919272309,0.005346329584347033,0.014252806220138154,1.1811641282542154,0.037816875904806264,1.89591397441564,0.9188805084436924,good
41.34,0.03237580241401991,-0.008904492127711036,0.009749542348789003,0.020562297434836927,1.1632292415313519,0.012105000238065345,1.6944221546145422,0.8348577516024648,good
41.36,0.024153956867294667,-0.006800471313743105,0.02818585076267205,-0.023013904035356685,1.1488556483857522,0.01492177694597293,1.753036158589597,0.9011427758852782,good
41.38,0.02321737516517942,-0.020060862740754092,0.014867645876591506,-0.0010664366207387584,1.1668425676704097,0.04664879827048198,1.8680491623326532,0.9071887203948253,good
41.4,0.017399161317521453,0.0015214035431320152,-0.015963684795338533,-0.006023831366397355,1.2598843258084336,0.022128260079490026,1.8367347931683127,0.8724743544347587,good
41.42,0.017680540005871784,0.008247655561069201,-0.004398444161218559,0.0008641044628999142,1.1951072473537507,0.008049712686154556,1.8512008041503287,0.8686104679948627,good
41.44,0.034889137719114637,0.0103181763594719,0.029319585653668226,-0.004497060957345101,1.163741971537118,0.018772924094457067,1.8496201537935981,0.9239632020645805,good
41.46,0.01787513632626914,-0.024363718492552856,0.0020681865732348854,-0.014501377749052774,1.1821509953562441,0.0354363577238477,1.8055000759524746,0.8521410749027137,good
41.48,0.001922753013108046,0.0013699641217493103,0.0018681488320621412,0.01570300792168589,1.177032609089923,0.012828706134881459,1.7925060229105843,0.9676119310055405,good
41.5,0.07286059952213216,-0.00015066956627780983,0.00482763088721561,-0.0090580659449564,1.2200416575948048,0.002037070616932677,1.733939185661967,0.8878833118795857,good
41.52,0.028348256727616983,0.019029888724468712,0.01058527380523925,0.004528570904433309,1.1881063141447175,0.02406067369271063,1.7353688875672433,0.9209604169053237,good
41.54,0.03204374014721659,0.0007871335659534494,-0.014848563952638434,-0.0024935342279371235,1.3014943301347155,0.0016564482414513583,1.7369702109119782,0.8789095266945792,good
41.56,0.010280241618996487,0.011153228982305358,-0.015645040346403023,0.011095643261856738,1.1260177771822462,0.029044789974142733,1.8215250499556443,0.8616823323709306,good
41.58,0.030003709961126168,-0.011906201945901685,-0.021980620237113332,0.013388422722164457,1.2752768360494557,0.029116302870959336,1.8529214035007129,0.8760811699453297,good
41.6,0.013204006632232573,0.010374169067647947,-0.026381982715003846,-0.017551137298253253,1.1231323476623092,0.005955570474834242,1.8201161684904745,0.872427698771477,good
41.62,0.02178587254217663,0.0038374935014675177,0.006747847455928383,-0.0222911752441002,1.235386401708683,0.019614227107550456,1.7915520284989488,0.9598404684099153,good
41.64,0.011569967270203383,-0.009035413003096035,-0.02104899392448794,-0.008223958853273167,1.167850596261445,0.003299890683234541,1.783782318086315,0.9268644671792018,good
41.66,0.013600359391735475,0.023527710268261344,0.016937889186547973,-0.0036227791176997926,1.2755120598175138,0.02904628703184744,1.8269141847120798,0.903021086179787,good
41.68,0.021861243279531456,0.007319026527523229,-0.005712493490328875,-0.008560468959227283,1.1747176650509543,0.009608512493690513,1.7355222786291802,0.9376831174465983,good
41.7,0.02158800481808178,-0.005560006211510268,0.029468844960193842,-0.012627950400767946,1.0688910346243814,0.03970926544721367,1.8810970305609302,0.8576429012052151,good
41.72,0.03018837857111273,-0.016370482224495622,0.003911287115741723,0.004117303204235131,1.2288471982063893,0.012469083649130514,1.9139927926823115,0.8742580856369896,good
41.74,0.044022811595984875,-0.027219311293962205,-0.015810521305017533,0.009771802846335257,1.1881425583267065,0.035235347907227994,1.7794858610850293,0.9509323263335473,good
41.76,0.023158753717567294,0.007633318382220031,-0.00637830721753922,-0.017456583883128627,1.2084047700734504,0.029846195297842364,1.77403259662132,0.9439791376450365,good
41.78,0.021864298668433754,0.02402353771873539,-0.004144290117306295,0.004278190961622179,1.207437534098441,0.02849675672882184,1.807343797714146,0.9192348493128035,good
41.8,0.05141537387330304,0.011517411690077963,0.01802404005873363,-0.010628463837334203,1.172344219703213,0.02003150040758709,1.8151608057089939,0.9041817988418778,good
41.82,0.014366348199101719,0.004509047684825503,0.00505816199841557,0.009755981805518663,1.1241275794547096,0.01347009943377156,1.8370306980071045,0.893245587691145,good
41.84,0.012895515388304581,0.0027220100505163046,0.0011001308680796801,0.0151025980343781,1.2829488639849247,0.014431121297292786,1.8075098902942832,0.9170458416141922,good
41.86,0.00785200343534081,-0.004703794481176458,0.004849499732826901,0.0019128729055509293,1.1739110983077314,0.0,1.7647006521063018,0.882761742259648,good
41.88,0.014733568070771112,0.0009103078698565294,-0.010779493090011506,-0.007070491291549181,1.3011106211049084,0.024903951451933363,1.7989467846678617,0.9811292378139755,good
41.9,0.001255467443534144,0.004253896375948263,-0.0047501215175822405,0.03686815709075952,1.2135841266371732,0.018148115429778084,1.7589564420019488,0.9667013851326363,good
41.92,0.025987165657025715,-0.009872771784474153,0.007217107327076361,0.004409178139162577,1.1970407091260964,0.007043237619147058,1.800046587272717,0.8944765014871829,good
41.94,0.013119008185911463,0.02034089470678906,-0.013155670229550947,0.002564723357279697,1.2638073567872912,0.02623860835477608,1.7766091320045174,0.9236370695471428,good
41.96,0.010017490905734948,0.016283140367665067,0.027356228868700427,0.006660949304264663,1.2639773549329976,0.012018070916396619,1.8012807121688834,0.9317945852410555,good
41.98,0.01820603163361449,0.016958221345446153,-0.016311148694320685,0.0017107081797493348,1.1467133717773943,0.03691031343128976,1.7679159585515263,0.8559372683661344,good
42.0,0.02147717727386242,-0.02246470018229343,0.006835822853829442,0.003287920292665893,1.1964741387573137,0.017173164291858924,1.7938966306520965,0.9483983821484016,good
42.02,0.018755066400974144,0.002274563585364757,0.010800183621252117,-0.014795240169004584,1.2494031788018554,0.014403484818947609,1.7563227508370005,0.8037497142705586,good
42.04,0.0011140441028878326,-0.00096936323216797,-0.0029874600062033134,0.007153406924021097,1.1657280947631095,0.038927612183190324,1.8306250488411733,0.9825886227516675,good
42.06,0.0019182559527902495,0.034118457804892345,0.0006901127337635879,0.0069684881312313835,1.2162649680156594,0.018144733873607356,1.7984470448014196,0.9333203686793435,good
42.08,0.03745373378197572,-0.0015112894527923937,0.004278710791239301,-0.002891966849810863,1.2015798331923813,0.015235131220136824,1.7993226229406358,0.9601493789048398,good
42.1,0.015108278277059526,0.01742595185238442,0.009173659725140327,0.00817658518412455,1.1831966105241305,0.013127640668683138,1.7829229708881489,0.8794499333535286,good
42.12,0.014024596339428916,6.705203733724565e-05,0.033662340837798024,0.01630795233031842,1.1751754764577995,0.01380929161011734,1.8526914868569344,0.8779029728321721,good
42.14,0.036458355296970446,0.012811755627233355,-0.008148446579404426,0.015142091930313612,1.152514395094971,0.028135237464369526,1.797136446343856,0.9671133312738888,good
42.16,0.04741367134061916,0.020159137155662477,-0.0015500018657769981,0.013810406476228845,1.2305441827235584,0.016303512617296137,1.8904124512559304,0.9167178408965415,good
42.18,0.03787865293937474,-0.017311180172726086,-0.003085977279861847,0.022400458481629564,1.2413590501167924,0.022152928800904907,1.6973715790606407,0.9690908003383467,good
42.2,0.01915745495096458,0.00573398352696131,-0.0006274854412626867,-0.01949538728521061,1.2561399416379715,0.019973278315415087,1.7426874127231642,1.0004228918648694,good
42.22,0.04159730975853894,0.0010840711727516548,0.013666902298263782,0.007182444767099076,1.238839152764972,0.0,1.7993398231384359,0.8588392558424982,good
42.24,0.03670359712995481,0.012106803653864623,0.011133530476958699,0.018723505015747873,1.1904058302276845,0.026436547442858806,1.8703650807746117,0.8813874260491239,good
42.26,0.028531373024649673,0.00920898657433459,0.015168789743919976,0.008983190739026295,1.1362176476935189,0.0029205738724211662,1.80457791561071,0.910290050584709,good
42.28,0.008503882637349473,-0.014611998339652167,0.012789080076547337,-0.0008205152631401027,1.175422933427013,0.02277013561228139,1.772688011743201,0.902950782800827,good
42.3,0.02750080912059254,-0.005599141627269916,0.015666162222015056,-0.0010341497590223463,1.221248197906528,0.0261387462484103,1.885771828004333,0.9399244544907946,good
42.32,0.04303090688483177,0.021373722947794514,-0.002182555505871436,0.013171686990026087,1.273660240886102,0.008312761976195975,1.7253322632934194,0.8771750665026841,good
42.34,0.03572559607142921,0.003911276043134548,0.02918318212882498,-0.01907848639876296,1.1705697023976078,0.016470229344587823,1.7828480214293112,0.9804944070515167,good
42.36,0.023072975655462537,-0.0039178492855782765,0.02057887683727981,-0.014261419466543388,1.2266955467281717,0.03194904484815558,1.794250175958507,0.9467423975930382,good
42.38,0.028898222952283382,-0.006242183231771314,0.0012630841886096316,-0.002730733668484969,1.2530272273879028,0.031110824154745895,1.8537786589536385,0.9471920835143077,good
42.4,0.03646725272164531,0.0011601574328514565,0.0032768826021727995,0.0011672897416681073,1.1684659040345418,0.03581783865884391,1.7113600008687424,0.891942192640356,good
42.42,0.01926367225102798,0.01527154832984664,0.02402604093889354,0.010068242847714208,1.106570072913707,0.022628048922313734,1.7967474975850872,0.9773535923512782,good
42.44,0.010721076456833213,-0.018851768263381273,-0.0031802620645796356,0.008739864121794613,1.2238290955557765,0.013936482951545053,1.7290353069237558,0.8782080981734429,good
42.46,0.009954577104396817,0.007852988627929483,-0.006677819794372819,0.004178675463107208,1.2249708511713102,0.017150908602915644,1.8069308229061847,0.910965309365401,good
42.48,0.02808302444614004,0.01354844744400907,0.006830160505302126,-0.022797883238608433,1.1651480412630943,0.040529097545666894,1.7793772038054516,0.8725184699268257,good
42.5,0.03530796792442598,-0.028221233975190083,-0.004979134579518319,0.012655065625512262,1.2685204428439045,0.0311143105106518,1.7555466339698267,0.9342677446539713,good
42.52,0.026383574459881733,-0.02321732987303454,-0.0012172680542068084,0.008144158093540558,1.1675831531183383,0.008004471609418676,1.8259144224893817,0.8650586250924845,good
42.54,0.023356337342408384,-0.008754930627561662,-0.0029748215544730004,-0.0008992530023198759,1.2996239813245396,0.027725570707696573,1.8335597203081373,0.8399984392000006,good
42.56,0.0359118970048894,-0.014274604518678579,-0.003112104888978731,0.008400911402059343,1.1893977601463164,0.009943861006885291,1.7647875332187655,0.8060460927052264,good
42.58,0.020806081222288577,0.014469858987869334,0.01960624391668993,0.02237903538554788,1.1507751897296978,0.015080467008783497,1.8667212503706432,0.9214641610652343,good
42.6,0.012893857336758133,-0.014091674046277296,-0.011159839349240587,-0.01047000514159787,1.2369578753722006,0.028137918533538062,1.8044402742367602,0.8981031112848229,good
42.62,0.035644128420238674,-0.003069247859535227,-0.0045501744172064635,-0.00821719346417343,1.2004070173907806,0.03167943511769049,1.6843416252486503,0.9732235613296023,good
42.64,0.034726209854646556,0.014841990364952729,-0.008574833456818257,-0.007845079003668202,1.1829954097642175,0.00855752283956936,1.828406608241903,0.9330888023847587,good
42.66,0.020793727299137987,0.03521093164455716,5.6467578120725154e-05,-0.0008737389212315478,1.1555075356096325,0.02535756406677133,1.833750765854948,0.9440834302917978,good
42.68,0.005584128437056445,0.010786836576967818,0.022029247783553016,-0.01977421391974572,1.2820131904789795,0.01758124821026491,1.8652684405611137,0.9155536771875444,good
42.7,0.04420559404763584,-0.005765242716969899,-0.014799604650374339,0.006731009248585038,1.0882945335373886,0.0053396535738332454,1.8150183417757753,0.9047660482394285,good
42.72,0.040493151530571675,-0.006928405751440826,-0.02072146799564863,-0.011563645443974235,1.2961378516513102,0.020387272844512302,1.8399836984371825,0.8487744033320463,good
42.74,0.008738882585739495,0.0027227621899671016,-0.014839943004771079,-0.011133838950485038,1.199850150915613,0.017436839943041214,1.8172827663854352,0.8454007943625116,good
42.76,0.031320409943352015,-0.02286833559680629,0.006359180274587981,0.01264183083561172,1.263806631802217,0.01765030610826063,1.7776150973603544,0.8590428251146148,good
42.78,0.013463924167189445,0.0026723522775500895,-0.02518550200439815,-0.004011108514445865,1.1525773407312347,0.01632652572833939,1.7917866121390111,0.8495993813166519,good
42.8,0.05297187112965503,0.005220096858371784,0.01474116858310303,-0.018180634483419868,1.1687878066064943,0.021758018922515995,1.8312003647715291,0.9130382962235936,good
42.82,0.009575530846502303,-0.006877901115450334,-0.013674423895014986,-0.03612976556304478,1.223707781868314,0.025718165005883708,1.8388485193150979,0.9034661297634661,good
42.84,0.0364040942456156,-0.009549806378676041,-0.004822704861272423,0.005831717371026612,1.2008453688694551,0.015426091381626124,1.75708425211459,0.9077203585328073,good
42.86,0.026935867275029647,-0.023471057847363926,0.002401237274592384,0.014150879061046867,1.2131331939331877,0.0,1.8127873459437758,0.8421239425023463,good
42.88,0.02252188828541028,0.010282158041460671,-0.02041896874256469,-0.02792222529207927,1.2449830111553308,0.005747212191581392,1.8465569785516092,0.9690641070795308,good
42.9,0.01963710931574393,-0.022739049020604207,0.006843750555578046,0.005876555627477997,1.2988377536972084,0.014383087890627786,1.8114362964721935,0.8925750600021692,good
42.92,0.05350321991911249,0.020731291114790894,0.003122447670216586,0.007366528214787112,1.2230775475141547,0.020049976302420364,1.8963052730228798,0.9716395398814724,good
42.94,0.014309035588719946,0.011993655493227189,0.009105578009716935,-0.03511516106821194,1.2205690040312691,0.030763808173071307,1.7948143409351234,0.9577330235493278,good
42.96,0.05159833450717956,-0.02504476385816244,0.023513681207391925,0.009095817505611153,1.2224679446274858,0.007020097929995324,1.7952141176042826,0.8787799244524034,good
42.98,0.011613720126504383,-0.014919672466562481,0.010696168743437462,-0.019670789166375678,1.1573523263664605,0.017290333578631217,1.7894182872206605,0.8754780888341387,good
43.0,0.024674355986397504,-0.010955136285221755,0.010980074669405836,-0.006401145379952182,1.2028812587755227,0.023160980891280603,1.6807557600412348,0.9316883209137128,good
43.02,0.009038098902251683,-0.008270549609819154,0.0053342533367581185,-0.032321553005411216,1.2163458601391195,0.012339739441644055,1.8215836907755385,0.9339241560596588,good
43.04,0.006711876998374464,-0.00640145143045756,0.004215711465275213,-0.002510049013720742,1.2207889365823026,0.01262479509958545,1.892917648313275,0.8177158855535719,good
43.06,0.006222789576311863,-0.01956055974465799,0.006588350584216721,-0.008277340348704249,1.2614557889315456,0.012372464317402035,1.7792030431154544,0.9248384168438611,good
43.08,0.001731083826584216,0.0038880025705530412,-0.0015231172228016515,-0.0017904241695786865,1.2376167867730297,0.013939185802155436,1.8117502189933172,0.8991224491045238,good
43.1,0.05606592980430667,-0.010214476895723851,-0.014463851219648344,-0.0196328829636774,1.1887392217827153,0.01910448030260225,1.8019723944387422,1.0006372480496264,good
43.12,0.015262915585950726,0.007728480042017953,0.021855733757436848,0.022779910696113927,1.2116203532287244,0.01906621421836146,1.8159265722746658,0.885561920854376,good
43.14,0.03611689148741293,-0.0012319404815164933,-0.007259757614383291,0.008569867657369782,1.2138889475149872,0.018560081081128315,1.8039594707510649,0.9563112108214576,good
43.16,0.019103013633048248,0.024538640822459264,-0.00028513353355897974,-0.024316678326361356,1.195663782162531,0.01714257822388402,1.8464008503664733,0.929207460784039,good
43.18,0.023652514964494872,-0.0012012440262936061,0.005206933288721144,-0.023740282230506348,1.1459816464041703,0.00863998280635322,1.7705043884569278,0.8700519778499164,good
43.2,0.031160750449432107,-0.014950063943240948,0.016209055415832587,0.004986578434519412,1.137033316814561,0.012551756885811637,1.8862216639598255,0.9292024724923104,good
43.22,0.027857399261589845,0.023601359661561853,-0.013666675781385928,-0.0007173940703238589,1.075760355866831,0.030887696613358263,1.8076949692222408,0.7962730682376897,good
43.24,0.03416244227553513,0.02834945045427429,0.003247578765929614,0.004990901532274124,1.1627429149543835,0.03825787707183395,1.7774458785933676,0.821502277331754,good
43.26,0.02909691199943857,0.01968402792534826,0.006922846457884352,0.029268536482065885,1.182189891275207,0.0332555821784344,1.8289040038298934,0.8642077998945229,good
43.28,0.008395841698445773,-0.008743596482518538,0.008859414575968795,-0.0030314796491523505,1.109175405572344,0.03173799475719907,1.834311679071944,0.9388976446597332,good
43.3,0.023722546979193296,0.0174673354332705,0.017362083435544302,0.01899840822588079,1.184504911832644,0.010021275237720402,1.7601976817486549,0.8810292012707489,good
43.32,0.017779241741259905,-0.0023490204880536746,0.004327009302881221,-0.01617034273195631,1.2062182064706481,0.030364607542353737,1.8526850986580041,0.9036920304401019,good
43.34,0.02262180747313943,0.0013552816923209658,0.015951364420384577,-0.010064988416035744,1.1876515979220637,0.006090647423943598,1.8198819013242171,0.886294582063589,good
43.36,0.025006881102529365,0.023372914969348044,-0.0024706002632570822,0.027407636302136367,1.231755047661092,0.00613620515767304,1.796487735128658,0.9559022334850086,good
43.38,0.04591722609436705,-0.005758240397391239,-0.005463641617367182,0.01596250949248501,1.2850756444126032,0.03020268809786313,1.6886298787356373,0.8828064665087344,good
43.4,0.017688692848081576,-0.002437672171551407,-0.005266888663537113,0.006251896409951934,1.243226228499109,0.009740446467398467,1.7789465135001294,0.8589049578045745,good
43.42,0.02622853920016765,-0.018063758767937248,0.007327106292152324,-0.0074961894048998475,1.2755005582318617,0.026162925775799716,1.8735342255885346,0.9046095486982939,good
43.44,0.01350044693426567,-0.011120573375931198,-0.0008019582477473982,-0.006794161840985618,1.2548737201965863,0.02615659055282153,1.7371552890314699,0.8605710053229407,good
43.46,0.030810897954488815,-0.027277711548674848,0.003776170762941705,0.002630927894851993,1.204757341624155,0.014084886619267371,1.734126620968419,0.8968378649379682,good
43.48,0.009959054799040504,0.0037275220496246412,3.6778874236124864e-05,0.014436125037232987,1.1230563655310655,0.011851749467814355,1.84136075258612,0.8694291430945394,good
43.5,0.032763853621085304,-0.011826304947378873,0.004424510591881264,-0.00024872768509050567,1.250996703780808,0.01485989933491706,1.7726203827749203,0.9116077674135781,good
43.52,0.029718373019594846,-0.006614136637592818,-0.011970590047014965,-0.01498711766384779,1.227186081112986,0.011770634179069922,1.8211423420817578,0.8815568018285848,good
43.54,0.000529106595233357,0.0031117515451937515,-0.023997784856544215,0.005982626797833332,1.1882805732107873,0.026841472938653226,1.8051161677559604,0.8143430833571846,good
43.56,0.001279522258291143,-0.0015457175860922499,0.016053467211826225,0.013285850181371808,1.2220255280661294,0.016537243430185977,1.7005238721908582,0.983982448651933,good
43.58,-0.00346640417289729,0.02116785865071527,-0.0017313289961325411,0.017689436384187667,1.2703544419820645,0.028056603943285453,1.8581198354894208,0.9623958021442226,good
43.6,0.030282732617677704,-0.0027366995279418578,-0.02097263617599943,-0.0052764776150843315,1.2745197826812595,0.04520092979152424,1.7841426390308053,0.946481615286268,good
43.62,0.006269018630213891,-0.015341559335516692,0.011495532973523515,-0.007104492970591681,1.2111362261871688,0.0077219474639568155,1.7581098424166062,0.9734539837168373,good
43.64,0.005667225094386636,-0.00027801407864730165,-0.018696991172684807,-0.01584110108025801,1.1853434766281845,0.025855746848985717,1.8213153443109718,0.9186208923557432,good
43.66,0.03932740547089059,0.004876826200037781,0.00370640250135377,-0.02425408530563924,1.2070184492677136,0.00977511382691725,1.7492778733726282,0.855160667825135,good
43.68,0.005961838605945063,-0.0014732537561303616,0.007171751471217486,-0.030341584787058146,1.1821251199032996,0.027203071159949202,1.7992562811414494,0.9712386620502098,good
43.7,0.03562579671188897,-0.0009153104448132369,0.00713144552889923,-0.01194824679820158,1.1177700782375934,0.025683204215632558,1.8466625859923727,0.8394291118344849,good
43.72,0.06434302987669609,0.008391306124595271,0.008704922873721838,-0.013493461860501736,1.1864608753018433,0.022255270861792652,1.8126256605080928,0.871505050970243,good
43.74,0.05431072148538636,0.008728011206768674,-0.006595164364587657,0.024924708278636815,1.1950698936320332,0.02858582806469628,1.8529990557833402,0.8842098215926124,good
43.76,0.015523235503254785,-0.012394444734116744,0.007941975168008195,0.0004975539813854498,1.1905195971652458,0.009896381442323575,1.7946376683824092,0.8674495494150433,good
43.78,0.03741735856142668,0.006126438978024157,0.003221454448738294,0.021527401079372132,1.115154113715253,0.017463467928442642,1.8796804429748517,0.9234296080885984,good
43.8,0.025009011463008102,0.009794983714173847,-0.003783270204650525,-0.004006260513992443,1.1305031819351916,0.0062150330957928416,1.7566207144103743,0.8641586198721614,good
43.82,0.040568643864140254,-0.007149030074966335,0.016354727440110094,0.0034299864472797544,1.1482663750211721,0.0248702918520615,1.8086282870771813,0.9101920036533427,good
43.84,0.013587598515401747,-0.030112862019433695,-0.023442139544640864,0.00455100420449009,1.197623377840639,0.020734732079033515,1.9038512709300055,0.9055086851217441,good
43.86,0.025036459606267478,-0.0012541420296170252,-0.0343886983407595,-0.013834127246549624,1.1652746771712545,0.03525414207262937,1.719391774314847,0.9365302243631304,good
43.88,0.016587174828901385,-0.0170021992707364,0.008763020323893847,-0.004569159614534949,1.2151943419351277,0.009651818547227926,1.7711487057492095,0.9252034596639959,good
43.9,-0.0022173132884050904,-0.011619964635528748,-0.024857885551700154,-0.006643798661972059,1.1464847105147948,0.033168334102371994,1.7487407716130074,0.9701749900416711,good
43.92,0.01847924034851613,-0.006411853024778476,0.003907907872706386,0.028635586380942598,1.1686290467452838,0.01912027245240923,1.8276587030434177,0.9378724688323453,good
43.94,0.023141180963697147,0.0010097287100426572,0.016221047009224134,0.01563319327084111,1.1989051137176823,0.02791915372790475,1.7963011064215142,0.8696066940503121,good
43.96,0.005601256103343737,0.004055157158100608,0.015266690462556099,-0.007004550013859071,1.2906266710434189,0.01228620834617439,1.8113326220966546,0.8897659451885085,good
43.98,0.00941578434114676,-0.00020242479687197396,-0.029859702107829515,-0.01050733670341267,1.2334814507412402,0.010682849727430352,1.7750771961451595,0.9524845540693774,good
44.0,0.023472057689719307,-0.005163275402402326,0.019501809717380837,-0.001507619067832076,1.187562469479123,0.029974541273430657,1.7789454825783044,0.9536078554798418,good
44.02,0.004890398723900117,-0.015122025776897084,0.010559804174298654,0.021009460668725215,1.186339622816836,0.016235088649275628,1.8327300667308322,0.9066788823023753,good
44.04,0.03952506701397479,-0.009274747438409767,-0.006009196936949158,-0.00680286313697748,1.2236911450586436,0.020620505159518663,1.737560425704364,0.8519105419601337,good
44.06,0.02534766647666319,-0.010179901263069719,0.014199886410201938,0.027595875055979747,1.2426100021272355,0.003279057075779295,1.7634058221655093,0.9239332419079935,good
44.08,0.026534161450391284,-0.010950218023087028,-0.013270471379572605,-0.001321820024487889,1.170272823098584,0.016339919742669386,1.7531200883544908,0.9483782489442822,good
44.1,0.005111502732217808,0.00455899525429887,0.004631349224997275,-0.007200316497495268,1.1453632111566734,0.02408992908161889,1.8313368503722585,0.9302653996253222,good
44.12,0.019110920099517238,0.010534591971997733,0.00038630188685858784,-0.00012603090660832095,1.3018237983070748,0.023944859914338958,1.8233007597987876,0.9350791416552157,good
44.14,0.007555362982597093,0.03006938154050193,0.006424386677846166,-0.003646399084987231,1.1336835581972682,0.0,1.6686483092158324,0.9006172714283394,good
44.16,0.009459030160972319,0.011972805407036123,0.007479167055962534,-0.011910318266411651,1.254499306977134,0.00971637149428096,1.8726497156010045,0.9578898803361056,good
44.18,0.006095964518473341,0.006643166173713367,-0.016771976610626432,0.012886377928043244,1.1132514933069708,0.020703627780621122,1.795395980480251,0.8882661482267954,good
44.2,0.02622012090710934,0.01917427369603142,-0.003821997476407966,-0.01640836210490823,1.1129014801548618,0.002437408742859879,1.792945542442439,0.911980410858406,good
44.22,0.02457039288740568,0.0018664338125734842,0.0070892128556731574,0.011358870709109603,1.2125657940716774,0.0034086122293163325,1.7214919433871227,0.8128991303091626,good
44.24,0.020637537160613936,-0.034536907841374226,-0.003105046616699877,0.006906664240652225,1.2456042155668823,0.019276778154583785,1.7838052577743924,0.9053347608824811,good
44.26,0.027245476759743394,0.01490181809303892,-0.007917740482508318,0.013338377863200425,1.24846127181973,0.0,1.7835926012487509,0.8970990387254433,good
44.28,0.034658369042115285,-0.019606644281250547,0.006847279937746071,0.00687611651791816,1.2577406127427908,0.01570458305871512,1.784694114795458,0.8652016760247746,good
44.3,0.03880526834042691,0.005690417227584095,0.004163599880635443,-0.035940137028791966,1.305877532751591,0.020359479594116107,1.741003557544301,0.9787369793279448,good
44.32,0.0391211158531647,0.007731143927347698,-0.017040583380309886,-0.002038898528345395,1.1573701340482963,0.011345861414644977,1.7951405234229902,0.8794670155295345,good
44.34,0.0014200856444728576,-0.004182606612609751,-0.011878716702011566,-0.0027632606766918467,1.1748343793495848,0.015855739087877584,1.8185407461072471,0.9061341414776161,good
44.36,0.03158511375384519,-0.01648042949037475,0.01154276865356441,-0.009896075924877385,1.217879523392521,0.022734638660702935,1.8213082374658385,0.997197896044955,good
44.38,0.0058055672776229335,0.014620616869597142,-0.005844363336597148,-0.023012500803843275,1.1280126932815207,0.037806905528005724,1.8140052927673729,0.8155461796378467,good
44.4,0.008303874866246381,0.006948881140585378,-0.010611792490913697,-0.021744582738053023,1.2918729829175926,0.0004109452410922643,1.7436052049161541,0.8635196468927897,good
44.42,0.008139344796618183,-0.013343913940391144,-0.010793917714679439,-0.005857092951163271,1.2562769058439327,0.010425798803115198,1.7483942023969998,0.9023559620811803,good
44.44,0.01915902811545183,-0.02278391824284585,0.0035090184179926323,-0.01789512481856305,1.272024029711794,0.023289934440420153,1.7946781860653775,0.9305772967502256,good
44.46,0.02436173641859837,-0.006702117659466705,-0.00016006442366549731,0.01117543552833054,1.2306524107323724,0.008670768030026988,1.894520612600935,0.976154027261676,good
44.48,0.011118654883290342,0.0015223212926399397,-0.02682858340194897,-0.00962039666379455,1.1400754491437566,0.03332952373460688,1.7340245707379571,0.8142482436322953,good
44.5,0.03824250291588483,0.0011204986026779468,0.005051255143620951,-0.014114823539646708,1.1233610346517846,0.03291697148806178,1.8092740970049093,0.9205278117551182,good
44.52,0.02657720025630314,0.008386256606740866,-0.008031962973639605,0.025928909202008608,1.2800750167270538,0.031101898995490384,1.794499046335442,0.8209961915379941,good
44.54,0.03737036039557407,0.014200792678143549,0.025791243334566467,-0.011991910263541492,1.2125847186181864,0.020361367204812873,1.8072627865022606,0.8095327975773499,good
44.56,0.013644987374646833,0.010341493766741329,0.014840036900248023,-0.0029941154359504583,1.1740064773388146,0.01912130635266661,1.812628695278759,0.7828623822170857,good
44.58,0.03700625639379227,-0.02304934130440944,-0.02854925595261094,0.013927903283033423,1.3327929727450702,0.02995212425966519,1.8329732953482711,0.9284891754854168,good
44.6,0.009370373670154674,0.0016148980825970325,-0.020517094486218492,0.007374698273297947,1.1843489018474511,0.030838618471356716,1.8236287020196893,0.9148197336499784,good
44.62,0.03714540936907373,-0.015520813549693589,0.006649241324234936,0.022875802966948414,1.2782776915068486,0.0172799720698676,1.76559831198247,0.904291476466787,good
44.64,0.011813891731870337,0.0056371487559396015,0.00127899772664952,0.013477823569111974,1.1168162568654012,0.015974318012983352,1.8302384825987321,0.8851380480901084,good
44.66,0.017898492242218254,-0.006069604318520147,0.028222240658789775,0.038629273270915664,1.1472457407516619,0.024256202202479402,1.7710421532259546,0.9011984208564472,good
44.68,0.0298465491367049,0.01937120766658852,0.0044786102444350434,-0.004242132102675772,1.1581316686889906,0.03051804909230824,1.7603858236013465,0.9414475996046427,good
44.7,0.01202564834879819,0.00927329008802528,-0.0036135565771954373,-0.00989595382532157,1.2249569906602005,0.019210626836462377,1.8338714304006096,0.8555874717580284,good
44.72,0.008981471773463454,0.02078394230198577,0.023513875319235922,-0.0017049896588413173,1.199184787150213,0.03297550018473898,1.8364012303967159,0.8407829373765461,good
44.74,0.017780011503520075,0.006923220094737866,-0.0025729531528897653,-0.005384062148768449,1.2029252166604782,0.020370053641555634,1.8199012695846857,0.921377596243948,good
44.76,0.008181820709035451,0.0014789416881262167,0.013438849765431927,-0.004976705840290379,1.1771116009334004,0.023511858169523874,1.7410857075165083,0.9366448154214848,good
44.78,0.0578098177818358,0.020063248659404943,0.006827687694866179,0.00041561691518154475,1.2542525889252794,0.025848246156616284,1.7323755702477546,0.8750813665368269,good
44.8,0.05876105491387761,1.7122116328527078e-06,0.009444619377567822,-0.01334033384556795,1.2647115958278818,0.003963629593808944,1.7867295105689478,0.8771211444884631,good
44.82,0.0061662608177270655,0.006546427692142801,0.013554069461334107,-0.008420397601285623,1.263912363038887,0.0308387302510102,1.8085879112624068,0.9266814843284641,good
44.84,0.042040138938894786,-0.020363841041162654,-0.02263198664465009,0.006262044083906941,1.2201153586892721,0.0222800229535501,1.8087727867293768,0.8254918154857834,good
44.86,0.021068964236441886,0.015413945339305428,-0.020151028673747573,0.016313509159236177,1.2387027918481006,0.02691454787012076,1.8585385300520756,0.8255582726013732,good
44.88,0.02425521192535205,0.02431864102718464,0.008759444107551011,0.021638239681063126,1.1244641136890245,0.015618624549093962,1.7618910622541133,0.9195827631178922,good
44.9,0.011818910647920016,-0.01829297231391878,0.001587230665596389,0.010525866551933053,1.1909264350312678,0.019303913938813276,1.807912053111157,0.911082632756857,good
44.92,0.03025212619097581,0.023595571927559175,-0.008312076471802949,0.008959640161910804,1.2096249063311464,0.015182736790375684,1.7773559992955899,0.9798955660636315,good
44.94,0.02285778243598336,0.006333635632704817,-0.029336514348921375,-0.03332669377207346,1.2893447096793689,0.013341620542933159,1.8570876234381266,0.8698640860623569,good
44.96,0.02187432587260818,0.02120744561444913,0.014617002513273292,-4.959645218357103e-05,1.2526783583354222,0.01133230175395226,1.8610733829662323,0.9071882492939615,good
44.98,0.019372591683225603,-0.019883946779960793,-0.017760154827016143,0.00046924940112872223,1.227634926941603,0.022737563042639762,1.8116139994140357,0.9641816522772348,good
45.0,0.026189484689731753,0.015231715681621334,0.005081765449499076,-0.011536364411006162,1.2253938649850467,0.027185579531240785,1.7866397171794974,0.9766995191321716,good
45.02,0.04051781302732128,0.008925592288208273,-0.007740657723475915,-0.0057198863622131115,1.2027381373978019,0.021599888949931957,1.7677445463856998,0.8343670141378271,good
45.04,0.03273234649893394,-0.033640714735726954,-0.011104068088172782,0.012743816487719538,1.172508091583285,0.02463398354390034,1.741027731041159,0.871685713308161,good
45.06,0.048115638605312476,-0.0006900265862534366,0.0016645684783047135,0.01653611747394197,1.1372666769055864,0.0297804549054675,1.8342838177211098,0.938091833163746,good
45.08,0.0188514849278245,0.00654716719836066,-0.013035249048833105,0.0033973005322565602,1.2544451107193126,0.02206958530891321,1.7829374316761737,0.8863449912660215,good
45.1,0.025406084726215052,0.0015539217086998813,-0.004905307422756342,-0.001813464930163801,1.1609617438281714,0.018704200533458216,1.7341220731872748,0.8934482625005842,good
45.12,0.0479527923592247,-0.019371538563067333,0.01547463780723181,0.04508799524320156,1.298613249347709,0.025620469555738597,1.8174210746135089,0.8258603536443854,good
45.14,0.033455997134319036,0.05186953323589605,-0.004588351441984346,-0.02403315850417667,1.2059822745085647,0.018588347692720567,1.7972626469787079,0.7765650507297172,good
45.16,0.044732899303104125,0.001546938342904299,0.019531060731691193,-0.014711937804304605,1.3079517523525988,0.01975826906760228,1.7991182402267871,0.8424371194614695,good
45.18,0.01053499878995498,0.008951668353442877,-0.001555325673788423,0.025585918872602014,1.1867216373689367,0.02376131980193422,1.8423693597670259,0.9211290570818518,good
45.2,-0.009199317233737722,0.018511338450417223,-0.002418344659271616,-0.015856647171467144,1.2054131973102193,0.018594578059844765,1.7712737388261401,0.9283867719416334,good
45.22,0.03454150481414217,0.02106105918375253,0.002516956156094278,0.00453905956931108,1.1296928972040539,0.018230257221856963,1.7805831999119233,0.874522469809467,good
45.24,0.016611869447773518,-0.009160270609907794,-0.004702884040502004,0.014793540918233454,1.2076629489302244,0.012078552059786064,1.8606242605340877,0.8743659289717077,good
45.26,0.03655623331451745,-0.01623610689428418,0.016692569818520377,-0.025034177752997742,1.2258349640641195,0.008511108439481477,1.8552803673055955,0.856459803766367,good
45.28,0.027719017682181237,-0.009623748813067979,0.01354050837918788,-0.009787373768964162,1.124417031299576,0.012188041084388427,1.7850083968727581,0.9177289355932278,good
45.3,0.007206151579484247,-0.006257804819142409,0.022456304925901706,0.006878511486924956,1.1998508444756277,0.022665614625260656,1.7870016557659774,0.8699794385897707,good
45.32,0.04880350066134476,0.004242878391761372,0.020608656632167644,-0.0014554442679503732,1.1581106472925067,0.025417065300338933,1.7835971982354444,0.866567405864267,good
45.34,0.014563325218364918,0.014105638063213752,0.0022229344771202033,-0.01761865960885602,1.2105031357619,0.014957367513120831,1.7647266232948493,0.9777822093777926,good
45.36,0.03887467809823999,-0.013666554837560652,-0.00047835900282596253,-0.0061053174887098815,1.1681149017309944,0.009964843230251498,1.7699905524357282,0.9558523289291945,good
45.38,0.012445957786585702,0.010033480426663181,0.03208806544603249,0.01738570389509236,1.1832860423049623,0.017725252811641345,1.8714987254224529,0.8299314330020993,good
45.4,0.008721376506430675,-0.005608654735520589,-0.025012383540779805,-0.011373990303719562,1.199580291967549,0.027752520421942057,1.847630073283801,0.8632151475739219,good
45.42,0.042800058319306694,-0.0006524376532213991,-0.014152045100416257,-0.015325567941884152,1.1798374406080732,0.0,1.899008951865699,0.9353097632995853,good
45.44,0.0051017565956243,0.01259071854891476,0.002328000292920834,0.007612233160997344,1.2181030185020345,0.005847622807078661,1.813372821858334,0.8992849258225755,good
45.46,0.01873060607087506,0.026566372276791848,-0.014824328021251028,-0.009909524229791177,1.2079859812184541,0.01629774341991581,1.7859624258629023,0.9466886297539748,good
45.48,0.006060001656460992,0.011890081500607351,-0.009096596556625588,0.002765968412229747,1.197459188986326,0.015799778183962606,1.8515446219012106,0.8874984600310083,good
45.5,0.005961708255249091,-0.0001736168584781364,0.001929298581526975,-0.03244308530845501,1.2239310988703462,0.010414839492555101,1.7329679778024107,0.799528910900827,good
45.52,0.02319917971328137,0.02819394355719047,0.01941545187668512,-0.0025896217806367036,1.1799348150925932,0.015365952123607467,1.810815291237233,0.8697601599587078,good
45.54,0.016451679891994735,0.02111663276092322,-0.017976164889113456,-0.006016388020081897,1.1909637866391334,0.0,1.810747248047825,0.9035238458886697,good
45.56,0.04394615258688625,-0.013920157743540648,0.010220211129567558,0.006451105404883657,1.2511966776959114,0.007955350160401546,1.827811944674489,0.9050620394788339,good
45.58,0.03764438836071101,-0.012002653897279742,0.004117952051237017,0.0006796554999600217,1.259185057959114,0.02550155942278636,1.8677885636108265,0.9515947395101871,good
45.6,0.02450102743408231,-0.005522923763083295,-0.006354375225714055,-0.026885595765187523,1.2039182632864818,0.0218174078291082,1.9305245637468231,0.9277248960834297,good
45.62,0.036257989796164444,-0.0015783500163106087,0.008309603956589182,0.02756173152628931,1.1083371302632388,0.020524126569169437,1.7346705097806911,0.8079965803133778,good
45.64,0.002788028086550763,-0.025153803038087865,-0.01891379697979356,-0.001406069636008686,1.2342354353101608,0.030543121158637436,1.742812611418416,0.9339772890337227,good
45.66,0.008850535330007833,-0.009254928767761666,0.008783889191749751,0.009387828642139663,1.1993471142058434,0.033599659565667225,1.8540631979932227,0.8456014229942886,good
45.68,0.019558284727142192,-0.0038472051077867017,-0.011471766930613225,0.03805061991917765,1.1453901512129296,0.006620277773032297,1.8685218932095777,0.9250540418978492,good
45.7,0.002786996821362002,0.011815730134485421,-0.01340898520890515,-0.006508081021266786,1.2231812189787812,0.013742562952738468,1.8150098564803399,0.8478311680348058,good
45.72,0.02017627719082425,0.0017540871206298571,0.0018225413232856068,-0.005944623106837629,1.1447044891643692,0.03153461282752811,1.9158112782413526,0.8995157580052939,good
45.74,0.023988017602370168,0.013892589794660697,0.003367885817840587,0.017898650303927132,1.198891219100475,0.029821714307940755,1.8427863349466824,0.9145726859265906,good
45.76,0.02948040495617637,0.00784793189872564,-0.007058696127143736,0.001040563875465275,1.2207242792647632,0.017095325262653525,1.896702784203481,0.8003722647121251,good
45.78,0.01165674331414204,-0.0022718589816744243,0.02231354251879724,-0.006466383633257919,1.1860059544409995,0.024662727172605522,1.7544693055459861,0.9205827878522735,good
45.8,0.013559589594353424,-0.012027645913163132,-0.012176527278186413,0.020166686221582495,1.1839091332164802,0.01672682220567913,1.7773358753091393,0.9107095595507368,good
45.82,-0.00028634196723239505,-0.011156669639434937,-0.005154332430035499,0.004494639385640808,1.2088076209246585,0.03553688071155479,1.8021945772025945,0.9336973978370948,good
45.84,0.012749530097296636,0.00625407244157518,-0.01513730563472188,0.02113242381446298,1.1762427264590871,0.021733424796504523,1.7424550730879969,0.8733121515757292,good
45.86,0.039303582991725226,0.011431848205231375,0.0005907726878396478,0.016460566200913202,1.2692626546172556,0.0,1.7806923341386438,0.8307401673492462,good
45.88,0.0313663362864891,-0.0072998794734072826,-0.008988826771173396,0.02202614319213498,1.1669183732625976,0.027833480889661512,1.7811158987554534,0.8467363012911483,good
45.9,0.0030989817446400343,0.023675780050867446,-0.009107766663911878,0.010378535915398805,1.2486909681210443,0.019887126904632048,1.8445888323988315,0.8500792213427756,good
45.92,0.0031679101425503508,-0.0013496323554500122,-0.003288584216836724,0.001201107212782724,1.2903318791096303,0.016522319011586094,1.8230521155789938,1.0205240653051186,good
45.94,0.03365779474906317,-0.014269093797156317,-0.0004297772078983974,0.0004423090486823805,1.3056700902191052,0.022913816409605166,1.8156166924894046,0.8367471177715824,good
45.96,0.016241190797244683,-0.0011744102554225825,-0.0012277601216684438,-0.0065506720750452335,1.1996679652670288,0.01161026451683322,1.8329726163611235,0.799377306990652,good
45.98,0.014331621650502587,0.0007471077862213184,-0.005296180661211822,-0.0033037367816822634,1.1707889578210144,0.0,1.8527236457824925,0.8772800936034711,good
46.0,0.012776323098232545,-0.005752516318242733,-0.00335682352358202,0.005547190083837822,1.1632604841293508,0.0006790268083500406,1.8633773084825536,0.8454076865714993,good
46.02,0.011082205728225124,0.009104008242066537,0.014980265222127104,0.02383610024378227,1.1482549348682074,0.03135399984460333,1.8614677069922492,0.8873019720422826,good
46.04,-0.009858484985043933,0.011592825548560478,0.002839023915494972,-0.019093234894365773,1.2211855258560584,0.022409304840962468,1.8738174881125358,0.9341806069102775,good
46.06,0.014651723370886471,0.01981587040495533,0.006062838969601414,0.003737231599588788,1.200945816357489,0.02636641147875912,1.8058078330523728,0.9077160414165676,good
46.08,0.028713497384187162,-0.0020015633519677406,0.005787647368933903,0.01647913241958866,1.2344966544789797,0.006320951807376083,1.7338449970410008,0.8375715553611048,good
46.1,0.018620652385131133,-0.0045000238763399,-0.032079752836729626,0.020322459860880868,1.2169549276887561,0.041842114794215644,1.827076823633427,0.8989575259606593,good
46.12,0.018993986194631444,-0.002886698564281137,-0.006333273337004357,-0.008868648673200658,1.1850552033698845,0.010282959584721772,1.8242275179067833,0.8637951025331687,good
46.14,0.02171790286525286,-0.017954723316680576,-0.006401314694884327,0.014123793028326294,1.2978903297284379,0.006483597474627987,1.7898536485843595,0.9100456820583174,good
46.16,0.012464632065904507,-0.019672529361856546,-0.004237769880631514,-0.0036137984572579543,1.1946053408027228,0.012053611653595147,1.742716315891056,0.9452178641658043,good
46.18,0.021743083023255744,-0.015191609189426365,0.006501274618350062,0.00435969961795453,1.1388502530618898,0.023526694946535386,1.7564310489698798,0.9891922342797684,good
46.2,0.020201270712669323,-0.005464673703396583,0.011317534856538575,0.001269081847139081,1.2802187753860397,0.028348510148706627,1.6715438393368245,1.0099514663875382,good
46.22,0.012098859860168846,-0.0018292868420049608,-0.01374647304543131,0.00964265082955473,1.254245395025574,0.027761139020885423,1.863506919906797,0.9108846336585184,good
46.24,0.03486414723738852,0.013576686692440066,0.013207286889617377,-0.0035987039663070227,1.198239473723372,0.02454420227921225,1.804455633836125,0.8280622749961459,good
46.26,0.018188628043206295,0.004649844414489898,-0.005158402824875971,0.019654816849350193,1.18764875733159,0.01909178044080775,1.858752732367389,0.8074847859638679,good
46.28,0.03647216282426846,-0.011054129071628352,0.013163733770003171,0.004031766558077834,1.1618728409939334,0.03271122846727072,1.8563497467686296,0.830736309790764,good
46.3,0.021071038265438345,-0.03874464593898496,-0.0212602699863318,-0.002848084019438333,1.1808553720216926,0.00784427290080175,1.7899833833195085,1.0590135912849357,good
46.32,0.023115361501124053,0.007859210362132513,-0.004148287799592491,-0.0048693036113633585,1.223833453346451,0.023798389625633697,1.8281811810608677,0.9266419009570698,good
46.34,0.034773904036436015,-0.029836655243356883,-0.006370970483576061,-0.003720737489058634,1.1349539749577637,0.002038157499763711,1.7770283071339206,0.8007782455110954,good
46.36,0.02713883378451266,0.007898283894628126,-0.01065220453478342,-0.02061401890598993,1.1216085817033459,0.0017692657023089776,1.7779977436238925,0.9441316488098592,good
46.38,0.011504737711940048,-0.005413054191457651,0.007057780481378438,0.0051176412140156655,1.1432546943029986,0.022616489842953256,1.744353884038718,0.912322749138136,good
46.4,0.0046028626353576,-0.003262364560813757,-0.01576538456092887,-0.0017620687450808376,1.2072780352119612,0.03554652918481923,1.8023248722049614,0.9594746377486674,good
46.42,0.005044879274712043,0.004100131734579664,-0.011269936159971978,0.0026979565898725675,1.1682461871875944,0.023455409060193434,1.6979583429389662,0.9043154508569036,good
46.44,0.02918716235103871,0.006333575723678181,0.013822125115569416,0.011162037036416553,1.1398650106761394,0.01929978107543845,1.8234217268344421,0.8879783328829596,good
46.46,-0.003109616599583867,-0.020496058029979777,0.011540023465609603,-0.015666666464389273,1.1898770676161965,0.016879684854608203,1.8297882636577152,0.9354503338935972,good
46.48,0.007347999370051846,-0.006991843384843547,-0.02895134797561043,-0.011990499439412319,1.2645186484280029,0.03259597212141716,1.7336294146876954,0.932320630368646,good
46.5,0.02635035012230777,-0.036576048131354226,0.004148657681833,0.005371879622560052,1.1648234049410253,0.030852844937415646,1.9111083493125998,0.8187788221645791,good
46.52,0.02208162229085515,-0.028889877331140842,0.0002854283854529295,-0.008723281791135377,1.166600558125833,0.03492734401128695,1.8729372057329003,0.885224357885312,good
46.54,0.024619826103607922,0.00484760914335015,-0.0174520635933358,-0.017561812068679707,1.1344103555157163,0.01619951334336739,1.7488518374292907,0.8824551482379722,good
46.56,0.005008477718646728,0.0014149188272200939,0.007817902138590398,0.03013806222209434,1.2155911392674612,0.017239249975407916,1.7759939435085241,0.9203932259461634,good
46.58,0.014381926263971846,-0.006996582346050567,-0.021616726828023194,-0.011936498749473272,1.1800552659823667,0.0022281226682859348,1.733599127463446,0.8854265459392269,good
46.6,0.0030335059580598187,0.016854250029298908,-0.014985732948698174,0.03824482579936247,1.2046840254582554,0.032272991589731674,1.842590807606181,0.9817916373985356,good
46.62,0.030664391570373522,0.012621414350884194,0.0006563373551131482,-0.018284057374294,1.2195981999973378,0.019839869445714316,1.7475409481718651,0.9061078931087163,good
46.64,0.02505183866058153,-0.01888521877199204,0.019632371793315305,-0.026877406858781424,1.2590041657692432,0.014444906497253088,1.7464609065775198,0.8889772170403506,good
46.66,0.04689504826821452,0.015273753401642205,0.018367119519786645,-0.03698127319827708,1.1152946405354072,0.016577912191775113,1.8587997734801887,0.8793745629232503,good
46.68,0.02992550205899988,0.0044693398319878026,0.004947067705047828,-0.004169514619391273,1.2402216353868019,0.0297046708408945,1.8857995222388906,0.9130741976247286,good
46.7,0.04965226637923603,0.015074613441254261,0.000959961308351368,0.004990395185433582,1.0691502976292035,0.01907094710019962,1.8736804076371456,0.9313754448232044,good
46.72,0.018141810978379455,0.005159451179425284,0.0032433085121663127,-0.014893643939863688,1.2426440289693752,0.009665548483146024,1.7869762785294607,0.8838701338961098,good
46.74,0.030476797866911678,0.003651665165276892,-0.0240548280457146,0.0045414989248487555,1.1016108116512502,0.03351630967565454,1.9516480146299053,0.8594646574483699,good
46.76,0.006730223666590146,-0.03194600710319677,0.0077500462643523785,0.006111447129944529,1.2034811262353828,0.003898060315241472,1.8393151008406563,1.035557090507118,good
46.78,0.027843837312107305,-0.0016359552850545422,0.010417881597380904,-0.006008696577325323,1.13510428208743,0.02134776378579147,1.827673109122308,0.8507595884597698,good
46.8,0.02506326662160394,-0.013202858590590082,0.005508193855470302,0.007592656675594547,1.2832634564715202,0.031730241177720664,1.7776564385802909,0.954306218446836,good
46.82,0.022744062605335204,-0.0022966357318269137,0.04020484664594753,0.00015748302697064984,1.1926033821428106,0.021139308036273903,1.8274554241168899,0.8950518465484316,good
46.84,0.033292456259188676,0.012893248070587887,-0.0008236430911906806,0.0021459128938396466,1.2345674797237183,0.009828208386061852,1.7977411519086348,0.9415883138827882,good
46.86,0.024051852477251612,-0.02110364899300082,-0.010514045627857108,-0.008412246207511874,1.1266593769688726,0.010116408233342325,1.8818866236516643,0.9248622190702876,good
46.88,0.05437843550245671,0.027994729608773163,-0.004919149521625988,0.006579712898436066,1.016758932632889,0.02325864639202781,1.9179016332966339,1.000357697092429,good
46.9,0.010937138488531508,-0.019819686681580923,0.006700432963257101,-0.01599050740775593,1.174682472999871,0.024083144123969547,1.7283384479504145,0.8736087991165733,good
46.92,0.01892953495915642,0.009301562495766332,0.003394884006248187,0.01708181774260538,1.1905175130014194,0.020946289147346503,1.7082632645275428,0.9871593211834877,good
46.94,0.030374312072164313,0.0028690558400570765,0.007416887583086938,-0.008867265606274528,1.146398058270969,0.03705755169132044,1.7904686020481686,0.9324931112534657,good
46.96,0.010927935138667884,9.568795158588199e-05,0.005819873295157104,-0.028679692056201186,1.1200986689670385,0.008285523804954816,1.8060516985766157,0.8713526663844086,good
46.98,0.05551826035309845,0.005229422870916096,-0.021344897361500838,0.001086171803243484,1.2002332525222241,0.017751255601926995,1.9270831297741735,0.9423886790826836,good
47.0,0.02716198079914751,-0.015645443038274184,-0.02668218545712732,-0.0050860739242427205,1.2334119894596933,0.025916602544780714,1.8041870592382299,0.9068678563188659,good
47.02,0.028150421309559408,-0.005434926654569248,-0.021125127915185223,0.013231357892271428,1.2414863478469231,0.02042397645458805,1.779721324325519,0.8468653630279737,good
47.04,0.013678202461050287,-0.012048039122359284,0.0004985296889372362,-0.02124816335286203,1.1785902251288807,0.01742064858583491,1.777837874828619,0.8992604767939911,good
47.06,0.040446077940774885,0.01405083241408605,-0.001897118383193945,-0.0001790993307554345,1.2091695102562543,0.023296965918782626,1.729969761894596,0.9235555876866096,good
47.08,0.011896451581258134,-0.005313663005413536,-0.014832021415059187,0.003964803988477673,1.2151444830529847,0.02799103007627547,1.8245132098677859,0.8562846114130939,good
47.1,0.006057001933575479,0.0016355262243691975,-3.7757033394724284e-06,-0.03269307825043246,1.2465960059694097,0.023448663248170996,1.877966616997651,0.9197480572961858,good
47.12,0.029790721251636735,-0.001679953931096713,0.00666109383506271,-0.026774657091830044,1.169841686977142,0.00432057247811507,1.949123360506518,0.9130825687009164,good
47.14,0.02554786748740753,-0.016487882091375448,-0.010297710803000407,0.015704962309743307,1.1792734389110602,0.0020277644261343887,1.77577106546122,0.7881767068889564,good
47.16,0.022834560571554696,-0.005815846067249621,-0.0019132502315055125,0.014877161026047567,1.2681172821819688,0.0260344482450095,1.8019262454450748,0.9933675034600786,good
47.18,-0.002506892547633015,-0.02177308315186438,-0.01201128941498135,0.0019359960565558058,1.19186749350942,0.005851849319604114,1.8146718744988826,0.8673880495240921,good
47.2,0.03646681858027064,0.025026690864899646,0.010960566846956088,-0.020197711128879827,1.219982769348264,0.020307397358352595,1.8103892601446487,0.9364546013847351,good
47.22,0.011672081154103002,0.0021240327198223854,0.004905280708631321,-0.012668822013678105,1.1346654784247334,0.015318589760271976,1.742462849823948,0.9139158065453343,good
47.24,0.02040098620809803,0.03181416471192215,-0.008994940257501817,0.0035178969181457764,1.1993483261050315,0.022112551011386972,1.7961572801180958,0.8627682854634858,good
47.26,0.04162925554277639,0.00964262079841298,0.005973672821821469,-0.014339629604941862,1.2147402812913288,0.0037828162084802396,1.8563859327474261,0.9333477714697548,good
47.28,0.019488464290219245,0.020974218544478455,0.014732814069585282,0.02330873502722108,1.2250121205352411,0.018522321646375677,1.7824799713457542,0.9556033794834896,good
47.3,0.026664394020178447,-0.007207459077884735,-3.720695166125749e-05,-0.02254044804632155,1.1722106027084893,0.03205548633338574,1.737170771346365,0.8655940408474365,good
47.32,0.018744988858671107,-0.00019091506064056418,-0.010817873939349342,0.009915708031007853,1.158762361142478,0.007918424453869515,1.868351403657041,0.9054151430911763,good
47.34,0.0046972197723033045,0.02049339965245413,0.021419119491317914,0.01055680913872927,1.1581903499685746,0.03395097589704654,1.7897137225990674,0.8430164558826438,good
47.36,0.030120217890834366,0.007975734456459514,0.003122977405346319,0.00964757309594895,1.195347307214543,0.010086600646279031,1.739950351208185,0.9278412935300371,good
47.38,0.04048739144860685,-0.010951161335729329,0.015648608913966595,0.025647523346472304,1.1668277274384375,0.009246972938709463,1.8136687706798598,0.9207661924376818,good
47.4,-0.002588289468794549,0.0044997589844715975,-0.004481608677589144,0.0031283439235957385,1.2118195281036255,0.008572522497711213,1.7701610057384884,0.9005994734709044,good
47.42,0.013684042905518213,-0.0001103156774902451,-0.002611043432105006,-0.008646143047134998,1.1508224758038101,0.0292002296652245,1.8025666358401553,0.8218477839366449,good
47.44,0.027155500503786657,-0.0019001617372398254,0.035482869050430924,0.01241251586970479,1.1587642969422398,0.03218354452204107,1.8309188434888983,0.8724212151308629,good
47.46,0.037477217273891174,-0.004460353638664538,-0.0290299091468292,-0.016730427204732595,1.0658206319355144,0.02268081974903752,1.7878317496026606,0.9233681702714864,good
47.48,0.02869673274411525,-0.0006953998379903655,0.019946152560161034,-0.00850244130329987,1.2514176555592953,0.03741166771598436,1.7211847115971464,0.8778843323901836,good
47.5,0.03275757006935774,-0.01118145073598477,-0.018783633989894,-0.007246116722484947,1.1798363226019069,0.03249944180659608,1.8460522038182723,0.8259875948980827,good
47.52,0.023091191426340793,0.0004877535028773246,-0.017323051763743894,-0.0021322726925336612,1.201763153031852,0.03469921520670317,1.7429157816655394,0.9240112805812023,good
47.54,0.02939050650463783,-0.01236830796410094,-0.007758995785528421,0.012223130588878452,1.1675895001999643,0.01614641747219102,1.8408127304832247,0.879448874393877,good
47.56,0.0073676046674594625,0.012178536351004242,0.0007877209575217816,0.019207900708625776,1.1251698586833339,0.014877135238573307,1.7327520249448782,0.916334530342482,good
47.58,0.015096122462098264,0.022869760887472293,-0.004803403228348425,0.02449276005432053,1.1848293102762455,0.03521717773370879,1.8240800352032798,0.9328851321177182,good
47.6,0.0016338035853565005,-0.004327156721797427,-0.02113650447772235,-0.0070809480539372254,1.1503997098415464,0.01638026669109483,1.7970660102410154,0.7754119746573402,good
47.62,0.05134669400849258,0.0019245388334509824,0.0008998213550476857,-0.00907359597981688,1.2193160211351735,0.022751637662646648,1.8117381752703579,0.9047983788697148,good
47.64,0.03624075735914382,0.007892971500374442,0.004546044531613876,-0.0052303178109036706,1.2155305686508993,0.036702648756636695,1.8714802594180786,0.9431604506766729,good
47.66,0.033734449398625035,-0.0034677551202377463,0.014105114197213879,-0.008370751465982018,1.1746541851098855,0.00869177166905019,1.7581732510282302,0.9222154327657794,good
47.68,0.0021959392747368674,-0.010839470895472575,-0.008538489788386316,0.03120021364907602,1.2106535079265055,0.019770155096075055,1.7399035337895903,0.9116999586213571,good
47.7,0.018086650984665248,-0.015556886713295467,-0.02400146920322502,-0.02417488622805856,1.175235929057098,0.030762307944872506,1.8410547146201985,0.8735360888505459,good
47.72,0.006656220332557206,-0.002645199589223075,-0.0028889144970955147,0.006256572247138427,1.1758741784842157,0.02980895236435774,1.8180109121192152,0.8598995236162034,good
47.74,0.033854961782668315,0.00656833744694437,-0.009820787231798892,0.01385936328370876,1.2705345630056049,0.0217654973520615,1.8275573770748637,0.9018954669826064,good
47.76,0.014067167845665113,-0.013362974834462029,-7.466229390462579e-05,0.009264620041649943,1.1769295795787036,0.04073323525395743,1.830748753552873,0.8991396344314991,good
47.78,0.014891862520305287,-0.003319054302381669,-0.0036264255698716112,-0.0007714032689901532,1.2289171388985243,0.022336507043216155,1.7300059707834696,0.8971267504096917,good
47.8,0.02299912106617264,0.010540340389983359,-0.01860829676202526,0.017013532418265476,1.1262096631019112,0.020599855984667934,1.722405155670495,0.8661552429193575,good
47.82,0.010305228538320534,-0.03658049033945898,0.019430026624304247,-0.016890787396698463,1.1352193383692488,0.0011861718976764425,1.7929965785270892,0.9216248782672459,good
47.84,0.004553674997879915,0.0023678923346863506,-0.006071615051775908,-0.013116455293853423,1.1920487751378337,0.014877796788625719,1.7009822931121694,0.9010402238603914,good
47.86,0.0050053212584153205,-0.01179301319971125,-0.018785857232647172,-0.015641306469554944,1.2759642151433617,0.022198298530812025,1.881856806334822,0.8703539646323629,good
47.88,0.05971611204371336,-0.006911027980535183,-0.004659773200744538,0.023613539715297727,1.1641325895612018,0.03726707408911911,1.7590481513692013,0.9020125637130687,good
47.9,0.03238681863672851,-0.0037744062791405793,0.014688748774861463,0.005904407568063603,1.2971326877603664,0.015071531658314905,1.730583304093046,0.8992185813038366,good
47.92,0.010454385742226888,-0.013131141553938208,-0.01792594626039357,0.0031242003368036173,1.248535251952731,0.027382454257659086,1.8283210662629692,0.8156756220913272,good
47.94,0.029286596286858226,-0.010347503462278118,0.01851931298249897,-0.005848942099008706,1.2180729753094268,0.028116639080836482,1.8452586022528543,0.7769053261332235,good
47.96,0.02397427963450086,-0.004720816665802738,0.011463511655504233,-0.002203586097125894,1.2618649789415355,0.03212222836231692,1.7542697567569352,0.8474813999464411,good
47.98,0.032768278138473966,0.028673257523225065,-0.011131293722174909,0.01702292704084212,1.2802677744591535,0.017186250005061243,1.9057208659124105,0.8812902919153734,good
48.0,0.01516480484658938,0.021995840873173727,-0.006603920867650548,-0.023568515279978327,1.187820396574442,0.027358851257072492,1.831114674043608,1.008616629772832,good
48.02,0.04022279566880715,0.0059689391678311105,-0.00019429265683178844,-0.001619552199458667,1.1304762183604025,0.0342323356625086,1.8175505878938882,0.889678414051415,good
48.04,0.015358470233230616,-0.010249701412752306,-0.013437421056186316,-0.02438729141513043,1.1385688825977078,0.024368558103988303,1.8589860901621866,0.8421133478723268,good
48.06,-0.0002646642444872007,0.026443877638793585,-0.021965035959643185,-0.004989459338412623,1.2556268137494437,0.05775730933407815,1.8218954446291846,0.8384447026208016,good
48.08,-0.007659257253946676,-0.01416324093912133,0.007788638962426138,-0.01816224607548458,1.1638586873229344,0.017857856801452954,1.8338532974098742,0.8577422846382599,good
48.1,0.03473244268335313,-0.0008608039394447439,-0.009806438447249686,-0.0176794260199106,1.159367397410568,0.020192246696873025,1.733097340726971,0.8826295423148458,good
48.12,0.015749442002907843,-0.007893648613590114,0.0002726926831001433,0.008875497970645938,1.2025013492896506,0.024433732863608476,1.7915560020341201,0.9054464456014983,good
48.14,0.03701782404728812,0.006453824393907188,0.023196547847485857,0.011705571797934805,1.1357376468766527,0.008576011838043742,1.8363352626643747,0.8963013395311271,good
48.16,0.020519427763925003,-0.0049967914340908635,0.010758391317827456,-0.005785971801598283,1.2402465702279482,0.013173248185133931,1.8097118635818488,0.8985525787947777,good
48.18,0.03975353994330755,-0.014923442199697304,0.008159507132091952,0.006308798418528402,1.259386063019777,0.02131328196561913,1.7889608452285581,0.9223735121505686,good
48.2,0.04378780321236739,-0.0034228238208610026,0.017397301495605304,0.008899034226394426,1.1765758968975173,0.017761089597906163,1.805849333414576,0.9047108448567155,good
48.22,0.03826562811726882,-0.015031342094953711,-0.003079526165672731,0.0018371305723863687,1.2114078370069157,0.02899717691160144,1.7381189913033608,0.9480989492769509,good
48.24,0.030941642502650458,-0.006698092089592285,-0.004681280962066842,0.00885423282961173,1.142801558155355,0.031210329655567092,1.8483412127558827,0.8706775093913353,good
48.26,0.04825449802939106,-0.024689051475637148,-0.017333965783805267,-0.010089949370112043,1.2227142307849026,0.004614875032907433,1.788505597598005,0.8310570344743903,good
48.28,0.018245989680067604,-0.01495566469744348,0.012578367464755739,-0.01837165608381135,1.1663756363187594,0.036525254525105834,1.80317673831742,0.9068589619582141,good
48.3,0.010092866367612136,-0.005084359494576559,-0.0014166750382302148,-0.0029936146093663494,1.1754078573571072,0.008774364710251843,1.88952050535528,0.8184152787835943,good
48.32,-0.0024246279908731014,-0.004634237545787983,0.008999655566357156,0.013631010110373567,1.1399065264373294,0.022895155039341444,1.7709584570744326,0.9579830407605113,good
48.34,0.020276667998533122,-0.006296408422739935,-0.01706275581831802,0.007517693701356207,1.187075552483051,0.030458142927685495,1.8848600478565705,0.8750611696677963,good
48.36,0.028874777622905558,0.00944880604023828,8.74849907382747e-05,0.017746003595820885,1.1777306639458305,0.005882833893404785,1.774078960854141,0.9753825947432317,good
48.38,0.018184238881663903,0.008420149165380027,-0.0011912786909504022,0.0012878052085094087,1.2302394395765517,0.021267049540466893,1.8254630226385513,0.8454720524326361,good
48.4,0.019662106843271143,0.023541044419576624,0.020204502455706895,0.0005005512047397463,1.2457889760705272,0.014118551995013618,1.7675217521461069,0.8753075946837735,good
48.42,0.04533788889806746,-0.01338665648518885,-0.01332862663136755,0.005048444002352219,1.2784009606207654,0.014888497164945266,1.744740544086972,0.9282776391484779,good
48.44,0.045917683950974196,-0.01070945968730738,-0.011157323469684422,-0.0043614200760165745,1.0702134518115298,0.016897795865435404,1.8034032346032018,0.8356780624570644,good
48.46,0.03434818486535133,-0.03797249713269847,-0.00235061738299306,-0.009260246235995013,1.1426324676450672,0.01814824719943718,1.732566786464054,0.8629257201122056,good
48.48,0.015340150598848265,-0.006560270196720266,0.012133422860508844,0.0015650965957915602,1.2169186839695176,0.02811446163734934,1.7670522741232066,0.8199844572181134,good
48.5,0.0321393241869311,0.02829576641198506,0.004584143856908787,0.005921439927313837,1.1915593819933532,0.03980595331317114,1.8571824691809542,0.8185447309435709,good
48.52,0.019840866904878154,0.00028082544090318344,0.019731299309609828,-0.0029568357475649133,1.2324574600003861,0.04324674182175636,1.7975489287154705,0.8863392785522435,good
48.54,0.04607039607695015,0.012598256872487433,-0.013481309326017333,-0.00940704438207521,1.2277198359057613,0.01835296730394445,1.7475689733165949,0.9442985852372394,good
48.56,0.012764330286179095,0.01887568098321301,0.006413650481642,0.0066341062081203914,1.1440980862622439,0.010054911575767973,1.833220441508866,0.8874807335811444,good
48.58,0.021638428702049788,-0.003807338943724972,-0.005194243214576525,0.013983232404497647,1.1973209213427076,0.009013817256216392,1.8180282276453128,0.9192131845503739,good
48.6,0.011456517983328923,0.0018718480603522123,0.02165590996503575,0.02829256493431785,1.1072474557536391,0.003684820000015201,1.9079966383155147,0.7697950039035228,good
48.62,0.020889838055456123,-0.010079904094515113,-0.00952352240514064,-0.006347766376069227,1.1377087625061317,0.01462015083869846,1.7136710402490056,0.8721766970069393,good
48.64,0.019592499001682053,0.023760196686915067,0.0022881685318834177,0.00301458013396479,1.1321487769497818,0.0034308059961881687,1.7948368182331762,0.8879525643370028,good
48.66,0.036818261020478284,-0.02306693186900385,0.005215371619249748,0.0025229379787920564,1.146567346311482,0.020763425522574066,1.7650659577014005,0.913458419882242,good
48.68,0.018290279960503787,-0.008792216037432639,-0.006614691987427289,-0.01252188296022165,1.1980224454898385,0.019234859740622477,1.8540217324285089,0.9389370016663005,good
48.7,0.030015561224391727,0.0075531216602421625,0.013374400834592922,-0.01179826071620565,1.2160588435436626,0.003389928214872027,1.8576501012497888,0.9783191312864646,good
48.72,0.006654368767108074,-7.556320021628148e-05,-0.010845345715644291,-0.01213262276388646,1.2127194930482634,0.02560096023613056,1.7189442928846104,0.8454783856740837,good
48.74,0.013956760882850548,-0.026255621656535073,0.007194672695122988,0.014299995813488005,1.2094200276069937,0.021371240208406646,1.892972749686011,0.8328358130362629,good
48.76,0.009883739641939386,0.010841784783651113,-0.012417273246013317,-0.0026716524942203665,1.1639757274698639,0.02331182271827238,1.7258970543595014,0.8532714783087636,good
48.78,0.016451813324388033,-0.006881656928939434,-0.018897253699014387,-0.00162224066969884,1.212193944909369,0.004121250217665687,1.885980803901394,0.8590118220071528,good
48.8,0.014512395122818073,0.004638194887713621,-0.03011392593303022,0.005197299446872421,1.1855439981327471,0.02199454575124876,1.7426023596597118,0.9184933238472159,good
48.82,0.01118848702616395,-0.01119577124970927,-0.0019143932376765288,-0.02574212757444684,1.1665237642950292,0.02232648855692554,1.820137208336318,0.8844634477501089,good
48.84,0.04633154506321675,-0.010817993907377418,-0.018158637169809165,0.0040242967375223255,1.140289795005947,0.04917957630368121,1.852745991582774,0.9368163356817739,good
48.86,0.022571769589093366,0.00035544026007174094,0.006766251945521657,-0.00864955564055332,1.1601730471953289,0.030142395427652395,1.8525593560802516,0.9265899582646858,good
48.88,0.01748043479995679,0.006667757604627273,0.0021869065351497936,0.00466656257647132,1.1548611205260695,0.03685345889344961,1.8239163942225072,0.8761928762010333,good
48.9,0.02376302926657135,-0.0058868148283513725,-0.018969953369948757,-0.0068337419300661915,1.205121419674263,0.02845560728590541,1.8086433587501825,0.9162322074314623,good
48.92,0.024014458348953917,-0.006114411894016083,0.0055155505878326,-0.03669145542928101,1.1772038054746414,0.014065466043383209,1.7215965229199202,0.8283548869741728,good
48.94,0.008065069616276848,-0.027734757236818928,-0.0058212921137860375,-0.008874017415189221,1.183883465324669,0.010981345355130009,1.8408878520635152,0.9036096938076635,good
48.96,0.04569495936594566,-0.020450406698113467,-0.013032903574724357,-0.01285547323143729,1.1528623776485971,0.01774643361637633,1.7710581020111276,0.9041002916037267,good
48.98,0.016464470247598537,-0.0025841748925932036,0.011853872225407703,0.017536163490396824,1.2620533398234324,0.010300791446742733,1.8273066335963812,0.9072764176067354,good
49.0,0.025747281599191905,0.01348314338385133,-0.002973632925206165,-0.0025029191869593475,1.3514384567198396,0.0323985502714946,1.8540813129511564,0.9488142981618664,good
49.02,0.06122409582379078,-0.010013333168490558,0.008339116740293835,0.0009312466059187004,1.174106384205496,0.021699806595666886,1.7837724560988437,0.8036266314431757,good
49.04,0.014956613886104564,0.00288047524212024,0.008104760628761656,0.005847958156247677,1.1962940419847425,0.034732636638362034,1.7687540031209454,0.8803058130147987,good
49.06,0.026873153438917514,-0.011765455870268894,0.010097369670966343,0.008491479687003945,1.1866014297398075,0.027411437608539462,1.849245245230049,0.9172251501245333,good
49.08,0.0313716039517075,-0.03124698714596085,0.022165228868181223,-0.02155580495563134,1.1579222427798401,0.02694749944012918,1.8149580976187691,0.9288790710832147,good
49.1,0.01588957101391543,0.008755652480941048,-0.013231991932020324,0.018899875161985578,1.2037451739356673,0.029115774700793528,1.7733308927818927,0.8837405680535074,good
49.12,0.021909230338143598,-0.0016570744318774222,0.015347267474015533,0.007266081990591457,1.196401935925957,0.005530846525890374,1.8655694561006013,0.9533931461162872,good
49.14,0.030400032288319133,-0.03732269083962227,-0.01545851234145274,0.01938514192395029,1.2137772958564779,0.022413828429804973,1.7417251502584175,0.9057725055568084,good
49.16,0.036195899819910705,-0.023844106371246853,0.007422668331943856,0.007999189255755977,1.1878530907144442,0.02674959125900142,1.8045636409956525,0.893919661999385,good
49.18,0.04003672872140545,-0.004288151166832016,0.014833035907485598,0.005400551712418746,1.195803024422227,0.011610868403244093,1.7443826200081674,0.8535101786043325,good
49.2,0.027617415767305042,0.018032954101418634,-0.003230882414058531,-0.0009667937898075251,1.1219702151404636,0.03454390801330882,1.7691074716378326,0.8911928132925737,good
49.22,0.018089037121810012,0.015713605663999854,0.004855889557966491,0.0019289489115443426,1.1634881698604576,0.010291239315137335,1.750308161291443,0.9277677567730752,good
49.24,0.017024152880769222,-0.003459237056129411,0.020364319066947165,0.0026304886575563946,1.0757641079696942,0.01742114979222303,1.8392177631687634,0.9012449838464444,good
49.26,0.057321822415315596,0.03267238732366528,0.009457657273331912,-0.014421667810431494,1.2026158809451177,0.012876710614442574,1.88304181351722,0.862835209163353,good
49.28,0.03915212705731743,-0.013379700878335508,-0.014692343679821534,-0.03475042669723755,1.2589500177012467,0.02732371677065,1.7365360793827818,0.9778847894189487,good
49.3,0.03533112348082072,0.016348987381838608,-0.004816494735844413,0.013822133759821017,1.172179485642082,0.034565455053525034,1.8457677567849402,0.8760417152048067,good
49.32,0.03326001542420933,0.001167758008685607,0.009838344320680098,-0.0023185020043030653,1.2825367583298113,0.037691860169369124,1.7494234390957675,0.8138321792411489,good
49.34,0.014683731669898531,0.002734119621026641,-0.0033733853001093965,-0.01414658391774372,1.1545435514589166,0.009287814139945035,1.7719047166278914,0.8205615167611703,good
49.36,0.03759385659974338,-0.02707898307231157,0.01314854643114576,-0.006756056229354602,1.2540198357298362,0.020372799698822042,1.7955701440524257,0.945271878660514,good
49.38,0.02746590536542788,-0.023134504560257906,-0.0002484924230032487,0.00927680937011122,1.1861745637421937,0.011941188212194854,1.7663928900922135,0.875072721513997,good
49.4,0.013821337031342657,-0.02011941889251999,0.004232277642633522,-0.00423661066980499,1.2311242943717189,0.027436521344906813,1.810630669084467,0.9480225022667284,good
49.42,0.016799682540435533,0.003189291332011085,0.012732455259513739,0.004201317047215153,1.1720940739709718,0.028909124722405054,1.8039907814675793,0.9416584673653268,good
49.44,0.010118226878822828,-0.0035980420546220136,0.0026567169648996757,-0.006494731573464957,1.284470592254813,0.025618322510772267,1.8203753287047577,0.9118641523669041,good
49.46,0.0032323796282836075,-0.007100247469477328,-0.025255996373914416,0.00704200697532232,1.2446144656440177,0.024882853968263598,1.767912935357715,0.9259454230502477,good
49.48,0.0085415833020389,0.031842959895520835,-0.02355400725100718,-0.02683247776161951,1.1849839155112802,0.01699766250048879,1.8117968896973928,0.889690843764832,good
49.5,0.026987965814658267,0.011180175880151584,0.012406191007831576,-0.014602943421266033,1.1622117857631595,0.020279793610055635,1.8287442346719003,1.037710477034068,good
49.52,0.0313223415844461,0.02139403100453206,-0.006943800756561082,0.021263697717955974,1.25754828710378,0.026823441754396535,1.8416585308112756,0.9375580501603066,good
49.54,0.025744187316673686,-0.0017350099421834552,-0.02311704733811518,-0.00531978888016862,1.1434906159893126,0.004024831160164169,1.8827036983718348,0.9402881941887328,good
49.56,0.025250155073951893,0.016626154854677944,0.0019469141078782386,-0.00047977195293945194,1.2423037422244432,0.012491195135699316,1.9063077724927164,0.871946884115512,good
49.58,0.013619421066242178,0.007003872182214002,-0.03487736633371736,0.004274565027605025,1.1682317944488216,0.03311551171351244,1.7719335530751983,0.906125500320197,good
49.6,0.02429167533131311,-0.013213802780054362,0.007838109193955025,-0.02770523794714522,1.189914968071018,0.01649666890227327,1.8081813870427492,0.8452982249202623,good
49.62,0.026463529108122077,-0.008691018342967233,0.009529425640172597,-0.007004563368766205,1.1973681404845697,0.02551939590227397,1.8495628026128337,0.8716319744628289,good
49.64,0.04162336966587315,-0.010738436851175339,-0.005174237547857363,-0.012401765025459885,1.2155546078043882,0.030741140650383834,1.8006952490548804,0.8559790991832914,good
49.66,0.01476336241752568,0.006851274278204834,-0.012580352853386143,0.012078908374823888,1.183805741297095,0.009953751791484052,1.6972271028490202,0.8251094380064536,good
49.68,0.012933478983506204,-0.0034778846868023317,-0.0028170484897303972,0.009044099185918475,1.1400210059817957,0.0235767945282044,1.6968957636508335,0.8653367576527571,good
49.7,0.022129340075988158,0.0157936133224698,-0.010675012104632751,0.006797592273025905,1.3013914597058418,0.01008608937328245,1.8361230018631773,0.9584323234498887,good
49.72,0.04000855056185484,-0.00969073500672557,-0.0072656174741177896,-0.012658422997350375,1.2576372118901997,0.01609728371212048,1.7865910877987763,0.94072502332622,good
49.74,0.008824635693729927,0.03196980808069024,-0.005266570204111027,-0.0027579688151705673,1.198623772197063,0.002124943762542404,1.8457423766287906,0.9225281773684908,good
49.76,0.03986493373765866,0.020129333437698946,7.572648232800692e-05,0.005852240802158907,1.2086797091891985,0.015364278765252346,1.7531981651855784,0.9802806695260237,good
49.78,0.012803911654591089,-0.005489710771998732,-0.017497193539246954,-0.015271416484113782,1.178417273327109,0.035509260738138065,1.8807321256088527,0.8751094503211407,good
49.8,0.022904907103915198,0.01124145368736462,-0.004417407527936002,-0.012868748237328873,1.2399161133242131,0.022531598093003088,1.8684885672044438,0.932455635039232,good
49.82,0.018998564587083034,-0.0015130694421686501,-0.0012399177674506459,0.007693870818806193,1.224721188430734,0.016635679136738704,1.7639033936429152,0.938240395661397,good
49.84,0.041736350842473215,0.03784300913992876,0.004453629452024633,3.221635568417531e-05,1.2025323715971223,0.010472234327761292,1.8160152360165636,0.8631944268440709,good
49.86,0.015521883326718415,-0.0008509944971419193,-0.006820761893119672,-0.008754168377864021,1.2168723934694394,0.007403730966041489,1.9359772129116024,0.8424612134544861,good
49.88,0.04065209921799682,-0.014305062821819753,-0.01880201112028495,0.015368549503620505,1.1987948902719974,0.009528806182036848,1.8811771522863814,0.8673817190167185,good
49.9,0.0006959318526444556,0.013713886757766379,0.02110744311902458,-0.0023729562185636414,1.2808814347756239,0.024590817850978813,1.7964722991116255,0.8666846428466923,good
49.92,0.04609199325456509,-0.015616525892770622,-0.004366851850741311,-0.008425316264360019,1.1542734932395053,0.014902329149638478,1.7878454946017497,0.9908072170005714,good
49.94,0.023901138634663643,-0.028883900920225133,0.00675774994995347,-0.02709797591060351,1.1630482210967827,0.019762482628496208,1.7628561943383525,0.869704438889449,good
49.96,0.05535506962273385,-0.001229233194459338,0.013321942218952483,0.019264634475033415,1.2271084897253457,0.013303454308700995,1.8531820663409353,0.8993684588583283,good
49.98,0.026041309065043688,0.005742115976985545,0.009789908897130615,0.010622664791424086,1.2354927501979973,0.017308650765635956,1.8130058034771581,0.8938389330776143,good
50.0,0.03687216632800342,-0.00905443092788457,0.010423308608805715,0.00993946979958206,1.2590365365242064,0.005987502080077734,1.7371034383048907,0.911988502176038,good
50.02,0.0158126143470465,0.015434583531598968,-0.0007351987517463583,0.027193970599710363,1.2667561904875326,0.011488001867707627,1.8809384944054661,1.0081753440366825,good
50.04,0.004680000407311127,0.015603467979737488,0.03880212307882788,0.00905643954166945,1.1739323760166178,0.019903302538064372,1.828100609438051,0.7651167497688385,good
50.06,0.030707488964467716,-0.010607758714018548,0.003359542506161589,-0.006487741874108534,1.1904809510324728,0.010916515772865516,1.7049302383892335,0.9059677230312225,good
50.08,0.02653888733793379,0.025712350994575223,0.016355863093287713,0.0032675858679553213,1.1576283722588565,0.030867157788192975,1.8761363085897165,0.9391566016613299,good
50.1,0.01363036177965424,0.003633875967646439,-0.013028400517285698,0.0064118529946753456,1.204057394479948,0.03898443916951771,1.8319285808019765,0.835923483827967,good
50.12,0.028755218200180108,0.014438318968121927,-0.0021327997430088267,-0.01088054968155823,1.2329654882083707,0.022392474802224983,1.7790293720396864,0.7628168417801228,good
50.14,0.004216570522701824,0.005565616890088952,0.010225817454944145,-0.00043112200454391894,1.11055961015749,0.008822077685679502,1.853202467837968,0.9079547639131046,good
50.16,0.023818994713645802,-0.010905988777150797,0.007011855323914223,0.005598563304574368,1.1897818656312835,0.03102628844890664,1.743769568496219,1.006436527101951,good
50.18,0.01065311760840049,0.009485395624570988,-0.01683263664343762,0.01569836149179454,1.2321841903494664,0.009242125590478418,1.7692701680083782,0.8454221365176157,good
50.2,0.011223867754100949,0.004918544949935516,-0.02609405396263197,-0.012519161680945672,1.192339880581269,0.006633027587007705,1.7874549900060352,0.8825630808531846,good
50.22,0.043922017736066125,-0.013946268049452091,0.009153446585669371,-0.005205269709572349,1.1101820223700187,0.029473457113944963,1.7703585272278937,0.8928917333493797,good
50.24,0.05836476072500959,0.0026230373255953583,-0.003435728988003931,-0.006838851367822165,1.1543160878301206,0.021131019753997622,1.803387925018329,0.8231152978887293,good
50.26,0.027743746236197818,0.02733963623263091,-0.003171986785234327,-0.013066619583092192,1.1869111931491627,0.01772738000578125,1.7327970605651737,0.8875481349166265,good
50.28,0.024171653929342316,-0.021966036205235573,-0.030154659884792042,0.025083557668164592,1.1911438413822641,0.02658635014870985,1.805896352917034,1.0003147183552075,good
50.3,0.019260004669868894,0.007822349635714916,-0.0012925793519600673,-0.009114778915225708,1.1887584388485846,0.023153868985060326,1.8256154003393281,0.8722931479013131,good
50.32,0.015052934622795378,-0.003308249528780263,0.0046087911977810625,-0.006520334842414906,1.1618967687608603,0.026912835664885178,1.8659069887260322,0.8249801192166986,good
50.34,0.04109240372816099,-0.00893359303575782,-0.012364767541350533,-0.031204718839963085,1.1820916335999294,0.001556945479840941,1.809604882206882,0.9452476441752582,good
50.36,0.04137104667357603,-0.022654724510928138,-0.010676391663729072,-0.00989107388917091,1.2798104105893948,0.014405021676569534,1.9072722605984835,0.9533837654087951,good
50.38,0.017935464101998273,0.0027098120723014797,-0.002128622019515759,0.006986128248929824,1.2309603558667257,0.02929333171605325,1.7988931983961898,0.8858097869593359,good
50.4,0.005773005802943772,-0.006196805786800702,0.00879254986227075,0.008900028906490123,1.1185332856368255,0.02612776278284455,1.765433351611576,0.8614200058109351,good
50.42,0.02516247454065933,0.011382792745529894,0.01438355404099362,-0.0008719606065297243,1.230671938775837,0.016382697573032623,1.8371628469545138,0.8216238237238285,good
50.44,0.01241063878956559,-0.022921243310948466,-0.007825878166886072,-0.027225649525276327,1.1666479397631138,0.011728139055512607,1.8396346531980408,0.923152688652369,good
50.46,0.02629930298690645,0.024112889047873766,0.001903889865376463,0.011527054081557873,1.2453637965031548,0.008074129067582692,1.87456290688378,0.8577761323986816,good
50.48,0.00412088439144823,-0.009737357020964081,0.006856374674549127,-0.000722886585160309,1.1852760061561693,0.03894187286451535,1.7736135089270764,0.881716611713934,good
50.5,0.020775371742846677,0.017404626965004184,-0.015650101105472616,0.007446786507792819,1.1834637398126169,0.006465543357978845,1.7517660301536038,0.8516663029905531,good
50.52,0.012594504083864939,0.014847936287801003,0.003889065662572094,0.00010586143151861259,1.1699604285936427,0.009701204450360497,1.7626207121503594,0.9566729011767263,good
50.54,0.011562052395850267,0.007623600648244593,0.005102413905630941,-0.02253421050452475,1.1722551379737132,0.033525503002865636,1.8082506251109622,0.8466510355415476,good
50.56,0.03152728172724727,-0.01660418234381913,0.008492422085037699,0.017371398869366575,1.3429903374803838,0.00641721848695265,1.7925081849063957,0.8584416569371718,good
50.58,0.02374946830236695,0.03407447200425152,0.018542601136576433,-0.000604063700428593,1.3019550802451714,0.017012083227772253,1.8389480487950634,0.9282663704594414,good
50.6,0.024750247682148833,-0.0011383571567505917,0.003973660708587016,0.00618221515272353,1.201482542497487,0.005045824037540205,1.7703334413509009,1.0660090403017863,good
50.62,-0.006050555584285617,0.00566731770888467,0.008409610431664948,-0.0004581873533177052,1.1170089201087807,0.03425699487749988,1.761458516212002,0.8271227351489938,good
50.64,-0.002802438349670162,-0.007222304063688234,-0.026929789851664204,0.013825189573134056,1.2609613088972091,0.027310978592846973,1.8385064949600758,0.9517611924268097,good
50.66,0.022602971133701223,0.0067266564514017755,0.001308390567370897,-0.04270993255146674,1.1584035474837275,0.01047347992060558,1.7890005521554972,0.8829320235909377,good
50.68,4.976489236903283e-05,0.008545092616289177,0.008893731335984818,-0.00910692213314426,1.2406508446712765,0.01873517263205046,1.7292112978959606,0.8940161204392771,good
50.7,-0.005789875147378428,-0.011610572867065731,0.02815804895764082,-0.00906364345916059,1.1851312337989646,0.016150779951455533,1.7893081450995554,0.9239308421283225,good
50.72,0.031664489037971595,-0.015258200467520341,-0.009207435654122452,-0.015117922390696674,1.2111201635111621,0.022212995747150837,1.8261572269887936,0.9063038357075751,good
50.74,0.027648610307437593,-1.686416867478117e-05,0.0235187261366831,-0.017141331009543757,1.2262963403636735,0.0,1.742000121239533,0.9136174402045344,good
50.76,0.02460565307200382,0.01027461781414659,0.0007814288365184637,-0.0016861922722426407,1.2169262536703402,0.027612058072599425,1.813960128989849,0.9102445435029884,good
50.78,0.03878977114150199,0.006275999916815001,-0.0010589242027368607,-0.020431811779322247,1.2227827545393748,0.0183592017088165,1.7863278789660364,0.9520444495432793,good
50.8,0.007504169206606341,0.0039609488875785885,-0.008174907720581557,0.00715763143257122,1.2171875815123916,0.014827725489751881,1.7759043212107846,0.8981713442408702,good
50.82,0.020761369950778732,0.005313640002693721,-0.0001207315703785476,0.002796096692858431,1.2524773676940797,0.025595773437629036,1.8922150373284266,0.9328960008143423,good
50.84,0.024044279860267827,0.012923828024401045,0.009235829376742043,-0.016123586691587248,1.1958920333609724,0.02409080106022489,1.8183534000995218,0.9717909305591027,good
50.86,0.01301565718502781,-0.019151118033401703,0.00852825583887866,-0.0035885691371692536,1.2312217894251825,0.01665498644110667,1.8536330349469912,0.8858692674799028,good
50.88,0.03839471327892976,0.0002856996379178718,-0.01584286723680199,-0.020285798544249577,1.2190398519244194,0.025220462772976793,1.8655960735351904,0.8149331991939893,good
50.9,0.028868044093450902,0.014949888279515806,0.0004231217056137567,0.013853839335999138,1.176408047033004,0.026262123168998234,1.8473694557209808,0.9670988274262328,good
50.92,0.008572371730717804,0.01511084692388744,-0.0013443109241208493,0.005050283216622492,1.1044435071358514,0.01673408982027368,1.8876785474177493,0.7952445585581482,good
50.94,0.027119284263995434,-0.0029141930115364695,-0.019434298321177622,-0.006827525285890178,1.1532821967193272,0.019888317269615645,1.8593186539551616,0.9487998530839669,good
50.96,0.03268693351028105,-0.0038294899988683706,0.016412085653414975,0.012327539099396538,1.2613828230350375,0.0174321394960617,1.7879971668065429,0.9056458254896552,good
50.98,0.014064240850444052,-0.009107718499764687,-0.011469001933417175,-0.007411993744545849,1.1476132645304107,0.020423874021336164,1.8051636272361131,0.8563274553036757,good
51.0,0.030764867439861933,-0.0058295320394230405,0.005137490883845875,-0.005637222415965343,1.3078835543408809,0.03576051118915334,1.8282986259391845,0.9119793586706404,good
51.02,0.011948366531315431,0.006470306924150273,0.008501395935981948,-0.023654603107428434,1.164301014387055,0.030905127558974902,1.8641045223399877,0.8825130681748938,good
51.04,0.02747600986403251,0.0007978174604114577,0.010670761109367563,-0.0038735685286784166,1.153840064607141,0.024318322706377776,1.793122873564945,0.9620051179838489,good
51.06,0.035538534314964426,-0.01344094893502061,-0.011675530584842738,0.010461503973840122,1.1937874603466982,0.007072601526748921,1.7797100407780553,0.7874291784235956,good
51.08,0.041732166708169316,-0.003287065325988975,0.016298414961358858,0.018363048512792995,1.2197427194023154,0.026034513892896124,1.779978755212242,0.8880337833012781,good
51.1,0.026655072502982918,0.019126571105833687,2.6844609057424468e-05,-0.0025244424374281237,1.2507182838390394,0.02311128196083905,1.8723714647978422,0.8934917584186055,good
51.12,0.014268699493070058,0.0007527397593764553,-0.007891633533437886,0.017409115695155915,1.1986927103913418,0.0266987362499201,1.81237255219324,0.9544304457364826,good
51.14,0.004936289696866797,0.011355221076875201,-0.025077671828051713,-0.017623880628089367,1.2108270506319943,0.02602985756252394,1.7284087504037444,0.8776349096259115,good
51.16,0.0018337706064124341,0.005643973221614815,0.010501209053639918,-0.016735751878411934,1.1742041434061208,0.006611488350509982,1.8715480828064455,0.8985592413107868,good
51.18,0.022067279504961086,-0.014068279339947599,-0.007233225074263156,-0.01957261667275878,1.2011347896584408,0.0,1.7532986732058788,0.9495252392296099,good
51.2,0.026599275137152125,-0.015801687576545508,0.013163423362089104,-0.007737062168354524,1.1327152903269944,0.015856942515098577,1.8427953397955397,1.007534670218894,good
51.22,0.0321162554614189,-0.029529466082001098,0.00471878047327901,0.010579263348615975,1.1882693049837787,0.008448434365925905,1.7499873558348489,0.834888921568612,good
51.24,0.02901959782323543,0.021216013685243947,0.007452468151580868,0.02915532427190597,1.1683340309769872,0.003707132539369329,1.8027981242607458,0.888588497320134,good
51.26,0.01934356203771172,0.010439676055462177,0.0027591350292732386,0.007058863265608166,1.1404340524305376,0.013466356185851966,1.7287166810850279,1.0535462278165049,good
51.28,-0.005606952584254569,0.008799793058822954,0.004984440501509554,0.0005986515327956774,1.1905601050631145,0.009404849822722213,1.7195235670659355,0.8522933082235696,good
51.3,0.014300620891349767,0.003022010724667822,0.005173280111004478,-0.01659718925882151,1.150188007474807,0.03329489021390942,1.8005544606460129,0.9174230186383064,good
51.32,0.03228103099192822,-0.0013146521864695556,0.0034154675642196746,0.016357311824200763,1.1922175826500017,0.013564317460993314,1.842450505873136,1.0019966372925817,good
51.34,0.04329621216471754,0.010236687918567505,0.0003147757291445368,-0.011933680009184296,1.173458672252665,0.013147123843071136,1.6749506833999876,0.8865148540989206,good
51.36,0.04321879145652536,0.0015926845618145476,0.017439452109165556,-0.00306553657231482,1.1596992342447223,0.022018216591147815,1.7158309230685589,0.9312009323183461,good
51.38,0.04059332022778025,-0.009797688775265776,-0.0027490421086179633,-0.014994441295688457,1.1280649327232601,0.04260330506787265,1.74782488448973,0.9231991378559782,good
51.4,0.02832906833094884,-0.011822320950865148,0.01606278192753942,0.0003939523767237254,1.1485251257165103,0.030518826525992908,1.819224184618011,0.9097815958506309,good
51.42,0.01222318333537115,-0.008521499081376364,0.012550989027826606,-0.023834743428201365,1.1763330648500512,0.03896217749843146,1.8028376575476157,0.8547624114263447,good
51.44,0.024063804237249024,-0.005141124411680764,-0.006460711273137191,-0.025712961977523142,1.203848408060234,0.009048517337598228,1.8313871520411937,0.9382678360564682,good
51.46,0.03627389932978717,-0.0249959068731011,-0.015960256772004078,-0.010813515416035153,1.1531991766629637,0.016584834342082876,1.8230170562272605,0.9412677551681313,good
51.48,0.019402529622574837,0.004609476559429568,0.015880065212399645,0.0007481974116990386,1.2654141800612237,0.023706982144398522,1.7698951082888223,0.9532977219603256,good
51.5,0.02775586401466357,0.013541639429246103,-0.01666272175037193,0.007925162654766857,1.1829565982469197,0.025781634762710306,1.821149806107467,0.8800328275015307,good
51.52,0.06744146197561288,0.006001298764598222,-0.020032481013125346,-0.0004470696823827066,1.2569617642655644,0.02649838349505938,1.8100815978654057,0.8389249680045499,good
51.54,0.009565071667256316,0.02629684006089583,0.01329294118581698,0.0023488660751846426,1.1487793508288298,0.012536309795488266,1.7985765696422538,0.9568803132747582,good
51.56,0.021824465526491706,0.008805755244606146,0.0074361920265023996,0.00561671884163347,1.1877861242349548,0.022064479543314232,1.8030658965196638,0.8934566777588093,good
51.58,0.012750983533975076,-0.01735153217886406,0.011212215004245634,-0.0030954763307258046,1.2192995823268487,0.01757611722486941,1.7434464235456133,0.9302283968914167,good
51.6,0.02521730602561175,0.01251152231355644,-0.03150126625592155,0.018588985251944284,1.1601440640621432,0.02339128416670299,1.7297498535495066,0.958978572997156,good
51.62,0.01052475267982717,0.01646327647300305,0.002971927036333593,-0.026369579320116826,1.2012212075819277,0.02847950179825062,1.8465216473495139,0.8043584561193683,good
51.64,0.02238586363602115,0.004927703336359966,0.02041313363522951,-0.011728803801297958,1.2383337781374864,0.0381167247442304,1.7825863566412994,0.8635284723405392,good
51.66,0.02608923342187774,0.010920161492058468,0.02607696686574558,-0.007678232481659341,1.278472744298042,0.021330072284278422,1.7645020428473897,0.9532075223392396,good
51.68,0.042894195244139365,-0.0029022450759888206,0.02302800637533457,-0.009677002850641492,1.2149800381510218,0.020327250489798592,1.7046740878540365,0.8266547120472476,good
51.7,0.028654133733914684,0.008420989348943865,-0.0204930626120297,-0.011934100237963942,1.2020828606188019,0.03669019716164799,1.66279995670515,0.837962625761683,good
51.72,0.016781260808206754,-0.0007093229731958144,0.016273395037811576,-0.02427849822139003,1.1957226380684334,0.025920730827163205,1.814650940860454,0.8949204026654134,good
51.74,0.03220732829768704,-0.0033916838022435324,-0.01703740630685309,-0.0011087084077675254,1.2395657804605913,0.01599213533877737,1.777966678263564,0.9150583714410562,good
51.76,0.02057541376229334,-0.014007763440624415,0.017172395940629425,-0.003943531335657801,1.1228949622227051,0.015724025790267913,1.7495973690933604,0.97970723659595,good
51.78,0.023600951612239567,0.030369590479730146,-0.022858977601447054,-0.004467478181406312,1.2214268656118923,0.019756082001751264,1.7468641569121925,0.9330941573804195,good
51.8,0.0055860077712308834,-0.001305412449083358,0.01664296720554316,0.006440054234882072,1.2134816376775892,0.029245729248655646,1.8135250609001998,0.9210402031007621,good
51.82,0.029794787920776056,-0.01204274389586761,0.022151759615433784,-0.003644649944459698,1.2237772617810074,0.009896767749408992,1.7612768311760219,0.8916219754581347,good
51.84,0.010450974087657414,-0.009572962916851772,-0.008210141554972246,0.007198312548258317,1.166516211784879,0.02879194339923995,1.825657486754379,0.8878105164259158,good
51.86,0.04077960180072131,-0.010988491203061553,-0.014480161699141954,-0.02096332883105912,1.169173130480075,0.004264587481832687,1.8231002235189944,0.8567668166693281,good
51.88,0.013390898755464852,0.005934199510439337,0.01638098539167874,-0.027821604265187407,1.2556832227847794,0.02630501144977938,1.6977844264771949,0.9385794003567872,good
51.9,0.023156852441044602,-0.00033127789038887786,0.011009796849720773,-0.008222650154977642,1.1730538708060787,0.020317404748771008,1.7031452187232483,0.9177084619743199,good
51.92,0.029456970025885106,-0.004885035410264018,0.010241756268506715,-0.010058533244126176,1.241045649951052,0.019906902957261264,1.7802780849880657,0.9206192606451434,good
51.94,-0.00017334934914432863,-0.011139751542020328,0.01447724093692673,0.03513238901187461,1.1666577943596808,0.023802142461201468,1.7462639913912696,0.9491452419898312,good
51.96,0.025761326683745707,-0.018880029233000747,-0.019281557465711044,0.0018955910594598373,1.2323820934237235,0.026851791477845086,1.77795433737904,0.9333010208862126,good
51.98,0.04152660359484137,-0.026188122764949164,0.01910621575446385,-0.0076158110062175925,1.1598585000012014,0.020226263469828514,1.7969670614325235,0.8443384476474622,good
52.0,0.046154103558223636,0.0005629522805433817,-0.006997282300778708,0.025645090997139214,1.196996128672999,0.026655933639352834,1.8879022998753374,0.9235079708036951,good
52.02,0.050948225767764886,0.013099639898937311,0.00731348390782525,0.004027122031014766,1.1124759676567662,0.011853188743782205,1.7692534259238697,0.8942951201793737,good
52.04,0.022330464833673472,0.004634147217318884,0.02193020662174841,-0.005608642343159276,1.1723190414673963,0.02528127286238906,1.7978208408638352,0.8598534062090356,good
52.06,0.017056516211741216,0.028260610760268274,0.011674531004765887,-0.03685142808976087,1.1207465229005478,0.024559447879864516,1.832769069106484,0.9121509472917105,good
52.08,0.016607612733437648,0.01060865211796142,-0.005805980283811471,0.002570786780867448,1.1111505568032203,0.005559140713744635,1.7981524781861569,0.9051808244928109,good
52.1,0.015174409925245982,-0.017639541773832906,-0.01167630653933093,0.004013709180893867,1.2873649777882936,0.020891297789295236,1.7499757360390722,0.9415057896519775,good
52.12,0.02107557838053646,-0.013201949914428676,-0.01983426646202766,0.003999601261745366,1.2426661980569937,0.0196101324987011,1.7755688461152819,0.9117441142297538,good
52.14,0.040472789114247794,-0.000393878391281083,-0.010569618491954908,0.002424502599441935,1.2297783424624482,0.02723072058471875,1.8013685632521357,0.852979248594099,good
52.16,0.022796682931141482,-0.0038405467616411085,0.005054293890109914,-0.004231561026290985,1.2312864103396037,0.006671788741278569,1.804717763488236,0.8615328914693244,good
52.18,0.029337960908513153,0.009366882680063755,0.003924916201926467,0.0018537092042927063,1.1992750239425385,0.027421386989539668,1.8015131081937388,0.8311070972517024,good
52.2,0.015834312103446872,-0.00589081505241433,0.006488693757279061,-0.013487571566431392,1.2461275781482937,0.024604252601266433,1.7383432621243793,0.9573536175985342,good
52.22,0.04383690396708392,-0.001462014944924048,-0.011812255921556797,0.008611449437927066,1.2349229307201572,0.01663217759379798,1.7435840647293088,0.8742273413930703,good
52.24,0.021747990179814308,0.0013772432487308664,0.013788402465694637,0.014162543344786255,1.2469813837319883,0.014123268463485985,1.717655726051588,0.8889797326622573,good
52.26,0.043181528965527086,0.010632875277344156,0.005042243876797606,-0.017302985538722584,1.2671659742885593,0.022671310119782438,1.8779319955797655,0.9342036757379557,good
52.28,0.013113394264510135,-0.019005170642660527,0.01471437062648044,0.0036268583590772737,1.2223811793520634,0.02193335357544223,1.8967548017140385,0.9102898866661694,good
52.3,0.014224480599702516,-0.0010633876722819645,0.0027864840501977436,0.011301782126175485,1.2268359662236288,0.01754060947615054,1.7814743789526521,0.85329792288382,good
52.32,0.0393691548968286,-0.017846173923101158,0.002389710134347811,-0.014333566306053895,1.1705640569824196,0.007883198243031382,1.7061688854112929,0.9596658985427436,good
52.34,0.022428947162020863,-0.00876898279407426,0.01611354823900693,0.01495061170117548,1.2918569215921352,0.019785493207476374,1.8631830504183018,0.889134572873645,good
52.36,0.029580836655875787,-0.009030992862092949,0.012096834006286807,-0.010135062905941059,1.0250228919215414,0.006171745653251233,1.743346894235548,0.9178425858834738,good
52.38,0.014951338263940257,-0.003285000844718398,0.0009994426968834254,0.012215964086800257,1.127673877485044,0.01643696050745885,1.765560307377164,0.9478989003136857,good
52.4,0.03206591846554726,0.008635484302888493,0.01602021951078946,0.02835998416998295,1.1969591119557639,0.0240412558443438,1.7563862289212242,0.9019732244549477,good
52.42,0.03106284360907177,0.036555129478575234,-0.005175710763743827,0.019874296182217262,1.2740491877392965,0.01948180092856155,1.847894048131721,0.9256939346710662,good
52.44,0.034060966468300646,-0.014265994373585864,-0.004173358003018304,0.007268156480800537,1.275393177284473,0.016318987766872024,1.8346469251404751,0.8947020317693651,good
52.46,0.043723557486122736,-0.008514919619358194,0.022952516962684612,0.002429489607946338,1.1334515968959176,0.012345068206766716,1.8478649593107193,0.8535559661746793,good
52.48,0.027431493705629775,0.014553875305026701,-0.012173344579790192,0.006061180674186578,1.1880427557159294,0.030280384750446844,1.8521485920914236,0.9230066538644683,good
52.5,0.028909037434216522,-0.0030373656856580392,-0.02562695078730465,-0.004008467182895443,1.2992796811687763,0.024838406695816224,1.846658502792677,0.9036367693421162,good
52.52,0.04031294918961604,0.017075650345692802,0.011125438128992162,-0.004226953360790627,1.2496443589242106,0.02123992943296853,1.7790910607620753,0.9069635984655757,good
52.54,0.02605682401105717,0.007267502938993645,-0.005964439090964887,-0.0026551636806971144,1.2638323491483434,0.015449873198406,1.75214531039934,0.9271912970359513,good
52.56,0.029422263307089285,-0.014674050258122512,-0.005286349993405605,-0.01633008435356818,1.2786325551946007,0.011828984352227291,1.78695810226601,0.8946574055684366,good
52.58,0.02035469131163774,0.012256386283835276,-0.011340837128519802,0.024911548556875995,1.1038291347250764,0.009764070404364989,1.8085617449415219,1.0263718486466744,good
52.6,0.01005607302005687,-0.011073181583101676,0.016182217892441574,-0.002193704595542427,1.2135515103280412,0.011886934413983172,1.7687409401760712,0.8864283050600169,good
52.62,-0.006013882204554813,-0.021731888144873708,-0.0011154138392507579,-0.004618244702464422,1.2464936834951579,0.0168610804734554,1.8129936765095838,0.900064479458507,good
52.64,0.02316812057200857,0.013127101470737576,0.0010131065158558434,-0.005820094187192188,1.235544233592525,0.026461529855699956,1.7359769633183513,0.9071407590992534,good
52.66,0.006582775604068419,-0.006751759969360941,0.015547941393428633,0.008790167863389384,1.113904342189661,0.02561445857961338,1.795186164474554,0.9142171568161849,good
52.68,0.01600149583437273,-0.014947901863398689,-0.004616695147315904,-0.007419309320087202,1.252133570565097,0.010114002572160649,1.8501823189993687,0.8955266609504541,good
52.7,0.023275633066792496,0.01028178947229694,-0.023471521658525885,0.009915495852549156,1.1391013144659112,0.017352879173544025,1.7872444345883505,0.8624360336139592,good
52.72,0.009878354742078375,0.006085059391722563,-0.008768646569033872,-0.008639704552356306,1.1731397292058543,0.0110555870440835,1.7919996846538206,0.967652644028968,good
52.74,0.03292419682950698,0.006209613979649158,0.0007382045806719401,-0.01714450536197298,1.1648516534616928,0.01886621304066598,1.7641097334167894,0.9639335733652851,good
52.76,0.024487384681213743,0.008510313314553609,0.030748678062133838,0.015603005589446804,1.3230079382421642,0.014840127959080882,1.7400940653618784,0.9608205253440454,good
52.78,0.005279804840389591,0.0017595997208525998,-0.007152713240636884,-0.03563307649515516,1.234793338418326,0.04683974945308517,1.833768827097621,0.9301233136477569,good
52.8,0.022278687644997137,0.016254056117505508,0.024878740536539386,-0.01465758220712401,1.1983021218598418,0.02689496263880466,1.7465110287414962,0.8594156769761003,good
52.82,0.010104725150888085,0.0069076924110047615,0.01717786660811449,0.02106772571181926,1.1880552501800545,0.031056473487899,1.6880745353576243,0.9259661388701843,good
52.84,0.03502880793699143,-0.004884422524026504,-0.00030155426415307294,0.010307942454938835,1.1859670187410982,0.0,1.8252777969583134,0.9100499407037228,good
52.86,0.02899827076166544,-0.0027083928459073515,0.023090150292690178,-0.0028790311577685398,1.2963972208742018,0.024810932170778798,1.7684648749110468,0.9660800749960696,good
52.88,0.015831576173580247,-0.0025879063084237207,-0.009629815328901555,0.006505784512891172,1.1827529654242592,0.011674873223837453,1.8022345215210098,0.9162256168364697,good
52.9,0.030526403193467062,0.010831382354622398,-0.013832220180207988,-0.0006202164605848669,1.1419630960904221,0.04397392584997061,1.7502497313455194,0.9108821795478449,good
52.92,0.024647099156237057,-0.006674843303874717,-0.004549954398472319,-0.013790832509046348,1.2054775724434215,0.03235137300984924,1.864080500360862,0.9903672455837592,good
52.94,0.035062781686378705,0.014480408990927974,-0.02521017327212576,-0.02580923530625796,1.1857944212473253,0.022179532083457725,1.8346063792193785,0.9149383883663849,good
52.96,0.03225304013208973,0.006992401739102587,-0.013449205348986297,0.018104769932851716,1.1514139377890633,0.006908459315434165,1.7322699023563757,0.9256546475287142,good
52.98,0.03131208220661909,-0.008282528685260838,-0.004802667934372948,-0.0005399348494153276,1.1549745708904497,0.026794201130311966,1.7734418343453908,0.797509523955213,good
53.0,0.01906999562773618,0.004234472783271189,0.015323334143463794,0.01215622030496413,1.242586666332792,0.022939489874082408,1.7809230259768456,0.9044648651652878,good
53.02,0.0005917050048382903,-0.0123731948463742,0.010114271788182163,-0.011947481592059458,1.2185426535306152,0.018434689841710452,1.7597915706294973,0.9017088991474314,good
53.04,-0.005500074415146462,0.003641283405337839,-0.008163577676137996,0.0029646825843631383,1.1721956711946948,0.03188933048505142,1.7847087033086961,0.8702382851839556,good
53.06,0.026235889329329687,-0.0088715783603878,0.02291149374087423,-0.0024704383639298365,1.1339619525267457,0.026121691470511535,1.829534056601722,0.9029974306740374,good
53.08,0.02439590383544803,0.018786509879285002,-0.007161573484990897,-0.004260483417344444,1.1662671173759096,0.026293135199674748,1.7776176899652942,0.9010694919338871,good
53.1,0.033342889479610095,0.005387993308558243,-0.0058462321679322166,-0.024592670264070297,1.2329970844827929,0.022198768800475742,1.757258568124896,0.9010430200535859,good
53.12,0.008631800627235448,-0.014347785853063448,-0.009066156947186873,-0.0029405285646333305,1.0896494088393447,0.02751349706054676,1.876761108449703,0.9797475958220121,good
53.14,0.019273024382758568,0.00040030613249020757,0.022089009130553797,0.006058316356057234,1.2260849180299789,0.023477626943526606,1.8208087113136648,0.9510550530461997,good
53.16,0.00026076415227283754,0.009548376286409959,0.024209473038101115,0.007791787052160544,1.1808101716613102,0.032723294969548164,1.8154750951435723,0.9517149027598653,good
53.18,0.01208612998728189,0.013818663854701594,-0.003294145925589043,-0.0075000520376050355,1.2828905112218796,0.0,1.8566517267243743,0.9247327215233672,good
53.2,0.01013110615438708,-0.033586786189922814,-0.0102662829359216,0.018860029597317408,1.249070674365909,0.03905191863873813,1.7424836516660722,0.9291596236999227,good
53.22,0.010858112728108153,-0.002731322511913171,0.007344362498848647,-0.015450286629735398,1.1977573551193414,0.021091610463188405,1.801569321810004,0.9597397395406503,good
53.24,0.04533505505139415,0.010346607033650925,0.001530671854599622,-0.0012037016197595303,1.2011008828012428,0.016720789299985366,1.7272757036219581,0.9166585500640823,good
53.26,-0.008147465069388007,-0.003868688358891653,-0.014404878527763251,-0.01671437515331945,1.1549776914909207,0.02288252712996446,1.751830073974424,0.9200901360556506,good
53.28,0.018871558772810163,-0.01408013403133779,0.008907022978370229,0.0065162546779895985,1.1311964129285372,0.012674664611601954,1.844265390942972,0.8808495356941177,good
53.3,0.02106577819460302,0.014353591913863014,-0.011971173230814676,-0.01226305067574582,1.2333609803802685,0.019225879127689555,1.8993642604316714,0.9577491539543568,good
53.32,0.010894843754225059,0.012035750065619733,-0.012193101037806311,0.010629708122163389,1.1860216768612946,0.026610833101205694,1.8026060727743276,0.920854288810542,good
53.34,0.02813944047357981,0.01437123407023327,0.001025571165979747,0.007437748943040622,1.2098704935279407,0.027230210197674465,1.8317033085033265,0.9242402121357198,good
53.36,0.034522261550518206,0.021518306751235245,0.006145778882204982,0.02654633043430646,1.1960544304399654,0.0342019730689773,1.7066277676959458,0.9190288288434058,good
53.38,0.03904451323330373,-0.018247469834772302,0.0033168253596174866,-0.0026105364743472656,1.1607039489836692,0.022338267359773713,1.806702568438184,0.8768642851618909,good
53.4,0.039301610251091,0.012476929073543435,-0.01263981460161532,-0.039743570591405056,1.1189276653602134,0.024048637948896164,1.7734569774224336,0.932321694792171,good
53.42,0.0020519248229857114,0.023123171659502943,0.0014101940841409605,0.014349011259383091,1.2768930238737872,0.037995884824841626,1.822155256107769,0.8186939031268111,good
53.44,0.03753506129103347,-0.017935711092351442,0.014300171080980481,-0.00201433861995776,1.2394731282616585,0.03663291494109406,1.728377794317755,0.8958861690477917,good
53.46,0.017519616350627983,0.010822019519802653,0.016042668678302976,0.013519779838043798,1.1712986321947416,0.027938630253940094,1.73743211752689,0.9662949544065503,good
53.48,0.011139636508399607,0.01352105415886674,-0.030456765947867257,0.03627969550078474,1.1712810535086016,0.022193702474683125,1.7976930040430867,0.8658358873982255,good
53.5,0.01746197521645296,0.004190871857548234,-0.0011920393719031816,0.029750161714228975,1.132991185245208,0.007801034505073557,1.7873046706534215,0.8862441582664883,good
53.52,0.016216249301451584,-0.001283459281949247,0.012176653640020879,-0.0013537354721659706,1.1833780828977838,0.03215334424651134,1.8033249768835988,0.8958209914184655,good
53.54,0.014413434304427193,-0.019521212081963737,-0.014016272180787897,0.018911217697860718,1.202580062861881,0.03836241185444188,1.7692638552022761,0.876384745008306,good
53.56,0.013006304746343176,-0.02853919618556532,-0.008327647940259142,0.018421474758426114,1.269245214035496,0.01806146245289204,1.773106854990254,0.8893215252788749,good
53.58,0.03970600788527463,0.008758212234924305,-0.008579779843802222,-0.010097006253771187,1.1223189073897064,0.024213100930245125,1.741590300033712,0.8749733548625007,good
53.6,0.010342213848402728,0.01355754998253762,-0.015354566675617444,-0.008344795175532082,1.2027545194042564,0.015816651219245786,1.7257386867233302,0.9385570345103321,good
53.62,0.0002263209846428667,-0.010087715804588379,0.01887669652079002,0.006132160682722191,1.2056563407814527,0.02346770250767118,1.8711391855808264,0.8392071587452243,good
53.64,0.010092206521100749,-0.025191160205886264,-0.004229986772159504,0.016592023562703534,1.2493338568458823,0.009845779190617361,1.8308684663494799,0.8371165859962388,good
53.66,0.03281272947384898,0.017177712958070704,0.014537968944242178,-0.00454194130331106,1.2261349454550134,0.023122425081885643,1.7516345858162556,0.8768760023939147,good
53.68,0.045450849726334626,0.013205772709253683,0.029402339484915264,-0.0047489429759300286,1.191623504980864,0.01508648181670411,1.8257458153735395,0.9041092550178605,good
53.7,0.04169782398821222,-0.02992114231855847,-0.021606837522793125,-0.007323084355799355,1.2067397309792591,0.03240082626529591,1.8290546196536814,0.8595686419617345,good
53.72,0.02387790496978286,-0.003464016468926994,0.0010878454184295033,0.002355917129523484,1.246287756923098,0.02162329452724384,1.7826947485170903,0.9514850936504244,good
53.74,0.01650976582472016,-0.025633460093243673,0.00962880345582028,-0.0045512630402448516,1.217275669678371,0.02486249487513581,1.8311373238015263,0.9068350973722156,good
53.76,0.023812444269070015,0.009719053936453345,-0.028618732529943295,0.016903152610983522,1.1831951782035597,0.007821515128907126,1.7525954374804231,0.88692536485239,good
53.78,0.05047914949693326,-0.0017010957754578263,0.006829434297205016,0.002384646735426321,1.2326771328693913,0.0,1.8153847464834678,0.8371126756858789,good
53.8,0.03718017306185857,0.008294340676178298,-0.01934052904537052,-0.002117954573296753,1.3324331670828384,0.013759123161934566,1.7519922558712806,0.9593050594161966,good
53.82,0.048147806261194796,-0.015300115384184739,0.006037374296298248,-0.040077214850203664,1.2076358301511023,0.012196035031332639,1.7865878790417955,0.8868415768964208,good
53.84,0.020123068377533856,-0.006988006962264567,-0.02617594541908859,-0.009293212086806762,1.1597437662030015,0.038756058915109144,1.7005786810836727,0.9024659415781409,good
53.86,0.0358213326238119,0.0038371103019865186,0.004574530358647241,0.0062512620226148514,1.2136869356247537,0.010693030866871915,1.7657153856030274,0.929648597981324,good
53.88,0.03448403110974286,0.0008049614368836808,-0.002448797127331486,0.01113850658826736,1.2279703008446845,0.00773367027723413,1.8519774504788038,0.9255104357316312,good
53.9,0.02909242892318885,-0.019636976874209382,-0.02734480198163688,0.002165560157998863,1.1674872076720832,0.03254711475203172,1.806752423137226,0.8286736027163661,good
53.92,0.02875495636286897,0.016729834311753896,0.001620224438721261,-0.027009366085371973,1.310190080193087,0.029944156605414135,1.894959829925453,0.8957418627346307,good
53.94,0.009030568847959908,0.008092892069536775,0.009286548146290284,0.017615572882095462,1.2041188825125928,0.022120537479943546,1.850362037824812,0.9415938286275515,good
53.96,0.03199424945290544,-0.0023261953175723075,0.011668875326407467,-0.006466204018347112,1.2325480136792868,0.01530815901520021,1.8079826820709315,0.8520137939351815,good
53.98,0.030615463597791444,-0.008475945916282632,-0.0020446411381625815,0.010240506938938654,1.2095453069186721,0.020929316094750298,1.7599853292749519,0.7587464591532519,good
54.0,0.04438020232301927,-0.0029497162871423423,-0.000947694248263914,0.00523933445774963,1.1349411256981627,0.012454333571581126,1.8204541003939088,0.9092414422588806,good
54.02,0.015471155230133139,-0.005981988526587292,0.003855508380222051,-0.008830993090707579,1.2252073013343179,0.026324918327133875,1.772174968733947,0.9338188034408381,good
54.04,0.0020516516010279286,-0.02199656125640463,0.004244606540134713,0.00713967090134185,1.2157749507834787,0.029135933115784746,1.7794967775947097,0.8243258050177152,good
54.06,0.02497869002657746,0.008409915951932669,-0.01902184999909403,0.00989847817070313,1.1893310837050646,0.0279012911343061,1.7792994387441008,0.869719789499217,good
54.08,0.01852383475404539,-0.015339722342857787,0.0038244415817849666,0.016873053168903054,1.2937193226721064,0.0077941282157285175,1.8778411420706471,0.9170189299244962,good
54.1,0.006833327040330501,-0.0013720394390714127,0.00559982836227233,0.01709939359597787,1.1886206611210919,0.012701779413874298,1.7915581346915044,0.9735275617438641,good
54.12,0.017306666831402914,-0.02426574134818111,0.015355345306332745,0.016167352322396793,1.1735626925060754,0.02918366477446114,1.8688621827993748,0.8792543983582894,good
54.14,0.022246385457444416,-0.014656565278224915,0.005261749877666499,0.00582424032293044,1.174926521372443,0.007561268250114364,1.728784308632317,0.95068449087415,good
54.16,0.028575507317069548,0.002278227769318323,0.0076999513308437205,-0.003244065274514221,1.3070140195970466,0.015560051142176677,1.763788316436886,0.8654050915065149,good
54.18,0.020911433426495228,0.011973449963527453,0.01930480341230083,0.00369065234825195,1.1846657578137625,0.016612867408974316,1.8944663888159197,0.8198578511254762,good
54.2,0.03583513285802941,0.000880979855970551,0.006657401828484462,0.005615091301631517,1.1645666015411091,0.01658505542745144,1.8326628182053386,0.8891369097725027,good
54.22,0.03613525473721314,-0.006695453493373988,-0.010375848827802063,0.007817562877884567,1.267065606915772,0.011261554005669387,1.8676310605136053,0.8941290041329315,good
54.24,-0.0016143379434166408,0.019982452207345357,-0.01400751119954135,-0.018543865948461188,1.2147294472117425,0.0006935879597451811,1.8328438742997575,0.8766650609400153,good
54.26,0.0001360337546252181,-0.014284082405260008,0.002215727481290307,-0.010974121347645782,1.1786434974305395,0.021157279768774413,1.7603066872945883,0.9499977773360425,good
54.28,0.011419111137563918,0.0009004096531656995,-0.00932446520638737,-0.009432020595616408,1.2099020787236217,0.04306940245286355,1.7582553072754348,0.9246477551780187,good
54.3,0.020507192152786874,-0.016689695228702943,-0.00032218873992919924,-0.0027848976137873002,1.1496049249980427,0.03515803679932704,1.7418158299614483,0.86234447634752,good
54.32,0.022136232430768402,0.002325799098441568,-0.01210885799376189,0.02525007247429709,1.2047822442972205,0.02333363243637277,1.8415803480540958,0.9008765324571553,good
54.34,0.02251747512573047,-0.003146973175217195,-0.017562899791539324,0.0006277760782344641,1.2073948711383715,0.005945944604024025,1.8043518566372323,0.8359442438439783,good
54.36,-0.000959357470502172,0.0017226673088523883,-0.0011865738945318852,-0.002144873726690135,1.205501086499921,0.014361260083516101,1.7694422650450516,0.8745518235565932,good
54.38,0.040049997900392265,0.010523774352231645,-0.0012846465828541746,-0.0060278209406041325,1.1608610974095306,0.011455855221528583,1.7201159469412237,0.9504805860396398,good
54.4,0.010974210271926122,-0.009507185269245214,-0.018564952883770393,0.04240872648051395,1.2612846252341414,0.013524978450695781,1.8127581898390432,0.8872696463381984,good
54.42,0.03379776269481867,0.006181223422436233,0.005892055900344333,-0.029211932182658572,1.1686333309614048,0.034982447790179644,1.7408523932962834,0.8288662446098684,good
54.44,0.012568346999500426,0.01221134325834608,0.0240998513532915,0.00205444049260884,1.277012102254794,0.010084340063441888,1.7330654674296837,0.9180581923240007,good
54.46,0.026859209481660856,-0.00920449153025021,0.0037218372943289067,0.014858001766993477,1.2796158637845927,0.032353166752532914,1.8167359198485464,0.9213486322513295,good
54.48,0.010820095193530919,-0.009299404645079935,0.009447407878365281,0.013756126876502425,1.280720206519068,0.010757983977945591,1.766284240378222,0.9288767819850422,good
54.5,0.031052654524123063,0.017457862275465273,-0.020927533678326376,-0.01104366231743618,1.2652498126637248,0.008619643240113422,1.8383900767566315,0.9074454396505978,good
54.52,0.018499933720097075,0.019336590997931717,0.01747475161473769,-0.010232155237012482,1.2074387217376494,0.01452375001413084,1.8352810617544275,0.8752795470379963,good
54.54,0.04101871760924806,0.005422030138122568,-0.006689907344774956,-0.014654816945757045,1.2177714149228747,0.020331845706826564,1.7875229226899703,0.9283975178625229,good
54.56,0.02162222424128293,0.007492515976824126,-0.008351249365156313,0.006275454512895894,1.1888414256530535,0.0,1.821543124879996,0.9560889307017189,good
54.58,0.03285669577645194,-0.006816019081032125,0.0050063910846145756,0.013424581563821324,1.191970928400919,0.028446816419494255,1.7536544029259349,0.8596782326061391,good
54.6,0.02022738565024342,0.024635537113397225,-0.0017393631051610377,-0.0020720990526385983,1.1789103532955882,0.013124749756359933,1.8250887116439949,0.9629322651099957,good
54.62,0.002401390733773496,-0.024383525887112418,-0.001198085031606633,0.004289756972249382,1.145851953266448,0.023926688779484603,1.7677330699823006,0.8737193273952969,good
54.64,0.04622489532240748,0.0034697089961708456,-0.010258100163138965,0.042754273208760296,1.1548928854627187,0.026248002482747838,1.7766149067555377,0.8454307758504699,good
54.66,-0.014475679398132425,0.013120770662275983,0.004751054169054165,0.011091559933885161,1.2633715364812903,0.03416631361492255,1.774455201854522,0.966469602536331,good
54.68,0.032219103097639326,-0.0005467248689544862,-0.01984328047877882,-0.023896698784657555,1.1928219535546043,0.018588081406542327,1.8589987666625785,0.8712769618268605,good
54.7,0.012853940796854162,-0.012819165148422504,0.03439587290053821,-0.007295502533318706,1.2129539540075398,0.022704036036798585,1.818379061293095,0.9689748199068906,good
54.72,0.03364223591982471,0.002376234673280589,0.008519984656427764,0.021070680090106386,1.1891281425972262,0.010034761632327667,1.788127538884992,0.953923753427408,good
54.74,0.030772394564473872,-0.002123905340103256,-0.007015288600710727,0.005048979106944981,1.1718796276354138,0.026747410151827772,1.8036229052189714,0.8607325255434092,good
54.76,0.015555757396702823,0.022372210460840338,0.003417310944144684,-0.009582019995897017,1.2481594110726737,0.00584478868814017,1.8543013179625132,0.8271916076898215,good
54.78,-0.003101886818287767,-0.003995845070337245,0.007426896043576246,-0.012703262914541978,1.1512797997178996,0.02603139885454663,1.7874184135642808,0.9283932045497411,good
54.8,0.02281273398903729,0.0004522619374385486,0.016468583997594065,0.011908232263651206,1.1863923560664569,0.009960963919342562,1.752770552736753,0.9226306164184901,good
54.82,0.007615572723182347,0.003590444526318268,-0.023333831664129556,0.0025725562780082164,1.2244232924913245,0.030811021349194,1.8147564885210858,0.8851675607217591,good
54.84,0.020718262294148065,0.00041454858098954585,0.015771282121510685,-0.0032530189077268996,1.165494417861395,0.03443875238053925,1.7976450397120922,0.8864387003606172,good
54.86,0.01204576809763239,0.03059024659577517,-0.008944957496140807,-0.005566413707991118,1.0856465210650035,0.013100049655607838,1.8089118328706884,0.9625327197423564,good
54.88,0.006771051887590974,0.00483320686546523,0.01023451652303206,0.0027754264210712296,1.1969804885389341,0.006007783874435877,1.733408939060193,0.8585698539687714,good
54.9,0.04398688762843449,-0.011874577913879896,-0.01693016513597345,-0.016107455316807566,1.1467718898237806,0.0052893941376013,1.754611297281779,0.8410136876141994,good
54.92,0.013886584291613996,-8.554185668820769e-05,-0.013237422129110872,-0.008754414431633366,1.2105506503492116,0.008225513457740991,1.7901355704041368,0.9363899724833887,good
54.94,0.03163231201040451,-0.0079010170525235,0.004779281743178573,-0.0031462337182188095,1.1784865797086492,0.00922551515721923,1.8401127658913665,0.8554991274055359,good
54.96,0.016814159975717138,-0.03201962094256762,0.007974189369507733,-0.013099533309061205,1.268065691366291,0.023866921592151577,1.788666559277144,0.9112521952179254,good
54.98,0.020811356404341372,-0.00692085536166878,0.0033360326245438837,0.00390033543732877,1.180370688238686,0.018849305357275466,1.8171992008650746,0.9669966984109486,good
55.0,0.007080402424878477,0.02296418538001553,0.0004218241494511502,0.017639797785685998,1.2017078147609572,0.014757123982719817,1.7724657892693307,0.9571211660467965,good
55.02,0.021621696911661274,-0.026046687602661753,0.014591233793351066,-0.011928742764160193,1.1948281585805907,0.015426329927575845,1.7259456420408412,0.8656596202568748,good
55.04,0.03724069299492302,-0.0054172901860612575,-0.01692505615558394,-0.015466646896694245,1.1823117588786243,0.005244746887501992,1.8220337999398462,0.9550238962865218,good
55.06,0.021266072197426888,0.0030146779634733956,0.0019077623027624214,0.032155525951009165,1.151444187058116,0.026536132308635964,1.8182909784147199,0.8208020996750809,good
55.08,0.02622352450659636,-0.005659735009515126,-0.01620786335861043,0.004318034667643877,1.2223846824066706,0.02949243346904813,1.883984736774641,0.8778604277633152,good
55.1,0.03552540350024008,0.012305114139069404,-0.01728529662791852,-0.0010765141510184796,1.2397787399277311,0.019296914604503737,1.7615531087270508,0.9341690915990942,good
55.12,-0.007525209270248855,-0.011594802086637448,0.00695798407018154,0.019134696533711495,1.14742059272605,0.02228808583801475,1.8457167846998501,0.8977792376859144,good
55.14,0.05496269900416936,-0.014013537097948016,2.1318054140188588e-06,0.00323435661599743,1.2384738072837251,0.016880070545063297,1.795726503779374,0.8934433544938912,good
55.16,0.02167220471452393,0.011118191679926134,-0.006933274306679975,-0.002676135102726469,1.1880371812738664,0.010586659149063647,1.812075871241261,0.8859029213503753,good
55.18,0.0065803325523403474,0.011443957881227656,0.005363605961575044,0.01929725638303208,1.193132404866902,0.022632867707111187,1.8286519376466632,0.9884973012515536,good
55.2,0.025733011813136232,-0.0031093757217280824,0.006728443582686771,-0.015703570737489993,1.1717202985101842,0.021005871341467246,1.7491980264087712,0.9487548327645655,good
55.22,0.04037310760518163,-0.013217233998292255,-0.0038337835494902444,-0.009905422726536182,1.1323401005424016,0.033011380139356006,1.890707304501181,0.9818712205548661,good
55.24,0.02636115851981768,0.0024645748769546835,0.008421262712037749,0.0005028663765006058,1.1859478925994618,0.019345728342820875,1.8693725048505538,0.9683353923472362,good
55.26,0.023974033867825092,-0.008145189036753394,0.014523861330302798,0.013246793138712291,1.1962078330265546,0.02143232725788084,1.8404001410139996,1.009843275590253,good
55.28,0.034869306253169315,-0.0033076367640905817,0.01282406243535226,-0.015678271207957756,1.2137563815161434,0.031232816650226546,1.807469990674252,0.8950722829870846,good
55.3,0.0286244533364377,-0.018609076741620302,0.008534650208090447,-0.004529456079676286,1.2470736810483491,0.01422974039176173,1.850325668019746,0.8758499578289726,good
55.32,0.021946972325093322,0.001204015491261681,-0.005747584513075471,-0.00038767870671377254,1.236888493694899,0.029604118444866954,1.7796409637262813,0.7941574817034008,good
55.34,0.009999894789820742,-0.021020693086251582,0.01729166252613022,0.008069934368964533,1.1608338971575534,0.03200009547268046,1.8086143459754642,0.8776170932071921,good
55.36,0.018996585597003766,-0.010859983156961937,0.025131593988288764,-0.0023500370808960725,1.166983734920735,0.016019208919416186,1.815630752317176,0.8150241099211095,good
55.38,0.02568021296131478,0.037670167115100114,-0.004183331740285054,0.004885799504638313,1.3049615179632554,0.013955991330511125,1.9687793684442167,0.8524594406483449,good
55.4,0.018437032978458775,-0.0016676975677544464,0.004794470656566061,-0.0026527565911539405,1.1858696974037277,0.00029912273514906,1.8489697610394051,0.8921560958149167,good
55.42,0.029909788454714835,-0.02035607956614851,-0.01892624517915781,0.0018530230872412093,1.2107203989858304,0.019997224574113563,1.8432094246340174,0.9080794940431233,good
55.44,0.051930334775747516,-0.002390392894374515,0.015779478765475093,-0.0028825711553535755,1.1521281613280203,0.01413822359931425,1.8031942873330222,0.8514458260679539,good
55.46,0.013591962698101064,0.0026285162976933483,-0.024051083214730686,-0.00324230789413088,1.2755706954397383,0.0,1.7111110452821778,0.90302061838196,good
55.48,0.0058196310876021265,-0.01072408345764754,0.0009278788191710666,-0.013005136820499336,1.2933428816277446,0.014524430404502912,1.706026559680769,0.9979181974022933,good
55.5,0.027793457198483588,0.007090015483700818,0.006385584540787774,-0.017972785113283242,1.2351998324726587,0.023630529299388178,1.7907661314425458,0.8800436856498336,good
55.52,0.03573547781062209,0.02949392476488779,0.007702377162638541,-0.010341898294070688,1.1122158750728146,0.019807003983882385,1.864308039915242,0.8837108115204583,good
55.54,0.01814806447137967,0.024747399813354286,-0.008979686787119452,0.0006493731645718981,1.1827141367284522,0.02003075497728562,1.7772816182472733,0.9166963266995694,good
55.56,0.04515569743269039,0.006017837874206994,-0.005255004253524772,-0.0059749038670272306,1.1712328082371246,0.009428183813048002,1.7970913716889267,0.9324147675533417,good
55.58,0.0005083264088156366,0.008625153394326167,-0.004349671059057785,0.00910073013540341,1.1771062436614679,0.024209177926827637,1.8988563591080567,0.941050557508595,good
55.6,0.05029080017437826,-0.009360567706719024,0.020184148423863325,0.014380976102281694,1.2119898871268844,0.027970540051063225,1.7279995649241233,0.8997843914090821,good
55.62,0.03325213824912804,0.015166053137699089,0.009453244293590813,-0.003515047523336431,1.1004047093247804,0.03815854955769759,1.772374601559689,0.8728720187390286,good
55.64,0.010610455941719218,-0.009185073838831624,0.014568482518340083,-0.01983621699870913,1.181554973938121,0.00876414712255709,1.8206659978547164,0.946097178404129,good
55.66,0.013164580885875238,-0.016644730680422663,-0.0042278058757443905,0.005789987641754082,1.2538645979929972,0.036316924082193586,1.7393103045030418,0.9847358332711725,good
55.68,0.03625957250271891,-0.01078321280181309,0.019002601574415284,0.04038389604590086,1.1566598037300388,0.023696600472503684,1.7870423325204674,0.8726002455340838,good
55.7,0.0034756080412940223,0.002235986793007743,-0.008342844187444944,0.008132971525632745,1.2417443717386136,0.008705124698651786,1.8274061934804258,1.0086244140371237,good
55.72,0.013019811722160326,-0.005802722254612427,0.029591638191729504,0.010824835921323484,1.2317152373720424,0.03002083461466957,1.769258805166302,0.9722235509608618,good
55.74,0.025635442603449975,-0.002526372645145594,0.008194140683112694,-0.019313719347199738,1.2189468046385672,0.022748076667983726,1.8319758569579494,0.9583281613771303,good
55.76,0.022870764096793332,-0.001769755212868869,-0.0011155964404568532,-0.01308321930606553,1.1329934661565517,0.045433972355994307,1.7806048058850816,0.9303075231530344,good
55.78,0.022464344687996757,0.042479811489548984,0.006822045417828952,0.02206363674361848,1.1592535925861391,0.030347340950611895,1.7794578390558322,0.8039180853263532,good
55.8,0.036542629082528866,-0.01963529937782009,-0.0346592002367974,-0.013302564364542956,1.1719689737838528,0.021393624758996102,1.8459205790282436,0.8992017787766384,good
55.82,0.0013934815954456264,-0.018916377483546333,-0.01263738920774793,-0.019699090265427127,1.19962719492399,0.03226794302530014,1.8168767619550616,0.944095805450189,good
55.84,0.03574361510904882,-0.013421867495633621,-0.009824747216753365,0.01422301156659883,1.220467342104421,0.026582259592066365,1.8107896809670123,0.911087755643717,good
55.86,0.0298900018306416,-0.02087545903053048,0.019072319505171634,0.024754407393965557,1.260253931154962,0.014681175258161087,1.7926015361503258,1.004874931415542,good
55.88,0.0027045066043722894,0.004357397178059622,-0.020373857039605314,-0.016904379746143523,1.2558831397635832,0.03670452721150052,1.8658952173785435,0.9084056238019994,good
55.9,-0.0010280912299119585,0.0006153698020403512,-0.001181003758450298,-0.026509508295594886,1.0858165372499438,0.007751955624211706,1.839399133946131,0.927355501912311,good
55.92,0.056429593809861504,-0.017112084742844928,0.012219028680562152,-0.0021964233515266393,1.2366204736923998,0.010820852782313905,1.782356037812398,0.9078026016570031,good
55.94,0.027699727919923797,-0.029711343671042625,-0.0008486521790969757,0.008572965127576606,1.2211851666076916,0.0263006433296883,1.7906410906795682,0.9352162480619343,good
55.96,0.05338039332175185,-0.006732271643125619,0.01812607484578957,0.0024777834196685364,1.171848259201658,0.011019073411894911,1.9213043383514798,0.8382663966180393,good
55.98,0.013858448213662871,0.003967613406986095,-0.012852671639496728,0.007467893265863123,1.1562944807006532,0.022242097882907222,1.8667547472256116,0.8134881841491188,good
56.0,0.025048097693369818,0.008331485451615366,-0.010767448214817349,0.0035879365332173374,1.2941928119713244,0.01235969092740631,1.866656890731649,0.8693709940341794,good
56.02,0.030906780159254844,-0.0026036822180015217,0.01319894184588698,0.014868799748173222,1.185916885780865,0.009137205126122452,1.8199167662805475,0.8660325238943585,good
56.04,0.005491136768018392,-0.024980816179595633,0.008968456626220873,0.006322461165100735,1.1353046947590864,0.03699135691792808,1.810355665828932,0.8953918204568,good
56.06,0.017791294326799826,-0.000665476426034983,-0.0015554318146282838,0.029238195607470062,1.1159809879319864,0.04307146695365293,1.7693725490498389,0.8110616111967258,good
56.08,0.029202174661238794,-0.011477881764071225,-0.006213228503818992,-0.0020137451168348395,1.1870441694118283,0.019996681256816348,1.8495831884723273,0.8478589650439607,good
56.1,0.017513133442167518,-0.008833298718950043,0.010267590512939536,0.020519595454437958,1.0773443164975247,0.0,1.8631393293647416,0.9056061018057072,good
56.12,0.01630259805105962,-0.004241971573374665,-0.017882172483687495,-0.009613347545361483,1.2309729531934424,0.01701651156104301,1.7892516190585461,0.8417642962867058,good
56.14,0.04124939905045122,-0.00833261546156072,0.01367911274418218,-0.0033399551101966937,1.2777773752387163,0.0030742043623163927,1.763182544325225,0.9000638886520254,good
56.16,0.021374215112531476,0.014758127246595481,-0.01999886236056128,0.00949548367329147,1.1811092546215283,0.01950052492258351,1.7341658358976004,0.8507494531160437,good
56.18,0.04563905153089763,-0.0040728958857985265,0.009006431890712204,0.018343225186752698,1.2733754520097214,0.03290537173749184,1.6987383109397076,0.8553447105654373,good
56.2,0.020338893562615423,-0.009394484468187773,-0.02498236232775051,0.005459211434262918,1.3055448313124685,0.025747783345392797,1.7806289819688366,0.8457770356687638,good
56.22,0.03932694183279223,0.000951972403533313,0.024405359363744064,-0.010522199592919192,1.1869354850598468,0.002458132562042068,1.8291818534688722,0.9559705244656121,good
56.24,0.018144326693132536,0.012109963522094234,-0.010201861344293637,-0.008707448804522176,1.1968455385422023,0.014006859204343951,1.8546196059805025,0.9427697728077586,good
56.26,0.0326003497571812,0.006120052547443011,-0.014994340360477587,-0.01181306548250239,1.2101522767939334,0.035015087321368356,1.8591249483378949,0.9221584638394048,good
56.28,0.015321490101704182,0.008481789577075223,0.005767766455001037,0.03490298190827657,1.1019230933100292,0.026378103922118395,1.8136934156419011,0.9224422987389773,good
56.3,0.01903410847193031,-0.004430837166350271,0.006923255716047883,-0.008886024715421131,1.1701158928799344,0.02450682588126866,1.7147213782320616,0.865227453057266,good
56.32,0.03564055974503927,0.0042778069087151295,0.019384884209592834,0.007251564379241493,1.2709007731853674,0.03215479902732694,1.839854297905106,0.8415789573467142,good
56.34,0.02631241407203044,0.025184031450619863,0.01905773461779379,0.023594858150620852,1.2002201115919924,0.022305950779164866,1.8355742840473257,0.8466681180472759,good
56.36,0.024776533892661313,0.00508772424412052,0.002705959185713373,-0.00792844614886421,1.1847529515468813,0.029263908758729376,1.8180474271600282,0.8859228782785084,good
56.38,0.027096552839615966,-0.033677751187159266,-0.02355809674219235,-0.01897182727693524,1.1977107777750757,0.011918503252757178,1.7959045349910585,0.9494765123656023,good
56.4,0.030665599439107197,0.0008256757765663445,0.00430583651230059,-0.011395757075918026,1.1843814999969737,0.018886372374021906,1.8003667592210737,0.8898383949744089,good
56.42,0.027356240556831092,-0.007872786356571196,0.004633487813335982,-0.0014228597717241924,1.116250061146522,0.014604126206111626,1.7755344350785744,0.8953841388874804,good
56.44,0.013455170948288303,-0.026159136897558076,0.017887947393792472,0.01509717848343867,1.136119493556197,0.011406621828840759,1.837987977504596,0.9196763187153524,good
56.46,0.005342897646406651,0.006622068607947408,0.018752674844268253,0.0017968041894226355,1.1613632736199397,0.023488154832082477,1.7682102021063841,0.9050035423876146,good
56.48,0.018761285842518356,-0.010186927670762342,-0.0009184790326152443,-0.01185646187015953,1.1600913747445298,0.002473663029457491,1.7546578170241092,0.888782944899288,good
56.5,0.007595333269695485,-0.013043721674615203,-0.009190285719718225,0.0013217199431323934,1.148200925582098,0.03188273438393374,1.8124982031532755,0.9275820837135795,good
56.52,0.02870978864450721,-0.0012540768380700303,-0.0002612126261437484,0.011236106984144748,1.2517461114748474,0.002252916336160107,1.9042732420200648,0.8025268564824385,good
56.54,0.008108813609790105,0.008783058836720028,-0.005723955267229861,-0.007295107852941204,1.2082002986333626,0.012964913722507918,1.7764087935152182,0.8670015183414725,good
56.56,0.04941758258846221,-0.017481988211322966,0.014784410477214292,0.034064369144128415,1.17798498306093,0.014893844821316475,1.7489527133093707,0.9865980254578975,good
56.58,0.028167433667533506,0.027073854651583153,-0.02776371408999773,-0.021978438653202786,1.1932919351812874,0.014052672487838643,1.8415283219181935,0.9412012509965368,good
56.6,0.004749040135568934,-0.007431792350186888,-0.005776431873918148,0.014136580777707505,1.1689927509650095,0.0,1.7951849692075688,0.8162678199627101,good
56.62,0.02522858853567827,0.02229217707387465,-0.022828019747758527,0.0028221727667011526,1.2233714861587366,0.019755093425795317,1.6715896058413862,0.893260816075166,good
56.64,0.05293079096766033,-0.007171630340145956,-0.0023985006218345006,0.0196483710833476,1.1921660231176914,0.019846143750753237,1.877822681535457,0.8955409185117484,good
56.66,0.025474806643436418,-0.018349286276687814,-0.008954223788658885,-0.00044515784686361505,1.151858356716058,0.01438633067228812,1.8688647148581448,0.7930392022761201,good
56.68,0.018035836563881896,-0.0028640299650106857,0.015916869792699205,-0.00903162925614631,1.200847542924877,0.01944389391420998,1.799177061942355,0.9519180529382535,good
56.7,0.008421227463810613,0.029319413577239935,-0.0018839317007996214,0.012784887914511645,1.2335571796402545,0.0,1.811018483063701,0.8324742739171279,good
56.72,0.007132310888866868,0.0001311986069060029,0.006810035894899477,-0.004037730272121859,1.2508331735017764,0.005395868938453159,1.7348558920125574,0.8213048323792915,good
56.74,0.012564085941316576,0.008411399862456334,0.013008629223245012,0.012145018113100254,1.187496918054876,0.037598523999279605,1.7858860012531483,0.8595015986648594,good
56.76,0.029877372674486445,0.0037922093968076253,0.006314807784606669,-0.014739723138326843,1.208460321515447,0.00296708200167094,1.7927122465750234,0.8707768830037756,good
56.78,0.03857767228148036,-0.012633389837494687,-0.008233760313463711,-0.0028462512557406294,1.21999021947742,0.03880130905401429,1.8321979140293054,0.9090340366180978,good
56.8,0.0024249799628075215,0.0027614184448423677,0.01025495620060452,0.009233919631876067,1.152199555469003,0.035532269816588136,1.718248017521675,0.8108133050020343,good
56.82,0.012549794481293371,0.023765521432366536,-0.011735180077718683,0.0058430979230746,1.1808933469256093,0.035340077140375376,1.834887479178932,0.8752970742516594,good
56.84,0.0047560304157811765,0.004548526529056818,0.028297031607868794,0.0033084894410822844,1.152540125235944,0.022604414291787264,1.7983581987753339,0.9220643631201739,good
56.86,0.022393591341436314,0.003643906721115347,0.0003526620504176801,-0.02003532511732477,1.1395491978546117,0.021106687573990417,1.7348018384453243,0.9730324428365851,good
56.88,-0.015359555248572757,-0.0030065789753442977,0.005794520768320621,-0.007579249992502975,1.1705625340186927,0.0,1.8628412263620773,0.8610223746973342,good
56.9,0.018128946848327443,0.0016862868244255835,-0.0009939185509586462,0.007071767902649009,1.2631562899488809,0.026342705470519968,1.8147125889138789,0.9177635508847662,good
56.92,0.03260096482629458,-0.008080090000940949,-0.00992754525382521,-0.007169643145398781,1.1560382854520306,0.012399482084735233,1.8248553181672396,0.8266928632396866,good
56.94,0.03889814202856087,-0.02061940822822455,-0.03177771477271167,0.02263563771088932,1.2277508696185178,0.012077201764705985,1.7702320525683877,0.99115474581076,good
56.96,0.0011701157671876155,-0.0007634404025486938,0.014134196692920261,0.004532780073769696,1.2375266328134158,0.006003704706401032,1.8018022889082066,0.9356924256302609,good
56.98,0.01537871592392197,0.025167063772013387,-0.0032740864890243044,0.003260068357718534,1.241420411411565,0.015531055929823793,1.7355881803146624,0.854598615175927,good
57.0,0.02218027201002852,0.00435736480562048,0.007735259866755334,-0.0007896372385535373,1.2244621526049866,0.009021405337522381,1.707387784680623,0.8949655464620654,good
57.02,0.014263245915729137,-0.012892225314673936,-0.008372207915490237,0.006396258850085856,1.281138256377411,0.0,1.857312902840802,0.8365339071773772,good
57.04,0.04673499928427211,-0.0035027872127417607,-0.02026990891446748,-0.03731950295393228,1.2254934818654744,0.02219227018205266,1.7831860457493458,0.9295094597991298,good
57.06,0.020581253694593175,-0.007886376669405785,-0.017964967776952306,-0.0133233675594674,1.1920441398740342,0.01820740963527036,1.768620598630769,0.920067468842977,good
57.08,0.029693463154845137,-0.003140813755368114,-0.010174077017116796,0.01500092088267014,1.1590300073755158,0.026970535865084636,1.7392170510198683,0.8530886533794578,good
57.1,0.014500560677077745,-0.0266421792266947,-0.022707851833117434,-0.00516863028923064,1.2150473847224068,0.02540184826541691,1.7052326978816594,0.9355996909605494,good
57.12,0.024050411840156275,-0.01984429303371482,-0.007324990618465009,0.0026298060862342773,1.3244523622788427,0.006445301286945802,1.8543461721741306,0.865662456588026,good
57.14,0.03635172267039996,0.01750377483189664,-0.019191530420074463,-0.0177373149243251,1.2236289298474754,0.015269946381978846,1.8618423043070196,0.9041143780771987,good
57.16,0.009491598187241008,0.003740345034499368,0.013772674999487089,-0.008179440156178027,1.2142822671059463,0.027003527982694498,1.7394475745443836,0.855811636867992,good
57.18,0.006941755682535958,-0.009065987100737317,0.0406401630797951,0.02284401296467112,1.2349865442529118,0.019820048308063637,1.8246543842566112,0.9651604898495786,good
57.2,0.05609443596242148,-0.0074518539146003265,-8.553124229642297e-05,0.00426390367581131,1.1450882652681513,0.03366897706560628,1.8134836375289056,0.9954033130497785,good
57.22,0.01985385249835376,0.011409031933878797,0.0073946028324160026,0.012136493452127193,1.2797279911298003,0.03458387910601227,1.7258178088935594,0.9230371403550304,good
57.24,0.007913396057336864,-0.006066935680997885,0.007371579270592243,-0.0004978665084895924,1.1958222680434871,0.024310438445192442,1.8560362138835595,0.9280793683593024,good
57.26,0.020850891338918907,-0.014017317397132882,0.02038391323192489,-0.004544534231403387,1.1874155202363905,0.026614570637335765,1.7607952222657428,1.0121838515863868,good
57.28,0.015071383080518733,0.027496260411262272,-0.016687883047929578,0.002941676691197534,1.2229030693221832,0.017641676445253652,1.811565016513118,0.83608714568525,good
57.3,0.031150112068543297,0.006959614847085737,0.008487207979647674,-0.02811571444050287,1.1597530507942944,0.012654800310657877,1.8199173529996124,0.907098629513931,good
57.32,0.015439241322781072,-0.008531124151414736,0.016240462025538086,-0.017924590683710242,1.3386085369511584,0.004062012208155803,1.823917061315337,0.9682512197785618,good
57.34,0.015609074278124602,0.011290020380873228,-0.01055827204695106,0.0032969323204989367,1.1835091285425139,0.012012439879233726,1.7477089381049988,0.894131396485217,good
57.36,-0.0010994760065347526,0.01843748439899765,-0.02402948175872236,0.009886268115913026,1.2205438065061296,0.03961422586483539,1.8435257356404224,0.9087534687290365,good
57.38,0.00022274746533991095,0.004878484239186015,-0.0032296239233235847,-0.012842928159782125,1.219022496114116,0.03969804032540824,1.8214190325243902,0.8695909988497773,good
57.4,0.04338238459775518,-0.00438161516263092,-0.0071048319959084475,0.0066037998446658586,1.0904556892816308,0.02969084072562141,1.8025209855855309,0.873881241718913,good
57.42,0.01695625006233265,0.0013702127295923568,-0.010197103330900103,0.004931210988658098,1.2685001724386429,0.022494107593039513,1.7950145527455479,0.9184905984560019,good
57.44,0.024526210649403104,-0.00017144866953331498,-0.03344247878851449,0.004981004245061161,1.249099222505039,0.02276930795229248,1.8763960894030347,0.9276762205795287,good
57.46,0.03199272372124493,0.008129689177063526,0.007157035481618352,-0.0056073117475937745,1.1584664200472803,0.013741257250481595,1.814652282471834,0.9188070896822736,good
57.48,0.017519634180289772,0.01949118499886661,-0.021817394881555707,-0.0010400034851576576,1.2258975932851686,0.027178355679988792,1.7946854836412842,0.9119561223228406,good
57.5,0.017981221711651084,0.014476905370103512,0.001847043498266786,-0.011058912326868101,1.225308023529482,0.01564254658532246,1.7673887904146108,0.9160354942032303,good
57.52,0.046839748434109964,0.01203813737843649,0.005876779641775022,0.020676033010368595,1.1851502243189402,0.004080284664495364,1.7777562019393995,0.9445646968783927,good
57.54,0.02141074965697602,-0.006850192980802265,0.006469715244286264,-0.01698852989943134,1.200508061700377,0.0251564658544854,1.7335344244508437,0.8884085532378309,good
57.56,0.024063773107647485,0.01040828943161741,-0.027177848074698967,0.03018603305644609,1.308364819693425,0.002641345448566552,1.8348469382785084,0.8832728303913525,good
57.58,0.0023542501566139024,-0.010413320054572597,0.017328526690994096,0.010028530261544223,1.174423425156367,0.023635899013576288,1.8113068527776481,0.8805072432883768,good
57.6,-0.003365510518883432,-0.000396098617009049,0.009451800754774883,-0.0014745204806505088,1.1977173015251183,0.0,1.8902440868273946,0.8886790450411857,good
57.62,0.02541446704519537,-0.0013421721632572413,0.0036364309702143463,-0.008639357348742827,1.176681940781619,0.015742755314797803,1.78206825850632,0.9079309146817114,good
57.64,0.010011053966868324,0.013252460982032147,0.008506225745618394,-0.001108022697197529,1.2259877938462453,0.026713448636359025,1.8655625509013944,0.9099323900273766,good
57.66,0.02368241510709657,0.01495108563063251,0.021721198309124386,-0.01364506991998455,1.2630664385135415,0.011773783126813297,1.769080832872591,0.9188484583658665,good
57.68,0.040243004263876295,-0.022067804628325385,0.009513440385709818,-0.013563593809043265,1.1493786460278366,0.008996871061758288,1.816095155559922,0.9472533250958034,good
57.7,0.021557321744883624,-0.013875525173641087,0.013993791644114857,0.009810979552244341,1.2582284210730479,0.02679722282916241,1.756029927527305,0.9362684829520501,good
57.72,0.021383535571516902,-0.007132190315786047,-0.003117748756083173,-0.018653328378962792,1.1548870105933542,0.0075587583922469516,1.8367403765257047,0.8559228578542895,good
57.74,0.055241063269031866,0.016693457631899524,0.00294544031960512,-0.0053324955653385004,1.2366621499290136,0.016929470201001367,1.8310389977006412,0.9359334132539339,good
57.76,0.02925342983728797,0.0028632315967697225,0.015047433182875979,-0.029082212128423015,1.215119571263434,0.018894594687910875,1.872472106289337,0.9339551852972915,good
57.78,0.031034336938067057,0.003212226596975851,-0.0052905228114949075,-0.012690794325557858,1.259708280351923,0.009775929542650304,1.8355323979577847,0.982783274036112,good
57.8,0.013133997787300896,-0.010566844025507149,0.0002618905952749628,-0.016410985678316635,1.1828388184721892,0.02056898331564556,1.714219674839722,0.8583046768821768,good
57.82,0.02039774214373417,-0.00110610149939634,0.0030288003707130925,0.005103314142624269,1.2266861128004252,0.025947671773650885,1.734714846173822,0.8678320993706469,good
57.84,0.020521413894311783,-0.00036900288241921837,-0.010056081754164156,0.008339393989584882,1.2405124862332075,0.016936393016014833,1.821011327600038,0.9074111787024195,good
57.86,0.025438208906669552,-0.018358210769318376,0.01313583799923732,-0.013461111716321946,1.11462302333661,0.022603266211800786,1.7807758930966857,0.9546234141697527,good
57.88,0.021010025474312317,-0.012788371966753826,0.008763714556786276,-0.003947606650315058,1.2059681897037762,0.026437542516156317,1.7786717711055173,0.812251929346862,good
57.9,0.024209518002830298,0.01726677795489301,-0.012310242552358313,-0.003897857148343023,1.2104830912037126,0.023235136071438095,1.7967692829249617,0.8975125682713363,good
57.92,0.015803707632285915,-0.02135109145364135,1.1861209879063372e-05,0.0017066403177095294,1.221301011784131,0.04356029438564808,1.7691558202452604,0.9240444071018925,good
57.94,0.018401512212332653,0.0036674290111160337,-0.015080821180623072,-0.006189597365407529,1.2057618953321088,0.029984939041318468,1.7942535619026838,0.9313954552504179,good
57.96,0.01517014866541496,0.030801254349110442,0.013928832140892234,-0.013563284419216292,1.1697392568943257,0.024431816543221914,1.818634623748059,0.8766492973282268,good
57.98,0.004251990980120271,-0.012932307519880386,0.00971799151956455,-0.017557433290127267,1.1737149635225599,0.021021568946090367,1.7183277630966665,0.8793473030236515,good
58.0,0.02273860772852045,0.015492726352259461,-0.0035037442839909445,0.027043007416886707,1.151683267807242,0.02029627787216453,1.8491297853623805,0.8633938940153102,good
58.02,0.0289802185518428,-0.019255273025585898,-0.013116835454509822,-0.012694989053044827,1.2002447776885283,0.02031419217847701,1.696798669547033,0.8761838876941364,good
58.04,0.02737980659082206,-0.003077556609019497,0.017591628179753058,-0.0031710497697639024,1.2261451646020138,0.02004331223979129,1.8214124365188136,0.8389589625220272,good
58.06,0.032758088879053175,-0.009415520649099562,0.015953643424849874,-0.01962420022660581,1.2010442321565966,0.008508104642031623,1.7795875145172868,0.9275369737452965,good
58.08,0.00957223019707478,-0.018831629985108605,-0.001309369870715154,-0.02715100063482127,1.1674744059927138,0.0152019585061402,1.8240832485466612,0.8657848489869913,good
58.1,0.015359245855482971,-0.017653755960130416,-0.009252451405669371,-0.011178730236979184,1.2271179345958378,0.02508781256131731,1.7888050240928437,0.963421204896162,good
58.12,0.015496770505958673,-0.005091786648426298,0.0033034054065088324,0.03401990911115552,1.2448742612979355,0.0224030733319935,1.7947532314037982,0.8681922256001967,good
58.14,0.00879949815790207,-0.006029555212419646,0.0037758164404672443,-0.008795722082756419,1.1811471006245902,0.0246131825781535,1.7772071866251016,0.8330199101459664,good
58.16,0.014893913728149693,0.002028538617271193,-0.006969746835470292,0.00978451787557271,1.217529210457715,0.03997942313070839,1.8699459833005623,0.9494247170566233,good
58.18,0.00693698048968682,-2.2497624053950095e-05,0.01048709562236522,0.004434745908860639,1.2410165105015798,0.008761846221230178,1.8379202611469982,0.967321438561108,good
58.2,0.01872701849790081,-0.013120992919636571,0.01788215341017507,0.006484143733564452,1.1047031218598329,0.01574985597257464,1.79501575899082,0.8470972211069971,good
58.22,0.017612810636068264,-0.017786593996462787,-0.010979940523494484,-0.005361437695185859,1.225173262044539,0.0028056025743574886,1.7518493849328043,0.9543557671474893,good
58.24,0.024106934024656437,0.01976819899832049,-0.015188561582140209,0.0025468709531496227,1.1561872120050318,0.013971437529194126,1.716549954139637,0.8919475140383966,good
58.26,0.007979676692493326,-0.021060526837509527,0.0007135486471871327,0.016459177528038046,1.215139884840348,0.023914644995368297,1.6918754778071836,0.9260612419206558,good
58.28,0.006752166204074787,0.014805869000972877,0.025051844887358603,0.025366753360667852,1.1576846722045573,0.008970498997881698,1.8033877830724276,0.8979183513548016,good
58.3,0.03177399290272991,0.01859510255236971,-0.0009696998486709202,-0.012218844197551045,1.2421573183922858,0.027735643787527634,1.8562840388981015,0.889610348203005,good
58.32,0.020614222264210558,-0.014542862087415034,0.0074534484701292095,0.0028339966532799237,1.1917711903773656,0.031577922984319225,1.851091222890315,0.9348490345161231,good
58.34,0.022238017950425355,-0.014077315263522778,-0.0214157410295579,0.009614186132604036,1.2037412586278382,0.011262033223194854,1.8126241633738658,0.9061091160052748,good
58.36,-0.0011484177659833055,-0.0007191624535552851,0.016740470337887493,0.0060828991305313385,1.2000843918833874,0.018582704588946276,1.7818865364194685,0.8883792241932817,good
58.38,0.006571198669873246,0.001962781426582508,-0.003159287186159497,0.003531821011134236,1.1921218814190333,0.027117123497813814,1.7909142032477594,0.8712070463253624,good
58.4,0.03196559667766079,0.007303200576288239,-0.005254263504070284,-0.013552242690176502,1.2504070792744326,0.02405006309996458,1.8368905369983526,0.9110311626193416,good
58.42,0.034229013038968165,-0.01897636174226432,-0.0014252189130401468,-0.014860421885171242,1.2375785899293184,0.0,1.8334351954710748,0.8715800330751399,good
58.44,0.037407006130527984,-0.014360836062611947,0.005929308845993349,-0.02762834288998585,1.2555294819908067,0.021442275149979453,1.895412754694825,0.9082652504895671,good
58.46,0.03284075525645593,-0.03297676944848633,0.01865924998437668,-0.004221551833208072,1.2301677313067059,0.043240927513460634,1.6833688831996108,0.8664509385381195,good
58.48,0.03826526427310496,-0.01811307824362598,-0.0031466391160325734,0.019168516952995974,1.2720931194330483,0.0,1.809058519996323,0.8599537279513029,good
58.5,0.031671002283160096,-0.01602934504566123,0.01738045684014809,-0.0025919039497175203,1.202773873670668,0.026526155862056363,1.73547660805487,0.9346874235271158,good
58.52,0.04148285495761374,-0.0022133653407122754,0.009044212709650112,0.007991982359486966,1.2548153732706533,0.02701620768662164,1.7869034762932412,0.9148500629520203,good
58.54,0.03290197613807674,-0.002783607994268011,0.005832129824511471,0.002122600118005845,1.1550134410974293,0.03172272272758795,1.7550070483447726,0.8600791923714836,good
58.56,-0.010504767635845425,0.0015969984484207427,0.019076610315605255,0.005055235356366293,1.2097693979488737,0.025375622635645242,1.7949073048040436,0.7483860066214268,good
58.58,0.010585868058606345,0.01774779601978459,-0.009558745706245328,0.014791372846758888,1.2798812611059662,0.03762739639197154,1.7813111949869092,0.9275373318899319,good
58.6,0.027174230203689108,0.012348934733782424,-0.004143111153353738,-0.0060525937818293974,1.262667319180063,0.01334455633172316,1.813093346051506,0.9092193083344211,good
58.62,0.0357327897684633,0.006735325038566453,-0.027442319949029653,0.008113136931798924,1.2558344057859645,0.020784191599389823,1.8170486241678225,0.8559496571717968,good
58.64,0.014007787526477593,0.02052707043692101,0.02133487350364723,0.044888692687936986,1.2263047750842582,0.0419627349387443,1.8087380721295683,0.8463826335172161,good
58.66,0.013968187795446325,0.010538057955462263,0.01625048081796392,-0.014095346063775403,1.197374151678066,0.029355735789360016,1.7301426384973104,0.8370770464153671,good
58.68,0.06529380596981665,-0.012337563037430046,0.005852120056307957,-0.008661571591560046,1.2030434139463204,0.00919212367088984,1.7646676222486906,0.9363172872886537,good
58.7,0.02131768117446282,0.0017216798180739123,0.010317855523085792,0.01922069265593977,1.275120609837229,0.01906023707309414,1.761248719401646,0.8056712769980187,good
58.72,0.006405471800969735,0.04889336133600663,-0.0011997662328572598,-0.00544027858795537,1.131969164891507,0.027071673349590427,1.8302673685421542,0.9035497628043783,good
58.74,0.013952922230511046,-0.001441296062420258,0.01072333341076738,0.015268371959632324,1.1591595219349606,0.012154294300439364,1.7856095065105588,0.9548498284296872,good
58.76,0.015579820353541643,0.003986612248016934,-0.004451838881167057,0.015143161626208853,1.1947493973415195,0.03423794449742011,1.7860085063090212,0.9210551913413124,good
58.78,0.031221003494692923,-0.00772231008060454,0.03805433590669232,0.0035053729598869474,1.1254346792460947,0.018142221639874858,1.7939869705186093,0.9062850881920314,good
58.8,0.022070425055339703,0.0023589463217163135,-0.026502800393358603,0.0014038800657724757,1.209428983869181,0.0244699462098925,1.757915133017269,0.9457764503278884,good
58.82,0.03890697936296502,0.002245713328274876,-0.021892761694437508,0.005167748267305218,1.2323689970663416,0.02415719343271587,1.7883061513375684,0.8574107704419782,good
58.84,-0.008723047110613606,0.0018513002160315685,-0.008514632412743198,0.011447473198634891,1.1635798642897874,0.028485554242141543,1.822395154757161,1.009700426223404,good
58.86,0.012522979593053894,0.018635049693278467,0.02186278004870256,0.0021559394179664856,1.1693111561595717,0.0,1.8226389231364466,0.7997192513980378,good
58.88,0.04766146746304602,-0.011259723324197524,-0.017166577314768526,-0.0007653782068175794,1.1434794038136256,0.008881772922463217,1.792533811903575,0.8861102224120554,good
58.9,0.03934607351477552,0.004094606856815517,0.00045808606061536523,0.0014984847645058092,1.2420816238336214,0.020101544457445608,1.8129712238609972,0.8424055634854019,good
58.92,0.02057370227667186,0.01320248814926556,0.0034495118741180073,0.00683312251192774,1.2035769232336113,0.0072626756237422875,1.7436556233564522,0.9164730845597651,good
58.94,0.03038234315294279,-0.003943808151663562,-0.011843404554244206,-0.012660948212197086,1.1833440455194644,0.03307454125994591,1.911312566200295,0.8178390588873715,good
58.96,0.013915481180261353,0.010984229617433812,-0.004080806578486654,-0.01119269585003973,1.1970935403029084,0.01815738935157525,1.7166731808126787,0.8551117124558179,good
58.98,0.022425945641574675,-0.0006682205124189051,0.01909350289371619,-0.007459702058872401,1.1683515350065399,0.01888621977568292,1.8251899563354372,0.8494667432403815,good
59.0,0.012934142357040525,0.0039041833897406537,-0.0060974839056966035,-0.00893701190043554,1.1906481023299882,0.01979962075563615,1.7925300696998874,0.8786867348355906,good
59.02,-0.0005514960038615093,-0.0023197581964023114,0.0062311657826247665,0.02686139971165279,1.246218030554101,0.018409207345886993,1.697509521018015,0.8487329619235657,good
59.04,0.018819606813378867,-0.0008958875028804678,-0.00934431552859678,0.016094901011457625,1.1240067339186837,0.004932439276556513,1.7644089064802617,0.8704148307682948,good
59.06,0.03553342026079814,0.005808691912891443,-0.014972003737315508,0.025319837592600668,1.1659702297620194,0.003698967938353277,1.8077218827645447,0.9446820196844109,good
59.08,0.015294656687015462,-0.0158105109912294,0.011843252773023186,-0.005065345977456714,1.2323283258214845,0.024259678025694276,1.7266898847955843,0.9054739871519707,good
59.1,0.028502532808580037,-0.009620334654653688,0.023345566279711065,-5.947778222641566e-05,1.1605332644193078,0.015235536252772568,1.8330457314661035,0.8731126062939094,good
59.12,0.014593462736115932,0.007521445076593219,0.010275317070546882,-0.010363595848551458,1.2283252740890986,0.01916644055882612,1.8117479630636601,0.893559542864592,good
59.14,0.04218276331328194,-0.011843743220261722,0.015238428931905653,-0.0001894947257073909,1.2136017752619503,0.03431012540944214,1.9145527402312652,0.9822239433210531,good
59.16,0.03884923704195506,-0.01659889332509687,-0.010220094951893336,-0.002585077728141724,1.2041321724702867,0.01794878336639571,1.7293235399786082,0.8897613122034402,good
59.18,0.014422812859196794,-0.003096901338700094,-0.01883775929883501,-0.008818478592696176,1.2125060930276326,0.0027496904561088156,1.7108827844399168,0.8970861924701315,good
59.2,-0.0011778859380588487,-0.005859672675884255,-0.013963249604241513,0.011166242049335282,1.209541826560269,0.016962700134246212,1.8147359037595256,0.9427410044521973,good
59.22,0.010541345088905597,-0.00476133205667793,0.01606339593073521,-0.022635429340285264,1.2330129310313624,0.029051561881234384,1.7187399449691432,0.8625909081284943,good
59.24,0.0024968808416013584,0.023304420121717476,0.00951502599015246,-0.014415395338238879,1.1347288777075146,0.03641054486059629,1.8264212932734094,0.9756466772024736,good
59.26,0.013924735112313597,-0.023197256617946804,0.014767980831598715,-0.012293526453707439,1.141662382370949,0.028340618582144535,1.845030003129133,0.9233154814390911,good
59.28,0.039066348527594115,0.010937155032643205,0.01641230926681878,0.0007125403636998519,1.22215445962299,0.03039884778345372,1.8298935335284905,0.8330393443307622,good
59.3,0.04476912654164876,0.015018146838159694,-0.0009016475284051526,0.010599755953494217,1.153953033924208,0.012027112514153032,1.753312852592834,0.9848847995523117,good
59.32,0.023207087960986427,0.01666380978304005,-0.016253624945985867,0.015376415445383497,1.2477137170521426,0.01888990786060644,1.7391376914696692,0.8412749584909004,good
59.34,0.023365216946849614,-0.020294255442228203,-0.008299727245949606,0.00596846373991494,1.192823729450833,0.014779542929726438,1.7648089123719797,0.9193700071309303,good
59.36,0.014070971640685664,0.015530330671219714,-0.012328206155106193,0.005159468236894637,1.1680319649623663,0.012526098684114513,1.8329105752157293,0.8277874503957031,good
59.38,0.0012750455018985204,-0.010552196356446202,0.010558712097333386,0.019536068131877447,1.172625928394887,0.01752841120524205,1.841306504119257,0.9286308579883775,good
59.4,0.04050992842122592,-0.01442883708149439,-0.01569627996777577,-0.02258829217385772,1.171069031312475,0.014116163340634414,1.779908268279735,0.9524766639030686,good
59.42,0.020081709615117235,-0.008497309676512972,-0.0010812697941353531,-0.01342372586552115,1.1613578179891342,0.0167041347661647,1.7955097876775872,0.9629031531299523,good
59.44,0.023442206107795505,-0.01586099297934959,0.013203958313727763,-0.018449837335653724,1.1547415678095183,0.016212444449203108,1.873413771699265,0.8439147389723491,good
59.46,0.019259920920165274,-0.010617563658229618,-0.013466522333620442,-8.938193058694114e-05,1.195278472187826,0.007215338536333327,1.8137760145644664,0.97737845256899,good
59.48,0.02693371001887623,-0.017567808778059645,-0.031972205112576334,0.0106371109402128,1.147579128694288,0.0025320028178220746,1.7875290914967543,0.9559687924699332,good
59.5,0.020935678867654545,-0.0007867606150940383,-0.0013570568504837866,0.007305672466939293,1.186850383166271,0.013766106233539948,1.7456160704227532,0.8963566503543422,good
59.52,0.014849187219585929,-0.008372988641682072,-0.02181712875070705,-0.01868141644077613,1.1900163393847074,0.03515884662443051,1.753015801137742,1.0137902110673755,good
59.54,-0.008813153775436976,0.007557219759653806,-0.0015850429918207185,0.005306393936812748,1.1313526532609073,0.020718032076955047,1.8500419635355214,1.012850227291168,good
59.56,0.031185320599629657,-0.0011789109717197832,-0.003994041631942467,0.014276407340029933,1.2252310695178001,0.019598171822169438,1.8462013707299867,0.9571481880366365,good
59.58,0.013402715286860134,-0.01300516843141342,0.009971374885991558,-0.0032572883420595067,1.247363815125057,0.017037040912795284,1.83498041488279,0.8159643513928225,good
59.6,0.00804599947248748,0.010985623142059921,0.009401259687414416,-0.006786328863185479,1.1826981760626447,0.03655911388761739,1.7811781440225474,0.9170297060420741,good
59.62,0.01645277527497476,0.008883289893300846,0.024383893812740927,0.010701681479832298,1.2176697197789241,0.01247612717531087,1.6804359302075054,0.9361795269811318,good
59.64,0.04079858948608448,-0.029594156411436246,0.0264250241070087,0.022826039358766263,1.1792656723320578,0.027236840472020823,1.8127520866955285,0.8465591386456905,good
59.66,0.01246439986427421,-0.02929423571591817,0.006667850944970031,0.005122086729165651,1.2366843950721171,0.033711070803290256,1.8201190345574672,0.8890211341573709,good
59.68,-0.011271888287043856,0.008354819743538449,-0.003680853981889848,-0.02372400342016838,1.135724319876092,0.014614891983645698,1.881941198289496,0.8209705095158949,good
59.7,0.005514081710245633,-0.006001370689916871,-0.003164630121947954,-0.0009305235057563136,1.2267487096616727,0.040131060836846984,1.8327863940981906,0.936129988182002,good
59.72,0.004455224158489479,-0.004534439519743606,-0.002671273022902112,-0.017968719277068057,1.1721540427468624,0.03050048878768613,1.8040548920388855,0.8505915551908705,good
59.74,0.04341287222273071,-0.0055228086129005365,0.005460135244657462,-0.01725130552973765,1.186958956577417,0.03231598441035459,1.7943629948168023,0.889746747836401,good
59.76,0.027694578984425622,-0.010730808943456205,-0.0018590754386579409,0.0012306691455687129,1.1717101787769524,0.0027832175694569904,1.7940565072850716,0.94221973926053,good
59.78,0.04327469948013128,0.004256277999827013,0.003476236556004709,-0.012066701295633597,1.1413745173552463,0.01383424066265219,1.720671219911144,0.9311784632611502,good
59.8,0.0034539633048031896,0.01921350821468581,-0.0023223507495749402,0.0046303078492573235,1.2288514838165214,0.023831552024246895,1.7519391154986101,0.9063811207501561,good
59.82,-0.0036985939923451124,0.0009838357178802632,-0.019622950744027468,0.0027780011621604734,1.152882894461115,0.0,1.8147829017832913,0.979764706654891,good
59.84,0.011217122107816314,-0.0002762764277170835,-0.003758467315754625,0.005752613091614917,1.2474034005274608,0.01568794968319862,1.7245560135590223,0.9127219945538246,good
59.86,0.022523946410438134,0.015349194421901196,-0.004303913015022693,-0.030787021730867434,1.1859325286455211,0.017600388404923634,1.7800999244479658,0.80857864253397,good
59.88,0.018293474213899118,-0.022814005725384178,0.007178203752026726,-0.014422315981618422,1.1963806314061667,0.01776144209334184,1.782572541658884,0.9477721601070576,good
59.9,0.04479000990420404,-0.001035484033570546,-0.01730152691178081,-0.002640966556208985,1.254341263333379,0.012961355400354837,1.7769449985903318,0.8528137793924899,good
59.92,-0.002159272511990325,-0.017694921750388073,-0.015541270209958226,-0.00544697352576143,1.102462155503136,0.011970852119230619,1.7953604495098054,0.9364946342070838,good
59.94,0.030834412432889785,-0.0007346394134183779,0.004384844147727326,0.004909054202910697,1.2408427083175324,0.010989760003937036,1.868085269430637,0.9508800348173433,good
59.96,0.02129745339825149,-0.018066235271580175,0.003964329121010411,-0.0004896434562479871,1.2282531249731874,0.016559164722997958,1.8225319834125524,0.9014310124984757,good
59.98,0.011460045076673024,-0.0018992075793095526,0.0013626520897991135,0.005972235529787172,1.1330626246226927,0.0020691755524210077,1.7372038476247744,0.7876151527931547,good
