timestamp,delta_c,delta_th,delta_l,fwd_head_ratio,shoulder_tilt,torso_lean,ear_sh_ratio,label
0.0,0.020486978353572712,0.008450270066340276,-0.014984885237344236,1.1367686976994127,0.03059486813176465,1.8045887787050843,0.9537284250716049,good
0.02,-0.0035923720831990314,-0.0008241378006019912,-0.00541876430071091,1.1961927833042072,0.02055147942456595,1.8617484480076487,0.8215552773506329,good
0.04,0.030330456787164003,0.00433549791834086,-0.015596415759427463,1.1910821358349901,0.02922681626393267,1.6651094892973488,0.8751008514962211,good
0.06,0.018819268674217876,-0.028283857631450426,0.0032147873392507436,1.2101107360747811,0.02335779147944863,1.7850911183169804,0.9205043819638514,good
0.08,0.01917956083426361,-0.002473814113164672,0.01205425068500972,1.1503823413522938,0.020588046721562826,1.8576143994189998,0.9245777065055483,good
0.1,0.0009348233367536936,-0.004038053287068515,0.013859544901960084,1.2006971052379365,0.0005261054106290401,1.7778957934788706,0.9099624825181138,good
0.12,0.015501843596928624,0.015527668231350532,-0.025730331464277816,1.2559050113207615,0.024448164547988475,1.7654830886900086,0.9766032702321457,good
0.14,0.02379761051469524,0.020210700682689285,0.0010416079380523946,1.1820507012193506,0.018142070076606082,1.6939373632998043,0.9178583143417101,good
0.16,0.013781649882588558,-0.018796942665726738,0.0016443503469018533,1.1815032667635936,0.008316636823780843,1.7948741222784066,0.9211320478055596,good
0.18,0.018934881834026616,-0.001973684168854582,0.002065486474570326,1.198178641655135,0.00015769015339849382,1.8213893994794124,0.8852193814585259,good
0.2,0.021578106016028085,0.014168192821541598,0.011596223527404302,1.1321933564917248,0.007883444280741232,1.727979373950044,0.9486294946727254,good
0.22,0.015761287846461403,-0.003512228690775204,0.0065285490962052155,1.228789823057322,0.008581368344113532,1.8922303594279235,0.9621566680772287,good
0.24,0.008720583996487015,0.035036273664157326,-0.004935461561412724,1.236911380703655,0.016102111471014424,1.8024093590925754,0.914111302858569,good
0.26,0.02883115764790277,0.002608428190648928,-0.015985725802362613,1.119628468721119,0.034375354449793546,1.8518881160543095,0.9302581668608431,good
0.28,0.01967555779831731,-0.008416052638637433,-0.021387825822050573,1.1654254471952334,0.007960389717867064,1.9035513667334056,0.8939655492856149,good
0.3,0.029234051802783885,0.023441944565658433,-0.016494522078759396,1.1697085628026114,0.028498296851658195,1.7226879682295433,0.9541526704569226,good
0.32,0.03973606153628597,0.009228830987414428,-0.016717548950827932,1.2155687893276863,0.024863746444047527,1.7715536021977738,0.8711730997796866,good
0.34,0.020420232448573394,0.007778418379609933,0.014897004975229285,1.2005431233095134,0.025844936118610745,1.8352584921931059,0.9481677880478353,good
0.36,0.030151925018507924,0.026941105245550927,0.011243887953912986,1.1924287215280989,0.020433825038355436,1.8114023357306615,0.8423832157020236,good
0.38,0.02964524576475221,0.005894137463300319,-0.02998331120267682,1.2293160255147009,0.04316786044031094,1.723020945054485,0.8649326329851377,good
0.4,0.01751263396536987,-0.010999703931659307,0.003308813495423435,1.2343884943301677,0.032215576931394437,1.7380663974958364,0.8566427112708135,good
0.42,0.0017267070367202823,-0.007663223752515055,0.001088614961274842,1.2434433321328477,0.012758302788541783,1.8062644549436826,0.9367098837509223,good
0.44,0.026098888973470326,-0.015339791672315483,0.006996995476802508,1.1106234540497717,0.007764470418460347,1.7636016631789275,0.9570257028261411,good
0.46,0.04062357438406583,0.015642979092656596,0.02007410150958371,1.1793625893286712,0.013197095323910755,1.8052000222035534,0.8450009745251439,good
0.48,-0.009700429850648066,0.008352821603398614,0.015927853781293615,1.1047085372270933,0.016918568994940014,1.7744890568302818,0.9002971119789779,good
0.5,0.017906100463179343,-0.011761979252084297,0.015875745723428935,1.2006707970973927,0.025991445282545676,1.8063864781881211,0.9486306913930509,good
0.52,0.026802832363245297,0.01668309082955454,0.016435777456891905,1.1429766025142516,0.009725506508140875,1.7771128228842863,0.8480624664961579,good
0.54,0.04506066305538752,0.013366258275066918,-0.03994759191844878,1.1643838492765002,0.0073627924804467535,1.7871849827809834,0.8058892175298928,good
0.56,0.033001185299382,-0.018925774633290045,0.00701845509731119,1.1917781550081994,0.03699444363014674,1.8683074311143855,0.9133127093236223,good
0.58,0.005030300080114475,0.018414828048700527,-0.005899284753858924,1.1746346173566946,0.02198915199508,1.826604992546066,0.953139061651342,good
0.6,0.027942614424859832,0.0065453667340304045,-0.025180854054714395,1.2370612639690735,0.024675934246774344,1.8535150025055505,0.8391113695477896,good
0.62,0.03398076240695735,-0.004255817394472995,0.0040808571636835435,1.2391680719109504,0.008779184778434215,1.7823642727781521,0.8857319278566776,good
0.64,0.013181328113618995,0.024945897564021772,0.003463128994484894,1.211668789965924,0.0008014342926001422,1.7467363714978197,0.817424823939946,good
0.66,0.04022702380850474,-0.017566591169847396,0.010119436078783347,1.089045849184824,0.026127565159037976,1.818986155337191,0.8941396717203416,good
0.68,0.016396796456721693,-0.016863916321521556,0.008976802813814846,1.2430234141621812,0.0332338078206124,1.7603875134891585,0.8688945880881445,good
0.7,0.03249890137383814,0.01315651004338115,-0.00835905747636013,1.2646348087391859,0.020314352370296246,1.759204018747135,0.9977798509240324,good
0.72,0.007904669608261139,-0.016071617170069278,-0.009444743375764949,1.1872353774806546,0.023957784805211938,1.8152382547270387,0.8799469636719464,good
0.74,-0.015424519802309284,-0.015025293346712335,-0.011576050528013618,1.1874635706989847,0.030993970965442267,1.8279757187283878,0.8920134821288485,good
0.76,0.027297058203847965,0.022792641599260522,0.009104810859926147,1.2068835380540415,0.0,1.7863674700569354,0.8412534299667361,good
0.78,0.03728653968669505,-0.036780201021708925,0.027590475542500943,1.1587350523998865,0.0378912790452406,1.809869655718513,0.9102457572605602,good
0.8,0.0481943257429655,-0.023424517218738485,0.00557677095273942,1.1600779683079683,0.028734141023956467,1.752472955888425,0.8480783374610638,good
0.82,0.003721475944381299,-0.010718550703865074,0.029670719753385918,1.2705274774430577,0.004956458420170236,1.7987477362242184,0.997446095641303,good
0.84,0.020745813561138055,0.021702959056694327,-0.014601799504831512,1.2440605176469866,0.01141463358154281,1.845312269808226,0.8526955272919823,good
0.86,0.02837512151207379,0.029299225491423955,0.03716305715435085,1.1936273027552005,0.02390933812312189,1.8473711538413071,0.8720783647823387,good
0.88,0.007852022877566263,0.02707359365067807,0.017351200676180664,1.0780290285046235,0.01711591598153908,1.8182139352197653,0.8686123219075709,good
0.9,0.03481498025674579,-0.03276144889563215,-0.026438607517482168,1.2077735045395859,0.02240914138193881,1.729025809871815,0.9034400436836203,good
0.92,0.020130773674710865,0.02571433415729379,0.011566183934081813,1.1356273448186718,0.03472606575465296,1.8056072798797351,0.9587160002700579,good
0.94,0.011043335834433905,0.006035755757732257,-0.006579926981251486,1.1473506982223383,0.003515116941077586,1.7535544256157962,0.9425836461004639,good
0.96,0.032212563073566014,0.028423421603738463,0.020688641088634382,1.207957774004269,0.010908426099797565,1.7810799733983884,0.8293528800266063,good
0.98,0.0349113194746637,-0.005746872563915827,0.004224152045568071,1.1622963106500772,0.023632682117582,1.75728796345108,0.8627181735538555,good
1.0,0.033656997363343225,0.010345644744735436,-9.820321024997849e-05,1.0730449701718396,0.026601862447960666,1.8187840939535747,0.914642891977685,good
1.02,0.02952266011371979,0.034124633540293575,-0.007244400306958003,1.1817788815738304,0.025816206560084622,1.8859845981031924,0.9239682083656982,good
1.04,0.025119706975010557,0.02398770632473548,-0.006075273373991046,1.0996446367467854,0.0205442496933144,1.8400347531093508,0.9517348181990364,good
1.06,0.026205234437595044,0.0021913202749341467,-0.0015652331442064995,1.184815127164576,0.002660534705803016,1.858950795158003,0.919427261084526,good
1.08,0.008157072613421612,0.009432768928626564,0.00616575116953438,1.1871088016209215,0.029888238446980138,1.8445925455466023,0.888228540498943,good
1.1,0.011976972939056725,0.001613962749671944,-0.023816944582882252,1.2021323980202043,0.021556342350272394,1.7332521356719888,0.9654099042654385,good
1.12,-0.004923379343945477,0.01315383035106289,-0.016087768728600522,1.2137801041743699,0.035088362735847776,1.7613178207638434,0.8944706168979476,good
1.14,0.02076639439228281,-0.0017448394719748077,0.004415580412133631,1.240912517399623,0.02782128580573049,1.8469730852600659,0.943812420360344,good
1.16,0.0029105138747616945,-0.0009497332828098923,-0.004784771376839276,1.1687227730399863,0.014120190396091378,1.7812320689843908,0.8842574138519963,good
1.18,0.046959837601170874,0.006746192365632195,-0.01485134475601626,1.13072683171741,0.017994097140284927,1.76381690211469,0.8735299133715292,good
1.2,0.031455174202072736,0.012291256891819716,-0.010644550978808105,1.175291449744203,0.010695609179469759,1.914526515784948,1.0131058720262442,good
1.22,0.028011556212709985,0.012345044107174375,-0.0001613853735742178,1.2112610270561488,0.0,1.7341078491726978,0.8830487202880533,good
1.24,0.00019561650955603744,-0.012371442724191417,0.009529055046258611,1.2821115461335335,0.02834289943345297,1.7947878920124773,0.9431945236887449,good
1.26,0.03340445320047076,0.028790555087004132,0.0015934334358976429,1.160242309530052,0.025420213819628716,1.787511190168253,0.9309759184644268,good
1.28,0.012128637566565265,0.01610026715298265,-0.00877129804696561,1.2840500128861325,0.042351657947438635,1.7785117122304364,0.8388950407019792,good
1.3,-0.012377217519030679,0.017195735367763202,0.003178308144279665,1.3023715795340622,0.01989975139981548,1.8315413091946853,0.9154277338746061,good
1.32,0.024001256783568268,0.018822995877417904,0.012436812317362083,1.1794869991365649,0.012828057389877443,1.7981345833021292,0.8941095415777721,good
1.34,0.009546348009719374,-0.007820143844129383,0.017234869545707267,1.1841141566284714,0.015817052208720143,1.8180229802302965,0.9030756485896103,good
1.36,0.025829903023609612,-0.0032202153147013737,0.0065792249695770175,1.2247675108527774,0.004751635860256261,1.8371988122916423,0.8789772868043092,good
1.38,0.05658717234996381,0.01655957894264586,-0.00746838015236869,1.1675133039689314,0.020101818077458058,1.8397097986446524,0.9540607098291505,good
1.4,0.008389706950692305,0.01634173931200653,0.00019030900685246035,1.193174963718013,0.021557841597664572,1.8293993425669348,0.8867030511084227,good
1.42,0.024263767165740857,0.012197028990751996,-0.00010305739172963513,1.2290632175970944,0.017285561857084186,1.7466460725241948,0.9017403544909509,good
1.44,0.04281646118310681,0.010729324368711426,-0.007244445979042172,1.1616780407720444,0.013495588447036007,1.8406748478418706,0.9160845190316668,good
1.46,0.008122862346497393,0.002845218202500989,-0.011777080093193629,1.1798952422194169,0.031263530946233735,1.8574660999381432,0.9546068221043971,good
1.48,0.011939148167150092,0.007771495985902177,-0.007861855890393362,1.2452741645477374,0.011202980844154619,1.7842241342269591,0.8736429086002204,good
1.5,0.0076619923211768024,-0.0018343905546466992,-0.022607433629293114,1.2040850682815445,0.01701326529728517,1.7845121545865736,0.9144915392335172,good
1.52,0.03521240864711155,-0.0014590060962853936,-0.006102684778602057,1.163530395286155,0.02882168025420332,1.7801825274886847,0.9668520563299259,good
1.54,0.0057081466644380765,-0.015808718906629892,0.02116440485218865,1.1300463359385757,0.023548477649813666,1.832788430921234,0.9334411754401967,good
1.56,0.039528108030733,0.0209268096501085,-0.004586975234859418,1.2512350148591211,0.0178185927217245,1.8129099264157595,0.8852920738973785,good
1.58,0.03480060531469173,-0.018878299155009257,-0.004066533240002766,1.1792476609866323,0.0,1.7577925189978014,0.8712033312156147,good
1.6,0.02560964446810782,0.018114399863209254,-0.0074918952656931334,1.1839720627736028,0.0,1.7725458520457058,0.9706350531585453,good
1.62,0.02881128737241604,0.006981900638848158,0.007908305556078354,1.257576670915955,0.0013765657023499071,1.7727935697708568,0.9286746539701535,good
1.64,0.025419911740839324,-0.01177786629505643,0.015793493513831535,1.1510957729126468,0.01200178090261937,1.8653610656693864,0.8836897381729547,good
1.66,0.02316907061943787,0.02520661727968387,-0.026153109631352138,1.178638513552691,0.007422635743562859,1.762903685513626,0.9403469394938815,good
1.68,0.0300556871772121,0.004203881060409405,-0.031815231210864665,1.1939618941363233,0.020917918733109192,1.8577399511088677,0.9578640071418643,good
1.7,0.03614837888585353,-0.009282348271145501,-0.012472457756653057,1.1940163494064362,0.030353092779345905,1.8788953362444583,0.8632917015345507,good
1.72,0.03438023731228895,0.008366992171757077,0.0036950878449624725,1.2130439658297052,0.015011458190789292,1.8158160288709095,0.8566222229556322,good
1.74,0.01557726899553555,0.0005867168127046763,-0.0040656618141017885,1.2043214959585817,0.016497220885462675,1.8706899527955243,0.9095588370649726,good
1.76,0.021120758362175036,0.00020997437374378847,0.003865165774957305,1.1695851658690841,0.011103947877351148,1.840212217915669,0.8278639671288296,good
1.78,0.003586764916188837,0.017872693287729204,-0.002452269617577693,1.2413606753758737,0.03630828076270566,1.741494305652159,0.8430179651437296,good
1.8,0.019116987919760506,-0.004272020557996151,-0.008127942723079326,1.2194508026269641,0.016018667418960315,1.8999181451465241,0.9187571852234263,good
1.82,0.013781459492015528,0.0005726789488181926,-0.012071624348767055,1.188897896029115,0.028025607414286904,1.8261452397776765,0.9620581539038159,good
1.84,0.027973902005380545,0.011496463677842976,-0.002480523054423429,1.3012363135510148,0.002780363727926255,1.8232707228487182,0.8155857015812811,good
1.86,0.032565851119662426,0.02273107636478778,-0.009118888835261872,1.1983958195738986,0.015590083021136096,1.7663820746741015,0.8666692868539386,good
1.88,0.0482970030809586,-0.01287572758920358,0.0012930224593686074,1.1631519895774127,0.0250452798112623,1.8013607580842264,0.9152776068765655,good
1.9,0.03188145106661047,-0.004894173735614205,-0.008751981319969673,1.2377130314378355,0.030810287390399163,1.7370208605149458,0.8126111274535679,good
1.92,0.025399607230193934,0.0016464930018188423,-0.016167032290900944,1.2540190795971171,0.004707401732121967,1.8097354393405776,0.9236371396477152,good
1.94,0.00777976352995252,-0.014846297262731538,-0.0043953664645760395,1.221675412559148,0.0199953687930318,1.8067166394581262,0.8931235453345073,good
1.96,0.025433335632579778,0.009746348007920671,-0.011168081050193351,1.219645859837232,0.033599342661852126,1.8607843893193219,0.8466975504648196,good
1.98,0.030512378896403333,-0.0176066662190626,0.0028794480090288703,1.2268054649466902,0.02424707169229968,1.9046941532045112,0.903994048034464,good
2.0,0.03204495494557188,-0.004056076005297147,-0.0410994764830107,1.1238065488296962,0.03523379341929462,1.806840657558198,0.932178291598345,good
2.02,0.025147829508948484,-0.008282687121729058,-0.0044272971081818465,1.2228050574444072,0.03341819744224361,1.801802614388296,0.9108637709841535,good
2.04,0.011326076289871749,-0.01562635283434395,0.005127991125240956,1.1838035564553453,0.028507247983869215,1.7793546283710782,0.9417409637363445,good
2.06,0.006043101375642808,-0.003222000604494306,0.010657865063157182,1.2080396976804424,0.02214442773328882,1.8282495088273962,0.9319095728962793,good
2.08,0.029172766199858,0.0075681923929804785,-0.007242509461858074,1.222584457131397,0.027944651278762868,1.871105016662086,0.891711143517836,good
2.1,0.015691718105829915,-0.016468567937904164,-0.004953202293518979,1.209255633174383,0.013370905355379697,1.8647926773385208,0.9454299293685324,good
2.12,0.030030318061096337,-0.016206202729918216,-0.020688971212252317,1.2352667110051554,0.020653943436220807,1.7626450952262653,0.940569029524176,good
2.14,0.04904772306665481,-0.0017179042424020228,0.010882350178041397,1.2879693132997936,0.026450542586946034,1.8556080643541946,0.8761400973625593,good
2.16,0.03529060769559093,0.005544257756097533,-0.005679918764067422,1.186777788206721,0.013113329062863622,1.87068100646241,0.8926356727944397,good
2.18,0.02732822250194059,-0.004952192984908961,0.020949007432344367,1.1513446943829653,0.010084114023132102,1.8633506620398579,0.9395008478266723,good
2.2,0.015396656927250866,0.017743705836706203,0.016477774181934086,1.179720119147369,0.03379476701399002,1.7164983311639959,0.9417125988651697,good
2.22,0.007128772627802391,-0.008976444689202296,0.02964815326425611,1.2694235279673605,0.020389193081798006,1.76406741652494,0.9350591450696619,good
2.24,0.019469579875371686,-0.010614572602335313,-0.026258317002704406,1.2229891530956476,0.002558698306023989,1.747540572179046,0.8693186315102108,good
2.26,0.020371209342037507,0.024666814911638222,0.0162825104955217,1.1800485466656685,0.02349855352570662,1.7946191051610385,0.9253492827351337,good
2.28,-0.0004267253884410655,0.006612060372588657,0.003912626668224339,1.183773477417506,0.016352864992088975,1.8021720095750335,0.9239818941224843,good
2.3,0.047415561582813966,0.006592487628886163,-0.010781452974158088,1.2621063318958579,0.017877607991790667,1.7700981181356137,0.9742257708147375,good
2.32,0.030541626175849036,0.00342638789186166,-0.021642923965410458,1.3134185857341343,0.004584097670633867,1.8453685223277456,0.8873245616705677,good
2.34,0.028939678312966323,-0.002578517051778426,0.013746036460147281,1.1993014972412739,0.012525249861506053,1.778827327873841,0.9279308946528955,good
2.36,0.019968155679248617,0.00011638885658380046,0.011370629249906969,1.1823445801980383,0.013849815638680023,1.8459139316480004,0.9626238742235879,good
2.38,0.031383151540712785,-0.007275132573851045,-0.008731229853781611,1.2198279216690286,0.022607271788639315,1.7576443819221983,0.93346476201646,good
2.4,0.0033276778961420527,-0.00047136846065895527,-0.009596320703117667,1.2073926871635374,0.020184962276663835,1.7252367738202525,0.8701631169800611,good
2.42,0.02148670404783223,-0.013342926767876804,-0.003971881056219267,1.1462271808343596,0.008210323018039516,1.7922672240343813,0.9526518534758437,good
2.44,0.03570793875161764,0.008269549159550416,0.006484462785176773,1.202925324659543,0.027687980321181582,1.843760827707756,0.8487833491775207,good
2.46,0.026311938286143314,-0.024837194431038368,-0.0034123144936039234,1.114238644801034,0.014565591172929673,1.7628931179469762,0.9544663127242593,good
2.48,0.04556021404588984,-0.020327591119014256,-0.00559723595917109,1.2210285425991507,0.033260450440090406,1.7960193241814628,0.8504157510888061,good
2.5,0.01980803098634665,-0.004830093719544261,0.012414215452290394,1.2871917455111415,0.010516354391337659,1.8177531412664296,0.9298168226691995,good
2.52,0.010761269575904696,-0.00903440655730455,-0.0018828501626467187,1.2358354318798161,0.007520551132861684,1.844074579368808,0.8747057527952634,good
2.54,0.01845079505845454,0.009767766900514648,-0.008524709357853561,1.2510444889971883,0.020750782914071595,1.7496072366908204,0.8657937282092261,good
2.56,0.008480145551528411,0.007354076495129723,0.003056143338692733,1.1314871720764828,0.0143796180832046,1.8002171656397827,0.9018949418719044,good
2.58,0.02035402432637387,-0.017372801932367937,-0.009137525087475217,1.198930823656457,0.017867574789785547,1.8135830183829629,0.8455186168791894,good
2.6,0.022610743412990773,-0.0011131539296920256,0.001318634756954136,1.1931236514272934,0.0,1.8147371527802962,0.8735136422248126,good
2.62,0.018933903176315322,0.0018774135462485161,-0.01682943581685816,1.2099237979276691,0.010477214528468103,1.8736503067151484,0.873899878300492,good
2.64,0.033769151048532176,-0.0064629985616899595,0.006757995325692125,1.19332853645288,0.02055562502249002,1.8201068963319076,0.889375838446142,good
2.66,0.024694173594786085,0.023059128326224518,0.030773725299000826,1.190736076909179,0.013239434333368176,1.6864188135719678,0.9060922563343018,good
2.68,0.01085621327019887,-0.0056558488927126995,0.018742755892199058,1.259045517535987,0.01107841525757422,1.8412243468099463,0.8997442011764278,good
2.7,0.023336373201927513,-0.007260039436211606,-0.00509797243380905,1.1763082406442096,0.01700333229576137,1.8348491933495577,0.8337834782505912,good
2.72,0.03582353899702825,-0.0003322839012968003,0.027813894244374908,1.1213378429456191,0.020433767425329256,1.79781857677462,0.8707617563712553,good
2.74,0.05639397586808379,-0.007908188935982548,0.006393831725815645,1.1605464818836873,0.026981773028331664,1.7931262205433645,0.8853033915040853,good
2.76,0.032102873115218866,0.004785090663811621,-0.01217965212503694,1.2069833680274362,0.012858390357603892,1.7563003105856088,0.8411866100837673,good
2.78,0.02652331806612396,0.0031547264984170017,-0.009564372491563913,1.1756026146942646,0.0018871068374276163,1.8118403312809872,0.842559273144958,good
2.8,0.02508299324804387,-0.00011674620036987912,0.0008907854762709694,1.215897851307169,0.028402234720817255,1.838195702849176,0.9176606772761536,good
2.82,0.04631880092739369,-0.009466578470201692,0.005146884074466549,1.2465834380337664,0.02402313646212033,1.8490037288317336,0.8994082399131018,good
2.84,0.009302097724551624,0.017703287699534782,-0.02038879292308059,1.2186943756256259,0.013832168113693323,1.781570078965929,0.8843550323757358,good
2.86,0.03983539040839787,-0.005527046317479395,-0.010088854360515539,1.1619506470256806,0.027072250445782226,1.7722551522641874,0.867756860166235,good
2.88,0.02538759889482642,7.213464248791772e-05,0.0058919664322741525,1.154875058978137,0.02327588910963175,1.7564943940793372,0.9112973931619065,good
2.9,0.023254867625927215,0.00810103585119641,-0.01171824816451056,1.152730941879704,0.002909656087100549,1.7940132767210148,0.8460572364366534,good
2.92,0.015336034258930133,0.007371790524944223,-0.00844236705893368,1.1984732191835725,0.026603220683833858,1.731644702291686,0.8855873553990186,good
2.94,0.030869631107990368,0.007667852084526859,0.005383659374757253,1.1595167703448575,0.03633983035853604,1.850547629458404,0.9392875129251803,good
2.96,0.039646490134364075,-0.032978843131453855,-0.0059952337193906555,1.2326573847982107,0.012082422638458675,1.8094203290483013,0.8369358933456986,good
2.98,-0.001894839913071461,0.015392861457618659,0.01040260773066739,1.219391976624563,0.021608071480973396,1.7166118417868725,0.9111651424368531,good
3.0,0.021028595298866175,-0.017395865794118393,0.026906542143487176,1.2570229443604504,0.026786282257495637,1.7699525681761716,0.9598909073469131,good
3.02,0.01798108505171885,-0.003958013133692793,-0.01668930747053863,1.2279284490911968,0.021623154006357677,1.7458919228378214,0.8970844361352974,good
3.04,0.023547066449659725,0.015046276980215753,0.006219729132062441,1.2521491898629262,0.019651605095612232,1.798905161319742,0.8940188871174577,good
3.06,0.02028688893115073,0.02386967366490924,-0.007843394327176255,1.2684808174329234,0.02927923085166651,1.7638169416988059,0.956544327362036,good
3.08,0.03585854869068602,-0.004240423767859347,0.012781388577730507,1.1933076203882609,0.016180883054975836,1.7361382689507285,0.8732194586855926,good
3.1,0.045560670872617434,0.014579114778968666,-0.018289555595427016,1.2280742135866811,0.013184633555045431,1.8142905178357105,0.9027174579965341,good
3.12,0.027447734653844896,-0.015104140679746114,0.01236600302956128,1.2263452225233666,0.01898218705643849,1.6706020319051413,0.9083979905206583,good
3.14,-0.0002775438483408007,0.007865743884693835,-0.010954511840900918,1.2017335563664036,0.017095573084344028,1.806360844674211,0.8468716039947091,good
3.16,0.042363381889473535,-0.029156164211068075,-0.008589826365800747,1.2179050168930552,0.034209115948986644,1.7903014202913297,0.9032228716745593,good
3.18,0.003522019690906084,0.02085291709088398,0.0048798842599323865,1.1719161610507765,0.014069896758288077,1.8268219358088267,0.912783130819589,good
3.2,0.023063820103096242,-0.002485455618278688,-0.005023040780424708,1.1651569207852384,0.00941509085055213,1.7920749246066585,0.9655795625135163,good
3.22,0.03920468020407766,-0.002113303273318643,0.0021364642972105724,1.243443045682363,0.014590734402013293,1.738847918377862,0.9218538907073536,good
3.24,0.013391350883341188,-0.019892193460950166,-0.01906521244076074,1.2162544496607273,0.011025387537353748,1.70308332637923,0.879168608170153,good
3.26,0.011145584363499769,-0.011060823234282336,-0.006518696755515323,1.1949476432227177,0.017847552477036822,1.7432122029009764,0.9233404955281003,good
3.28,0.026543899207795426,-0.009984624252666795,0.003933247363560558,1.2181156098324581,0.013109140085568217,1.6590657054667086,0.8946466029347764,good
3.3,0.021058987954309858,6.553509827342147e-06,0.011759735353101583,1.2611798033127595,0.0006392213709163173,1.8192748841888144,0.8761191768901126,good
3.32,0.02138472717205125,-0.0030104787081172407,-0.017808848063356454,1.1452998673534731,0.023591433202622383,1.8098520394235307,0.95615315598702,good
3.34,0.02976239455379631,-0.006037551539613644,-0.005579828960990198,1.175256423839632,0.020835461559568044,1.7859229031603794,0.9683391260138999,good
3.36,0.056414591070267965,-0.02386552688552086,0.015571058589521469,1.2561104800139502,0.0353003385947378,1.810947182653781,0.8649328526491541,good
3.38,0.028449219153771785,-0.008358531436279432,0.0037564216672082854,1.2512955651546016,0.01633485707285973,1.8375487068256398,0.9902204852877817,good
3.4,0.03148564528733542,-0.006628775340627197,0.018776656421933574,1.1539340113675294,0.0022189689226027945,1.774885326950307,0.7966861456618145,good
3.42,0.007167724957830408,-0.008073706955266845,0.025049402655257954,1.2092455957885329,0.01851636691647339,1.8166642944561595,0.791823448904066,good
3.44,-0.0008222699624944983,-0.002044547923586897,0.014232488813868455,1.2106122147447347,0.018303752530911557,1.7895195434424143,0.9118865647359701,good
3.46,0.03732763052767041,0.005871288244747078,0.011032957266320212,1.1673988734303355,0.019492704135415994,1.7931699018371314,0.9486877730430878,good
3.48,0.03355371003383797,0.003681492922621125,0.0013165640933839708,1.2013738325011063,0.012756410178200906,1.7725773324661986,0.9376558444577457,good
3.5,0.018744721889270708,-0.005070057213984107,0.010686919593018778,1.2366078627964283,0.012168899414960906,1.7352865966083177,0.8867644722556841,good
3.52,0.0060384729767241135,0.007016984464368317,-0.019951074362321852,1.2195045118185222,0.004204574504609152,1.764348317039019,0.8878017082125448,good
3.54,0.01115658383145377,0.0196407392074305,0.0010202244785410665,1.2096441130058357,0.029888689611394646,1.7756066099823236,0.8557583813012332,good
3.56,0.03715977805884987,0.010091640429071387,0.006957260953607582,1.2417457913171983,0.012335599864819498,1.9527103294118218,0.9533049403196647,good
3.58,0.024583858362403507,-0.015087527399411218,-0.004569893890289163,1.1160906436801912,0.021921982267255235,1.7534605207418459,0.841951883143949,good
3.6,0.011096458327577404,-0.0025969343617397987,-0.00021689247707340457,1.2330934974410828,0.02947580911280367,1.8462202673519426,0.9545176599989649,good
3.62,0.018632991652019346,0.015879970640618794,-0.0017689192579845162,1.1903179231246162,0.011658198256811613,1.929217542042027,0.9419040300196156,good
3.64,0.02186162801274866,-0.0027101673920075227,0.005147037813632145,1.21626991546054,0.011182954376439399,1.820359381474263,0.9325400082077828,good
3.66,0.028313659417583494,-0.003898505213564508,-0.008350842323934952,1.1602945299900898,0.030245200357812932,1.7607937343039526,0.8769037353267253,good
3.68,0.013767731870525908,-0.014737207516482793,0.010689075652226758,1.2083261375695622,0.017504007534726453,1.8510186436695242,0.8792458462501332,good
3.7,0.024998476003721737,-0.011203572226322437,0.014338257517302617,1.1431999177311645,0.030495095327407788,1.7797560149843625,0.90088341398344,good
3.72,0.0051365799861328425,-0.012751823954810133,-0.01336165410911591,1.3249000690337873,0.01898716383407108,1.7660073711139133,0.8211729896319224,good
3.74,0.006194338529525009,-0.011427522633074933,-0.0021147006777223593,1.2023947440163494,0.012507087088057776,1.7084210016173136,0.8624570070555613,good
3.76,0.0321233039028268,0.023002129153301423,0.008886695213088545,1.225179828799097,0.020151924542823024,1.8093031596649705,0.9024949610651863,good
3.78,0.03352385635449144,-0.0038184661185567716,-0.008745805511056578,1.258629795121431,0.022879423691995242,1.7712914575313716,0.9079686746262357,good
3.8,0.008542545532435393,-0.009284022805150227,-0.017929134284230833,1.2255171726692264,0.030070089267042122,1.8006380576319208,0.8839489762488145,good
3.82,0.03540255231825168,-0.0011788085054920587,-0.009589008736551595,1.2375173541465951,0.04678139242988461,1.7443709482944363,0.9401325932546793,good
3.84,0.009937071328106206,0.028048477484781596,-0.0075714962716404485,1.0711370215955616,0.02407808383712654,1.8053266185101295,0.9656836489343151,good
3.86,0.07069237644243458,0.006700227881179079,0.009160055423654225,1.189317110168839,0.0198638948035944,1.8026100161090828,0.8928960408149698,good
3.88,0.01329282457274489,-0.010198599859561296,0.012350938568183666,1.1981741011177973,0.02827965352908898,1.793217395932899,0.9476602744932615,good
3.9,0.0376153104741196,-0.006936797050048395,-0.01122597283859665,1.1985893474022387,0.018776895382566185,1.849062885644348,0.8472925429710394,good
3.92,0.034981147643081016,-0.00651509706064369,-0.0045068084267523255,1.1873703676114633,0.010119998592144448,1.7649654179858252,0.871350699057527,good
3.94,0.042501243031509726,0.03378814801168097,-0.00835896517021292,1.281891402772179,0.023495926556393862,1.7597289292361564,0.9061143133826316,good
3.96,0.022305343520266144,0.004079916339058104,0.012241215597820447,1.165102092474917,0.0263363681072575,1.8652411228888757,0.935858826319861,good
3.98,0.021188108524295743,0.013445684683608707,-0.01860697582745813,1.1246224427699947,0.012251424074850189,1.7663687552761713,0.9885778893600292,good
4.0,0.0021415681037228753,-0.009417216065868731,0.025349764516398785,1.2138824004461812,0.009539278399328934,1.8981921316084316,0.8203769220328982,good
4.02,0.03299175896223687,-0.00476980071445406,0.00020583673101179516,1.3010276491726558,0.03677692315972754,1.8602299754400453,0.8849766854412592,good
4.04,0.03316283504893528,0.003249174431451582,-0.019989163034669338,1.2606617088946677,0.014718299887965098,1.8425045983787407,0.9300293592866972,good
4.06,0.02055964875990743,0.02873186761321449,-0.023623365758762307,1.264694274056322,0.02505126519222771,1.8098735012998772,0.8458252929155751,good
4.08,0.03869607844189886,-0.005403101743490773,0.022181926138863002,1.24710347819664,0.012783453967606509,1.826400862238922,0.7910716534877129,good
4.1,0.005738959693341754,0.03028820744633882,0.005488310405778224,1.245858651624818,0.0037024510250376168,1.7987672438418538,0.9453439890552797,good
4.12,0.001435002888343578,0.00474936510303493,0.002544545878321238,1.2562257742696787,0.025965752369330374,1.7839307515157385,0.9248102542001442,good
4.14,0.019861653864126392,0.020019234593631176,0.0059277429777286825,1.202926926885519,0.0320523761802734,1.8474821440225413,0.9794641483123508,good
4.16,0.021046986972072856,-0.007290636607287397,-0.014104739936679123,1.3376493371650855,0.012725757052018283,1.891602198545253,0.893132860268174,good
4.18,0.041089539996982734,0.010769730025844986,-0.021444204241227297,1.154666524975755,0.03363118876976921,1.8111606962976357,0.877775414150673,good
4.2,0.04168218643114104,0.017943367851612282,0.0034914734327772434,1.1458974045734773,0.023705452991348273,1.8451285844566097,0.9748880595481154,good
4.22,0.022970814633849014,-0.0017568217589503674,-0.01115435328167223,1.1743492624073901,0.012504979783224127,1.8178802077043,0.8380093578398252,good
4.24,0.04965667516550845,-0.0086664065421576,0.015113418511312019,1.1931443978256238,0.024777814115357562,1.8191618992475769,0.9568747633768749,good
4.26,0.030574131124684423,-0.024725922085916716,-0.0014682429572536895,1.250535333370009,0.02795984893382129,1.7810607407086303,0.8576235015464543,good
4.28,0.040425570002600414,0.0032428008274716777,-0.024013675976914624,1.2073184497318639,0.012364251864189045,1.7946574410315714,0.9182347258448065,good
4.3,0.04037657063141709,0.019835507600330243,0.0055913251942136255,1.1970036973542573,0.009085318836841058,1.8377747696058353,0.8633706193901762,good
4.32,0.029773609922843166,0.011289861590523372,0.009220699725017609,1.2044835663299829,0.035800269119825354,1.7541135666086363,0.8781406523418241,good
4.34,0.016174570260336415,0.024503277824297943,0.01832206652640687,1.145728043115361,0.017140553645134407,1.8192617450482222,0.9122780038042702,good
4.36,0.022966765524898743,0.011299116041607831,-0.026243281622684227,1.1780062281803836,0.022133482128142222,1.7982034167949124,0.9316812381486067,good
4.38,0.0059525645687751256,0.014941457566192607,-0.005001947981124589,1.212864905281525,0.022103674582139302,1.756300063476024,0.8405232619033584,good
4.4,0.04016343471430136,0.0038045787417470204,0.0018147208768776023,1.2212794800077453,0.010009182581840937,1.7782340238216543,0.8404873400543037,good
4.42,0.03857254089922104,0.0072056480291370845,-0.0018138697521400268,1.202976409796802,0.01755633314269754,1.8281011058263505,0.9233193741269331,good
4.44,0.031011659192826797,-0.027707518164886074,0.010735077475139168,1.1883007623359394,0.003854621939573727,1.8680711975612911,0.9050682671703785,good
4.46,0.016564138518688196,0.007141792139429823,0.0037711878279149303,1.2744752030536755,0.02483936800221862,1.8160052768909232,0.9136190602035759,good
4.48,0.022074476947499616,-0.012114211262252103,0.0049105580128140066,1.150770585963375,0.009524832488481301,1.7397755153229,0.9153349288459448,good
4.5,-0.005263630623353906,0.044899527528302716,-0.022128955593670188,1.1160219437715289,0.020615604825820106,1.716205503942208,0.9089735555491423,good
4.52,0.015078959185108777,-0.0035596396080826136,-0.01237227618805422,1.2197116809450324,0.023404697656581312,1.8830966739573305,0.779831639918284,good
4.54,0.03698541372595917,0.0012795916049729618,-0.034593034755571746,1.1957583651259587,0.039674866324939766,1.857408062640249,0.9504161483682771,good
4.56,0.0429358874057332,0.017430605540212973,0.01898196454781832,1.2130460317080678,0.009252555820644897,1.8553638171671514,0.8495535651634505,good
4.58,-0.008900340511167584,0.009943772800873397,-0.004836329686442459,1.1876305376712568,0.0436615430334439,1.7261926383813793,0.9054633054804266,good
4.6,0.03481844623143553,0.01430515041608191,-0.008364405494619108,1.220660589632389,0.042792741712076435,1.7902620039468062,0.9303885392562142,good
4.62,0.010104825916190625,-0.011542815936749067,-0.017276315202703976,1.2738106356814085,0.0046986204195807475,1.782889309187687,1.0179988294148903,good
4.64,0.040806821248873304,0.01746544392091849,0.0017266398592724016,1.138895706584338,0.014826914146958827,1.7733270404614052,0.9943687537462862,good
4.66,0.0014498532169880656,-0.01598792975306889,0.00041239885011315854,1.1384140029064993,0.021189197380521583,1.7189038213539258,0.8839144793535447,good
4.68,0.03990244159048437,-0.027160101379572022,-0.010503624460580677,1.3184378138544215,0.021330018253988735,1.8335885722460266,0.8260507960107774,good
4.7,0.02585459037091265,-0.03942685276068111,0.0004599303658956753,1.2259222442667297,0.0022301339130500336,1.7975313441531886,0.8683213957959256,good
4.72,0.03566537250430883,0.01769360825329386,0.0014918556313274246,1.176248683033098,0.02362552502916175,1.778164630347487,0.8778739167006909,good
4.74,0.016112240327786572,-0.0008739523885091076,0.019930465162460678,1.1812084214738123,0.010757035711758525,1.7804887638776163,0.8992761989042332,good
4.76,0.03005039366988678,0.0009061038914474328,0.013754286564400465,1.163292418731832,0.014140492595654681,1.8018528319540765,0.957090104724914,good
4.78,0.02203129990424672,-0.009225981719522214,-0.0050415042431143815,1.1737239366222045,0.02324842646391736,1.7208864417777174,0.8322462672687931,good
4.8,0.017758074596271687,-0.003308574550076649,0.01742667967897393,1.2150707733853772,0.023953889010595177,1.7632457967373478,0.8814350275632712,good
4.82,0.029899574034083012,-0.0077865721828804324,0.005991691254309405,1.259125852857141,0.037491007498940174,1.751341392321553,0.8005604759902741,good
4.84,0.02430549707451994,0.005114128295104016,-0.009778250606840748,1.2397996484130938,0.030309784046776027,1.866940249512645,0.8227047078519442,good
4.86,0.04410158940265567,0.02153926314973623,-0.0032399726483135567,1.2242033809730388,0.014921913746527727,1.8776919940596788,0.8940679068180889,good
4.88,0.02841574878343429,-0.009540455268587995,0.0019062895097860509,1.1950435312066743,0.01672112416056764,1.7783305475422242,0.9666224810141928,good
4.9,0.021131737779570274,-0.009552969490055465,0.008524276207639086,1.2516868783863313,0.02060211227524164,1.8211492548135813,0.9243720270117144,good
4.92,0.03919945474794056,-0.019275504883228062,0.01549389925324328,1.1263560181562655,0.007391535418905035,1.8081912090222874,0.8757666371327442,good
4.94,0.03802361131835782,0.010144675032486618,0.01339765498041031,1.1054811316596969,0.02897383411818538,1.8195086395083289,0.9317207100421194,good
4.96,0.030308518363432416,0.009736085822475383,0.001880602255512357,1.258631800042066,0.019382355790957314,1.776364688228924,0.8409501615605011,good
4.98,0.016907356612983593,-0.010141221022032094,-0.02127177213651422,1.3002048207375656,0.01353005871582386,1.843176924749639,0.9129176349936817,good
5.0,0.0213719937296847,-0.003569155805155597,0.0028329443153979413,1.2921699256918786,0.000977200187011848,1.7139329175726248,0.9295048338850151,good
5.02,0.018242452020885015,-0.0060069785710506,-0.0070921356453464285,1.0928977192589588,0.02243223863807323,1.827316753659197,0.9165178944354926,good
5.04,0.01815112600133778,-0.00824737738537404,0.008511672133049614,1.1842426710978697,0.025721087796210955,1.740433368724876,1.021206091795042,good
5.06,-0.005202767310442637,0.008371547788145658,0.000662588015071062,1.2702942616912025,0.024310513445247914,1.8410369957475838,0.8784321132797881,good
5.08,0.03536407226140103,0.018256007022973367,0.01160789296376527,1.255908970881712,0.04620606732088255,1.7834622292090132,0.8646453095944824,good
5.1,0.03689839221001524,-0.03305009560179611,0.0018782523617710467,1.2248979340756552,0.029731691134641667,1.7495145578099336,0.9721718674732247,good
5.12,0.03891187723342434,0.0036258862306683937,-0.007628494979887127,1.1162503547755773,0.00607764612965604,1.799803438226809,0.9337873425363413,good
5.14,0.01150879550618976,0.01605163106684115,-0.003575123120254711,1.2082119098328847,0.033512823250300014,1.80796795683154,0.8606726563605499,good
5.16,0.011783600922472446,-0.008327095398301322,-0.014758532005126336,1.1567993868180684,0.01828965279011958,1.708880052716932,0.9514078549279892,good
5.18,0.01745984057780933,-0.010657467349231854,-0.02303345165043459,1.1698337417738445,0.02210140228886061,1.8031778747000642,0.8333274693015736,good
5.2,0.02141998175695397,0.02626537942233056,-0.003079309768342247,1.1629552166889674,0.004260856402138538,1.8021282801218124,0.953679209429293,good
5.22,-0.004351584179976891,-0.013304475335586218,0.007349776108038421,1.187483269757609,0.010578530484009667,1.8723251784053716,0.8989102051321386,good
5.24,0.019621930391650826,-0.021189082482934853,-0.01787495111898253,1.2124377079316766,0.016763364103007602,1.8099758113060178,0.8617547759504873,good
5.26,0.011102264719809433,0.003433365727425849,0.01013043380766723,1.1834205927226462,0.018560543440591395,1.7865745631601893,0.8461471195016952,good
5.28,0.03038959781964691,0.009616384424473857,-0.0026520278953803033,1.1917463348667676,0.005125546603262801,1.680863561958194,0.8891901087595339,good
5.3,0.04899185009435996,-0.019814338051468608,-0.004202909547928001,1.2309818843191604,0.02793188391142344,1.7991176070940358,0.9662059330525624,good
5.32,0.04447596602832577,-0.014504971364273186,0.012618953235829868,1.271473983222293,0.014910029272444848,1.7406709022881162,0.9501885155369516,good
5.34,0.03075695905103492,0.012810803622942754,0.0019470452553498588,1.1603946329884074,0.01664322634199802,1.8362171232872015,0.9446632025081372,good
5.36,0.038130457927496864,-0.0007615291624877627,-0.014807298045515302,1.22225637614006,0.025246547990935262,1.8589091435995753,0.9606211292301193,good
5.38,0.021014459911777562,-0.020065669920180204,-0.016740833395543515,1.1840446094373547,0.029414863809743383,1.8182217639455451,0.902960293895015,good
5.4,0.030006149568805953,0.0067197794528343615,0.0038862473439841144,1.2074885661775845,0.013716406228628412,1.7720159458473648,0.8997780939746933,good
5.42,0.019560463861193967,0.02462658977263007,-0.02272872615129492,1.1930018125674708,0.02755210719259128,1.7890205990082624,0.8708810225563264,good
5.44,0.03408538828536848,0.008110209406145999,-0.0002270156521521842,1.118030943133451,0.013134152566659552,1.852643113113823,0.8992535505377076,good
5.46,0.027946079546563644,0.010795752603340843,-0.016412816614084554,1.2892754171514205,0.010924120784668586,1.804740872600741,0.8304877318363169,good
5.48,0.020337975459307347,-0.004503236456555389,-0.0019915573145720808,1.2787204048658352,0.015689696204289,1.8868459643643785,0.9140165208982624,good
5.5,0.03795489883822091,-0.0281230332105241,-0.008063945043437422,1.2089198662368417,0.01015193667263007,1.743945908276921,0.9007121041719681,good
5.52,0.03985619894891091,0.014533259745711232,0.01860114392416978,1.1090952334757223,0.029632681695698777,1.7986154369844518,0.8544390809406008,good
5.54,0.010985940478987108,-0.037487481340695857,0.00219272102737329,1.1472815964261522,0.01415209850476399,1.9204636944084814,0.9243031839447235,good
5.56,0.04947033480221535,0.010461446569418534,0.003584214379738035,1.1377404771447923,0.02778148841823621,1.7663523275612114,0.8492626673312074,good
5.58,0.03727515817626578,0.01661826953138823,0.008193390554600662,1.2220405745093217,0.03290229478576641,1.7874341436272714,0.9309570747392484,good
5.6,0.04224506709976553,0.013898676665923293,0.014233963611337734,1.2330922553968877,0.020897872719901574,1.7688689878174706,0.8179378616551124,good
5.62,0.03615165545834564,0.014617605152065956,0.003128437046983416,1.217957355333365,0.03449998504488369,1.7578462309950265,1.0411555543407496,good
5.64,0.022594415343953848,-0.032352001233500634,-0.019117620039562452,1.2194684341443542,0.03702169894324092,1.7990026864447901,0.8464416840653924,good
5.66,0.03098875996985209,-0.011598720301912984,0.006320990035977877,1.2038211382772568,0.03045630938151558,1.7950768525468876,0.930985135588962,good
5.68,0.03819747850835773,-0.005033999382262981,0.002950202839694572,1.2134705421512126,0.039363394907610934,1.7362300441248748,0.8522800182341748,good
5.7,0.01750619082998376,-0.003236580000220783,0.010485516925208804,1.1572936383723345,0.02403483120670015,1.7563459448684429,0.9570712197011905,good
5.72,0.014410552934230261,-0.039073848757045705,-0.014326688900444858,1.263666799901069,0.006706888887580012,1.7550337322199618,0.9282555785874115,good
5.74,0.02973798709581119,-0.003152570758803809,-0.021942352271921862,1.179850376507191,0.013631368214529474,1.8422084791371391,0.8277507957461125,good
5.76,0.02732112190306597,-0.0065374556672818575,-0.013866309918909357,1.1710998137416824,0.027673223287149024,1.7410639233918677,0.9571285913830413,good
5.78,0.04871013364519823,0.00016034092654440747,-0.032517770283637455,1.1898363069210367,0.02993248648208944,1.744708056587475,0.9574595733878413,good
5.8,0.01732064226135807,0.003377017291017563,0.01185502878486837,1.1275417948738677,0.025812749222864563,1.785369422304709,0.9322222383005384,good
5.82,0.03305632864639434,-0.024869500377656572,0.0015924700356738512,1.18938861496607,0.022761990682907962,1.7826004401785516,0.9109652619145246,good
5.84,0.02497552672365063,0.002431341286863794,-0.0005709561001003749,1.145877985518259,0.016666330273922274,1.8258586516189728,0.9576047317767461,good
5.86,0.0030201281356841553,0.02236710045973797,0.003610366143067317,1.166095517288646,0.015171315695310352,1.7909402407086004,0.991520737054478,good
5.88,0.013818825126975917,-0.03178470826661777,-0.040615837525982815,1.2438010395751717,0.02405083692681084,1.7595316855969798,0.8766239683236918,good
5.9,0.026229788146181984,0.021352192664992185,-0.008512206826003224,1.1842399937113868,0.003375845527922333,1.8095106567138226,0.9262084089229173,good
5.92,0.061230919903404436,0.016804382871952923,-0.0227754661973916,1.221010493521602,0.02525026683075214,1.8653047407545325,0.7524697290391451,good
5.94,0.033644776649571835,-0.004723248963316934,0.0024928128810734053,1.1669769713262483,0.004836538515747115,1.8979683978939315,0.8688985285212901,good
5.96,0.01199232351469887,0.003341751950558826,0.015483646036787516,1.2266646059377089,0.03158159085044517,1.7453512128354127,0.9130726696951647,good
5.98,0.010020136301672292,-0.0009875552141792743,0.009843620769750922,1.2553833188471963,0.04672978186603728,1.759923842965157,0.9227896104402775,good
6.0,0.00868701065327245,-0.00816773997853869,-0.015517061191221728,1.185109462560961,0.013338137884008956,1.8167467881483637,0.8781010026009819,good
6.02,0.02594284530678558,0.003968142604941699,-0.01288049331818318,1.1387484005947268,0.023344187961494893,1.805445259490422,0.9305128817900772,good
6.04,0.04896279128881774,-0.0014519913365645977,-0.008179527338655372,1.122491196109344,0.03731523391205922,1.6861709908652918,0.9525869757441874,good
6.06,0.0383971914800699,0.001333348958883636,-0.024617850893436218,1.1714993681272279,0.026836531162883627,1.8400339053208155,0.9362214476553401,good
6.08,0.03386430402354521,-0.028362820172578934,-0.0009803008582224245,1.192489568522124,0.020318253706163247,1.8147575788247035,0.8748357129264281,good
6.1,0.012424809432820273,0.008964340638919122,0.006554934133876525,1.1428254273959084,0.007727689962152003,1.756159861519971,0.8307339595244423,good
6.12,0.025728277342619673,-0.0210138359764462,0.004473041486541423,1.2133270982081523,0.018781438507374234,1.76940861314324,0.9478504147093663,good
6.14,0.048603545476699886,-0.037701556360503714,-0.005508164536210208,1.2372321588062227,0.00986884654970898,1.7310529998351787,0.9562083631853778,good
6.16,0.05506293435207867,0.02017309714730652,0.008240916679325456,1.0970726475509724,0.007459552846929958,1.7477714974995313,0.7945769025237988,good
6.18,0.02555881255391176,0.0020121300318410354,0.003016416036827808,1.2484829245677282,0.01594887967392216,1.7386115586684148,0.9216825742835427,good
6.2,0.0003624916435453749,-0.023442668082042324,0.016362925360719562,1.1954887986817135,0.030785145587916958,1.788397853839762,0.9250186211454782,good
6.22,0.03572867607625416,-0.00848193150439773,-0.0028910971452800684,1.1875653881949986,0.010156860613083662,1.8473982310297112,0.9839772425323048,good
6.24,0.03675086862344559,0.01134867840637843,0.015572744507798353,1.2351747362749181,0.0159032470971985,1.7193699888980862,0.9099622566173083,good
6.26,0.02267956230737933,0.006263725109028476,0.015178461565472626,1.197891494333086,0.02692161814380155,1.8544200117327707,0.9330256637828531,good
6.28,0.023077715563723275,0.015170878279268859,-6.140377172809879e-05,1.1107380393989614,0.039492724678057985,1.818799091058971,0.856572734806204,good
6.3,0.03594899867711795,0.033611013335871257,-0.010655017228552385,1.2005592761673254,0.01998799920742033,1.7782002438972944,0.8668768403357869,good
6.32,0.03043718848634667,0.01623641161879975,0.016358066595359322,1.2691591660873296,0.00826197747564844,1.844491896499399,0.8109165097311652,good
6.34,0.0011426106176182574,0.006942834561666322,0.02335968147750345,1.198202746974038,0.03041022598664514,1.7937061889369628,0.8555371367459886,good
6.36,0.010230004322202769,-0.010878822153166724,0.026497803219470213,1.180005111525035,0.0180063739344429,1.7478065711044928,0.8809884550711219,good
6.38,0.01910857746063419,0.003381202707576999,-0.0020323767215321546,1.1768042367089584,0.004709841005694436,1.687613365779195,0.9901757983220968,good
6.4,0.0200472101509209,0.00022085792536398553,0.013192925813833505,1.3526575395294884,0.018225948569790703,1.7799549165274626,0.9450447077942292,good
6.42,0.01951245011556983,-0.018874013615746706,0.013596370535595112,1.2723714207627737,0.020486573561517164,1.744763012748643,0.9717726657312852,good
6.44,-0.0026067217434886268,0.0057370029713448,-0.0037715798104009874,1.2486858786773392,0.021821822872062274,1.824869850691495,0.9823953220020557,good
6.46,0.023782255035785675,-0.004948469413091431,-0.01284038870573014,1.264183523264022,0.02667355682028948,1.7748859058694684,0.8575382363045927,good
6.48,0.018550171514634506,0.030722871434103752,-0.013161209675024071,1.2388257939352216,0.021261736660620152,1.6959192017463787,0.9083917216485791,good
6.5,0.020730433371960854,0.012427080348253967,-0.004953305447073075,1.1780842419986415,0.02070328870394988,1.807187939840267,0.8924049125596073,good
6.52,0.005256479318511951,0.0035644288799220555,0.023288330089874208,1.2768774198762054,0.019353256937101,1.7816602154469425,0.9538250985874385,good
6.54,0.018806054202673502,0.010622684390103788,0.02764027636128958,1.2606979155655964,0.03844961668120821,1.7599570940706986,0.8898622620822835,good
6.56,0.030790395541884497,7.434055774717498e-05,-0.009518328012905919,1.2642927543880615,0.0,1.8249725633716236,0.8671536235466084,good
6.58,0.045759771986899976,-0.00610202443182907,0.02060084808789705,1.266937104142992,0.008520249056737879,1.838232507049193,0.8927122606084055,good
6.6,0.01940913485107041,0.005510991293956258,0.00870015643397022,1.1479910168490106,0.012420427891776678,1.7288437919473185,0.8341474895643204,good
6.62,0.0020572993531552375,-0.007021108954042871,0.021361339370626845,1.1887940516451057,0.020509412455285137,1.815352771253142,0.8808916846186708,good
6.64,0.028131534561264496,0.010114996598615826,0.0050343155956700325,1.1091259465588668,0.025885940398265778,1.7598650360479917,0.9362325475859072,good
6.66,0.034931105490777346,-0.002294259431561608,-0.002858530098909519,1.2649487974609246,0.01288807485183409,1.7611808968195062,0.8632666265402362,good
6.68,0.05876517912194024,0.0089233943549829,0.0026608067883102113,1.1797319659582701,0.02043077773797993,1.7611611537232241,0.8428724131434695,good
6.7,0.020750108725892048,-0.006983350441457312,0.0003340366808389144,1.178767080283667,0.03926332198972206,1.7816777575641776,0.966113815993643,good
6.72,0.015020558168884732,0.03370966777586778,0.01468379072134746,1.196114169309009,0.018264576610068053,1.8062406755075773,0.8577583971071926,good
6.74,0.03181215599550528,-0.0013663384122027796,0.0017474801275745014,1.1676685382542993,0.03432857486641146,1.784659007186383,0.8817022649670788,good
6.76,0.006379317354602459,-0.020357525751216684,-0.0067793765816783055,1.1497711757416487,0.008376564969126142,1.8070066060434204,0.9645426944638869,good
6.78,0.03355657810312964,-0.0044567716618970485,0.0032568722561749698,1.2291228835112633,0.0,1.8161217226799677,0.9437847674658281,good
6.8,0.030250236372173524,0.009856965554883234,0.006016066482000536,1.2002033846860585,0.026385959226959597,1.797691322936309,0.9212248134769113,good
6.82,0.010591467667299681,-0.02031718781475806,-0.02336513858443971,1.1509231337653212,0.0177550856276909,1.7321489709132014,0.981131453702616,good
6.84,0.027616788342384718,0.027693494861238812,-0.010361651743265492,1.14501008512725,0.026305061789679757,1.6998957688948262,0.9560941540037985,good
6.86,0.026679321449165936,-0.004046372606780371,-0.010177285855393957,1.24441220469709,0.01715942222194338,1.76564364396561,0.9837605178183748,good
6.88,0.012893740113322978,0.0019556992088609003,-0.000872577221508713,1.2287645917960521,0.015516882164976271,1.8117149272726216,1.0149942716876934,good
6.9,0.025401259873149642,-0.0008386011935428626,-0.004293329908292119,1.1934336209402996,0.02564504725750544,1.7118426442829175,0.807476139522492,good
6.92,0.009519250341588344,0.0003754441355890459,0.010852806085358482,1.139157122519494,0.02996509306019092,1.7844647990084836,0.9520806346378617,good
6.94,0.026743307396575346,0.004003106573017735,-0.02788502516022855,1.1974718017372044,0.00732326334037817,1.8161257455362843,0.8631783647907464,good
6.96,0.0076927824278649574,-0.0046580315177885325,-0.006019858043544881,1.1392285841799679,0.014804073063772738,1.7908926541481642,0.9626724927163106,good
6.98,0.0144007906652006,0.0101296982918135,-0.006348314134379902,1.1639508510848218,0.011406697991197203,1.889907015480772,0.9641925717241717,good
7.0,0.03925573017228482,0.022502258683360324,-0.007351461555044807,1.178163492709361,0.02227384190979623,1.8029489638124983,0.8298938992199314,good
7.02,0.009587380865610735,0.0144289335012647,-0.0009837389318288288,1.2114280842084715,0.028875515129343457,1.7187189416755844,0.8051640055118872,good
7.04,0.020714639338362883,-0.01167249295327417,0.003888802364884451,1.1557707188835977,0.02927029586707684,1.7608796200217707,0.9233305860312598,good
7.06,0.018626882507157296,0.011062249820397906,0.01842792020404115,1.183141092345986,0.02381932475639072,1.6915317811617523,0.9309795974542698,good
7.08,-0.0027520007035516094,-0.017008066911876507,0.018851646533387834,1.1837363325488626,0.020991297421601267,1.8193309594329719,0.8940603423671762,good
7.1,0.036395265030845086,0.006720293403764011,0.014436994010349894,1.2084408058835696,0.018451993964720886,1.8596583727960403,0.9419399276492584,good
7.12,0.0064177700389934055,-0.01987826454409747,-0.006062540408906502,1.1688878001469163,0.031545039827021684,1.8038058354227169,0.8813995497801025,good
7.14,0.03723331512441022,0.0021938629555349276,0.011778500667832226,1.3028423261663182,0.01805165712355744,1.8065968580114504,0.9475667955760453,good
7.16,0.04252361592716253,0.01199255578345549,-0.004062593515906251,1.1694458533427559,0.00850500123725602,1.683729671667887,0.9418040175835193,good
7.18,0.04376814801391013,-0.021552353121867273,0.000820574879211286,1.1945903252189267,0.03292258161595324,1.8044771213761013,0.9700436409314005,good
7.2,0.007984750493474994,-0.011773300095932807,-0.012030523334501594,1.2026248637894383,0.015964208852374987,1.7837988870639456,0.9534970580390257,good
7.22,0.03324343040806443,-0.0046572020257477816,0.006778232609698455,1.174002043560803,0.01097435820569274,1.8214978444498517,0.9007619887575353,good
7.24,0.04287340359610715,-0.004115170553086077,-0.011271919042275405,1.2363154208361495,0.018126299193955676,1.8004243853566653,0.9125921778776648,good
7.26,0.018479601441662743,0.0023673296721016266,-0.01100439614425815,1.245403212558763,0.019169115672616255,1.6825672057449381,0.9304283953414744,good
7.28,0.025503732885183376,-0.011960518088333543,-0.001633329196539584,1.1669342509662424,0.02585896678575556,1.776220636287981,0.9624271057865018,good
7.3,0.0278011011443052,-0.0014490312060762905,0.002612878713563354,1.145685640447478,0.028544172385981732,1.9127568407163869,0.8730300879102201,good
7.32,-0.0020700598460437255,0.011620247160163185,-0.014022559835183253,1.2314007928789676,0.01821135878201145,1.7806423385046908,0.8904776333474542,good
7.34,0.01613697109426601,-0.007604393644714523,0.005682578782816761,1.151886962071531,0.016712065377751686,1.8195054394701065,0.8999732915509603,good
7.36,-0.003431166679817207,-0.011705669153855968,0.009467134365220219,1.2252657132308478,0.026604837768304614,1.885488375456514,0.9860986565998662,good
7.38,0.04379250200292704,-0.005140022216940896,-0.013115407279203638,1.189526683308179,0.025991048469866405,1.8333051454037719,0.9090179887006373,good
7.4,0.0027204910636406897,0.03785696579399925,0.012422268290510859,1.1152727078895663,0.012943642809757738,1.8347404040068556,0.9191171473612891,good
7.42,0.022648275851230335,0.01881049442270037,-0.030751948248775002,1.1606191978935458,0.02596420277385996,1.8203697751545538,0.9221080432770143,good
7.44,0.024710785489207243,-0.011115784188125682,0.02626700020862304,1.1584395563677312,0.02143622838429432,1.737264359517673,0.8350443549656554,good
7.46,0.013495220072263277,0.022312656475760376,0.00109740823812049,1.2526964690868607,0.02809563555790779,1.7764838339132933,0.896422393979475,good
7.48,0.015109535172352315,-0.012318492017239953,0.019614928832733036,1.2339944633798259,0.034514100987162705,1.9209437836807763,0.982989581484074,good
7.5,0.03258032343177444,-0.004748308355866504,-0.005808545937394308,1.1928377921145243,0.014730658464978962,1.8178528427189982,0.8825552033297821,good
7.52,0.019516760877757156,-0.0005223474361945443,0.004010443672827734,1.1540158173933341,0.017743527993492755,1.789289558157923,0.8685657751354199,good
7.54,0.023713020791257224,-0.002942982997352839,-0.01658263378702941,1.1436663092367405,0.017022817535393538,1.8041385374211498,0.9370065622644596,good
7.56,0.011716704739152522,0.007062134007153999,-0.013190736403315223,1.2186586737936402,0.010046016107194761,1.8139331097424825,0.8804008870618437,good
7.58,0.009276759515875338,0.02093559269625646,-0.0013545515112833605,1.1377032641885458,0.01671306020223704,1.7894231299231813,0.9044340687448019,good
7.6,0.00455893399614979,-0.012016201491789277,-0.021243022815468304,1.1359324287608001,0.013360490201642615,1.7601054429679495,0.891325202509603,good
7.62,0.021274673232983952,0.006258482741410727,-0.027428822824719014,1.1775972347952304,0.009621894779017379,1.8113878627456246,0.8391009114378467,good
7.64,0.033111445998647675,0.00015669569806156031,0.014293173216504368,1.228077725944905,0.009251734024778366,1.757163832399309,0.9698650715728161,good
7.66,0.046416289736103365,-0.003707945798083571,-0.002230662513516504,1.1444606473887329,0.007331894251144092,1.8648171477766726,0.927185698179814,good
7.68,0.005081231832632718,0.01676627445199576,0.002050967121197415,1.1560791578999514,0.020264175918762697,1.874900100685174,0.9103956504583856,good
7.7,0.017942809047186446,-0.0012448404563652137,-0.008540677669439388,1.2206117974726909,0.02173622031150813,1.810784680476601,0.9654731588405168,good
7.72,0.022496318474177934,-0.006149445413782941,-0.016828848722858194,1.1666981474818634,0.02262123409414035,1.752121368095754,0.8626832849694042,good
7.74,-0.001753670301025481,-0.0018303108765684196,-0.002483222708789546,1.134008799955387,0.03140993388055736,1.7566486924216753,0.8711169199921877,good
7.76,0.020342061374534214,-0.003984878671671204,0.0014168896701223434,1.1884711172987645,0.011860483982743614,1.7713999988861318,0.9072616168251021,good
7.78,0.019522411912292186,0.030005877057784704,0.030799452206898306,1.1837204882319359,0.007879573568538245,1.774687059746433,0.9231770388315139,good
7.8,0.017546227678974034,0.014133091124327028,-0.01809682090274217,1.362336179561715,0.027794557485542395,1.7425176927471129,0.8696740967809444,good
7.82,-5.667127910659143e-05,-0.00126648290036555,-8.019141671035828e-05,1.1978942909965642,0.007224024374651203,1.7669541367421024,0.8910854430271336,good
7.84,0.03597115445219825,0.026214414873059276,-0.02643263248595343,1.3656409693099687,0.006869801997398742,1.8251048947630961,0.8409130399426579,good
7.86,0.03495093289446521,-0.018247857433599312,0.013341209007853056,1.2843725132862969,0.02089921107549408,1.7879734072567752,0.8695032135166714,good
7.88,0.01841525832453933,-0.007681587234337713,0.02994895139109264,1.2213997955686837,0.025710895247041857,1.7707173531502005,0.8528100066149702,good
7.9,0.03449946697378147,-0.0014311341096873908,0.0057813134637253035,1.240011813823561,0.011190914556157023,1.8039434842616802,0.8188364988499341,good
7.92,0.03208580980495712,-0.015656669533780292,-0.009147216254280702,1.165579709643707,0.02781337365663757,1.8430908353607263,0.83854869498637,good
7.94,0.018409818462681537,-0.008837311791127176,0.01209351392336074,1.1660216282110625,0.017298330421972374,1.8084843999724782,0.9106878558717699,good
7.96,0.015078968212762282,0.0011892401884918843,-0.001286303891198733,1.200452925236355,0.030749190226656325,1.7812724732912901,0.9191795234400972,good
7.98,0.05365379030364982,-0.007386979704484094,0.008346312872189352,1.1919115334867612,0.02358053210961816,1.786078881286491,0.808333186405564,good
8.0,0.048672631118837344,-0.023083650907486986,-0.005235205206218661,1.166685703538904,0.020630411716031874,1.7559715755518148,0.8809359009727484,good
8.02,0.00316588115172904,-0.03314309550281313,-0.0023486146679223287,1.0704219555719559,0.010396458214878312,1.7300119621545063,0.9281759626800618,good
8.04,-0.00506203498978142,-0.008025979129433413,0.009319332203283763,1.2704294565477159,0.023848732789266282,1.8130512312738873,0.9042857894137832,good
8.06,0.04317069121817171,0.018357900783574986,0.008837426273991459,1.146822378957836,0.010788182085875958,1.7855235048091789,0.8892969980710268,good
8.08,0.04457307719405497,0.023082207951171958,-0.012207779953430913,1.165625138089938,0.021420449120969975,1.7572227393885944,1.031542066397964,good
8.1,0.017934632575902058,0.0010156361693470688,-0.003032555356821633,1.1731614577228493,0.004885748393957827,1.8240528889747238,0.9263459800530881,good
8.12,0.004797542379240812,0.0014637222193063237,0.023972281877455592,1.176814687092202,0.013525778660695053,1.787185938834359,0.9111984896605981,good
8.14,0.02566034602150756,0.004391495159839102,0.0193433255475356,1.2133622871803302,0.04291645249529292,1.7978335122528353,0.8792944353113514,good
8.16,0.020630348725579263,-0.014963805766188078,0.017180661257009136,1.0642469315823417,0.007903517557865003,1.8932391678911134,0.9431239616956602,good
8.18,0.041492325547662856,0.012440933004714721,0.015653566847103045,1.2178705808651158,0.028733268417465804,1.86784783273845,0.9187331071762381,good
8.2,0.026381292525042517,0.004861922660597355,0.010859932276811497,1.2279856756220895,0.019845124559355082,1.7743322217788622,0.8841988534890485,good
8.22,0.01829401172396212,-0.022943353634654644,-0.0255403714606467,1.3111112896161867,0.025319356651598412,1.8738544093175595,0.87329705580625,good
8.24,0.014291293704508545,0.01350981241924083,0.009753659414361961,1.0959206955057141,0.024117379712434852,1.76326941901816,0.8899929727617004,good
8.26,0.02880093244246733,0.012064587933812217,-0.007806688003443805,1.26706787997872,0.019514979347065788,1.797748337579207,0.9122508134878808,good
8.28,0.039489733935483856,-0.011835111237755987,-0.00020698646732833604,1.1998242136180068,0.019481543622563467,1.820834311025125,0.9169438300793427,good
8.3,0.01633088562291691,-0.01562920654880293,-0.0035534040743285637,1.2461391168445883,0.019893353640698393,1.7894954314655815,0.8604685188624759,good
8.32,0.028750409489801478,0.014810493083108413,0.0057241984877057055,1.2755365993974563,0.004225551732785982,1.7335518168066297,0.9183914556746909,good
8.34,0.0215137072078588,0.024950505020912058,-0.007201771895322805,1.210186988077282,0.011050538256666626,1.7395802527895725,0.912929722436439,good
8.36,0.022027133922958495,-0.015796420281900325,0.014825661988246516,1.2116256452573695,0.04192838373329512,1.8435020326583527,0.7756814110618059,good
8.38,0.028069755472879272,-0.006124376379962192,-0.0007350506848060041,1.1867484399239703,0.03175341952541583,1.742100844325953,0.8909666171912332,good
8.4,0.015349318997945458,0.0023642857658113677,-0.0014787112233190546,1.1828972467664653,0.008825918470685491,1.816008726947497,0.8755033038553099,good
8.42,-0.0016431940119084423,0.016502304757894434,0.02156750673232755,1.2208538025830622,0.02350111570142123,1.857108195141845,0.9026565845817855,good
8.44,0.011912509717336971,0.016746500514557335,-0.020473091552788425,1.2391023924010716,0.0,1.8583468911845122,0.9261996266046689,good
8.46,0.030517980811784005,-0.0004321187241300301,0.025692257404941656,1.1437985054149529,0.015726231989534017,1.7365643196102176,0.9415073785714161,good
8.48,0.0422559356685565,-0.01599669808405346,0.015056000535427421,1.1790108288766001,0.025318693609194667,1.6925986909387392,0.8976169584993319,good
8.5,0.05103518555000764,-0.0266832560123355,0.0010059524554184385,1.1745344438071492,0.019899366568848047,1.8094339621935451,0.8481534188102557,good
8.52,0.03975060888528002,-0.0003927805492049777,-0.02657803330315287,1.1073686954111792,0.02900700089263775,1.8102951693077143,0.8688669370394347,good
8.54,0.032132508990498326,-0.0015486148603060935,0.005720340539352907,1.2264800002846765,0.012957946213091754,1.8090207288401168,0.8798819302727414,good
8.56,0.022574981081549223,-0.007447608574628163,-0.014956471509196845,1.1998865192866468,0.034743418764911,1.815433172854054,0.9304062690499277,good
8.58,0.00814884224190378,-0.0030177648109929577,-0.006010477685994492,1.2012189751279327,0.024989595408520346,1.7992626974158668,0.9939972704271379,good
8.6,-0.00046649234943970443,-0.03430221640492968,-0.016242148150112885,1.2345260300207166,0.012865724717658952,1.8201918020484211,0.9065071255451291,good
8.62,0.032356109183162764,-0.0003530340182298333,-0.017754810224051336,1.1859109547634124,0.009489334398861429,1.786754252350914,0.9371713474527577,good
8.64,0.04241709033169359,-0.009174202851371837,-0.011227879405760177,1.2580918194282935,0.02003546167199125,1.8079117147311847,0.7863817489083516,good
8.66,0.011196701120823242,0.008646917424858593,0.031004659773130182,1.1356491794186818,0.01571765397892345,1.8058142691960062,0.8696506482153494,good
8.68,0.011734467642280916,0.007192689989944357,-0.010891923745363349,1.0893519338234232,0.008573032452612919,1.8093325054314542,0.8162424923993349,good
8.7,0.009331011119986049,-0.013101970840038502,-0.01746231480813193,1.2326265716135956,0.028225728934412327,1.783079988602551,0.961914965664977,good
8.72,0.023573526623792987,-0.01065309011887113,0.0035749592988778877,1.1642710924094966,0.015508612116613345,1.788479275827145,0.8321560611604086,good
8.74,0.03433101327249191,0.010817880305273721,0.0073290213891248086,1.0307411897255818,0.017506165552515093,1.8775215066693098,0.928309144161631,good
8.76,0.01413891733086323,-0.0020871974956956597,0.006331301534854625,1.1562905710833529,0.027753640374329466,1.800919579762117,0.91545423188343,good
8.78,0.020968070567147896,0.008949361290348628,0.04113056820641482,1.1478492243448526,0.024800823018674138,1.827047760088463,0.8671381614928054,good
8.8,0.012953022371066875,0.00714669988052032,0.018941958810531737,1.247539674565292,0.0023313749156371084,1.7060720567229932,0.8970152636708665,good
8.82,0.01755478500452868,0.009730722448924119,0.029240496145441837,1.137201103501372,0.011244090257482115,1.8330144942915614,0.9241297977814524,good
8.84,0.012775263518068724,0.014617638715000032,-0.0007626576158285705,1.1974760571865144,0.015530396195755938,1.7466900364627143,0.901369678112112,good
8.86,0.028837490417031198,0.01946026538175279,0.02241774561663691,1.1397307337484388,0.03582915577984437,1.7054053594256566,0.8987605297130227,good
8.88,0.019308444675443133,-0.0034855540335112976,-0.032662157733796486,1.1828246882907658,0.02720636265052948,1.8528669753350293,0.9610167222387571,good
8.9,0.0358345428080708,-0.006209056131234574,-0.0018231027085367595,1.307721287300009,0.023267793824080327,1.8242657986963664,0.9371904108922944,good
8.92,0.02530967213084151,-0.003665623006786835,-0.018187368645568195,1.1705525475002176,0.019973776578569163,1.7301657290378316,0.8563969338309085,good
8.94,0.0404811473041125,-0.010350660778634805,-0.01751332612595572,1.164729089694677,0.01268098999710818,1.7527107231037857,0.9431094577468334,good
8.96,0.0262115902285669,0.018684408287808554,0.012487896139543765,1.2720664141032894,0.017989873262961933,1.7638751101800458,0.9076581968182631,good
8.98,0.006264178863213436,0.0149825718254422,0.0057061039087404975,1.2197845888509875,0.022764615998126642,1.8385181443878083,0.9189961969444678,good
9.0,0.018829406278606173,0.009155239566196668,-0.010870089306746076,1.096696648703901,0.025293006524368278,1.8005358247588492,0.9041212841062604,good
9.02,0.013404861029203154,0.004619945779741736,-0.0011250860388807506,1.1656262039089926,0.010081692542232328,1.7048231193645365,0.9053461422443768,good
9.04,0.0161248605923755,0.02596726328891194,0.005760784839832487,1.1266724469941638,0.012729599265602902,1.8153036699115743,0.9415152800365616,good
9.06,0.012338683977561894,0.020180459403357227,-0.0017116310821084762,1.2204994935829545,0.025695818742244397,1.893296115043198,0.8964088466247682,good
9.08,0.017635627625143323,0.014992370242472705,-0.0059009535042085426,1.2274337527413148,0.0205485959712438,1.7605935228024814,0.8334506560600393,good
9.1,0.02403823276256534,0.017380200792602114,-0.013455175943927514,1.1812379729350833,0.03171248900748052,1.8540929132468333,0.8544978416335798,good
9.12,0.024914410188389826,0.010249720516825999,-0.025166764169309474,1.2145430003163826,0.026659950885104616,1.8204621772630016,0.8635064088561695,good
9.14,0.03158327054214376,-0.0005625130844437927,0.004762264118233796,1.172036735958767,0.04075389585398334,1.8139055695159603,0.8906508338139614,good
9.16,0.02415717705939332,0.0023994054117710494,-0.009295014692724497,1.1599184254827422,0.012373359057643033,1.8496818890335263,0.9357941850976347,good
9.18,0.028550643112212542,-0.000803312806287025,0.0025714521475206113,1.1555911182155472,0.034262163530359574,1.752582450029329,0.9287247451883525,good
9.2,0.03509940582384739,0.005651012474010586,0.025034122642278302,1.1346746402672592,0.02516362668019882,1.830213290194715,0.8934496692366216,good
9.22,0.027482972364372762,0.018435276042370767,-0.0063014166723652796,1.2502398659183254,0.01782815217414358,1.704171495428965,0.8249720004488321,good
9.24,0.029089824614314405,-0.008277603457968644,-0.0006565287057211485,1.2733401380150886,0.014871452535427454,1.6866668415581407,0.9551150372943011,good
9.26,0.049752290441890015,0.013054636903022563,-0.006270480038730136,1.1767766271963331,0.028387790282268247,1.7586769187623201,0.8009063991385361,good
9.28,0.047421807525571985,-0.002551850256388503,-0.019083351465552054,1.21315764824422,0.03584841520912235,1.7831039523633998,0.8070706212984218,good
9.3,0.03456099200340511,0.013673597751335894,0.00021884496855462837,1.2572036358968186,0.008549208607224483,1.9328647504153647,0.9951180821193999,good
9.32,0.01487086996794522,-0.021371870227657446,-0.00921948509675234,1.1356145514950584,0.015857524789642606,1.77279925104271,0.8886524395569338,good
9.34,0.004863906851411973,-0.01088442192332116,-0.009457674652505138,1.118282408849122,0.03747622592683038,1.7550987463853491,0.8446958960963152,good
9.36,0.028055845115591595,-0.0003569204767108056,-0.010348191771651095,1.129459792960209,0.004188691036161082,1.8517013572360317,0.9255894482144814,good
9.38,0.024460678464127094,0.015440962077316642,-0.014482827181684471,1.1265152944271208,0.017057567820516234,1.874122924357965,0.7967038322164719,good
9.4,0.033315353413326275,-0.005960212212474628,0.008380988402624771,1.183082844579069,0.019961112074280966,1.7476296722549718,0.8942240679326005,good
9.42,0.024666116206626405,0.027157851703031644,0.02263480509475476,1.1396117309680758,0.041532274383681705,1.7909738182832493,0.9614152837874372,good
9.44,0.0013189343741830519,0.0364184770543958,-0.019448717512369196,1.229198526733929,0.022695460460835783,1.792767211119017,0.9173966816569307,good
9.46,0.02267474490554212,0.014381620679548157,0.02473039898386975,1.2104552429011368,0.024206821987097164,1.7488633352712684,0.9327985840391331,good
9.48,0.0055343295942655215,-0.022554446534540633,0.015628900860504908,1.163769463622437,0.025071091854173264,1.889181265360112,0.838729811267674,good
9.5,-0.0014781326541236177,-0.025553713054419266,0.001081381562147647,1.1733119523275157,0.017363325827016347,1.788236205889053,0.8932987286215203,good
9.52,0.015503670571756629,0.00618754534961438,-0.005915090105738628,1.1266645235917252,0.020759283861403254,1.7114629784577338,0.9471971670676418,good
9.54,0.02513259731776853,-0.006884454507581659,-0.01662543020643526,1.3517742862716005,0.0034966920037096567,1.8337462263940574,1.024828213997577,good
9.56,0.0027644436696445235,-0.01125035086458897,0.006491644059458098,1.1359581020039677,0.04334052070229316,1.7731343064332623,0.9381504279054472,good
9.58,0.01992476148796186,-0.006031709893317342,0.007667411100093847,1.2863411439249572,0.03675268679664084,1.8306661319783797,0.8547677810874419,good
9.6,0.029826074859389668,0.01838724228850794,-0.005162537704394827,1.1321265141294625,0.026518349817807107,1.7737395185676006,0.9761038360146512,good
9.62,0.010571310015885006,0.00912055952914332,0.019907528594215008,1.1934610034318887,0.021737516275173875,1.7625250180319212,0.8933217248709007,good
9.64,0.03290964642686628,0.017240183940811286,0.014861930771911553,1.2125442404329496,0.0,1.769287934367804,0.9306631499339807,good
9.66,0.052976073971628714,0.02419519479214043,-0.013166037305647834,1.2427041411675654,0.013324242449073244,1.7918837654129711,0.8450106355978181,good
9.68,0.021475231164895584,0.006040823472298101,0.00757602414456533,1.150564637238419,0.011336125832825691,1.771549142325567,0.9403933883662561,good
9.7,0.052186968717726774,-0.01613870447653468,0.001445863748715609,1.2083258957419654,0.00926261452186628,1.775780766682794,0.8484555610188212,good
9.72,0.032737294613746144,-0.03856164365965945,-0.004752875356713918,1.1667904618682852,0.016130995284035374,1.82855595807345,0.8816501393430104,good
9.74,0.032888541136052565,-0.024887048472401148,-0.003261800221345726,1.1071389734550967,0.012695550837896613,1.7721419769286921,0.9428453298049799,good
9.76,0.012687081755472967,0.02835506964768239,-0.008424228144529717,1.1236558430518704,0.00938222867794699,1.7033944174297826,1.0035370079121817,good
9.78,0.023749829989838996,-0.030578966690151456,0.006773324094817484,1.2605273981786027,0.030723184731695226,1.800822638046977,0.9163613183269576,good
9.8,-0.006928033207923983,-0.01744277880233714,0.023440451746493004,1.14054531570969,0.015484306524536999,1.840389240637713,0.8300300775802573,good
9.82,0.02148529519010398,0.007637642216918615,-0.012499183707103957,1.1701065849522754,0.032087594969222005,1.808182051770905,0.842852960072826,good
9.84,0.010046740890931728,-0.0013382627591515704,0.018971012865246613,1.2297539187041042,0.03423231839637033,1.8109451431246726,0.9094055409750184,good
9.86,0.02154097772540705,0.001250319641993735,-0.0024796021076409764,1.1977649206759404,0.015655462602397724,1.762182125145964,1.0212101292976903,good
9.88,0.040657192068866935,0.01630793317315333,0.022493602121062394,1.2637427350244819,0.03242963776466299,1.8461044248909722,0.8996686274775402,good
9.9,0.027172043940309695,-0.0013479588550896107,0.0046973333780043385,1.1734877566119504,0.017138979441126523,1.8066045931519938,0.991215533820667,good
9.92,0.014875465281790887,-0.01664570106213665,0.017543274406323136,1.2081741537130124,0.024800802370168948,1.726785560291296,0.9750000833080442,good
9.94,0.01688877719239124,0.0016640735269234134,-0.017627178655236646,1.2196737451809259,0.004156578209534859,1.8282617302435333,0.9900058979018536,good
9.96,0.008474144134961328,-0.011563078338599236,0.0005127795442372783,1.2516024845667548,0.012512515593892989,1.8064880459085644,0.9639103999433405,good
9.98,-0.0049563444310710605,-0.008742053762902033,0.015469754560693258,1.1232073975541024,0.02674114983876041,1.7562539720967951,0.9464453275796357,good
10.0,0.03337584902799645,-0.0074560924565511685,0.01419555066971636,1.2829135436089176,0.022257997442662495,1.743264641818679,0.9675512665948123,good
10.02,0.0037726928530582883,-0.004339816865727952,0.003097687886767507,1.2001726420803287,0.015808380768691708,1.7209285724035484,0.8120363243632875,good
10.04,-0.0005402014587451215,-0.017572455246955478,0.0016506462548878794,1.1341321827380189,0.010221955705951028,1.7703148990861175,0.9010300145984973,good
10.06,0.031496746356966386,-0.01975127192470799,-0.0052394948733864,1.2192921418186602,0.021700712379105796,1.8409694870121724,0.8656785597501626,good
10.08,0.01779761278476764,-0.014242917036262952,0.02840809741540773,1.1913573302587193,0.022186261740950654,1.7942116351254178,0.8920680561325218,good
10.1,0.013449286920530415,0.007079338307668116,0.0026657864058380137,1.2597515055312267,0.022862196047137316,1.7269616687478342,0.9146149683592907,good
10.12,0.005731423567954153,0.008613609484160026,0.003161809590510529,1.1660317011033747,0.028061989967899645,1.7148031942394817,0.8743808963856846,good
10.14,0.029967663830470264,-0.00871933465982312,0.013614469978697738,1.196173052328628,0.025102455006395224,1.7929094565632855,0.9000433049917451,good
10.16,0.0348337474463082,0.00999316422822546,0.008428348140629842,1.1664813710967954,0.008958688470438474,1.8441585480376301,0.9230942636467803,good
10.18,0.028969611555444523,0.00042524286092165584,0.009498505768320762,1.199225435599224,0.005193188117560685,1.7563794715429037,1.0029956956483361,good
10.2,0.02624494866976606,0.02566948551928743,-0.01428489351966816,1.2694508823222597,0.019329708275496217,1.796349197006324,0.9356146318588461,good
10.22,0.006205120722909628,-0.011551525906982343,-0.0004805168359470095,1.2183775916524342,0.011867986172860723,1.7570538076130604,0.9056218150433074,good
10.24,-0.0029531768203181936,0.006380039041200372,0.01674067978458563,1.1870488514222044,0.026674533409743722,1.7657470843901508,0.8717412918018642,good
10.26,0.02966867003368262,-0.0076522496896029414,0.011321419257924785,1.1772316027271075,0.040934946284620966,1.7760980667774642,0.9151234065223527,good
10.28,0.024404656432760807,-0.027056289074394994,0.0005541223037574167,1.1790318767889914,0.020439653351568797,1.8099698085390106,0.7941551068823165,good
10.3,0.04304645407118559,0.006181988142894455,0.004231700702077393,1.1477317347124674,0.024692360046842582,1.766636186253742,0.8677847271895154,good
10.32,0.009702759231683187,-0.0136317131441662,-0.022419992007992773,1.152068275909436,0.01787055166401596,1.74456905705862,0.9301079412204245,good
10.34,0.03306358588857537,0.01764272285003498,0.0036232544500379173,1.2260366775735732,0.01741457876602268,1.8380437357810007,0.8936896420642847,good
10.36,0.009965977098766168,0.010272688148308673,0.018326513901036418,1.175043865527535,0.0320485644626137,1.8021841831755554,0.8637506402898328,good
10.38,0.0012502880333760335,0.01970868067539223,-0.002858643204607016,1.1279605122744674,0.006354094688701984,1.779882127456874,0.8959062890131025,good
10.4,0.020584375240387504,-0.03595122541407892,0.010558960092862436,1.2453628384398816,0.02920575667341446,1.7981830444260518,0.9549522723853208,good
10.42,0.03672899432493461,-0.003775172971076414,-0.014542788749082202,1.2240136508165227,0.012617943802060144,1.7963342111323568,0.9655066506467525,good
10.44,0.03277588883761216,0.024415395350842816,0.0006170145039912156,1.0807116433521542,0.014496506223792768,1.8045593456548201,0.9579893303681141,good
10.46,0.010411911182688981,-0.0037974883118897917,0.009582741300032664,1.1888617270847455,0.012467002047198606,1.7892922101594553,0.8487578118002113,good
10.48,0.026061613212569598,-0.0027103523242548427,0.009873783152564932,1.1061676312700441,0.024536895031721524,1.8627597282671151,0.9246760837560739,good
10.5,-0.0013659497927964862,0.021899414036309302,-0.004810007771246724,1.1793790478164417,0.012048934222410546,1.8401339158196766,0.9670185070608077,good
10.52,0.031986861577255984,-0.010864315737750964,0.0053238356655828795,1.1053964905976545,0.015588389625945578,1.833540136647897,0.8665762249719351,good
10.54,0.02476649911750428,-0.0005641340790678146,-0.01650126808626065,1.2586171275309013,0.03447265417390753,1.84048498211071,0.9883843873203646,good
10.56,0.006035309962544901,-0.0097430724585013,-0.011735037748629348,1.2255190000981682,0.01594433187352992,1.70480286375168,0.8407764110319342,good
10.58,0.02539593159705088,-0.00203867311770092,0.007136508614359193,1.1528878090873118,0.007955399587065497,1.755815133355051,0.9429281292065597,good
10.6,0.02691823985553128,0.007701179424014108,-0.02103790930653126,1.2067433895724402,0.02294319330480111,1.7331448567190733,0.9096522338670153,good
10.62,0.02128978858555208,0.021680722365789586,-0.002222909437148147,1.1594269352714424,0.022600312859507796,1.8393247194211355,0.9288050751031214,good
10.64,0.02602092513488949,0.020342474494536873,0.01572268471029692,1.2353516530578985,0.006045385476363857,1.7557521510349632,0.9280697729333715,good
10.66,0.019594627363354572,-0.010600681840554432,-0.004008927222359845,1.1401218002319127,0.01826714574069536,1.7556267908613876,0.8449318852991263,good
10.68,0.016055757671372455,0.034663786129284384,0.004297094276424341,1.1909795491247421,0.013821644457388177,1.803590866541774,1.0112593798495044,good
10.7,0.0344365838163034,-0.004996773199680024,0.034340970488401186,1.2474368764519117,0.006826837600031934,1.8167961138788675,0.9493234746005794,good
10.72,0.018610699446464464,-0.007911780580561118,0.00838449630858992,1.2677207522091822,0.017865105811394798,1.7717308753987815,0.9065420877613275,good
10.74,0.025038738834144335,-0.013785793504359474,-0.001715487188053964,1.2208356624177603,0.004491856923306885,1.8017241467840883,0.7944929913747975,good
10.76,0.010024062073624381,-0.0018752882964805013,0.0011617077690832798,1.2478227572847829,0.0258401786209566,1.789107592399738,0.8904047589900352,good
10.78,0.018940964540564768,-0.002718681878063022,-0.001583245249016727,1.2403741024165473,0.035623667239547886,1.8993234195158388,0.8793163065552347,good
10.8,0.007838950650618699,0.021663285658790957,0.006839455914991761,1.206058210914307,0.001986370689144718,1.7444066776242155,0.9522540281394138,good
10.82,0.023160718911981557,0.008964029966157817,0.025269436037202546,1.2408377651561957,0.012675057796678591,1.9099832172908027,1.0132487672805832,good
10.84,0.028152130565160447,0.012763024485228142,-0.0033959146334494937,1.2517701849689002,0.029054930710477656,1.8404448952659616,0.973067277731518,good
10.86,0.010192236983826371,-0.01673567997071946,0.02849282379654023,1.2288410567701142,0.01902713768395445,1.8739701613803672,0.9676357923910648,good
10.88,0.04027235896056647,0.005934192806226261,0.005962007836219725,1.1741259107272906,0.010353565470135868,1.8303483458339804,0.8880317781889584,good
10.9,0.01732966663727211,0.016772966272800935,-0.0023407576194222203,1.2567109556545195,0.012689935938214495,1.8340733133500204,0.8853100680298664,good
10.92,0.03445899593970497,-0.015000272760182566,-0.017181957739239608,1.2505569913334318,0.008498668926993688,1.7504201342663332,0.9830765658734762,good
10.94,0.018912047282660337,0.003722914098435404,0.00352609475240807,1.1993152198694805,0.02305742224200289,1.8540218196605291,0.9933209787236916,good
10.96,-0.016185900275956185,-0.0027410256808709462,-0.02441665262311863,1.2387183212713504,0.005408876787171342,1.8248673966058284,0.970727402115917,good
10.98,0.00926573531256405,0.020020079860516574,-0.0119697644644048,1.2413194862305945,0.015170094412346364,1.6984955976101572,0.9347804805923972,good
11.0,0.052876448529791974,-0.008918663875617079,0.00951323857822227,1.321826713622429,0.024102876022784152,1.7664144283754994,0.9984492707586257,good
11.02,0.021863028614948647,0.0018419660248136373,0.01617138049911536,1.2409660243035183,0.021102545754197212,1.8038256840467801,0.94670053759011,good
11.04,0.020441400286995925,0.0024072945092353452,-0.00029836147487853653,1.1671876812265496,0.014231336846104711,1.7959862410831273,0.8684853189068411,good
11.06,0.02199271030455231,-0.0007728407546147896,-0.01776485256454931,1.2307791750774584,0.023986988874931,1.7787258161885886,0.8593388235572417,good
11.08,0.0017480294814367881,0.00791910984680176,0.02084399060133819,1.2129993682846052,0.03086209189095511,1.762662842159576,0.9628807048646,good
11.1,0.011953892933721073,-0.003836193320941759,-0.008972813457357915,1.1619129696317716,0.026282203706456377,1.7360359734670419,0.8620475564860761,good
11.12,0.027944948949862422,0.02705076009780854,-0.015986239761221283,1.190547773734423,0.009819414893639047,1.7142856534718949,0.8529651841398744,good
11.14,0.026384692426395306,-0.007750665023084493,-0.005271443166655682,1.163555066277799,0.012025614455606036,1.7585187206010586,0.9303933120371344,good
11.16,0.017976154297609397,0.0037540935857518784,0.01683594183202667,1.1433818465253753,0.039927914468389204,1.7978935460637901,0.9296899927073393,good
11.18,0.0298988429475228,-0.015772801189064753,-0.007581707468201706,1.2505470546550619,0.022437348586150447,1.8084461007195411,0.9005662724803944,good
11.2,0.02521607013575683,0.03274639003317599,-0.021955557601512857,1.1120412435461007,0.031162237396637742,1.810294057544371,0.9721833274767674,good
11.22,0.021404038448276465,0.02626782948499694,0.003249679949174448,1.245142013454942,0.034356178729602144,1.756475546941767,1.005004132368773,good
11.24,0.03393837134482014,-0.0023931168303487392,-0.0026684993859898104,1.2198931364482295,0.01864433715144502,1.7767040776576106,0.8795970586997957,good
11.26,0.01593892571657968,-0.006844123177766579,-0.021677507636530247,1.1672303996426487,0.019924890930761746,1.8167750140053083,0.9654805283293069,good
11.28,0.026926605749725614,-0.00985115180450859,0.0007553290706745548,1.2931766400826232,0.016389297339283737,1.8550745605822292,0.8827473376660924,good
11.3,0.06418913733931132,0.01626339159277767,0.0250140887381426,1.141325557868872,0.03946801924535117,1.7465713844075357,0.9333122997556348,good
11.32,0.01349507121353099,0.026188881737861328,-0.0403278125200946,1.2657093130813737,0.02313587856146759,1.7250129072123008,0.9003585594934588,good
11.34,0.021307329849688895,0.028985545217677967,0.0028984525293405923,1.2477998993691177,0.020568159595511233,1.7952351848109322,0.9269801260737205,good
11.36,-0.008915889991504751,-0.025438261903034082,-0.021387824799637557,1.2442084294519664,0.018209483840564544,1.7959448863046865,0.8581387184778954,good
11.38,0.02244986531353437,-0.007055237515691006,0.016408496779925213,1.260593874532169,0.016049395552290385,1.8246426293221414,0.8644076340804736,good
11.4,0.011904050591465007,-0.01164014432103169,-0.0009208518928202782,1.2577937190532942,0.027818915044807883,1.8142215583848693,0.854883140460731,good
11.42,0.03768780440874707,-0.011517131189754108,-0.0041849886908695896,1.18722039276278,0.022198534621714363,1.7721120223259168,0.8984886112025945,good
11.44,0.023744193981217035,0.02622825138762384,0.004895739069150532,1.1051855440050535,0.02995180223390482,1.8429673207573014,0.9596831911896282,good
11.46,0.028463205685324573,0.0035701575917975663,0.010236892526780969,1.264439349848044,0.04052537545297087,1.7984387439438112,0.9167909217666369,good
11.48,0.013135944454871729,-0.007181025454176347,-0.015155973686068651,1.1775601656647547,0.0111883048457288,1.793164868102345,0.8195821938383788,good
11.5,0.04883623016719804,0.006541271969871834,-0.01732913040440824,1.2799315925317316,0.0217614094063801,1.8103588534991286,0.910315666811801,good
11.52,0.0069052560686904225,0.0009445192574595387,-0.0038152396546116585,1.1528047615771924,0.022363047851790625,1.8080244815728006,0.8793185621138014,good
11.54,0.00963219516385276,-0.004495433799244237,-0.007320550416612882,1.2780683399748962,0.01160331690187503,1.855979344965768,0.974159309967982,good
11.56,0.027082472524433465,-0.01672878071528938,-0.0012970707489488552,1.3169354121206551,0.0003789030363877781,1.7752759186953961,0.8791913265234528,good
11.58,0.016849232226330432,0.0006920816894851373,0.029512621316668392,1.2401258144239535,0.006140715530602756,1.8547698786771671,0.8617019361194881,good
11.6,0.025721865015333894,0.0015362504611288767,-0.005767137738904714,1.1945343957218968,0.0074094324346167615,1.8476827303318435,0.9260521506870043,good
11.62,0.019739544814880116,0.0006933838811130764,0.018392032370181725,1.1959512191215884,0.027934223300885335,1.8596172914495646,0.9367150547773769,good
11.64,0.042513859617569615,0.021351449948614425,0.003210767924981116,1.176638900220669,0.042573733020915785,1.8250302030552692,0.8315044938609863,good
11.66,0.03976506750662297,-0.0018572271640076969,0.013301501228083512,1.1282022356886847,0.0022166675795309634,1.801407070580189,0.9631068321629437,good
11.68,0.01612375068699893,-0.010088138884810516,-0.008112765689533579,1.2277779891692817,0.018901139175034883,1.823685638010549,0.8382329427641808,good
11.7,0.029930199112490175,-0.017764406971706025,-0.009519863397685105,1.236328872572596,0.010147255694438466,1.8755541029776226,0.7971207401464946,good
11.72,0.01267094773853945,-0.004738609417977281,0.020049930051459934,1.2535265953077546,0.013430206950215608,1.6660677339163785,0.9401674840725196,good
11.74,0.022695101495998477,-0.006241660643661732,-0.009079260434122775,1.2642203133832777,0.010377705527837084,1.8261408073261438,0.878460829862185,good
11.76,0.025014196974299754,0.0151004437228737,0.00486487769654994,1.2343727106849545,0.010184852145784384,1.8357855938163246,0.9292071601997546,good
11.78,0.017426358941055573,0.0007882184040757894,0.018736636406914562,1.159046590735555,0.02271078176785747,1.7693929031211564,0.7623714927291418,good
11.8,0.019838699645160267,-0.0008524945741849711,-0.006263482527482784,1.2559429520685303,0.02965630552014819,1.8471151172146496,0.8307982563097068,good
11.82,0.04999125780405476,-0.011273944865807543,0.005636816219755968,1.1841947208939345,0.022299600342284724,1.7326393057274942,0.8691993081473733,good
11.84,0.035299020898674746,0.013022972637102845,-0.006660011296123783,1.1775691356369853,0.020624339295274012,1.7806283293221243,0.8525790106812455,good
11.86,0.03170031300846693,-0.010415207352648712,0.009834609992263208,1.2549647868474318,0.012488195666982156,1.78437384088979,0.9403252807664899,good
11.88,0.0010198628827083668,0.0013598833430104034,-0.0028133871692809565,1.1225913413414896,0.017172830102311777,1.7358958060180225,0.8904644168292304,good
11.9,0.039100704889975656,-0.01765828640645258,-0.010410312581162425,1.2924335401968752,0.020195044763875715,1.7785058167764103,0.851750428331028,good
11.92,0.0111759844245053,0.0028060546196316274,0.010869443118347036,1.1998614252494537,0.026801728309905064,1.7602107698434906,0.8861245679498496,good
11.94,0.04462115170822389,0.02562717866331759,-0.004326072675533831,1.193859889816854,0.030741254828679593,1.8559683126638462,0.898073984838204,good
11.96,0.04306930267044725,-0.03593651901275163,-0.01452934362474974,1.2139883780063863,0.027147760282086812,1.78664898949518,0.8696942335227902,good
11.98,-0.00260226235355152,-0.007374021710567916,0.016518301349195533,1.2023062461480536,0.02923529718410687,1.8548312701659668,0.8773069530093933,good
12.0,0.030381532384069487,-0.006503477252359136,-0.0036750198034390096,1.2157640435819108,0.012865074565792667,1.7109989918822275,0.9440310004785403,good
12.02,0.04003206860631756,0.004641852118735229,-0.005071071010285935,1.1759787665847747,0.011785358769876686,1.8823936529455787,0.8322662196233491,good
12.04,0.02425968079984552,-0.00018071701575620886,0.02319264441788045,1.2491481342197,0.028718586914913677,1.7312970237053362,0.9795686566489371,good
12.06,0.03529132265312187,0.0012220538207568393,-0.011530687416158956,1.1909889953603545,0.024543422555142077,1.7585551143192668,1.0013728483068562,good
12.08,0.02526079900552242,-0.02940883386352737,-0.008471555499346006,1.1982899571943695,0.0243548327803125,1.847698405081584,0.8228706711511116,good
12.1,0.02584592186344728,0.011240115581011323,0.0035692161012585806,1.2491934108626708,0.020301914012953462,1.7943917419587592,0.8542965839772982,good
12.12,0.03268389797078416,0.0012463049663072228,-0.03231833367973413,1.172202419911634,0.0290078259418938,1.8134260609896005,0.7954559952106346,good
12.14,0.002970550951181188,-0.00595048244166571,0.007624226037181791,1.1917507586346685,0.01886754887673325,1.802674953788115,0.868787287853341,good
12.16,0.006823467689655032,-0.003993888646301817,0.01703788914608911,1.2094233461054233,0.03104198906699644,1.8474988027689216,0.9261253541933947,good
12.18,0.011898164294520525,0.013567606299268656,-0.005610469916158882,1.2996510196110516,0.02022933076369485,1.8073811852397919,0.9363571096752963,good
12.2,0.010080041683166573,-0.007875113538221465,0.0032605812509916136,1.301568545618871,0.03838120024107775,1.870728861216582,0.8147431255247769,good
12.22,0.04967720404742295,0.0016719896936514445,0.00653391422400348,1.132474063842467,0.01961173917497791,1.8047635778107902,0.8788283278802457,good
12.24,0.025918312176256262,-0.007431328405112698,-0.0030668101372487437,1.1848529636240361,0.007319910992898287,1.8450684208356882,0.932800768269809,good
12.26,0.026893167942658818,0.002337367875316611,0.0060657625374365715,1.2645391042974006,0.004923607123198502,1.8530244089878622,0.7786674021790813,good
12.28,0.0440332135434927,0.015976030729272974,-0.003893926931156942,1.2148115297678181,0.02150991042637039,1.8290147584443028,0.8867947914670768,good
12.3,0.03658017430390952,-0.02596502944208581,0.004449247258012094,1.2535348309177816,0.021811062349928963,1.8107244347413185,1.0122147825856618,good
12.32,0.041875480043199166,-0.019709420603067185,-0.0034593491222567932,1.235153662067556,0.011001230452649878,1.8132434676974245,0.9242178160676238,good
12.34,0.021027833794149624,0.024030009086813957,-0.009088279878976565,1.1294164173076067,0.020848340580810892,1.7326266450953214,0.8945488808902402,good
12.36,-0.001142284803572693,-0.008233468959089043,-0.004753487635443494,1.2099984661626617,0.005013279061946879,1.8746094584549866,0.8183305508847182,good
12.38,0.011821276485049813,-0.004276556132027656,0.014628146535266513,1.1799804139113539,0.036881530420401445,1.7929137345593804,0.8883606695132852,good
12.4,0.01948418670896155,-0.0023534936262986712,-0.011443789340964744,1.1574924418138024,0.02119941878150454,1.8330955279048942,0.9598849949795959,good
12.42,0.04335805735929832,0.02719779226250022,0.012340510971938902,1.1954355974857376,0.012573607588469758,1.7508973198605033,0.8968801731505177,good
12.44,0.028371922235012333,-0.02874567319163742,0.003135466283939699,1.1415311132611299,0.02359298012359102,1.7616567061226216,0.7842584863987463,good
12.46,0.04928075136870699,0.004387416454332789,-0.007973945238590718,1.236474042247157,0.0205099031950698,1.8039535341399462,0.9246461194615293,good
12.48,0.038309645269883646,-0.01184681877150027,0.010467826128452425,1.1479858686244655,0.022374616852686276,1.7127324243412085,0.8847358127364336,good
12.5,0.02471441957722494,-0.011483718471712522,-0.01716904328349657,1.1983431192098102,0.030295860352246667,1.7361601742699824,0.8708354185037608,good
12.52,-0.0015985235142860885,-0.0006291416284537178,0.018053299089099948,1.1280027206300312,0.023412255908299387,1.8874257938213863,0.9520532529265965,good
12.54,0.022974787091131103,0.008672615132178011,-0.0010197946431217924,1.17602559912826,0.011164690451932644,1.8159112230350105,0.9210265274276116,good
12.56,0.028852686004670433,0.001019774439721935,-0.008492393581259422,1.1389789925038816,0.02343863378315284,1.7948024131025533,0.9077630702571355,good
12.58,0.03761082917186989,0.01809571530966973,-0.012058956082718713,1.115440222124422,0.03288304459122579,1.8056412663371848,0.828720189605958,good
12.6,0.011782560637476847,0.030287252988499075,-0.0016444926141366523,1.174888470898498,0.025920373747167394,1.7369188800064033,0.8898702185987197,good
12.62,0.015106071728275971,0.0005096577907815393,0.009477161601665932,1.2399699016923933,0.014384452665090811,1.7973678267769928,0.8317507952664782,good
12.64,-0.0047642947466537905,-0.009982361614884635,0.00508449199934761,1.2653053675453378,0.008691508737426926,1.7779669032889591,0.9497340065582556,good
12.66,0.019111085899247964,0.006139234093259294,0.0182775238302601,1.2226067276805164,0.028872134603114427,1.789164766927644,0.8627097655983187,good
12.68,0.037742645170003676,0.018473748134973333,0.005332400570246532,1.1521133644583628,0.02698710880409725,1.7837482816588153,0.8538591849082754,good
12.7,-0.006745050193975327,0.03100998998339999,-0.008198125755333343,1.1518461889171827,0.02209741058269829,1.874448328919969,0.8978753932742856,good
12.72,0.030200361703019058,0.02618966781110726,0.00816713966919293,1.2922334522778485,0.019143295439298675,1.8896537160022038,0.9119459217025184,good
12.74,-7.04851840588493e-05,-0.009785618951224066,0.020291561870777197,1.2618308021789655,0.019280660851861715,1.7716807764485847,0.8522610868132097,good
12.76,0.03490871248352815,-0.014176030206379352,-0.002484450221986465,1.2017958973346787,0.013909385124822631,1.804928917946483,0.8802357245982602,good
12.78,0.016790517792685478,-0.020447868749237555,0.0070078144558261635,1.209025439495768,0.037174008404567825,1.8339273728090424,0.9486748612361117,good
12.8,-0.006572812405678509,0.015429031553546317,-0.014236343156676807,1.1362849269842648,0.0,1.8895557884187828,0.7625310522058251,good
12.82,0.024707150160560434,-0.014484928149426153,-0.0028856848713908418,1.2075839877411985,0.010387844779234072,1.8843525321701544,0.9350540193764403,good
12.84,0.002284857610396061,-0.004996157108511144,-0.009296145624299519,1.2916103405401158,0.013882136413129907,1.7281444870104266,0.8749766082706866,good
12.86,-0.007272025743262392,-0.004371239830572111,-0.03237486097503912,1.1631789619654975,0.01408118412085793,1.7936145063301772,0.9365668067178037,good
12.88,0.030687848968424407,0.0017566126098936788,0.007178889915600215,1.1673230973766802,0.015399124694954476,1.7930033191569787,0.9136806865078065,good
12.9,0.02668745128887167,0.021587516147107192,-0.026595761829340793,1.0921810197601947,0.009459194737630024,1.8444737248272856,0.9193904198835808,good
12.92,0.018285183572992414,0.010028703213904517,-0.017879003834480735,1.1551799499992388,0.009260686640476763,1.8285657085791347,0.9814947264272604,good
12.94,0.029085481289932266,0.012096165559642243,-0.002710324808920276,1.1829612760131412,0.0312537458235921,1.8050457286540813,0.8916292094604497,good
12.96,0.02783038043410918,-0.0020888481649843356,-0.01036519678473526,1.1632491135517227,0.008660691567027238,1.8291611283134535,0.9053337293366907,good
12.98,0.03248882116918284,-0.0013897401286705941,-0.0008685916849607684,1.2478065129802585,0.012761144729264737,1.8459594648104487,0.9127956930939973,good
13.0,-0.00014224395747202255,0.01035026055251851,-0.0013445448096348154,1.2451065907877785,0.023178775020893216,1.8319241224272802,0.9376049273025597,good
13.02,0.011167587071240633,-0.03932324615458044,0.0043360028251280035,1.2183822838592806,0.01792849848943528,1.7936825941186532,0.9656072974094457,good
13.04,0.0005323628244435564,0.020085533645927193,0.0036785688157058996,1.2010328460789683,0.024323183550558073,1.814516068063739,0.8478349391244554,good
13.06,0.013784075581966341,-0.023017336501888863,0.009884386633156994,1.1206467430337896,0.044414755200583605,1.7460425180402566,0.8899507040145803,good
13.08,0.024370550346642508,-0.014709189982848033,0.012135446061995382,1.1633734958419366,0.02519449268290253,1.769717947309892,0.9248010779561833,good
13.1,0.03271982779411825,0.006824363871522765,-0.019123676781244128,1.145415025396646,0.021257216887335666,1.7995957798738904,0.9203456365515688,good
13.12,0.021020995640557927,0.042289028808792525,-0.01614822946731455,1.215539880595649,0.007370362263643097,1.8371104915755694,0.8823842907506322,good
13.14,0.009247841993246972,-0.012981001488319318,0.004089846339518021,1.156922439470853,0.0192321113418895,1.815681591308088,0.8539489031958358,good
13.16,0.007715542715911025,0.014191612999647352,-0.01722701783512469,1.173264513818092,0.018354674258890175,1.7639629214467714,0.7983416037793545,good
13.18,0.024532355393838853,0.011259391179048688,-0.00990190471663897,1.1110910478682428,0.03436691459671973,1.7985503990136065,0.9238813879089831,good
13.2,0.02546375377257205,0.004456068121339846,-0.00412381773544617,1.2125770822675737,0.012404670489079497,1.8511165990764549,0.8347297272990102,good
13.22,0.004648373458719148,0.012606976485654571,-0.05339899580059924,1.1494497503576298,0.02149524845610524,1.8072432711048931,0.9359381581303121,good
13.24,0.018530113964085847,-0.002057458834723188,-0.014847947602314414,1.212623039674245,0.02087160000734819,1.776677498401539,0.8895459196883363,good
13.26,0.028466974995396247,0.008446183457861396,-0.014242700439275644,1.2452945487055909,0.03410064662265454,1.8535499874905161,0.9369337196524244,good
13.28,0.05003401634399593,0.00934687083760214,0.007793238332580349,1.1672426403333904,0.02692844795482476,1.7463229319979663,0.9111892082625633,good
13.3,0.0392998521298587,0.014998487176373898,0.008747720077194375,1.1945798041226137,0.014857213668406956,1.8339116164219604,0.929482785288281,good
13.32,0.02119538496910805,-0.003536927935167833,0.008258490187988134,1.1885927035425647,0.02162425585571627,1.8312011698844834,0.9313079038562583,good
13.34,0.01389629377448955,0.005955815141931791,0.0033968425746368903,1.2729407129415506,0.03222701012117025,1.8220913404571624,0.9334598858819976,good
13.36,0.02591624083474368,0.016366911491127317,-0.02019023818310455,1.1487461553417344,0.021218671383742334,1.7195796582394367,0.877713013139519,good
13.38,0.009357383886634084,-0.0038682088524242425,0.0010044621948309608,1.2539758894463557,0.022053182916971906,1.7474090610590558,0.9175140821018818,good
13.4,-0.023246427603996214,0.023375501034067575,0.006529172674306566,1.1744830864464353,0.0314766211530847,1.6946091058119168,0.9909866273131984,good
13.42,0.0004954707378516848,-0.024294735271535944,-0.022887969302322467,1.1799115488940277,0.02429083238768557,1.7786087821264567,0.854173129867455,good
13.44,0.053059305124430384,-0.004192599396481159,-0.004097318654903772,1.0944911385146774,0.01347093706187824,1.768154358099216,0.8840389952368425,good
13.46,-0.006521538864175951,0.005395406171835211,0.0036571092188401252,1.2600803927819668,0.01671256647841115,1.7872675897518153,0.872394969037369,good
13.48,0.02552227690729193,-0.006716722219407741,-0.01817357850546792,1.2787000807098343,0.02975632366271882,1.7968514869246932,0.8930414581205666,good
13.5,0.014632486065669251,-0.017719413724661386,-0.005084831457977247,1.1888472047492666,0.010419533141972928,1.836854284656823,0.8557637774240849,good
13.52,0.020718300523686305,-0.0016936261658905328,-0.015173836607912206,1.2605008351545006,0.020673394454069915,1.8523770434164246,0.842720061629333,good
13.54,0.01843715452871968,0.03344305851970497,0.0046786973844000785,1.1965522939939512,0.03230691571177173,1.7173785632236986,0.8954600792335833,good
13.56,0.024439621218393975,-0.026416026939533727,-0.0019682126075914984,1.221316121344748,0.03078012134856499,1.7443927739958285,0.9405593879812253,good
13.58,0.029836448963503907,-0.01664839944881562,-0.0027881404169145594,1.2507515980393522,0.034541713499223886,1.8002832983491923,0.8299084442509077,good
13.6,0.03118247482717524,-0.024126033846203977,0.0033447752178377096,1.2023223994879504,0.01834287648188057,1.7864810050977717,0.9593671809638556,good
13.62,0.0167134046655354,0.013890661065492126,-0.00027657264885894384,1.1526141680340638,0.008869571296950271,1.8066942261141437,0.9198710614398169,good
13.64,0.02772544880844614,-0.016376729140522087,-0.008462374970451452,1.2088659713915515,0.01916123786103196,1.8119493843448813,0.8099998785260922,good
13.66,0.018960916454172794,-0.018568829852644717,0.016040162225935014,1.2614948157670438,0.014080262320511495,1.7472658322764467,0.890924471993755,good
13.68,-0.014271392307611305,-0.04132089404778463,-0.013392124137919145,1.203411841996219,0.034654198610776475,1.720390979164202,0.8124053708029756,good
13.7,-0.010324618515551885,0.002941728011631122,0.01718453243794141,1.2290817082760754,0.010402715283629727,1.7856447336504062,0.8552628785913589,good
13.72,0.007913890435382572,0.025602720652617535,-0.005241698719098721,1.1750381034905277,0.0027472022799234982,1.8401224597337476,0.8946192976634736,good
13.74,0.023523822156065844,0.009145301831585193,0.013347894832122818,1.226715363506324,0.021679970162804645,1.7541604014924541,0.8636397224320449,good
13.76,0.019307805509590503,0.011374874639487158,-0.008630719600940053,1.1949278001194759,0.02650542969185606,1.7069484512430766,0.9049232196168002,good
13.78,0.00785491326309656,0.01208148638096476,-0.00728936983719964,1.281078549743211,0.028514770481798412,1.8404986530349652,0.9344014113419381,good
13.8,0.00976444115422985,0.015752200901059804,0.020304764976436553,1.1527895133481438,0.030920172828313393,1.843949524238053,0.8683738658724812,good
13.82,0.011760567933697943,0.02652913767058466,0.005119898891797398,1.2014606056583061,0.025901090137334014,1.8050493581400988,0.9330382271426402,good
13.84,-0.0012855281316888068,-0.013419594887304917,0.0005788698073116472,1.2275212018140262,0.016065082785619706,1.8262329390513068,0.9267566564294574,good
13.86,0.030370880169826003,0.0032163871625048054,0.02425686215043618,1.245233110297791,0.012156976755865825,1.8174095004072104,0.960153546347873,good
13.88,0.03227152861641757,-0.005337778082689404,0.0032209724827575686,1.178946784364,0.021062298983929355,1.7944554402756718,0.8405480300602005,good
13.9,0.025730443143575445,-0.022090020460416485,-0.004342180437032885,1.2289725795492628,0.029659320763610962,1.7883990959603422,0.9565589619471531,good
13.92,0.03074300876820437,-0.00460272197586143,0.012086893264433813,1.2436461377914783,0.005169527438011284,1.8505867475477178,0.8868666294912637,good
13.94,0.01605081984714616,-0.01586593322825857,0.015160037847103132,1.2209950785562358,0.010321111197931571,1.7801241963709422,0.856452420881308,good
13.96,0.010251656816968244,-0.00969434812552589,-0.0034596037232744415,1.124140541022596,0.010754989530303542,1.6971299960470128,0.9245971482707125,good
13.98,0.012880338238708398,-0.010466556143358311,-0.00939220469676595,1.1881334577303102,0.006884518417050487,1.8609198564010365,0.8966108749427949,good
14.0,0.03774255012695469,-0.00044774392852052063,0.017456995088980323,1.1088915261450076,0.015570953992924966,1.7027075785498258,0.9084809590311322,good
14.02,0.03056229449865689,-0.00461055981514492,-0.004468750746732835,1.19615406432663,0.017018278778313786,1.7902440023630584,0.8733873718585965,good
14.04,0.024486141477274775,-0.003610513480681157,-0.0040909727870963334,1.1799628463309437,0.012535920080575795,1.8477275152384653,0.9163606341746473,good
14.06,0.034131932216684036,-0.029332819460828115,-0.0021538547799303596,1.1515910410825982,0.0,1.7389663456932167,0.9739070552978287,good
14.08,0.028616217173149504,-0.0020856237293452955,-0.007708653863065276,1.255438909658881,0.027429782012152258,1.825055908476486,0.9405241104561008,good
14.1,0.04016410530372572,-0.0013977967087925377,0.0010049274865530052,1.1895542500888159,0.014462087408398445,1.7500719047292475,0.9580830687784319,good
14.12,0.02612290896176877,0.009069940494253515,0.009910175974915626,1.2196056421706916,0.02645294578313418,1.9513065668603524,0.8387665130674572,good
14.14,0.009209267326225266,0.006938622034039179,0.005759234100255723,1.186064723713692,0.011138173487612871,1.770223401519657,0.8492693820518753,good
14.16,0.02539601884360846,-0.005838508998530266,-0.01707339068134487,1.1396554782397772,0.009034646189437912,1.7524257134598877,0.9253054669178937,good
14.18,-0.007321145174789556,-0.012606350031802046,0.00982948984977354,1.1325278274521882,0.03219666022913093,1.8191879746709008,0.8388051575495371,good
14.2,0.013592553457588731,0.003294652590911514,-0.001249545876371485,1.2171434176635787,0.011867844473250747,1.822814530547447,0.9014117403345931,good
14.22,0.018744353425980038,0.009245749148449037,-0.02468004188546551,1.221974239678933,0.022886856260863484,1.7400446451816698,0.9846980900133215,good
14.24,0.04478928462531361,-0.009665836009653504,-0.004402018636305714,1.2170729276009817,0.0,1.81178142163958,0.8653221269075672,good
14.26,0.01361282620731448,-0.00025027274912370264,0.005866496164816968,1.0811301462228888,0.0323443327963661,1.739842363443042,0.7909366957763462,good
14.28,0.02252389539326445,0.02236468680980706,0.01720534423515425,1.1874462122224363,0.02128816599700764,1.7120030657215328,0.9128340133667429,good
14.3,0.028117875594292317,0.014990690578737866,0.005369319992095094,1.2441032978553461,0.02091008348345049,1.8661528772925426,0.9545382199815947,good
14.32,0.0360492554527493,0.013560062407352741,-0.009102332522767107,1.1961675861600252,0.006759017949670447,1.7383817850666368,0.9088220864514089,good
14.34,0.03701810366383205,0.002769569289428461,-0.01537998811732371,1.207706326267333,0.02291890766085405,1.8082153928619564,0.9052146108035087,good
14.36,0.018528295040705415,0.002703250713160488,0.012342424984389967,1.237331980635304,0.04007722051708146,1.8678221018295957,0.8406963792480222,good
14.38,0.019712140824684123,0.007828937984254797,0.007963338678600058,1.2177609384783887,0.020821686958207904,1.8052015048553283,0.8406980075825723,good
14.4,0.03356534053810471,0.0070486371781526246,0.015047284104731539,1.1715523058826856,0.01719914196285964,1.7474802205573408,0.8102734631193736,good
14.42,0.029772873154214806,-0.0042771619834311,-0.013843385227913368,1.1920987969224794,0.004047303945837341,1.7783584441502986,0.9526620841082114,good
14.44,0.03431824083464831,-0.020924188035453692,-0.010481123236840096,1.136920879141493,0.022472661797827073,1.7300302575086732,0.9087399193061967,good
14.46,0.02631968536283714,0.0009665408382373476,0.022140069370914756,1.217332058120036,0.050259268073297156,1.7883186724720377,0.8795607816060215,good
14.48,0.04322352689844324,0.007204900720014552,0.02607967059873179,1.1944219466975812,0.0,1.8132512049219007,0.874922133599659,good
14.5,0.02441100808601897,0.007246071581863404,0.007439046565383132,1.2267752974418082,0.02055462289868038,1.8398351492760412,0.9215699377550228,good
14.52,0.04018129699225917,-0.031974586448557094,-0.0015616420382324892,1.1400345503252933,0.03080961168463793,1.728896061223582,0.8465544077585635,good
14.54,0.02155146026662702,0.01638086206736071,0.025983672761744857,1.1711067859117188,0.039141551307955935,1.8782194327633377,0.9548317233411886,good
14.56,0.019431567990726224,0.027637735737786665,-0.009142641389564193,1.1914269148178882,0.02239866487897824,1.8499171659284055,0.933793556583517,good
14.58,0.015846940709704167,0.006804063636832219,-0.0013744121549997663,1.2345471659048726,0.03224415215334816,1.8216574143936672,0.8434612446232697,good
14.6,0.010468711655293894,0.016632862953148253,-0.03789572827885778,1.1925073580799805,0.02894448628411115,1.7925179789988237,0.8871547651541649,good
14.62,0.02453183426470973,-0.0058098929047078265,0.021421538672346523,1.221618417772218,0.037831531998416726,1.8406828076261212,0.8698445144983915,good
14.64,0.02038992922124428,-0.004625498375352288,-0.008964215479167172,1.183788680790473,0.007351606767355832,1.7250914340066086,0.9293714352214532,good
14.66,0.011733404638070872,0.005089322259965377,-0.0035538379207657824,1.1417168457360665,0.014894858985592927,1.8176199929604862,0.9346367978621103,good
14.68,0.02398124165607669,0.01158207215140655,0.002229429454881859,1.1672026522835293,0.026580681278526353,1.6474037592095496,0.8391125742275412,good
14.7,0.04035152821969177,-0.003517692337866318,-0.011013582280896552,1.1294999752555852,0.037424134571454104,1.8633918986355513,0.8453004102400374,good
14.72,0.02143552641794341,-0.007441976972673137,0.021965734207647667,1.2428329927669914,0.010383925904091523,1.7925897712951764,0.9308944117761808,good
14.74,0.010812388648520358,0.009393875912563639,0.017481165850185987,1.1945107613958874,0.019049594464545388,1.7674116436062923,0.935138771053144,good
14.76,0.0173151995742509,-0.013625093377426057,0.018694813702830326,1.2185461410004035,0.021675639525667666,1.806237480305014,0.8713731690793592,good
14.78,0.054201696857078124,-0.009831579802512563,-0.0006040043857382957,1.1273170921850917,0.02211809350057869,1.7543312917408398,0.8753806175426234,good
14.8,0.04307822169872349,0.003965832460609479,0.012601583663228824,1.2240580543248154,0.021022625289577417,1.841141874634387,0.8911753290307074,good
14.82,0.010357004226494113,-0.011237201257238053,-0.012836099258672972,1.1352708545746133,0.010723827870807343,1.808153893457392,0.8454971654145325,good
14.84,0.03758906548186112,0.000862231482458091,0.007010594423479985,1.3323271586922705,0.024784262392046928,1.7851683385976254,0.8619638380141312,good
14.86,0.025604176339727266,-0.012671104772271275,0.048021931652151975,1.2100500681365889,0.021740966153092352,1.8689417030149724,0.9612433429110033,good
14.88,0.011916894189541836,0.0028441475176075688,-0.011628771347018499,1.250812656663653,0.03231184544158957,1.8038147918340233,0.9873721250718442,good
14.9,0.012694258744528394,-0.0034280620028576503,-0.006337359266741931,1.2434833929544082,0.022091141500488062,1.7578521703099168,0.9317918539874731,good
14.92,0.02378856386674608,-0.007790920740049672,-0.02843498878622145,1.2508041021249392,0.028407053821871895,1.7758176144101672,0.9057214616784924,good
14.94,0.011737624808801311,-0.009396812296254,0.007755779875633775,1.1689564608164078,0.01924237527228737,1.7927588736580962,0.8291266675045948,good
14.96,0.02989189080144611,0.009438245011834984,-0.009542674878411676,1.2508684665212857,0.019292456766675726,1.770283423271749,0.8809010117839488,good
14.98,0.03358763293873608,-0.010418604697275907,0.01589426181304134,1.1428696070485336,0.03851606152986672,1.7348150142568617,0.908236994294596,good
15.0,0.024238311956005832,0.007431192068975919,-0.016370325118584887,1.228029694091367,0.007002229438098853,1.8891774774990837,0.8596866831559665,good
15.02,0.03779402165256794,0.003392282358540268,0.024176217572468055,1.1988076262405134,0.020331617780150024,1.8236395962842915,0.891966938325979,good
15.04,0.03485358088930628,-0.010287711704519139,-0.025670474506423686,1.2275142627146216,0.012458049961407893,1.7883934703577864,0.8919734348318973,good
15.06,0.034447554832448865,0.01587452633055406,0.012156055493167357,1.201373740630429,0.03191281161254288,1.7534955017058351,0.8844784522054915,good
15.08,0.03913523534932169,-0.02402972219096122,0.005027152464919076,1.2660464942840133,0.0031427649982249013,1.7937448867872887,0.9469876370029644,good
15.1,0.04602039648152103,0.017694055920865984,-0.008090869866168166,1.1129608203042387,0.014767624448420518,1.760189214600225,0.8358309593744305,good
15.12,0.04203351194546961,0.014164237069125256,0.004195215602461481,1.2651024673803055,0.00659206259409254,1.7267962454190184,0.8759404277160909,good
15.14,0.01802986449751953,0.01150193271544912,0.006633082027803697,1.1900499522575214,0.01744805705226546,1.8260047161432476,0.9252821124396546,good
15.16,0.03164311314199887,0.02650091360532738,-0.0035687931352978686,1.2461765646646292,0.012491261871157216,1.8731817434485956,0.8709964405728591,good
15.18,0.02338490431493669,-0.022564221462972392,-0.0006618982615157659,1.2309535590732168,0.021423012775916607,1.8624421724791278,0.9720644316520534,good
15.2,0.0364117897462188,-0.0008067140521866667,0.005241389827588927,1.2128936625740219,0.020209564938675928,1.8213402717681049,0.8211683813341306,good
15.22,0.05566780611322635,0.004969531096426921,0.004468549482397699,1.1816532883040414,0.016302782907643816,1.922984808764532,0.8879230187381862,good
15.24,0.027423580746597054,0.01704835133265734,0.017827840368802004,1.1397816770103288,0.0334091267475454,1.7274765953243163,0.9156166666371167,good
15.26,0.03268111191928896,0.00789107361793127,-0.00585549964518004,1.1362972345481068,0.007052574366610815,1.821592356839486,0.9244243949159523,good
15.28,0.04266765226312497,0.0008056382752227703,0.010960609388525683,1.2093041782506664,0.005217389415782311,1.7971079289469696,0.8056208929023058,good
15.3,0.04191978720077755,-0.0262391021992453,0.01515931939771947,1.227929556678994,0.02718139983822283,1.7845689650665815,0.8580691802100124,good
15.32,0.02853428981328224,0.024322075611238433,-0.00216233969122008,1.2559192461531885,0.01809479597570744,1.844786762547444,0.8744702440173541,good
15.34,0.05117901659195199,-0.004418766387586169,0.008923665297702428,1.1317750191582432,0.021028893759119132,1.8480740779403353,1.0601984070567356,good
15.36,0.022998939877265912,0.0024735248921455804,-0.007175384914739287,1.179037977966007,0.01569770276819134,1.8912191061584194,0.9123524013743523,good
15.38,0.011112936626574827,-0.0028360107232173358,0.0187744101339754,1.18774087651796,0.0064380657838933285,1.795070938061568,0.8908255001926757,good
15.4,0.035192917879089895,-0.01916997855772447,-0.002330657023756272,1.1792672741808445,0.013848280448481647,1.7390427490423164,0.8529856375598871,good
15.42,0.036915696421266686,0.03399822933203913,-0.010834354858663138,1.1535337309915032,0.012916316586072785,1.8190808657364619,0.9522975307912438,good
15.44,0.04001002379772444,0.024109114018797194,0.007286102444191862,1.1953917207244866,0.01419899037491297,1.806579926799116,0.9254670195027043,good
15.46,0.022179683289230482,-0.005506914124307302,-0.0017260647099512584,1.2364002894822093,0.00011950075270632937,1.8443889977938488,0.9206850144796672,good
15.48,0.012711349625979189,0.005009973095669878,0.010652540636753222,1.216086377223706,0.01292820536594075,1.744477783120597,0.855729247878807,good
15.5,0.007405361242581421,-0.0033440332369930326,-0.002190695378772825,1.2019537390387398,0.02639897248023532,1.8172948717984363,0.8313705038539051,good
15.52,0.03208316511280166,0.013947909000957394,-0.013492904128773301,1.2388979876480322,0.023586780707085482,1.8015195337419383,0.9071085759537248,good
15.54,-0.0038038493119242132,-0.005665633696771058,0.012443385992877191,1.1890032916485729,0.033269460387269335,1.8698318833281977,0.9453614529311792,good
15.56,0.009807617820081719,0.006086969518799929,-0.029440459898483505,1.1684148327500299,0.02233401863876669,1.7518329096358505,0.8671630946299487,good
15.58,0.02892999880568306,-0.017578568863361375,-0.004417241721178312,1.2421677655221333,0.034354752056062116,1.8039303001920568,0.8580620940828874,good
15.6,0.017434676508652377,-0.00813421331614484,0.009487259647329192,1.2434097411184042,0.02694732920917278,1.7839905170030377,0.888813215640696,good
15.62,0.03152666574120655,0.023940397458888773,0.013576615031063778,1.1726105213568594,0.011440095059770141,1.8167832438722114,1.0319715650945436,good
15.64,0.002164017435596551,0.008257308414014364,0.0008852735773817862,1.2186430848928467,0.020392413204872957,1.7607793079396494,0.964960396167816,good
15.66,0.03147582792831248,-0.006322632636103536,-0.0066832954504592555,1.1121581545589194,0.029664752578614006,1.7359229007676398,0.8789061476538105,good
15.68,0.02156110193220229,0.02763986785209454,0.013243485355307278,1.2546182076387218,0.01668649960054908,1.8277250270105285,0.9474767480315148,good
15.7,0.021142157838100542,0.012183928158225426,0.007904293406486233,1.1532860172619288,0.005566632195904609,1.776079037592129,0.9390375140006153,good
15.72,0.0019820651231305998,0.0013409667446092838,-0.0024413388407213896,1.0937989882966201,0.019106023730252646,1.759603879316884,0.8843065626365839,good
15.74,0.00421022532472741,-0.002402858061346748,0.010766548979412144,1.2743825663009902,0.01497033030366585,1.7860009658399307,0.8994484258016613,good
15.76,0.017894908351432728,0.011441528118370285,0.009436905952618318,1.1346975575306515,0.010554070774613962,1.8161149145644733,1.0039886147439392,good
15.78,0.04211949972383102,-0.007724452620977265,-0.013777632896379186,1.1666327196367634,0.01856739530729649,1.825075275122227,0.9013236747073107,good
15.8,0.009456338612730675,-0.006077646895440667,0.02190154876445851,1.237872587770486,0.010381471039845361,1.865860214519124,0.8866972923929418,good
15.82,0.03890403274028131,0.04442827275502062,0.022719973207206787,1.2252371823305341,0.02700125979589811,1.8511980674373485,0.9642511915511225,good
15.84,0.02435934382000844,0.0005764713294121425,-0.0029783090507706457,1.2209043892267417,0.019068712006981497,1.803976497392718,0.8988846174912629,good
15.86,0.024266758475177373,-0.004965860629429932,-0.0003877668695869706,1.1433133636815738,0.03285094945365728,1.7472072933394294,0.9225136302925645,good
15.88,0.015950959585805693,0.009552667917029137,0.008570717780631324,1.1169663375095378,0.016066049926782955,1.7710007892881467,0.887784898413691,good
15.9,0.022362542795061596,-0.022771950200540233,-0.0013557508507081998,1.0748719593917886,0.0162810159901265,1.7493552912938148,0.9126798275482205,good
15.92,0.033818002396883665,-0.006454694592000102,-0.02458864340975414,1.2479254572012566,0.02387211291706906,1.8013805260894709,0.874813764116382,good
15.94,0.0096645072755012,0.013403333248340227,-0.011468484647043229,1.2099229646545298,0.013588626750291764,1.7981431621088269,0.8304932307643001,good
15.96,0.04740001110408829,0.021584607590686658,-0.0036030527845542053,1.3243084213061056,0.01112640076011677,1.7911284474468658,0.9430059568964231,good
15.98,0.019479037337859238,0.011536373972709933,-0.005471453181314008,1.2005682143759224,0.011754092018215166,1.7985032190177386,0.7793898754457784,good
16.0,0.046626916171660884,-0.008375215893547224,0.0008678044853780628,1.270807483561138,0.022899303286967588,1.7867749405456455,0.9136613202720788,good
16.02,0.033592588446415446,0.0031028550495085616,0.005091146361046215,1.1757203322698881,0.015380564292350414,1.7892607201633604,0.9501634350233678,good
16.04,0.03600374190838879,-0.006227512434936723,0.01839996750366303,1.1299116307398893,0.044842922682247516,1.8036145449936705,0.8834197960987719,good
16.06,0.03553398719879582,-0.0002440049593386966,-0.011401292761965836,1.1431424704986362,0.01855983710524839,1.708343323568901,0.9153472750014201,good
16.08,0.03979656834148955,0.008143589181711642,0.01916225415263793,1.138109307016341,0.023594731969236234,1.8071924387335359,0.911905052744361,good
16.1,0.01694221535499103,0.002864521948022864,-0.008899887276630856,1.1803539588441534,0.02591416208538746,1.8105128564310042,0.8719274609707963,good
16.12,0.032003087418776305,0.00610201816376587,-0.021264822051924096,1.1865665335853104,0.01810559729635982,1.8025139283649283,0.8635313890296489,good
16.14,0.04487326459477572,0.011279858172756577,-0.00892687834176009,1.159878185521966,0.024058519443800865,1.863253383915342,0.8548656847832122,good
16.16,0.023889062793539324,0.025419221273387572,-0.015912655338518995,1.1847639908047132,0.01829171591162481,1.849847329655647,0.9425149843739735,good
16.18,0.0169679045837252,0.006873854075031272,-0.0017894552380770935,1.2182773948225663,0.031121467749375947,1.7688866623153376,0.9314550500136272,good
16.2,0.01158887104643637,-0.012423040989174402,0.009135141861864055,1.2398555237998548,0.01371432757091394,1.905487183278844,0.8689881594336273,good
16.22,0.04988287520509568,0.013745685794511003,-0.0032924323800435835,1.1754292615323598,0.027122496550226655,1.7398695316582544,0.8483812477985475,good
16.24,0.02605321660870831,-0.023630424048289442,-0.022314784239559467,1.14971036262488,0.006390908469118559,1.7571574074448943,0.9779927449094973,good
16.26,0.04255431543556225,-0.026230465551973604,0.014837374166665106,1.1075966853090127,0.012364163835637427,1.8368079543951186,0.8533094337881397,good
16.28,0.03750361327309602,0.01421617170722108,0.001944129268744212,1.2714351418216914,0.020666401038772587,1.754916569910392,0.8828342128355142,good
16.3,0.03380914256924205,0.0025958976147962116,-0.0031635319026161045,1.1680037453690129,0.006277498519761386,1.8726911500774932,0.8155348500830948,good
16.32,0.023518507126053793,-0.0033750598863448535,-0.0011194315291257464,1.1878778683016062,0.03820142253407084,1.7651712096203152,0.9617890226712877,good
16.34,0.010373552839220626,-0.01147612486754317,0.028001981825370975,1.217216198033612,0.01999074693222816,1.8407818332159827,0.9601658372778914,good
16.36,0.023770134994541132,-0.022363601506477968,-0.0014635381150601065,1.1592380046478237,0.020598785678504344,1.8431730175928702,0.8807562553852657,good
16.38,0.05658435241099865,0.014446295741590167,0.0020387689911342973,1.181953843168405,0.01652252817677964,1.8206177104265044,0.7414102710827499,good
16.4,0.01453423876067146,0.006649957610327049,0.00031140190421608525,1.167114539323648,0.014191548987028613,1.7228131277192658,0.8940398241099411,good
16.42,0.018030896778574185,-0.0076372698687278305,0.015699950173668147,1.2178553325989294,0.01745088040975249,1.8162398598371272,0.9586790936804428,good
16.44,-0.00024179808276068632,-0.011855561325677373,0.027900985119366773,1.1699602079159177,0.01517773313099372,1.8432237635545523,0.813290549375151,good
16.46,0.026009852703277624,0.006204120968684651,0.006331831962710883,1.1845282122335474,0.024920646259189654,1.7370192853096171,0.8821975724862751,good
16.48,0.012098810633807385,0.013065874692371814,-0.027766172258755866,1.219210666547444,0.025368147790396423,1.745186675345936,0.8314303780992417,good
16.5,0.010847534973983206,0.016187358385898964,0.013506653873341353,1.1405341645742926,0.026839567522855184,1.7524527085417658,1.0059549653174273,good
16.52,0.009347880489583944,-0.029616234492155474,-0.011065559344729872,1.2346468580295291,0.021792977979987305,1.7498510388385684,0.9019135421577458,good
16.54,0.02433941843673417,-0.02191723491320751,-0.0032869169369427174,1.2643533328081478,0.03109053211636042,1.794988502318109,0.9510921267768382,good
16.56,0.02530368779302328,-0.01622973012708805,0.016431513890189584,1.119837264677558,0.024622382548708403,1.8286799928092567,0.7949055904302368,good
16.58,0.017420940542282222,-0.019189660181758838,-0.00901792830995636,1.1608915023425608,0.0005536333875266718,1.804978161528388,0.8542287759458901,good
16.6,0.039417713214678025,-0.0045924520114525415,0.006392497974233384,1.1437919223150943,0.016730790703194408,1.8513875332530507,0.9111492536320496,good
16.62,0.03223358686270496,-0.026876770175414455,-0.0016465578944731218,1.209833532759322,0.025913119683926976,1.785726907675824,0.9958701511229162,good
16.64,0.02188299361343835,-0.012966657105537092,-0.021174192368821423,1.2749532802569692,0.03172838444153422,1.8832981921860785,0.8927729950991268,good
16.66,0.036442550112324376,0.001120971727821936,-0.005661709090112827,1.2637054231834504,0.008381820639469606,1.844473307239637,0.8484325929366342,good
16.68,0.04817222602567199,0.014826479223611386,0.004230428640778131,1.2059611491841304,0.03270132616272399,1.8188413543069595,0.8758814888471227,good
16.7,0.031011416110336126,0.016565071847710496,0.005322931939330098,1.2536128038863912,0.018005186609737503,1.8461446522057279,0.912165768950777,good
16.72,0.016995503132493883,-0.006119725675758503,-0.031233716194453493,1.1430263648362609,0.017354845560578657,1.7547005458346794,0.8152578949750388,good
16.74,0.00692560177748667,-0.011338877078646557,-0.003958152119817184,1.1729991015495198,0.022550567944468497,1.79456015021382,0.9818753736878015,good
16.76,0.019915522269352136,-0.014183021573901495,0.009927264567798414,1.2632318507981488,0.026531664244557464,1.7484237816008417,0.8709529976229772,good
16.78,0.004772455883453817,-0.019304878015728232,0.017319361787332403,1.2061482067075546,0.027139046159970773,1.809887485636304,0.8780241584981175,good
16.8,0.01328413347489583,-0.015129692191304394,-0.0031570154656411316,1.153974732053022,0.02791396165461709,1.7853351000804984,0.7818235256399517,good
16.82,0.017534701978271724,-0.009282410026737844,0.01864436574508723,1.1806061257087752,0.02766205639720386,1.817486273248405,0.9329764506754782,good
16.84,0.009005714757743135,-0.007526272184180249,-0.004294725419443279,1.17752067285924,0.003117550213016587,1.7758274933777465,0.9252708354090383,good
16.86,0.038493345225496634,0.010420891511910372,0.00876921180841711,1.2361310907915877,0.021088471736950234,1.8120416690971095,0.8652403233484892,good
16.88,0.0287118012193082,0.03437431373715785,0.01670154611073327,1.249209348644144,0.03141711120939276,1.851438239650624,0.9583800753475213,good
16.9,0.021004962024398787,-0.01347011895053943,-0.01677704490973136,1.2293550138415599,0.018761878773841306,1.8331766141924928,0.8468505786775552,good
16.92,0.045829502731213244,0.010481017760171093,0.00025057676058128455,1.1251980661189942,0.011695353649511858,1.7428502843280103,0.9953282842386199,good
16.94,0.01009619179683031,-0.004134357174469314,0.02538284338994641,1.2362679830826966,0.028713907474467486,1.7913991481977258,0.9382910111230048,good
16.96,0.0030084065374291476,0.003204504765681545,0.01374289200228581,1.1429159018127195,0.022647400268177947,1.7952673412016766,0.8228185293634874,good
16.98,0.03956949617030101,-0.0039917809619524885,0.009872058900450809,1.1428656854485306,0.02062624263351962,1.8230331381099283,0.9007574567463558,good
17.0,0.013939318443902431,-0.01668646953079397,-0.02530219556898413,1.07572594019315,0.020906776617128836,1.8937606282207617,0.8949841062992843,good
17.02,0.0349402672977879,0.013291626859761594,0.01352915911206211,1.194784423350488,0.021573215445344275,1.7515523816604335,0.9400161662560303,good
17.04,0.021098219592242087,0.010547092070268221,0.005157947005632788,1.1401753611306473,0.011743687835207288,1.8229624503231625,0.8757355096728465,good
17.06,0.0071417214446314985,-0.00274345014339963,-0.019817192727230815,1.160677906353421,0.011977988679447308,1.777158216839654,0.9838475093010989,good
17.08,0.03410035186982193,-0.017810647941894277,-0.002137420919233314,1.181066190844681,0.00735184378412587,1.8006375962359416,0.9416050891961546,good
17.1,-0.018786189936340014,-0.0008941841001331679,0.00742883861729099,1.1732076513998417,0.024226741566409728,1.834459130156091,0.9291654090171635,good
17.12,0.0337648995060495,0.01732553577469188,-0.010455687078308825,1.2261430709923853,0.0,1.767360428235927,0.9231011497007989,good
17.14,0.014565353723696717,-0.005833874561855081,0.008395429222684629,1.2329474428309264,0.02926656466412754,1.7657957083098472,0.9038081041061338,good
17.16,0.03581400777498836,-0.007244503995192814,-0.011290493550580757,1.2105965639715761,0.006177163327637344,1.7489385870069307,0.9206736364617746,good
17.18,0.025295961976391317,-0.0010716572331531033,-0.010092533472783266,1.2235784101266733,0.012510653898807192,1.7324397359962844,0.967920304872355,good
17.2,0.032828057661791844,-0.012525393687631994,0.01994092397729456,1.2640753070644932,0.02560099710014453,1.8474046678587475,0.8549003240062513,good
17.22,0.016562811041572083,-0.002414269845250897,-0.012083300979460863,1.1336381269749618,0.015060097260929186,1.8387392424183948,0.8612178619414762,good
17.24,0.014612756669173037,-0.02821771273190808,-0.0054145298630872115,1.146681276113444,0.009164913863553168,1.8578653596426753,0.8824771840132796,good
17.26,0.016695583908469664,-0.012258010013305634,0.01137290956510657,1.1349128799121764,0.02584915571392875,1.9028515824540058,0.9142403572305807,good
17.28,0.04535212726851693,0.009380435770368253,0.03355925260294616,1.2555485812549891,0.015585653844422023,1.8471480407222378,0.8937787572426819,good
17.3,0.03233536569277786,0.03913265220705863,-0.00573508487898281,1.2086677419325595,0.011449172981912023,1.8153191340407433,0.9125670292709165,good
17.32,0.01738938815191742,0.010317960186948343,-0.007749804134341502,1.1072910684681954,0.011602845349892555,1.7120031509104263,1.0106996791495824,good
17.34,0.034207511606882894,0.00790434798891003,-0.021077570803562713,1.2148833412312101,0.0,1.778507493580341,0.8695633282305723,good
17.36,0.05585262731340353,0.009905617827713962,-0.008219438495476109,1.1850815139164268,0.0045840638993457465,1.8777092789831382,0.8590203723058567,good
17.38,0.016517829542398926,-0.008892217884743776,0.018418612157355237,1.2077470863716215,0.02374612044655332,1.815117479415128,0.8842193542189505,good
17.4,0.02543527478069853,-0.010928090904177056,-0.008387515850939093,1.227364775500277,0.03004456623635824,1.7775178234842666,0.8527978894974073,good
17.42,0.042947337170617585,-0.02535169948546058,0.00038566271486042356,1.1587761347771017,0.020363544886594424,1.749271174913711,0.9799228149905607,good
17.44,0.029086221111702715,0.004664075990762242,0.0021537708897399763,1.1964953651163936,0.017314908076722268,1.785549818087351,0.8699498975091867,good
17.46,0.017370481198187338,0.02177124529516605,0.004178912769699982,1.2089790644853398,0.02946405067427179,1.7511819753941793,0.9679797017001901,good
17.48,0.0108066400771552,-0.020266814859442938,0.030719692943539288,1.1793467030650029,0.03717560745490858,1.819700919716549,0.9167862796740399,good
17.5,0.005223425979539281,-0.01576804573355434,-0.0047449927078198175,1.207815740445422,0.023047265052572676,1.8711915625131383,0.883798794521302,good
17.52,0.02545421557185984,0.011634854830324193,-0.003886626251800922,1.2245999031704673,0.012421450852587647,1.8667954804960465,0.9217623453866606,good
17.54,0.028503098244416998,-0.017938307242642792,-0.014527034266378431,1.1473167047232327,0.014595701049673488,1.7946764798170254,1.0207702957051512,good
17.56,0.001095338859408912,-0.0022968001736266754,0.01092522239070525,1.1453750334720525,0.03490346189905477,1.7547056344349177,0.9476266102288868,good
17.58,0.021430937975347165,-0.006583316061744479,0.01498237204322085,1.215551510451937,0.010882209976693322,1.754956602684638,0.9458110132263352,good
17.6,0.011893523576939888,0.013473380466892533,0.012305004778041107,1.2168296378817582,0.013335780264904378,1.8487354690400073,0.9646950586464701,good
17.62,0.02370764863441123,0.011960453693323913,-0.01792654361840683,1.138883132354026,0.02362967577473257,1.8792933936314618,0.7955279897286723,good
17.64,0.00086175760623188,0.0030546837519557094,-0.023274641107994324,1.194736801330408,0.025135688836024312,1.815378119757828,0.9207150967769682,good
17.66,0.02194314027191736,-0.023032070269522125,0.020523646548656713,1.161011891204726,0.016271527025629198,1.7338610486748252,0.8877578881043949,good
17.68,0.03304292813217692,-0.008795544956813521,-0.006395634052169043,1.2341913914688256,0.026278364599895517,1.8133262823697895,0.828969697780079,good
17.7,-0.004279219747196211,0.007763139798556907,0.004807760419660593,1.1031985602466983,0.0321447821759985,1.826987246481668,0.9332971071326865,good
17.72,0.04684088269236058,-0.037765365663098086,-0.005218609600934028,1.2132375262014656,0.0245260059730558,1.8268112634740616,0.8579845431718219,good
17.74,0.04650799673945874,0.008338738590720908,-0.011061811817716974,1.1279579889582072,0.006696434347900366,1.70862538475143,0.8925645384323189,good
17.76,0.03365207394557377,-0.002514178832316882,-0.0010044724183138026,1.172094026644572,0.017021130395589536,1.8983069464558473,0.834718743969961,good
17.78,0.023743362889021725,-0.010227005126082584,0.020742165614637997,1.1539611659075542,0.010396721817526086,1.7889458013624928,0.9418162051491292,good
17.8,0.033471334924184,0.014512500306224632,-0.0035175314925145755,1.282132175887965,0.02156774764885003,1.8003243934492374,0.8919722713851247,good
17.82,0.05328247136750654,-0.011682387861380428,0.012491779796620073,1.168260517973238,0.02683645426626548,1.756145988146196,0.8875608435513034,good
17.84,0.023463331551390226,-0.008797085361081773,0.02455719240104649,1.1707829632151705,0.007378996041140746,1.7510647637834993,0.9212085535068553,good
17.86,0.02727091390797341,0.001108527723943468,-0.018939461665542456,1.1865359912619278,0.020722783599685213,1.699075963898573,0.9143804084455216,good
17.88,0.0412857622455869,-0.044871424454272,0.002061778092968424,1.1949061001115973,0.029688894149816146,1.8532524766439409,0.9169416305230456,good
17.9,0.03365170042058253,0.01655047138946683,0.0016794113580200919,1.1725709700392097,0.024181050343729298,1.7235261960791564,0.8744383874008771,good
17.92,0.03121086560857417,-0.01849647819924876,-0.012601056515712354,1.2674741614363418,0.027823611926123416,1.7412541752831914,0.8680972425178693,good
17.94,0.02380310141397889,-0.001882166781439759,0.007977828184419234,1.1614479439178298,0.0038946816694789485,1.7395224854790758,0.9995704941051459,good
17.96,0.003742139393662001,-0.011746605656031153,0.005443518819611793,1.1472449638144342,0.006912734606117575,1.7959509237852855,0.8798100218043847,good
17.98,0.02270190125035304,-0.005029808190684191,0.007365572545552665,1.1936013085607795,0.005562007165929783,1.7258532510476787,0.9316185168949179,good
18.0,0.023756220120474982,0.004657058829020041,0.006783982350166693,1.1827972362606678,0.018456714553821668,1.7680016340134943,0.9042752282704475,good
18.02,0.016479619188493087,0.014290296326502526,0.004785935873350275,1.1246828941100706,0.013705829995559738,1.769770601996185,0.8852322120523596,good
18.04,0.05338155675042923,0.02188994888669143,0.005214000544824953,1.2254897333690895,0.022361334095707588,1.6953688191508203,0.8110883365199714,good
18.06,-0.0011289029188864415,0.021612004710130053,-0.027970561439806658,1.081778416295414,0.022431813714598344,1.8624537943236328,0.949441171902674,good
18.08,0.03116878096526348,-0.00525664887204119,-0.03739850780462427,1.1854445761440295,0.02917462873339512,1.7996972663733628,0.9821156406056691,good
18.1,0.005319913802950395,-0.01736305223562044,-0.005397495687386214,1.1204490472915412,0.03153909960438137,1.7303528603247382,0.9362493824273135,good
18.12,0.0023082452658042545,-0.025839546012376285,0.003908077653477053,1.1523895797941006,0.020914317111621658,1.7501143963994095,0.9770858876757581,good
18.14,0.034027264697979884,0.0024337215316930713,0.0027270095841957142,1.2235257350100537,0.046779339401968795,1.8088174293530306,0.9585987174184606,good
18.16,0.034846547693962705,0.011027426629700004,-0.004921840464977006,1.1770682927378215,0.013198834563127471,1.8254430200979685,0.9730608294684314,good
18.18,0.030923525742433122,0.0010990104016301027,-0.0013108552416908582,1.1750029902979224,0.024451766814529062,1.7355364060149163,0.8017714236829807,good
18.2,0.0054845556924004255,-0.00303309675956582,0.004032439578943171,1.2102219270692773,0.024863326746828195,1.7688687939246943,0.8868013834859344,good
18.22,0.005786692640659484,-0.01155637156365269,0.003995771476232656,1.1581066347706257,0.010449333837798381,1.7941795047177886,0.8333128233758358,good
18.24,0.04285582567319435,-0.0039129258566504704,-0.009102507889382374,1.2132733365458117,0.013120893315841027,1.765378439297937,0.9573085361522943,good
18.26,0.010293345202804961,0.014538095869444755,-0.001433009832266496,1.178950911905642,0.015664616374271596,1.8228938200730238,0.798157014969695,good
18.28,0.050807738722580986,-0.007658646862488282,-0.003730764109283052,1.1182142905415553,0.010626941336374318,1.7554011430601106,0.9176513725434784,good
18.3,0.026163750959674003,0.007684281625878252,0.0038037757693617728,1.309414023141755,0.016796071856922452,1.7343095356671467,0.8699447653265086,good
18.32,0.037909468920502974,0.016480357371700276,-0.0029696252278446755,1.1863576226817079,0.0026072532306435567,1.8722559321637615,0.885746188941239,good
18.34,0.02274883242949789,-0.010465872062046232,0.004535701606495541,1.2283120821290325,0.028731688040618812,1.8900550531358742,0.8019770452045102,good
18.36,0.05600790644961514,-0.007363617682763212,-0.01020343546888161,1.2007888340127475,0.022584290172090994,1.7987164156151938,0.8971670443827177,good
18.38,0.0006409892871777794,-0.005628900494536939,0.0022257281755203267,1.1589079104561473,0.028658167446339648,1.8333408819973984,0.9032073881312959,good
18.4,0.029071337087050116,-0.0071894163046056555,0.011710456949660867,1.247926261409696,0.02176791198075848,1.8560191799732655,0.9551629164771709,good
18.42,0.010940002364679293,-0.03236940955416706,0.0013126377621790158,1.2095939600223153,0.019167119529356864,1.7641424189740955,0.9246319854626619,good
18.44,0.034098880648309245,0.0027604674624225754,-0.0047621198382071465,1.2425601856389623,0.0,1.8270119186471048,0.9008462137085202,good
18.46,0.04366271521473457,-0.023615496712953373,-0.009090773793694927,1.2611846895981813,0.016690536330242384,1.7772267322398796,0.946102701087731,good
18.48,-0.01715776918942497,-0.030291921118861316,0.00401228201269473,1.1765757416651206,0.014992824134682968,1.780711280185367,0.8882928770206937,good
18.5,0.017125472262518995,0.010885439907425428,0.013788914181676298,1.1754532159139135,0.0,1.8023344288361514,0.9375159315645503,good
18.52,0.03730478563894518,-0.0010827083738659407,-0.00152708196183994,1.180602336402331,0.027350057946117095,1.8055867670380912,0.92332711113665,good
18.54,0.03731723384215808,0.008911035994190169,0.004559307999527885,1.2325295768940647,0.02043696862273023,1.7685538338505262,0.983927816552279,good
18.56,0.017375863852257267,0.013593989997784245,0.015773117700794936,1.1399576988962692,0.03577394022857311,1.8160637310031316,0.9215736038665536,good
18.58,-0.0003865263494187523,0.0022443296792123367,-0.006616616888051953,1.1000037215245702,0.030079319820310944,1.8189087403706554,0.773838357058653,good
18.6,0.031136349619577935,0.009969482519404771,0.020235290980098516,1.1894194769122686,0.02526848444297559,1.8944485330801044,0.7523795451588604,good
18.62,0.010312778275079754,-0.005735709082948106,0.007004388767553713,1.300138299279468,0.01107460042421024,1.878803602831843,0.9296276116657836,good
18.64,0.017162655211149576,0.0166620181345331,-0.002309734820409097,1.301749880699696,0.02475900249936928,1.7923487399815388,0.844849994667385,good
18.66,0.029075160292679397,0.007371275024980753,0.016193726311989256,1.2168589967895558,0.010867823751936026,1.9076198167101235,0.9163003921051103,good
18.68,-0.008803506731126369,0.0070753197934535035,-0.013313289835045906,1.1917620962583018,0.012787951670519717,1.8199667902120908,0.9799126132212972,good
18.7,0.023843384853994187,0.009530581240073527,-0.014982931220111902,1.2183992273337427,0.01866611695774736,1.8989834805461352,0.9864883308724894,good
18.72,0.018711272340860268,-0.0034129832779968257,0.01074921198539493,1.1912481367007939,0.019977794570082166,1.812135769709693,0.9107147474247282,good
18.74,0.014150477491106234,-0.010711582241110167,-0.004798223768577333,1.2238654912510118,0.02358957615253336,1.8721257489097924,0.982658087437911,good
18.76,0.05782682367077603,0.005720438845826001,-0.008282828833423832,1.1553086998155353,0.014971246461533205,1.7699138461328991,0.8233409025227334,good
18.78,0.004332262129048145,-0.004574883809683279,0.007682794079970019,1.1992252328495927,0.018387905251637787,1.8231262163586508,0.8933381877587734,good
18.8,0.02028514130729739,0.012999630065216353,0.006793825691489751,1.2676051918153863,0.006985124061872438,1.839451134827938,0.8258710049496369,good
18.82,0.013009892042883539,0.00870196980698639,0.024396100781954096,1.210651650019664,0.020511036950126956,1.722622504636896,0.8632346928318324,good
18.84,0.029266210141742126,-0.016516266193920336,0.019132039283707974,1.2283887658766401,0.01892382990813163,1.7954842446914503,0.9353941130521222,good
18.86,0.01993169470271637,-0.027440078719932794,0.018078335232539558,1.192053321362649,0.03276312973011869,1.7469979899737609,0.9145373210784665,good
18.88,0.03972673074166178,0.006443595152361943,-0.016921696253657106,1.1356305995839782,0.002888654611315239,1.8670730463408642,0.9805215580688655,good
18.9,-0.007967121037196937,0.006463493553623858,0.01815607835869425,1.1424197488193235,0.01549001272084373,1.8304530026110388,0.8776748992055964,good
18.92,0.0037539610767678574,-0.017033366823866664,-0.017963536059444025,1.2070179670607166,0.026430166955049135,1.8367581949871186,0.7708613897056201,good
18.94,0.03311408031677646,0.007572818517361622,-0.003077452941276296,1.2104340251480334,0.006223269637354763,1.7917559014089426,0.7437903454096482,good
18.96,0.025045942793784765,0.01667872090074588,0.0063358541676094005,1.2642457068055626,0.02540506708810142,1.779880344676603,0.8938856461301425,good
18.98,0.0029148215549592103,0.017107350169927846,0.0053023852335129205,1.1879424141517108,0.012172377155502465,1.7139896512729769,0.907229511685348,good
19.0,0.05053767396238754,-0.013823694583708942,-0.011809519117690126,1.0911545903335549,0.04326756815218321,1.8601483594191757,0.9462587236407656,good
19.02,0.03228854788332187,0.002227800877706317,-0.021118100428264213,1.151837603437583,0.021821817017492313,1.8080613148916729,0.8743910181215684,good
19.04,0.006794783804314399,0.002511028084784198,-0.004613584262568941,1.1183456511343899,0.03948816556199275,1.8722496564568678,0.943138672739785,good
19.06,0.02864801698011723,-0.008587203546811547,-0.01832579866205774,1.194318823175843,0.046663713592240426,1.752189161859258,0.8803095710675662,good
19.08,0.027659645585893237,-0.00681875884214563,0.0007294177790359043,1.2089828917876118,0.0076982252880879315,1.856087108791745,0.9228893939341108,good
19.1,0.011565114307898057,-0.002413799354219728,-0.0008628574178122938,1.30307385711844,0.031477454446284275,1.8259740879798432,0.9553713292249869,good
19.12,0.02197517575453503,0.0029134221508711772,0.017139039950441103,1.1649046086125479,0.0322857249460124,1.8412094841464002,0.895161960023055,good
19.14,0.006756218143701848,0.004740822216817198,-0.005493829592131118,1.2208613391799685,0.04123010579009088,1.8432519352051033,0.9083052967694325,good
19.16,0.026565228588363177,0.009711239259092699,-0.017282872245374836,1.2430795694971246,0.01769048866849465,1.8352749324592392,0.8792550935879602,good
19.18,0.022287594760450082,-2.8608621169041725e-05,-0.019204931023656648,1.1309734219690681,0.03595301366098043,1.83767443465177,0.9235112988784991,good
19.2,0.02445962325026523,0.002246464384305338,-0.003769645385435307,1.1653317250211208,0.027834439235139813,1.7943150040617197,0.946131515798646,good
19.22,0.031003150079047206,0.004746971746808201,0.024867894973945905,1.1553978235388378,0.011621988872327777,1.8105349524644379,0.9226439520712941,good
19.24,0.009504500937520623,-0.028241967928457005,0.01332488073785874,1.2637652439003098,0.021977523058565034,1.767985981238841,0.9372720239321104,good
19.26,0.037851558631913244,0.02551062871467133,-0.0004946132317977374,1.2057438809994607,0.024235889661412057,1.740645902823424,0.8632704362593645,good
19.28,0.02014654480768782,-0.00035100463616461554,-0.0023243254324411874,1.2305876419504738,0.03160896912323445,1.7762234266259551,0.9052471404724783,good
19.3,0.026937123101033855,0.026560255002439505,-0.00043619635998944117,1.225650453246755,0.02682970002699818,1.8599541265202528,0.8801101217201578,good
19.32,0.022094044735784503,-0.011930486551603937,0.0038742268014355275,1.1956808339076077,0.030581197657296656,1.7773808990243942,0.9772842420649734,good
19.34,0.020168717066289074,-0.0029034463606644008,0.012403586255327552,1.1604163814304795,0.01369096989482862,1.8536303085404442,0.8953301338640068,good
19.36,-0.0037958670486020973,-0.0030492954868056353,-0.010620842085124383,1.175411184228455,0.0214779969623604,1.8571613853802331,0.9671740891807447,good
19.38,0.019237250098296747,0.005057660845212139,-0.013880645949570664,1.15802518301549,0.009417628632014802,1.874562249741191,0.9542245973507741,good
19.4,0.0305907814527518,-0.004677361138178111,0.017410271410971408,1.1667010108416687,0.032931211080439,1.8842698433754264,0.8598860079686328,good
19.42,0.041094503337540736,-0.0008225255063614387,0.0067656981066307785,1.206158880539945,0.01733056457449589,1.8402585562925449,0.8709831171836779,good
19.44,0.034272025176810945,0.00961907747546447,0.01107957164620134,1.1849915915102942,0.03628963363006017,1.7783371435084565,0.9496139709638112,good
19.46,0.015818081367008702,-0.02302255145022638,0.02187220461871418,1.272941298129304,0.03271905013284096,1.7878277354280392,0.9015739996907786,good
19.48,0.014138283437439647,0.018213797094044717,0.006677774800795028,1.2364912303423883,0.018327845819554725,1.7501654512401972,0.9342266378301642,good
19.5,0.024221023878971498,0.010079676143553559,0.021844494468974993,1.219142995700133,0.03456827327016538,1.8489689300013392,0.890876321511003,good
19.52,0.01383393798796512,-0.008751108311031245,-0.016622079232830284,1.1716809112090667,0.0054539771396564535,1.8753916973731841,0.9303931174093285,good
19.54,0.013494056579732346,-0.016429111015419082,-0.01277838969485599,1.18500354535667,0.035884005448962815,1.7781544691776534,0.931848448933688,good
19.56,0.01241780849739474,0.006790231277959402,0.0037072043913976022,1.1356144803991473,0.012787116162989758,1.7872784505223338,0.8558972155366664,good
19.58,0.027174437528731644,0.01586652076974302,-0.006489667597057514,1.230969570061756,0.004945602352780165,1.8385965882461777,0.878118994258259,good
19.6,0.03196160635453349,0.004149957825209132,0.007659209267534725,1.209553355292819,0.005970999375996345,1.7722289340447337,0.8198367930200781,good
19.62,0.021983805667701663,-0.000947419269611368,0.006434468327348915,1.08668357243931,0.03201161566534043,1.8070695739523013,0.852100381521753,good
19.64,-0.0012928344372616348,-0.01561412094237037,0.017495818916712303,1.3371987473200766,0.004452445480904944,1.8910352244860382,0.9513940305048905,good
19.66,0.009309329962226952,0.01323244251027338,0.012302994820829355,1.300168242081614,0.017397271080310462,1.7573114803279384,0.9042517040817777,good
19.68,0.015319180610892586,-0.007331570583508988,-0.014181286742067364,1.164076894789622,0.04278625448912977,1.8436105633734565,0.9079614283920276,good
19.7,0.019460770552362564,-0.0004982229257388268,0.021103409744501613,1.32859890555238,0.028295057775783998,1.7460148310338948,0.8012015359328464,good
19.72,0.046646987019051636,-0.0008397648998481261,-0.01687578758106907,1.1940264742520599,0.01443022565012627,1.8264992717373858,0.9922913637305577,good
19.74,0.03696585939388094,-0.01521878851595343,0.010806665487046145,1.2223291527887605,0.016711075089452198,1.8705054934449337,0.8233984108270008,good
19.76,-0.007385496364704109,0.034030466055970716,0.020623321495673815,1.1642512656863802,0.009332117456925821,1.9299558049424161,0.9008112002802728,good
19.78,-0.0003699667561741907,0.002600603182860606,-0.01242670124620556,1.22258571740804,0.02725473892335901,1.7363236394733255,0.8911372504851546,good
19.8,0.013585365324486247,-0.00889230261514079,0.023785604286470752,1.1335985296262345,0.014263429040321785,1.8039304572056032,0.8861261818886839,good
19.82,0.002794610779779677,0.0064550944922224475,-0.012511578026128914,1.2374510365544347,0.010883328616161902,1.8002416935061378,0.8860376340172786,good
19.84,0.03891023301686449,-0.011559277408836097,-0.009477616477821832,1.3051000008596565,0.016607582218529975,1.8101413172369727,0.9251621040246064,good
19.86,0.031304599111884435,0.003723780141507907,-0.006025876065469951,1.190151588133273,0.018839769309594145,1.8768101958513228,0.8197969999916959,good
19.88,0.017255617050213293,0.008984397265835362,-0.0038175617139989734,1.2663024996274101,0.012099221484005274,1.796838207043377,0.9543461308615176,good
19.9,0.01327821021986045,0.01192267727077198,0.013900046387358167,1.2006252591371134,0.01624084646432207,1.9126219780012683,0.8425378582849599,good
19.92,0.04967507826130362,0.0025349165929420387,0.006121460764891154,1.2029866445956583,0.0216010076378316,1.8220913355179462,0.9350804659929735,good
19.94,0.03109115619490715,0.00141200113454414,5.9226046770044894e-05,1.2277329479470334,0.029852526648829897,1.7924416848640534,0.8427347728247686,good
19.96,0.010563969207979756,-0.016506621105559664,0.007455157084418518,1.2076119634683091,0.023060993489722206,1.8690635813853074,0.9388730747271333,good
19.98,-0.0001114812298965262,-0.019238540860147032,0.015057983298417007,1.2126999442486852,0.009792932989529624,1.7200816209858656,0.9006555178089003,good
20.0,0.014849007788641302,0.011776181163775745,0.0039945618146345185,1.2030822120613327,0.018383021349587567,1.8073029017715634,0.9218362756072865,good
20.02,0.04204138116429435,-0.005960279171352996,0.011805798936338366,1.1900788461388425,0.024377179654120763,1.7667620623155926,0.8308293020108914,good
20.04,0.020156644823903412,-0.003426519771225664,-0.01651487785240751,1.244775651193885,0.025701196754321975,1.7039780165014542,0.8328751807774883,good
20.06,0.02842980199510996,-0.01853095384208182,0.009129808388213504,1.2045061604343839,0.01716990331614867,1.828278767118667,0.9039735866621073,good
20.08,0.019137214482633762,-0.01029199663534729,0.002802372864346422,1.1252993588733928,0.03739817059908908,1.6448980152751458,0.9095544174749228,good
20.1,0.012932979562600932,-0.0010483712060186218,0.032991188030088346,1.2782713677240887,0.014371371747810772,1.7714211062383092,0.8710658537122347,good
20.12,0.02727527684178354,0.01654814966882737,0.019793588730987088,1.163025452841629,0.014807058307724512,1.8218215037548964,0.9812322654876134,good
20.14,0.02289406528212298,0.019285184198810344,0.0014623612555157667,1.2097380089601024,0.006213297043075956,1.8427866752933308,0.9483397224192011,good
20.16,0.030599610707890447,0.004428244794651534,0.02997867307630812,1.1627019046602,0.045941610043351455,1.8608258592696096,0.8753759826317445,good
20.18,0.01870449467519682,-0.01001624784539376,0.004059608964930901,1.2008104374254613,0.03609866312222494,1.7344965753616124,0.8633598585009098,good
20.2,-0.001983383523426958,0.026520646263326727,0.011826352445440258,1.161413487113496,0.0031768034379820696,1.8627525917359247,0.904812026917314,good
20.22,0.03242540347472434,0.00746084488250956,0.000788515754800795,1.2366429053449117,0.022600004912027856,1.7889531504029115,0.9083591314906025,good
20.24,0.034257281725277935,-0.005008958251718531,-0.005317636700226657,1.2081140472847143,0.022348050905162155,1.7254994023187147,0.923646606396285,good
20.26,0.019294434471831996,-0.025398543504728834,-0.014550309029153774,1.239640043326752,0.022595378657772742,1.7173136359200092,0.9885817084994803,good
20.28,0.018123005635873348,-0.007606370178303879,-0.00727639236173376,1.1886962825553422,0.02333389175671704,1.805437971406384,0.9028574356053425,good
20.3,0.0470859625754131,-0.0098109823854482,0.025231127567722663,1.2339430817354926,0.03229010797742246,1.787905149536064,0.902465798974053,good
20.32,0.007099260893138018,0.022286586255521226,0.011226834215761736,1.2381026447491246,0.03512704265915163,1.822317048528963,0.9208561041952931,good
20.34,0.013875324811116859,0.005504589690059896,0.00011423688791499286,1.171706044775953,0.024641643053525408,1.838103053924664,0.8958180242571218,good
20.36,0.043101590088867645,0.009154561785358372,-0.006951124655478966,1.2176043171100335,0.0071413928091835464,1.8403344213230441,0.8720019931138226,good
20.38,0.013892046842290296,-0.014646431033197375,0.009160969693054105,1.193525385146276,0.020552203906886172,1.8338607679491685,0.9875738580730689,good
20.4,0.0252702908487876,-0.005168884625251193,0.0059265246858386375,1.1715387133223791,0.006911460844951938,1.8640938067582957,0.8927417826060258,good
20.42,0.009224591947254132,0.011643218618830869,0.02028553327624116,1.1625032711678938,0.023985159026619553,1.790609119083164,0.99561753243329,good
20.44,-0.0051824710924763,0.008680038487525667,-0.0014270116164466938,1.2150214412121556,0.025084760758351917,1.8157131136353928,0.9894240146366484,good
20.46,0.017590322867869292,0.01219767125970129,-0.008283675417317326,1.1975404234463407,0.019735723434446753,1.8181962333007735,0.9040581009637751,good
20.48,-0.002331361277440465,-0.027857500424625384,-0.018354028136306585,1.240090879795462,0.014393723641296107,1.766883400114186,0.955193213066125,good
20.5,0.03956993112209892,-0.007188390165347724,0.0029492015543021058,1.176718717116245,0.02720849369488441,1.7963881359169194,0.8040777909069082,good
20.52,0.011801690166570428,-0.006003406459292734,0.0017009984705268638,1.1790130568037904,0.03849031949723555,1.7400153189338199,0.944342674853424,good
20.54,0.04731287251185697,-0.013884110371355047,0.012637808335243592,1.216793946490746,0.002421515074090823,1.7315161632333433,0.8841598527307092,good
20.56,0.011863139281241605,0.023533244023909543,0.012137655266062171,1.26591199231182,0.027740529497644165,1.7268203300819909,0.9191773475717814,good
20.58,0.013768990432859647,-0.006463170414313978,0.006704569689406091,1.2229992570777402,0.02609884809502015,1.7667278212831872,0.9122254673166964,good
20.6,0.024119685310678794,0.006258421865743511,0.021397148955877483,1.1857151955687992,0.019943923229066768,1.8009343891566978,0.8429858745631756,good
20.62,0.011453535391645304,-0.018159982358603333,0.016999229313382585,1.2371205995850671,0.016628402281644195,1.7237612723827735,0.9206702438861613,good
20.64,0.020329340898574216,0.011255016340784456,0.00819471973273919,1.1909673373962932,0.018479106286514717,1.785438585559353,0.9644874389527286,good
20.66,0.030473057972537843,0.028569106078747037,0.011823332395900884,1.1923782615768312,0.015450796830121523,1.695021715441843,0.9062589254185306,good
20.68,0.05781040507517363,-0.01624196054796664,-0.00922658787445194,1.1576526119336086,0.013340980363745598,1.7960727120180073,0.8941507416957732,good
20.7,0.014518670148735386,0.012215638350178694,-0.014086106650468971,1.1490105050292176,0.020584836152275108,1.8091363749185847,0.8570221018033434,good
20.72,0.03180398949112631,-0.0011298942199620035,-0.01853707526648083,1.1591700732606696,0.010311572152906606,1.836502829231718,0.9137314403963773,good
20.74,0.0075635332490800134,0.007960390132264492,0.0015999996413155833,1.3022769245633006,0.009132882812439519,1.791894228138667,1.0199190752654863,good
20.76,0.020441721801927003,-0.01119719303311793,0.003579179608657045,1.2052791186574419,0.03297312616897555,1.8235327964009642,0.888206525832688,good
20.78,0.03130258607992532,-0.005732597905139829,-0.005168202471506408,1.1272447399629408,0.018424949527421144,1.8452207205544744,0.9270512981172776,good
20.8,-0.0004640639752249792,0.0023629691797512264,-0.014281003456712626,1.1803027919057736,0.025148347710087216,1.8111880313749966,0.9030739540156922,good
20.82,0.01854728829039066,0.0033160043063422606,-0.017997902816016747,1.1635042820520083,0.020449517506983737,1.7499107008089232,0.906622780372287,good
20.84,0.035883031457041276,-0.02022230814209421,0.009668814107947227,1.1303527961412512,0.023079871126873548,1.750173340498415,0.881314264127244,good
20.86,0.02596847225169809,0.012392635122753131,0.013412750918848122,1.1511203384237396,0.0,1.7290181306457757,0.9111775317055856,good
20.88,0.03925050742216854,-0.005579039256335184,0.022119318813081563,1.2432893478042588,0.034514841129908824,1.7367664169899062,0.9445555177823513,good
20.9,0.008984121206899752,-0.005986991863479319,0.006565367241714344,1.26969957148606,0.011988634651504893,1.7546285247853328,0.8864594797776799,good
20.92,0.04086674456702419,0.0047745972842050495,-0.018136810463636365,1.1443254683654378,0.024980530444199758,1.777491304896543,0.8345465694224166,good
20.94,0.029815620167244105,0.007341222788113661,0.0033711893550648513,1.0497932186700265,0.03297122402991544,1.7733155407665417,0.8847458864104759,good
20.96,0.02376747295648928,0.0008965335214484079,0.01275452040983549,1.2755060886502196,0.009695216862014765,1.7368905706396611,0.8820635667109809,good
20.98,0.021828067617982057,0.00305949743383936,-0.008622414111266508,1.221667426422224,0.02184126843051314,1.7845942098149994,0.8570440207464957,good
21.0,0.05297401544218164,0.009525950462279451,-0.0030336321597368345,1.2082715597753504,0.011510784265608835,1.800308438281131,0.9251030747896386,good
21.02,0.05240307554630838,-0.008717073852786746,0.00043411626815134733,1.1312446013917425,0.03103054884273767,1.7796363974843128,0.9041800315723811,good
21.04,-0.009117579300182942,0.001123227613156074,0.014104289923207627,1.2488628213422546,0.021199059112597736,1.845920841386706,0.8752076168000368,good
21.06,0.00014526700771760014,0.004161285452468884,0.005267737666417025,1.2703636392015316,0.020886686001271068,1.8178844191569814,0.9435686777716021,good
21.08,0.0486811691555708,0.00451192287932023,0.009781518184344863,1.1749553324502593,0.01482380234642721,1.791203462607319,0.910034767634572,good
21.1,0.019729175134634302,-0.01770808873516851,-0.0014170856886980602,1.2166875546823122,0.03032266815261349,1.830461867876734,0.8282755415534935,good
21.12,0.016132253510410755,-0.01699933963281986,0.0027115476497364516,1.251073509771835,0.010053094916307246,1.8110139588500582,0.9187503325774169,good
21.14,0.021194362912616806,-0.009130223518887908,0.003878766300937336,1.227298789084464,0.018024287687052873,1.7477866915685258,0.8983933142514129,good
21.16,0.027030608446050958,-0.01693836780731354,-0.014268678912085702,1.2638158799350807,0.031357232381624835,1.8118261271839373,0.9097831719794273,good
21.18,0.01765898169050698,-0.0026556573728180937,0.019528923458341445,1.118901719352179,0.03409226403282132,1.735315478481742,0.9160067228803642,good
21.2,0.026673925346952853,-0.0019482352407158032,-0.00875205628801802,1.26920116741278,0.023954070219756672,1.7197519353760349,0.9194081734680399,good
21.22,0.021616821627502635,0.02044109742644143,0.011446608535870442,1.2356901585350466,0.011055834047587042,1.8274905609577463,0.9127013394083324,good
21.24,0.042797452892990265,-0.0042464617746438395,-0.014043185946320987,1.2549592655633857,0.022991691425645677,1.8530428773290972,0.9496228905841683,good
21.26,0.04009919054266282,0.00023504560997004542,0.013767914613380446,1.1666799024804022,0.022050229037868994,1.9191202035077755,0.7838565056275906,good
21.28,0.01238380489514508,0.0185790781753575,0.005087757046571033,1.1954205007714374,0.006915605941757582,1.793846221998936,0.9219317524421341,good
21.3,0.010777971560283648,0.018740414925353877,-0.0048832182597300785,1.2102706237909724,0.029291586144001056,1.785371550325969,0.9412279155971579,good
21.32,0.01951922605310177,0.00488278729694198,0.01335475435196199,1.2525752040140337,0.015639164892956105,1.7755861536176434,0.8860466647003344,good
21.34,0.013881930668778544,0.009546997378866277,-0.01572821219260099,1.1865468491304454,0.026440412194831453,1.8182545848298217,0.9333945086905356,good
21.36,0.021952795035621916,0.006391959038135103,-0.027560917314861044,1.179956653752924,0.017854129716580167,1.7046611170675654,0.907599370260725,good
21.38,0.023929256260374503,0.004442033153004664,-0.0012713274849301857,1.2138854445440659,0.018946802555482627,1.797660052745463,0.9016356834178869,good
21.4,0.01905047843931656,-0.012857351727903775,0.011243562124444037,1.2304970095393009,0.025821852856683737,1.7933089446977772,0.8325724842655693,good
21.42,0.0076999988412260545,-0.001774227125385318,0.021440388157846664,1.1694719998697531,0.022496993419962148,1.7994507905386767,0.8991759763107458,good
21.44,0.010109537274094318,-0.013152077871660199,0.005154420812831354,1.2511437196754347,0.02257089372763745,1.7633273691424187,0.9403847338567284,good
21.46,0.02270884165115066,-0.009721372145360747,-0.005524244958958305,1.214750887853199,0.014404666768160174,1.8223069810319137,0.8724471754177063,good
21.48,0.016370306362396978,0.00407650842805535,0.005909738073245258,1.1830431147444738,0.017794547813620363,1.7135252615881815,0.8536666648237148,good
21.5,0.03936808181597908,-0.00782894129769015,-0.003031647405276722,1.2529876178735466,0.022710508899054085,1.846269443315745,0.9257946440952214,good
21.52,0.0039234719468955025,0.002532739460790084,0.013065003276995056,1.1530024826856486,0.0322072890840267,1.8513996649786184,0.7949554724515471,good
21.54,0.020261560268151117,0.02067680011696,-0.002631024239603112,1.2010559004198662,0.02952624035397177,1.808584995885261,0.8745925276000206,good
21.56,-0.01640017423175488,0.010949901969527482,0.0073704078027786515,1.1793855215962334,0.035393724496309426,1.8094213850832739,0.8387503068724798,good
21.58,0.037675178451239924,-0.0053173814109001355,0.008257877302258828,1.0982194719935463,0.016093276469650614,1.8142847513861844,0.8394853000116387,good
21.6,0.017358227629639383,-0.018914197984142955,0.02016183213747848,1.136611822336567,0.031042596946433604,1.8216890359042228,0.7987023968450679,good
21.62,0.012340550138852161,0.009215616244528699,0.009832545549914792,1.203171208473563,0.031692164243975335,1.8616349815150306,0.8844560573916205,good
21.64,0.03321607817256749,-0.0049475704866521015,-0.006664994609546818,1.2080318623518818,0.0,1.8136645211555915,0.8447401075785603,good
21.66,0.01797206035825122,-0.012863183709416559,0.02994786722746658,1.1902037281085607,0.03247515453508851,1.8823318709724512,0.8578074675433792,good
21.68,0.02997052914240178,-0.007465086397686147,0.006010198608082251,1.239338232587327,0.027537642814489248,1.8095375123190531,0.9082098468876778,good
21.7,0.00991325394185217,-0.012841118594886973,0.01274033859055101,1.3492438641300297,0.02016651713936763,1.7401241707679327,0.9175857753946993,good
21.72,0.021887051552595165,-0.035358124040596184,-0.018961165883666264,1.210090591819414,0.0007523550030327994,1.7714685214493988,0.8738107425900112,good
21.74,0.011344873326997292,-0.007230529060274167,-0.015856705238660375,1.1471823219070552,0.022473423859150594,1.797436255232684,0.820083090802778,good
21.76,0.03286954250847492,0.01492046058687392,0.011270539046334346,1.3098252301334194,0.023045214059033987,1.7992662211355852,0.9292279953594289,good
21.78,0.025284938447474276,0.0018279480010379874,0.01555099257922571,1.1808753774987073,0.02300039889726564,1.922207774996298,0.9486082746163806,good
21.8,0.022602941169665925,-0.004667342064559032,0.004728813200132485,1.2586982162541807,0.025057243158563336,1.7922238467007359,0.9725306971685019,good
21.82,0.033374394348293625,0.008921236351191955,0.000477083839942363,1.20317436743848,0.035676609358892,1.9382790225545345,0.9067713066089426,good
21.84,0.019217574305341507,0.0008510589566017294,0.009572060707438615,1.2311923789467758,0.021368355505649948,1.774393251281889,0.8683802672699407,good
21.86,0.025062239137914936,0.0020981546337407054,0.004293795832780273,1.1968464855061443,0.010881752492370764,1.7957793337612475,0.9336712426387398,good
21.88,0.03523534927520834,-0.003938166031482471,0.013501114185004473,1.1141643650799065,0.010640639851032458,1.7243506983900965,0.9769746234481795,good
21.9,0.015173236083373095,0.0033182148573336614,-0.010477209806717442,1.185684137580992,0.02946168459928677,1.7278654610568562,0.8537110558685872,good
21.92,0.029919636242464506,-0.01588962283369002,-0.007221717557626423,1.2447838912557785,0.0075406027877959955,1.770804240615211,0.8136121988069318,good
21.94,0.012199736905590933,-0.005020145551319686,0.02077055303883437,1.2186850995914602,0.01656668221515587,1.8491632797049367,0.9019360418273619,good
21.96,0.01211971341638363,-0.024310189854769664,-0.02119785491372983,1.2223076729013822,0.01855370573593279,1.7880787132757303,0.8711927919232787,good
21.98,0.030759821487471403,0.007605254739080624,0.008760930083593571,1.2258027457129523,0.028804838581222368,1.7592760496002784,0.9413005863337405,good
22.0,0.031267270711478806,0.010964485147718056,-0.004133300121250258,1.1764032452992939,0.009715497662047946,1.7291050231985676,0.927271443588268,good
22.02,0.021278583228507533,0.010734489138883366,0.006486300146488168,1.2158646492916867,0.03286606158060453,1.757990242338428,0.8895550102987408,good
22.04,0.03635508228178072,0.013437364052192289,-0.006001109735271988,1.2019479720463602,0.0022779578861506916,1.851632726851241,0.8614893978429616,good
22.06,0.042020667822868576,0.009518895910380727,-0.033283381397980955,1.2275251399055804,0.009579180427809173,1.882755318688739,0.9232884501619679,good
22.08,0.023967900646926783,-0.00437440725304441,-0.014700735514373502,1.1351587300777286,0.01172731530578643,1.782657077064342,0.9093301347254522,good
22.1,0.0321852710898059,-0.013652039784194003,-0.02309594076453362,1.1791739775832066,0.01212747063470673,1.7911220869210533,0.8868218459914481,good
22.12,0.009927125089563189,0.007958824077824491,-0.022421006613277,1.199287206525226,0.040087950016915785,1.7457296165155218,0.8927945480826897,good
22.14,0.027750552671793684,0.03442818128570802,0.011402141750241833,1.1606909490174988,0.0200752304549057,1.7340348069456435,0.857201047323819,good
22.16,0.026233848010439365,0.014581736928184909,-0.0016197217765398896,1.1724163057566626,0.04173733206156209,1.8006880003397032,0.876157176367424,good
22.18,0.029249755047746517,-0.0028489618562202107,-0.011483256366647923,1.2580232469921562,0.012395386067774208,1.7730550380304777,0.9133011425720048,good
22.2,0.006474295115863242,0.014439725409923106,0.0032189196569464436,1.2224900146902384,0.02100832480000818,1.7612535171741563,0.8135947171569852,good
22.22,0.004903486004646476,0.03773464467995604,0.001673954539212742,1.1732289657526094,0.03720043956870759,1.8046697309235948,0.7809945996841257,good
22.24,-3.71940759042776e-05,0.0003317465702742951,-0.006682949153019644,1.1643596940988108,0.031427416756594106,1.8402790716768231,0.877870001359607,good
22.26,-0.0012596248101210056,0.012475399328311966,-0.007820777704857946,1.2181071566112722,0.036444957964903706,1.8052580725436993,0.9167093597098386,good
22.28,0.03721434798142892,-0.009556741987558189,-0.0025405396801822817,1.1469330307293084,0.01860765484425314,1.7807434118804064,0.9733718032410899,good
22.3,0.016313310284751466,0.014686765552766046,0.015992247240490778,1.2217381795295377,0.02020453264872012,1.8380406033096703,0.7512136966687601,good
22.32,0.018277731970830782,0.017376528002212285,0.011551088234768544,1.1521525032144213,0.03908393956278824,1.8928829424308027,0.9026597956166369,good
22.34,-0.006168732727294975,-0.004182956086849942,-0.0011553288992385917,1.188770511269945,0.023531199781141862,1.8200402668154991,0.8535503705878728,good
22.36,0.029190616480611258,0.001701228592107306,0.002863069464973824,1.2772143867688093,0.009755509050953792,1.7891330345566037,0.9534865485090467,good
22.38,0.01307352826303858,-0.03895234738954503,0.017443703277744055,1.2693458364509982,0.026758063979662506,1.7607103082430908,0.985351777761378,good
22.4,0.018069124275615113,-0.001739159476557773,-0.0061159206533826045,1.18836961902466,0.0,1.889287297650645,0.9064256993444041,good
22.42,0.018651960977886947,-0.012331370508219934,-0.026579461727221868,1.1255909929540175,0.0230779178955776,1.8129143074045526,0.9228020523682501,good
22.44,0.03183481727861466,-0.0036111299809942657,-0.012266733124554221,1.141963350781426,0.021849963383546486,1.8503530488394089,0.8353910231580847,good
22.46,0.045817105945738644,-0.004071499616615214,-0.0004579063579493105,1.356594178342838,0.031939956704731064,1.8197941835192226,0.8784814643749776,good
22.48,0.029761844757172598,0.011622806393380987,0.002344504193660728,1.2643523906822383,0.017649587870504416,1.773094672271295,0.9540373081480445,good
22.5,0.02604097258232121,-0.00460843122540567,0.0021465016749979164,1.1436088808013896,0.0209538546170733,1.8315539607202695,0.9205045521921094,good
22.52,0.004318046689182582,0.03151331896623285,-0.020327829178485364,1.2185125668012842,0.005362935520333033,1.7856727712891474,0.9291133766906016,good
22.54,0.0012188977125986804,0.018387476363942095,0.020620527125731473,1.1819028594418695,0.010918840772558955,1.7845189299058677,0.8333590836029827,good
22.56,0.04788514850332356,0.006153654777346547,-0.0008835579585326306,1.2447432344970835,0.030192028968527025,1.8454012703677536,0.9084577713512026,good
22.58,0.037992111267930215,0.0011044206046445589,-0.004319678443198427,1.220083172559603,0.021417988461913503,1.8457922904576218,0.8664071514477318,good
22.6,0.021182631872143868,0.00581965022752673,-0.007120165485210078,1.26135000281974,0.013179014017766211,1.7953458415205479,0.895656775320219,good
22.62,-0.013662669144649003,0.011942476620169208,-0.003188834573223413,1.247887157617392,0.04448728909014383,1.7806512804868224,0.891741219414655,good
22.64,0.029148272625530106,0.0005255771412990979,0.006039489807829973,1.2204564335039427,0.03337352656268882,1.8485694169481315,0.8987177554252599,good
22.66,0.03652622426989472,0.003503021488859515,-0.021451290471413417,1.2207891438176128,0.017775897844516227,1.746346466951907,0.954599280946265,good
22.68,0.02689175638805554,0.001261841115078083,0.005151878919827259,1.1169192015139306,0.0050317122397123114,1.7353328353505713,0.9125419828735789,good
22.7,0.01648248649851005,0.027517181723361466,-0.006390967689595804,1.3176933764777052,0.015185805249695226,1.7879287531333063,0.8987535867000033,good
22.72,0.0011146374099575951,-0.014561349080443105,-0.0037431636113708167,1.2272578098836906,0.016235368645154288,1.8423985418206241,0.899965282548906,good
22.74,0.017643422724709746,0.007671105408712825,-0.0021071917490193617,1.1522182264098895,0.013609623540286577,1.8316982539061006,0.8661520081187581,good
22.76,0.012107890826943565,-0.005862556575817973,0.04074781509629069,1.129642779323494,0.021520844389377226,1.7969047111587053,0.9520895146026541,good
22.78,0.029389836722701315,0.01601147369402603,0.002973089291547536,1.2010620917572652,0.013953448102587881,1.8449583557150595,0.9049489611717404,good
22.8,-0.02236189639907934,0.009546225528186602,0.00890516507662102,1.1550228340658013,0.0241990676667548,1.8189166036543991,0.9226935022829977,good
22.82,0.019808182816998397,0.021171690174804858,0.006403730751669331,1.1766555206865776,0.008242893548530649,1.833104913435497,0.8734620633289368,good
22.84,0.04181553809890788,-0.0012049994072642516,-0.0067932065851528025,1.2117158240475505,0.022831777272259258,1.7322321348388576,0.9228431328615639,good
22.86,0.039713308122841226,-0.00781980432091798,0.004006075845855657,1.2193377836913895,0.02353746708677995,1.754212753550546,0.8758985765506598,good
22.88,0.01673902474503393,-0.026357927452641507,0.004555506091137431,1.1806462904965103,0.02022847441148019,1.787332675900167,0.8355572838514793,good
22.9,0.024603258819347502,0.005855026867084658,-0.005193336951701697,1.16165668441092,0.014928555389544016,1.7017309810077486,0.8915279172669429,good
22.92,0.007155260729672674,-0.0030592890974690647,0.00022328155463820503,1.1819490078711157,0.019555186728653324,1.7413005128439842,0.8974360366921913,good
22.94,0.02871174809993797,-0.021410516968612365,-0.004526897258952372,1.1652845330217663,0.025566195663862326,1.748273682293464,0.8247640310011728,good
22.96,0.006143289528015636,-0.006960097597171667,0.014001804915156834,1.2121257473290943,0.030284806995500145,1.7731460396874135,0.8474301248730541,good
22.98,0.013098296225059997,-0.008877780134121485,0.005714125251363879,1.2459686911026886,0.0018470051342624957,1.7915078819968018,0.8526406956287859,good
23.0,0.023533469918473986,-0.0036902429858434705,-0.017875562399448347,1.2808730141569122,0.028229327153530277,1.8082814902949802,0.9725498903795254,good
23.02,0.020402955506118484,0.0357879485005044,0.02433864343246015,1.2069359025577857,0.023254058362652482,1.910539765276542,0.9186574129185476,good
23.04,0.05322202927675624,0.013133186264455596,0.021669080339356894,1.2501517253735372,0.008824550269160004,1.8566495011861845,0.8658526822260582,good
23.06,0.022839549134478974,0.02296730174657505,-0.002439426348457504,1.2262179797196375,0.04277346282485732,1.7349869579974952,0.9323970733767847,good
23.08,0.0150326465340812,0.016507990360858583,-0.014108405266008997,1.180253316018184,0.022634846926940434,1.8595153199369652,0.8969473787867513,good
23.1,0.04708093696369877,0.004862140923157291,0.000788726413439176,1.204794522904957,0.023654518506323472,1.7000118920730745,0.9490459256813157,good
23.12,0.008870283519843477,0.018534073925812175,0.0033024820959142586,1.2137242217159372,0.022272873749647946,1.7661062716391904,0.8782040872233724,good
23.14,0.023413189507567617,0.014948279133416712,-0.0011936229652976338,1.2121517622701377,0.0,1.8347708938486635,0.8985807764790006,good
23.16,0.010612230575460548,-0.0006148474900778955,0.02158998448072057,1.1049536899684387,0.015315554058737777,1.7471511737358842,0.9388815887801569,good
23.18,0.027033924587175823,-0.0055990176247260656,-0.0037151431137250335,1.162171765119692,0.018071365293589516,1.7801530377073216,0.9347992982212917,good
23.2,0.04559996767734633,-0.0010555896335892273,-0.004215155940658445,1.1583532455174173,0.022406528632852536,1.7804267067235762,0.8489280232196315,good
23.22,0.027165999806210782,0.011350931400620538,0.02262657963772357,1.1397441795929013,0.019595560398525867,1.7549096566152278,0.8854616396792879,good
23.24,0.023018715210787997,0.004874080503277794,-5.8525178471585525e-05,1.1816071496854996,0.010123417634226773,1.6884788283151293,0.9775354579642708,good
23.26,0.014300939366730952,0.007713644154214837,0.0009612941624956638,1.2380406680386635,0.007068684420210119,1.778235220350654,0.9572008974865077,good
23.28,0.020808301848327243,0.024353710101721486,0.015297647542421819,1.2543924340083545,0.02478293478210244,1.7501678340620104,0.8885259713462613,good
23.3,0.006265962318189353,-0.007030358731070348,-0.01091050721437687,1.1867915514166518,0.02297322843523985,1.8763482258767932,0.9196469287652459,good
23.32,0.03719398816287656,0.0043157794788808235,0.020628710976677962,1.245744092825485,0.018314658505733807,1.8171949125446591,0.8620406892871201,good
23.34,0.013583173004097428,0.012044901745073857,-0.026657826504281966,1.2137758336802347,0.00829263439336069,1.787445880840588,0.8318424299946596,good
23.36,0.01504514715948579,-0.0018814217237770716,-0.01635422684460299,1.2790976873957587,0.029193569736358373,1.8195110762941484,0.907001204599858,good
23.38,0.01821884813291366,0.01728188919295737,0.007483735090465772,1.120089505020223,0.016357853410853454,1.8376285756842243,0.8737086589791216,good
23.4,0.002108084601361084,-0.0056144556723333955,-0.00173674482118199,1.2463473440984436,0.012516855322832744,1.7582051885563899,0.8268674883732972,good
23.42,0.027746315635006135,0.007006384195234036,0.012301278466923221,1.2253983504074522,0.009088637693295138,1.8435987982213444,0.8496964196004836,good
23.44,0.01821742300165893,-0.019409691554422584,0.001972901170362765,1.263001780194725,0.00882944118260979,1.834691944761929,0.9073809986068897,good
23.46,0.04378119036879339,-0.017933945755956218,0.005383437892579897,1.1758273863041402,0.012876322043837953,1.6773080710319141,0.8927760735652128,good
23.48,0.030153237975701522,-0.0024458611530276675,0.004562397955745362,1.2717345473389086,0.019836956408818142,1.91015738143731,0.8911088366704594,good
23.5,0.03698941837075133,-0.0017128723198205735,0.010949154315033845,1.337502300751046,0.031259133674813845,1.7250929460212578,0.9680907551381661,good
23.52,0.04846677354916954,-0.003938835348102826,-0.02101964905912155,1.2862263965989753,0.019169915879632307,1.8594095421353345,0.8648046811862803,good
23.54,0.008555259791185108,-0.016777473861259138,-0.02243542286156674,1.2062029447520455,0.02336510736535634,1.758642169004489,0.9107370564631944,good
23.56,0.040497932837735624,0.02041494578710055,0.019432272389816044,1.2518482248039031,0.0055259657389207205,1.7496001709626312,0.9363335868008931,good
23.58,0.018194850106670775,0.013852398331550301,0.010922705324832074,1.1778312968462976,0.022636571810769668,1.756921810165228,0.8026570242516358,good
23.6,0.03077224228026642,-0.012043376175084462,-0.0016931034634258733,1.1409029022870716,0.02699488494753302,1.8378232068760678,0.924570271309764,good
23.62,0.029659507209526467,0.0001160753432160946,0.000805534814610679,1.1999005272810719,0.025507744793805052,1.8224099551694182,0.8647847263627115,good
23.64,0.04644959835915829,-0.006296757196939092,-0.008001095037882648,1.1828445785245434,0.02675539594452895,1.799310966744082,0.86028872000873,good
23.66,0.008767957127408035,-0.011690437913807198,-0.0138190820320049,1.2984639887167821,0.03286326494665732,1.7857627955243314,0.9442214122041055,good
23.68,0.023394415402623176,-0.015425829053134336,-0.011947642815081528,1.166180359829773,0.02373399607277169,1.7584535613669523,0.8046917504870301,good
23.7,0.0058184021215300745,0.00666810601357082,0.006509851429647389,1.245136920074436,0.02351775999498096,1.8404663318934222,0.9657114928385258,good
23.72,0.037070332882619614,-0.007062194855652917,0.010469480216604453,1.2216200527714702,0.030079365088450175,1.8640159917792767,0.8966580505628207,good
23.74,0.018965650064644294,0.018033249056224186,-0.008874047534855574,1.207540632796075,0.019106299588901702,1.8186259386987285,0.9969566837704541,good
23.76,0.04513691911748393,-0.001658741601885658,0.017051621758856012,1.1872143104416601,0.01811349700535147,1.7719471706039003,0.8670205038198093,good
23.78,0.009155109576232586,0.0025452911961087394,-0.00963183813071915,1.1711449073078481,0.022774043007764998,1.792341087371863,0.884719620031446,good
23.8,0.015351292269349828,0.007192976265279952,0.011669009926125039,1.1281908013526332,0.014066308982682414,1.8312197717227559,0.8579472779803873,good
23.82,0.02913222956837196,0.013822598092237544,-0.017600914278570953,1.176025564034314,0.019182312612841198,1.8256886592250068,0.8892691310064075,good
23.84,0.01684260195533108,0.0040058702836401165,0.027975652356618887,1.2337617602810662,0.041335283762013744,1.7622584439710003,0.8871009002639673,good
23.86,0.032123263213530165,0.0010058243484220226,0.0022982370643925922,1.2779767133138344,0.010887131816053752,1.7835881902180315,0.8943829813789228,good
23.88,0.03873801962364806,0.000913919595896639,0.027413866161401807,1.1799064746884933,0.01849876871373792,1.8408160348438243,0.9168778605231942,good
23.9,0.007228371652445689,0.02037485019111553,-0.014619989835577262,1.2192199882496415,0.014799477209071425,1.70115246492733,0.9494370524948336,good
23.92,0.0271938594599448,0.016794409271202567,-0.022930072533028145,1.1577257743360483,0.019794444507817293,1.8991273629918217,0.8646508393132546,good
23.94,-0.005841444910977936,0.026159753163797282,-0.002804687083620118,1.2817619500664852,0.03928195332970857,1.7438365002591234,0.9415998658900842,good
23.96,0.01043932129135018,-0.0016006378945960108,0.019155379128412635,1.2270652862451539,0.009643178994816726,1.8170096203234238,0.8439170927435566,good
23.98,0.01872432027618412,-0.0020195645072620867,0.010314932722721808,1.140989712837789,0.025634268667421873,1.7704383672449797,0.9405095104333737,good
24.0,0.011512777669706173,0.0065873855559057965,0.03493091299596729,1.1658649687852134,0.02049719843977816,1.766192379277013,0.8542247281106389,good
24.02,0.014741355086101438,-0.010101671806201752,0.009692948557947641,1.188038443916986,0.0031945383815572895,1.7880613623738084,0.9293810364937499,good
24.04,0.03120242083356371,-0.013334300783084643,0.01629309060267271,1.1870927139458005,0.030624730715311452,1.7768699196186089,0.9386375635427499,good
24.06,0.02015367685287381,0.033376126685593276,0.008602338478573548,1.1613667589259882,0.023474700588991284,1.7290947623418393,0.9190098202798028,good
24.08,0.010481112888112213,-0.011952370369714794,-0.009675183699037599,1.2089659507044177,0.0,1.8675858580249205,0.9637647268151882,good
24.1,0.01448031789364739,-0.015034355564928055,0.0070490627353958345,1.139160720583639,0.018587302851540262,1.8148914307367494,0.9490660352990667,good
24.12,0.02073419085128142,0.012617061788001847,-3.6461370590309933e-05,1.2328988071959213,0.014099327433000249,1.8642142725544377,0.8694564575088288,good
24.14,0.009828699993154673,-0.018503800321894148,-0.0019038242171295085,1.177377146808719,0.01659647308315527,1.7948828291831318,0.9013689624132875,good
24.16,0.05286127352854898,-0.01496409884387863,-0.012829883943301035,1.198807486406647,0.014270700149182872,1.868536396101663,0.8872775807662722,good
24.18,0.020037896098726214,-0.001319054435830261,0.008943375842378452,1.1071971037607369,0.01973547551500265,1.805736049851195,0.8852305647179931,good
24.2,0.025826185183543245,-0.012967383802274843,0.0012495827298765938,1.1421589159127883,0.016989808309459863,1.7567511084412,0.9137771667488604,good
24.22,0.0472352951829186,0.010563671222087493,-0.011254666805499334,1.2242184946738461,0.02066257896344112,1.7804741098811572,0.9104965355832165,good
24.24,0.04223764094040524,0.008253079993533944,-0.002974684912066906,1.1691463424184896,0.006439015297374624,1.800025332021805,0.8781504357516076,good
24.26,0.019115106743580038,0.015261135011468531,-0.009806375930796727,1.1892003160750522,0.02715457620012809,1.838502796743152,0.7994600652538782,good
24.28,0.04127681196292956,0.01534465489009203,-0.007865135624485011,1.1711450247386008,0.014071951016965557,1.825895601844053,0.9081743276162,good
24.3,0.017245452715232288,-0.005839665033853909,-0.00044540640905087577,1.1709280698735192,0.022336990189792162,1.7861875298829668,0.8028467346134885,good
24.32,0.017899358908712203,0.025813955092327336,-0.0007032839656490662,1.310006380664937,0.01820658746970503,1.8239277571192076,0.895889202428919,good
24.34,-0.007075608095473689,0.029594500229432226,-0.01521480821319548,1.1874007043891888,0.03158301383790943,1.7322543790106737,0.8804717730637331,good
24.36,0.03403016198485561,-0.019186925232614286,0.012392537400477245,1.1317274755972535,0.02663583960136966,1.8000943722770224,0.921089869063456,good
24.38,0.05136985657373585,0.006528412566240573,-0.012652719172236017,1.14427450784946,0.03386084820929826,1.764234496422404,0.9796368171080404,good
24.4,0.045642525888843426,-0.00017650485958806394,0.0017693949114749082,1.2224905993011788,0.028626666753818534,1.73177357341262,0.8681921889884107,good
24.42,0.02876615635727314,-0.022070125018998264,0.010823052086302201,1.3419893751571872,0.019682361586454943,1.8175481574872145,0.8945109134715937,good
24.44,0.034174225665175195,-0.0064261512767981996,0.0002271809746118537,1.175933627698369,0.010662727936437104,1.8356736798715334,0.9145056861665053,good
24.46,0.007761641375787927,0.01151249486086462,-0.011506464734000316,1.2324523913413516,0.04703220453823069,1.7691188919585201,0.8374723360674993,good
24.48,0.032131982177872324,0.023987589381109543,0.005804459150931902,1.222341846849142,0.0218822001237039,1.7949957808271113,0.8525643849103157,good
24.5,0.010582350947185907,-0.003548042009549749,0.004643550251612594,1.12193587810849,0.022816654907673616,1.8466669385639534,0.817308964394672,good
24.52,0.006007546004203215,-0.0038733482608501596,0.01497010801529284,1.1593510471007367,0.0068209390654236386,1.7379770079375063,0.9042752520538762,good
24.54,0.05184259987286582,-0.019129338350366048,0.018291396822970533,1.2151127269397495,0.03268309193954687,1.8180979642809225,0.8579171749706206,good
24.56,0.02019283649520296,-0.03001528196427158,0.003017990708887302,1.2217898732840844,0.016012299854137865,1.8316942096899032,0.9157859838436097,good
24.58,0.020859176309250993,-0.01714623204704684,-0.010648379685491384,1.2071785181145305,0.01550743521597252,1.7641285235281527,0.8915504372410145,good
24.6,0.05420134101326188,0.003457209964683496,-0.005506553087263614,1.1789605719734797,0.031070094141527407,1.7644314649054262,0.8413871814618684,good
24.62,0.009597884338609013,0.011877358594876864,-0.018944854566950158,1.1212225633365118,0.0261333479842907,1.8180048564963704,0.9459318628918911,good
24.64,0.024291043867546745,-0.01734173700211,0.0019960588301997317,1.1806966749038295,0.014380974727665172,1.7797954000136214,0.9420722482400374,good
24.66,0.015405145726371798,0.0031060562445517736,-0.0022832312654054478,1.2191733687337858,0.0315504314675763,1.7838727854912895,0.9286502214080466,good
24.68,-0.0007983186713801677,0.006700156119819693,-0.0011645510263772097,1.1101931890799113,0.02665791338170125,1.842185232088715,0.8935093702804572,good
24.7,0.024514675996509305,-0.0008395189685578835,0.007561545267754888,1.1089626622421218,0.01758382930236407,1.8977733685193852,0.9137372136309816,good
24.72,0.01948225786943939,0.01346519060364445,0.030806509195828728,1.1866116816283183,0.02886582871688125,1.85443295050431,0.8591812576694303,good
24.74,0.04107663918780128,-0.034442133788048356,-0.009334444236679583,1.1815256790585091,0.014769835673355958,1.9037292173721763,1.01998899094892,good
24.76,0.020657501383748035,0.011715870126379868,-0.010415025311572604,1.2346238263953384,0.014615851379825115,1.7361796901093531,0.9334803127074622,good
24.78,0.04505210337570154,0.011343547693577843,-0.012167876836983456,1.1738628795413373,0.017069593269765832,1.823243256598753,0.8842112297721412,good
24.8,0.02784720645935832,-0.00951222077052545,0.02459704678040255,1.222703523857698,0.022157234407715286,1.826822906706606,0.8529073945696004,good
24.82,0.020914440126963946,0.015434805540820424,0.0013126402002685807,1.165615873786159,0.010603673383610953,1.8167285685949937,0.966553962470172,good
24.84,0.033665875759708835,0.007972306669220585,-0.026975414497798302,1.1589694752474513,0.020229264695846003,1.8031973794820337,0.8198923088523681,good
24.86,0.010675429080077637,-0.02254323838422034,-0.016895113087583843,1.2582522290050084,0.03992875467117585,1.7238465151276257,0.8929161571315832,good
24.88,0.0027798704250959747,-0.00459788274540801,0.014252495461745361,1.2091921871399502,0.016226924472109352,1.7547858915160155,0.9465253913876904,good
24.9,0.012723800891585185,0.012546315724467964,0.02110171031522876,1.1824038143619393,0.02187597994260193,1.752599472176894,0.883328439390007,good
24.92,0.04196403051562046,-0.018088228761907674,-0.012969017391165518,1.1540768773783114,0.014713207816832805,1.8543890377360244,0.8155940298924447,good
24.94,0.02759105707753613,0.007864721088413547,0.002297308419335976,1.2500069568223122,0.008850261619436108,1.8065298832413152,0.959735071769516,good
24.96,0.001977283660334954,0.012623011152088514,0.013384912388327709,1.3136668204946436,0.016343953940030066,1.7960238472793673,0.8821291719072973,good
24.98,0.025189793435396787,-0.02729590382551176,-0.008494329690197248,1.2144008620454378,0.023566654692992,1.7119653416505138,0.870157739459611,good
25.0,0.01468758868451604,-0.002288095373066405,-0.009731789431856194,1.2610487595150506,0.02326141726595823,1.7950603476675755,0.8930663173585647,good
25.02,0.015546440079060217,-0.011881584016184714,-0.00011567411769528522,1.1951199079133363,0.02898971318320396,1.7950239456969446,0.8183246420286937,good
25.04,0.021737296787742003,0.014927076308860155,0.01966081128260533,1.2105614250660959,0.012325283248230002,1.8477662656784104,0.9293748622433028,good
25.06,0.03890871593837346,0.009971002847613458,0.0025236796857815652,1.2576579172901987,0.019507489978342455,1.8449767276586508,0.9237091864520882,good
25.08,0.036473446307024086,0.017034318908622798,0.015565457896969628,1.200243270220895,0.032173056335885075,1.7758855388644057,0.8900544157478498,good
25.1,0.05228445572084163,0.005995663071755697,-0.023603078120385285,1.2666711685285568,0.024288782566849833,1.7198095201335162,0.9379803228505291,good
25.12,0.03348107806203643,-0.002955861117161899,-0.00031348901511591977,1.2274241456614012,0.012833541540036814,1.8486985799703046,0.863502654575858,good
25.14,0.04581429294509958,0.001103911354253204,-0.012381559201599371,1.1909836781605698,0.011974641626805624,1.7776578793407065,0.8554674380801449,good
25.16,0.03947282190352594,-0.009239038836241128,-0.010998093421882084,1.1994108587631653,0.012914042451511756,1.8825504392068912,0.9589720731024727,good
25.18,0.01860114809021318,-0.014047922454577463,0.006494435021265773,1.1258173274047554,0.0059968238596526426,1.833639026556087,0.8850641171551786,good
25.2,0.0043693142287596935,-0.018470893253750672,0.016592824693763126,1.2347177301980132,0.03375957902173044,1.775558322087723,0.9303132584577456,good
25.22,0.030560219751267926,0.012304523224181964,0.01587648086886178,1.120585502464891,0.03627216194059013,1.8765069213788783,0.9040448308170246,good
25.24,0.03916245283377169,0.00011607747269112605,-0.012056978694402698,1.28092482299478,0.02861286572923638,1.7947667329738237,0.921843721069616,good
25.26,0.010190460578253971,-0.006940007005811589,0.012409363309128346,1.1344862062784091,0.017073847117602122,1.8815801685360076,0.9716215008556695,good
25.28,0.004585191085027832,-0.0018128312822796562,-0.009805855156867872,1.313114916334279,0.02075481291389079,1.8520171820777651,0.8931521587257637,good
25.3,0.035971318893171386,0.002809487121475772,0.013961181275307868,1.1459031989069177,0.008935356141569577,1.7991214255642423,0.8992377171333517,good
25.32,0.033078945268203534,0.02152651469172735,0.015629952129624855,1.2316346345975597,0.02181734178166725,1.8393391596587594,0.941836627495909,good
25.34,0.0329785803101998,0.015781705426100436,-0.01417179569042021,1.2583918187147756,0.02874053617919678,1.8171937731060204,0.7823810704680692,good
25.36,0.0144794208203292,0.004645778995613592,-0.010590804100038242,1.2161355728335808,0.002541901033814395,1.7973815732946021,0.9009053283567245,good
25.38,0.058926337030889044,-0.01564664466186239,-0.0030555974868413773,1.2052562395168998,0.041230633445044754,1.7363688812206797,0.8553719612793762,good
25.4,0.05169270555788402,-0.016069291655989387,-0.007546242448328208,1.184707755422135,0.01545286778974984,1.7981590816193886,0.882758412277795,good
25.42,-0.0006488623984101981,0.024088079150469215,-0.018245238228141912,1.2101202749360924,0.021539795968910622,1.7628957195071413,0.8794688225975751,good
25.44,0.01982800970764298,-0.04489474987644255,-0.01795229274208356,1.1637803750690434,0.014872450155151106,1.787027077399041,0.7804835824599998,good
25.46,0.01360558542325531,0.004974156780881035,0.00696826017194642,1.1908818512326151,0.00028369352504592493,1.785734280930889,0.8999227431809234,good
25.48,0.010241911021121269,0.00962539606750101,0.0007381591359286255,1.2524711204497967,0.012438268966760311,1.8929154315569967,0.9719381695405704,good
25.5,0.012107595017175754,0.014546700865964319,-0.011983064393680251,1.123422712952725,0.02469689374921536,1.7622018391399414,0.9114847150019154,good
25.52,0.027137849218213845,0.008004619841936421,0.022130535451605007,1.1968070538894644,0.005210350208353826,1.8795984221687958,0.9278388176584189,good
25.54,0.04416710108769828,0.00883195913259717,-0.024387274939744717,1.1775600753248967,0.012355242272915463,1.7886054231402588,0.8948947783864242,good
25.56,0.013170663595116448,-1.8706908989939664e-05,-0.01753079823247469,1.2417037039489986,0.01555549451693808,1.7601920374876698,0.8556097237074963,good
25.58,0.03135066578278921,0.004237651309385064,0.012768071936998833,1.2058696434120846,0.007093120713147596,1.7436094126634043,0.9219276554134056,good
25.6,0.044057249970911185,-0.009487866762174023,-0.004584210874072399,1.2193200723493718,0.009242039987021848,1.7666140903785006,0.8538361457799515,good
25.62,0.021955757387645256,0.041864974147611485,-0.013865314225597657,1.2480900608350458,0.026727905895696187,1.733160179141899,0.8499093913962756,good
25.64,0.0398002385013958,-0.006566270747665797,-0.02091329590664768,1.2512154235496895,0.019189331574283385,1.8655684947183846,0.8613535451562417,good
25.66,0.02151971931505159,-0.03568057200487474,-0.0021988524346411593,1.1912893985632138,0.022417393961625905,1.8264758739904545,0.9699386750680197,good
25.68,0.032355701009430714,0.0036198617314855868,-0.003227914550818597,1.1273268883622967,0.01696215373155136,1.8785089068374612,0.8375132710242249,good
25.7,0.015858800519878802,0.005196358539930114,0.005559622616944145,1.1932168279524664,0.012078235650751886,1.7483114869131164,0.9399930744324356,good
25.72,0.03655573896166536,-0.007505516424657059,-0.010951665955013477,1.1541853302122904,0.030610949958401582,1.8805739012515388,0.8428896973043878,good
25.74,0.023290424837530282,0.003869857280547707,-0.007447193820169006,1.1898651222494916,0.02452327061410667,1.7872826632513419,0.9699127278457982,good
25.76,0.02578604971832378,-0.002749181413791184,-0.0021146878724707476,1.2011062142277589,0.01475012417092798,1.80099851429598,0.8426043487398116,good
25.78,0.013509290372404724,0.00902868848684489,0.00835904766446793,1.1614247201674357,0.01565765172513267,1.7827022924403497,0.8629322567767237,good
25.8,-0.012920596641350916,0.0005195485610039573,0.009382746682762958,1.2643429935230084,0.023587461192396846,1.8099676944393477,0.9479394202320458,good
25.82,0.03104846660707298,-0.003364320901007167,0.024575610849923893,1.1246432272593774,0.005457991903318941,1.7748601493462286,0.946213719584561,good
25.84,0.004116664612744733,-0.002604044661639332,0.01374253204089991,1.1478696526089283,0.038065486546469546,1.8321938178061952,1.0038384933269344,good
25.86,0.031036710375760158,-0.01570031439824688,0.00016244954847973966,1.1956174388405352,0.01353242148372303,1.8014012647411224,0.8819357532275152,good
25.88,0.015698271867265495,0.02088056513399838,-0.013725399768090146,1.2146341679497954,0.028597471965277062,1.8205776236877385,0.8980867758670256,good
25.9,0.006261389819770681,0.00762178253552393,0.00564267182743013,1.1436508911586767,0.023715226841936388,1.8176690505764772,0.8740457387674463,good
25.92,0.022464634794192452,-0.0026673821589264304,0.00047545067113253977,1.212158928498364,0.0036934683709358845,1.7702977994875366,0.8095454951171479,good
25.94,0.027330383065008474,-0.024750346730934326,-0.007400173487820646,1.305890865860802,0.019519016335920233,1.7256639319763953,1.0626710289425378,good
25.96,0.0314412981221488,-0.010264093322457906,0.008867415692940361,1.2318091300733316,0.0054009114345506745,1.7495229897531703,0.8838856034816909,good
25.98,0.0368859091641029,-0.008744881362999876,-0.00845129416744879,1.2102322019142513,0.01917988311080302,1.7798869291878743,0.8166843607445633,good
26.0,0.0246233056989976,-0.004641118090259709,0.009633781062908265,1.141612343795401,0.02060113564887091,1.8842555135848658,0.8451349478188127,good
26.02,0.00798914951111721,-0.019259344879995106,0.0069456647585447295,1.2851875152206491,0.014374073156878008,1.7852620878455725,0.8523558952011833,good
26.04,0.021614533588656906,0.011640441820835444,-0.0025858089608507963,1.3090680101758694,0.01641544998937601,1.7628135281853325,0.883317037181646,good
26.06,0.04991607083219358,-6.542122528709263e-05,-0.016530976975434344,1.2190889539803345,0.015625327031024747,1.7287406381644939,0.8072212316534364,good
26.08,0.014985586015268382,0.009355521910030041,0.00031126699979445814,1.2237978981362982,0.027801957147422774,1.8343520884602704,0.867079642224388,good
26.1,0.023929676665831557,0.008868405526503666,0.016278451418379518,1.2311855454395633,0.022326150933424754,1.8545539556770778,0.886204608456812,good
26.12,0.012105860122915146,-0.008624719572650742,-0.02140284674302561,1.1776196760544972,0.021143143466973977,1.7459032003789483,0.8811796767959802,good
26.14,0.01259326079645875,-0.011138178067441787,0.014023321705415424,1.1783128852453144,0.03515136322339267,1.7593911560253843,0.9704156851094028,good
26.16,0.010888270637412295,-0.014105690299659326,-0.02018685698128909,1.1605016425017791,0.018979248753334847,1.8171309858900366,0.9735761631942645,good
26.18,0.02506987821182272,0.009681246803141665,-0.015190522384256007,1.2042993997940195,0.014888899611040196,1.7625278858078302,0.874068998771542,good
26.2,0.005572325372763978,0.002987048206691619,-0.003215954669346067,1.1884913858597304,0.02213802105406049,1.74320709886517,0.9468911389435913,good
26.22,0.01788120228926449,0.02538881134640178,0.024844072004564465,1.1859550874618583,0.02829156980717505,1.790322088831472,0.8376786514536892,good
26.24,0.015223806398899507,0.008137899698598587,-0.012342536129886748,1.1561626441830295,0.011651705496313832,1.7901557111133926,0.9518634498484893,good
26.26,0.010266374034947602,-0.01914559858526678,0.01052209622725276,1.1511809865011444,0.010286150020456707,1.8104680993494067,0.8381046744214014,good
26.28,0.018321613118251787,-0.010685024709559171,0.005693146171808977,1.2374430640353273,0.019872396663747814,1.664917566987554,0.8943327952810376,good
26.3,0.0018162483821455764,-0.001991706758425671,-0.012815861960829273,1.2287611700403325,0.011383465776955332,1.7747621867321755,0.900848213490085,good
26.32,0.03056916343823559,-0.0029289647261681916,0.008834112896754011,1.276445875834085,0.028561405498097187,1.7418155733451093,0.8609887785378617,good
26.34,0.027000026307176045,0.0033516364915589674,-0.008246491202039184,1.303823731645561,0.026022078878923466,1.7465410289325778,0.9597180453149728,good
26.36,0.04438765537047319,0.00575672643048038,0.015400662018928415,1.229029655942771,0.024207278536114343,1.752955751386886,0.8856184177808749,good
26.38,0.004536723835055289,-0.005851314038606878,-0.0023423022318636707,1.2388943526906238,0.0210577460648473,1.8310942354627833,0.7940550130869164,good
26.4,0.013892709000900099,0.01099981071374164,-0.0014802362950434183,1.120781953466751,0.01967776078978717,1.7836073837328963,0.812545330232745,good
26.42,0.01182462927472815,0.006603409114462032,0.010040245964753369,1.2290230077003694,0.02588804627037671,1.8487114370413726,0.8053677911634904,good
26.44,0.013930992359540513,0.004797144318058917,-0.01599042780359765,1.1755856407651304,0.018657332459175904,1.8022037465229626,0.9677647313614679,good
26.46,0.04398673923821248,0.0067636617499664325,-0.017308729129893476,1.2075895452256327,0.015071291418985907,1.7947774052449852,0.9292520848058587,good
26.48,0.02842425090153318,-0.028100315599942065,-0.01606044670203969,1.2672392995209667,0.0033971256321022117,1.6933415870776938,0.9416436696786757,good
26.5,0.02718496070094282,-0.019594535313406512,0.01026446400616588,1.1475228767862635,0.01847215501984276,1.7846604297911621,0.910336428354914,good
26.52,0.0156413357795447,-0.00918192077646487,0.029822750733194722,1.2823402711727352,0.03463170894224297,1.7431378497756584,0.9013832539454519,good
26.54,0.021154302471499124,-0.0020721451033691557,-0.026135863347517246,1.2960085723293728,0.015164940643866927,1.7697581297875966,0.9717534851249736,good
26.56,-0.013319530355297088,-0.010367750892091016,0.017860860462861124,1.2328668619281342,0.027258315829882255,1.7523268674453456,0.8499011684370806,good
26.58,0.0043562856638107985,0.0055158198547332875,-0.0066616939325099935,1.1686963816547582,0.019678891182356727,1.7130624427403445,0.8675730841229922,good
26.6,0.019671637691588702,-0.0020028277611093704,0.0020538796578348016,1.1770262279741521,0.022275459928037797,1.841661479406539,0.9686459319242551,good
26.62,0.03337729613692855,0.0077534297003535885,0.009677336452209997,1.2670941283001984,0.017934421572880204,1.7687668211752023,0.9658071312332013,good
26.64,0.018247358135858826,-0.011910770507374342,0.010053323618796007,1.1881922123210968,0.045250217784492085,1.9020404985408752,0.9715956407763772,good
26.66,0.02460948570822273,-0.012648299633026612,0.0008331343469652221,1.22451928061326,0.010686236077309771,1.7870361829337456,0.8935786401226933,good
26.68,0.028983612232053806,-0.003984094509990449,0.002832376113100627,1.2805760729713778,0.021583018796575655,1.7677007363240869,0.9266257288273253,good
26.7,0.03792609962110419,0.024249901251871347,0.0022970908136767322,1.220637767978589,0.03776487299040139,1.8817571594394906,0.8511917821478802,good
26.72,0.010896026861289142,0.02578365694514443,0.029495710324773702,1.1790142948864228,0.022020717745038925,1.828171881902406,0.8827058624609164,good
26.74,0.03367515782647967,-0.02752153113367375,-0.023841814161159085,1.259317720836943,0.025233327431981915,1.8359382546245948,0.8078390723984709,good
26.76,0.026289469091387796,-0.0006169287028967309,0.0284835082927218,1.194912288365029,0.01519530604138498,1.7692157689361352,0.9384435614392076,good
26.78,0.03883272457778772,0.0032620984778227572,-0.006576333630263158,1.1836373160137783,0.015921600308903296,1.7721394662219456,0.9732843385667493,good
26.8,0.04602950386283344,-0.012299083800993432,-0.011136994190086942,1.2195936935518652,0.012771405061937201,1.82692172002977,0.9763669185402026,good
26.82,0.048398506125054565,-0.005019661648880491,0.016910605771446843,1.1759709447984117,0.03396502398407605,1.754024638306546,0.8690657699690233,good
26.84,-0.003975755795048702,0.008307181967723218,-0.0008542194873106105,1.2841339884189977,0.011349201787487951,1.750938859478528,0.9470414713887734,good
26.86,0.016723669615901972,0.0004251655114533838,0.0009601320224324493,1.1335315542305344,0.008767645257294414,1.789149064678834,0.9074598145362707,good
26.88,0.02692647850580732,0.02149711019070077,0.008459181612184575,1.1328359114034598,0.03165430179692532,1.8424128059833222,0.9278015221564393,good
26.9,0.02632637717246594,-0.008546639448886286,-0.022317561830727556,1.2528765635325567,0.0324148961497231,1.7876607849444497,0.8894288987930887,good
26.92,0.03727053254231557,0.001788617128903181,-0.026688372548715842,1.1709624530984508,0.011160084002699968,1.8124113842274994,0.9323762808005032,good
26.94,0.02854548694922869,-0.00616880761110943,0.013759283021210808,1.1690530157717445,0.032810592115807315,1.8240925267297587,0.9143094853481608,good
26.96,0.014207257828300872,-0.015261352380999215,-0.030531050321528117,1.1084971289805199,0.02178417585815061,1.730347933449792,0.8512325363178798,good
26.98,0.021277228284911458,0.01800992699731703,-0.00593745794973272,1.2170680206695104,0.021870787655852545,1.6591696188994707,0.921536921321999,good
27.0,-0.012244769237586503,0.004987447881235418,-0.009370337479524848,1.2245310501648565,0.034737228476161806,1.9075660485138237,0.912303563888729,good
27.02,0.00763394344221338,-0.008485418853387971,0.030189225117609884,1.165744702670131,0.025341043166615097,1.7956380323811933,0.9792567397600391,good
27.04,0.035334687689062526,-0.018422982818441343,-0.011884546765610812,1.1892618797710353,0.018806991322318316,1.789475748317623,0.9241665425535796,good
27.06,0.010927634127643119,-0.004264562701080565,0.006769807841683359,1.2326249610595164,0.006884759387960009,1.8029492715942068,0.9086124844261737,good
27.08,-0.012156409861151215,-0.02628960613350606,0.002182344075121878,1.098063750718334,0.00825186417429579,1.8977292060062227,0.9123812743017969,good
27.1,0.045329305278750204,0.012069563796593748,-0.006302837864936326,1.1792537523636097,0.020923000660230482,1.7424733220959392,0.8984270686499363,good
27.12,0.048599901037572925,-0.006498844121061602,0.01939489106443034,1.227273073932861,0.04092693407345638,1.8003983205373917,0.9082684977246837,good
27.14,0.018064424673205973,0.011655392150564799,0.006760968143819454,1.255746747150995,0.00541157656674676,1.7931861555742563,0.9809765164949328,good
27.16,0.028668466736657634,0.0029497365345069254,0.00829772913120332,1.1998941263597953,0.007605023929021874,1.748022668998117,0.9528400552170314,good
27.18,0.013639384573504934,-0.028849866258305643,-0.0005080253888227953,1.1972670288755263,0.0236115499991326,1.8402076105655711,0.8732941353154793,good
27.2,0.008760425388349672,0.007849612855023986,-0.007339396161153514,1.2239349849708963,0.027571848823400212,1.7956773684685123,0.7999433478404175,good
27.22,0.022947602635765427,0.019957275075587033,-0.011377062451480686,1.1809051527700605,0.03371682321089936,1.8631845805942386,0.873176358218894,good
27.24,0.022604090810830466,-0.02800337114418103,-0.0006210892866965878,1.2066783046901914,0.0140628512517074,1.7439739053432008,0.8894970993637132,good
27.26,0.035254830284539324,0.011834147961239872,0.006839200546687409,1.1562463204199356,0.017819662115626807,1.7685506019742812,0.9704980554532151,good
27.28,0.043926516792061276,-0.003604334499224172,0.0040692635310818764,1.124494773901804,0.03452598454260251,1.7989138168904208,0.8907878334600433,good
27.3,0.02298506782752301,0.0047728085372262625,-0.009567528824458667,1.2191422933908318,0.011367597947006883,1.7711235584280989,0.9815273038773242,good
27.32,0.03796328197652511,-0.001911708155846713,-0.00826523681090234,1.227344324602871,0.030667081469420966,1.6808752608101214,0.9283135992268711,good
27.34,0.028437611570184346,-0.008316816276476244,-0.0060979768673274995,1.1994331049091784,0.024157371199219936,1.8035002493772385,0.9336819101136505,good
27.36,0.04857548471098384,0.013535272663275463,-0.005058489897224005,1.1819711064107943,0.011832309075419153,1.7344764039662117,0.8891448042516197,good
27.38,0.02035063415778702,-0.005527489769237311,-0.00735914166971784,1.3309612238731745,0.0046568202446512965,1.819905861199539,0.843444074235142,good
27.4,0.043344488949086636,-0.021773245165774592,-0.006890507203870584,1.1329306992315626,0.017915780194565068,1.7999966570060235,0.886991446722642,good
27.42,0.019361933984211686,-0.0042169457313227824,-0.0012828065187443867,1.150116575703751,0.025131012702640704,1.796969730258083,0.8345917339032157,good
27.44,0.007713129428872724,-0.008667238794060025,-0.0056518910245680985,1.2547483948517477,0.005553299603148964,1.8028866565390742,0.9631033446402762,good
27.46,0.0465242138055981,-0.010675252578423465,0.0021318661317613788,1.1417547972173214,0.01648308494239678,1.7736245712539807,0.9534503386582592,good
27.48,0.04962938871702198,0.004764108844179899,-0.002846940118282003,1.2125634428232022,0.015131868677765795,1.7477060994651372,0.8928705542440385,good
27.5,0.02974767899510198,-0.0026598902710734257,0.0006531675744364569,1.2023643844389744,0.024511578624235916,1.796652970005438,0.8702124506054723,good
27.52,0.019113826685175726,0.028816835394419645,0.0014975206176657831,1.2347694926683659,0.030823011326629932,1.7798650683381199,0.9708275234098989,good
27.54,0.021271436253952163,0.010303876044050031,-0.02051204622580075,1.1461815184355253,0.03353960965042854,1.8463684204207187,0.9516360655245092,good
27.56,0.036520618029976505,-0.009066310980818365,0.008253626468883696,1.210042486067485,0.01676284839354744,1.7781110939399303,0.8784679651125298,good
27.58,-0.002622302920394139,-0.017271395431938546,-0.0004460852244572221,1.222281271018927,0.02475826057608705,1.7078297371601376,0.9002526407354668,good
27.6,0.012996779444832058,0.003095682451452122,-0.020002553019043776,1.278004303362934,0.019164466360961797,1.7715454534096127,0.9029926154585073,good
27.62,0.03771741908494815,0.014949432473952817,0.0003033979662877359,1.2830030494298734,0.026654970902488567,1.8292058683733452,0.9226106952708004,good
27.64,0.04634632091786361,-0.008527313251907736,-0.011334638081969427,1.3136943343051415,0.035490119363602204,1.8126785490596593,0.9049697208763429,good
27.66,0.017000846501244022,0.005373105931598835,-0.011323674739771732,1.1952487634132698,0.03936705174111275,1.8732875388245898,0.8965716366292482,good
27.68,0.00837277640165832,0.0007781248174299879,-0.009076988778914039,1.2322969153079204,0.011240732366842721,1.8190077976869279,0.8128648908484899,good
27.7,0.013651633852641266,-0.004804720023047234,0.015035288310085217,1.2442468737073922,0.0226059141347153,1.831374630052664,0.8539464451955273,good
27.72,0.030977453047937614,-0.010699269238726883,0.011668746406409572,1.1663841037013267,0.011277147461582421,1.8245258749263267,0.7648875076175556,good
27.74,0.017665661053541,0.015606518524540407,-0.0067172039771501504,1.1818236756708078,0.019937145512280693,1.6899819796518998,0.9009434074798944,good
27.76,0.028756718875624757,0.01363373332026894,-0.0055288235257006345,1.1649647823741054,0.019010736853521556,1.720901151399537,0.8448983064394487,good
27.78,0.011476412281707036,0.0004386389912096367,0.0050128487453855045,1.2792790270794405,0.016971655630192085,1.7518514234505984,0.9844549618092394,good
27.8,0.044121156215386155,-0.00306322563971239,-0.003176200945265167,1.2064992451645666,0.02648729100091566,1.8259127501173227,0.9103168162479055,good
27.82,0.05133887238825516,-0.013150982833619288,-0.005334374635088194,1.2309427555283465,0.0,1.8217681299746444,0.8388589733249902,good
27.84,0.029368441732216193,-0.017708763799384415,0.018819599234037844,1.2414832861554683,0.04284033123433102,1.837732334403971,0.9075160373207294,good
27.86,0.014892932661632791,-0.0033304843500375917,0.009369071673767314,1.2207359193851304,0.018244814862296493,1.7428512992850393,0.8998068628108655,good
27.88,0.026700645633169727,0.0011225278127420647,-0.016273124636603745,1.2033857237710945,0.02222339140450829,1.8183148043162927,0.9691928071085714,good
27.9,0.016458456028584888,-0.01374712747144385,-0.0010154856209905832,1.1661453896983878,0.0262032450483833,1.845246014088306,0.9485634991832289,good
27.92,0.034341938419650185,0.016172879824615065,-0.0041655589682807696,1.1692331766495454,0.0047565918889668785,1.8660492959058506,0.8374589462504229,good
27.94,0.04993694949507844,-0.017817320900958084,-0.0019932692559274548,1.1646696058202315,0.012733724612612326,1.8348511318562202,0.9050494042616762,good
27.96,0.002520669581859197,0.01289413217936483,-0.00908861190315332,1.3245222504141427,0.02354063573511086,1.7750647894195408,0.8516182330979967,good
27.98,0.022367726008531423,0.03518335813817874,-0.01382421516040643,1.2594900427573381,0.03389491015280917,1.7759907325779405,0.8363493513199299,good
28.0,0.029532470786459104,-0.018994050321461634,0.010413611001432281,1.2068773223104288,0.03578787352673765,1.7708735959037523,0.9020860274784613,good
28.02,0.015523309258107722,0.013111463825628372,-0.01999082693691652,1.188398806062531,0.03032937064998651,1.818633792057287,0.9066892046459597,good
28.04,0.025653496614570486,-0.012058906915084832,-0.01858411552695899,1.2588896302284072,0.026987000412353034,1.8032214278132996,0.9011148362796533,good
28.06,0.018329597242739467,-0.015600731397972743,-0.004944712653464985,1.2595869589444735,0.032318236786604296,1.846125677373953,0.880942511773454,good
28.08,0.02591421390782588,0.010076293972798064,0.01648535725745581,1.2425111880193418,0.012985523513057928,1.8112725308105149,0.8875705239843061,good
28.1,-0.0012543951942651885,0.00903361526963107,-0.010417086584740663,1.2482668481643027,0.029848007908215093,1.6523091661730547,0.9666434473733446,good
28.12,0.0061303421608915245,0.002090274171055065,0.00502494103218574,1.2016055407738913,0.02876778361730218,1.688824734872967,0.9309514979060596,good
28.14,0.0059583701958023415,-0.03733611610244542,-0.00014038654170156446,1.2475563013732873,0.038797783325265935,1.7780210913349623,0.9040908030199136,good
28.16,0.049287543866781476,0.008934393106375527,-0.0027729975889957607,1.1482438278972473,0.011664237171113357,1.7129381393835863,0.8651164496705672,good
28.18,0.028039931248424223,0.04594481691981517,-0.014676085220717536,1.1100930992223088,0.014469376582243383,1.815954630609085,0.8791936297106305,good
28.2,0.006734613161046251,0.003384241325791367,0.0024834892869632866,1.1356666736745618,0.01773950198749762,1.7704112881414173,0.9204799575598136,good
28.22,0.020489261513044064,-0.0014474926803367727,0.024646268338723056,1.2458412765798736,0.007507740875613423,1.8420947617791565,0.8978652636974138,good
28.24,0.01990575544595541,0.029156093836800845,-0.01039784742113605,1.2358071331013905,0.023517202262786845,1.750303605944013,0.9067606605401821,good
28.26,0.04106793354388318,-0.02700598973098263,-0.01417998314862159,1.1978145103677313,0.029237568047285032,1.8016542973080478,0.9030591390116586,good
28.28,0.016626340733402727,0.03442143650872674,0.01630024750713386,1.2604974751256037,0.0044811639366175784,1.7812525390269311,0.8775994093546318,good
28.3,0.03388115982017532,0.03682270939104223,0.01321095636008522,1.1354891637150466,0.010809671898292251,1.8148564602583488,0.8895580251065358,good
28.32,0.0331603348079162,0.004456411283284937,0.003781536857131671,1.128715987505097,0.008747504204132268,1.8817407621886066,0.9810764218719963,good
28.34,0.021675324847923012,0.018168016223561883,-0.0018929889387818153,1.1980559668685749,0.029546956528428786,1.792089231701877,0.840853366600351,good
28.36,0.012533939517413314,0.010908972297123868,0.023011974604198022,1.2152276336282164,0.022678525056364533,1.7464742126969077,0.9499430782646915,good
28.38,0.02167405405435788,-0.019280749916803,-0.026460273605776307,1.223079974631158,0.025235975301685306,1.767391088847835,0.8924716326563731,good
28.4,0.007407608938857596,0.014865973212727325,0.0028520753625721424,1.1828441744716012,0.02916708845479736,1.8316653590418874,0.8588184541161048,good
28.42,0.04142373374642272,-0.01186924239999572,-0.013195794843193297,1.1561499975583154,0.003366475276080548,1.7953389679053156,0.8485216852036156,good
28.44,0.017521888507794136,-0.022550289671364944,0.012829146033272596,1.1485915433658975,0.03187172354561493,1.8423401452865538,0.9080921854103317,good
28.46,0.04142058823424205,-0.003984476644197436,-0.005548659105379359,1.1920235889024435,0.026737089286369198,1.727844519046135,0.8557166635460696,good
28.48,0.0095740550705376,-0.009674827080226498,-0.014350468732405202,1.2627172777384783,0.0,1.8035741132715966,0.9074498817796197,good
28.5,0.015509378625179124,0.009959576715495725,0.0020630300846978178,1.2161802434514781,0.03421520941921501,1.7697312363706832,0.8957412399945691,good
28.52,0.04652649310803988,-0.008299258298579103,0.015737716319358303,1.2517994482627004,0.024166507479426204,1.7684290740799096,0.8671284330653123,good
28.54,0.018547004660809472,-0.020019754892965404,-0.03140356125825213,1.2712912029661196,0.014602689824520785,1.8549897414196677,0.8875702304594418,good
28.56,0.017273625529444416,-0.007267757287992597,0.0095151427964799,1.1594462707863114,0.014644347116907586,1.728337380395703,0.8664963609703812,good
28.58,0.029127805024983734,-0.022684689043462217,-0.009530770049881263,1.2356153149146731,0.04054162781674463,1.8103649104481,0.9059275750977931,good
28.6,0.0475582899374525,-0.019354117937576777,-0.025734107871433914,1.2147314383974825,0.013917081196654009,1.8659429205726337,0.911029935133497,good
28.62,0.002466518270667951,0.006893580449389891,-0.03259614276727995,1.195657386560554,0.03771727357535849,1.7252565577765882,0.9232662987567065,good
28.64,0.05383929334484781,-0.00465659695068542,0.03863891180704187,1.193116852816722,0.013378601512301707,1.7932586205766734,0.9137769702891053,good
28.66,0.00539687799596095,-0.004095883341033821,-0.005829585609026055,1.1561127651097898,0.025184259461912745,1.7558686595531343,0.8008251794314116,good
28.68,0.017185330588212186,0.0077627952940186986,-0.007393595831541935,1.2792667107710567,0.01520272642921584,1.8707388040149258,0.9414339891701089,good
28.7,0.02598875356255307,-0.017751963638882783,0.0013983118377241819,1.172979281963702,0.013443031056680668,1.7665042067216574,0.9677911908592866,good
28.72,0.02413840900180896,-0.02052801077807766,-0.009929301338286916,1.21786913442538,0.0032925677065408776,1.7762318904338121,0.9228830920500267,good
28.74,0.04856369403802918,0.010884301792018875,0.00507747060195569,1.2522321993580272,0.020536561716643746,1.757257345247055,0.9737385320196397,good
28.76,0.026149266376645632,0.015033700341377562,0.0065853863275285975,1.233946843840393,0.013869484242786816,1.830212612709855,0.9254304991862459,good
28.78,0.00432629454532389,-0.021232158572458165,0.024013653112977842,1.1355237310504758,0.005748195493660098,1.8491509321061037,0.8992772871860797,good
28.8,-0.002924489403301736,0.009819355107409476,-0.0009037057887519989,1.257204360842983,0.012106055224852513,1.7822925704802133,0.9027954001097669,good
28.82,0.022365555526037043,-0.0024712301944617688,0.00217516487995078,1.1599806115416158,0.018578983178858702,1.7985252042372786,0.9274474680731609,good
28.84,0.02705659049863119,-0.0015006955101085455,0.014716946122368782,1.1925480753057212,0.03807599145404701,1.80833523178549,0.9249203473898935,good
28.86,0.03302467862494206,-0.009414031187038216,-0.005972099476054174,1.15939640590597,0.035366504538142864,1.780567512958474,0.9394979934544492,good
28.88,0.01952518367304988,0.017282671349640982,0.0074275538033543856,1.2005826831213282,0.012776595832199592,1.8392968721883958,0.8285636639116194,good
28.9,0.0011896416812923732,0.010471350652938612,0.01733882165779426,1.1654114710720385,0.008037938894171034,1.7839711393299476,0.9182801706056034,good
28.92,0.0054950176117863105,0.005253740163912288,-0.003684954820337423,1.2561879633823523,0.02209377669647393,1.8396398170009614,0.8676625730123628,good
28.94,0.008837883954430172,-0.010195002608749091,-0.012362254756928806,1.1936181969533841,0.03221744387044712,1.8160125282237198,0.9465283166358677,good
28.96,0.01565192374876522,-0.010477349065473433,0.018201464161876846,1.1617329512350985,0.02097949948686495,1.8001166404559508,0.9342004438688041,good
28.98,0.005079324165098404,0.006183776132686965,0.021337502942173278,1.333084283653697,0.021628136059180125,1.8346402631442973,0.8512651060858288,good
29.0,-0.003835238819293326,0.007840157939823088,-0.005875506770718422,1.2008628983759684,0.0178740099948149,1.6773542421407892,0.8378353067644193,good
29.02,0.01829027902453349,0.02141053726990216,0.023896883672666024,1.1755013434223291,0.01426716266857177,1.7241591029082608,0.852743690674741,good
29.04,0.04233523809960327,-0.012421403674086324,0.0025109640492902816,1.0806267521549455,0.018117711784561782,1.7284667224276904,0.8329759429991145,good
29.06,0.008325581205357884,-0.002825997967058441,0.004601739506411516,1.2360055119910607,0.020308307893248875,1.7738830907607144,0.9080062021115596,good
29.08,0.014889738895608389,0.01658259287816606,-0.0115437988040859,1.2127717363554034,0.028057367928187804,1.7687399606746115,0.9180416982603117,good
29.1,0.012464785676429528,-0.0008145575023938236,-0.007067003381252819,1.2473382368644037,0.03738055826140671,1.8022046914680014,0.974728528596478,good
29.12,0.02425657868686771,0.005493683584099503,0.023333823186363668,1.211219114204131,0.023543844724241904,1.754390369322265,0.9067010013913103,good
29.14,0.03295826572311853,-0.011885302342114004,0.013042901166152305,1.2976398139673408,0.033240716028772085,1.853646179849111,1.010736256370025,good
29.16,0.021196880290275742,-0.004767158044397484,-0.014909528187095811,1.2271214212561783,0.005714106648654727,1.8228000257033052,0.8972785282191282,good
29.18,0.029012557932767528,0.030799893332478373,0.016851583468302796,1.1332677919170384,0.026588910133973232,1.7546776566363391,0.8645751118136692,good
29.2,0.02706125495100113,-0.014785888071935408,-0.004708914961674766,1.2389875621970627,0.01745745668292109,1.7607116506351286,0.8994529702215529,good
29.22,0.015289548008093293,-0.0006378639572908152,-0.012043109812089706,1.167673419135255,0.024430279383350535,1.8095286279822733,0.8353288805928084,good
29.24,0.030354569618795763,-0.031182916730373995,0.005641395936737433,1.1679673653646674,0.023811843779463736,1.7814495412195368,0.8691492495019189,good
29.26,0.022916669266450588,0.0054029434691476,-0.02163162382217113,1.2190419896149403,0.02245282685256324,1.714201297359503,0.8954238782436486,good
29.28,0.025981943738075768,0.013970911252374927,0.010259638864377927,1.1886234441959682,0.02643858715468075,1.8629553799892045,0.94218240775298,good
29.3,0.03587355560870223,-0.02697113084008675,-0.006389565890487535,1.243781292099261,0.021725958573828863,1.8395463456151195,0.911740746018784,good
29.32,0.014865128987923155,0.013068750269812458,0.015441474192812759,1.1978959853272995,0.028990903378487944,1.7758557488708087,0.8916035241791638,good
29.34,0.018880528178263335,0.009090529388433298,-0.008919495483650003,1.1816769969862815,0.042193590588938006,1.768016363212364,0.9114516077317592,good
29.36,0.030838962925645114,-0.017818162122353515,0.0006552547950444853,1.1668301996528447,0.025027085454759727,1.8978285457759088,0.9424384064865542,good
29.38,0.02930307392469021,0.01423645114942257,0.01126710523755976,1.266404556049692,0.021735988392835262,1.8081690920928475,0.7808835316165104,good
29.4,0.03655661046123503,0.006375907548715267,-0.005771628298864767,1.3079360063700722,0.022717663483938402,1.8307767271650643,0.8670744807238588,good
29.42,0.028529145909816717,-0.024258524792340235,0.008519964086743565,1.227845854224525,0.02139504680439259,1.8395389675306122,0.8523768350512498,good
29.44,0.03322862769097769,0.0162838207819072,0.011482329116185967,1.1995403989328957,0.023806569623997697,1.733477205235938,0.9733821489288769,good
29.46,0.03476333879853945,0.011664936603781529,-0.017013929731446414,1.19064626562393,0.013314863467890672,1.7555782833336198,0.8520020584198806,good
29.48,0.023879798508372584,0.0033097719748029913,-0.010133798199607278,1.2791259622796765,0.030028720639354453,1.8576577638536433,0.9340307020412231,good
29.5,0.022051179943674386,-0.006253943849525206,-0.012544750280793304,1.188757059036206,0.036359145490365424,1.7618149041496869,0.8887174526000973,good
29.52,0.03383152202833592,0.0015531288369620175,0.028942778772992152,1.2059345882101953,0.017455866843370242,1.757644017350979,0.9096633883798727,good
29.54,0.03118207113250905,0.0005476779972400965,0.001563267851157513,1.1611415061723231,0.040570149234512645,1.86911533129425,0.9461817933223933,good
29.56,0.04012449521917853,-0.0016511886733008205,8.266873159577105e-05,1.2620410656101457,0.02011177233343497,1.6366536626499468,0.9338319081026661,good
29.58,0.02471826265273628,0.013989644248428471,0.006886038893108771,1.2185298580884059,0.013946381951385116,1.747830954448812,0.9680836865471872,good
29.6,0.04776113391986056,-0.01874642224868271,0.007203145835257957,1.161320150947449,0.027720484956548427,1.8287988759422786,0.8654306543889766,good
29.62,0.008875523551986878,-0.0025022934734897717,0.020223041358392393,1.1897641104743077,0.013709422332787855,1.7694067503229591,0.8696659893541376,good
29.64,0.018237652502178167,-0.012706856600475158,0.007133313578513124,1.0814807200157261,0.014857833011715671,1.7648245302036663,0.8320752525025751,good
29.66,0.019662595743303552,-0.019166730742528757,-0.02041035934831598,1.15701780389263,0.01613951668546114,1.8472420834402958,0.8382018594737396,good
29.68,0.03945786645345007,-0.02934152896752642,-0.00533258318181889,1.181447642355548,0.01747034044292993,1.8468138547998765,0.8920240114008121,good
29.7,0.03488997502784989,0.011851293809737018,-0.005806608281934685,1.2771104336547034,0.0220546524682395,1.6673025779358188,0.9051288509487284,good
29.72,0.019172967587548804,-0.015429037769558712,0.003997088731025938,1.204812474806105,0.005037759858613013,1.8569815145108968,1.0207767759071036,good
29.74,0.030291809251168204,0.021419912655524165,0.00430293992106667,1.096827958839489,0.008799854793477982,1.776048689033241,0.8374517395215998,good
29.76,0.03609548333031915,0.020949368832773044,0.012996137706241707,1.2169674868359932,0.03042469787266887,1.7553477643235071,0.931144715769597,good
29.78,0.038486296952430825,0.0025644394910197535,-0.003994976278325576,1.1571198653842858,0.023628540729063927,1.7807114664848207,0.9099759819884721,good
29.8,0.028877505461736994,-0.017122655090304254,-0.024323001613017526,1.3029263177622032,0.0,1.8120420524389595,0.936842225166418,good
29.82,0.05402304471622487,-0.002909729916643491,0.01289574334319557,1.2152448295433635,0.020552644380634286,1.7953327733469422,0.9407958977592098,good
29.84,0.022945196191127996,0.014560485096821731,0.00793861214471512,1.1438642866463922,0.021496943286142715,1.8774942792893987,0.9356723271219212,good
29.86,0.04272535226006312,0.009963253092822881,-0.0037969282943619044,1.1551442521234778,0.015398995183730856,1.917758303551181,0.9206936662671392,good
29.88,0.005990380345379601,-0.01122219682749029,-0.015067918911594381,1.2512348618763132,0.021499822334590503,1.7610884841203402,0.9014005012094387,good
29.9,0.0034045686112002924,0.015061000605551378,-0.021486643501344074,1.2443235741821266,0.02301680865900405,1.7999687348533997,0.8428108978823763,good
29.92,-0.004667571006078478,0.0006734257366704611,-0.0037613596657197572,1.1708432516624332,0.03249277665172941,1.8619809706658614,0.8750014030266777,good
29.94,0.010631280712136065,-0.02828488863084182,0.015399222100755335,1.2610561049633573,0.01772753184569353,1.8328349448085963,0.9072442781207354,good
29.96,0.018477832159689404,-0.004691737098434905,0.0038006064598760966,1.321844513061163,0.006830078552045095,1.7615160123660147,0.8796948737342121,good
29.98,0.03525973451444129,0.0036938514230885544,0.010595276652452017,1.2850346922018399,0.036608035566570975,1.8024833125794781,0.8675434812480304,good
30.0,0.035019481926093166,-0.0005084509533288267,-0.009603868242705808,1.167421617870164,0.028009128991319663,1.7545294687508284,0.8700272498907227,good
30.02,0.037699480961924485,0.029489255044336884,-0.017816209581739673,1.200678338609773,0.020164244163012518,1.799973429664974,0.8926773045812417,good
30.04,0.023458451581705668,-0.0005726606030648961,0.008837389718323325,1.1536969938171642,0.009002189628983633,1.8691413003273658,0.8415240153004071,good
30.06,0.033877063010497546,0.003952562415872392,-0.005414230780529183,1.2018619013711591,0.012476190714403299,1.7282232888427658,0.9195741549861584,good
30.08,0.03548130753755562,0.003192001492867179,-0.012751851321538948,1.2285539919198745,0.03802555654762284,1.719712173289055,0.837193945878493,good
30.1,-0.004685581159939044,0.006819174056615317,-0.010226385276776297,1.1418834360606016,0.02705941339467554,1.8385926329918456,0.9047351288343433,good
30.12,0.03023018692453847,-0.0017996509760484704,0.005466548391725906,1.0930428648713515,0.04060238395014537,1.7253123231251135,0.9205413145679415,good
30.14,0.007565851017603688,-0.023558117027098063,-0.01033099672369941,1.1742843627339314,0.019398161930366805,1.7403468493906982,0.8393058732661824,good
30.16,0.014967984662815029,0.0007489374441206035,-0.011676676807441966,1.1974891904256955,0.012380855919354245,1.8363751171483866,0.8382446364921994,good
30.18,-0.002688519686662196,0.01357670331596066,-0.0015962834655979547,1.246320524145552,0.002403715950127186,1.7448753210772159,0.8648442852578037,good
30.2,0.03216229474733919,-0.010359529613911988,-0.010252282238114712,1.2334345976829857,0.030882574179843556,1.859178113079817,0.9472136695777584,good
30.22,0.02645192989495978,-0.012229587363728443,0.014360647969583822,1.156445694314694,0.035970363286061235,1.7226062486239968,0.9348802070175374,good
30.24,0.03267960978324729,-0.01025605389699004,-0.0049189970302641875,1.2013991011122438,0.016053297717371802,1.8434672250486184,0.9297525598167755,good
30.26,0.017368593930726463,0.02008379374332583,-0.0010491599125213686,1.2161888141818298,0.0106734150127954,1.8477019311792116,0.8735810398681622,good
30.28,0.02949159899209359,-3.1053452582856936e-05,0.030913483758634595,1.1725861756739888,0.03319838363761348,1.8352188619004284,0.9365881769186843,good
30.3,0.0078003814923284735,-0.008701237712413235,0.0016645238289669103,1.217788874903506,0.013820557551818827,1.7844185052004422,0.9426823053511871,good
30.32,0.014093302610630912,0.004574320724245914,0.015305289637752377,1.1785845802040391,0.02394229243324519,1.799889265587883,0.9974513399728331,good
30.34,0.01631237059346466,-0.009792991788495613,0.01796143564339989,1.2490047472771975,0.016410354573121434,1.915634173115289,0.9057443603194544,good
30.36,0.041168226361640296,-0.03085340393406473,0.0005450833786709036,1.2508067862260588,0.02387769062096409,1.8743152217214285,0.895123450440788,good
30.38,0.016179858276043225,-0.0035953568565582827,0.012075212329378582,1.2759649923811889,0.007038233359598366,1.817241964232214,0.8750739270210706,good
30.4,-0.00559797684823314,-0.0016283346626032864,-0.003321456472479875,1.170822856872952,0.021775223985768994,1.7966996324665816,0.8518127499302273,good
30.42,0.009110535843215903,-0.03597518255319999,0.003968491041920337,1.2031539274361662,0.016665431887089188,1.7096434851359898,0.8683250581155076,good
30.44,-0.029188430587196102,-0.007605370360514043,-0.0005544892693945297,1.29041937614461,0.020585467487886373,1.7851067512760512,0.8714146818289299,good
30.46,0.03833286905949287,0.012114408227793277,0.0016868725301834354,1.2749957001697276,0.03593296971098134,1.7868665999435107,0.8571545301834623,good
30.48,0.0015354270103894536,-0.03633813556325486,-0.012103634658502296,1.242863986165783,0.027307400270548753,1.8427912408680363,0.8954226310573571,good
30.5,0.014820958431489957,-0.0011902448922746559,0.023724688355590762,1.1903689238926773,0.03974104226082799,1.8579297944907989,0.8847282247940486,good
30.52,0.03326363233888556,0.0031566458542889703,0.008154445435821087,1.2231205309310489,0.02904660062618771,1.6983784867052596,0.8332917784580601,good
30.54,0.013165104232194318,0.013254974896552,-0.00919227206644989,1.219290638072456,0.0,1.8175705038960837,0.9605664600684878,good
30.56,0.04364351811824277,-0.013140034810995255,-0.005608806380161853,1.1642002076405231,0.033894587486460744,1.7555499154015524,0.9045738399539734,good
30.58,0.02530498763321041,0.022146916187859335,-0.004302260809546248,1.231803247781897,0.017036986544201913,1.7886752431824005,0.9687135277206939,good
30.6,0.01781251213852122,0.00913227543367548,0.020362270385532375,1.2276793449818337,0.01223106278951408,1.6350260610040843,0.84889755727622,good
30.62,0.03569878818941065,0.01492609454047915,0.024116379254360453,1.156593735320964,0.02790937270865089,1.9037363710783204,0.8344230034255159,good
30.64,0.014873875918132688,-0.01202517692778582,0.02594760772612181,1.2016304778934879,0.02967736661038501,1.817928784921933,0.9068713143087849,good
30.66,0.006771231950309274,0.004863817891664862,0.010767785090018982,1.2028233634535948,0.009400813562960757,1.785631985059225,0.8335643541974787,good
30.68,0.026553356940972373,-0.009114848030304042,-0.0016212279214466,1.136532968691172,0.0033603692309707583,1.7840531011742586,0.925228947114381,good
30.7,0.041644530284923306,-0.007669937675462617,0.0024965278445595526,1.1658443426766234,0.028137216504170677,1.7986788122368345,0.8541740331909496,good
30.72,0.03887820057145539,-0.008043881952657483,-0.003932790721304944,1.1850548164676729,0.004531769970958437,1.8005282486102474,0.9321327866288921,good
30.74,0.028567013516929942,0.008519970935979494,0.0029248808513942927,1.2107689168860674,0.030267638801044452,1.8538441197616498,0.826406298960332,good
30.76,0.04317569018830971,0.007903023776459947,0.03159524659417022,1.217976714861795,0.028638676202509074,1.7663108716636013,0.8762585307987396,good
30.78,0.04670409630276729,0.0033343932957702,0.02220461952873788,1.189225967248897,0.015010383638299504,1.8705800526197054,0.9262058576477176,good
30.8,0.033160948673271996,-0.015538759476606618,0.0013639290564353122,1.1694198920712804,0.03251159890874991,1.8738765937896837,0.9938738719020657,good
30.82,0.019324288908543912,-0.0005107162769647487,-0.0023883023151027214,1.205335378891028,0.02093837738974316,1.7390315923635724,0.9133533636364483,good
30.84,0.051997762876900944,0.020595437421998,0.016334713945359947,1.184388101810911,0.022761343255437595,1.7850916395831515,0.9605117809001011,good
30.86,0.04529781508264787,-0.02496191306600701,-0.01902811604705181,1.2207737909516425,0.02437613276442433,1.764780895686609,0.9084985698593224,good
30.88,0.01515120297566806,0.004679232960571151,0.013493646289056336,1.1825230820818746,0.022553102783860083,1.8749907991861772,0.9281501082469089,good
30.9,0.041592375922981234,-0.014305125993407147,0.006515334440614622,1.1673743866522823,0.0,1.8198396410355968,0.9375474383604658,good
30.92,0.04233606741748604,-0.009070160276343475,0.0037465173560537117,1.1549525979231303,0.041992726194381595,1.7830586485500208,0.9564981815970237,good
30.94,0.0207708384054023,-0.02521231074534837,0.01597868566085471,1.2311273049636384,0.028320517980749402,1.8551515388179594,0.9364525295454346,good
30.96,0.05964867349723838,-0.016459763384760705,0.011325438627311047,1.167247462776368,0.006639274259826746,1.793996697644521,1.0043265696798231,good
30.98,0.026062713119648088,0.008194646081804867,-0.010764430186440539,1.3130695550099254,0.01662747072974418,1.8939792987698805,0.8661520318081503,good
31.0,0.024917317590946533,0.0030471838724979747,0.009944116066965604,1.1963900384104655,0.0168441169585081,1.7404996379599056,0.9372258025546012,good
31.02,0.029398570062252143,0.013265558118051177,-0.015602575054644267,1.2083181302689985,0.01031936847922809,1.855360188159669,0.844730426297815,good
31.04,0.010719497076883562,0.004289341778515568,0.0032068787909678496,1.1703373089109932,0.021567927518286824,1.7150762850654044,0.8855441429614194,good
31.06,0.031320087499122816,0.003286736113777383,-0.015959155071350522,1.180769457195083,0.010312483974149798,1.7507132695108834,0.9992664038538728,good
31.08,0.008971876465643205,0.025404618644836584,0.03243571083976665,1.24319759611048,0.033552847301073385,1.758773705154935,0.9194759521748024,good
31.1,0.01601510655047853,0.004974083156405255,0.008172942034641141,1.144987604597742,0.026744917800946084,1.7599727836197328,0.9092420368471416,good
31.12,0.026533098218934067,0.014139219086885766,-0.030393207306964067,1.2131021524969658,0.013218075985043489,1.735433554101469,0.9269090436579347,good
31.14,0.042903752510882937,-0.00688910806838701,-0.025345508014573408,1.2622826386425074,0.02051327617406362,1.9103641328570238,0.8567101843150868,good
31.16,0.031036027157915876,-0.00028599864537787905,-0.005499375845535882,1.2137322681035565,0.01813535592605734,1.7804200625834616,0.9386449864249744,good
31.18,0.021799721564920715,0.01758110640820188,0.011948244782196447,1.1528032744019845,0.0068609694239226155,1.708242214742617,0.8795787461516271,good
31.2,0.03206674934970413,-0.00484948130528379,0.016914962175360614,1.1543928689411347,0.02250416372537856,1.7453836203303035,0.8942926078591142,good
31.22,0.030413864396800404,0.019559457659784237,-0.017903642585420525,1.2506986252339283,0.027361339369270335,1.822285848470969,0.9841736636335428,good
31.24,0.004969743769054689,-0.016899162464995583,-0.018197805662575575,1.2290587213703832,0.018305775066590247,1.8772956691488902,0.8744035235593632,good
31.26,0.012663696061958324,0.014096890714354443,0.01741801951503021,1.1888420552488823,0.01466003807016578,1.8341002889214941,0.9222337831485607,good
31.28,0.012962522886347704,0.01341630601163499,-0.005467877487821486,1.1710589468847827,0.011809918034693574,1.8315204446646673,0.9373728120710407,good
31.3,0.007661517025331415,0.0029022350208990333,-0.03865961830195671,1.2296631024681852,0.030332235438904148,1.8100567605142428,0.9583758497946013,good
31.32,0.006967458343314196,0.020549281445919828,0.0035851007515825387,1.242293743602803,0.01432875564182747,1.7353380633655353,0.8367840461672769,good
31.34,0.0446891177660018,0.023080174350314463,-0.0023893809645770766,1.1211708374114113,0.012920659262780741,1.8170276034437962,0.8267996771543363,good
31.36,0.0018545994779345743,0.004702592868058017,-0.012654036582282613,1.3039527162580105,0.027767983924534022,1.663940125234726,0.8708352874407992,good
31.38,0.04245245138149668,-0.012784722398825134,0.006302614676866814,1.1880057116821277,0.024593727030004408,1.7886099948839898,0.7864241143779545,good
31.4,0.04195273025360745,-0.004265665466956666,0.009629047404538616,1.3216352231823312,0.012963900867281448,1.8342905865424861,0.8702407925410192,good
31.42,0.027092045139341034,0.005625624585184405,0.001070954289572475,1.1978033461947455,0.012821139002377888,1.8043164994433238,0.9343915587834856,good
31.44,0.02714141755202697,0.029501575996343257,0.016386787756634436,1.1872714228718009,0.0039893646455237755,1.8377122745581187,0.9392612305725997,good
31.46,0.02144843007546528,-0.0027416472503528195,-0.0008849115215818291,1.2522782172599156,0.03725462586839069,1.844685976645198,0.9660480055676572,good
31.48,0.029044778741360296,0.013230275260768903,0.011941508845097024,1.2199243810295801,0.025514099981176715,1.8918939581179328,0.9271480634803888,good
31.5,0.014010258207481457,0.006095272914659544,0.019610677769872423,1.1557758663131605,0.029826618823700767,1.7660478645990427,0.792277724453976,good
31.52,0.014895328426903234,-0.0048200349304933785,-0.009278688830985154,1.1202770587744872,0.02643825855368289,1.830944283953568,0.890587826357552,good
31.54,0.011956436709122251,-0.02976416092056181,0.007323688716097896,1.253247431878944,0.031880179690291846,1.8198031801840002,0.8392099688552279,good
31.56,0.02435943174941816,0.02456701716163691,-0.0014704306638994873,1.194359519325828,0.02618054774324274,1.7671393898482275,0.8389751085081398,good
31.58,0.0016729410806676076,0.022189845031877646,0.03106149869921509,1.2879010219194937,0.01137909382795005,1.7648202145413228,0.9119533693078586,good
31.6,0.016183138804635126,-0.01217881706010176,-0.019557002067792935,1.1460262545825461,0.007050303719527971,1.7740868824650216,0.9069238635210938,good
31.62,0.00765514230971555,-0.01399048637750554,0.027308114773989117,1.1948564126519714,0.01970767518792733,1.8083576577033642,0.9222818098748553,good
31.64,0.026045487324588935,-0.008836441267317557,-0.014210568511389481,1.1520815634672936,0.01617412336795706,1.8052683804434488,0.9536478465561125,good
31.66,0.006740175276335198,0.0013298996667653715,0.0175009174558292,1.1810782510223852,0.01984789797454965,1.9202839302664996,0.9334204378338188,good
31.68,0.014379176452320569,-0.01841863863975642,0.014538482362605345,1.265486834502906,0.025974484631059176,1.8175557902679036,0.8942505379356663,good
31.7,0.01886138005734355,0.018024546360097597,0.00255203440477465,1.255343415017095,0.005469222269506642,1.882142206106146,0.951740864483487,good
31.72,0.010324676989795617,-0.0028497259587222583,-0.018823851130392817,1.1952002388745007,0.03812047030897045,1.805823514859924,0.8622688891129057,good
31.74,-0.0033069970601675115,0.03209239616377365,-0.022467120797004417,1.2089274765041547,0.010063805455669721,1.77967291004506,0.8759616235579135,good
31.76,0.011057096221209121,0.038490330002787655,-0.007285589887709173,1.2313224794262498,0.02543684191601032,1.8707984339009345,0.9261676516189195,good
31.78,0.021058632960402356,0.018356218496055378,0.0129350261610819,1.1911029170681224,0.01746374271165536,1.7070158662194213,0.9262984527827127,good
31.8,0.04550836781511469,-0.020854738249250913,0.0034473004558217128,1.1895567454206109,0.0007821917019853845,1.8610201926165257,0.8266796667602955,good
31.82,0.016195100636279096,0.015172338542651296,-0.004744784609750873,1.2833862922113577,0.011211832349471576,1.8547225449601443,0.8471174217614286,good
31.84,0.033422733369909356,0.011965265907512814,0.02543236577886269,1.148811003808597,0.005313957857221314,1.8369093429558472,0.8820663178532284,good
31.86,0.03544146632873559,-0.014605992553081515,0.005282270299211948,1.1613027828411782,0.015767060289698508,1.7923263384815156,0.9555522269515128,good
31.88,0.02694808265390355,-0.007635984987916747,-0.007126004779812201,1.1620620572448026,0.0337874919681098,1.7802112705634008,0.8901441819662024,good
31.9,0.01315293811935176,0.009261488847860164,0.005950412475201673,1.124990506454293,0.025208133680731968,1.8054230853023054,0.8684130428989887,good
31.92,-0.00033258351714493984,-0.0013687189900099118,-0.009112289997451626,1.1842534194557415,0.027304992742903267,1.815341135875298,0.8702391036178151,good
31.94,0.01945607877112996,-0.018593756590803527,0.020794011754247825,1.1590075737061594,0.03641300891191773,1.726978258677293,0.8054830255566067,good
31.96,0.01881166426544682,0.02287277619351529,-0.006343577681632862,1.162829763008861,0.02721396349543842,1.7754072267653545,0.932364395262762,good
31.98,0.0013529118377019504,0.007518497533439459,0.0019970348941573636,1.188686623253921,0.02998548379090233,1.8002987928127536,0.9289377941919514,good
32.0,0.02789019129233173,-0.016600730724714678,0.019618626173113152,1.2205008939434563,0.04029898390770216,1.7364577671976262,0.8818011659935713,good
32.02,0.014062660645632935,0.03416506343073178,0.01166044286475426,1.271046074856239,0.017647919968446578,1.813437907642941,0.9163460526547679,good
32.04,0.039323348545398484,-0.012569399837400979,-0.010060103422810955,1.2237083533004989,0.018654579154595317,1.7766394275391257,0.971349310903311,good
32.06,0.030236191713437496,-0.01845896553623746,-0.030415810195003872,1.3027346992000552,0.024486142195656126,1.8189778781753787,0.8424917754028318,good
32.08,0.022716453232858383,-0.0028985945628554935,-0.0019098274569240975,1.1840387471278144,0.04528540311886753,1.8005227957897818,0.9215450199797609,good
32.1,0.013695035315616803,0.029580703855284343,-0.0064731324263337464,1.1815647829860831,0.033167728932448313,1.819138476599912,0.9224611327617687,good
32.12,0.0073452610558404725,-0.010197806717640898,-0.01098306242160383,1.2514154821934698,0.028840883465053518,1.846329323071945,0.8994608903944966,good
32.14,0.015381949009623358,0.003568324382270708,-0.020905223198268805,1.2335150117976983,0.009499323854308047,1.8392638641711692,0.8911913569282307,good
32.16,0.029483313218144385,-0.011887257558107597,0.00018209390279282716,1.1395024338143713,0.013793196336240352,1.7479233656084605,0.9299162815925794,good
32.18,0.012700569967855492,-0.009628550443280906,-0.017277960101072614,1.3016801635767863,0.023592637375645438,1.7724077469228936,0.8675315661390932,good
32.2,0.026199795693497972,0.005208551750203147,-0.036048740499336616,1.1605228772377676,0.030557839581865982,1.7825090816195663,0.8600359404378154,good
32.22,0.04010060041180953,-0.03890870217360189,-0.022573361749172086,1.2130569722573725,0.032731691598875304,1.8274964896433898,0.9197107049577907,good
32.24,0.02654101805832583,0.004679207490255151,0.005688237878121863,1.2192498694391363,0.024009962773720916,1.7481605896151229,0.9766208943213461,good
32.26,0.00867036402903378,-0.002369616301584756,-0.003217461879385155,1.16779866179515,0.03273153348805315,1.7259340731804855,0.8375375163907431,good
32.28,0.02291588224517227,0.013893656223595022,0.025533305577704713,1.253780352042932,0.030464089684358417,1.8262019046103264,0.8868920377552743,good
32.3,0.037879852388288206,0.0022436279677090485,-0.0006437048455635032,1.1590415742334819,0.004357002390000659,1.7772666643863526,0.8539998433419214,good
32.32,0.03210345715504301,0.00933615159317797,-0.010276819608624978,1.1547123126220484,0.03575197068124056,1.7622878888762565,0.8219371543256169,good
32.34,0.019430331852299993,-0.007694935432264386,0.015122279630947125,1.185354882296622,0.0260323614598297,1.8423117502814088,0.918994240979297,good
32.36,0.0028629455381897887,-0.0040719976025606185,-0.004276326813391397,1.2706887677670025,0.025057662668249773,1.7988716102070574,0.8067197723186157,good
32.38,0.012948385319938634,0.03435860548643389,-0.006342258285789799,1.1393051266369414,0.022982434946415435,1.7977809477676616,0.8412659867835288,good
32.4,-0.018075688600812018,-0.0017961690826435843,0.023290542858436982,1.087214746367604,0.029441997672021658,1.6796847046887715,0.9195015007068237,good
32.42,0.020191208872847297,0.00840323155002574,-0.005615431168333722,1.1666759552146604,0.025615853128219346,1.7974951222690307,0.9097726892566125,good
32.44,-0.008031257478649174,-0.03182664565732646,0.0017865135939675147,1.2132148864750774,0.004644025046577422,1.6715023641527362,0.923058499098425,good
32.46,0.0214590212707125,0.0014034131660342652,-0.003486875251548119,1.21293613665979,0.019782474613210043,1.8351703652660316,0.8224066839741838,good
32.48,0.025401772379056265,-0.014462318559785988,-0.006234820454096339,1.3203172165597186,0.040623634446789056,1.7456952497223381,0.9249625696319497,good
32.5,0.011355719803933342,0.027589263875700473,0.036303479479067945,1.1932922904551553,0.01666776935445954,1.7171484582935626,0.9764490323452711,good
32.52,0.013259944559437868,0.015467068789777291,0.00019904804642682512,1.2585638416209843,0.037557974143126706,1.7787295952339408,0.9837221818739339,good
32.54,0.027076823718884747,0.007269128902750899,-0.01974490345316059,1.25386125009341,0.02085114801195154,1.8512070777400549,0.8556116533463678,good
32.56,0.006324987485513289,0.024959730314311285,-0.010579784067532749,1.1340998942546359,0.03860123511996763,1.9439246051071077,0.8163547655177071,good
32.58,0.01969556736451254,-0.0032680281824498305,-0.0013960430607413282,1.1689221933025191,0.00924718262708062,1.9226615960988669,0.9387121841471814,good
32.6,0.020818215128668438,0.03544171843165121,0.011502983743450346,1.1888207035870348,0.011851968044736112,1.774282081031174,0.8505655582687115,good
32.62,0.025094611811719212,0.017483798632270536,0.00819194952832158,1.1791551471999875,0.023118067474581994,1.8111993929960108,0.9242885000629915,good
32.64,0.016576985658398786,-0.009515878948262304,-0.00810366866014192,1.220515496562219,0.03498754445538274,1.7998089790813032,0.9840003816149817,good
32.66,0.0477011844539251,0.009873640102086726,0.007835974902406395,1.2506814598983336,0.010703620414059782,1.7407742716749148,0.8770857467748763,good
32.68,0.03581027407271015,-0.011139044302897378,-0.005837960149063529,1.2131486915062475,0.025078813750784724,1.8772241679878343,0.9212096333740207,good
32.7,0.05274586529272628,0.004236654601936607,-0.012272850438853114,1.2476800778654762,0.030228205733185784,1.6689430413222135,0.8554590248764301,good
32.72,0.010691058414975653,0.01113145363196202,-0.007006205953756683,1.27347113249815,0.022956675404538315,1.7928533278054424,0.9303207081301724,good
32.74,0.03470015145441618,0.018150960029197874,-0.017449185974631923,1.2198988110085816,0.015400863666519469,1.8841386544733845,0.8864269909686147,good
32.76,0.0362655585050251,-0.017251194734619148,-0.008035303572626855,1.1441070172324928,0.028127083686713048,1.7360167134297857,0.9193562165910931,good
32.78,0.040663145335169536,-0.017264260476237702,0.046580009280615224,1.2666407156211714,0.0299148330895646,1.8615096029369218,0.9401890119384998,good
32.8,0.0016058692746684176,-0.002381654503670202,-0.03018850500158331,1.2473323764166497,0.032109023600120856,1.7867263952926558,0.8324970769454786,good
32.82,0.01376635557725897,0.00863141107150621,-0.012586685996554242,1.190635058920557,0.026458465302005966,1.744171313821859,0.9585214473170676,good
32.84,0.021733407312020434,0.007779408988919682,-0.006507249656450095,1.1724939449882588,0.024170058705641758,1.768378411656558,0.9230838645165447,good
32.86,0.024247936719530322,-0.0003722502762305995,-0.000780660098876267,1.177794167308489,0.026304764539793288,1.7403377924777996,0.9381015749315974,good
32.88,0.021667711075728097,-0.012505842496459377,-0.008116210138331869,1.2289663404116424,0.02020125694752217,1.7857694106690718,0.873367262593458,good
32.9,0.024182090393408295,-0.0014336606108704577,-0.011855326824645643,1.186814303526701,0.01932791995557235,1.7897249382519762,0.8947002559484949,good
32.92,0.04845124584934741,0.01573740405163483,-0.025347457133896807,1.198435718069511,0.05075271794275936,1.7600312017044382,0.936065184680132,good
32.94,0.008286181996698526,-0.012296400111531828,0.010569035474882778,1.2153844705880659,0.002901671903790263,1.7770106024233439,0.9670643610274279,good
32.96,0.05113110421818915,0.03452396524656103,-0.008388820029049978,1.2202706473274543,0.04733467690911527,1.8453624377326283,0.9007532276850646,good
32.98,0.02767565328399438,0.006465997322205979,-0.00619587942232477,1.2482818820835049,0.01732215790833378,1.9140012335704406,0.9300817957790073,good
33.0,-0.0032866559093727944,-0.0007022917097938896,-0.003855429646565703,1.25064836993278,0.03085405051918942,1.9097881326191626,0.9162397952648964,good
33.02,0.03556081413094448,0.004528003299734379,0.0005450415094409159,1.1774911309014262,0.04088465126319583,1.710888651316055,0.9214537468047801,good
33.04,0.0364217940588715,-0.017362793205614485,0.009915902026775612,1.238024768632836,0.03385874440232344,1.784551737422546,0.9549366164726455,good
33.06,0.04351220625512125,-0.004856372936599782,0.0011686220403894169,1.2308669777129801,0.023407700583604477,1.8458670938767012,0.8718706366982477,good
33.08,0.030724819099117128,-0.013531073893973159,0.005912381592360085,1.144234977166753,0.025881627261802268,1.7565306364224544,0.9127352969552691,good
33.1,0.01755136530305001,0.033776333742468925,-0.007092246110202485,1.1955266601775683,0.02370909531814801,1.8416420514920506,0.8078108360189151,good
33.12,0.04435895932292872,-0.00820113070671289,-0.012820131718309985,1.2297834838385304,0.018438962675481473,1.8070543640541752,0.9724932180647989,good
33.14,0.023540279324603158,0.021788063798066592,0.01007399584252633,1.2817287309664793,0.0,1.7815649475577564,0.9840928148781413,good
33.16,0.030545046314760137,-0.014103160251862328,-0.021487429057244458,1.2039228011144858,0.011815491344731855,1.9005399421440317,0.9397220204174251,good
33.18,0.018088471744240036,0.010096064028310266,-0.0023646331729840946,1.2130222547522727,0.03672330027327581,1.761996166253666,0.9020945648605067,good
33.2,0.03960305512143825,0.023301645139637787,-0.009070198929917632,1.1831876678022273,0.017686855538824917,1.735012176775473,0.9585171791186509,good
33.22,0.0246552681808585,0.019274725404284467,0.020130372700994523,1.1889620331079247,0.011701529726304252,1.8153027518382154,0.832629911775247,good
33.24,0.022892495226083154,-0.020841551228594928,-0.0071252473862875336,1.2199993954046644,0.02137769764030375,1.8029474929702403,0.901036451879724,good
33.26,0.021889425052423906,-0.014560798054537456,-9.991712664467069e-05,1.1916350484807057,0.0072549586390545755,1.729237233745895,0.8957907672050154,good
33.28,-0.011246526450405863,0.01650880709802275,0.018335448951680402,1.243804544966273,0.012371435691089913,1.8755174182409438,0.955187959016603,good
33.3,0.030512571671143136,0.01869887560132981,-0.00043229302627838956,1.2354518420687608,0.03357062723349091,1.8433831531532427,0.8889058821694706,good
33.32,0.020411412682148734,-0.002620758940627131,0.012237092409862904,1.2134425155335513,0.01878505536121516,1.8394966495742435,0.8212157852239002,good
33.34,0.03909363570424685,0.002812286423665238,0.016994869042166655,1.213932723262313,0.020031207214866106,1.8621084128574386,0.8952603839899163,good
33.36,0.024052819652952168,0.013881710022483382,0.0046749235857382505,1.1623599174509147,0.036250809298935066,1.849524908918791,0.9079482105941646,good
33.38,0.03740607112725126,0.010980962724296089,-0.02758726292499768,1.1991570825157356,0.026048738619043874,1.7997472455937262,0.8449909874376678,good
33.4,0.05736688300152206,0.013792539335882096,-0.017659728824154546,1.1640239630640645,0.03687970618955726,1.8557302466919305,0.9034870898499288,good
33.42,0.014190167858901698,0.01232611115598322,0.01655717755313637,1.1157729668745937,0.02199139050222189,1.7922761485118361,0.8549629674522382,good
33.44,0.018272468923773266,0.0023984226019566385,-0.007087576966921164,1.1674215721851993,0.011028106275526169,1.8051917488714726,0.9637893220431576,good
33.46,0.027884096060975853,0.00448123976362483,0.008638285101650304,1.2510786441936046,0.025551757986476537,1.8538472708423466,0.8920873346003948,good
33.48,0.060661474615510955,-0.020110942418234412,-0.021064286784834345,1.239623373259651,0.012268317767244748,1.8423244640435676,0.8866494680457422,good
33.5,0.026352811479595072,-0.023274482647431035,0.005899912950825756,1.1822951710159346,0.0,1.9425667056384672,0.9424873497538371,good
33.52,0.010177859824974472,-0.01102387266971227,-0.00031936795983453876,1.3384334035955652,0.008241106245116269,1.7182643508592197,0.950001998490748,good
33.54,0.038736886686117696,-0.0009012578345698065,-0.02330451087237891,1.2577057929396078,0.026530982673046488,1.7745037120983997,0.945026404033212,good
33.56,0.019267474902620423,0.003660998791516503,0.010885188047885134,1.2546151843157074,0.00783799587537797,1.7343243657895422,0.7405636847477459,good
33.58,0.03264908361801707,0.018429284329390082,-0.01035701056006454,1.1246762559424457,0.029514156138622627,1.8444137383841464,0.8976584166646452,good
33.6,0.0024720362971003274,-0.019034432376869265,-0.020345147882616717,1.2220933978658877,0.016998806406403867,1.8195066255407786,0.8957193952958734,good
33.62,0.016085956191835026,0.014292833175727644,-0.0038651857250887704,1.3054010494972015,0.012126634994275855,1.838475005626149,0.9384736823735861,good
33.64,0.018881457830634437,0.019616836952933057,0.009443890777503206,1.192072566421989,0.03467775832673857,1.7566576734076513,0.9211236590633531,good
33.66,0.0191182855697273,0.003468913946171597,-0.010032281945288915,1.114338458569486,0.018516770598324923,1.7924420853741134,0.8416964063734126,good
33.68,0.026362199160869088,-0.00715420899784032,0.007361174725635425,1.1919385298937168,0.011191477528586319,1.8037179031797959,0.9016082981223748,good
33.7,0.012468340910969057,0.0013359702807625834,0.008470557905717095,1.1896515028343926,0.009128021559586997,1.8318142629213352,0.8934662699515973,good
33.72,0.009363680405760782,0.0038732155802574915,-0.0012280697128295762,1.1652016040164115,0.020878385709215404,1.7892850799724813,0.9247726474429152,good
33.74,0.02635954671303311,0.007411662165534222,0.007742442715571285,1.1926731633116,0.009928695581701555,1.8327624266580658,0.8492053348290156,good
33.76,0.028889395438460395,0.000662548684695985,0.0026617989267742814,1.1721768073259355,0.019687871767689238,1.7696787090078494,0.8714774190497488,good
33.78,-0.004974603495603663,-0.008024786173276203,-0.02174518011076385,1.249048710684206,0.019867123188704032,1.7640869083087365,0.9201338837846385,good
33.8,0.015093453428988513,-0.0005980753879455649,-0.023744059533973995,1.1328101742281937,0.0208292477232663,1.8807452107618394,0.9967013057252784,good
33.82,-0.003104542103801784,0.005050853102120316,0.0077451362871342215,1.2202068446140641,0.03471203883901302,1.7769982289883781,0.9706990281770886,good
33.84,0.023909324553384813,0.0013352149863448874,-0.012838279107698565,1.302204482549273,0.030005227871960086,1.8785234048912207,0.8942005012049475,good
33.86,0.02666552042025945,-0.0176208957007145,-0.015350605401931321,1.2772398736810175,0.013358443072612853,1.8380464831692478,0.8387515397616679,good
33.88,0.020961455221180255,0.01839228192337011,-0.0010845162935647355,1.1947647309263825,0.037137491872905964,1.790797160375182,0.928479258716894,good
33.9,-0.0006862644627188852,-0.004217523229339941,0.004883988102458162,1.3164689385180657,0.017993380051341414,1.8078504947042369,0.8636829093578792,good
33.92,0.0425951935950901,0.0003945382670856414,0.009203993364685036,1.2199933921913364,0.015941612065516513,1.7995794971522032,0.8468986463070437,good
33.94,0.03833261206157617,0.008801684983628483,-0.004905060047916104,1.1644288881727574,0.006178874754033135,1.8264219029377369,0.8718000351354546,good
33.96,0.03822147104898808,0.005156233637253535,0.012376745286547782,1.156215524127627,0.008670596568381355,1.8470249273277677,0.9020218407393477,good
33.98,0.017653362508177988,0.02188862271241115,-0.011847023087317488,1.2056244497586295,0.021719991726658314,1.8709414638898652,0.8819911140399281,good
34.0,0.02594307747859313,0.005557856201568812,0.03560623660387512,1.0776289991629262,0.02026072056193963,1.770798048043726,0.8862051538876757,good
34.02,-0.0004254312634992113,-0.004931379403261776,-0.005919890965670754,1.2077602798355624,0.025734002464867733,1.7258973195711647,0.9683006653668434,good
34.04,0.0003627963361228384,-0.007346185995753161,0.0007954720904274876,1.1941433513111657,0.02019289151524658,1.7280990863030115,0.9072829381655031,good
34.06,0.052422740683897164,-0.025988351714791268,0.007715334507435688,1.226978350596334,0.013892880025741693,1.805131354597926,0.9156939680439151,good
34.08,0.007984418814726888,-0.006884168948712571,-0.013503735130750852,1.2288422496529579,0.037716589726149996,1.7390762679536838,0.9125890351494532,good
34.1,-0.0007594279825267139,-0.0017915411408202366,0.019830320455867165,1.2062217218385964,0.031552345549967484,1.8425897206337944,0.944755657779532,good
34.12,0.018090023565608508,-0.01032063621098851,0.004830117344061008,1.2853163424277927,0.01460853505140913,1.7667856703494227,0.9410618011594667,good
34.14,-0.00042589492752685226,0.02022274015255493,0.004663284484497679,1.2300445447634738,0.007735435821477395,1.7790881634171893,0.9182710342290895,good
34.16,0.0627954596122905,-0.0026910827730799334,-0.005398922623711295,1.2321067361307065,0.01777347915023984,1.7820442559484635,0.8556303822056154,good
34.18,0.02938998320614391,0.03356974660064161,0.012991933108393389,1.1946530051140427,0.022151071848813098,1.8018512153052206,0.8566196709797298,good
34.2,0.015898004959059027,0.010142468531448474,0.014235409043207177,1.1600396278726273,0.025373425822787066,1.848822361815249,1.0138680257119974,good
34.22,0.005992914752549619,-0.005161589220689948,-0.017530485349140257,1.194100801910704,0.022529336425191462,1.8089711919962659,0.9544535523147395,good
34.24,0.028693611959518174,-0.002812013555802518,0.028123929881799677,1.1131475796651253,0.019721552983217244,1.7682051574377586,0.9730798826768403,good
34.26,0.011131174252072511,-0.00957958411717173,0.004603617352462132,1.1647190642950678,0.036213935093354674,1.7541655954597417,0.9303733033526208,good
34.28,0.016408904988931723,-0.004369403938572061,-0.02705080566685529,1.2543291651544222,0.024665397209217083,1.8279023801621868,0.9369752457638242,good
34.3,0.023279434694824307,0.0053851527516531475,0.0038337933202335435,1.1731761471454727,0.026395523596599225,1.8372904021696521,0.9303537010770148,good
34.32,0.04593186069573821,0.0005252895414204706,0.009662010778413629,1.2312471267470604,0.017002631591603937,1.79972359583491,0.8001242414250351,good
34.34,0.03743203148521388,0.0184530532045893,0.006037497546614719,1.2480451625011078,0.01821915016339459,1.9321664170399293,0.8550093798865047,good
34.36,0.027653554125032852,-0.008632596664096508,0.02073763630756888,1.1578167918373081,0.008966313006800952,1.7265869872626562,0.9191910711664862,good
34.38,0.0015817765701763165,0.017806903224542155,-0.021434098587576993,1.1612285467291514,0.02729999255750254,1.7978524507269769,0.975182075284417,good
34.4,0.017526493068629738,-0.010389528639687257,-0.009501991908375954,1.240480157874321,0.02151422484129283,1.7826993056571283,0.9257348822998895,good
34.42,0.033980146151111716,0.005737822679413597,0.008726604250296869,1.2373765350245687,0.027955072448588483,1.8014039619092026,0.8249971925032044,good
34.44,0.0009208208416856161,-0.01739701692085302,0.003104768806062922,1.137897386733509,0.02372363910039541,1.7738463477386557,0.7992082703764745,good
34.46,0.028116715042944055,-0.014055410242178136,0.0069934538245327174,1.160525489894702,0.029479161947604,1.8333028358018912,1.0146077493082075,good
34.48,0.03118875198464345,-0.02378159161475217,-0.016217249544488367,1.1648246250115708,0.011073330406044518,1.8485875377429772,0.8648659379066164,good
34.5,0.020565893157546807,0.022662051460181323,-0.009486680689704015,1.2064519335525286,0.016865895595264996,1.7955212888761622,1.003509655378469,good
34.52,0.03163187608133512,-0.013790151976462406,0.010479366665212105,1.1673852006826175,0.036824936856620874,1.724586575321393,0.9146096751565987,good
34.54,0.038652801115320636,-0.020278684434410405,0.008181434947048571,1.1969914181827326,0.042450867839083264,1.7765089129859826,0.846956563737175,good
34.56,0.028659553280845722,-0.0019426183548336645,0.0022896689964678127,1.212991483474142,0.008311790166474337,1.7976989431318797,0.9266260785149558,good
34.58,0.003344482360421766,-0.013231147006444887,0.0032767228728882557,1.130076277345884,0.027583973813016582,1.765005666254116,1.0180545846604736,good
34.6,0.050242943031717,-0.008716610743722836,0.009083871572969577,1.2484370645836622,0.03923910288297733,1.663450167531435,0.828362555779174,good
34.62,0.03636874681766813,0.0060006808001280875,0.00033252778959669504,1.2657108420725809,0.019607272610921083,1.7173885169022303,0.9010177113119883,good
34.64,0.003763701688469403,-0.012202123195597884,-0.016093139865749197,1.1761741165020974,0.018360801778516733,1.8452492706001595,0.78398212178986,good
34.66,0.020934502770664123,0.012700705620217018,-0.017627964509660872,1.1657729262742769,0.018858537611902027,1.8087421481011856,0.8510958853372549,good
34.68,0.025004504481766245,0.0068358796417855635,0.03728856067874482,1.1945318243038978,0.015833915498073874,1.757393969331272,0.956910706725348,good
34.7,0.03768575865205135,0.019204615804969023,-0.01073607564601705,1.2279482361111163,0.02632466478442369,1.7146259437352718,0.8613789905079119,good
34.72,0.03034503223108376,0.0066842652547901985,-0.006260031312093143,1.1671196734462785,0.015373291111543539,1.8266172534960883,0.9056497864438342,good
34.74,0.019261274120627937,-0.007639951719402868,0.020153577413806013,1.2195148369355238,0.016098084251703407,1.7966752108599964,0.8739175188984707,good
34.76,0.011179905514551882,0.026887802652355002,0.0074734685482638705,1.179927874998721,0.029006317967459932,1.7540874354384923,0.900950771316772,good
34.78,0.020934448453519963,-0.0012557403047065785,-0.0028417522274412476,1.1841534623689207,0.008909415568711063,1.776527658672967,0.8935777850944941,good
34.8,0.028778424215157552,-0.007266318214162184,0.006012822473741795,1.1494399594461875,0.031417939550107785,1.841169707846728,0.9190829177910771,good
34.82,0.03642791613595901,-0.030272650939530354,0.0007165220901978223,1.1895896622165265,0.014052807963292484,1.8150798815228182,0.9533182548666466,good
34.84,0.02699136526649082,0.005786609660210034,0.019766136184030666,1.2546882594081756,0.028389723927638763,1.850508554756805,0.8157462763791434,good
34.86,0.03757975205953678,0.019164501072578406,-0.01437802162836128,1.1459164916108646,0.010409738934193606,1.7774807542212063,1.019689940548001,good
34.88,0.032687666964608196,-0.015310127189312732,-0.006266509156353095,1.121201430589283,0.027418119423307383,1.8700519599297933,0.8725333277196891,good
34.9,0.037655387498794796,0.007001588051704413,-0.008009670865224349,1.1686178131646094,0.013418230817404904,1.8145433387332985,0.9380059300825184,good
34.92,0.04186935117038605,-0.0007335351832555948,-0.01490198478067194,1.2380131493644504,0.022161752455761567,1.8755813428680508,0.9799236942581795,good
34.94,0.019639959867677134,0.01861513469922038,-0.010348296617630695,1.2426231762177018,0.02113611072672151,1.8004765958404798,0.8746858547289159,good
34.96,-0.005275789869708453,-0.010348315373964164,-0.002727387296496367,1.1766139522117618,0.006717870577466272,1.830070124300291,0.9383112353090741,good
34.98,0.04538531347345249,0.01660730583401261,-0.007621753887171073,1.1305860633975895,0.026973869213236794,1.7758894387472977,0.9214283638280054,good
35.0,0.009378762970174483,-0.017204837994077446,0.03095024315994875,1.182609543147998,0.03312136438131069,1.7435360549109948,0.9806998469325511,good
35.02,0.020142847422221374,0.004167234385947035,0.011650522081984728,1.122193599018582,0.02422178498421025,1.8277189746334703,0.8680030421370393,good
35.04,0.012151523795184237,-0.0006902107939382657,0.011456159467473536,1.1981248352757157,0.017187325086123813,1.8281071577430619,0.916302562748998,good
35.06,-0.007933717364660217,5.100140749142833e-06,0.0017082432938911511,1.1773288864549754,0.014950032801305448,1.7197442914505712,0.8783498859834242,good
35.08,0.02520399458557573,0.011741935598576125,-0.015650751779827537,1.2670950573099704,0.02749011736846546,1.8278315363754478,0.9371115708627169,good
35.1,0.03438131707705183,-0.0004446358583862643,-0.00820530317416678,1.1638714525771008,0.012522840538996969,1.7397068826593147,0.9245729521618383,good
35.12,0.006430168720029211,-0.015865086319080398,-0.014126567089395038,1.231344331884311,0.012310252715103902,1.7192125522264967,0.8664868027764039,good
35.14,0.028183863464189884,-0.02129723407186988,-0.012047544865846327,1.2232140086319871,0.01229866732217476,1.7400421943478446,0.8996709972287605,good
35.16,0.01748719132634402,0.016509945949137756,0.003442797133509331,1.1849898078712884,0.015602696564733374,1.7774478751920217,0.9025306690341138,good
35.18,0.011239939853310468,0.014319684829542894,0.019822172778659358,1.120850519978192,0.02529553931730649,1.795543712099485,0.8773245137435606,good
35.2,0.026467252072642913,-0.003910636414056022,-0.008752301898262371,1.2904568981433642,0.017474773516621356,1.9069098073945865,0.9228299284966159,good
35.22,0.030475195125442372,-0.0022209605009644545,0.021307056920069716,1.2510215566553986,0.009597946706462879,1.858024540749056,0.8934941327030728,good
35.24,0.018034116334904825,-0.011966025022370664,0.013925732314032758,1.166179678386295,0.019588977302611176,1.8500413857893716,0.8629268639368378,good
35.26,0.022828371744484766,-0.007182994861482786,-0.033990401693567554,1.2141326670972554,0.010801999032283727,1.7139496834024155,0.9707855223043245,good
35.28,0.02708906556763023,0.0060733560436765826,0.001001801683552082,1.1374264416326771,0.024026231770912298,1.6827279404964892,0.9305381011751062,good
35.3,0.012660197543968106,0.0075710415708769244,-0.007307283800527844,1.2180462013379407,0.023678969246885243,1.7731001154829569,0.9543297955007416,good
35.32,0.05122223756421218,0.009831986202490825,0.004798405600023888,1.1416756154976684,0.00591937874192794,1.818826618397541,0.8111454118993334,good
35.34,0.018802261508834073,-0.024750811573078672,-1.7870205024337338e-05,1.2027357993115027,0.012766413181253987,1.8503849161860109,0.8820896188334434,good
35.36,0.030146444050417772,0.022133790604057138,-0.011004757585317194,1.1239531784660362,0.03507868152957379,1.8651823151936422,0.8907764243425659,good
35.38,0.020774103842401144,0.010182933419767344,0.012435212780275397,1.169155478102576,0.011659740796218301,1.708613555132824,0.8188447136710829,good
35.4,0.05630421597758372,0.008440247378318397,-0.018961986010761038,1.1975848117101804,0.0,1.7293156104705043,0.8762504020830231,good
35.42,0.018538133208768282,0.00835278302111599,0.00010859214796176314,1.2916513747029104,0.006548829485462392,1.8394359637479598,0.9526400734267777,good
35.44,0.008878990717920384,0.012473561896110982,0.02815113532656122,1.2488932931227412,0.032692708439983814,1.7153197491289005,0.9101690615855595,good
35.46,0.02649623190046689,0.005094782719688526,0.02157728782779842,1.1914377923861696,0.024641714799128973,1.7608860737149292,0.8303094413199095,good
35.48,-0.010545147213398732,-0.002718977719644309,-0.008078964009017633,1.1912145346104712,0.024951168970187912,1.789627083410994,0.93617859114273,good
35.5,0.03704331805264184,-0.008929193961982681,-0.013350382825639391,1.1301511779987388,0.028217823882392377,1.84562751783896,1.0329638341865377,good
35.52,0.033609188382159906,0.0020576361935074473,-0.005772035020192127,1.1606502925797229,0.02048119582615335,1.7318642650606266,0.8344725395675332,good
35.54,0.024706589826010837,0.011775537728693285,-0.015403169778433238,1.254827851359663,0.02183465225180913,1.8449292822407355,0.9350162421021402,good
35.56,0.03643741829691366,4.0032754357864266e-05,-0.010465913394592541,1.2340281359793122,0.019159719341808233,1.859239355941932,0.8951284983089641,good
35.58,0.03150355801942975,0.0061545357012530374,-0.0015975230981016269,1.1850397226798077,0.02272507359253626,1.8275987080894507,0.8843185987781165,good
35.6,0.033420513226444654,-0.0019943806580535197,-0.02291753818244101,1.2197171816133112,0.02608694017538683,1.744173078932664,0.9154790308954176,good
35.62,0.029456765584167318,-0.03117157893161971,0.0029296787527480616,1.1726371087591438,0.02611562375153059,1.9582687438628885,0.8514416526475218,good
35.64,0.03040175242093152,0.0015413608850329099,-0.00904467413098562,1.2066630200879298,0.01186863236430698,1.7821059689431478,0.9134867887501518,good
35.66,0.032423726944834926,7.935861006888783e-05,-0.00419510402372927,1.199112213367239,0.027585961315398547,1.7795131181474875,0.9280863308174023,good
35.68,0.029606976222498194,-0.0029899000175058507,0.0027609455192935894,1.2281497692156464,0.0285640807251756,1.8059520724748568,0.8936584292625216,good
35.7,0.017229321886030158,0.01499763953115943,-0.00019439247286300086,1.1251879200832264,0.018751494454005434,1.8078740097014194,0.9687303970164493,good
35.72,0.03864177367694352,-0.03409146197983382,-0.00911352176089187,1.26417152279231,0.00783357082617739,1.852469965424548,0.8891073851329566,good
35.74,0.005445963319641371,0.014266126767841046,0.013512008861316446,1.233382310127826,0.027381171726624232,1.7158335645080054,0.83519587738592,good
35.76,0.012351470158706352,0.009924482391654322,0.01164536624776484,1.1856557018814105,0.005140364037524013,1.8975992257939087,0.9304014756889679,good
35.78,0.027423114626726187,0.01514377713195139,0.009667758065210285,1.1766481365655965,0.009911712949231653,1.8074550682117603,0.897787292090291,good
35.8,0.016456929295165786,0.012516657028356646,-0.008723509598577513,1.2301378847915774,0.01757543519565935,1.7889686755918632,0.873183944778776,good
35.82,0.029524144330840416,-0.0011141813680804389,-0.0024320003541662,1.1682930280027373,0.027260187961930853,1.7223790460183408,0.8887480968441067,good
35.84,0.03368686601465015,-0.003420622127841641,-0.001491565169696277,1.1162101967090772,0.028169039534012827,1.803708016857061,0.8977997263358244,good
35.86,0.01561192890009455,0.0007061053072860422,0.011577271373917423,1.2184638003223798,0.0096737154886598,1.7916746992055308,0.9859938131230173,good
35.88,0.01848568091020442,-0.022451421558096964,0.0016449152761027147,1.2066460807223944,0.03847174296167128,1.848823460428908,0.8999671567126717,good
35.9,0.03434894739281803,-0.002380049895352999,-0.005591718454475678,1.228861387280526,0.03641424826582672,1.7905098588276203,0.8535982196667983,good
35.92,0.032232587631378096,0.010653063608514944,0.015035405926056504,1.3096102603844837,0.015354981060022093,1.8256184694844748,0.8285449469825268,good
35.94,0.017236452574810424,0.02278721256410748,-0.028325374020602163,1.2624380752419295,0.01742391390094018,1.8321737204844055,0.9397628564657283,good
35.96,0.036570866625314793,0.013259724937219036,-0.0014719215482698375,1.2216127648213742,0.028619786339138694,1.8088050626303491,0.9934397427016971,good
35.98,0.0240704215642433,0.011490275197704758,-0.0023742411464233912,1.2174130534479304,0.029869216860188962,1.7792144618220616,0.9169129295482045,good
36.0,0.031374690808111984,0.02567718870220085,-0.004964255658047952,1.2211961718704818,0.01800615592059519,1.8122091945998189,0.8765538885917589,good
36.02,0.03015591120963708,-0.007444750886961628,0.019823135600878904,1.1731308658379171,0.005168507714955179,1.8634165045552686,0.939551358300992,good
36.04,0.03385994887861092,0.0032493882518149823,0.016996346877062734,1.2079101985138903,0.01976686568388866,1.7518504283581773,0.8921136167433024,good
36.06,0.015623684658403776,0.003914834220059823,0.03876416604141745,1.1766823541680447,0.03578453806391292,1.835013282955762,0.7728955752756569,good
36.08,0.010308827817497,-0.033655691645241625,0.007188839338031674,1.1026263182518103,0.0072340000898492,1.8478107364230913,0.8564270962937328,good
36.1,0.026021394095776237,0.0027730383798362434,0.02337649804575765,1.250154456157349,0.012679669735740072,1.7766009201136541,0.8170619348464804,good
36.12,0.01374631647048442,-0.02396208323414464,0.009104665860407927,1.2637852402483012,0.02527555756702252,1.8008598775239204,0.9613525408303822,good
36.14,0.018197662457919456,0.00047730506214256185,0.005855914292813434,1.2167090282628243,0.021686716343315145,1.778746792136587,0.9357692171838653,good
36.16,0.0058281239214854645,0.037931074061340296,-0.0072586979408294176,1.2237613187844767,0.0,1.9104133336107556,0.9344007103372602,good
36.18,0.027275298727943,-0.0010638819686040692,0.006041498668934329,1.1836024136211893,0.023589677199093547,1.8208241827750398,0.9168309423459584,good
36.2,0.01798888482333785,0.005292902259343464,0.010229475351094034,1.1277893543299367,0.022808773365595128,1.804749105151047,0.9315274177135918,good
36.22,0.0029487836103986743,0.0046023841285283236,0.00618699510356474,1.2248839034192986,0.012444835587614674,1.739460414040924,0.9393862273301887,good
36.24,0.022925051010927497,-0.0011288067653061071,-0.01468052223091253,1.2248343908534967,0.022329016075077163,1.8136751947771659,0.894756930894122,good
36.26,0.03939015114067429,-0.01656236724875609,9.160514949658334e-05,1.151576566736147,0.022038267387434335,1.7362526297087846,0.9303762445432955,good
36.28,0.004536283678805623,0.010912244105800837,0.01129187424404553,1.1591101873916363,0.022431615318231436,1.8125082776612926,0.8940883864657178,good
36.3,0.010501287638717464,0.005387394841146424,-0.006921641103941985,1.1360893176325142,0.018853710986897237,1.797398241141238,1.0015168259333804,good
36.32,0.012713050793732195,0.00016665840509102605,-0.016584622302518413,1.2228804829816518,0.03523959238036212,1.805991258921832,0.8238005275770935,good
36.34,-0.0001479591419578438,-0.0034856086595985735,0.02373349854945643,1.2696313669295074,0.02491990097389286,1.7490797607249102,0.9633345944746303,good
36.36,0.023571457676716406,0.006717523919604541,0.049528682645027404,1.1428000770699802,0.03569191021519366,1.7946422882333106,0.9867855494407729,good
36.38,0.018651686551397276,0.013906458232853934,-0.023112494227366963,1.1852518415474267,0.014189122633517211,1.753640096602999,0.9910697940497143,good
36.4,0.0026615358035531824,0.02037359719075264,-0.0027208972986571336,1.1307484370823349,0.0321937759872278,1.8786624455203826,0.8187978478371358,good
36.42,0.04293785858057473,-0.03228998030350615,0.0023947777137474356,1.2483398475977572,0.010670161336177913,1.6833566176175223,0.8867321734631343,good
36.44,-0.0022188345816882495,0.017661194527610523,-0.005230309404183453,1.2088921480645358,0.01710336414883399,1.8103549705778088,0.9037726752718915,good
36.46,0.029755814121000517,0.012847262620639307,-0.010371064455995387,1.2100805951933657,0.039075902211173366,1.8869666421438631,0.889132265418573,good
36.48,0.020072209950865894,-0.020704779545858188,-0.017161833717230603,1.1544548013921836,0.010927222837705275,1.7358068540907146,0.9731558288279871,good
36.5,0.05697503723824267,-0.006102782234363266,-0.022579186758103865,1.158070519179757,0.0052806411107961145,1.7929844951788718,0.9445344320651516,good
36.52,0.015051279534669984,0.024509330111485577,0.004508063178970746,1.1732250342245674,0.0002569951727617835,1.8145994068724525,0.922327896203575,good
36.54,0.03712701284498425,-0.02826618596816716,0.012551998066170673,1.2624434355240692,0.025717487248442146,1.8072523363648176,0.9515450364960495,good
36.56,0.03390880980813294,0.00874768107679513,-0.002644109794275961,1.27195406087438,0.026292856016594125,1.858668080505666,0.909174656593039,good
36.58,0.026211306980349864,-0.00477992723948435,-0.012299731395831298,1.0844498440451293,0.032473314779417284,1.7355184985840864,0.9985965490296791,good
36.6,0.03311263163159248,-0.01090798923650614,-0.010423968346713478,1.264527805184641,0.01564545069329665,1.81572968360683,0.8628753226020025,good
36.62,0.04841258445803657,-0.005463389409676385,0.006262755418481941,1.188884235257496,0.029964079380832037,1.9026365343433944,0.8271031868551574,good
36.64,0.026719089903221256,0.015089177226714656,-0.002155171625404562,1.256704927688635,0.03228800849570075,1.7637214531934189,0.9608177915005442,good
36.66,0.028186055889658,0.010448424739776339,-0.007783045559926706,1.1305765345645897,0.01577313366840785,1.7607089919846008,0.9829479856051996,good
36.68,0.04943112879542696,0.01707283066581472,0.00705605997462202,1.2323027516555467,0.05018239225675015,1.768588547633348,0.9051908679467237,good
36.7,0.01571417483927958,0.011144498777064358,0.016085186448041064,1.1739619680508315,0.01565349823658997,1.7712924898344062,0.9260909795656349,good
36.72,0.029834653398445838,0.0017979418417425497,-0.011197382882372474,1.1605622057738216,0.031890352245671376,1.8727517390406907,0.9816570086485367,good
36.74,0.013943997602537117,-0.015195152209572307,-0.007582616585119744,1.1230080099443907,0.005513687987571524,1.81088986726278,0.8328130406731429,good
36.76,0.013368405498311363,-0.003757435421125275,0.03252689168856072,1.2117140992537265,0.028493729015418613,1.7799601617948315,0.8457185189204871,good
36.78,0.030841838037459556,0.0048943409984765944,-0.01977357558462957,1.2126062071717918,0.01780888392809824,1.8858269741824623,0.8918237157151889,good
36.8,0.04991589177787752,0.02019564936892176,0.0032691233794348985,1.1675282702440188,0.010888242794780834,1.784912478272648,0.9246164761011586,good
36.82,0.0025646240452087197,0.00671985354156404,-0.006630609442884476,1.2938721533889523,0.016864142343621824,1.8638166910982796,0.947842431389077,good
36.84,0.02012331100363595,-0.004215677438432765,-0.025090157496260476,1.2023215486873904,0.027031432026994096,1.7492335368870018,1.020232501571774,good
36.86,0.028967739971429967,-0.014082438356914112,0.023207563196919894,1.1741835393608364,0.007876503696406242,1.795405151514324,0.9200080431482888,good
36.88,0.024172693987326386,-0.015028143030300948,0.006739467791544089,1.2520507797087455,0.01690403050931295,1.8309478120411953,0.891698016826028,good
36.9,0.012003870913258653,-0.009041994046255726,-0.008598825741529136,1.1624814034573225,0.005325521311501654,1.8033842582013901,0.8236801839295067,good
36.92,0.0145710657901356,-0.008812023666524447,-0.027015175585459513,1.2254518708486637,0.006104744775776914,1.823828210049912,0.9542110594618262,good
36.94,0.037151315183628374,-0.0027923533912873905,-0.0009473746781383812,1.2661205916368985,0.007264968769769254,1.7831380167694109,0.9058569622489933,good
36.96,0.012006292204874749,-0.0004236059995993094,-0.016042429425688367,1.1588175077791085,0.015748093183920682,1.8510352304910977,0.8955932523416282,good
36.98,0.03304209538376344,-0.013731536834302038,0.004896814983819003,1.2091948623014654,0.00915681438371152,1.7468454226818062,0.9719136617474333,good
37.0,0.027616585875507554,-0.01416337792457895,-0.006295612150673981,1.1202348191021785,0.03181778248904871,1.8330352266471948,0.9478040725404417,good
37.02,0.013840761202807037,-0.01796859083816957,0.002775568577216607,1.1379033008212063,0.008323779994849798,1.7626429959564265,0.8844966254292894,good
37.04,0.021121635329503452,0.011512939719411173,0.007348029170845384,1.2030908956590238,0.033011307841160645,1.7554915869402348,0.8742650456712142,good
37.06,0.013686340528609188,0.00013291034035403776,0.004302315157392513,1.274470736388327,0.026006198438167254,1.8198567518718973,0.9296084646752556,good
37.08,0.03554933429255677,-0.007756231495493202,-0.010228314831041366,1.2352361538224919,0.015707135129808775,1.7635940792645646,0.8717057152903163,good
37.1,0.01948584964221399,0.018796826395508868,0.04161517322230694,1.2836995469706893,0.005710041655111747,1.8310355174354407,0.8940800369278039,good
37.12,0.006446730961293641,-0.016161793055138502,-0.015812489437361285,1.1749104079403763,0.02423340314112396,1.7801245560996626,0.9236687631004905,good
37.14,-0.0015716479832297574,-0.009829540756135282,0.010730782133436268,1.1565787794142748,0.016233063913275596,1.869061651901322,0.8345457531462191,good
37.16,0.02046267024180121,0.009279510978548238,0.006728801436516812,1.1901455796215752,0.03851099298966187,1.7398703575346939,0.8333934558848558,good
37.18,0.03122431064090051,0.023058618834228436,0.0027493027578756207,1.2557187692363598,0.019487722103271234,1.7829058845235306,0.8917591091671585,good
37.2,0.005308116209309901,0.03295270542857547,-0.011469664151173358,1.183407654036013,0.033266235912040386,1.7486233686464354,0.8988348207077128,good
37.22,0.012718698816495776,-0.006221171484514005,0.00637744150212731,1.0582367530399095,0.027261302329283928,1.8664322875916357,0.9252258856195604,good
37.24,0.013085455530529916,-0.00736117139318721,0.01355306451425883,1.1804429552413498,0.021943834951471345,1.8544447260233914,0.8726319144861755,good
37.26,0.03776501440658442,-0.004384915053648043,-0.0015394753679056124,1.2409977459190158,0.03039231487197247,1.8119190386487054,0.9821625617275511,good
37.28,0.03113465470910569,-0.010691941668044522,-0.01774671423489686,1.179736603187663,0.0023814869196475685,1.8553071644669943,0.8737036900269959,good
37.3,0.008887634581024444,-0.0004063148134403935,-0.028402149345685124,1.1884000107241304,0.03655788752465146,1.830516400262399,0.9978121206972544,good
37.32,0.04378808477619404,-0.006504386956645291,0.010492642861965341,1.2047475785271176,0.011796764661819503,1.7570803007322497,0.9244075715116047,good
37.34,0.028764428842877228,0.014208434268606822,-0.0014669343903654446,1.2627405350110237,0.028603382651661992,1.84944629011062,1.0006054324288298,good
37.36,0.03364529582480021,0.015819749455138577,-0.002547963192177438,1.1825324010083842,0.029643868710127173,1.7823665804895779,0.9335120844950617,good
37.38,-0.012079959551430503,-0.004734957166309086,-0.02726686767414895,1.1450377461946921,0.009291495839849897,1.8319219196913683,0.8862096337552894,good
37.4,0.02592400757944316,0.007914126353828387,0.005806926805770593,1.183725972525966,0.0015043960566396147,1.7677901718547269,0.885980044304174,good
37.42,0.027181905794400336,-0.03583786494728122,0.010644860843212684,1.2612046314651293,0.020564996067989717,1.7954744599141492,0.9632978314703539,good
37.44,0.020070309981399737,0.008302314222471258,-0.0010888530481139717,1.2386967136778506,0.020943298456612018,1.7634040065183194,0.8632431812598808,good
37.46,0.02046281507387841,-0.005199952243009923,-0.021521449801375638,1.2319681951112473,0.019869406805666755,1.8118614469190777,0.8483670287450018,good
37.48,0.017903354158579944,-0.013955562586954202,-0.004431893749267107,1.1999712604397532,0.0003889283049377801,1.7639950939184965,0.874912631236877,good
37.5,0.03226424858582422,0.008411745762910065,-0.016092291097308746,1.2882062665507554,0.0,1.789465785237115,0.838413070819998,good
37.52,0.010532408697155337,0.022754551535797578,-0.013761054403083147,1.251160421466726,0.014203522382397298,1.7417147108988453,0.7712668115683474,good
37.54,-0.008725624081052336,-0.024193064493724388,0.011669595332820158,1.1757085273737171,0.0180708146302576,1.759186825742241,0.9230810571319263,good
37.56,0.03526079276125632,0.015230967861914397,0.003337188671613425,1.24788667514726,0.029037396955787442,1.7284504262353624,0.8941957553968138,good
37.58,0.01654401823512816,-0.011120065882151234,0.011906415320519914,1.268222904584038,0.01906708936581398,1.8364295842610538,0.8845542509099577,good
37.6,0.01421113405607457,-0.002973399577204175,-0.00890830149131726,1.2315973980610917,0.014419767025804265,1.802927081178446,0.8706420817131154,good
37.62,0.030649073971144802,-0.021741576957055957,0.00327596642606473,1.204497907869486,0.016798871688787055,1.7185971336716628,0.8654769624084848,good
37.64,0.006950945684438507,0.0047889605088724686,0.013533474471287065,1.223045928882343,0.024675602307699423,1.7571265620017806,0.9675332397311118,good
37.66,0.026497797220037516,-0.018072232955344294,0.01508997695296745,1.2455254795235142,0.018764661520899794,1.781686098282377,0.9307040105283072,good
37.68,0.013810312052262774,0.009618698347592854,0.002308410457215003,1.1913752480948383,0.03041674493190718,1.7749624685502596,0.9093967144884493,good
37.7,0.023605571112143686,-0.02249847123111173,0.0020102172780527483,1.246323525947157,0.030024462976235566,1.838193922199943,0.9067608587955908,good
37.72,0.005296332610433762,-0.006559939118944681,-0.008568603058882455,1.1263861483462128,0.028692490261886902,1.750481515184843,0.9875512163653074,good
37.74,0.04844103814832744,-0.01050293272495701,0.004544823313989898,1.1937199650815902,0.032264618448345564,1.8227636260529514,0.8633173913716283,good
37.76,0.022366411442536982,-0.002965194208963387,0.011259904959842377,1.1898658043705024,0.023931553487066066,1.7106038326650095,0.9554193061714885,good
37.78,0.030394602928750746,-0.005148257923843672,-0.0052139197981260505,1.2244460192310558,0.03823838264201474,1.9020076273028672,0.9593928325319655,good
37.8,0.00524489497977687,0.023346815064552957,-0.01687307326548426,1.2103146296072755,0.021396474610752024,1.7590251588958215,0.8975114059873107,good
37.82,0.021053139164209412,0.008285648309739943,-0.010469295479547723,1.2546688578468885,0.02992442340113951,1.8010446694953515,0.9545046929569077,good
37.84,0.04869528416278792,-0.022184161203754122,-0.016105253663115392,1.193198277387164,0.035633404040059366,1.8077445573831141,0.8256631659448709,good
37.86,0.010623048691919311,-0.02520887366299618,0.010222699759474183,1.0779455528102697,0.03193307437255335,1.8221112734406149,0.9240383976014837,good
37.88,0.03728917794098937,-0.007799259197339314,-0.005445850871247864,1.2413165345647097,0.04159670852484404,1.7186514037460319,0.930470014381624,good
37.9,0.042276019744346575,-0.007453562885520601,0.0031670136670347506,1.19883295305624,0.025202299452157496,1.828201390904554,0.8296860765042855,good
37.92,0.04229644450317809,0.0224258592252931,0.006479528453879618,1.1825294232215704,0.01444634839583847,1.804505674003796,0.9162055344455619,good
37.94,0.031062172349744618,0.011043355006173908,0.010821003319028142,1.166573706378953,0.018126083427242777,1.8246394623753686,0.929424900485235,good
37.96,0.003637837911831577,0.006483910914563704,0.01437356865756694,1.2040153424378133,0.014371649117227308,1.8443986273798965,0.9136952347760383,good
37.98,0.015095567384459049,0.01045001409739767,-0.019224630275104335,1.2432106538505194,0.0,1.7966601762710035,0.9061642996521498,good
38.0,0.02172253056429616,0.006073570271498685,-0.00875758353954394,1.190642816157534,0.016930872056290118,1.7859147088831007,0.926994926945308,good
38.02,0.03626043114595446,-0.004512899721174235,0.009687912277246418,1.2278216679962837,0.01989777655735064,1.808926281316364,0.9188571661172634,good
38.04,0.04921509103588423,0.004221839388735536,0.005643593678095702,1.1923336169200858,0.019064125727885767,1.7838422954908708,0.9996201664088931,good
38.06,0.03503794188232239,0.005058009284285342,-0.000656075439307405,1.1106703105211846,0.02170334302417769,1.7841309129331886,0.8940691748340833,good
38.08,0.016930372071279138,0.0026641774369970737,-0.007205126127751694,1.2975087883398233,0.01696600142967627,1.8292924740964456,0.8550818306032725,good
38.1,0.019204005664140284,-0.010189940028439471,0.0189245176769618,1.2221755208940874,0.02126614565903353,1.831264502902182,0.912939579373818,good
38.12,0.023375106465433955,0.008149498439078407,-0.012008572651576564,1.2504940242428388,0.03318641507608813,1.8103832739063785,0.8463304874746762,good
38.14,0.027640045544704787,-0.0006509700188302685,-0.020085002454829522,1.206491223577001,0.021326272345750078,1.7737683462512057,0.8812533499889977,good
38.16,0.040666530873180694,0.018932999119226943,0.01611087425510208,1.218623932380259,0.017744529686870715,1.7718431077468753,1.0189294882434323,good
38.18,0.009627788672662105,-0.01707509677023598,0.010210651517643228,1.1795990472021567,0.035639140861863816,1.765044452665935,0.9466257174899019,good
38.2,0.05774999751396556,-0.008709596963765782,-0.025237574159777384,1.2541299304921334,0.034744812329461285,1.7789959576784498,0.8196337437740658,good
38.22,0.04102416693873527,0.0007360878369738286,0.018353900013343184,1.2124349645054162,0.021124595474103405,1.7797621840755256,0.8079682117090279,good
38.24,0.025601895055109996,-0.008451038233159675,-0.009453656486399545,1.2997895965304544,0.0038753128092182156,1.7224190546682963,0.9054967582255514,good
38.26,0.011348449503689774,0.009539245275016076,0.003957808126628665,1.3107748001045532,0.03318036914935146,1.8684311403797211,0.9149994776550051,good
38.28,0.012483083089549919,0.013707398381845641,-0.010008890430095048,1.2156599851103151,0.0174951972600764,1.7202100992707616,0.8111035285979533,good
38.3,0.0285215006462212,-0.02170780517713865,0.01756481961429887,1.092576322982881,0.0320805549914997,1.7728933290605053,0.9695461031752649,good
38.32,0.020326523789605578,0.004197084304666723,0.0027074478306966065,1.1842714125476683,0.018061764651650717,1.6418244947983738,0.8251107112425721,good
38.34,0.01674667218404631,-0.02416912775392924,0.03305092661743382,1.2444261682738782,0.02954161615168152,1.7351480249312892,0.8642809685236983,good
38.36,0.03286052142449059,0.0054967944274072625,-0.006060799954010216,1.1348974849047462,0.007459735719564715,1.7815076897617423,0.889218520207827,good
38.38,0.02350497613729534,-0.004774734457869272,-0.0015247323287358877,1.3337944290762518,0.015487004001963145,1.8010260485442933,0.9229025685479042,good
38.4,0.013479703831416662,-0.007457686127874356,0.0024888131283982463,1.2414677537196577,0.03424814967063973,1.7468849742283563,0.9172593544694074,good
38.42,0.043112686026894484,0.03370964185041504,-0.010605058411177632,1.1552417295267836,0.010469271042632343,1.8033268054962468,0.9339083675483458,good
38.44,0.04358450490503008,-0.02681390931967736,-0.0009249050420683726,1.1713841075934366,0.018373294519578264,1.852567384515489,0.8987417819559745,good
38.46,0.002718789243862251,-0.008599296204394577,0.018358940927014174,1.2394905354010703,0.0387748870475899,1.8551729959572099,0.8804724635902379,good
38.48,0.023053474143377817,-0.020312774853683487,0.016843359046075104,1.2486629524644712,0.015440882603960161,1.8649141038824821,0.8084103016322676,good
38.5,0.0403474487999138,-0.02932711537162504,-0.020992052703289552,1.1542360822743625,0.03465328136843892,1.8690311348316544,1.0285912246771511,good
38.52,0.035239484344776056,0.004726556978667907,0.021714192291948046,1.1884476127847652,0.014135147829468377,1.7977725812623848,1.0001099566450429,good
38.54,0.025337133286763094,-0.012127516134734282,-0.028367410056821626,1.1635103433115523,0.01855195424836929,1.8075099904671958,0.8783158598823535,good
38.56,0.042973662662934654,-0.010249102683170603,0.012849167801615373,1.176364188069562,0.011685080067390724,1.7830276911754295,0.8994051235583406,good
38.58,0.02108472389733503,-0.004690748429868828,-0.009611553992155637,1.144327408661729,0.019648125179583403,1.7241078935013945,0.9235026100250693,good
38.6,0.011534435111330945,0.007957107562502896,0.003866295225411309,1.125495515495487,0.004513766783653365,1.870813888604981,0.9111392663485266,good
38.62,0.03822029963371485,-0.006006776422490115,-0.011475471558551758,1.1987149055921262,0.03602894672999171,1.878979699058841,0.8647824382544146,good
38.64,0.029523027246826296,-0.0035100424404881357,0.002810532061832972,1.1675591197185582,0.02919573379523608,1.8167439467545585,0.9105957137267261,good
38.66,0.017962541993435107,0.0074764316137625,0.0038350443994406066,1.1564818958566931,0.01584188131910364,1.7565109893033968,0.8983904406839825,good
38.68,-0.0015834843170043976,0.0015268037389733066,-0.0089329877964108,1.2498747028077017,0.031241462325574367,1.7387847023095775,0.8292340879885365,good
38.7,0.049874220343842805,0.0022201127718230857,-0.0036371548434297675,1.1979303868756033,0.015022323962225328,1.8083318682110134,0.9338149166592571,good
38.72,0.010667293460219298,-0.005036451932917263,0.013915828514970559,1.1814960524168516,0.020929679402500678,1.8840799490742695,0.8718072387088233,good
38.74,0.02384402574065317,0.0038980863451376726,-0.0008722439758311457,1.1822448025153907,0.00868186890792294,1.795169359274501,0.8413580922782274,good
38.76,0.01015094770102554,0.003452043945979228,0.007951565646774962,1.2607180273317038,0.0040458569957903985,1.8297328535651285,0.9649860746696313,good
38.78,0.02221630407213235,0.012126953251866135,-0.019411599986662385,1.213392695131665,0.02397771477433901,1.791861274890441,0.9392020162620563,good
38.8,-0.00025638966400699494,0.005950058843167807,-0.0019734485856036806,1.1803866173642166,0.02383487731307517,1.803656359034838,0.8503524635559268,good
38.82,0.02604716894517961,0.005316298640622504,0.005250700543492317,1.1952399250553094,0.00850719605432981,1.8123833706167949,0.9282403730970388,good
38.84,0.031008147324827488,0.003544809022961238,0.01017207138970978,1.174692386513636,0.015490127509671471,1.7408069227259444,0.9065797679490347,good
38.86,0.037068583281045446,0.014599035537949443,0.028281331047611945,1.2151335006138777,0.03813044825851741,1.7643180619080627,0.9378431656206053,good
38.88,0.01149552775116552,-0.02803036642951304,-0.017337487665488524,1.2000289573621024,0.03412085643997234,1.7550903955639585,0.936350932929629,good
38.9,0.033441355806184715,0.0250710049738387,-0.0013492804741481056,1.1911548189201546,0.012056613801764817,1.7701865437577453,0.9769836636431563,good
38.92,0.03187561156023548,0.015319251840372852,0.024542923205548624,1.209777869745202,0.00799848407136986,1.7885705142542059,0.8872087292955799,good
38.94,0.029245599790223505,-0.0020864575673485253,-0.0030200063815290497,1.1968653324265754,0.006747138449481951,1.765968834787171,0.9208957749831044,good
38.96,0.02743621652337321,-0.0019963514670543678,-0.03470381704531361,1.1956272736673483,0.01844178241759111,1.8076881160859135,0.9194709717830737,good
38.98,0.003047801513784882,0.005850817231721098,0.002718158078544587,1.2135681515258538,0.02246757829407945,1.8239346915972048,0.8580327419445346,good
39.0,0.004536022140446841,0.0005998089085221371,-0.02321214349510841,1.3081365733555148,0.02070836064149249,1.7381003149041516,0.9587934505117722,good
39.02,0.033888349325321254,-0.0001687990681564897,0.0018157439200979792,1.2402220543821343,0.029994194164292297,1.7409962253728355,0.9348792039782253,good
39.04,0.0006889622980960749,0.020894227781108447,-0.002726728341381599,1.3586418268967153,0.0199590707738733,1.887436649350327,0.8852988749585582,good
39.06,0.0177428812722455,0.0007303805888974704,-0.017721494628498594,1.2508731420408505,0.021954063691779564,1.714959172267486,0.9724132037538475,good
39.08,0.01948700188800186,-0.0019587015069269954,0.009729433967553158,1.2452175736526394,0.011686906223903643,1.771080209616554,1.0088258088793023,good
39.1,0.03768748229768438,-5.5803289914851926e-05,0.012580667973200474,1.230990576598348,0.0004754989573145796,1.7448997308786323,0.9626368445507084,good
39.12,0.020117265391430588,-0.0033353104173052405,0.026416739068661273,1.2278131844490843,0.02431603649987198,1.7853315111167936,0.8638900371778933,good
39.14,0.015252115101148071,0.0034409600588413353,-0.01773878674669069,1.2899330611538198,0.015725453691069268,1.837356290689666,0.9726849846447256,good
39.16,0.03666102526893631,-0.006740527770968139,0.00753911293252812,1.2152873997127172,0.028970333904958137,1.7987306035515918,0.9133864131416665,good
39.18,0.03890184127111793,0.012128290099599325,-0.005172272539932,1.1827763773874467,0.017116687920336094,1.8025509882568351,0.853095817882565,good
39.2,0.03930338623733736,-0.025880615535855658,-0.013555533602798476,1.1872114279633459,0.019804300596393452,1.8080826931563558,0.8921462741704315,good
39.22,0.025845917204213822,-0.010982614249172023,-0.012447582878191853,1.193036609166138,0.032168452419934025,1.7565636301015424,0.9150058530934267,good
39.24,0.00564064012176459,0.014519224240417992,0.002585068005644288,1.1273771446230303,0.0,1.8401250612360067,0.9283298315300116,good
39.26,0.02248792545633788,-0.0023818414757817326,0.015528970752188204,1.150914451641655,0.012392289362276772,1.8511570582274566,1.0266072140776228,good
39.28,0.023799150557879123,0.005812957320960015,0.012106439792570476,1.2344244942048719,0.017772958621677333,1.7727696241010622,0.8650933913677262,good
39.3,0.035921224721686774,-0.01789810931494262,0.020958276162120218,1.1293903487786305,0.018044151844986218,1.890487502672059,0.9334773209058188,good
39.32,0.01342074725635381,-0.00790930409770205,0.008193242252475062,1.2152978260371674,0.011722946882668988,1.8003397694666134,0.9194912042561624,good
39.34,0.011007463873514263,-0.020789559861770487,0.007342852525265224,1.1790667608732577,0.03209810369665582,1.7884401528879499,0.9088833194153705,good
39.36,0.05085173274624346,-0.03488551208360911,0.002816271353637959,1.1961349137632538,0.030865789085580846,1.7463456168771412,0.8688708183937601,good
39.38,0.02088014582325906,-0.014407559133980485,0.003036370854776341,1.1995668686428353,0.0,1.790964336606757,0.911232910894181,good
39.4,0.027593720909125586,0.014144642722150482,0.0022216636159136335,1.2935316988180248,0.027949078182722235,1.8020360317842479,0.8847336020421546,good
39.42,0.030893958834261534,-0.01733404743106909,-0.029403909868038564,1.1708263922439555,0.02097252623890051,1.8186545805026315,1.0217044942591726,good
39.44,0.017391845442263566,0.010304145070163348,0.027045140354876505,1.189678983624608,0.02617481110521095,1.8736070843053216,0.9320998821286078,good
39.46,0.010935973972646645,-0.0019335696409921925,0.028667234503350104,1.1621518044760693,0.01100824548838802,1.7946624066701775,0.8746371280955514,good
39.48,0.024368407200783045,0.012037962751951138,-0.01559522438091335,1.2263260963318077,0.01163046800782679,1.8010586812633977,0.910330626818259,good
39.5,0.03577978521649522,-0.004841102769695321,-0.017978259588730908,1.1921688522187608,0.02515959019571643,1.8390449876281032,0.9375700660095345,good
39.52,0.027830964093144013,0.00022380715510840926,-0.0011445452959716693,1.2376678489609951,0.024373386623586825,1.789904647228578,0.8757798589496911,good
39.54,0.013675556383311893,0.01110167089576989,0.007182920395933093,1.2158482168807316,0.014191591685508986,1.8670591623140524,0.9162515211338361,good
39.56,0.03638233750434252,0.003169023258097209,0.013200113488085306,1.1796707222171399,0.028697182287019153,1.7510060677981856,0.9142208754434396,good
39.58,0.018571100190984412,-0.0014023651780549107,-0.0011157147547288806,1.201301630544072,0.03141860427482637,1.8392395799458172,0.9100489907480837,good
39.6,0.004049741623557566,-0.010292145387629716,-0.0394607249614301,1.111139824116535,0.0034485114058282716,1.7308782737976915,0.8867446287274999,good
39.62,0.01742459348032071,0.0024473692783029163,0.012553559524218025,1.2226956452684876,0.0003102387742863408,1.7781808871754667,0.8781100129202704,good
39.64,0.02094576247408833,-0.026172657969157225,-0.015535540023782074,1.251830941302208,0.013802087095707304,1.8008001389445631,0.9479097035745165,good
39.66,0.03927532441138717,-0.003990108845278925,0.011841858645998201,1.1269459899913765,0.04184380861530344,1.822371228305063,0.8980540086513993,good
39.68,0.03649920126754399,-0.006560680715708238,0.009487030211863067,1.2900571552545756,0.029324862402041213,1.8504852817925412,0.8529512712303986,good
39.7,0.004255950302479877,0.02189269471839611,0.00861564920281086,1.1705868710437395,0.021045261384266552,1.8913423458506045,0.8959956148620719,good
39.72,0.002912224727361635,0.021216527100809693,0.016819903706108086,1.2069456910883138,0.02087628313683106,1.7906265443463947,0.9153490818889465,good
39.74,0.027371302470494976,-0.010546646667564007,0.007452621675917884,1.271750161112376,0.01352714791814005,1.807488226151433,0.9023716744974114,good
39.76,0.018798984554073698,-0.0026860994806996363,0.015037312318714097,1.2676286745396474,0.019123030879936602,1.7743762892515473,0.9268684974683042,good
39.78,0.0009839915156846309,-0.03439398975607621,-0.009892942300428765,1.1769522138029185,0.01444568623066815,1.7917310179228314,0.9301739943026167,good
39.8,0.0357192534091037,0.021312063286003078,0.009124344407269232,1.2346371377663767,0.0256643526054218,1.7667613421004666,0.9681719529935222,good
39.82,0.03894635802430664,-0.011152003901689293,0.008044791216214276,1.1639207648910577,0.019174496702582998,1.8393617275288632,0.9334416153911125,good
39.84,0.026964298394051515,0.002141630212143693,-0.004604401889784205,1.3081158307066774,0.007891525307857368,1.881197149616503,0.8771393325086803,good
39.86,0.04516338716896061,0.005111409886119577,0.024402775101350176,1.1903973539047092,0.017417593000048817,1.8231146523971555,0.8657308100762489,good
39.88,0.01679724043745244,0.0022653017324879583,0.02284167726271058,1.2242088264055895,0.0,1.8022535332396388,0.8657926498664897,good
39.9,0.04493027680251275,0.009105444817689077,0.011118657785831522,1.1688705556082541,0.020206888515460177,1.7924440556010501,0.9954266381828113,good
39.92,0.03978746772188308,0.0015831225866110988,-0.002365734113828575,1.1394352664533827,0.01742607087000534,1.8465848361652746,0.957692172848188,good
39.94,0.038375416480628866,0.015624506915464735,-0.001706336302538899,1.1851372054086942,0.008866926878311492,1.7613790320871505,0.8894906621817233,good
39.96,0.01933167735267551,-0.020228828128439874,0.006785753273298605,1.264322584971749,0.01458432742235531,1.8107635207072539,0.8716093817724027,good
39.98,0.013409873074474284,-0.01143138080871278,0.014750372103128979,1.1955256606683313,0.02635748899835435,1.8505233496268416,0.9190350948391294,good
40.0,0.027926197048732112,-0.0006573827835559631,0.016830931185868196,1.2215918135747257,0.025415738250729118,1.762557273257488,0.840253324508342,good
40.02,0.01390519241154028,0.002249955418064082,0.023674601520602547,1.1599861599029628,0.011357485753568826,1.662303025165809,1.0006259775668336,good
40.04,-0.006056621991834122,0.009760790378448419,0.00028930173781922667,1.1605180543625335,0.01510517056309532,1.7896484154667194,0.9399807534702498,good
40.06,0.02255729817276998,0.04027556769992115,0.008002220700090537,1.1724149876231669,0.01848841303405701,1.7768149958983446,0.8445630307611498,good
40.08,0.034717729637572615,0.006440023090995584,0.00818557259618521,1.2141042510479287,0.01063479148156413,1.7922666572955184,0.8905718774817597,good
40.1,0.04253329931665493,-0.03862084613711082,-0.002572119862631513,1.2564061273678326,0.031177584295909354,1.7962127759239106,0.889282912604006,good
40.12,0.04020778361706148,-0.007588176597843157,0.006507721540729701,1.1437182626741638,0.018515746511598784,1.7770507641806996,0.8734890148853116,good
40.14,0.017816264579562358,0.016591717202738523,-0.009696318303049734,1.229340133682922,0.0008762609492027305,1.8213907409031025,1.0083900994952961,good
40.16,0.0166157740304431,0.0043996281500325455,0.007555215913429611,1.2141885170363291,0.01819830224959797,1.8027341887518118,0.9659252884497527,good
40.18,0.013083511148512033,0.00852102731886018,0.0007751373578882878,1.1904201399996976,0.022729242650264207,1.7863485432611426,0.9103528289816428,good
40.2,0.03303137420557443,0.005022217666865101,0.0132469914841613,1.213674434844081,0.01728931647795517,1.7844631870405028,0.9571180790181091,good
40.22,0.018063278137848637,0.0009129668596546423,-0.017061828630435625,1.1461356068332498,0.03003757900903296,1.7603464955558303,0.9325596939201699,good
40.24,0.02455871698419039,0.0077242410210859565,0.02368404055435942,1.2019063651634816,0.02075297778142719,1.8169617440980168,0.8364809350038233,good
40.26,0.00831641101798699,0.013148098608851501,-0.006265491115845298,1.202184527370567,0.017981812616790775,1.8192934308087743,0.9293373114320492,good
40.28,0.003131789079087329,-0.0023219586083228763,0.036581957056641246,1.1353225500838875,0.04058353232522405,1.776296644473731,0.8368345794314489,good
40.3,0.028150021106874357,-0.006488917493811112,0.006473314244905415,1.1806954213555827,0.012577389926110658,1.7433585053113596,0.8945341971670476,good
40.32,0.017677458282409218,-0.0011029750372294667,-0.011385900311721224,1.1516486798815597,0.01406713800430722,1.8500178856517038,0.9048510612935916,good
40.34,0.00969509681601866,0.009410237876568845,-0.009124429488579944,1.1440013410934782,0.021533438971742928,1.7436252069583367,0.9598041825948583,good
40.36,0.024388743290279638,-0.00492072164755163,-0.014582434352855276,1.2097455602406184,0.0069064129617214046,1.7512731975576403,0.9021296139794369,good
40.38,0.03388453061509091,0.033497538756736354,0.004347162482772547,1.244876871040348,0.00543976945948337,1.8950214941546921,0.9666797824874996,good
40.4,0.015456031542138258,-0.010879584014632158,0.025242307123598356,1.2313597367438844,0.02777257145721867,1.8337007271172734,0.8723902589917166,good
40.42,0.019951366514307914,0.018701603578669124,0.005950019026256047,1.227134707639841,0.01766103195833012,1.825665353880726,0.9231933171537952,good
40.44,0.003824089611518337,-0.006336362793310273,-0.0143440430806597,1.2347544531907322,0.0125091433815765,1.7945236175696886,0.9049937085642569,good
40.46,0.016949641627937703,0.013092188411339818,0.004618147719776338,1.1245172390383757,0.030172387358897684,1.8612941193728254,0.8908364508704182,good
40.48,0.025741577780734753,0.004335925153514667,-0.010739684894617865,1.142163380450218,0.01455023915449475,1.7084343028117424,0.9252952696879715,good
40.5,-0.021862994316715314,-0.028323322438899234,0.0021308241585156003,1.1682159832788463,0.016933158648486022,1.7015429369759625,0.9151540228100398,good
40.52,0.01815000587634958,0.0169711080547607,-0.003734642864749177,1.138989557793151,0.04455999727632938,1.7032198019187736,0.8621202525504575,good
40.54,0.011548196258934653,-0.01868003177898953,-0.009976397663992588,1.210477380765015,0.029372483272750407,1.773870404974908,1.0069734027064885,good
40.56,0.019148678142843312,-0.014528717056803777,-0.008469512449346637,1.239669048208315,0.013746862652520734,1.7758863270920242,0.9624664224653502,good
40.58,0.012778334406176038,0.02351686076891214,-0.012250217655807872,1.2091481237233852,0.018693268436113717,1.7833937327262643,0.8773445546584081,good
40.6,0.014518416665386294,-0.005520950310028215,-0.014927796295782884,1.2634632918428026,0.016627561586528655,1.741771049165673,0.9005933408530737,good
40.62,0.022695747594645415,0.0042571135462868516,-0.020163625742646258,1.204047824420612,0.030175767735078633,1.8161659342673024,0.9202136076969267,good
40.64,0.06857000186923808,0.0055699240961257605,-0.00662666731033171,1.2575603895690315,0.01164610501225108,1.810298834797685,0.8327040348929049,good
40.66,0.013904638990170496,-0.008092928738315096,0.010084492656575766,1.198419133499379,0.006108007449119015,1.7902666801798865,0.8401124430123856,good
40.68,0.02038361869221324,0.01788116334688819,-0.0060197256058771255,1.2293978306590274,0.004789819269568632,1.762752632267654,0.8215156735010877,good
40.7,0.017933238950134142,-0.013670363811875282,-0.021784786342612515,1.1548855937998637,0.02567456367646412,1.7525531388784474,0.8571793448630562,good
40.72,0.011444633111231145,0.021623009064930535,0.004238274231086349,1.1988255402161674,0.002378618800536008,1.8201120227447098,0.9646671021290601,good
40.74,0.02298122648647553,-0.002770021002898766,3.2612629465209305e-05,1.1585928732114872,0.0068864078000459746,1.7950855002368862,0.9261234049430005,good
40.76,0.023286402403950062,0.028963259005481103,-0.0017768740942517031,1.2183420750526774,0.03240542071342756,1.8495448926033864,0.8610224625745163,good
40.78,0.031814954458252075,-0.010709971887263026,-8.923061537070285e-05,1.1696200231821243,0.01956012751653247,1.8325684042295587,0.9462168968119211,good
40.8,0.01874907635029124,0.026301933004531663,-0.01830512541998182,1.193721363009921,0.006207969313105018,1.8568505953730674,0.9741298175367072,good
40.82,0.021656681297021845,-0.01405529321221006,0.017903971312737903,1.1676716830590435,0.04233710682569968,1.7695733395785238,0.8968573120570855,good
40.84,0.022779603927889514,-0.010099940824751854,-0.013936149327648072,1.1932886343353781,0.026178294272565232,1.8581688310350486,0.9059312691706186,good
40.86,0.02872541454426689,-0.029663825147544294,0.0002455149827912227,1.1579195993980635,0.025463783842782462,1.8592382288991331,0.9642130425110361,good
40.88,0.04632771552055105,-0.0007539542330568809,-0.017221222636064893,1.1965571887096327,0.016936552033205862,1.8120383833305058,0.9133173883304735,good
40.9,-0.0005069945918204543,0.004125439750419308,0.005691723370462015,1.2210979233738002,0.03417443032190751,1.7752636549358456,0.9518858099653486,good
40.92,-0.005987809422362964,0.0011347162876023335,0.012227358798742068,1.1395696426594113,0.009564865061603261,1.921405797542931,0.9380863911061665,good
40.94,0.008492745050944408,-0.013771504082014238,-0.003423547637331546,1.1646639889341812,0.034477409578141466,1.8439170939846883,0.8774992923837912,good
40.96,0.02374212976417725,-0.0038341706139489846,0.020848586711695136,1.215887655304006,0.02570460930038946,1.7643536652965122,0.9534288979137007,good
40.98,0.022182986696090295,-0.0021283235143270103,-0.01769141498905731,1.2598767952659093,0.0255699287829612,1.8262740051246564,0.8515382643079702,good
41.0,0.05466162455150838,-0.02150364648535118,0.01570071617389124,1.1956015659453418,0.004933930736378728,1.8237242824193673,0.971938406146491,good
41.02,0.03272544932029198,-0.010136537737083885,-0.005800272576402874,1.2174540215611849,0.0292368463920587,1.8944385278258222,0.9098038319366725,good
41.04,0.01857635362752965,0.012083675262676986,-0.0159828035117799,1.2063275386106245,0.006344154275401297,1.8183820793467196,0.8920180272872753,good
41.06,0.002433864181501907,0.00756654521374722,-0.006983316435501009,1.1463714470312305,0.026165330619638556,1.8566839539731865,0.9102839746744328,good
41.08,-0.008315659050687043,0.0036231144217894916,-0.027648954438111065,1.249953573078902,0.010552435020964238,1.8717824875193594,0.9304486370575981,good
41.1,0.010653972431359968,0.0031501270428495,-0.013623993505400351,1.1844691611680374,0.038102246550640484,1.7776228160525565,0.960850756348695,good
41.12,0.024301342163979493,-0.014905036579397516,0.0017079469308389336,1.2234853308576834,0.021596920149844483,1.8285576150291067,0.8869774329844887,good
41.14,0.006043390476791253,-0.007496919976493848,-0.0008724020378163597,1.1401594668954622,0.01729388896712499,1.7824175095055175,1.0186332182547475,good
41.16,0.057331815792002666,0.01771210311483163,0.023993306035536278,1.1303675221328189,0.022798052840115567,1.7759186669845366,0.8878203837409262,good
41.18,0.043557387573905544,0.010590846839880024,-0.019443742656604705,1.1716568315487041,0.027386640378911236,1.7937402407918455,0.964995069731802,good
41.2,0.03296131643081356,-0.01133079642617621,-0.009856621179215519,1.1511138394105305,0.01644676292121837,1.7534674453876824,0.9353971190730397,good
41.22,0.030403591755578996,0.0033552241691462725,-0.0164334974501587,1.1729553547427183,0.009806963030576342,1.7468668884330358,0.8429476808170336,good
41.24,0.024398750476149707,0.0041632573596924105,-0.003068791893033449,1.204143232218236,0.008909521085441977,1.800351778436219,0.8711400814457889,good
41.26,0.02767103956223888,0.023091047019984746,0.019199755973692608,1.1857617301111856,0.021680117146076646,1.76042266335123,0.8243676251752157,good
41.28,0.016719214971996157,-0.023873384848482518,-0.004093810888793008,1.2256467480575524,0.02084842306101625,1.6610665677242085,0.9057126465086615,good
41.3,0.01830965541171467,0.01119777364972368,-0.004970444142526622,1.1476061886221567,0.01268001997957842,1.9273621431625934,0.9465606786379815,good
41.32,0.027806473464742007,0.001979321738586424,0.024743605749423574,1.2143145341632309,0.016695421839078333,1.8534938259080926,1.0070313500008086,good
41.34,0.03454547288902962,-0.006554702261167455,0.004438968593598988,1.1341782692990334,0.030775987571878792,1.765758158584474,0.9192926915586296,good
41.36,0.014897901995487824,0.012061612726372194,0.002294518514909214,1.1707242541733827,0.024013708898129812,1.868418818668487,1.0157944720352554,good
41.38,0.027035127723125614,0.00360052414916661,0.02029682646857608,1.1335409247616972,0.017472389941846543,1.8162686879482506,0.9234417074883025,good
41.4,0.03947316498142403,0.03142741921713783,-0.013638393428150266,1.2136989690952222,0.007836708690127227,1.7954468353401534,0.819819535138113,good
41.42,0.020817840727655412,-0.015926153023785954,-0.007911935424935821,1.1478631665582515,0.02164271249577031,1.8244211963655195,0.922176608882666,good
41.44,0.03969875159927762,0.011241599759620607,0.028254379112741923,1.1324676647601648,0.007983651395007426,1.784915309569339,0.9415772858143919,good
41.46,0.016925662849443017,-0.007317272351867655,0.000942149604211804,1.1678988409985922,0.006027695249961645,1.7625700447419475,0.9196492956627262,good
41.48,0.03463024995863882,0.004594425479111145,-0.020901665037056812,1.2522249154726166,0.022950518251201583,1.851174278494763,0.9284293245411497,good
41.5,0.02644240437607447,0.00013903552384913066,0.021035864142532258,1.2511967791071186,0.025459436423113907,1.7773443204059198,0.9196061137607301,good
41.52,0.038729390333663065,0.011355919702138931,0.0027362506050675342,1.1702401634951751,0.029534728516369485,1.7417872851635532,0.8277507942445799,good
41.54,0.033764662355111094,-0.0027781196513741065,-0.017710948625578527,1.1169618392140643,0.021464551049698362,1.772285802739188,0.8644309769454419,good
41.56,0.03652106961638021,-0.01125464604458779,-0.016576353475410265,1.3241562455257805,0.02223048984322656,1.858831902384614,0.8700590029674468,good
41.58,0.030917461943997752,-0.01277030657719521,-0.0203339222181342,1.1994471404546954,0.018031601285261562,1.6944602357880987,0.8713383160144325,good
41.6,0.002610465124409571,-0.0005620760064638764,-0.00514741684464614,1.171505824894759,0.02235296029577997,1.8157086619314948,1.0181609162709024,good
41.62,0.024884887496681257,-0.0288828418752395,0.008258696669762408,1.21745832650819,0.02644405063413617,1.7997099217294703,0.9020011866754228,good
41.64,0.026196565170455002,0.007919870420776767,0.005063078017854067,1.2221082913609038,0.02839583510994667,1.807180822349493,0.8640188234064559,good
41.66,0.025519135808223257,-0.0172453500447792,0.01850980859749281,1.1838625820350894,0.02236528404657742,1.7742196082284376,0.9260887441058613,good
41.68,0.03153597763718298,-0.0040155536934765035,0.004414362886792016,1.2153832825902062,0.00879269015052534,1.911764464814413,0.8471308470254844,good
41.7,0.030521987193808192,-0.010968642957164605,-0.0029690403434949036,1.2040200254912141,0.0,1.7692338914327823,0.9037240200186405,good
41.72,0.023368264472838664,0.010058733419848363,-0.010075713108936606,1.1885587911310227,0.019034941259066317,1.7711739022143227,0.8874444388922883,good
41.74,0.00979978496789644,0.016117967022309616,0.02006544281962879,1.1430014162872382,0.013530418770023919,1.7663574269171771,0.7834997711803635,good
41.76,0.026196723422753455,-0.015592805957402414,0.014510670145055369,1.2106654104692627,0.026592041778750082,1.8346646885377413,0.8176853486822337,good
41.78,-0.0004601869111859907,-0.00707594630336559,-0.02424247294807826,1.2041730578171914,0.036959118676406784,1.7587583118847414,0.8470631201951049,good
41.8,0.03346467795496768,0.017671156223117112,-0.0023758227675374577,1.1944798827628664,0.023285195168356962,1.8236156694726637,0.9247852729096219,good
41.82,0.03860324052276031,-0.01922976855183447,0.005958342640410592,1.1889861764474559,0.029505417195011804,1.7597567335385766,0.8723580981272426,good
41.84,0.021343235484490297,0.008987740773579792,0.02859657836130262,1.1273633534805643,0.022427252862510953,1.7744139685463047,0.9555024020704985,good
41.86,0.024085525267970215,-0.019615003347952405,-0.002309277176122044,1.1390074681898956,0.015486898185015686,1.8064016668233307,0.92507980583042,good
41.88,0.0171091413997256,-0.022280398624154554,-0.018646809369434265,1.15211758928019,0.028995905595601223,1.8082370147417715,0.9464469379147754,good
41.9,0.053896346670956066,0.008839066841916108,-0.011573381516663294,1.1752698233704784,0.023912889391690447,1.8408645642355375,0.8653358527848669,good
41.92,0.015756066123565438,-0.025722212577689196,0.009154790597380388,1.2234664045700707,0.038744513347652124,1.8121393791666853,0.8483432970972481,good
41.94,0.04839250071334039,-0.007832678682105028,0.008725263883901511,1.2401981546097887,0.00797062768897004,1.7732781471012957,0.9004862422043548,good
41.96,0.029703905957050705,0.020635220090466963,-0.012363512713268986,1.289683092430438,0.025651288839931008,1.816815690314058,0.8997507492425753,good
41.98,0.023605262240464112,-0.004705708884193459,0.012141660655891073,1.2081190016056245,0.011417161376636767,1.7871186853930605,0.9463649511495473,good
42.0,0.023520227290167978,-0.02872211615385484,0.010915840612529277,1.0964569318599966,0.00739026724077632,1.8285792351247854,0.8751790859767775,good
42.02,0.028381246484997187,0.02906578643096192,-0.019970341227484745,1.2521429499141616,0.004174329159950217,1.7777497194803022,0.88072621345418,good
42.04,0.042107585187046964,-0.01031831969317335,-0.0016563278950598428,1.171963707535256,0.019486081537181132,1.8076506131214765,0.9820549726191135,good
42.06,0.024458574485540174,-0.014539176197411,0.022871573797681222,1.2060903313600484,0.0034522834873054534,1.7956826787586198,0.9977289374441677,good
42.08,0.026838232086509543,-0.012122938074782385,0.008485256181957083,1.1740527051389233,0.022397092904707684,1.8228803211051672,0.9439483588518979,good
42.1,0.018058618867009334,-0.0009480897366115959,0.029417368658673497,1.2059154893870325,0.019056707527125603,1.7924072991330138,0.9168557131873936,good
42.12,0.013130312856615506,0.005655205576947696,-0.01045577352095358,1.1843828693476737,0.013456931063582415,1.8048529093395953,0.9649176074445247,good
42.14,0.03212658792306849,0.005076671115520037,0.014979726800836982,1.259961107662869,0.015293611477075985,1.6925500935132207,0.817781793781063,good
42.16,0.01608083206756708,-0.032968946967954084,-0.007900027281779647,1.1477265485434467,0.015757819869808343,1.7695046398957408,0.8656355067875365,good
42.18,0.05081309608808252,0.019752192872424634,0.005625993466112406,1.2511670989037496,0.028769683127412373,1.808418702118018,0.9320906901813665,good
42.2,0.03485854468710324,0.01068745804808629,0.004405557815297787,1.1482636959007189,0.016717589411096516,1.8152683066679633,0.9697806184027993,good
42.22,0.027680670447866346,0.03905568494945286,-0.014575887227480922,1.1581285349547477,0.013697652687835423,1.7570669167823822,0.9466496138185186,good
42.24,0.027551722725758364,0.0030077887467550046,0.019717628554865016,1.2863992416394994,0.01089228465610915,1.7997765807550015,0.9168885688491163,good
42.26,0.024221303070821293,0.011243738707740746,-0.017652409533627535,1.2091842020005161,0.027344375074801454,1.845893470167121,0.8442894322731888,good
42.28,0.024651993700700297,-0.01170035415229883,-0.0009867666676570044,1.2231614063043124,0.01505585490622712,1.7343751139747272,0.8655841850988683,good
42.3,0.03435361531714079,0.004150548374560289,-0.0261249502244298,1.294074075593689,0.04334150086139746,1.794408849546118,0.8676391999069326,good
42.32,0.03166916536166623,-0.028021443364745168,-0.003956771530497067,1.236334091076426,0.03688059956100438,1.8356349195259694,0.95326226574402,good
42.34,0.04712419564176282,-0.025109808227315265,0.002945667792855404,1.2027825376399677,0.01342339486676444,1.775060974341986,0.9647431507976382,good
42.36,0.022163901307089874,0.003437689941620404,0.00814890906998481,1.1961577412276514,0.023063450547664465,1.7677893470410118,0.9513990643190972,good
42.38,0.012881926556514042,0.01201926316747906,-0.03619132001449978,1.1099688303627921,0.010160493680607346,1.8354355214263494,1.0026605390546894,good
42.4,0.00623192319199275,-0.020177937877877538,-0.007962884677097305,1.151192955610411,0.022065845043982395,1.8840535966590872,0.7632680474933196,good
42.42,0.0225272078379639,-0.002136938134446905,-0.01805283206636669,1.2237472792622193,0.012342416367472868,1.7379257851478478,0.9396335492955564,good
42.44,0.031051985660952925,0.009327658605166001,-0.015338296930290792,1.2423058971081533,0.021632786723728415,1.7959761621217005,0.8284555141320038,good
42.46,0.02734207989572145,0.01057024597440093,-0.011099780495615842,1.2300867692153112,0.010381018974033493,1.8297881224877732,0.9303277086878533,good
42.48,0.027339531467010725,0.011534407327876472,-0.01719335154909083,1.2269824887243939,0.0,1.8116892926284354,0.8361500008316223,good
42.5,0.01651767339685462,-0.022450141753075133,-0.0030254746924449293,1.3004390714128162,0.015709635758623504,1.7798276774804809,0.9226327106723248,good
42.52,-0.0016868123049644881,0.003862809410426941,-0.0026409577772338985,1.2379577172230125,0.021742786359869388,1.83275726561406,0.9721871887506468,good
42.54,0.03343784083592213,-0.003935004886429535,-0.018708787970431528,1.2007689666954886,0.008162194899929335,1.8301047874421255,0.8212619463976916,good
42.56,0.038970026313484764,-0.014096643704249926,-0.014236021774135936,1.2653590474065108,0.018143067091261032,1.8222617292638703,0.8839845898871102,good
42.58,0.02721714706186028,-0.03382600997011481,-0.008631902052284006,1.2158122348731155,0.012408865717863423,1.842843164346038,0.8849614313508246,good
42.6,0.014766410950654849,-0.024324815163575104,-0.008737337152023746,1.218771903991005,0.01776179953520618,1.8447965294490742,0.9949597440057026,good
42.62,0.002334258645853631,0.012065567350337217,0.00755690678495146,1.162126326402322,0.02357348289219735,1.7838776513028414,1.0079281429278573,good
42.64,0.004021822408185058,-0.006533847554432806,0.007523526361733472,1.3151920054634576,0.02535850117311904,1.809733272333039,0.9033840173629433,good
42.66,0.02987987432002807,0.016702855621743277,0.021234912374712898,1.204767883437809,0.023799742616967174,1.8607720275771351,0.963182976546568,good
42.68,0.008858933741384424,-0.011141876962687262,-0.011875936824177069,1.118341386367617,0.002603885329671273,1.735493386663444,0.878101947427278,good
42.7,0.020390232082671777,-0.005587238887750107,-0.019500760283163485,1.1755342757609526,0.005098436689813168,1.832130548840998,0.875250847233316,good
42.72,0.035746348193537086,0.017838055711888238,0.006750762353046768,1.2483709597277022,0.013982759343344836,1.7581676949390515,0.8633283431710216,good
42.74,-0.010560323779320077,-0.0004625279364399619,-0.008521625107626515,1.2415174071566262,0.009669040208698633,1.815529209294076,0.8763819731307365,good
42.76,-0.005451233098918196,0.012373779436365175,0.007237521256060774,1.141377784957783,0.013680486997725895,1.731024874658055,0.8767722443433351,good
42.78,0.01295362782087068,0.02030114116999759,0.009056853416927682,1.2304281690940366,0.024354734750003874,1.859268877500544,0.7951928419715032,good
42.8,0.03928469023351971,0.0008332812416363087,0.0027684959916124447,1.2050197001934007,0.008816963069535704,1.8043754053640249,0.9794389641082198,good
42.82,0.016644243483078133,0.00993191131862088,-0.010382404265169697,1.1664425155181746,0.01838137742232623,1.8764696601794641,0.7554399589368774,good
42.84,0.02301438860821153,0.0010969461016719475,-0.0031973946159294664,1.231385918742323,0.025372503603226994,1.810439930696551,0.8600128664386444,good
42.86,0.030477708818646906,0.012315063109770902,0.019697063316286165,1.1630599965471977,0.023185536227992895,1.806035140483088,0.8361369463001416,good
42.88,0.028900186498107855,-0.01026626502330611,-0.0024355856769492992,1.2934104155050055,0.016567940771780042,1.915459122702779,0.9133502822731535,good
42.9,0.03689615052179203,0.00013807062142214544,0.0030817840803919077,1.2371529700294985,0.01990356719207823,1.840612199274557,0.9310104771154595,good
42.92,0.017582379910832474,-0.01649650618614138,0.017837455989929762,1.1395409400229057,0.014253986121196296,1.7260876729043535,0.9256601712067882,good
42.94,0.005405317540752424,-0.01904686044559703,0.0030599645289507665,1.170755339422059,0.02210706937755071,1.688572699334347,0.8880833731674942,good
42.96,-1.9686133085459998e-05,-0.0012089708555153224,-0.01645153565146381,1.1940650889289286,0.008860433134152914,1.810020315761951,0.9185433496091586,good
42.98,0.0375206066775354,-0.004923530394053371,-0.03144892396367911,1.2201265029539785,0.01869307323804753,1.8164368801499302,0.8655868480320504,good
43.0,0.04565737859607452,-0.018937479483695844,0.006814701113166848,1.2526609155577206,0.01793501950445396,1.8155732955193522,0.857356743287903,good
43.02,0.012860541324917821,0.013458861577784859,0.0245494733660102,1.1220174396382883,0.020394746831499572,1.7810544685191956,0.9445916758190286,good
43.04,0.022801393950648244,0.03460711633090055,-0.006892651647644134,1.1786388758946549,0.02851468324197469,1.8008650168308251,0.8921070997112586,good
43.06,0.03134195503631438,0.0008048023010049419,0.0058579752684495955,1.2845159250101883,0.022872224748688077,1.8024854389297724,0.8893030856909627,good
43.08,0.01278618351300462,0.0024883905267743525,0.008680467670233552,1.2245553756196152,0.022086728814644806,1.7927764710043548,0.8429666901845937,good
43.1,-0.00016230354447522834,0.006216868978589086,0.017376905621629742,1.2302048650349198,0.027376572305998968,1.8262838178755474,0.9129803154052362,good
43.12,0.05348740637538433,0.019615812589697884,0.0021628483907326643,1.153286582399152,0.017016652815325092,1.807533432700159,0.8925100165092325,good
43.14,0.006336631057851553,0.01507914898486042,-0.0076276200518613346,1.1476841180350623,0.017907713091122546,1.784832335659908,0.9521953662969189,good
43.16,0.021556628270568787,0.007439901781215582,-0.003151093140135661,1.2446679108242584,0.00954843144764264,1.7999093360558547,0.9020549713934274,good
43.18,0.00800207472903222,0.031076569681283726,0.005859496279831151,1.1916814001414053,0.024423106504904216,1.7757498690619968,0.8306350340855786,good
43.2,0.023330648676728537,-0.004234401111152693,0.010075213025487282,1.194957046270132,0.01484996035975206,1.8206642036629337,0.9201520761608414,good
43.22,0.026370054962084066,-0.0043101956550964495,0.02660741481748435,1.1755302737062137,0.020239908999475125,1.8154684286981904,0.8744941739796286,good
43.24,0.035982243200849306,-0.011413131397797515,-0.009620823207280964,1.2093285503101128,0.005817160558413683,1.8396270852746401,0.9222748707237575,good
43.26,0.02228645634715969,0.012662856059226235,0.001300178623721323,1.2280173611555516,0.019189266720689466,1.8284620792801278,0.9334375313187313,good
43.28,0.029738389279018312,0.005370628850736635,0.008498087092189448,1.1985181417109747,0.02542239801079283,1.7242708869160785,0.8611073244007033,good
43.3,0.0214740844846853,-0.008529539470531915,0.0005456843623238931,1.22657964134835,0.011541838573003435,1.7647125398647314,0.9443922100250508,good
43.32,0.012906063001843118,0.01943389593958463,0.009138457187420856,1.2070548502645526,0.010935924482827077,1.7800196217719986,0.9431064796573797,good
43.34,0.02183779199795853,0.025439291556180632,-0.024611656918948187,1.1977124131694834,0.02283505713483286,1.8017222511318525,0.9550581875127315,good
43.36,0.03231162430567028,-0.00964782399246212,-0.007824354740417852,1.2143311551599274,0.038922524331239536,1.8293142354698761,0.8584199325951705,good
43.38,0.025857317656831254,-0.0029479775252969184,0.006902857580124597,1.343559895031659,0.029704426177280772,1.8646454496865577,0.9515078295130311,good
43.4,0.030888318679837993,-0.005562014336742428,0.008360901225972196,1.2058652554067313,0.01913968245758766,1.7357258062790055,0.8993285442620647,good
43.42,0.010997389838639305,-0.011092626734800095,0.006603078002194904,1.1586973454385854,0.01708712637345795,1.850491416014192,0.8945577984335786,good
43.44,0.0033577005249214214,0.020680728643124938,0.030562134657599493,1.1651635436699737,0.04447745961001294,1.677828988371991,0.9180164290679248,good
43.46,0.03407996164730507,-0.01662752611120595,-0.019131794987956908,1.2061941508326417,0.023488275630822744,1.7832858996996854,0.844190163861278,good
43.48,0.029869419862475297,0.010934437022942802,-0.0024815886173337274,1.259773409658345,0.022800041699935325,1.8093932026284738,0.92436025272235,good
43.5,0.03373506105032985,-0.018106561506729332,-0.009300631137739797,1.1357454145761812,0.022580312702647654,1.819688409002237,0.9340933293384891,good
43.52,0.02276109779968527,-0.009321116519885077,0.027320517553426606,1.211637076449164,0.01557049729006793,1.8109483789234768,0.9263253639006956,good
43.54,0.006811103453011459,-0.0021390132033456064,-0.001348672774282655,1.2905230654681974,0.006444128144459325,1.7883811577054627,0.9783328079917145,good
43.56,-0.0008508783638423913,-0.010872697082243808,0.0254547646936196,1.239451536724525,0.03080557083632334,1.7708571041390366,0.8032909063930291,good
43.58,0.029486228431354157,0.004376600105870662,-0.010736119256758367,1.195708296215499,0.008498746528313705,1.893005738219083,0.8655432792508646,good
43.6,0.0028084850516616328,-0.009603098277599878,0.0022130912497752195,1.1878393413372967,0.019549315303413688,1.7457911618280157,0.8188091567299411,good
43.62,0.01902988043921203,0.02141869632072231,-0.0183956418643643,1.2318664515209787,0.0110462819271506,1.8261759134866464,0.9883302692253013,good
43.64,0.018605348555451904,-0.016509920094078426,-0.02752619462468987,1.1250132989680346,0.024245071261533392,1.718999254908911,0.9260110548117345,good
43.66,0.037022869456613164,0.017762368068911308,0.0070526221967481,1.204098614881226,0.0177411905774426,1.824454221782399,1.0123046784730059,good
43.68,0.013683829023047192,-0.001781145554042205,0.015418285630799484,1.1889747078669524,0.02077725714858862,1.760447689368949,0.9046203460080042,good
43.7,0.046212989594104824,-0.018843074325489418,-0.016590267336468772,1.2043890587293224,0.011000681971249173,1.7245614292658185,0.9167954943836295,good
43.72,0.018496921198196476,0.004561720496476059,0.022598905098845695,1.1708328141305657,0.013523940173741172,1.819765525747737,0.8609359518858481,good
43.74,0.011664913075743574,-0.005338149994551163,-0.017004830565103237,1.1892995985708144,0.028632547297201917,1.7964616454976634,0.9584821369728497,good
43.76,0.022179128221406576,-0.0005228763662883065,-0.011201607630383557,1.260404894887774,0.017110692477734488,1.8235121973994146,0.960022888010665,good
43.78,0.038092858024471585,-0.02637432653614142,-0.011685000140192326,1.2348867358960782,0.01774919974093826,1.8030842341720523,0.8962313402782557,good
43.8,0.038026757927782665,0.005826240704217589,-0.01426876021506122,1.2232017961663186,0.023425315185594407,1.8621820375543212,0.9279898082329644,good
43.82,0.040957414761295156,0.015782705834480174,-0.0033256054477124055,1.1349035494631496,0.010421748337178448,1.7612170419104487,0.9355518745302707,good
43.84,0.022464101354205054,0.006426768640794128,-0.022874148331817078,1.1772644380510298,0.030107913288188733,1.7998157213185082,0.9048466479571045,good
43.86,0.025670174901438258,-0.004954028267853404,-0.006603832872093612,1.1834959471175852,0.031402392938324176,1.6907631509009302,0.8907734800354375,good
43.88,0.004819608925270338,0.019596012435551192,0.019671689047594674,1.2037531310493412,0.016093724250077063,1.7583635657025765,0.954841185961163,good
43.9,0.012007140798760205,0.0008087275653352388,-0.003969431897101696,1.264163530837478,0.009740823563099665,1.7902979172109177,0.974358743258168,good
43.92,0.02343540611782001,0.005887198973138321,0.013471690826619006,1.2078187895962702,0.017564938823322485,1.7532131709818997,0.9454872811372619,good
43.94,0.0059157534175628,0.009313020888344528,0.023797683575363486,1.0573308341045022,0.007576816077085376,1.7242229702986338,0.8908080960830993,good
43.96,0.004389526294007944,0.01562521666036615,0.021872224486052957,1.1787281620025283,0.029916066881774533,1.7727629252444113,0.9148822617015508,good
43.98,0.030985641585796614,-0.014875109567453977,-0.018293333219813458,1.2722418383474108,0.02020439067747242,1.7967392515909626,0.8419672870670011,good
44.0,0.027188314066331095,0.026637466553421228,-0.009083148221493106,1.1780814961303046,0.0035989013870694406,1.7682157675049077,0.8696604849460348,good
44.02,0.021815595871695966,0.01585957150955564,-0.011114440411290913,1.275705002955718,0.02765538108725172,1.7470708372282453,0.9344790255077866,good
44.04,0.034352440369962094,0.007536648349459092,-0.004742842145615214,1.220003154267228,0.014540375774616126,1.7579922237876862,1.0324632457662164,good
44.06,0.004435365766912789,-0.0019570233051006145,-0.005275625110628662,1.1614905743625048,0.03277097436546238,1.8512226236165572,0.878009868667168,good
44.08,0.03342906506415292,-0.00030130145497677465,0.0045638509546552086,1.234967476777901,0.02905555008016273,1.7673575329430233,0.8707735988409747,good
44.1,0.02055961046822135,-0.002346412921183718,-0.00128486642456961,1.1167761760784896,0.01453104957100304,1.7596608352795733,0.8610517240187292,good
44.12,0.021215960907108887,-0.008203072304713715,0.014467434032566139,1.2119357330682496,0.015319097417629022,1.8536579910593822,0.8338573149218688,good
44.14,0.008400833021879118,0.004993052390100486,0.0007128279221225729,1.2094788230000144,0.036338046668205726,1.759252201632753,0.9051880133876485,good
44.16,0.011196200132306496,0.004330176549561699,0.004209271850414632,1.206950513466929,0.012730321383899765,1.792936155586853,0.8787684978938309,good
44.18,0.04303655146514612,-0.004550322661804764,-0.0242765007004045,1.1507579992931103,0.05028231202464407,1.8090509032224236,0.8788039099324574,good
44.2,0.04657126691194187,0.008234249421998885,0.0025076601748500963,1.0923900798107418,0.021742550732730168,1.8694624640370763,0.863472856794905,good
44.22,0.01657664380298787,-0.0017409981732969247,0.00012630637158311047,1.2149096308465945,0.02900084385959545,1.848857363055784,0.9745537766223306,good
44.24,0.02688663212482259,0.012376478086449044,0.020625000266876983,1.1638621652218686,0.02786762967311783,1.7861793307826348,0.8872653303217375,good
44.26,0.017441548403218224,-0.0018381668290844255,0.0015627816272341948,1.2733359900698704,0.01740841283678092,1.7918230742300871,0.8783972164775756,good
44.28,-0.002526016974156846,-0.011959476348996082,-0.005934411965058644,1.1831023856603564,0.020432014937433345,1.7496249599002536,0.8926248051377197,good
44.3,0.025422362943606294,0.01081866475934391,-0.005675690689631665,1.1723801138967667,0.03521597134768529,1.80706877083183,0.8342747451412333,good
44.32,0.025918161278418665,0.01932577466692089,-0.010787178584854226,1.2264159864294248,0.02493424239554786,1.8109422931892154,0.8798703757386849,good
44.34,0.031430327473513195,0.01877641290161824,-0.010100396696841768,1.1853648350766965,0.028305342778508644,1.764995048480475,0.8726909133262738,good
44.36,0.02554813679302573,0.012444850979119047,-0.0009367049218522167,1.2288277637569838,0.021718765273753656,1.865792891030472,0.9331568908983073,good
44.38,0.024939886123706855,0.01979363621634886,-0.027921996753457873,1.2122753904230383,0.011758250456031835,1.8287478189627548,0.894026006260533,good
44.4,0.01240910928119857,0.01205632174262931,0.017787106435907054,1.1683447625509191,0.007713773265125066,1.8068833227470271,0.908523343137834,good
44.42,0.03246185189062069,-0.005015057533833516,0.0007185724250512462,1.2340736470808038,0.0028911722823266144,1.8404677967801382,0.8877910356086087,good
44.44,-0.00999174662003642,-0.009882345449902227,0.0028550610473526516,1.111926138290836,0.020946908253905158,1.723413396184014,0.8609197403076333,good
44.46,0.0333077643135171,-0.008110350662430202,0.014608711641483594,1.2529792745482389,0.010098195290425912,1.8394202140127722,1.0049295351849008,good
44.48,0.01239417064369842,-0.021186244348757186,0.009118724378474484,1.17185961982596,0.015807946275532312,1.7847974976419898,0.8076190088140803,good
44.5,0.03583313510526667,-0.005125202088918868,0.00401057496972281,1.2124011169421702,0.025232600285100933,1.8424037964810274,0.8459903057405734,good
44.52,0.03216557740779763,-0.023701100778979772,0.014036928700174148,1.1922962428773192,0.013439519591206435,1.8154115317326707,0.8959420619269075,good
44.54,0.009182519401236235,-8.999222793199594e-05,0.0002944029278500159,1.1630567291987939,0.016438731454542645,1.8286339585021223,0.9624933703855529,good
44.56,0.04548535301078263,0.0007870868654198032,-0.009277808658018685,1.2035374253293496,0.02993429875867191,1.7715480293616166,0.9412395313791468,good
44.58,0.03519173176162543,0.013679030860623116,0.0143500614094902,1.0494071528819282,0.019167333501455042,1.8742562987513938,0.8878493520773438,good
44.6,0.02156940046626997,-0.0039002023901612967,-0.001293820928541683,1.155123831393627,0.017663620730450615,1.8075633579962749,0.9117082455565042,good
44.62,0.05279203475788956,0.030275410732362805,-0.016231943806372367,1.3299181266848086,0.019096895093334128,1.7592814053862782,0.8671061087058951,good
44.64,-0.008995828777061971,-0.011893231309241581,0.0034419885984694385,1.2403638176647895,0.006471987851039784,1.8100767801314501,0.9297992866227837,good
44.66,0.013748656731691178,-0.006248465167319346,-0.014460376635212291,1.1981846144428512,0.014905325309677558,1.8054427805970956,0.8687507754336274,good
44.68,0.027755261395003263,0.020477896104616457,0.007214442229098851,1.2308494662454552,0.014422172527588718,1.7825578563216335,0.9204205843966764,good
44.7,0.038688878393812624,0.005514269015089498,0.0036982176019728285,1.2147439085760428,0.026637691820316167,1.8911830476844442,0.9749935467520089,good
44.72,0.011302623173702902,-0.0034485257240699273,0.007332029027288231,1.1929703992863019,0.02524003785087227,1.7917028977732372,0.9618573486200828,good
44.74,0.032602549955369424,0.007414726712894726,0.02339648462384483,1.2056294027904033,0.016671574083642005,1.8515480510945022,1.0336816853857194,good
44.76,0.018122759790796864,-0.0017014559219444701,-0.008224391174623397,1.193160397861388,0.03636057730430417,1.7768810481016513,0.8797480389030496,good
44.78,0.006188730796951528,0.015000657133016852,-0.021492127687955595,1.241102641166397,0.009289826620461381,1.8826395990163185,0.9149167258514738,good
44.8,0.026626738939449255,-0.013271635980213537,0.0015898391731661832,1.2467918156032152,0.022342883771357666,1.8274034868143743,0.833788263654806,good
44.82,0.018043423982271014,-0.01114725402947379,-0.02665811524769078,1.2001902319008602,0.025876276002729844,1.8929067215727162,0.9109169009313607,good
44.84,0.05378119442629441,-0.015882172718098487,0.02045673117670721,1.210228669204353,0.03641437347516055,1.77476424075417,0.8694176579672448,good
44.86,0.028089255938953516,0.014070413313994893,-0.0038250847048210863,1.183379552518283,0.014935653462066965,1.8065686117652797,0.8081011892512009,good
44.88,0.03453843186705957,0.004006797505158237,-0.01817848165763201,1.0814885048953335,0.02447396069222113,1.797417587771282,0.9030215133758,good
44.9,0.03074381928113739,0.008801011028092541,0.014681036819186019,1.1973847657005243,0.03443816870891859,1.8142178766181165,0.8779965351334589,good
44.92,0.03572846839444351,0.005636151501588714,0.005244311365569917,1.2142018327480675,0.030734294609735067,1.7505516240908185,0.8953954437828647,good
44.94,0.01814845246905944,0.0210371262086104,0.016325599897918833,1.1279916759244792,0.028712938150294007,1.8118747394620065,0.9411584036145519,good
44.96,0.04107713965097983,0.013134182468826364,-0.0014477730342514405,1.1623470900918917,0.03321022457649338,1.7498646305047347,0.920534879355751,good
44.98,0.008071412235636176,0.01304879558334886,-0.002600906132947982,1.214789750303577,0.033137735149234945,1.8810220282656287,0.9513727569911488,good
45.0,0.021004976631427738,-0.001929108295559228,-0.025941976366917793,1.104829969918828,0.04873191045010197,1.8528672023079098,0.8995495748572284,good
45.02,0.02759609614268336,0.018537742162719063,0.016833326649022796,1.2058319126010468,0.016808158563872955,1.7924135140870998,0.8448853515456072,good
45.04,0.009548157978784853,0.014664840742978328,-0.0009930797775027516,1.1986675472533606,0.0025502957523585966,1.8092864148896028,0.8871991987135817,good
45.06,0.040830736427055855,-0.004635683822191209,0.0004912668194595465,1.2344446166642329,0.0,1.7923352836373754,0.8545108076722501,good
45.08,0.018590310088965327,-0.0017964320001145858,-0.008095555636073582,1.198070328737591,0.0222435864867988,1.748832365329137,0.9190214365144174,good
45.1,0.041923630053238826,0.005107294862541388,0.012630616270919982,1.19440554241406,0.019909705197385778,1.8682165947640448,0.9042677227482291,good
45.12,0.012558016111933573,0.011623113742703556,-0.013198732542706714,1.219233857713434,0.01251385750184086,1.7811923258568194,0.8067031258591786,good
45.14,0.034826917978332816,0.0008532896798158955,-0.00955814605937398,1.1406364514205067,0.014512757909157787,1.7987207973298622,0.9201142374388522,good
45.16,0.011989203995923906,0.007724058653161275,0.006214439801561915,1.2642779514588443,0.01926775743432767,1.8568135173697624,1.0156839473102475,good
45.18,0.012363910689813854,-0.02219782429895658,0.016790198749964357,1.2272182816321973,0.010762762633265316,1.758875894999558,0.7698188131534778,good
45.2,0.035480019226162805,-0.006138369925967793,0.009636601695903229,1.2267076734730964,0.019526944806287794,1.7560923527719048,0.9021152010458731,good
45.22,-0.01157640368232168,-0.0027229955847438802,-0.002889167302829541,1.1845683301217136,0.014390326455714449,1.76158246077385,0.8430641068832002,good
45.24,0.028333327429381824,0.016632454804306647,0.03397436561030843,1.255761028895906,0.026365082571741343,1.8615567231364711,0.9339893026512875,good
45.26,0.012027171756617876,0.01034719687858511,0.006004530987950048,1.2559423652992425,0.04062751190088509,1.7806022966942567,0.9566660961412138,good
45.28,0.022819685831015332,0.01755375804347581,-0.007750902135744582,1.185724331557008,0.032941237893542495,1.7319844403171387,0.8728106871723897,good
45.3,0.014993882267875836,-0.0008258953494640631,-0.0031821912057615046,1.1448908390643067,0.024301194316237514,1.7922417513552777,0.821355790426551,good
45.32,-0.011427362239900173,-0.009017310337787084,0.009999507494480895,1.299402654153671,0.026555018919397044,1.856488234977109,0.9731505128987962,good
45.34,0.031541873504259826,-0.007199406844868695,0.025880657998404392,1.1773978110392453,0.03776935576900971,1.8354652700319884,0.8732668491015922,good
45.36,0.05474605950264111,-0.000491780008692225,0.009340388619459744,1.221819886884011,0.013202626869927878,1.8169197297804083,0.9857871980211838,good
45.38,0.002023652640110537,-0.0018579836921403619,-0.014257587411032585,1.175077734211178,0.014541497092092737,1.7582794703402462,0.8196824968495571,good
45.4,0.018659224266534487,0.023303214222282487,0.004448837672576583,1.1751229511525554,0.01210167181333223,1.8034318655578698,0.9698338094071276,good
45.42,0.023691347222551982,0.019245982140734225,0.02209670669718316,1.1960580590881547,0.008223747954730713,1.8038398097789485,0.9553076766037826,good
45.44,0.018302749321281803,-0.006001191684562252,0.022271162019975907,1.2686769392937132,0.01950325592801878,1.8241105039457832,0.8320410578980157,good
45.46,0.02322948330202404,0.00646018474569965,0.016312092416175365,1.1884296798327045,0.01582221476981435,1.8246508280118183,0.9010644717516901,good
45.48,0.018806304236492533,0.0029923612478251014,-0.0034063987521775465,1.2328597691510774,0.012905590907304094,1.7468330927377897,0.8669074541107865,good
45.5,0.0360527659008647,-0.024955191575846733,-0.016360845877564555,1.215143350506115,0.03102641502341768,1.8217151810176904,0.923397982604986,good
45.52,0.04151139390525031,-0.012941301083430178,0.015422429514650227,1.2361694208929257,0.039627638800721315,1.795348050198997,0.9684289723132434,good
45.54,0.012158626907464002,-0.007437772080618235,-0.0013023045181620072,1.1677401376419554,0.001426058214818074,1.881076797783285,0.910700740379139,good
45.56,0.028270802735635658,0.007034474949016015,0.015900089638412877,1.140220493040774,0.012509205056358028,1.807221942744953,0.8982710592164183,good
45.58,0.017475140868619045,-0.001421371328736123,0.02319744565287356,1.2130155634664008,0.012690624003793952,1.7597027762464892,0.9404384574045945,good
45.6,0.02648497882842631,-0.0047140046059279865,0.028982896873302036,1.1833384993664768,0.017432097849617082,1.7453913153582872,0.9835827680676489,good
45.62,-0.0012446346703200105,-0.0040309191948933384,0.02660815658389093,1.0854137798936816,0.0262523447031383,1.8506797039536942,0.9866630613599109,good
45.64,0.040910950326222474,0.01707886577806591,-0.007281650704634479,1.1822831890903356,0.018444991446278432,1.7810309836580414,0.9706790637511821,good
45.66,0.03074604677644815,0.005242853073540425,0.013723382361136117,1.235625241846079,0.0420565720975027,1.7980325034028073,0.8589624596124363,good
45.68,0.04286886959290335,-0.009492743452745048,0.007734512782958914,1.183198321057846,0.038265469579430514,1.8691982918067656,0.8055145859421755,good
45.7,0.046967240798905796,0.015212782480425737,0.0044002430808476,1.23669398947784,0.018996128158171335,1.8236356493886523,0.9228103161832429,good
45.72,0.006221799971020491,-0.004907525173051232,-0.008397797265206858,1.14253806978664,0.019216652726068303,1.8153550188838796,0.8293102854044547,good
45.74,0.022204359751794776,0.013584898462403818,-0.010322112778934673,1.1816434663774542,0.0,1.8174239541251986,0.9347751961403145,good
45.76,0.008981389965909081,0.019230312371538424,-0.000580324520979443,1.2265558637234104,0.03017878805098375,1.856316665148509,0.9771320211862404,good
45.78,0.028830384655572992,0.016072189863574074,0.022726960796247746,1.2391191389928775,0.02329018243631433,1.797973128962215,0.9285224667287438,good
45.8,0.025018303683366824,-0.010343387756432327,0.0001414788722462143,1.1972567159458738,0.022303940741132868,1.8431433652553129,0.9708972073762534,good
45.82,0.0378769369381162,-0.0056867411376849706,0.01031385118864008,1.137838787620635,0.024672785713616887,1.8178597831329775,0.8156329918521912,good
45.84,0.014711629036584822,-0.02368406079891323,0.007640326576210219,1.1919546397050091,0.0026926907059010713,1.8153817593811226,0.8321959852550735,good
45.86,0.005757281400161364,-0.005228911162388359,-0.003070285504335832,1.212648482040794,0.02132190692443907,1.8484764107188614,0.8110996800818158,good
45.88,0.029566037356876428,-0.019653109955597544,-0.0009759066647241169,1.2005194927487812,0.011591439195723014,1.8332887059326877,0.86502311500732,good
45.9,0.016904385326523757,0.0008530239101991208,0.02727443924156215,1.280595447614751,0.013459675531217933,1.76792131634191,0.9184603070017386,good
45.92,0.052952358747050066,-1.9040890180571465e-05,-0.016562878667492124,1.2662121507825626,0.019054207674327223,1.794330970241561,0.8667258338506111,good
45.94,0.02628293044003943,-0.007942403749557554,-0.0011256853719847325,1.2452857576578056,0.013055853048085334,1.8378121060923245,0.8977887233848951,good
45.96,0.032567050115440616,-0.0016680671393884082,0.002665572441492061,1.2063313862576317,0.01581928710630232,1.8985892737492551,0.9487820571644136,good
45.98,0.03436736286087725,0.0011064536935111054,-0.0202266458593761,1.1691080496460584,0.032614155218375726,1.7802824324296047,0.9071982335183086,good
46.0,0.013941272538003514,-0.0054027188458835446,0.018210368603767877,1.179538603866488,0.042046584907552836,1.7458957854157435,0.9209602150659739,good
46.02,0.020616984491854593,0.01990461078283705,-0.00268637621321313,1.2314911606311931,0.024320435801608985,1.816202286976431,0.9600571214511443,good
46.04,0.029655921740123135,0.013111863355951818,0.011595527425082883,1.16365473943134,0.01048473984646808,1.8761445220372013,0.9045073754311078,good
46.06,0.02222234317499959,-0.013405486205139908,-0.008423462394679835,1.2177452983748684,0.03189844254435837,1.875986452760727,0.8722637674938608,good
46.08,0.045278129557368006,0.00842673291122442,-0.007875023943781699,1.2106078101198332,0.021962612801703134,1.7442755768389504,0.9926575302194323,good
46.1,0.012250030066213639,-0.013431403914927467,0.00011561686654480898,1.1541763426678944,0.009740131047966134,1.8031928675352358,0.9695409277597713,good
46.12,0.03283875308916963,-0.022654905904507337,0.002261274535323497,1.0869915054981603,0.012983194811358314,1.7206373587756798,0.8641078830861868,good
46.14,0.006010380962673438,0.018258590542067566,-0.004350839926169892,1.1063518800575274,0.0,1.8122667596738056,1.027268814264504,good
46.16,0.03610054550581315,0.0030473135067730383,-0.01881463685669508,1.2578944619234496,0.005655141585224063,1.7903614365504936,0.9301163824934199,good
46.18,0.02990218813012751,-0.013321561480222658,-0.02085903172568321,1.2218915752123014,0.02866357051419819,1.7446359538474636,0.9128539523083727,good
46.2,0.045328964601014,0.0021907669495526217,-0.020489311874147383,1.246778766361407,0.02074186781586627,1.6930157595660718,1.044363088459923,good
46.22,0.035812425194577086,0.02776398878110296,0.0032153041279873477,1.2007721466255956,0.016074391612106654,1.7703192690027787,0.8196701614963429,good
46.24,0.02218312694797057,-0.007518438263864376,-0.004806118917533991,1.2016471100812933,0.03652463478621181,1.8105168713884519,0.8321324022159021,good
46.26,0.013084814905843442,-0.014491871155666114,-0.003293975060970574,1.2702701340441516,0.013573947714672262,1.7628725792942808,0.9766356817241784,good
46.28,0.03006823049510806,-0.011259284596857428,0.018369684810474768,1.1535922644007446,0.017852461484375116,1.711358167437498,0.9838768314706327,good
46.3,0.050312359341593574,-0.012162971649677485,-0.017797217259453647,1.1465107780048045,0.032865222186615126,1.7865897367650847,0.9380306057583979,good
46.32,0.010632454947849304,0.008050833180073231,-0.014756345367354302,1.1690447486540627,0.032420126451397975,1.7220201701376767,0.8862385446984484,good
46.34,0.016119682639279993,-0.009756411388303013,-0.012781791771791454,1.1973060902402262,0.009178853520903689,1.7823888043074803,0.9168421536864358,good
46.36,0.00984218681744861,0.009758070110716754,-0.0046951317695673265,1.1525681789100644,0.015866862655606502,1.820260018607458,0.9314660861500981,good
46.38,0.035966455661874244,0.0008705378001053929,-0.0031092916472152867,1.1392628214210963,0.018299882801387366,1.8364104475696021,0.9887545491224634,good
46.4,0.02820088168140604,0.007181912892752988,0.0015193037053119912,1.217261189564624,0.03335686413166413,1.7464018021767356,0.8372988715280193,good
46.42,0.016216874300873974,-0.009078369985818638,0.0006202254382042552,1.12748230114725,0.026290685220235078,1.8102182108457714,0.8147890076902142,good
46.44,0.022970171502513907,-0.03421674254139044,0.005908587926909129,1.1509598034361346,0.013998115531276882,1.8459374611798944,0.9690097559574611,good
46.46,0.011451630304220957,-0.014576691336745403,0.004617629982969408,1.2262761315311927,0.02079378659040727,1.7745039871169426,0.8794124178460996,good
46.48,0.022051974335459943,-0.004808347570658657,-0.01610755817349459,1.2365444867369073,0.01618479015087578,1.7224344230042221,0.8790039535659647,good
46.5,0.0316463026451811,0.003810757874363294,-0.00307750434107734,1.2668990000055587,0.006651939785968616,1.7491507377387627,0.8605743539254633,good
46.52,0.02433337680867184,0.014823603950964838,0.005372855415321085,1.2337928144327974,0.01711869048365345,1.766744845665176,0.8277754071499263,good
46.54,0.056915377243028205,-0.00017238602036741214,-0.011937559609314911,1.1323408152701693,0.016116892095393034,1.7127604435391302,0.9160852644529087,good
46.56,0.015341961011346567,-0.008765867921941863,0.001193481503926547,1.2729642988222016,0.026360994161676116,1.8436251177155896,0.9395101604955428,good
46.58,0.018818659340808237,0.0032742297050104797,0.012936402814157784,1.1676431351896928,0.022879282320919528,1.751344024882491,0.8973049061211539,good
46.6,0.02109012659219161,-0.005044115068085163,-0.026678538609464893,1.1220578226599756,0.0014762416217709191,1.7790794370821785,0.8538773926473798,good
46.62,0.028385788933693343,0.03437806080519168,-0.00837139877265718,1.2230225714510101,0.012727923880517113,1.7608305602639838,0.8190436903032515,good
46.64,0.03886809033097093,0.01842929335483013,0.017433884228113407,1.2222173018232103,0.03388311007687453,1.8226350556869682,0.9320039347366388,good
46.66,0.030182747483322187,0.018150263204509874,-0.026607217724544486,1.2328342610859835,0.002949814143904529,1.7884920318738007,0.8172466094523063,good
46.68,0.033693761657061304,-0.018623623314614698,-0.0009232067945466675,1.176726629100919,0.023197752703474343,1.7927052627942737,0.8865266180720289,good
46.7,0.033628597608282525,0.0031458401187203066,-0.0012395052006596693,1.2293362624989943,0.02493232063624882,1.7141859262353105,0.8870147268789743,good
46.72,0.020875702778596197,-0.00176186155173381,0.005451418067683414,1.224550738654149,0.00723151292736866,1.8179275421169825,0.8754097497461898,good
46.74,0.03271361148196899,0.012114677560054566,-0.024260968848845512,1.2337972987041153,0.025022798380254667,1.7815407045491616,0.956606670556868,good
46.76,0.046223923884846786,-0.032376700132993624,-0.00323965428594835,1.256923818361382,0.02035802996430592,1.785325386196156,0.9150816043888398,good
46.78,0.018278407669241378,-0.00429248382570645,0.01539707893266179,1.282966543379413,0.016746691615072567,1.7991992412980955,0.8019314044786591,good
46.8,0.025814787628773542,0.008038855038278407,0.01131913284131038,1.301490826157992,0.012792464927444036,1.82401367303052,0.9350762841863894,good
46.82,0.04501712768543009,-0.0015172937399933458,-0.003522020094212522,1.1886575095930059,0.020930349366481384,1.8073435092733336,0.7630500613460344,good
46.84,0.015797896469746733,-0.003002179810231779,-0.01737485146251718,1.1540780839390343,0.032877375784475575,1.7800281478041953,0.9517556213446317,good
46.86,0.017367641058767525,-0.007401219574993626,-0.001999146161330788,1.1518857328122465,0.014714767377215669,1.8809009819243148,0.8919664868632182,good
46.88,0.04163036525304671,0.006652257333741312,-0.002148194374950514,1.211056663078768,0.015563047149910077,1.7806832821815077,0.8990250728696556,good
46.9,0.0038653435486722546,-0.00951017081257432,0.009441579462417513,1.1249092297812797,0.03772769579572162,1.8587086204912024,0.8083815080895694,good
46.92,0.009001232276019767,0.0173450433130514,-0.012744573696039208,1.181737015210921,0.009666657524817537,1.7427064606657126,0.7959621268860911,good
46.94,0.027183856591561008,0.009744958047240078,0.010023347551780361,1.1881686905540152,0.015928353720221854,1.7927394374167918,0.9175925805113301,good
46.96,0.014641604323237722,-0.01151508821316595,-0.0028077651737559157,1.196997963395814,0.017252275777140134,1.8202756109414022,0.953856890183125,good
46.98,0.02029694439634568,-0.013486571888099291,-0.02172505992889297,1.1475718965039035,0.019269117176648445,1.7834165437795908,0.8533566780633054,good
47.0,0.04058505472896699,3.216590691683746e-05,-0.011415808913701886,1.1813490043612567,0.010613500613170825,1.7883928615630764,0.9306549976303296,good
47.02,0.030233048857638053,0.028571981330415986,-0.0038555861135850847,1.2462234112747708,0.04610502380611316,1.8187532900719254,0.9191201725614245,good
47.04,0.018801264763475996,-0.012264402020366614,-0.021591789818051675,1.1670294372939323,0.029141366001978385,1.802376848803799,0.9164978327883588,good
47.06,0.018442982624303363,0.014116213917394668,-0.006170143633008474,1.1212609242760312,0.016369698358290823,1.8651868340282207,0.9031323872200991,good
47.08,0.018859535027911534,-0.0028351589086813935,-0.0044196911679852706,1.2503892609905982,0.028428357750946986,1.7763658084501324,0.8795384682395266,good
47.1,0.042583981382599424,-0.014218382472244082,0.008434615133616085,1.3003920798501238,0.01929987724275355,1.8623671966529405,0.9581532793381526,good
47.12,0.00891982575028144,0.0030538677213587297,0.0059589324703112016,1.2035043591862153,0.011791414430903896,1.776578200255435,0.8714585089007828,good
47.14,0.014781295135250564,0.0012003771610721572,0.015852570641982113,1.1470646075801898,0.02965003369641136,1.7830937562982365,0.8813633209399294,good
47.16,0.00311643033099141,-0.001716187810190477,-0.030501645238621717,1.2945839507491792,0.010408874234841473,1.8128706369437482,0.9040657671267179,good
47.18,0.01794267911101377,-0.012464855204107363,0.016557428288262954,1.1798983611030056,0.014342981900076733,1.78355251206316,0.843795978783266,good
47.2,0.011545800689550974,0.004051547745722378,-0.016764463441182948,1.1979057815300058,0.020521277228056568,1.8122666287527238,0.9397769710479846,good
47.22,0.036594319593574585,0.014702225382607563,-0.003514810384867617,1.234538087696497,0.0,1.8231855960969467,0.8112901443974265,good
47.24,0.025583103837725503,-0.02536588886434994,-0.006782534082050283,1.2473994592667168,0.023197873850868075,1.8754199463809127,0.8504294318042148,good
47.26,0.02061112346988218,-0.00871634341542102,-0.005186589210328669,1.0924126126656624,0.0,1.7038258329227358,0.8901877769238618,good
47.28,0.014733860049001247,0.007940263427659416,0.04197326745114266,1.1653763021233439,0.00027836627797529073,1.850223168691111,0.8090014209348474,good
47.3,0.04746394869844773,0.00759750775127264,-0.012110285442886972,1.3146860651354464,0.0014982881818590699,1.791355790742321,0.8446033436509742,good
47.32,0.02730586907924507,-0.0014351381412475454,0.007996108273027857,1.3057070928348116,0.0085316722450807,1.7353707852303903,0.8578775166444739,good
47.34,0.016540251881021338,-0.016994963781359285,-0.0310932294342703,1.1938240333701484,0.025285381189503336,1.8224178835950526,0.8949874060960902,good
47.36,0.0238674455238815,-0.004868593369790814,-0.017660537312851336,1.2223290075318503,0.01816814846287996,1.7937215886239888,0.9246029046210678,good
47.38,0.013757560408028604,0.0064781722400872495,-0.007125058087285454,1.1524524130909608,0.01175854391554745,1.7716456691495563,0.9456544298562526,good
47.4,0.026637250133737574,-0.0021520456775302,0.014590416417399667,1.1845033979921937,0.023477618306793593,1.7626678381618284,0.8770079189921363,good
47.42,0.011900433896479502,0.002612061962467927,0.015688609061325146,1.199916819608531,0.01598624021069906,1.7588178733889872,0.9025264544394219,good
47.44,0.02830159605727927,-0.0004993179900977634,-0.011843101769463038,1.1563674381518663,0.04373409819118783,1.7790618742228705,0.9624182490445883,good
47.46,0.04893285989739773,-0.001772777767593314,-0.009458682803828316,1.1329908108583657,0.015928087397735873,1.7291814838300383,0.8993748821862299,good
47.48,0.022447729960148412,0.008834202330048526,-0.035256488111821374,1.2562254745360537,0.036705334071953276,1.7098848646468086,0.9434615753617143,good
47.5,0.03837576980283323,0.009018196465322035,-0.005660525988681832,1.272191336418935,0.01057707796128678,1.818078237508906,0.9663743929630425,good
47.52,0.03810328448105359,0.03155826153706183,-0.029897994480458653,1.2305666536045172,0.018104507928901545,1.84464864597967,0.7884239243083233,good
47.54,0.036291574990719215,-0.011441341964515486,-0.006584265780209376,1.2550349305242994,0.017305267002461898,1.7400982370027358,0.8960205078091407,good
47.56,0.03741345268663922,-0.009513678452154678,-0.0072983659311919675,1.145147035892705,0.00859996544282984,1.8033682743261266,0.9123418055326945,good
47.58,0.026571853787573384,-0.010546566267518947,0.0020182805487773134,1.2193992100671385,0.0,1.7848722595933078,0.8940436487995108,good
47.6,0.016775217301874364,0.004209562273354941,0.016463561474658647,1.2056561524903302,0.021406113515609237,1.8159673976779456,0.9041567886870928,good
47.62,0.03168306622980811,-0.005665139876512745,-0.0015172693013156553,1.1607310462437352,0.013477536095148804,1.8083110599680858,0.9369504811330834,good
47.64,0.0008488518022371946,0.012190853327833264,-0.0032116762854474987,1.2657925640700007,0.023819576138173926,1.710055293494929,0.9336922312235922,good
47.66,0.039043311667389224,-0.025422796414413824,-0.011959650888007158,1.198067795390159,0.020439359906346228,1.7745984407974096,0.9338852644930098,good
47.68,0.02365351041857573,-0.008044001938299749,-0.00943250124827698,1.2823300963121764,0.016212357750332845,1.7273872569032946,0.9298929188073843,good
47.7,0.007553736359376961,-0.031187942165572885,0.0034618100588989405,1.170410463027609,0.0028679332586853436,1.8408636562118992,0.9152158927879106,good
47.72,0.004533664649499604,-0.005483339753237847,-0.007508185781486606,1.3315608081343366,0.012591629192385163,1.7193788431354993,0.8877894250665719,good
47.74,0.016318639394863898,-0.01206377275568039,0.0029972310692334718,1.1623549586011517,0.024343535267112335,1.7487350183760089,1.0111064775438003,good
47.76,0.0619854414426004,-0.012829345236918397,0.00790006848152228,1.195806012882099,0.009751279959468527,1.8228973211438693,0.9954826484721553,good
47.78,0.027515469276351352,-0.01658086003471189,0.001874225620897604,1.1977024969638537,0.026090270363182788,1.7777201240216254,0.9436873227229232,good
47.8,0.012590491318088549,-0.01398604833210494,-0.02642199213233376,1.2110966973543653,0.034054270156741326,1.8305112953959828,0.8786511908949085,good
47.82,0.011316916752806182,-0.016545268903920832,-0.01760246644324861,1.2033861148982636,0.01988948223906923,1.7292969567006038,0.9897283732660519,good
47.84,0.01899452527411685,0.017126044144125593,0.00840718943077125,1.2104263939898052,0.02551176610191118,1.797200251627652,0.9146664190936318,good
47.86,0.03353754736181992,0.007321801054407166,-0.0037822902979678472,1.1006609220245447,0.010507352829860057,1.8070355623231247,0.9135966765846211,good
47.88,-0.002405321454190347,-0.01634725307863296,0.012793403781378125,1.2750780920923273,0.025457677202017706,1.863879838724496,0.8756746968760867,good
47.9,0.0066080772384671865,-0.02033128526176243,-0.02107387408480344,1.1636380891243057,0.011113913592388459,1.8410334710769727,0.9939007784047036,good
47.92,-0.0060555603040661895,-0.019933026067212777,-0.017374107355304737,1.1170697298055696,0.033014971101882104,1.856105779688865,0.9231171685756069,good
47.94,0.04143951090280635,-0.0026642516992166727,0.012020122765905042,1.2275279173472686,0.0,1.879435072158675,0.9837212745840219,good
47.96,0.01622815258704825,0.008456136519579199,0.015941401800221723,1.1998672821199161,0.0038336345514395215,1.8576574803880108,0.9196516933889425,good
47.98,0.023961496593928627,0.0016908935013289857,0.018387637939340493,1.1431463583660952,0.009783738881305603,1.8481469869701044,0.9340925384589208,good
48.0,0.032604534947405145,0.001248500061905953,0.0199984182331143,1.260517487846041,0.009154145168862968,1.7388836657426299,0.8647439643105118,good
48.02,0.013153337676858013,0.006547427982547328,-0.002020085896578878,1.1601348798273352,0.026636199209246765,1.7967507757449745,0.8686201754822543,good
48.04,0.027963201417988907,0.008121138009477743,0.02918232863016704,1.213021472736034,0.015302477064727638,1.7752884006243697,0.888887533706657,good
48.06,0.018435035936914076,-0.018567403210377156,0.0029201737462559007,1.1851255541391503,0.0412735619270285,1.7863761722557239,0.9606907902360349,good
48.08,0.034267040136508886,-0.02169434858710342,-0.009094399650649669,1.1995717886044521,0.028297406305117345,1.7435932141069976,0.8682372005773633,good
48.1,0.020790545982608405,-0.027524618389555378,0.003051801575487962,1.1200662600718905,0.00034446698585555505,1.7790267889665063,0.9015583768695032,good
48.12,0.04175201499284661,-0.0017706474434827785,-0.01506816940056781,1.2051751864256852,0.007735302002378888,1.7928023106914897,0.9136055405201707,good
48.14,0.0278135121637888,0.0006033656325964626,-0.02302256191106746,1.159949204665533,0.023969877147231304,1.8404101656505576,0.9041586940768448,good
48.16,-0.008556863349714686,-0.025088127035838667,-0.014048414431839497,1.1374599157542598,0.026978113868897046,1.7462675353488355,0.8982400271577541,good
48.18,0.023456818926926064,0.036101162987340715,0.021210585634129055,1.2615861133683606,0.020512217954428077,1.7845776362952102,0.9123371598193717,good
48.2,0.018654871703436954,-0.02502096255936733,-0.0033734784750690185,1.2025411611054122,0.017904436241717645,1.8101051064651734,0.8154752325929572,good
48.22,0.023777427899435887,0.02001762301863405,0.016998143927485613,1.2125583498053703,0.023377829546893644,1.7655604469146982,0.8463680235767183,good
48.24,0.008098748553493764,0.006678882714007392,0.011897250307464002,1.2104315529130758,0.028268058128651987,1.798411360415681,0.9085587545989271,good
48.26,0.022552397675196352,-0.010792544222239126,0.014289527334186342,1.2622308211703401,0.020785889512238268,1.806470016226241,0.8957392885149735,good
48.28,0.0348479759449025,0.003306976377849466,-0.019246602781929696,1.218984950226557,0.004983535919215701,1.7984606628023643,0.9438681019425937,good
48.3,0.028574007128566503,0.0036188681613242976,0.013090771590784006,1.214931648232397,0.019228546678980354,1.7791092558918267,0.8427206358740634,good
48.32,-0.02304210239554612,0.0037090589714361432,0.02438566238435313,1.258659508903913,0.014346917016717246,1.773564755612012,0.8930856549614227,good
48.34,0.00521308173705372,0.034454214581402444,-0.0024034208489126245,1.1107980459175153,0.02816247542413889,1.7884944291386282,0.8689366725333578,good
48.36,0.014750971190484382,0.03871487932518628,0.002963976855968885,1.1422750239752335,0.0059632267059271295,1.8365412452562435,0.9588743409698552,good
48.38,0.014299118734231177,-0.03577547983156132,-0.0036337463263609367,1.2104829391401803,0.029044400434425965,1.8784186741399438,0.8956004292340055,good
48.4,0.023484935686100966,0.006612033599269633,0.018286522623358867,1.2009170071256892,0.014806879785057129,1.7884429489869182,0.895108728551597,good
48.42,0.009215882370366546,-0.00724381543373331,0.006944978152149934,1.2800976395236088,0.012891275973110055,1.8258475115869088,0.9674611053963968,good
48.44,0.04151370359554821,-0.01718129527916612,-0.0031372382784182105,1.3010698992430425,0.01433684927020535,1.8625755253487166,0.9628816287666369,good
48.46,0.05137848674039085,0.011196333953242618,-0.0031925501859683685,1.2353879564183219,0.026877053829335095,1.8498333721154299,0.8968802068353158,good
48.48,0.02235484753073644,-0.003654929549335742,-0.017770007566255908,1.22891906219503,0.029560030726477983,1.832480756020679,0.8714436774520273,good
48.5,-0.0008551380114718912,-0.009034383421105812,-0.012042856014546962,1.0965892687886192,0.009021010238696874,1.9423737876668976,0.9453918877081806,good
48.52,0.024900246379764172,0.004131233984329979,0.011786824262308072,1.1709699670570124,0.02384136539609499,1.7785949118708213,0.9109380166765375,good
48.54,0.009508330318130696,-0.009285373169597606,-0.020849864668434352,1.2478164326275238,0.024644829698656567,1.8026596110161979,0.9325025332786551,good
48.56,0.04558333744718704,0.008188907163931764,0.022666814134940188,1.2452522326667481,0.027444237620917272,1.8722340240045545,0.9067370842679707,good
48.58,0.03195091958009987,0.021754430645959326,0.026654087011306928,1.3241801066999666,0.018795329955470893,1.8392828649912543,0.93985265989956,good
48.6,0.022018509661384706,-0.02036713167393743,-0.01340652689690911,1.2318942156905006,0.007123233915438313,1.7774252060037063,0.8891249099850441,good
48.62,0.010409067690575905,-0.0012913176987445314,0.012627632883081986,1.189072624606925,0.009600881495447468,1.7573655542718265,0.9223358725837595,good
48.64,0.0028275075581570327,-0.012745201670114024,-0.010489155648387682,1.2723802587844413,0.0,1.7800395000729714,0.9019351707435935,good
48.66,0.01421141875527796,0.023104333514224362,0.0016466937641050959,1.2254391388774162,0.01937580829969021,1.8257088727785602,0.9026157790051218,good
48.68,0.029649434846956164,-0.011962545638074052,0.03116558680517538,1.1863318752640608,0.031067674625733246,1.825825943659088,0.9040196862428599,good
48.7,0.0025503714992696175,0.013714038552779194,-0.009860543617074337,1.1745578276245123,0.0045128552493367,1.7691364317853076,0.9167592693271513,good
48.72,0.006685099695027929,-0.010183932224982886,0.016931554675060516,1.1656405695827534,0.023088612118106477,1.7946086846041844,0.9220819677166444,good
48.74,0.011827210137602254,-0.014742074792677242,0.012277932699581549,1.146125833311521,0.01717391889654912,1.785252122753626,0.9019406849696139,good
48.76,0.03609111058845222,-0.014130058065577327,-0.0009457805316746405,1.262245992132569,0.011611300967863183,1.792901472023905,0.9070837556797868,good
48.78,0.026401309813977605,0.016584260058733105,0.005036216611133766,1.2815413871204757,0.01709266158964428,1.7392631796885423,0.874553566545803,good
48.8,0.0005244870867035057,0.00794441803108511,-0.014349468746882532,1.222923693222705,0.01693978084854624,1.8795563164872724,0.8872025160517034,good
48.82,0.030753073061846613,-0.02550520870459433,-0.0006287271896745433,1.1529410341669382,0.02737461128143135,1.7954631810168509,0.9437790103458598,good
48.84,0.013201063710031246,-0.0010480091638632879,-0.005738057035280334,1.2299565372190653,0.017963818895649717,1.781167613679068,0.9338539690457619,good
48.86,0.009551529367390892,-0.010209348647807885,0.009615063429048108,1.136929744236886,0.0017497747668388172,1.7504361842593261,0.9314714152402153,good
48.88,0.00844963126870694,-0.006581849987450644,0.002250836039874546,1.133143854369925,0.01485490383154364,1.8424236035460773,0.8541871613243199,good
48.9,0.02591953379821503,0.015763824315914717,-0.005456228841688876,1.2328969482520786,0.009160323002238695,1.7944463379764861,0.837216175933956,good
48.92,0.0230424739459299,-0.012495603445857045,0.010690397220507056,1.1678170955985119,0.0,1.841501753807209,0.931350417431884,good
48.94,0.02214785482576438,-0.006385658260206519,-0.022142553627775115,1.2191355736344225,0.010398355922886196,1.7571592753708594,0.986526283570003,good
48.96,0.03306535205295301,-0.009214563993692896,-0.012716646037078056,1.2223176294821196,0.017960252082671494,1.8281282082026882,0.8869768513744554,good
48.98,0.009096262074267749,0.001481444091973466,-0.029232435680204734,1.1836290759284023,0.03688962798561841,1.7817659136366615,0.8811466543711824,good
49.0,-0.002981726651927271,-0.010035305348381287,-0.003006216431570109,1.1116616679281845,0.02693938842121844,1.7645664672267254,0.8809966490840102,good
49.02,0.00463602902465027,0.026058238605774657,0.01676606873760766,1.121479087095823,0.023313489217728637,1.739144170715304,0.8893254776447442,good
49.04,0.035390062514858815,0.02427019299450686,-0.03549759201172255,1.2205394527288058,0.02476538792821615,1.871984340871696,0.979724955618583,good
49.06,0.01988199567649748,-0.011854229666880498,-0.013596743539457907,1.1490020027427927,0.0206698227420577,1.7727494551263385,0.8632742396355301,good
49.08,0.012800317096054682,-0.003158199842283614,0.021489671538585317,1.1889257005733946,0.036927458703613504,1.7331327969629031,0.8858219685858596,good
49.1,-0.0009212061507330625,-0.01137485454972172,-0.024475452057037887,1.1975986098757911,0.03244180036304693,1.8471720148391944,0.8610355185990749,good
49.12,0.05927967683431689,-0.0019322031662034342,-0.016938776953502384,1.1698960367829776,0.029918475207830537,1.7747797325590697,0.9143372801115011,good
49.14,0.01794722066385723,-0.0012256859587128125,-0.010152301237997602,1.1674715081085223,0.01639781445729646,1.8172285500610106,0.8560131617523921,good
49.16,0.02822022491914843,-0.02603632811848932,-0.02072582866451146,1.2025122143954061,0.011769455925679712,1.7233087137194376,0.96855349265402,good
49.18,0.025887237310148522,0.0041401667995449865,0.007076803601455496,1.2577305599577338,0.017648840124236963,1.743159343469879,1.0014803466680127,good
49.2,0.027827211009122783,0.02732644958421144,0.007849903868563081,1.2235983714049061,0.028050180633308254,1.7086190409242605,0.9319888136989262,good
49.22,0.03694292402214801,0.0243809553249105,0.010578225859406341,1.2414239269141996,0.007394259606343205,1.8180734730451535,0.9544662140589787,good
49.24,0.03292778819283347,-0.0071346737383688845,7.94387394501467e-05,1.227383703224349,0.013459617805525034,1.7813552327004516,0.9053505536430341,good
49.26,0.0014672094417022147,0.016384624973549953,0.0077570069445304715,1.24096392226218,0.019348048774891165,1.7401046983561361,0.9156938818663489,good
49.28,0.017717473002006625,0.003172663427600593,0.030117290163586365,1.1888491689605227,0.035808748425147724,1.8157807057560502,0.8570152845011063,good
49.3,0.0388038641530108,-0.01934150278631425,0.0019807700959504275,1.2066319068122833,0.021669418457061107,1.885906621799013,0.8528497067648699,good
49.32,0.0391250471169145,-0.0028204705328681843,0.013735105307646732,1.2115239728514766,0.025979572688636286,1.6770128670716016,0.9769350114247017,good
49.34,0.015362748703383576,-0.012414835378477979,0.002347398584633795,1.145023346060054,0.03297668502747797,1.8415746966326176,0.9136904229246605,good
49.36,0.016183292577415243,0.025126057665431162,0.02950019337610486,1.1818728790067219,0.018663380591341372,1.9097977554080199,0.88367496344053,good
49.38,0.006521536114860696,0.01575239462543703,-0.03436232968155586,1.1968495026770423,0.018248758509732614,1.8421887588174433,0.9620821017717617,good
49.4,0.012940441088677413,0.0176722459936255,0.0012866749775647527,1.1411751821126848,0.023597459666444043,1.844403324355924,0.8540347027350292,good
49.42,0.019607179578588537,0.0203780661426868,-0.004170125411431637,1.1787537447137504,0.030616675322290017,1.7510479091444793,0.8473898157538927,good
49.44,0.030058765767397622,0.018898170225825513,-0.002812884391840706,1.2149119002129087,0.02350450961359636,1.7534393562922868,0.8936207691143256,good
49.46,0.003914321294657012,0.011764033464393177,-0.014479679040426203,1.1922405616636298,0.019143450020814884,1.8355456053590098,0.9171674477479768,good
49.48,0.036455814792963004,-0.014172994302886531,-0.004391407521966357,1.1830847553401165,0.009132786892108755,1.7525800166048888,0.8356213603982254,good
49.5,0.01768087275259301,0.005247096986640827,0.00903180093120662,1.1605027711412594,0.02706653058016329,1.8018655240337245,0.8746466491623502,good
49.52,0.021562412265689092,0.006319350558419818,0.01967939069646807,1.198848187946453,0.015407023134522331,1.8104306458737147,0.8163217419429154,good
49.54,-0.00240659372490861,-0.019608082548011014,-0.0011867357046461938,1.199186087903166,0.012483852706192618,1.8420095385484205,0.8958586266348986,good
49.56,0.044402605056966006,-0.0059046530963468985,-0.012171968747572029,1.2123185261303429,0.03665721450597337,1.7836889266732987,0.9606740750639753,good
49.58,0.018665138937373576,0.023861964492236102,0.011512514136628377,1.2569233384234906,0.0025149372805221906,1.8435680018735516,0.8381307262045881,good
49.6,0.0074117527789561875,0.003958806147104761,-0.004295922820952989,1.1901513307916824,0.01495348859500338,1.8113089333090964,0.8822742830182895,good
49.62,0.0032487975288387877,-0.030607688535514762,-0.01502309376789012,1.1445166040482013,0.025605957306368457,1.8404869455133115,0.8560475802983533,good
49.64,0.010394254274072782,-0.005504588434204231,-0.027272291535875175,1.1893002004330617,0.02065349409337573,1.7662616304892094,0.8921403566150594,good
49.66,0.013649881586404511,0.02652922143410674,-0.0028781916421880653,1.2255918021096333,0.019041565278816893,1.762929895342219,0.93026040160927,good
49.68,0.022064179092283625,-0.005789477250763264,0.001613986324415711,1.2419320005813874,0.01449154433208759,1.7983049922304473,0.8622451995837714,good
49.7,0.03070441943968035,0.0030742625136818513,0.023111366512424195,1.2122971339466158,0.018534662036440736,1.695858827286736,0.8523221096603979,good
49.72,0.03173722905537881,-0.007923611849182846,0.0221374855734595,1.2382546344820535,0.031977330821057845,1.7984100084119634,0.8475827825260879,good
49.74,0.026577037560141643,0.005711908630877969,0.006381884484497712,1.1875301994226173,0.02218714916611781,1.7389996372038201,0.9250324946300358,good
49.76,0.017000867516205952,-0.007333142693246267,-0.01565224662544828,1.2357638433387463,0.022956298675086,1.789792650911272,0.9182309560430313,good
49.78,0.03948982448265331,-0.007432106672230327,-0.003385051978809473,1.3546304626598131,0.01741224132109888,1.695854424939998,0.8327903540382307,good
49.8,0.006477868873374229,-0.013057602651119533,0.011950940012922294,1.2451422672970807,0.016500722792399402,1.8610526463355639,0.9004980901040684,good
49.82,0.018313507072993864,0.01669626746674577,0.006604502555381695,1.2256448842837613,0.024259243281409975,1.7376810846256316,0.8879176883927566,good
49.84,0.019439822048469026,0.007176074745700748,0.0034955542144252437,1.2012791194465733,0.020843220108927026,1.8914058720094153,0.9052293038983672,good
49.86,0.03661873408519258,0.007548629375455146,0.012113461662050648,1.2190490198463206,0.03720566349632644,1.8508565145252778,0.9726084488688304,good
49.88,0.01938143351623921,-0.014696487068005894,0.027179987379349967,1.2709536543114062,0.021230499116815755,1.8643839037831385,0.8776307710033501,good
49.9,0.00481971329416927,-0.0076541302692765935,0.006219586216610601,1.2966291321914274,0.004644997584605747,1.793456366022861,0.8661140040071382,good
49.92,0.022931123205739822,-0.021907042481483965,-0.015387106344093373,1.2156776124056576,0.02422120586740508,1.814869384290846,0.9009883999163196,good
49.94,0.023207790194649698,0.02905386092250685,-0.0163083444124526,1.1806003657034534,0.01000131859187168,1.7581718695080353,0.9077408830251357,good
49.96,0.03707599886402373,-0.002049387461388611,-0.00957886575431036,1.1616461616203309,0.01977626308770273,1.8022593512561307,0.924736333174395,good
49.98,0.0230969528417156,-0.009163009303913916,-0.015206633576321625,1.2066550823468731,0.021931316257058346,1.7460974461076189,0.8965692580484625,good
50.0,0.032308475940424984,0.005793240250094916,-0.0032248946033340197,1.2277108190538142,0.02485342610378358,1.8047906915237777,0.9079593484383579,good
50.02,-0.010028780588075237,-0.01339657664013451,0.009615818458441342,1.239441974929373,0.015659402046253827,1.881908704903036,0.961546316945222,good
50.04,0.031099723497189972,-0.012110167883997006,-0.006373318312891926,1.2515276636457116,0.026840107697185624,1.7996040834455604,0.9165129958732304,good
50.06,0.029242597920985065,-0.003092144870681803,0.008916538101577672,1.168732176091245,0.02849530005250711,1.7889840661751002,0.8652340681515251,good
50.08,0.010863718983726109,0.03550850422398599,0.011395896202859307,1.2104073088818357,0.009629448561598973,1.8013092896869423,0.9198463576494491,good
50.1,0.02074010877683143,0.012306792913859046,-0.002751107035066881,1.1578649714540754,0.01703600864833981,1.8182526665653695,0.927252223806471,good
50.12,0.012977050253693754,0.010186606680365721,-0.010116682270913573,1.1915780730003778,0.002843705449181156,1.8067427574282988,0.922066189396662,good
50.14,0.031536852415940134,0.022668209770435866,-0.010220275932332025,1.2817328409933628,0.0,1.7754380080109646,0.9037220487003509,good
50.16,0.028354625060359344,-0.012654762950588668,-0.030181986249843685,1.1529454877523653,0.014804112087093979,1.7644479111160651,0.8692839708130201,good
50.18,0.0068392737070305226,0.009707549586806044,0.004291654525279979,1.2426374180884447,0.024898836248492606,1.7492402150044257,0.9874689814536219,good
50.2,0.011836017009664333,0.035487452514607234,0.01446113081047414,1.1765282282846412,0.00010359124544593451,1.805433924982057,0.8915195132819966,good
50.22,0.019265167808818703,-0.013489471020465169,0.010498542792690347,1.1482063870418542,0.017943050698805828,1.7787242677276949,0.86524761636284,good
50.24,0.00674806415926386,0.0036919763440851796,0.0062680164031834185,1.1349559680616315,0.021059444271249506,1.7373466116844816,0.9482690852972299,good
50.26,0.026189947964842718,0.025544086808277973,0.017519542605982284,1.229516370713538,0.03837017738515862,1.7657603012273182,0.8657421438022213,good
50.28,0.029001019934938872,-0.0121112931144815,0.024893362154898173,1.224540931066491,0.026908044194084612,1.8380906450749623,0.9665702497438906,good
50.3,0.03645439601531982,-0.0053304623918420686,-0.015227500555712615,1.193525951235385,0.03941376298418865,1.7831267295403177,0.9843986997551722,good
50.32,0.0005963130639834575,0.011238190836720605,0.01693989851840995,1.184779001664006,0.024838807827446286,1.750900271154108,0.8900657932826571,good
50.34,0.023288538285375002,0.00327676167157268,0.02931840957745566,1.260222506250068,0.016860308600191252,1.9180029173058624,0.7999479799843245,good
50.36,0.015306698231420342,-0.020565203786624575,-0.00029132484055105083,1.2176062016900429,0.03438184314312945,1.8510842435495902,0.9557556363934715,good
50.38,0.021986806668840432,0.01909798722684532,-0.027770348947490517,1.2444586316376,0.014376935626410379,1.835272824032237,0.8350590095691138,good
50.4,0.01013605793040328,-0.001657768400275948,-0.0052951431743590745,1.2336927241237936,0.029143869626984432,1.856227006280023,0.9916305032220649,good
50.42,0.027402111938771543,0.005411890887503538,-0.012751568704674079,1.1659438742992456,0.031004321529751605,1.6969545314459151,0.9286085171181481,good
50.44,0.030441476867693752,0.007595096590583464,0.004007661210503102,1.2161078824067852,0.0020047014372413484,1.76170872633632,0.8730895938866845,good
50.46,0.040112243878012245,-0.015824950361437554,-0.017700069219723922,1.1333864694603892,0.010353448968019142,1.796984514247602,0.9833219811701012,good
50.48,0.03185123837633806,-0.0031923220627576546,0.010877401880990439,1.1303233872973504,0.012788739436049721,1.8236576883516382,0.9117966345990592,good
50.5,-0.0044046175099321195,0.0014025442832629525,-0.004494118248867775,1.1556581352009154,0.033614248088797316,1.8024017842382363,0.8577606877244456,good
50.52,0.031645843412168854,-0.0033080199663556922,-0.00034025295922377987,1.2290650030339874,0.015136361563218282,1.798009909604356,0.8403823589464147,good
50.54,0.03214596583266546,0.003646198000360528,-0.00699799902317745,1.1729528609452677,0.035339783570373776,1.7539413736232614,0.8990950153082132,good
50.56,0.05502232859833426,0.012701555220932659,-0.0034427090929013662,1.1442356633988144,0.01744664128713452,1.8245880831138674,0.8414535077726394,good
50.58,0.019904747040243986,-0.0009963289354174437,-0.01823797327701354,1.2025031987545276,0.013952903226263648,1.7841642664192705,0.8502765280080045,good
50.6,0.022284642936181997,-0.01084594786038208,-0.009507417274675509,1.209751342570014,0.011726200689600397,1.7800998291220642,0.9369371341719518,good
50.62,0.043980508174220174,-0.008220881851236702,0.006543433048895681,1.330023745404881,0.03227855163522491,1.7449460007431552,0.9636019389895152,good
50.64,0.022128295154426186,-0.014570686692757294,0.010538903424602643,1.2676855302074088,0.01110959293038829,1.7050764332162438,0.85138874134103,good
50.66,0.030494043127243912,0.02398471177649489,0.014822680401531294,1.1847660210319328,0.005931532325691631,1.7951071718377059,0.9493438081567629,good
50.68,0.007593167933649635,-0.013951397592247389,-0.017930198400953803,1.255707255827562,0.018991511903573174,1.7425204023754657,0.8635564500857877,good
50.7,0.03722885915871033,-0.02204436379246439,-0.0023769008534750553,1.2108419568951312,0.010961920535071298,1.8499815661950652,0.9723380133009583,good
50.72,0.008832531024175048,-0.003278788960195354,0.01662876033820517,1.2072193966076126,0.019940841354899982,1.7882063337911227,0.8634936297981116,good
50.74,0.014496498101760938,0.011163231964995692,-0.01340387016644795,1.2568556547221714,0.013543473066411817,1.9255638616039514,0.8942081624974825,good
50.76,0.017671392500918006,-0.0028405393418257136,-0.02495266214347438,1.1895605104750462,0.006505894393078884,1.8296736008578267,0.8139303029715993,good
50.78,0.01786503116750034,0.0011824442088089748,0.0021602475774034247,1.2316367051078712,0.022945496998088,1.7898758307889298,0.9334281503180786,good
50.8,0.0066189780168641925,-0.008421163446126145,-0.007846509519250186,1.0692174659804103,0.0073246996721228145,1.8754915847135216,0.9444551871312181,good
50.82,0.003146023155181038,0.0019847100158076076,0.011680111446962063,1.2190005607734111,0.03235777204030696,1.7897859006644616,0.8423494217365539,good
50.84,0.040797912763555357,-0.005815403151548517,0.0044659366590543,1.1769016709406543,0.009494887684893651,1.6951898531682768,0.8388817272954403,good
50.86,0.03848121419576728,0.005683914559450957,-0.002679520353703795,1.1637081801708289,0.011388029108368317,1.8299691400932414,0.782419466336113,good
50.88,0.012047350211691786,-0.012247963947556008,-0.014022433332597164,1.1402719189594017,0.0295069504517924,1.7115802843321493,0.9430999971785842,good
50.9,-0.011391750317160668,-0.021977716855861133,0.021109512016481976,1.181485054137464,0.020285848418826097,1.8191635796381467,0.9125160407405943,good
50.92,0.04285597570290416,-0.0003550696271484116,0.014592674818051186,1.1478941355102374,0.02076894115651022,1.7760032363930354,0.9372845961831546,good
50.94,0.007086478475606658,0.00791521747021994,-0.01536960971936977,1.1608018994117117,0.019951802286842818,1.8682872646314925,0.9221743717416008,good
50.96,0.03044336162775339,-0.01736948763793555,0.016001531348164975,1.1750774550372836,0.00603841309867563,1.8006705641333012,0.9137536879051941,good
50.98,0.01842540901174826,-0.009012944320600286,0.004550519371484133,1.24369913845856,0.020691343148577204,1.8015582423295238,0.8958638219690249,good
51.0,0.01107448255403266,-0.010739428769219832,0.018572288318224585,1.1448507861132207,0.020276581062706096,1.8110875765100864,0.9247002283783357,good
51.02,0.011493797728166803,-0.01375328573662257,0.0327293928847269,1.191169618278658,0.03465015053976522,1.896952498370011,0.8978067304702807,good
51.04,0.042605332522498846,-0.0004125288830354568,0.00654787226037985,1.1981690458113063,0.0,1.7812235267357426,0.8669719737133007,good
51.06,0.006251740887135136,-0.009228470339866002,-0.019167144854587485,1.1240410929949944,0.019162487925383706,1.7789559361932032,1.0005190246894724,good
51.08,0.019544893336159146,0.0016122324662621902,0.0063380035156195965,1.144567877680253,0.01722323177631211,1.8066845379743999,0.8659096329937208,good
51.1,0.040164919709035615,0.002817736112001089,0.0029097115031139686,1.1651267462296844,0.013503114154052863,1.794763122173683,0.876437030446746,good
51.12,0.046560563468488206,0.010362342328262457,-0.007288052909442266,1.2041469626819592,0.021165924414160063,1.821809194762061,0.8355196784453959,good
51.14,0.020519289441922203,0.006480391715011687,0.002456889977769922,1.091414510757084,0.016661534589146636,1.801362554188515,0.8546449121251669,good
51.16,0.007970853442848237,0.01161067198068088,-0.015967435602089568,1.2070654649002996,0.01833200031751648,1.8164322035895417,0.937705336050465,good
51.18,0.029334840280071973,-0.023869408386690973,0.0009229060530774206,1.2515324925831832,0.023192283180230297,1.8281899390880683,0.8955659043340277,good
51.2,0.02512456802862971,-0.002708539696306066,0.028473475948224247,1.2406331540609246,0.019319491361198832,1.796790604975131,0.8908023494292532,good
51.22,0.014764105244702766,-0.005705642167659091,-0.012302700002311094,1.1925883287348102,0.030545083960970377,1.8417140839552921,0.8887230844235467,good
51.24,0.012390403649213278,0.02388248607575681,0.008400006596662023,1.220357913859171,0.013504909912603828,1.8125893134991027,0.9868532774132066,good
51.26,0.0024360789423187932,-0.025029811523873135,-0.005939960593308095,1.2427430347792983,0.015143803152302408,1.8319710709270929,0.9102566983983269,good
51.28,0.028179920093505187,-0.015306389544033199,-0.015985012707384436,1.2331073588384989,0.013460155164630715,1.7935032582774946,0.8077541889515852,good
51.3,0.027522599383606287,0.017129168596984316,-0.013575755645198194,1.2048609981903062,0.01634094244155128,1.9190128287270862,0.9679065956601622,good
51.32,0.03068236458071996,0.012450518588764807,0.015635780378056158,1.1492845051094098,0.01241325255248421,1.802809594060928,0.9497761923223874,good
51.34,0.014670509776708926,-0.0106828447955381,-0.0077414098923535,1.346523813521372,0.021905069842575238,1.7893037149230082,0.8224987086873105,good
51.36,0.012949745374968312,0.011966641738388632,0.004571932019332804,1.2291417869180357,0.01932219934863231,1.7091632422563077,0.9893433701034455,good
51.38,0.03239603327246186,0.010311760969881678,0.005146282482201257,1.1881623249355833,0.026651858064050456,1.6823277485272576,0.9200809071758349,good
51.4,0.03550156440546309,0.01141092814474537,0.01854864452121329,1.1958958696603053,0.023971570709346354,1.766501815230477,0.791107265000561,good
51.42,0.04024492750300169,-0.012756253716540815,-0.007449584117527751,1.154091591939354,0.021104140765504698,1.8255769512511721,0.8039363534233234,good
51.44,0.017288017510542514,0.0024092927641800616,0.00788481773212306,1.1928639320736916,0.01291440147404778,1.8269916670770852,0.8373990341516149,good
51.46,0.020548898441324005,-0.0038998999451419075,-0.013943640558340043,1.1592722776576458,0.0334293822837821,1.8350586440157832,0.8594554999646348,good
51.48,0.043257567757762815,0.005100289084800753,-0.01354451932130419,1.2302315713539898,0.010719308043637646,1.7932917904114192,0.9230619988868384,good
51.5,0.009117942210066303,-0.001999850751185794,-0.004518229859049429,1.1749023289618439,0.028005895440718777,1.7489225952992427,0.8174406127896043,good
51.52,0.02741867370936792,-0.0033883242639726526,0.011150554836319672,1.247303300070923,0.014602329624295456,1.8013579426940591,0.9054736735092885,good
51.54,0.015090206363215451,-0.00968400035866876,-0.013324990836224416,1.177267834193552,0.027190148319448548,1.7872577064339692,0.9284400021243792,good
51.56,0.0034343292561299097,0.004599791184679795,0.005372965558528607,1.1981973363834422,0.02747648200070655,1.774367411627897,0.9709359481156163,good
51.58,0.020179805282459506,-0.020562239578781838,0.004961073436900575,1.2653597356178539,0.009461486281858446,1.803855610299777,0.9043765277953018,good
51.6,0.0016729490419575912,-0.005153266038961974,-0.008589758803982675,1.2178502694560602,0.01419897082495506,1.8291454620187464,0.8857050751357587,good
51.62,0.016184181959859375,0.010599535547349067,0.0027101769636522516,1.1370636548009618,0.022020728271889944,1.7887078118406785,0.9548067855196991,good
51.64,0.014464277379068914,-0.0075749489837594304,-0.011043746184035745,1.2339014504692345,0.01810102678172521,1.8315105510768304,0.9109381506027704,good
51.66,0.01432168718753453,0.0029859893132481038,-0.001984381914935907,1.2574978508883186,0.035641622074853524,1.8086089052666658,0.9937151107430093,good
51.68,0.02647496146672872,0.019340306440235933,0.0142984492087536,1.2450153715647208,0.01432372517504122,1.791218347795968,0.8642908615893995,good
51.7,0.012790608709988398,0.008961754088572783,-0.0005866956814248703,1.3662156606419897,0.023625107373921404,1.7312724887679072,0.898714421772031,good
51.72,0.05323177325929857,0.015228108473958094,-0.007549441222998054,1.2563216452255972,0.012478250395852538,1.8049770647030552,0.9397681090987299,good
51.74,0.013980666073308716,-0.0002064337939707404,0.0056180252622316795,1.1453079342712338,0.022562738448268307,1.7895291523361558,0.8460939319090027,good
51.76,0.026381644288000893,0.011103956555630987,-0.004431305492848087,1.3074945982978372,0.012232336061358578,1.7721988407603153,0.8565558790711022,good
51.78,0.03267988133988514,0.004599819736956708,0.012048799058968301,1.2821992810862324,0.03387309703962076,1.7579967145594553,0.96669742696845,good
51.8,0.028599335146688273,0.009821077264263465,0.0038094243842395213,1.2858746676580777,0.015314338777568024,1.7770105362937387,0.9514876484643929,good
51.82,0.0013926517011228416,-0.002480402807485768,0.01831710516141475,1.2033651222787638,0.01563203461976767,1.8453272580644557,0.9283885585621341,good
51.84,0.05400271949256545,-0.004271648131807101,0.00491966450057767,1.2056543894910514,0.023211270067483927,1.8126243982494301,0.9365491737968593,good
51.86,0.03247146547626698,-0.005239850033935591,-0.020119509429187613,1.2376867888176093,0.025524008638754512,1.8001285769832285,0.8696358338083511,good
51.88,0.046623504668182866,0.023436892296812676,0.011270279064761267,1.1810280161143019,0.0105799342111397,1.8511076576911314,0.8891015096809787,good
51.9,0.017786477576328046,-0.01449824793348303,0.013522127132735122,1.1452472055105942,0.04719890590345848,1.6938095202846344,0.9217727407556439,good
51.92,0.03546608083271973,0.004890183408651019,0.007846640056888014,1.1865659144614888,0.0,1.8009827629537478,0.9984941855121987,good
51.94,0.008934434122095974,0.008433894028061923,-0.0023198204535280994,1.1521081880450281,0.03123313725848534,1.8788744398779147,0.9278763698563479,good
51.96,0.056929462662470044,-0.021450485023852432,-0.0034057349765344437,1.180117361851529,0.017476857670614767,1.8430417524017408,0.878908427155523,good
51.98,0.020184801470821145,0.0019758657472207126,0.0064448009496228895,1.2010553997406046,0.023313183299155535,1.8179819157504373,0.9439924903676042,good
52.0,0.020584132137769922,-0.019831281231599013,0.01495767573345881,1.2796116541288507,0.016172993598374208,1.772684423700625,0.8149150914048006,good
52.02,0.017627085654010194,0.0009547925212104188,-0.022967075588318116,1.154509322971383,0.009669968411333735,1.846821548605319,0.9212445911969624,good
52.04,0.026673615398422664,0.005310486885032862,0.0007546634416291414,1.1892843651981908,0.01151627732966406,1.8232325619299836,0.8594076462116538,good
52.06,-0.00304901414608139,0.0032489348046094036,-0.011916925470478892,1.0925249588207282,0.023394969702270615,1.8069277816849847,0.8937831539976694,good
52.08,0.04178770809066856,0.005860826987554901,-0.00655890727107896,1.2254647805539391,0.01831578932218529,1.8663885138043248,0.8156344844407187,good
52.1,0.03102990270439043,-0.0010040247220238301,0.000255315979218168,1.2762073327848384,0.023654954943502404,1.7700182616263198,0.9078357171572733,good
52.12,0.010378603198127043,-0.0054854366329284455,-0.005761309413963752,1.2376157566612238,0.030044923633119093,1.7861572180462686,0.8603571117239588,good
52.14,0.015004733303936642,0.019171151323526342,0.014710372660397692,1.1782120988208475,0.01919477282285632,1.7506049671685757,0.9112670267028414,good
52.16,0.010327849789308527,0.017369535630227907,0.008415873021216928,1.2656848074454619,0.015773911408478974,1.80510365107833,0.9553781822829552,good
52.18,-0.014364165648414862,0.008602085677986569,0.0020454578368779277,1.1600752875530806,0.03484314774103941,1.7733604418153222,0.9115545518420711,good
52.2,0.016228140428499335,0.006931053377876133,-0.005288025905506995,1.2055046451166282,0.020226298673982276,1.7746426179108006,0.8491412004781498,good
52.22,0.011064162664695645,-0.001378067234201258,0.0009212553610527523,1.2404633541215024,0.03754994719444166,1.7602864086254386,0.8472017985742393,good
52.24,0.025742363653843397,-0.008930787911277273,0.006378298745617821,1.1212320218606067,0.01813029320153213,1.888163529243896,0.9766933395404758,good
52.26,0.004141573886502101,0.0034006606821289052,-0.006113509921362651,1.2221413447582044,0.025786428361223003,1.866627081778669,0.8701463081849915,good
52.28,-0.0020500053538107335,-0.00503451266764154,0.010267805341343814,1.1979221328740592,0.0338065461840636,1.8624341240707565,0.8943726991741173,good
52.3,0.029200269233931934,-0.006873236572652977,-0.024901666753987386,1.1919060965559887,0.01780329945551759,1.8408289656414683,0.9607249689503693,good
52.32,0.02953669123017314,-0.006095345381835677,-0.022481416832235836,1.1966643131442138,0.02036356975317998,1.753663369823532,0.9644081968521104,good
52.34,0.012417714900003705,0.031159886954327556,0.015858700047695334,1.2414283512766755,0.019553727749930708,1.7736857979157368,0.880128069417506,good
52.36,0.030407267438040435,0.04403383229373693,0.003970253597688537,1.158702813912425,0.010022109750247936,1.8761262053395769,0.9809835664123765,good
52.38,0.007239986844511102,-0.004215844199537715,-0.0047849175866066735,1.2365690034653554,0.024541369417995527,1.755649488378191,0.9025894653179496,good
52.4,0.04425925712887647,0.005910526740143575,-0.00592022230801317,1.2171909919605632,0.028118903632895157,1.7689417165713537,0.9450174703710419,good
52.42,0.01822500203805827,-0.007612806581528064,0.006182667355402649,1.1380425261490825,0.019596963852047095,1.8241094117816898,0.9238084901536714,good
52.44,0.0366109682131109,0.014934639790782628,-0.0003723333831430864,1.1636703026727124,0.006458893287267181,1.837345102008879,0.9534468175670707,good
52.46,0.006541366427438788,-0.017242375762184247,-0.007866731388413704,1.1634070292198668,0.027532252275603807,1.8441189697885298,0.9351825053633284,good
52.48,0.043730797204281815,0.0011646290507184836,0.01613551158578305,1.230428588146315,0.039108154431725176,1.8524548873135285,0.8310144039350267,good
52.5,0.03214990050265111,0.023565143180860823,0.003335913058416064,1.2406179373058859,0.023284432559475137,1.838334799848069,0.9357878013109333,good
52.52,0.019162592082745754,-0.0030784940899585035,-0.0011726802603858311,1.275668366629505,0.018005365237375538,1.8432554277578226,0.9152868361670131,good
52.54,0.04774309669029518,-0.005770195276395392,0.011679920232862693,1.1818334423184003,0.020975098685750208,1.8000556112309583,0.9910371510850517,good
52.56,0.026399881775931507,0.016795218008630697,0.01196322875729216,1.2167461063342062,0.012624295939254081,1.8215364515772323,0.792357799489658,good
52.58,0.05426852923420876,-0.014167941178901496,-0.0016135949070032597,1.1728360112223961,0.01933620543173868,1.8623630392762798,0.8706877395347123,good
52.6,0.007116431345362509,0.025297095891805732,0.025695204533569622,1.1497221174013212,0.026268392264952006,1.7739974091816124,0.8596039991945821,good
52.62,0.013115039619722418,-0.038658517963288244,0.0034282122013794083,1.1587813607624013,0.02147678582804484,1.8170012485235927,0.8378924558643357,good
52.64,0.019050915732421302,0.012306144086494178,0.0001628640344366115,1.1620108534294191,0.005998622343609761,1.849911709202975,0.8527078550730027,good
52.66,0.012127247815197651,0.0008728404986525907,0.026465011153655408,1.2224355951382835,0.026379216066856483,1.7791565716326867,0.892344491403591,good
52.68,0.029459956689219406,-0.01643894272876254,-0.01981728105358936,1.3240546289443988,0.03573701292398411,1.8879360524279587,0.870615048646642,good
52.7,0.05487193874294731,0.013254512878988333,0.0258152807890037,1.2804023302202368,0.016543522037671454,1.7971877554198306,0.8662257495145337,good
52.72,0.03857810098852248,-0.00265674373206715,-0.004923103386906563,1.2364289496920473,0.014288252042270072,1.8055484217705595,0.9997541564147886,good
52.74,0.011901494097101022,0.0018984131804547868,-0.0021421822880298034,1.1496316020505524,0.011984811546791246,1.8471907664560245,0.886814861856504,good
52.76,0.02121376322530068,-0.016247884818463548,0.014283045122117824,1.259699999667192,0.029722965613947785,1.8291174997056836,0.9449729335535723,good
52.78,0.016175104724677775,-0.008185023843724657,-0.008858091567507591,1.2449737261210605,0.014805042485712693,1.7751936742774734,0.8307752589773861,good
52.8,0.04435271875004901,-0.013847510875290703,-0.0003565304359849704,1.2606895384444043,0.03141480586316797,1.7591630037858108,0.8967849633325709,good
52.82,0.029478299120289854,-0.0056689798692896995,0.0028519492084045773,1.2232257196503433,0.031769085921394075,1.784272301576572,0.8786693890136948,good
52.84,0.026402283655593443,-0.00835505541632703,0.009516931784541868,1.169980049959702,0.0,1.8995087358845197,0.8630095350351192,good
52.86,0.024135592452339344,-0.01538118426047858,0.026037527943129767,1.082160031766233,0.026217391438658606,1.7986778903878036,0.8850607105755058,good
52.88,0.03834758927085266,0.006395830088966377,-0.007100100585494345,1.1461206837084525,0.002521421085675154,1.8148111905658735,0.8329928990805632,good
52.9,0.024642159154815834,0.0005018629251459738,-0.004135881753402076,1.1460820850974296,0.012414968444855366,1.8030998357461174,0.9302749318812137,good
52.92,0.029994922914853634,0.019539961267161933,-0.010779518193595006,1.1353371759788524,0.025829442774191625,1.7345743380270668,0.8877704509672552,good
52.94,0.006562946383969575,-0.010187090678702885,-0.011135087948109882,1.1719009273916712,0.004058618259925203,1.8368404760581332,0.8957027934954345,good
52.96,0.008407725317946311,-0.0008706117864940732,0.006608624101663934,1.2253195894972364,0.02315733647988493,1.845186672536503,0.8753670212260826,good
52.98,0.0035220224236201664,-0.012309507296653,-0.018757926161911992,1.1343138114354785,0.022031303769657538,1.8006445418320292,0.9461078535388308,good
53.0,0.03882412912153437,-0.0026803467655729966,0.001895535907870394,1.1367715181973577,0.02700449230809332,1.7048827827305244,0.9382121872819972,good
53.02,0.032632546628220675,-0.00028491821882156265,-0.0012916085250002573,1.1862274192374676,0.025177151272367027,1.8009482401696817,0.9464631270302724,good
53.04,0.02468601819378777,-0.01765465561760657,-0.00816265157017666,1.164867750514713,0.0035271532337460137,1.8149723691385575,0.8948180577278153,good
53.06,0.039162194018750304,-0.013200408504515423,-0.002289367648187853,1.196694326259761,0.03341644891811541,1.745500932939644,0.9615324366339539,good
53.08,0.02927059090820132,0.0011817404056967272,0.013973526637490305,1.2724273941268494,0.02192907312857514,1.7817272858441193,0.9915344957189172,good
53.1,0.009511701748286793,-0.0043259337715747725,0.005749440356782899,1.1979165808724017,0.013603268049353995,1.8356987154123365,0.9059256225637605,good
53.12,0.02751907864724878,-0.017821159997778058,0.005193950358894535,1.2371317194584859,0.034674368825804144,1.7904264246547672,0.8966072929756762,good
53.14,0.03457883928687869,-0.00920666511269278,0.007676899373260985,1.2268829228396307,0.016341948511110108,1.7832339062724112,0.8443131662643887,good
53.16,0.020051281421506452,-0.00038974216971816297,0.0037825962395638033,1.2211113070421609,0.00982223880967118,1.7754612924156463,0.9622401545515961,good
53.18,0.01920096144032207,0.010793948248748525,-0.0025842248768138077,1.207850001556262,0.0,1.8733161864810837,0.8582746629749786,good
53.2,0.04373732984856009,0.02238367470575509,-0.0013750229823861683,1.1801818641780681,0.012809203318663274,1.8259276964098705,0.9685259631325979,good
53.22,-0.006763797123851418,0.010223367902977813,-0.007234928908189194,1.2104192506048403,0.025139520260052194,1.8166187622929848,0.8813149114208378,good
53.24,0.009110664339435847,-0.009658720795603712,0.01099067037123879,1.1574169012565705,0.01606508156498356,1.7689959169759728,0.8672650096677356,good
53.26,0.01175945410745974,-0.015161770486490008,0.013288123389589877,1.1844373409839135,0.019507316049516943,1.8587152302421257,0.879078621339968,good
53.28,0.03832175551825912,-0.0029298509759576328,-0.004506553849989715,1.1958127330240647,0.016894450066606757,1.826787365733062,0.9000812146265869,good
53.3,0.041498449583949756,0.008682308001653562,0.004392255254135268,1.2076319517241636,0.022192883638596905,1.7460506601358166,0.9365962011370411,good
53.32,0.0262470653447938,0.0040699014846777995,0.008638701184799293,1.2100794865684068,0.029112300361817105,1.8375976421993612,0.9183708502098358,good
53.34,0.01987510473701646,-0.011705024304147564,-0.005102338385454063,1.248789576792527,0.017285332453452408,1.8032294608108324,0.9736368104307896,good
53.36,-0.005218574788454217,0.0033107864689277764,0.003196302162948838,1.228344172440374,0.023265832315632496,1.8779982073842478,0.8567772370450843,good
53.38,0.00734585938795197,2.7743859283323534e-05,0.0033511321058014563,1.232590769601547,0.02908298225097437,1.8475807917463332,0.9342955208412148,good
53.4,0.023478014109190017,0.013124579729986414,-0.0021469225022798604,1.2018178927191208,0.02194942225586822,1.8221932970860908,0.8829550019692408,good
53.42,0.004095497077439838,-0.005859313808362479,0.006477996218553254,1.1669596844867238,0.007108819391253908,1.88354187490441,0.8452793690839546,good
53.44,0.011175164825702433,-0.023416987656501503,0.026215763184286714,1.244865351313956,0.015405860324352207,1.87918346881765,0.9272213474690172,good
53.46,0.016330007604713873,0.01432553886577363,0.0033952805949247307,1.2734710939253353,0.024215334035090866,1.802773569276212,0.8434166379336006,good
53.48,0.03913079495856871,-0.01945227219210189,0.010523548005764457,1.3365565648051931,0.024563619753729473,1.8493138276733498,0.8700053014505654,good
53.5,0.023599264695465288,-0.006000448940630608,-0.029337592887852974,1.2088610562596835,0.026067984200904594,1.7829925290578033,0.8998810735921489,good
53.52,0.03271681350183599,0.003996879793835116,-0.025169744760891975,1.197910943082332,0.011637116273860356,1.73097746722736,0.9228919762556533,good
53.54,0.04354607137042773,0.004275607444570533,0.011459981100828688,1.1960925007684042,0.009091819539632234,1.8377743151819113,0.9730732665877448,good
53.56,-0.0006563627337920314,8.116512855257349e-05,0.019142139591280402,1.1579912266860808,0.019410295182628632,1.8395255202537064,0.884790675897307,good
53.58,0.02868057059124753,-0.010622927044496253,0.014967978705822331,1.263076032268967,0.02130982379055356,1.8078378687479846,0.8841506810360353,good
53.6,0.04640476764981589,0.014345793851367108,0.03555504717512873,1.2385147376530063,0.028310692084054893,1.8635584072080138,0.882435408242339,good
53.62,0.048767876222033546,-0.042897849170416266,0.00406876253682541,1.2074776356806092,0.028929968304218442,1.8280787221311454,0.8989118716483947,good
53.64,0.045835230268377554,-0.009949768732897843,-0.016355526649699442,1.2808904409103532,0.0162277472259209,1.7562810959700759,0.8729166355381863,good
53.66,0.043004431590818515,0.032195172899361094,-0.010777327979586398,1.2323021691913312,0.023530747373943485,1.8461361256264617,0.9699942207383573,good
53.68,-0.0016918837889662345,0.0017543590308845482,-0.007403922514307574,1.2119707669803008,0.00567016989298574,1.8023111258580404,0.8943315748958506,good
53.7,0.04257385945165176,-0.011377092189688144,-0.0206526123635226,1.2870496486175633,0.020644030159190144,1.7561190500130128,0.8403811519377665,good
53.72,-0.003204812290590863,0.004043507289546375,0.015411908818564371,1.2661351770364755,0.022520987752033136,1.8301271548733136,0.8152187673265687,good
53.74,0.009965004000552901,0.018920995241648576,0.016324372915999093,1.2561664448500296,0.027633637686998332,1.76558686397763,0.8784379917179101,good
53.76,0.028603476832275564,-0.005168411843921371,0.020293437735171723,1.203806508392538,0.00709635379803452,1.7880549730806286,0.8547346147755521,good
53.78,0.008344342023621555,-0.01354847787526735,0.014465037197424745,1.1978519933097922,0.028817808606299226,1.7898905250313786,0.8711477722217936,good
53.8,0.01845937936809295,-0.024318411790607695,0.0012741639521181756,1.192093968083064,0.004279280916912556,1.7604363222248274,0.846515221977673,good
53.82,0.004641640879612665,-0.017240201222836076,0.013333742335781884,1.3279238383625147,0.02798693470110909,1.792903212475152,0.9097014622063392,good
53.84,0.03714820799635473,0.01413809861246316,0.018616851747214953,1.2406620258532046,0.02057740753746148,1.778122740839966,0.8696558013211422,good
53.86,0.017558404466158414,-0.01570147249261936,0.023131611802181515,1.244650427126985,0.014185759666606231,1.842969924543173,0.975054071860098,good
53.88,0.00785430267758722,0.009684702504653952,0.013078164628450989,1.221272643764922,0.016534047553393973,1.821627113966517,0.9090080993149584,good
53.9,0.033070831038897845,-0.03668095343447423,0.018632578221650757,1.1399417924876232,0.006653080906742019,1.7838700781999524,0.922436937716838,good
53.92,0.020761837009011453,0.027557155259499606,0.02064059257792273,1.1996906589184844,0.007885362567279026,1.8352242114368091,0.9056457471986509,good
53.94,0.06282149839994253,0.010800963744014066,0.014273311866421588,1.1663379163958052,0.030771063570929742,1.9183726830836552,0.8546125615556912,good
53.96,0.008182597936327883,0.000831955336513792,0.025324822062707426,1.2073907626153682,0.043869762354371664,1.6640808789571793,0.7834329036791943,good
53.98,0.011837323630810179,-0.008560058255512813,0.011424572301262623,1.189761838248727,0.00982563490068652,1.8293339076239536,1.038761344663839,good
54.0,0.01201521904296173,0.0003252335845737371,0.009928226396504728,1.3050175896987388,0.010877214122620093,1.7849554157623944,0.9740344208069969,good
54.02,0.025045175625710438,0.01422902711953294,-0.001669513617549139,1.2752958640798506,0.021351374912776028,1.9052508219017001,0.8741144803232042,good
54.04,0.020804219713324364,-0.003692269589705892,-0.01415449402725244,1.2771247023748244,0.02817539700504549,1.8205592152204966,0.9229130994167809,good
54.06,0.0384303744700438,0.003506406845231669,0.006206560318267728,1.2002969082819315,0.03529981535271029,1.8017133124565994,0.8446001314378895,good
54.08,0.0020034997889772717,-0.02058311334202276,-0.03626049674383585,1.1510170339736232,0.011207614577396175,1.8420153294005726,0.9578760326080931,good
54.1,0.045914493538059764,-0.0054632734785966105,0.015831707006062495,1.0899613243558968,0.028186358712549556,1.7864722421236259,0.7962954541333316,good
54.12,0.03958939825143344,-0.01155892854361598,0.0033753300697202102,1.2097006191651374,0.02475833357770492,1.8632160007006309,0.8813305154955383,good
54.14,0.04252710249127755,0.025603890523986993,-0.015828410262983712,1.1407196454356554,0.02187812668286464,1.813238049240979,0.8768365439354012,good
54.16,0.052806098863809235,0.034979050609115506,-0.01095538960591215,1.176616607858155,0.021955417102101103,1.7867089795834399,0.8874117318944093,good
54.18,0.018217382109597897,0.02167418471972332,-0.038802069627728565,1.221517464819247,0.022664850449768247,1.7757712841614686,0.8639151010309377,good
54.2,0.03217095160834581,-0.02918312662669535,-0.009886451832553971,1.2289176222007332,0.028609408377225424,1.8306175963365852,0.8293401158143509,good
54.22,0.020782152697300427,-0.008753473718958302,-0.0073565828518022775,1.1637249028052599,0.0,1.781226513019723,0.8507776054821506,good
54.24,0.008743081334035155,-0.008192925990032204,0.001308882616069201,1.1830800430925854,0.009568989484697312,1.8530256920995225,0.9073000140582367,good
54.26,0.006603521073381712,-0.004095670982872244,0.005642167687161695,1.1652756272580298,0.03626764962601203,1.7981797301259081,0.8322798938429339,good
54.28,0.014834225094720172,0.005815033436318244,0.0012868032641699756,1.214163995567372,0.03157618179779543,1.7658603799218298,0.8361771213552226,good
54.3,0.045375739113049304,-0.0007066320542653134,-0.039771788560580675,1.305208861950676,0.011882448660666458,1.8164088634067177,0.8569901341746068,good
54.32,0.0025109341934336786,0.009602151905627854,0.008297295525619279,1.2748128894085264,0.0034497420697637074,1.8151445236932728,0.922605850755916,good
54.34,0.013240571922046704,-0.0006425022752356981,-0.005173385532205469,1.1576175221720861,0.0296020981675454,1.851779267537691,0.8826267926076726,good
54.36,0.018559523081790676,-0.0003518121499761291,0.00511767886888344,1.134226729405594,0.005673676166829509,1.7786634499418137,0.8785938403626856,good
54.38,0.015737619297058452,0.009867137192433251,-0.0017412421774716954,1.2517440288556227,0.01791533170860013,1.687565115863849,0.8435703108222286,good
54.4,0.025628198054741914,-0.005362024450051797,0.007286364579144111,1.2014303068733434,0.020280781183454926,1.8166457695987475,0.9406039684134107,good
54.42,0.03233309192039604,0.014716681494025136,-0.019279487510609174,1.1721956261567248,0.011485502153885285,1.8918917486364255,0.8605829580131897,good
54.44,0.025796305099793863,-0.012651996275794879,-0.0028765399292376022,1.2840356617473412,0.03559278409445299,1.7278276130447394,0.9216502441469253,good
54.46,-0.0016388533684576858,-0.002449735135945915,0.008628041325597302,1.1158692871063514,0.016472261303802284,1.7544210791855053,0.8786787493217539,good
54.48,0.0024331371264751894,-0.00036699082220387257,0.011822725854897173,1.2400769587247358,0.019865612500583104,1.7987699739136191,0.8704273275386113,good
54.5,0.02669598439349908,-0.006687920909505835,0.014081465763545803,1.1921587974983816,0.0269694375753873,1.818038848875605,0.8775367723498303,good
54.52,0.027206812137974754,-0.0026643914079404357,-0.019567110121186133,1.2227048689552658,0.02466010591481848,1.8593835492619863,0.8249441123566623,good
54.54,0.0615511490848894,-0.0012575068051160617,0.0032654073378831604,1.2355983215697726,0.021037834693820926,1.7984627702059641,0.9725461510064648,good
54.56,0.05244348162629256,-0.028508891070889445,-0.022618029759747593,1.2281489600285558,7.640768073260973e-05,1.8277670414566793,0.943944656569205,good
54.58,0.018227311926555103,-0.006555657290978689,0.00036930674830886265,1.1271169276906823,0.022767414933795624,1.8179822802577075,0.8696147480722762,good
54.6,0.00897992646622201,0.007610242243906616,-0.0030080614430803704,1.2181551557353574,0.01022293362574083,1.798245126671298,0.8728831693083039,good
54.62,-0.004611826002071252,-0.004719505511653171,0.00706210774563359,1.221924864668734,0.04084163732690996,1.736802265800459,0.8341534774142332,good
54.64,0.04496628545512997,0.0012389163553926177,0.010721278196449377,1.184018884831638,0.012924309655254904,1.852254454485073,0.883759112075538,good
54.66,0.03257202617722834,-0.004734491779578982,0.006841672754108597,1.2044243861183426,0.011352325271792897,1.8477578283067384,0.9496215559862298,good
54.68,0.03111729513036442,-0.014865835449772297,0.023625070873509367,1.2323824676110458,0.01208785718748737,1.842663091542409,0.8438676052693318,good
54.7,0.03525883845686332,-0.012031131180856814,-0.007477286247385762,1.151576020037671,0.022633489126628825,1.7423218379528163,0.8838259265616114,good
54.72,0.017963903367779244,0.0023044499116827485,0.022019377838517595,1.1994423358709732,0.026477392953256147,1.7392487443939515,0.9376796920447257,good
54.74,0.03553252371562869,0.0005525329047209515,-0.009836015931244259,1.2270412331427485,0.03610415173955367,1.8410864138162588,0.913396465955614,good
54.76,0.03145353463289253,-0.004720905613773729,0.007322620844110648,1.2643384421489057,0.0077707466114498875,1.7470714011266393,0.8660922609905202,good
54.78,0.017456958339899055,-0.021919155259551147,-0.02709332277569027,1.167036394984077,0.025120604979840342,1.8296382378837708,0.907672279977067,good
54.8,0.01613835677370327,-0.002580854702008405,0.009297657311425926,1.1341503924856375,0.034723422682544185,1.8447771550189376,0.8925320028757331,good
54.82,0.026406644207066742,0.03621268530004674,0.011423432400666452,1.1940231525331126,0.0,1.7688227002855468,0.8664644882488035,good
54.84,0.00877373590617088,-0.015185861653673232,-0.02845517461501834,1.2393958073664006,0.022526300560687756,1.8161197611113395,0.8835001945396718,good
54.86,0.013360065813166826,-0.010930845469119958,-0.02607365756822021,1.218420881706534,0.012715567748793014,1.7920520720863131,0.9858450501249552,good
54.88,0.009580727101548623,0.0059542834114842645,-0.0011860696303467747,1.335519416327798,0.02645841434691946,1.7545330779050525,0.8408774018984944,good
54.9,0.03280568849699214,0.009328648473955222,0.021126774578580174,1.2195405313247252,0.021897055843053525,1.7831709776681306,0.9028254821261859,good
54.92,0.03179468703273125,-0.002874015037743109,-0.0038376048785828416,1.2060757337692105,0.019550224723409754,1.7889393582663025,0.8617449698504085,good
54.94,0.004394658399735983,0.010975665749840414,-0.01725122483495259,1.1781768710587137,0.024898962211110664,1.7890188366171753,0.9185154790290477,good
54.96,0.031181322271643032,0.01322465154430384,-0.030321397864973218,1.1253991518694888,0.024694702496602338,1.7628891276265926,0.9621999572263497,good
54.98,0.04385498095399002,0.024813735132479135,-0.01723231270877853,1.2079658232181956,0.03460780668353865,1.8695623814671523,0.9114335209629314,good
55.0,0.017872539839422438,0.03480673937384233,0.015279274069920298,1.222375536996611,0.020266959733067094,1.8001986316834573,0.853891093604585,good
55.02,0.03413879436531571,0.0015475198338584918,0.007182460201764155,1.2256745682667383,0.014356072739447234,1.8884517474836562,0.8834389112950377,good
55.04,0.03950268613513551,0.006250994101192403,-0.0007307967424742895,1.3060919094418515,0.034637194015646244,1.769682115891828,0.8671816992752489,good
55.06,0.024391030254273572,-0.011645986947107176,-0.012874031580285902,1.183789159582584,0.005974492604951271,1.7974152777694536,0.8706668206243066,good
55.08,0.016051015047723095,-0.00797083899957765,-0.02038709797716543,1.2973491918667608,0.021705367306581194,1.7702662350580374,0.8719610905069334,good
55.1,0.027513487522030988,0.03097192515924393,-0.012604465719288941,1.1187130021381109,0.012576535126283886,1.834477088957335,0.7434617255281181,good
55.12,0.051113573182676855,0.000948006439562579,-0.004055445606912777,1.1840374992857376,0.019485606508516128,1.8021516774696638,0.899519357917529,good
55.14,0.025041714360756733,0.0271875422683314,-0.00994242405493384,1.2469365044325846,0.017288044321988313,1.8038046334673177,0.8710702404659402,good
55.16,0.024740092010359108,-0.0017606632984647741,-0.004067210230779062,1.161700188633435,0.021944678880245126,1.8242211504602308,0.9277165423642261,good
55.18,0.019630996114784385,-0.004229616493386307,-0.0008611529954200508,1.2215574154151996,0.009602196523536522,1.7729318193454717,0.9208720811694693,good
55.2,0.020114025290361867,0.009689376689912235,0.0034350023770018554,1.2592959720964034,0.016527013922672504,1.856452616112401,0.938956593539603,good
55.22,0.005949837546072352,0.02320842828962943,0.019303325554592448,1.1860495390564356,0.027639359015210706,1.7676395866150874,0.9050038519334342,good
55.24,0.037456712162644096,-0.012530429781687035,0.013726996604602944,1.1213970461573772,0.0012206657912008818,1.90011036630279,0.8858696260226446,good
55.26,0.0258235713185658,0.019631272626378378,0.0016120707981156597,1.1164475029265177,0.03219200191026977,1.7066086332600388,0.9411529893061511,good
55.28,0.03438687563167915,0.011949581391540854,0.01028250781388796,1.2121800206640327,0.020392504945954106,1.6882746841472323,0.8271633471710871,good
55.3,0.036977746417644335,-0.017901818205549674,-0.015770004706453462,1.162282853720153,0.03389096048369724,1.887190957700163,0.8356240104434697,good
55.32,0.017771008174579286,0.0036720489961185937,0.010453964842345159,1.1047044320087571,0.02164045159614085,1.7858432577760959,0.8988231915130717,good
55.34,-0.014377607791878043,-0.003331056057739176,0.006480886214123094,1.1235545215723661,0.0130466509752445,1.8168133792513426,0.9422696728158327,good
55.36,0.017342176106644316,0.004506665190320471,0.025621281764836013,1.2208065393704302,0.014541106855965463,1.747753613121825,0.8498527170194827,good
55.38,0.002955542655214148,-0.018647520999727,-0.006561471081658965,1.1973677260987163,0.025531313241531597,1.8987480005000923,0.889873524701947,good
55.4,0.03632906558877887,-0.003366444493086144,-0.0041552656668154275,1.2436370230763414,0.022811959409040333,1.8634575381079128,0.9522737402359246,good
55.42,0.011410086573667244,0.0008987600948199374,-6.936301447615773e-05,1.1611544073495967,0.01940035373161267,1.794094495371439,0.9182669912972943,good
55.44,0.03678526968976588,-0.008085411072639588,0.015226323009837475,1.1163456191447623,0.01822945282552351,1.829187559578098,1.0064809111073931,good
55.46,0.046314572508540756,0.0008965214836369046,-0.011163542348984899,1.162270233229174,0.02984186490709048,1.8778845949382574,0.8776184767323081,good
55.48,0.01421153657094175,0.013854899474890136,-0.026443094977768415,1.1893140788268393,0.020904985593159068,1.735286921203648,0.8982983464380464,good
55.5,0.017469917212052183,0.017891406483645053,-0.00015797689424447447,1.1896559185135391,0.01298983278403655,1.8225926251576572,0.8745970669863106,good
55.52,0.00748494784391038,-0.014095303654777274,-0.029443634545497803,1.1415554834585966,0.03823920942512121,1.812500060534837,0.957153877898201,good
55.54,0.03142046713493197,0.010610389513643218,0.013619357180500035,1.1795475036199563,0.017798137200334314,1.8058249936071913,0.9065780476507743,good
55.56,0.024570023338788525,0.032320741901717895,0.024040233944404306,1.2155573745368935,0.002184506348864877,1.8172048970733972,0.9849875537135363,good
55.58,0.022425594053256854,-0.0015592286832420647,0.013654353253602059,1.2043303005688382,0.023408652934373622,1.8548994416414928,0.8749474737751702,good
55.6,0.021530230700005964,0.0013377831925557731,-0.013113813607886028,1.1396573347747792,0.023827678231400667,1.7767400299202472,0.8729528145057508,good
55.62,-0.013639064350608434,-0.010016969575767372,-0.015831791804345376,1.2015455876459296,0.002378895614323591,1.8071310047066222,0.9261233477978498,good
55.64,0.010555709307639063,0.0012971559192435454,-0.007102807068982538,1.228792948803981,0.0264735317415735,1.807727804821999,0.8486991361783873,good
55.66,0.02581380101225477,-0.002787143603866139,0.015554471165026016,1.2262350181615347,0.02217895538883507,1.7122405779272354,0.9193433357453406,good
55.68,0.02255992993100046,0.00012237150597895887,-0.0020227242423551733,1.140547065997352,0.01942398414090702,1.7691477113139416,0.9080973546675478,good
55.7,0.04086649107911274,0.005667829136307054,-0.032702427454911705,1.199174089555939,0.015293038275514016,1.8533790056324735,0.8004747519232043,good
55.72,0.014394701931760623,-0.01602601792683239,-0.014063402162359045,1.198827061734255,0.029601568055646968,1.7447203415727242,0.9408871964165695,good
55.74,0.009387093730970677,-0.00757631350958184,0.0015326616035322926,1.1572940815686554,0.020042406560374145,1.8398653313992908,0.7895055386562397,good
55.76,-0.00011578791211067337,0.02236854192038346,-0.017396122557793204,1.1654215043754512,0.009272042423096552,1.7030864211510477,0.8772039516303026,good
55.78,0.03396510411480615,0.00773797626932423,0.015077128506560336,1.1385148896360728,0.016159269637561417,1.7894130293035515,0.931748781043676,good
55.8,0.02587971096050482,-0.02089093401506943,0.016602828672363776,1.1980344641448428,0.01814142707809673,1.7705699280763394,0.9147903858923143,good
55.82,0.01813963719986077,-0.00911991069289311,-0.03360073247522055,1.2207200721920541,0.026050874308652133,1.6566781477563919,0.8422056745459177,good
55.84,0.031192682779272795,0.009758555116860978,-0.002484653386445841,1.1788413009395853,0.02285665927338586,1.7891042460169602,0.8855079129317813,good
55.86,0.020752143724909355,-0.02543876530295694,0.0036334622022614776,1.111044389220694,0.013861571888904488,1.8429585046761099,1.0220919733722602,good
55.88,0.02155957263358625,0.007905340636847922,-0.018535210557186314,1.1953976182324175,0.03889237311666341,1.8815173012135296,0.8969366965298688,good
55.9,0.02120207138145774,-0.018970471938818328,0.00729308816329985,1.2147653708985178,0.031777128550252116,1.8060970663224298,0.8981495124784324,good
55.92,0.01700822931423483,-0.018176763534293695,0.009420731107461309,1.2593362719198509,0.010751029301577845,1.8347194247243723,0.8896064266735322,good
55.94,0.013667941315819587,-0.023117412549956372,0.014461735792559051,1.2146975827813973,0.03903338970171126,1.7705180196854104,0.9250634538159139,good
55.96,0.014334217612755848,-0.003758649837363919,0.006778673853370057,1.2055703125332513,0.030479950543865174,1.8771669039699002,0.9018779003936543,good
55.98,0.025053016979243444,-0.0006328898874021116,-0.01638561919032208,1.1917912423943442,0.03100222058546174,1.8242786834721094,0.9887282669432118,good
56.0,0.03437432383487951,0.009655649702345875,0.017659394764174937,1.144227344641757,0.018676235582778214,1.8471411735394752,0.9608041243504868,good
56.02,0.04049819867718001,-0.006453882455724704,0.0010732973951355787,1.204997266979768,0.006889735619259648,1.849902022014708,0.8763651582907512,good
56.04,0.007518537549191561,0.015104439210886824,-0.013682262910637014,1.2563185852322887,0.021992352524911107,1.8549223648591917,0.928106346772068,good
56.06,0.0165094629995753,0.02390451052725291,-0.02880668584674091,1.1401997440784382,0.012276607739778879,1.8410687224368716,0.9119081769520827,good
56.08,0.02074766041259078,-0.022919366281516147,-0.0020579097731154867,1.1980228946012286,0.02461515556010984,1.8462434823512015,0.9363761951647755,good
56.1,0.03201947128801996,0.018425980923915588,0.009530134358675517,1.1294068650088283,0.03221596829148246,1.8445391249397793,0.8990487979880828,good
56.12,0.01771893025426421,0.0005922930194766343,-0.02273366439246215,1.1583090576420556,0.016178622787030337,1.876152909673507,0.9016487529098359,good
56.14,0.02477169438400117,0.006252492061804692,0.00903907696254306,1.232549206755559,0.028892085399742987,1.7575444847166588,0.9320711084692657,good
56.16,0.021107722400990746,0.002554428579073088,0.018048856173528173,1.2612273606746465,0.025110378422087312,1.806905597746237,0.9523773194350448,good
56.18,0.014012895619904694,-0.009642071998266336,-0.010120090150016752,1.168015951507237,0.012127379522495431,1.8328417087346653,0.810982357111425,good
56.2,0.025791212904491864,-0.0018242613920802944,0.0034479610663848965,1.1309352304801206,0.027966991362303774,1.7662951358574728,0.8722169097769492,good
56.22,0.04285769611550408,-0.026457397104277757,-0.009898805809893534,1.1265664947444134,0.027288399642799825,1.7615047284915388,0.872092833609004,good
56.24,0.018264874179410525,-0.0018860998591366676,-0.01282128745934484,1.2290530254550969,0.0,1.763328540917028,0.9599112672983839,good
56.26,0.007703526829693188,-0.02290467038159752,0.004590927554065432,1.1424314933741753,0.028884186776307372,1.8269294354726402,0.8750415392386544,good
56.28,0.03899951555560206,-0.01781583602941155,-0.0166786156495735,1.1890568599560514,0.021708645035026754,1.7871058464357936,0.889450388946801,good
56.3,0.04036321676875683,0.00020596960302777175,-0.010654876496179263,1.2322726548723932,0.026800129509554734,1.7764432010542932,0.9508310099264261,good
56.32,0.009637415460510139,0.010344409412462398,-0.014033523337406737,1.2145662747383792,0.028401176557730105,1.7845589381574583,0.9001195856770792,good
56.34,0.012599598988421432,0.012060273154565737,-0.023341865603453263,1.1875602811032904,0.022060860827343442,1.7882267378088137,0.89945546330202,good
56.36,0.030068562146948974,-0.004183581141927958,-0.022164206038064155,1.229721025760274,0.01802095418240273,1.86242686916621,0.8673227663298088,good
56.38,0.004654412195244194,-0.009483876988394915,-0.005917617729725822,1.2018189005431679,0.03170067452011632,1.8067008747790094,0.9041945418184228,good
56.4,0.023448326146412495,-0.007954626682311818,-0.012448889538498643,1.2037793322293637,0.026796601623334165,1.7556120554165506,0.9068378934372386,good
56.42,0.015140774214060416,0.005964357600124395,-0.022680519886007854,1.1756013598552542,0.026440964256940556,1.8215153181311294,0.8824584406156103,good
56.44,0.013970268665272505,0.04534286043185983,-0.0259912558649858,1.242711817303404,0.0214032748158426,1.7781066990751366,0.9204051614131203,good
56.46,0.005095335486717596,0.0028426787123020784,-0.010537663974703758,1.1941515014598247,0.02955600932997131,1.7848419771056512,0.8446013341689599,good
56.48,0.03594934396054627,-0.0037293918894721534,-0.006943506399165926,1.138603901567833,0.025717946580809385,1.8075310223542636,0.930168547125713,good
56.5,0.03557653312879707,-0.005510892485510213,0.01589048256438752,1.1981566318221148,0.03463780445800374,1.7052074224187803,0.9095530162668917,good
56.52,0.017547545656735483,0.01667669391748542,0.022900549181049428,1.186026398749838,0.019268463003479702,1.7992836458216674,0.8760899002752829,good
56.54,0.0044364608975838975,0.00519241848220592,0.024272729965082954,1.1859240848746577,0.016496794068653477,1.8033546261333113,0.9597356529027827,good
56.56,0.042167334869782074,0.020280580049059842,-0.011539549290831652,1.1559619426291579,0.004669810051989491,1.8341588677541372,0.8691285660769026,good
56.58,0.04329862660107479,-0.016025414639599295,-6.115613351816454e-05,1.2236822349275707,0.014216477077086672,1.813793149158096,0.8777203055581057,good
56.6,0.04600721004883388,0.001647355941511409,-0.004425664480934598,1.1044620010203192,0.020700034259175302,1.6939817956448648,0.8832768782033221,good
56.62,-0.0028234916045142776,-0.005235249162905834,0.020280069771498228,1.105514199975808,0.015502102695762916,1.870842797293275,0.9056883605196621,good
56.64,0.016834236338242426,-0.008330984311066226,0.014814015793742684,1.183633257623515,0.021899554445783027,1.7961038927737314,0.9293469759916608,good
56.66,0.015493464232654125,-0.016026105423389222,-0.002726861645326845,1.1425898878229712,0.013798459778938453,1.8072854783567809,0.8377872782284307,good
56.68,0.007048187080127842,0.008871310678099013,-0.006676316906556839,1.1988513709119555,0.012753618918052878,1.8353743416352022,0.8583989370998595,good
56.7,0.033636210895772775,-0.019571062551739127,0.008077894078792863,1.2078160279178287,0.0,1.810272130439132,0.8724952058568195,good
56.72,0.04480881703232874,-0.010123605365934478,-0.018140646991569552,1.2814743105928048,0.016004403416153497,1.762631616937126,0.8696771343424785,good
56.74,0.003922273772080148,0.010404241196282213,0.005921785588373733,1.1924563293681356,0.025921059720999253,1.813695498183161,0.869367997973877,good
56.76,0.02336998998758397,0.02668294631465446,-0.00022971598243637581,1.2018989672546845,0.023038747980195937,1.7352540019958775,0.9370401605437475,good
56.78,0.028103060143326853,0.007033670851708658,0.0012252106853196418,1.221267395183059,0.01999866273677597,1.8614301859755311,0.87678947358835,good
56.8,0.022165675566097474,0.004778635870144954,-0.04264087398936424,1.2218454388018438,0.02857900284667766,1.7883477676238664,0.9194567000982035,good
56.82,0.007465463916021236,-0.003350009523020522,-0.00227529364654441,1.218734991532609,0.023708145400945662,1.7579710899350978,0.9374113979689648,good
56.84,0.022848705082150114,0.03372470940188472,0.004913924478250524,1.2027839388131887,0.01302572130790897,1.8430300560435433,0.908791187291738,good
56.86,0.015270770789055116,-0.03264087245487687,-0.008252490095018718,1.2093704790925583,0.0,1.6977128607684087,0.9180723096836355,good
56.88,0.008957937327380809,-0.0018640392057714475,-0.016610673588824006,1.2117617578835036,0.017660739763562736,1.7642474367138747,0.9044334074883287,good
56.9,0.007155541427906139,0.0022150658357995147,-0.012891902508600929,1.1658734792534948,0.009120046785397762,1.8444528266522346,1.001666974224954,good
56.92,0.02372085081657298,0.00041034657578990823,-0.01277782941331284,1.186657847475254,0.0201113271538791,1.7422530518327597,0.9024994084235688,good
56.94,0.035691827575788836,0.02266332835491423,-0.013879384161527132,1.2060831943355785,0.02473535360265333,1.7015025693664168,0.9215291642139994,good
56.96,0.02560172883407321,0.029677851187151497,-0.011102231897978963,1.2326239397652623,0.012515139758196452,1.7076839553810266,0.943584435757637,good
56.98,0.04609624877491094,-0.016057191841965864,0.005514651888018544,1.187924524309022,0.026169378558785143,1.8563003759467414,0.9517401724676364,good
57.0,0.0162986928278015,0.003819020348007122,-0.014694510709891603,1.268348700710887,0.009767705150623219,1.799853490667718,0.8896372144964259,good
57.02,0.04012702086559867,0.021795585295540997,0.026484937231407456,1.2522217970665126,0.013984951439756952,1.7337703658047061,0.8416328636458721,good
57.04,0.016264086810338085,0.01028224854298948,-0.03513231824672798,1.2557788131299759,0.018709988744409257,1.8491915498647788,0.8528810629224579,good
57.06,-0.016044021858044124,0.00940797712950857,0.006054236113420064,1.2214229730294779,0.04263839327411533,1.7304125935283672,0.8425483556658692,good
57.08,0.012161708963373546,-0.008799628365490588,-8.894386732525005e-06,1.231619921765567,0.023630027537607425,1.7873253311104607,0.9314511617132553,good
57.1,0.005364378759287237,-0.0012555424383312087,-0.01031899014042487,1.205786585904164,0.02159757692469711,1.9194202637493656,0.9184787282571769,good
57.12,0.04317287228075243,0.013100355776095755,-0.013043983707279948,1.1860866133765906,0.019430031315564592,1.8937173756963177,0.9349328725369417,good
57.14,-0.004997008497921756,-0.011815254151819063,0.0140293747544887,1.1176032692355498,0.024671396291476497,1.8463973078761693,0.8452469789841949,good
57.16,0.02293578485585985,0.010529318627894014,0.01307319146616761,1.2522960974448303,0.022744349000343934,1.7668792149793333,0.8912403774166335,good
57.18,0.009419663811106396,0.013211449865801453,0.019920632177718486,1.2244643042014123,0.026761539697532245,1.8329489352112063,0.9075483553376965,good
57.2,0.02204830670745547,-0.010998401399999217,0.007622725961789555,1.1640231938528007,0.024145320293354165,1.753129371513256,0.8978182956744596,good
57.22,0.002519617173558634,-0.010173051334771772,0.004090097548374892,1.2192680058458891,0.00938897891397607,1.824942944020972,0.82734633498134,good
57.24,0.0374247790900288,-0.010069676678607043,-0.015781754183572444,1.147275757534865,0.01769565565292447,1.8148534741261668,0.907889587313059,good
57.26,0.028278835630756435,0.001222219765649306,-0.014250973671898622,1.2486291944946002,0.035263510159852095,1.840282690810679,0.8989591188757905,good
57.28,0.04097090892405566,0.022814125367540752,-0.009454043522792032,1.3013100770436643,0.019463581035027877,1.7253597762397923,0.8826224674700393,good
57.3,0.0030748843948301577,-0.006377690306811463,0.00804784305703794,1.2060143333210225,0.02620959943834302,1.8525098708720147,1.0303991714062015,good
57.32,0.018198311463164703,-0.0026498237081191184,0.005041702227290641,1.153929241823477,0.013536773285745455,1.8419369343064125,0.9652456357753268,good
57.34,0.05215911276227458,0.02094869892835684,0.026591151674688066,1.1977458350941532,0.0020704868826915655,1.738908193348495,0.9711617740716699,good
57.36,0.06328996110024553,-0.008712702853603078,0.007690543088505286,1.1576720220434296,0.031754638052608745,1.8568396166805972,0.9112279321389339,good
57.38,0.010995832972511875,0.004116367717100899,0.01937577738787181,1.1176092418122425,0.025400326580601196,1.7766732233331914,0.958131205811776,good
57.4,0.011726512050798357,-0.007103464304140035,0.017738229682103653,1.1705245893713543,0.02676541493771977,1.8571666698243534,0.8481481506036768,good
57.42,0.016679448009991493,-0.004678285965850549,0.0017121873314572835,1.2187539708617916,0.03732511006547033,1.8202180456170112,0.9166850941860545,good
57.44,0.028152287504638645,0.008530728842735993,0.02089309425536375,1.205181979127587,0.018752785168638347,1.8570362846961737,0.8747328790058482,good
57.46,0.020844160719122182,-0.01815182314542294,0.0027123567528943844,1.2167801703368237,0.014549170197304648,1.9164997989589618,0.9031575432981566,good
57.48,0.028603443100251875,-0.005271139933976756,-0.01239757864221464,1.2135296405939395,0.012157454327885462,1.762534435198676,0.9067382799550902,good
57.5,0.03132034121946018,0.007876942096495757,-0.010062220612838483,1.1810623119936023,0.01012432053514541,1.7736479465302553,0.9062390222862576,good
57.52,0.04913450904674867,0.008035026252097406,0.0018362878434458173,1.1268923058371716,0.0057927066905347595,1.7761997190755563,0.8768633354506608,good
57.54,0.0336212957552425,0.0032420528593567807,-0.0028157942798410977,1.1999241955058833,0.0007704953544265605,1.7386199547143213,0.8714026687924418,good
57.56,0.03961296458376203,0.0016364935690032938,0.021508983224243623,1.2033836918062109,0.01907095235112,1.7610810137741164,0.847725269571546,good
57.58,0.02260418198083285,-0.03464013965707002,-0.0014280707410099912,1.2966177066120435,0.027162430787961565,1.7734170868706236,0.9128715265340677,good
57.6,-0.015142208821156683,-0.026398608106703334,-0.01045654342282472,1.1222104678951252,0.023719728806673654,1.839602004857226,0.8309847159354719,good
57.62,0.012848833566022842,0.012118422642718351,0.01528630132016469,1.2622113670994297,0.026871731601167716,1.771365628764946,0.8251214072800955,good
57.64,0.010922468430454418,-0.010916195576947483,-0.02713358575020918,1.1995882691857007,0.01748225748407144,1.791961318738747,0.9370480559078617,good
57.66,0.020584467711690774,-0.009070436420055937,0.003532330721824782,1.146588093952981,0.02543124815694968,1.8061518260242229,0.8122989615611533,good
57.68,0.017244994865466816,0.039692610675117465,-0.028538619233489083,1.201875468015884,0.01997319220875396,1.8605824004700213,0.798735895286539,good
57.7,0.01800564824215681,-0.010227966592914696,0.0008186398979832238,1.2470546121218038,0.010099480890704619,1.8772395887507063,0.9499253741049,good
57.72,0.012660300795056917,0.012687070510022285,0.006372166080532224,1.196480474409609,0.029310015402714246,1.7785573071551646,0.9298799477154864,good
57.74,0.01824636446075684,-0.01961628373860824,-0.012121825840607055,1.1586893701533743,0.007344172620542242,1.7956241550644796,0.9703235964970166,good
57.76,0.01759358063356124,-0.012715405190778425,0.008670168881544866,1.1350655183167653,0.029684379099714067,1.7914523143578207,0.8216825013860657,good
57.78,0.03631491247235462,-0.02634869463307654,0.001010095717773884,1.1679243540928916,0.047150770270156406,1.7378066270323136,0.9160213920606655,good
57.8,0.013040295611171215,-0.01843949292008061,0.00811586029160085,1.2227969517132464,0.012901481776157273,1.8195578614748251,0.8404114256356853,good
57.82,0.014173685822021194,0.0006138057302867437,0.003909699030580708,1.2622765928716873,0.033588212116157264,1.684021869509019,0.9266361972884278,good
57.84,0.019371407128069843,0.016260738267510743,0.00909891535628266,1.177807614954615,0.03276490470257855,1.7563537923582495,0.8707302028157391,good
57.86,0.03493628989805426,-0.0011520848668245636,0.017062696473879677,1.157825827686925,0.030823867155099223,1.83355373474715,0.8733967533182126,good
57.88,0.018668781725734582,-0.025655599830300184,0.003864581022661419,1.1638450993821563,0.01506682095954284,1.813282425415638,0.9148091358210302,good
57.9,0.02706288821407725,0.007981490594021272,-0.008654559789008446,1.234218849052978,0.01706218576483171,1.794641251669146,0.938187656211146,good
57.92,0.05250269030620137,0.007354479387803685,0.006389849971710449,1.1355885632130205,0.02422245386427056,1.7949870070262788,0.9481648700273453,good
57.94,0.015884083341376358,0.0030070042138474894,-0.003873773055862409,1.2013546137478737,0.02377175922032042,1.8184741528174113,0.8780651005216417,good
57.96,0.05559002732586247,-0.009481279444067526,0.002217449458594274,1.1881533636675945,0.026330816815797894,1.8725533108094947,0.8054300727053973,good
57.98,0.04556236437973067,-0.0011941142622283732,0.004875802514556119,1.1996045513711586,0.01234285494539411,1.8523178618581395,0.8718181854452408,good
58.0,0.036496111598744184,0.0017506193519154273,0.0026036575701063277,1.2471700288907772,0.01403830297229049,1.801627604804816,0.9169603029420548,good
58.02,0.03459894062779044,0.008303152808611505,0.020668390617984977,1.2542289289406032,0.02299703909639368,1.9084195445444643,0.805120142508736,good
58.04,0.02587619692344147,0.004194424865244887,0.02804903946539565,1.2005240172218477,0.03602501515310598,1.779795585996435,0.8256570009550452,good
58.06,0.03047299694885086,-0.03137563139129228,0.004685251620648674,1.2596451896317344,0.04006837156204604,1.7691899491204335,0.9571615993727115,good
58.08,0.030699352186678755,-0.006418137351709997,-0.018603743314455166,1.2493475422999123,0.010211783686684272,1.771607722875826,0.9530472867919737,good
58.1,0.019632850696290338,-0.014461366595592471,0.00684348293567975,1.22232361894456,0.02093482071156358,1.7439253724271493,0.8605151630490986,good
58.12,0.027936271090565117,0.01944442216913431,0.002252769171356071,1.2068060888430954,0.026894322935792563,1.7508420927005806,1.048753256650848,good
58.14,0.013061248937657513,-0.007068589102455007,0.0014738601588426363,1.1062082759346856,0.030302921935307543,1.7168792906898318,0.9374906353298913,good
58.16,0.04312150211659648,-0.00607933134183377,0.007608864539974409,1.2266802891793038,0.005584086189380683,1.7497921519359485,0.9145037820576674,good
58.18,0.01472022257329358,0.008873429011888473,0.0005435312008805103,1.3022941883514276,0.0054012660635630125,1.7778374195265514,0.9153298058651475,good
58.2,0.0356472136797013,0.027215582363141737,-0.003013024304748441,1.1563028280175152,0.019145811093287536,1.869312063916317,0.8054313872699812,good
58.22,0.003041850334797635,0.010482897078279357,-0.005540545986031959,1.2242020162542375,0.03626331982985427,1.828081655230982,0.9195662479329684,good
58.24,0.029375898801870543,0.011585209589863532,-0.021093597005694156,1.232912084228559,0.01587793636900938,1.7705869184471965,0.9155974140682307,good
58.26,0.03231339681522183,0.008692550197837866,0.01469929283479063,1.198861793473909,0.026760138773701175,1.7857041206232585,0.8530841572461394,good
58.28,0.04400538445714801,0.006939746147043183,0.012157608307760236,1.1971599206876922,0.036427603501740895,1.7534910147869374,0.9969140885671012,good
58.3,0.045151362007480364,-0.025384828467826463,0.007618391843271322,1.2517885805192013,0.0355216110484466,1.9023071105294715,0.8103887104118964,good
58.32,0.04492454292893089,-0.01947029339200251,-0.0014415584410260081,1.1517169107849923,0.008270050066553333,1.784970515797351,0.9175820820727562,good
58.34,0.020761463675009344,-0.009812858336079994,0.0063445804590300334,1.2564615552245584,0.02200026439246868,1.9173860250559667,0.93568990583657,good
58.36,0.027650882513092216,0.01649282499632686,-0.01011674462661532,1.1432190855509312,0.014369772256336795,1.8000269527607418,0.8457772686508158,good
58.38,0.03855099443760578,0.0002694462570973904,-0.0028057323945971722,1.1910512414821706,0.03589711806923338,1.770395406894127,0.8340098827686997,good
58.4,0.024028894258128937,-0.0006939816025996427,-0.010892617519496366,1.160201537648054,0.03369099149468885,1.8513540502635446,0.8466910792445358,good
58.42,-0.01099585845745878,-0.012849202383541671,0.02880909404592093,1.2464546916480368,0.028362479685917093,1.7819294929923541,0.9114328663527477,good
58.44,0.044823560882541434,0.0006115675770129306,-0.007156358050842162,1.2823270617409581,0.004373934868946001,1.8549935483344808,0.9237083206871793,good
58.46,0.044235536492634224,-0.0032038934517148064,-0.018961760690900005,1.2317166680115665,0.025566062722531438,1.7893766681509469,0.9408190783915078,good
58.48,0.026150703045111433,-0.003366410619751044,0.004376238102780442,1.2207438021114403,0.03659139678948846,1.7561203349731962,0.8923167430705561,good
58.5,-0.006790558276275285,-0.015595367152270629,0.025390474491717056,1.0846751448175371,0.02095755727838337,1.8032240864326141,0.9328412399462607,good
58.52,0.0012364676223827783,0.004462344864250976,-0.00303481189165703,1.1930566895221904,0.005145145197190859,1.7073914725142298,0.8800880083948885,good
58.54,0.024531677048349923,-0.0009121314086636165,0.0002587419281245156,1.3020643324237655,0.041428424781702874,1.8367322519096314,0.9570164405300058,good
58.56,0.013517315532779486,-0.022575240696408844,-0.0032105869347748488,1.274670225085942,0.019344271487974896,1.7613600262351592,0.8825567974716484,good
58.58,0.033012778442701306,0.02531162009637376,-0.001404493416978213,1.2431531199100845,0.023107047560350657,1.7804237511696406,0.9233237183706584,good
58.6,0.03926855792077628,0.02311133439165746,0.0007634785687702353,1.1598772546828728,0.02358434675859135,1.8985293887919268,0.9348568301657827,good
58.62,0.003287778042007093,-0.0015268717169692537,-0.004636216604930387,1.1675094242806268,0.02823483284087871,1.7534249254514997,0.903059924803759,good
58.64,0.025053863923260245,-0.006408622893023189,-0.01299738515148558,1.1481155614273775,0.03255853041301859,1.7998152438399015,0.8891758579610749,good
58.66,0.017033025150100745,-0.010390565620555842,-0.027513116949591836,1.1744427075686337,0.025137461511377593,1.7964813307527214,0.8679653837370297,good
58.68,0.01092871067923046,0.017202695473599813,-0.0044748843221658835,1.2334417721019413,0.03367405772216102,1.7349268072528428,0.967495153483772,good
58.7,0.018195612050724733,-0.013335926576929037,-0.006445161541123525,1.2670011954524942,0.03597213472335911,1.805063932049717,0.8725427929698346,good
58.72,0.030856222625328344,-0.022677446430554568,-0.0007831649026344246,1.1998218124970315,0.02933646915096652,1.799143085710393,0.9103681848798751,good
58.74,0.0013034854131838487,0.0017004686060958785,0.028662687678842225,1.1603125838454766,0.03438150613421875,1.7308133395465872,0.9545650814628855,good
58.76,0.0072394211206359286,-0.029841130496761886,-0.002856450887412472,1.2186238430049048,0.009166775679956059,1.7738939915479113,0.9579183608681988,good
58.78,0.00603615989581778,-0.004432461751587462,-0.006859601096578088,1.1813713043534821,0.020557580631414104,1.79910267200068,0.8823927698312775,good
58.8,0.031853027284827765,0.025902409959160565,0.00676950715800044,1.2038719433772465,0.016039131251913266,1.8596666880555182,0.8747752544975511,good
58.82,0.01676410070102768,-0.01232507526019173,0.014310364233432784,1.2211382505341561,0.02768628002044619,1.8902780553085832,0.8800280152317348,good
58.84,0.01652577084306441,0.013511507321069751,-0.0012481016359031302,1.2053799489057824,0.027368731009562747,1.7459293538699832,0.94489016470655,good
58.86,0.035916699134759256,0.00015458001636139924,0.002258388048209544,1.1896950862582552,0.028516637645709296,1.755479340471615,0.9298390552706759,good
58.88,0.04349191088794193,-0.0003303472074468689,-0.030444490013215805,1.1970949050234778,0.028628576518754553,1.7903023355257206,0.8382483649243048,good
58.9,0.049420086522767095,-0.013109337961852445,-0.0007450948613076553,1.2154361779235108,0.022118348470474124,1.8666458318489276,0.9017552666991498,good
58.92,-0.011367322584754591,0.00809773988487228,-0.0051120124707603794,1.1975481363394167,0.016152128290393985,1.7704287125507245,0.8543472491139694,good
58.94,0.011549859486775527,0.0006639786868146434,-0.004615889714399917,1.2083055670449931,0.016739066405871854,1.8231687039902458,0.8756032476644907,good
58.96,0.04182280603521328,0.0025553507729795836,-0.005651443618283773,1.2681335502911943,0.009432590219702665,1.7299036473559364,0.9083786045355989,good
58.98,0.012084413407839582,-0.006395059698553416,0.007893598255864559,1.2121464892339964,0.017425554885194896,1.7117869800883767,0.8931504587473114,good
59.0,0.01016925026671722,-0.017225837680889314,0.004392208104136839,1.169837012025698,0.012288061634472366,1.854869348792393,0.9190075250805498,good
59.02,0.030199002866824105,0.008875855758395034,0.019043491912817522,1.2378150506697159,0.005098970949013112,1.8416129944782633,0.8528867690154737,good
59.04,0.03583285596871313,0.020533354588950777,0.014493992361096745,1.2249729411787869,0.03497993671076169,1.7748521652123703,0.930506735454309,good
59.06,0.01616838848469983,-0.03387858021051004,-0.015044206099289666,1.1437416696905467,0.005065534374462968,1.8420509276400978,0.9367601639292447,good
59.08,0.00946409401774376,-0.028607277613994505,0.0011551590067353137,1.132680481672918,0.013690077188641108,1.8947983673288684,0.7989283300507927,good
59.1,0.02105229382949305,-0.005974145207612183,-0.0030723820613769454,1.1298657862412504,0.022660860081702486,1.7683195085370929,0.792378108230967,good
59.12,0.004420937974999685,-0.0037239583644026594,0.00467643172628038,1.1713432478915409,0.018346149651323636,1.7479757828780715,0.9307398490022725,good
59.14,0.02421581969091862,-0.004608060281619379,0.006807704030931113,1.217924925737342,0.010382777476240812,1.8056215670309375,0.9432359931117642,good
59.16,0.006090119220768884,0.022868381524126458,-0.03242058446081303,1.194307558248335,0.02341690887987376,1.7478562233644115,0.8906954729264003,good
59.18,0.026073046531226655,-0.017202816205994127,0.01098584541416605,1.2440943236562718,0.014086161638627075,1.8027365337512586,0.9115326647152424,good
59.2,0.026663711621458787,-0.02558721482206555,0.0020470098973403407,1.1674784545493402,0.04054608940608329,1.8260543548879171,0.8645620060971035,good
59.22,0.02123021406525657,1.3136330874468238e-05,0.00816954494811576,1.1967320566154591,0.011939968478016386,1.7702098402708137,0.8850484842837947,good
59.24,0.020667636843436206,0.008090083524162383,0.00684257094289142,1.137083971047335,0.0164119336944702,1.79045965623566,0.9488835200786377,good
59.26,0.014996545759930665,-0.010282597036154775,-0.017627420084576365,1.1490427221519857,0.006542671194548542,1.7296734105450446,0.896913514594808,good
59.28,0.01064514830589856,0.006112974051065553,0.015523057690048398,1.2069579282723875,0.014406687632836175,1.8496984551630982,0.8463182223890752,good
59.3,0.009125012249234135,0.011432387886569242,0.003258365595625828,1.2434959727784303,0.02488262250777435,1.793850225619618,0.8349691037404711,good
59.32,0.017985512655550543,0.015072092334249372,-0.00887547857041563,1.210115670053278,0.01833430381968225,1.7978614526237326,1.0219464460607792,good
59.34,0.014671070477885554,-0.012799861656044308,0.01787141709785413,1.2037378061590782,0.003506912126442715,1.7565484446675583,0.9774866202780681,good
59.36,0.005611395355045426,0.004150631022945628,-0.008692797772864058,1.1819057424949315,0.02490762462909797,1.8315675662977637,0.8654087524828658,good
59.38,0.03476463819570488,-0.013880794926591016,-0.01315228495195974,1.0806267060640633,0.030335113263471405,1.7885726551273362,0.9308434047106646,good
59.4,0.030133427903780433,0.005584041195951888,-0.024743617649838283,1.230631077445461,0.0015121347831116155,1.7699388750769391,0.8340134285708194,good
59.42,0.033043910152535896,-0.007921921458471336,-0.0033597128202573793,1.1670219334052179,0.02469373274798687,1.8003371039369023,0.8369673034049223,good
59.44,0.013184883289363618,0.005827167035279693,0.003215207459728568,1.184331776099248,0.018451422275904093,1.7668455709965765,0.888507494758605,good
59.46,0.040110443719971,0.018219794175332683,0.01021453806115539,1.2585066997887335,0.006564516457791474,1.774192656411585,0.8887955540828847,good
59.48,0.025967508054589375,0.018546681408579176,-0.006913104526340407,1.2107137530419307,0.01256009167164778,1.728004779129183,0.875040088348614,good
59.5,0.03399095931634561,0.012866777612955132,-0.007124487039376539,1.1611964449139098,0.020045876084685405,1.7257840462985854,0.8530525765630894,good
59.52,0.007433414635437946,-0.013975926548938903,-0.01464733605825507,1.2778777205554728,0.013519796766482201,1.7264120760612989,0.9221540891618624,good
59.54,0.024859086892975234,-0.0069090800907929935,0.00765142976833174,1.2704825028183127,0.024589894212038072,1.811762075298623,0.8376668555277743,good
59.56,-0.019310263075622475,-0.008853347581835319,0.018178996333928176,1.198840789522956,0.02277344234574092,1.794590542232897,0.8865895507599411,good
59.58,0.021354008234747902,-0.01963618556135686,0.0022340023747356892,1.289467866808119,0.025919997016984494,1.7915328653150397,0.849405967293817,good
59.6,0.026752869300529586,0.010082800380409618,-0.013255313219732789,1.223613305802095,0.02395299093359609,1.7811770938541471,0.9118096187968658,good
59.62,0.011960443667422748,-0.025250228057968217,0.016590865080470394,1.2258040561923726,0.01596402566590413,1.7668959447054182,0.9095695011086524,good
59.64,0.03467046646884062,-0.01196752448323021,-0.00803203858850101,1.2714748709459727,0.02901353292182684,1.7947233592822927,0.9134198568662477,good
59.66,0.027779622891337525,0.005049332571641275,-0.011739199118397546,1.2092483446988573,0.0236957351425469,1.7708928321429758,0.9407772404248378,good
59.68,0.023809703014681584,0.015845577833291997,-0.007387170109793221,1.1996728309170508,0.02282836696760128,1.8486296678153737,0.9283622162635432,good
59.7,0.03821454490785961,-0.013899917584708736,-0.01514625839375541,1.2028367005565688,0.020165490471623956,1.8270805554078775,0.8837483294917085,good
59.72,0.019806374681421112,-2.8741011186189837e-05,-0.006732649218915472,1.2708621090920862,0.025369881261610435,1.783157402619637,0.902262884584481,good
59.74,0.0138219660686617,0.002904912333623606,0.027759282666249576,1.1978372184891177,0.027058939015689502,1.900785548845683,0.8080683022407528,good
59.76,0.026941795795288808,-0.01915448823128975,-0.0050509098788935934,1.192500612210572,0.025949661093824627,1.7175844830145308,0.842494685867872,good
59.78,0.005464570660739231,0.008947168711093518,-0.0037369520021545964,1.2549245341226785,0.03428354718431688,1.8531570679429894,0.9113279692879461,good
59.8,0.029114409953228296,-0.0003154854047157684,0.005412290571155846,1.2473462046151262,0.02395184399103495,1.7567830294306968,0.9200755640790256,good
59.82,0.019866476046609436,0.010655636401119578,0.011094944780715314,1.2006359382513199,0.04291024922525548,1.7953862394373803,0.9091681058730915,good
59.84,0.01873264255726657,-0.021128180415624778,0.021337699899833515,1.251545895436672,0.025068963681415056,1.8262887114254962,0.8534744093715293,good
59.86,0.01502160358743388,-0.026104241189881958,0.019585161580013808,1.1949328597435476,0.03199131950452101,1.8163059934403236,0.899234185815483,good
59.88,0.0121765729616678,-0.005879279750832127,-0.0003673599990343459,1.1596615981796183,0.022277724744982883,1.7654986713501755,0.8725143493275342,good
59.9,0.03339780422498527,-0.007325339287859649,0.0018788259442874772,1.1383429507395304,0.011081169650287109,1.7537901650554903,0.9007641075276457,good
59.92,0.02131892125724252,-0.004514118729083812,-0.005039160358752941,1.2059105256087472,0.013102579705133156,1.8504217787092576,0.947367326296514,good
59.94,0.005993091958490492,0.010725877959016014,-0.00789631623925921,1.1948002009884038,0.017895102485469522,1.7510317336137862,0.8289135927241597,good
59.96,0.010311796055772324,-0.015396552220121268,-0.013761594512377443,1.1705946679195962,0.0036283305007503604,1.8578341642394016,0.9736229780664833,good
59.98,0.015618555024822069,0.0009543759657883002,-0.008888669066855665,1.2393120884116213,0.0195081806874797,1.8841604475454585,0.8831987276815313,good
