timestamp,delta_c,delta_th,delta_l,delta_tlj,fwd_head_ratio,shoulder_tilt,torso_lean,ear_sh_ratio,label
0.0,-0.005988069652355947,-0.15043911376467264,-0.29202654782384146,-0.2804914261382056,1.3817094148772695,0.04665500892179463,2.0332569296170404,0.9162103298934248,slouch
0.02,0.000398851996416273,-0.15551535915635667,-0.3394732766991901,-0.24270550263766122,1.3576507226403316,0.035218833993907704,2.0682264318539754,0.9502758811345071,slouch
0.04,0.04691648453090879,-0.1757287011626151,-0.3486147015105039,-0.2652385807419906,1.1923695170896949,0.0460473856451933,2.0452770843542627,0.9076058804022805,slouch
0.06,-0.0012724988995858604,-0.1603939744326575,-0.33591940772032264,-0.28519534024908033,1.2804760506678696,0.032528222143779324,1.9942636419734314,0.9658594158263941,slouch
0.08,0.02196602281513916,-0.15376323265992534,-0.286402303282745,-0.2407399398906308,1.325790985907436,0.0560656640041493,2.0824060587980786,1.0628897704615319,slouch
0.1,0.07369100408375186,-0.17085962595243082,-0.2738305730588591,-0.2839192507164456,1.3318198934667485,0.019208208802040848,2.0992924955402366,0.8636286184644715,slouch
0.12,0.0402580149124862,-0.15549914290987946,-0.2789158694992815,-0.25907717440107697,1.3050306055490009,0.031383141349631084,2.1390776801429876,0.9398003284100064,slouch
0.14,0.03166234983939396,-0.19537045636881228,-0.3241277977434643,-0.23728319506466775,1.2575213282660598,0.02528989424146062,2.1346762606346665,0.9075208657891791,slouch
0.16,0.0015058294193512334,-0.18505782111257388,-0.3226198257292282,-0.23000929140448606,1.2430885906425628,0.0,1.9847237156654625,0.9669787617162977,slouch
0.18,0.032762365248620015,-0.15637162748487118,-0.3209618573176574,-0.22187753512323938,1.3336884647895277,0.06926682033415206,2.1944886560929744,0.9536430101472935,slouch
0.2,0.04097646522650393,-0.19009075403889636,-0.26656350563172937,-0.2474107833381845,1.2505703482537034,0.03891174640802364,2.1020235111996306,0.9801506935149039,slouch
0.22,0.03678823802643633,-0.1513725998593766,-0.30124103713355876,-0.2405724838184183,1.2810266696266266,0.024588745450063256,2.06956749811583,0.8789251240835801,slouch
0.24,0.05439577781292283,-0.1787195790154835,-0.2988900452544838,-0.259813723896194,1.2723686350169228,0.06921145527572985,2.021385100502385,0.9211651837844849,slouch
0.26,0.03704631304356574,-0.1414338292680609,-0.32016937439316795,-0.2301781137070327,1.2695895801821326,0.02515427785201043,1.999659976780161,0.924386448957246,slouch
0.28,-0.022829581314976664,-0.1562193311726196,-0.3204024968173231,-0.2511030012240782,1.403322640820092,0.06194671834740678,2.100460864172679,0.9326096616464151,slouch
0.3,0.0035141893599153593,-0.1614388645617005,-0.31032800227658924,-0.21829787049735397,1.3025995691893144,0.022473541175245606,2.0865210846448177,1.011562546788506,slouch
0.32,0.02547754472158534,-0.1487560330124869,-0.29935810180590705,-0.26843924520904416,1.3025810355393441,0.04935766636382666,2.137042380899457,1.0103569339652831,slouch
0.34,-0.0034501086025273834,-0.12339585040270903,-0.2981953247723797,-0.31430421513597406,1.3828848526610356,0.023981992661239678,2.1512524818711887,0.9649996115399472,slouch
0.36,0.03731675635428887,-0.1392109083631294,-0.31292355750213685,-0.27477932214780876,1.2715949706685568,0.061542698689956134,2.1302280972629415,0.8705383169584688,slouch
0.38,0.055634567752296006,-0.18258531369134343,-0.34838267089177627,-0.27651153590743216,1.4874125792698678,0.03932564330374568,2.0544422712088553,0.9145582375058485,slouch
0.4,0.042743884207643947,-0.17373255865163997,-0.2888210725775362,-0.2603264777761928,1.200685529481036,0.051403421970644333,1.985354502274347,0.9741982357440704,slouch
0.42,-0.0012651292791935537,-0.15948792669056316,-0.27529470540216006,-0.2439353258883071,1.2978658808553645,0.05401836347671669,2.0550553785095578,0.9043064191564538,slouch
0.44,0.010784214581647326,-0.16500763793427775,-0.3012033954328626,-0.2431222471010083,1.2602293600723653,0.040578354300709225,2.157193652934615,0.9063054735528032,slouch
0.46,0.019965174944696545,-0.13307194586300336,-0.3111454802999126,-0.2827546254098496,1.2491141358527715,0.05228208872843339,2.0544551002986515,0.8976110102114511,slouch
0.48,0.04454925948434576,-0.17550052051299866,-0.3112361612468636,-0.25970934491434944,1.2596277224143806,0.022856558668829487,2.1077678865153495,0.9445624937801612,slouch
0.5,0.004654642946415234,-0.17461830451159543,-0.2963630897116833,-0.2096552053815715,1.380791910036029,0.024855705628755023,2.1496518961552833,0.9190675479898484,slouch
0.52,0.07959846771363449,-0.15724917899907342,-0.3210592896056976,-0.26513225136315977,1.3446717746858305,0.044185462666423314,2.0291950575618616,0.9953003409958667,slouch
0.54,-0.026404711522026114,-0.1404842026998691,-0.30017886151671797,-0.2592819429332651,1.224102561790169,0.031708392471972165,2.064538375641355,0.931312311276849,slouch
0.56,0.007187613838196243,-0.18039792405048374,-0.3514668514399863,-0.2340311397532602,1.3206098788636371,0.06196621140402042,2.022083460577604,0.8548079268589586,slouch
0.58,0.025409470949316528,-0.16029302669171397,-0.30877351882246634,-0.25608902640899034,1.2786007269188937,0.045228897597488237,2.096299899790409,0.8968491590202077,slouch
0.6,-0.052756925965136155,-0.163577399170912,-0.3389492223521419,-0.26407620238571256,1.318554277291621,0.021255273790771287,2.137771887702724,1.0386316840745076,slouch
0.62,-0.028084182585562095,-0.16341071327779277,-0.30902481021624867,-0.22632600443169973,1.2795338200442992,0.030888959764605574,2.097775726857932,0.9780978384916542,slouch
0.64,0.04279683455099757,-0.14155549205884368,-0.3144608016580286,-0.2619084851827661,1.2654801304122347,0.036393051478153186,2.1230717266731634,0.8682962961505564,slouch
0.66,0.0015122404250839528,-0.11490054290193648,-0.2943004331500773,-0.23060587011449074,1.403545499531176,0.04225988396908942,2.1178207834747473,0.9939846765685564,slouch
0.68,0.02359320087295869,-0.15525877075930197,-0.27636802392363646,-0.25465432603920807,1.4277103994350455,0.023359866935881064,2.0274102138469394,0.9375340211185724,slouch
0.7,-0.03739735230931191,-0.14424981562189113,-0.30461370067941496,-0.24236989579082557,1.3746475709185024,0.0643793795805053,2.0909060121622307,1.039215349761388,slouch
0.72,0.04624214675646561,-0.16825447530080795,-0.32334567941395215,-0.2767914833162576,1.2608499916950011,0.03694923736210686,2.0219015709807096,1.0169808317815336,slouch
0.74,0.03941164923662117,-0.16920394443451556,-0.32986967620016766,-0.232323671707898,1.2362737419453598,0.048203445877222126,2.210128138879183,1.030975007113901,slouch
0.76,0.038425239482910246,-0.1479634931505715,-0.3500506046747048,-0.24875171927705578,1.2534567505614245,0.03110661706616667,2.1051534158890237,0.9791560662915172,slouch
0.78,0.039529784810789684,-0.14660222401870818,-0.26000349696295694,-0.2846286387302836,1.3112650946211881,0.0754376131381978,2.071089419452598,0.9140423198166234,slouch
0.8,-0.009383157857074904,-0.15324915342737905,-0.3443984125546905,-0.25932327182094056,1.324616377773934,0.023409414213027013,2.0708532440085734,0.9610461158189056,slouch
0.82,0.007774594465958506,-0.14324862537624064,-0.29437917802474656,-0.23074018505271005,1.325462750633487,0.0565658660826462,2.0235085964336457,0.9744157934333852,slouch
0.84,-0.02354051215647091,-0.1717190755170516,-0.28920603455919097,-0.26014052841625246,1.2198318503849483,0.02351514873350276,1.9507848385232813,0.93713588558393,slouch
0.86,0.0664135041389014,-0.12174834112946523,-0.29289635624235705,-0.21063120548239855,1.3530860738848478,0.033874469955064976,2.0438141315562848,0.9047981103096657,slouch
0.88,0.0442034381780474,-0.1396910235401712,-0.29798989364077344,-0.2569709021319749,1.4802395863210136,0.06542383109126686,2.1746609465395026,0.8297917628262689,slouch
0.9,0.03924667342436929,-0.1636969573335294,-0.3006998509508763,-0.2813755284474839,1.4793262052553373,0.03548494733484558,2.132116978670577,0.9722736034286305,slouch
0.92,0.022266947776528965,-0.1792923735503215,-0.29183496142207305,-0.2139601149771788,1.3289210057974299,0.07620482281479271,2.0620045813013093,1.0051580814684735,slouch
0.94,0.015545012504574887,-0.123181005709197,-0.2680771115307374,-0.22025064186860174,1.1736501042249705,0.05202490139481635,2.0289332230928068,0.943752900430253,slouch
0.96,0.028775764523256427,-0.16332519004645885,-0.29180871739646275,-0.2672603197887732,1.2432434902617324,0.08999882897133415,2.0454407843666904,1.0520761184801564,slouch
0.98,0.0406314227349218,-0.19166735846044916,-0.3209129441391125,-0.26840062120899616,1.3319507574113956,0.036569820414271745,2.0116087122041004,0.9516148990864705,slouch
1.0,0.01344039795737093,-0.15689053372254896,-0.2651213182581011,-0.28170575480461996,1.2829986368787039,0.0714795967903791,2.119137441588334,0.9012069634519619,slouch
1.02,-0.02720538641023247,-0.1723094880816255,-0.29898082248392227,-0.25403514282006656,1.303776982352696,0.053491390219737756,2.0665422047235382,0.9946140261608991,slouch
1.04,-0.003067136597753068,-0.16325657525311715,-0.3365538290175996,-0.2526371075774767,1.2380900728291788,0.018594961714004134,1.9718042098789887,0.9359861668622147,slouch
1.06,0.049431253591367914,-0.16212690625321757,-0.3272150705960332,-0.2545369130637393,1.2371310905912478,0.03688641428607534,2.022346975856827,0.975911017388183,slouch
1.08,-0.0031323219794024805,-0.13201650880853627,-0.31719353788123855,-0.2349701843864746,1.2852903439843706,0.045712201520888514,2.0339847129497652,0.9645023940348529,slouch
1.1,0.012908773623930963,-0.1585581661364996,-0.3329464499083333,-0.2381745310385552,1.3040798056857157,0.03680655449746015,2.106215270330608,0.9985072580162366,slouch
1.12,0.04441016621706405,-0.16706808082557303,-0.32282052438476777,-0.23768941055631237,1.3309559147863779,0.06089322319948594,2.1138502939962867,0.8932371735291799,slouch
1.14,-0.0028315361736386793,-0.16908085133703185,-0.27955031222568294,-0.2662790599950596,1.3068187485253302,0.0,2.0436397725734103,0.9200295593233628,slouch
1.16,0.014297531795467338,-0.17745856137936636,-0.2721690781875439,-0.2595303212049065,1.2403985532772899,0.03652836396698843,2.040765007855242,0.9471645009352853,slouch
1.18,-0.00032401553860009614,-0.1633448891397413,-0.31186161510243765,-0.23318192682255182,1.2814794272134806,0.030655377817877874,2.1263358054539556,0.976432640954449,slouch
1.2,0.04815639509196093,-0.1439825542888387,-0.2957073468697253,-0.2246402736929072,1.291812331633558,0.061736896458991476,2.019349716337925,0.9928689073185291,slouch
1.22,0.018479244311319937,-0.1574745079392591,-0.25526698601536124,-0.2567283013033781,1.3076535417120834,0.05676726620606345,2.070294590886646,0.9004971759654385,slouch
1.24,0.024740197780771394,-0.17135056557666228,-0.2928802453197303,-0.2618967735624189,1.3723439607163925,0.02619210046535834,2.070603084057205,0.9151929084420609,slouch
1.26,0.016246730552797378,-0.15165539781148202,-0.29717455501622897,-0.26823820215633426,1.3529182017987327,0.019115375408571215,2.2685077453169886,0.9321559385761892,slouch
1.28,-0.01782206545278396,-0.153328910736046,-0.2953940478123814,-0.24832728111270636,1.3397047805722224,0.06598869652769276,2.1589538005752003,0.9947362810416784,slouch
1.3,0.06277457488915926,-0.14703204208204793,-0.3206985617043335,-0.261021730889753,1.3347390743459144,0.006857505434937568,1.926240914239278,0.9221664339648133,slouch
1.32,0.03334639699068827,-0.21490373617901135,-0.31930875117058627,-0.22053896144519802,1.3902572984806696,0.05868722163851148,2.170924586511956,0.9000250025222306,slouch
1.34,0.0038664355375478657,-0.16957971682884956,-0.3131144439840364,-0.30004313047411146,1.2166391096086746,0.005681945151657319,2.042063937452185,0.9078753937696042,slouch
1.36,0.020764754325422557,-0.19682564390163196,-0.29078158139915655,-0.24871241586849557,1.3182680912304914,0.03559824839854486,2.193134757378938,0.9894877434622115,slouch
1.38,0.04621181493093135,-0.15945522534228276,-0.3020603360792288,-0.2516396204363211,1.3739614093032373,0.007027142662017827,2.2037790216190714,0.931694229507409,slouch
1.4,0.04009016771691987,-0.12494076749947569,-0.31359585171172366,-0.22777939744400577,1.3816743419089454,0.06670185077242037,2.041898150991705,0.9207550199368851,slouch
1.42,-0.006205362987210389,-0.14686766290206252,-0.29830692958407284,-0.2534277517352605,1.3263948300108406,0.006467276381812739,2.174486459622318,1.0382584729175688,slouch
1.44,0.0074859544410760875,-0.1603119897181762,-0.31776861761053893,-0.27491792956165145,1.2962672268267232,0.03321568010776728,2.0550891831334126,0.955511512533769,slouch
1.46,0.0026415697042894365,-0.1577715515725266,-0.32240665100532595,-0.2600150297160731,1.288262771502516,0.04086483857694673,2.1497535239670285,1.0298386418924355,slouch
1.48,0.01862920401720885,-0.17192299883578174,-0.2811484224060212,-0.2574118428496452,1.2595137317396399,0.06391759096102262,2.127684163371692,1.053322607115339,slouch
1.5,-0.01511688509477422,-0.1752289692253641,-0.3072853494374128,-0.23222301876807044,1.307909432615178,0.05381338202926207,2.147803273271096,1.0176702541906322,slouch
1.52,0.021486533375749663,-0.16870280535007443,-0.28588346995751934,-0.2588767353101865,1.270798615512712,0.013318265745639955,2.074280135357782,1.0019009458949995,slouch
1.54,0.017532411348516814,-0.1389722135525338,-0.3038514220889474,-0.2430190670148638,1.213878815753229,0.053843247752253735,2.033244426998344,0.8322106064080823,slouch
1.56,0.05279982249674483,-0.15520758601421633,-0.34907290522986467,-0.2337195220863682,1.2435825352329117,0.0010465241297152872,2.204777235031762,0.9706028133071611,slouch
1.58,0.034794328387885015,-0.1690057534125727,-0.27150573538533745,-0.26112059517576797,1.2822136978265137,0.01641233353464761,2.1739970228964487,0.9838161844172292,slouch
1.6,0.013218239327590958,-0.15602762855374433,-0.29936583703444847,-0.2527431380335517,1.336761872901255,0.03866129489554541,1.992464016102118,0.9052106140445749,slouch
1.62,0.0717044169449762,-0.16432616348094883,-0.303922761251098,-0.24580845909428872,1.257637504314255,0.01586261967606813,2.1861355006006638,0.9615741858194272,slouch
1.64,0.044505863961464914,-0.17587864982165155,-0.3172340319922719,-0.28745154497498243,1.2829901386709919,0.03775895796089924,2.2090271756526882,0.9930660125645274,slouch
1.66,-0.016328183831777882,-0.16659884316238732,-0.28392180558473473,-0.2618630101796778,1.310161514099665,0.04376462841946084,2.184398692095004,0.9473936902897147,slouch
1.68,0.02282205232680057,-0.12130763865722265,-0.2858546375437872,-0.2466760224854243,1.1835120743332581,0.051822957804865094,2.011150308091546,0.951085493293482,slouch
1.7,0.01000310875098111,-0.15089370536993524,-0.3198425646644087,-0.27065698711630365,1.3077434651132622,0.006782285614467316,2.1278043883387525,0.9830881430048033,slouch
1.72,-0.0006864203588747841,-0.1518051582607823,-0.3518304914893236,-0.26371901131431413,1.3282339513388914,0.05642164574203012,2.0635237496569387,0.9294811099399815,slouch
1.74,0.00596629408928803,-0.15718886653252825,-0.3470890426232856,-0.2768669686982334,1.3538986124053995,0.01796625390926306,2.0794857432210945,0.9148015198888747,slouch
1.76,0.05481108785261437,-0.1575769973344969,-0.3025996752973211,-0.24398134701876953,1.3061634999517087,0.0,2.1398924152350234,0.9377263939816797,slouch
1.78,0.00309042529122218,-0.169559827683972,-0.297180668248139,-0.2677761673698993,1.458263103702741,0.05871032105792501,1.9905067159949221,0.9569009427188631,slouch
1.8,-0.0015352023240151622,-0.18864870407909048,-0.3135638879163549,-0.2404750201554813,1.4216765765807153,0.06919200314783198,2.141385834017653,0.9984240109288093,slouch
1.82,0.02722473341804661,-0.15291451244156973,-0.30413550950208296,-0.2457871848563223,1.284414649835809,0.032726026951784934,2.104706188411611,0.9630740999585118,slouch
1.84,0.0397972450400663,-0.13196979987826074,-0.340036402577303,-0.2355248024869533,1.3318968603037291,0.11198950055596177,2.1326900581050108,0.9699651428741499,slouch
1.86,0.04515884773273952,-0.1490101917843674,-0.3301481375511426,-0.20094762271943348,1.2274720263482568,0.024804227804297495,2.222913167875457,0.9636250484463427,slouch
1.88,0.06255190196353624,-0.1612399668946497,-0.28777600175007906,-0.23030129274453925,1.3329463245964248,0.07377910121122466,2.2679382992344164,0.9449374809632382,slouch
1.9,0.04445381391300171,-0.18825392450307518,-0.3324962955738692,-0.23471181437743213,1.238714371150639,0.05469324611539687,1.9973666613354717,0.9180601222752651,slouch
1.92,0.0013063980104505968,-0.17110290451881474,-0.27316591589594136,-0.2246504517999665,1.4065210924081886,0.025234706531116608,2.1360165253745103,0.992440884937972,slouch
1.94,0.023294981726268444,-0.1596864062496569,-0.3164876087231184,-0.23400365513560784,1.2358635739487394,0.03149127141490616,2.076433628719954,0.9637279386433691,slouch
1.96,0.019658082188475832,-0.14448212866089147,-0.295106284522267,-0.2231367104992452,1.3637692666023287,0.06683742040671163,2.1473006322988257,0.9127542283057892,slouch
1.98,0.0435202898573084,-0.16797938656543898,-0.29814364790838277,-0.2026164982930127,1.2510089025257651,0.030260277933937114,2.1719497253996662,0.9628154750714774,slouch
2.0,0.013551123961078495,-0.1994217368174353,-0.35545677643114115,-0.25035980820622833,1.3117384679025648,0.05457151715949605,2.069564687347593,1.0225151436743787,slouch
2.02,0.0038255600914267646,-0.17561184217986772,-0.33282121393625785,-0.2693613391884099,1.3470613161607587,0.05651298793915358,2.0334334750052316,0.9722250273048655,slouch
2.04,0.0066433504432744815,-0.15076818916721116,-0.31650164645563533,-0.3005367870264952,1.2914628217999133,0.02883251110191945,2.0523279501392424,0.9234659574274685,slouch
2.06,0.023831931578484025,-0.18238158253860556,-0.2758214524718542,-0.24275949581056436,1.3706798025123643,0.07568447008539775,2.246227307036239,0.9599322720254613,slouch
2.08,0.0005783217433174121,-0.22506235066771116,-0.32713865240091,-0.2901518334012543,1.3862451676139218,0.04301196028187056,2.2868075654337137,0.8971478102751419,slouch
2.1,-0.004282712412803407,-0.14588303822217155,-0.3150333527545325,-0.2678343100985321,1.3975792906805606,0.056861458581530744,2.214729483267627,0.984949110639311,slouch
2.12,0.027452804371388622,-0.17158945380054752,-0.30724139505337117,-0.23621640728035956,1.2826045473918093,0.027177045221014235,1.9902579207627276,0.9140401861939855,slouch
2.14,-0.0032027573873837025,-0.17177149973945774,-0.31531672049392556,-0.26160721434257383,1.2912336485338363,0.008486718976175638,2.136842971641761,0.988168793848161,slouch
2.16,0.03550783935883745,-0.13707782910217428,-0.3148344291020189,-0.25714941464566093,1.3848064899754309,0.03387829049964928,2.043426018073954,0.907009734675403,slouch
2.18,-0.01066635577773964,-0.13035718591406115,-0.26854124536494883,-0.21695060659865062,1.2311338393890348,0.03987877966121257,2.189511945675319,0.863934965369269,slouch
2.2,0.03988144286564813,-0.13660757952167651,-0.2814924246324448,-0.2508377370422482,1.2716234235481338,0.01651561371431663,2.0198873617956714,0.9712467453516662,slouch
2.22,0.030089802644361664,-0.1713880950683251,-0.33766946787152846,-0.22665080451761344,1.226124429958142,0.013751939713477684,2.2440127998316792,0.9929557433620515,slouch
2.24,0.04350871524143941,-0.16571844259972274,-0.33296370548617016,-0.26633490217238326,1.4412984574273977,0.047010039943328065,2.184344850682732,0.9580010579516056,slouch
2.26,-0.003258231037467257,-0.15856454908625564,-0.30139105761741547,-0.24016657664521715,1.363782256092917,0.03043202482096085,2.120489341368012,1.050827708639265,slouch
2.28,0.03218605788479222,-0.1646446106396918,-0.3127585360485413,-0.2231486432435035,1.2999476046801433,0.04788013499928369,2.160569142990889,0.9612561842441256,slouch
2.3,0.02757333508734911,-0.13704216941405267,-0.27768523781144794,-0.2175613838681631,1.248275657047057,0.021973874996282956,2.1480655376600226,0.9897484800519332,slouch
2.32,0.06224908479734888,-0.1687843057317075,-0.3166187100009212,-0.2939207848201606,1.2892774331022643,0.07366321737784368,2.0880347707040547,0.8906523000885739,slouch
2.34,0.06428045043015118,-0.1617640987868906,-0.30763171762758523,-0.21258311001863842,1.3377185724561511,0.08621365963532578,2.084367924246771,0.9277651344031422,slouch
2.36,0.03842487226868281,-0.16748661920297817,-0.2929798731552815,-0.3021424499682657,1.282832844417796,0.047745300254448134,1.995053917915398,1.0463402833388054,slouch
2.38,-0.01659160413752364,-0.17964870909344913,-0.26015956768233456,-0.23212432757882487,1.2761429559484299,0.0714520118032178,2.1694226431319055,0.9311247620014487,slouch
2.4,0.05263397821408427,-0.15752213812383192,-0.2743181807666205,-0.26286572913598133,1.2380462493760531,0.07077141001491964,2.042552872961028,0.9822091047283819,slouch
2.42,0.03994764593893623,-0.15356894684801434,-0.30738246762327176,-0.2207779616266127,1.301124534010298,0.0,2.0858844183293237,0.9308013837866368,slouch
2.44,0.045419858233602055,-0.13749002258675444,-0.2981381296742316,-0.2492032696458064,1.2460367256934917,0.034083218431630695,2.0667666413991905,1.0493958297311041,slouch
2.46,0.023340839619906174,-0.18351539414263868,-0.2957048927123209,-0.26472932528262483,1.3509774707170201,0.07606900623434686,2.037266413589502,0.9624199890038592,slouch
2.48,0.013835239325871539,-0.1602670535127346,-0.28924311285856535,-0.25192984316782413,1.2840642730597436,0.029137953599145613,2.047475433287662,0.9619948287670554,slouch
2.5,0.02247104763010053,-0.1236090307426457,-0.30094269003504315,-0.2865585592926244,1.3063706097142902,0.031074713703302392,2.2253808843070026,0.9738775107331717,slouch
2.52,-0.0011202697196937483,-0.1835876003328902,-0.30013112638401807,-0.25178224628865453,1.2679908022550128,0.011121564260454525,2.0921733282688058,0.9518194279470864,slouch
2.54,0.013303467790578286,-0.1467733369246205,-0.2919986453647324,-0.22274082278380475,1.3535419353886653,0.08230345524350534,2.069913189437455,0.9548121807352327,slouch
2.56,0.02820528644231155,-0.17944162151331597,-0.3094321702955042,-0.22251826690718385,1.1980135935192318,0.03807064708858329,1.9924479011755578,0.9517879706512189,slouch
2.58,0.029408729010068038,-0.13536442958969738,-0.3187963512888133,-0.26463624946294567,1.3454848823056818,0.06634749444936323,2.087532334722202,0.9536622567010609,slouch
2.6,0.061383563326642784,-0.17734802113150044,-0.30191116612391733,-0.2453425165920244,1.2713656688393704,0.018102906095741583,2.065544176637528,0.9246309596966424,slouch
2.62,0.0034491942435608343,-0.18480456661003108,-0.337826431841897,-0.2652696932390293,1.2774879458454547,0.06891174743265992,2.2169288050556544,0.9105501248750979,slouch
2.64,-0.0011773249808518151,-0.1651468502223108,-0.325655914011507,-0.19297047605727605,1.3141710202436143,0.04873910879372918,2.009801047515866,0.9835029653814371,slouch
2.66,-0.019730356414029097,-0.18079771252041135,-0.26804134718024314,-0.23454990729113526,1.2450646515060342,0.024582893597159483,2.1113712505707225,1.0475953755338356,slouch
2.68,0.020709838325786593,-0.15540894848172673,-0.3450422673609451,-0.27109466035980817,1.3169134076860463,0.019850756599053138,2.209392685620848,0.9435627267113263,slouch
2.7,0.02274749707336303,-0.16579844311186018,-0.3391901508416181,-0.25042363754080105,1.2468926913202438,0.052206832634805175,1.990436012656822,0.8245453017837207,slouch
2.72,0.022977096485621008,-0.16395386114464464,-0.3020921632717151,-0.2555818629999543,1.3151008082888347,0.04203210528870433,2.064684629675408,0.9467465209210044,slouch
2.74,0.05733719141912306,-0.19311130432310472,-0.3255931622888937,-0.21881514837651087,1.3340727581731184,0.05193974699424799,2.0872438065566055,0.9329986696176035,slouch
2.76,-0.007598072481019823,-0.17291321458690692,-0.32782563898740297,-0.2241960821403032,1.1479967508250843,0.04599196938920347,2.096944573204587,0.9392122344450057,slouch
2.78,0.00530389701984115,-0.16875288853144244,-0.28797983329593535,-0.2754150018420667,1.3161251759175214,0.0377436792096007,2.0334261977599066,0.9614557006978801,slouch
2.8,0.0496189412441599,-0.13845379563998217,-0.3253923656775745,-0.27959901075098265,1.255174442237125,0.0488921944773844,2.1848342675603867,0.9489180521446963,slouch
2.82,0.03265230095808027,-0.20168611793012747,-0.33353854603737226,-0.2548699887501999,1.2778786812151346,0.040577634128333914,2.1044187867798096,0.9430129285438431,slouch
2.84,0.04100849198216854,-0.14023738214490222,-0.3014464023649409,-0.2416483298974757,1.1507983813734366,0.04297318465274658,2.0540801474341177,0.9472138840895464,slouch
2.86,0.02251285019705268,-0.13678644189105219,-0.2519103110962942,-0.2712142411401264,1.1924664602369888,0.04656964263730456,2.044837992213542,1.063685569830971,slouch
2.88,0.04006017876682563,-0.1646824476980405,-0.30406309607912024,-0.27712104333852244,1.3016582223724527,0.008687932349569043,2.1822613943201667,0.878959105431676,slouch
2.9,0.06695655228501024,-0.17181864416417897,-0.3343595629714074,-0.22016571347554212,1.1798949377070487,0.03206169928980947,2.043115616837453,0.9135854844120904,slouch
2.92,0.02749068938751841,-0.16970845899796883,-0.3280474581538275,-0.2658438087289495,1.2521284280693707,0.0360336552801153,2.0604994716369123,0.9479712056510105,slouch
2.94,0.02322249304439724,-0.1659727135938944,-0.32273594216154594,-0.2477576808434093,1.3095808302596534,0.036758054761942334,2.2110704329511504,0.938808051802327,slouch
2.96,0.0024141033467292967,-0.15318041906013352,-0.26845600995417135,-0.24440847707535268,1.202405767884784,0.03007453446001929,2.0829149921958066,1.0714102788476407,slouch
2.98,0.03074832490196348,-0.15239192770376883,-0.30620694071241283,-0.26349655656261856,1.3594484980477282,0.03401894438235646,2.177096459026456,0.907876630873961,slouch
3.0,0.017816802865744316,-0.1673565341085035,-0.2850083587269012,-0.23134944816409303,1.4157435672216998,0.026753780165086827,2.102200745622619,0.9083688823012785,slouch
3.02,0.005059157284547382,-0.15500148552984536,-0.29086595773800294,-0.2574859041005634,1.2905716514156997,0.030739776121047148,2.153624819398492,0.8938520417173802,slouch
3.04,0.038402616789543036,-0.15371307933038297,-0.31077680797271034,-0.25756556226034627,1.291989425617296,0.045917105681155035,1.9675029156492563,1.014534575876642,slouch
3.06,0.046132485892790516,-0.1473059286804825,-0.3154999644789357,-0.2070663502155475,1.295173963283659,0.021743821206877175,2.242965342376953,0.9352301157538656,slouch
3.08,0.03263772924675922,-0.14473937307478305,-0.3073556649169166,-0.19139622920825342,1.3802509487621402,0.05854750556526426,1.9720969429290878,0.9755664503925966,slouch
3.1,0.004160768321029413,-0.16229333028805867,-0.25909397466412754,-0.2589832838112725,1.3732178367053873,0.03260178631044701,1.982854784782771,0.9961088758244053,slouch
3.12,0.030297806082320966,-0.18161068575825856,-0.3077390581258163,-0.243739378751864,1.3096636808775146,0.042637425715634336,2.0921868172481335,0.9682162895179697,slouch
3.14,0.04364406903466571,-0.13547264382656637,-0.2951535637922824,-0.23393508589114173,1.3399444224934105,0.043896248287438856,2.063382870433782,0.9194598150236568,slouch
3.16,-0.023225304262211713,-0.17019336643824393,-0.30650376140683205,-0.2673400579037684,1.380172705755765,0.027323967364377616,2.050506065450542,0.9298075267047943,slouch
3.18,0.02106405634839906,-0.15411622982213313,-0.3049612774472345,-0.24061048541007587,1.275192465321211,0.04264991571779411,2.0911928848074246,0.9355709543251607,slouch
3.2,0.0074105157989364755,-0.15283407758158657,-0.2769673865069557,-0.22589615908967361,1.243654651467827,0.02387331998845166,2.1329191842352047,1.0755601716467575,slouch
3.22,0.0354207716351146,-0.17171324840928487,-0.30522953370613115,-0.24705862266421966,1.1904573972653538,0.0514871866964378,2.085383006673216,0.9851336620488418,slouch
3.24,0.061306800589510324,-0.15940029850683565,-0.3088474388455521,-0.26791743244677696,1.3143108355523372,0.03881403704740724,2.078286632992411,0.9459963990431481,slouch
3.26,0.020322143410985725,-0.1450750818288026,-0.2961953816990851,-0.22813146266471884,1.2326136173877011,0.04869889045402568,2.2192692819530926,0.8949961462058972,slouch
3.28,0.04056299960447446,-0.12254491524229685,-0.30776818588147453,-0.22593150676832383,1.3459867646106825,0.05777015766085653,2.144763030108194,1.0199271238873933,slouch
3.3,0.012674247568952936,-0.20055548291646733,-0.27725669211499043,-0.24076654915765455,1.430089956703279,0.03692279667890741,2.0755291546187267,0.9762953957868248,slouch
3.32,-0.0025766492950374826,-0.1567643951395492,-0.2994136837502082,-0.2561014600628945,1.3387296639087778,0.03170154742999,2.120402465176391,1.016801882098272,slouch
3.34,-0.020891357937684294,-0.17923780892754018,-0.2889770193893811,-0.22630669130536005,1.279421024394185,0.01418277198643561,2.053033469206422,1.0029355597462744,slouch
3.36,-0.0027611653558270435,-0.19459226135323776,-0.3136270727616599,-0.25784373431702184,1.269859932241365,0.05111479884366184,2.1093645620452706,0.9592686856455945,slouch
3.38,0.02024426368298898,-0.18674569781821393,-0.3222899060166222,-0.273639285407658,1.1649483623650907,0.028648916459326164,2.0675664848890305,0.9685141543913096,slouch
3.4,0.011599524532260106,-0.16353382961954605,-0.33604501833808775,-0.24166997356651376,1.3204896858070696,0.059602123997797324,2.1268906232036895,0.9271104895889097,slouch
3.42,0.023066763572658147,-0.1508018911332046,-0.29905841168492125,-0.2744486013233789,1.266203934225732,0.011896295635243855,2.0903833624269565,0.9305809697872374,slouch
3.44,0.022485098609600258,-0.17183083437914298,-0.31163487305952925,-0.2572892718488542,1.2251494955344728,0.039148888368451616,2.191637410521423,0.9799463342604913,slouch
3.46,0.05045895950451991,-0.16805262234783525,-0.33877466986769667,-0.21469818654889744,1.3094199920209848,0.03542201098196058,2.1482919805553413,0.8256125365787471,slouch
3.48,0.030563323627382653,-0.1432299123759112,-0.27779074152173755,-0.2568094470552906,1.3465383628748264,0.07359900570260532,2.2523402591714485,0.9369255271925842,slouch
3.5,0.03694640992646038,-0.11265174365402557,-0.2782498335140861,-0.23407400976788328,1.4588356233463002,0.05227545022671442,2.096565142182436,0.9207603198374181,slouch
3.52,0.00938211184025704,-0.15027247525146056,-0.3353061455513025,-0.23004710921864216,1.3887808941609388,0.07874949687047446,2.1399275961025386,0.9623769111573008,slouch
3.54,0.03964452701619269,-0.1645103333573492,-0.2958326942001302,-0.22523723890153696,1.1795536002008813,0.043105907264423815,2.0683087804452986,0.9299910058080868,slouch
3.56,0.024078283490358156,-0.15136502469554194,-0.3122526801687958,-0.23882432319434502,1.4122366975524734,0.0061315535007226045,2.1924666603754166,0.9168408384177925,slouch
3.58,0.07510105616920927,-0.12797088694945338,-0.3303879735518124,-0.2452398781253153,1.3071200953472153,0.08101238816672619,1.9635815561227974,0.9677180036656345,slouch
3.6,-0.016784845276068938,-0.18723379365717285,-0.29493539751313375,-0.26970061229315184,1.2742624335933646,0.04411566014028405,2.149975990856304,0.9095582230071457,slouch
3.62,0.013004121689904918,-0.16572973737257324,-0.295326448810504,-0.2386780277097579,1.2782291565300565,0.021205582204301878,2.196561650075026,0.8716312757822396,slouch
3.64,0.010375316421921897,-0.18141125239448566,-0.28500849989607324,-0.2917675119322285,1.3272027722733029,0.04497423354235707,2.074022139262328,0.9219374919488736,slouch
3.66,0.03913300697082604,-0.13733094638585963,-0.31073127701827113,-0.260560681222564,1.4077147096023754,0.008079352935292619,2.0681292610025515,0.8820922033127008,slouch
3.68,0.02481565404854047,-0.1547041888035525,-0.314617687789437,-0.27721980288016695,1.2944938377403674,0.011736068161906484,2.1937816507017636,0.8954357548157795,slouch
3.7,0.02758573026071107,-0.1389014103189553,-0.3042599294537235,-0.2933830643914186,1.3626279470016056,0.05243815752302084,2.140539523922247,1.0038372676202907,slouch
3.72,-0.043108948445099445,-0.15826991042616417,-0.27507503860345117,-0.2252638037147024,1.2769364787724615,0.03866651604401523,2.0657997630579676,0.859072011712548,slouch
3.74,0.02432631028574323,-0.1304347607237877,-0.3071452406063904,-0.26198261081287,1.2330077779825026,0.037766540526300386,2.0490659084186222,1.0294487840429152,slouch
3.76,0.008622530508023788,-0.15192797166868036,-0.32395903595581854,-0.21410459336045723,1.178973655942261,0.07039255481135255,2.016945999554963,0.9549270748532338,slouch
3.78,0.032333081909189335,-0.13015361791954863,-0.3127289690602012,-0.22746709622135428,1.371652100061332,0.024635499302927213,2.0448706863090345,0.9950435814454344,slouch
3.8,0.05128347626542832,-0.142737359813643,-0.28187140208061295,-0.25796630929946746,1.314799616607686,0.02627764929689181,2.1670480928544285,0.8710207404107619,slouch
3.82,0.05154361826047885,-0.18049464975547222,-0.2690874729666044,-0.2783055238394064,1.2742547582189117,0.017321836890083354,2.1501790162767436,0.9829212032967299,slouch
3.84,0.04155429640163985,-0.2003468837009119,-0.29418237414516407,-0.2560213154309612,1.2425417477220602,0.08022450862070131,2.1837431726577,1.0183647027237275,slouch
3.86,0.03468265448927489,-0.18085314628016033,-0.30910115609333366,-0.23482230136405013,1.3709106103986166,0.05006962399907241,2.1172947959880104,0.9662838851398605,slouch
3.88,0.04284207823202141,-0.1352487525549795,-0.3028154326216419,-0.2524059472735068,1.3368872559505556,0.01529223554195593,2.047427633066653,1.0135995964777968,slouch
3.9,0.03770379002343382,-0.1624776565495518,-0.3703703789680732,-0.22184644441178689,1.307576704982738,0.048133612946623494,2.065285007324943,0.8994212203261576,slouch
3.92,-0.026225080699148706,-0.15999005733665442,-0.2584444315650431,-0.24293139697225755,1.3170460411375027,0.019364092731227835,2.1636996912145707,0.9398557072354515,slouch
3.94,-0.008772339090228136,-0.18145486490176968,-0.3117437486110495,-0.23219053785229324,1.1871873211263835,0.009025091736489329,2.1144840785992716,0.9815880420498636,slouch
3.96,0.012429491410082392,-0.14661323971583887,-0.2649370111999292,-0.23797250721611052,1.188268924270882,0.05907801013787,2.0345806433179545,0.9576120827571692,slouch
3.98,-0.008388644233054326,-0.16293010794915783,-0.27634725505418156,-0.23507324691145817,1.1941912232454126,0.05873967493283189,2.2299298467178343,0.9223563843320485,slouch
4.0,0.009494195601143928,-0.18505953832427305,-0.3120966759863241,-0.28446060911888615,1.2923580828870975,0.040971645139137834,2.203083513795137,0.9239315565281703,slouch
4.02,0.018761602802232203,-0.17763359644249874,-0.33185100378465837,-0.18624032150163894,1.3263076256258077,0.05060545046333128,1.9728928887439794,1.0581602155568854,slouch
4.04,0.06158597893450716,-0.1829881221623266,-0.29999593082117626,-0.22920252359837118,1.2815358367720373,0.0468590698821572,2.134789510702274,0.9599419956515675,slouch
4.06,0.030049635361976305,-0.17432600340597865,-0.3133275673598032,-0.2850142456531552,1.367113366888564,0.02953039005842949,2.216410663855206,0.9250512369895157,slouch
4.08,0.03645123122664162,-0.18090910949657923,-0.311645363077775,-0.23659188620756544,1.2964918645786598,0.041633279327744466,2.075882534368493,0.9737401445827627,slouch
4.1,0.04331191674311268,-0.13802582829690785,-0.33654990210719765,-0.22856135786232926,1.2624027275977698,0.051750063388110425,2.1363327840868354,0.9081855013915817,slouch
4.12,-0.0010986434271661562,-0.19079739080074928,-0.30813631131482205,-0.25907924220579576,1.2918690294854034,0.0481623467384473,2.064309052023173,0.9160998129155461,slouch
4.14,0.003942280465500145,-0.13880439537547773,-0.35066406462679484,-0.2854332795605254,1.3381907479213997,0.08318363700175778,2.2474463536934253,0.8728330330495444,slouch
4.16,0.02134265937326125,-0.1617858661405299,-0.32496386291010576,-0.21281135888827646,1.1848569484795275,0.05437629603644031,2.1335741150087295,0.9103329417983663,slouch
4.18,0.011414658008172452,-0.18309337711997498,-0.30565368547115707,-0.2590419327714888,1.2593681284961349,0.07700878088945629,2.241488763839523,0.9304731496650062,slouch
4.2,0.0466067153535106,-0.15905138750620015,-0.2684553575372896,-0.2577458062746715,1.2586735611740836,0.029875428065338844,2.076709595078136,0.8971015596754371,slouch
4.22,0.04389988976441373,-0.14904934986551294,-0.32089023445065384,-0.2515480035611051,1.2063481255729145,0.04986617276143108,2.101023310797844,0.9633657810414545,slouch
4.24,0.03291579257577227,-0.1566248950644828,-0.31283939407199995,-0.20352249211565032,1.2896412558689703,0.042807734993830726,2.128222158064544,0.8937409386769504,slouch
4.26,0.0327707693808113,-0.18442687728615215,-0.33907190069505233,-0.2508531905770784,1.353199075505684,0.047754566442626774,2.1446202667444285,0.8890487056453146,slouch
4.28,0.02056557014356341,-0.18869984606452553,-0.29465228749409,-0.2566445898083035,1.1992906154858969,0.022772626033180657,2.19766050696294,0.9438529101336842,slouch
4.3,0.008843214320235224,-0.18664751607838942,-0.2891044824337114,-0.25855393841140945,1.2950409343970828,0.0445535180579485,2.185445194680797,0.9830476684286512,slouch
4.32,0.024025828300841566,-0.15234505509161725,-0.3117109108755427,-0.23211959341143162,1.2954675045477488,0.04146672168925598,2.136983705203189,0.9236792906165102,slouch
4.34,0.006570818956993414,-0.1410776386610403,-0.2779129455013288,-0.2561032150035582,1.3400133478593226,0.047735945680253,2.1165733316309514,0.9297423838498818,slouch
4.36,0.05925979851088703,-0.17038407141397138,-0.31355916540234324,-0.22104262582252265,1.3191596540298263,0.07937427488761316,2.1363574770316123,0.9227847556952348,slouch
4.38,0.08598724666686641,-0.13366670678669781,-0.3312109224015699,-0.25968132158377694,1.3196978999378906,0.03763497920797188,2.126639326794801,0.9540346968286268,slouch
4.4,-0.015867414547069324,-0.16575778390711135,-0.2843125833836485,-0.2921297525023197,1.2632873322888754,0.024449527289485556,2.0582616529249624,0.8919072218543259,slouch
4.42,0.02148374760450679,-0.13261549577128492,-0.2900764681570299,-0.244065109644662,1.3559500394541724,0.051969547430055704,2.054963872779275,0.9438377309580634,slouch
4.44,-0.007898897037691354,-0.14897840978040094,-0.3131050954976142,-0.25612919780888826,1.4627938416154809,0.06602744228503203,2.0860349529833817,1.0626538283077995,slouch
4.46,0.05909824369261142,-0.19250597960408433,-0.2577554757344709,-0.23055906361370324,1.3381600938119276,0.039437340053828075,2.020588833877635,0.9648578117966522,slouch
4.48,0.021184087526144348,-0.1589974096869226,-0.29104570034199856,-0.2576643308098872,1.3185475321978244,0.021607835069094878,1.9527446261154762,1.0103533763474473,slouch
4.5,0.01671500217691015,-0.16425440854415863,-0.3090468061761608,-0.25769644735102587,1.3887525018234912,0.04524789318019611,2.085796840399426,1.0343316801177806,slouch
4.52,0.032988081789740546,-0.16641220298221257,-0.33300972768000275,-0.23064985172576494,1.4080987761913277,0.05084431279750998,2.1510377110313104,0.9596591399855177,slouch
4.54,-0.002417597731753176,-0.1611414415779956,-0.31128203145919264,-0.19809538010433006,1.1774062234939877,0.0,2.0613985306750435,0.8945920310046108,slouch
4.56,0.04045987780258429,-0.15962273641892288,-0.3158007622162368,-0.2556827496507008,1.3072693398219293,0.05717676369073081,2.045639857622817,0.9866666243484354,slouch
4.58,0.0013544714375054603,-0.1804611610412743,-0.3048610240553289,-0.2582344762696274,1.335993095737186,0.06312099344433934,2.1499688607961054,0.9224486308324864,slouch
4.6,0.03330361075132218,-0.1438126197878069,-0.34153599565534637,-0.24092514094695275,1.2532316920936337,0.02403831476707345,2.2484224501116237,1.0442554572899168,slouch
4.62,0.013316046737776022,-0.15368916310698805,-0.3100858904839938,-0.24617292361491444,1.3121907494984812,0.04652689982547488,2.1128261802734216,0.9194297177314456,slouch
4.64,0.047688016408555585,-0.16452946513101144,-0.28724472298280174,-0.22786826781094222,1.2778831807016964,0.05518858964682547,2.059432102105995,0.9654452135267871,slouch
4.66,0.010374608218582828,-0.1801971731667709,-0.34405409518063973,-0.26291488725524326,1.3402849445815148,0.0387262262419667,2.0275486407861103,1.0529907550517146,slouch
4.68,0.02133073043315314,-0.14735834510861212,-0.3461635045038675,-0.24186464855568324,1.2390254628338557,0.02021379024191988,2.146369409483706,0.9377369622248816,slouch
4.7,0.03411422890074804,-0.14817564238048267,-0.2990187658382607,-0.27921066129974687,1.1495075211985455,0.0,2.1350567805943763,0.9651252222967281,slouch
4.72,0.024256653129328613,-0.14770615026323147,-0.31389531561695994,-0.250889575098131,1.259883056277024,0.036672834847377454,2.274493513924723,0.9007724599666295,slouch
4.74,0.02624898382126296,-0.14980306400006188,-0.3250160854191489,-0.2177399935828924,1.2855460079238221,0.06755210111309691,2.0529081248613728,0.918001039118985,slouch
4.76,-0.018896533156700406,-0.1785916660057946,-0.2801444297694488,-0.2539674635828059,1.2826270741619379,0.0389820074339534,2.0244807677218843,0.9795418618514874,slouch
4.78,-0.022739046531895714,-0.16027923880293635,-0.33581270648447786,-0.24108884587386084,1.256701048213572,0.028126055311721274,2.0273112536362663,0.9978779717056491,slouch
4.8,0.04449712255641502,-0.18635338860154715,-0.3095736380255094,-0.21899477413605495,1.2953100177098698,0.014944634694769645,2.0586861411307766,0.9784827667170789,slouch
4.82,0.02415224327273439,-0.1514738826636604,-0.3258674987760299,-0.28731670100910917,1.3715870531414722,0.03163752186349985,2.303166015158641,0.9112247102489411,slouch
4.84,0.00688115906062442,-0.17100761994390998,-0.3192482504409175,-0.30056057189396207,1.3247441978388577,0.025481456680024717,2.1538999147777287,0.9567969698870961,slouch
4.86,0.03544083627892922,-0.1709189731266223,-0.2977324406807326,-0.2658591037626085,1.2655727286803997,0.053151357724227216,2.068635908067867,1.0377266102059635,slouch
4.88,0.03168558949542495,-0.13452397113881298,-0.3009739289961319,-0.2603652050640793,1.34303703257061,0.04392581549928644,2.2082845621278833,0.9358220229766883,slouch
4.9,0.019953248686157703,-0.1750656249858102,-0.29386802255363154,-0.2611117034829283,1.2520626607826115,0.0,2.13965648977189,0.9860510287230116,slouch
4.92,0.04551344831483344,-0.15889479927347386,-0.2929060113944251,-0.22745093401714453,1.316245488017868,0.05344029626457322,2.257438099949467,0.9340315419320656,slouch
4.94,0.0006536739911435193,-0.13718181142427427,-0.29499089371617354,-0.2447599006185601,1.3251506678793723,0.04001679638927711,2.084510542801611,0.9384489470314441,slouch
4.96,0.0077675580117213695,-0.1442750963022958,-0.323260217226344,-0.2318018336374588,1.42672032398209,0.025784307199724816,2.1280393201486345,0.9152477525604434,slouch
4.98,0.03578998510405344,-0.20408533535506523,-0.2902489986918174,-0.21358069521986284,1.2996722017592892,0.039710318402299646,2.2238367839990736,0.9533723502477747,slouch
5.0,-0.011708467616180397,-0.15020209333277412,-0.322000004560493,-0.24251510167681514,1.3098089237051107,0.06167768178672658,2.16745398090339,0.8837486318167143,slouch
5.02,0.04432540336612109,-0.15359052905263124,-0.31330334992572084,-0.24612861536290334,1.4719550081442936,0.02564982915138925,2.327287163894795,0.8782628324941104,slouch
5.04,0.02750320451509486,-0.1688228517275431,-0.28641201462537796,-0.24879542387492867,1.2024098874476423,0.014228088992592171,1.9760812216056654,0.9350337475830199,slouch
5.06,0.03218294426774058,-0.1977872318421048,-0.3017826762502591,-0.22255258192156052,1.2711493453211915,0.04593316065094572,2.003805701166476,0.9033370085506077,slouch
5.08,0.012733728829045958,-0.16272450867442456,-0.29830894064827124,-0.25650759415188606,1.4186307931844975,0.037840754321645034,1.9952081042022045,0.9655985574099069,slouch
5.1,0.041296019584776994,-0.15645147716776517,-0.25825239298192304,-0.24809534603447964,1.328458055018172,0.03269678990246882,2.1435601489969973,0.9401970560694254,slouch
5.12,-0.015004277811939243,-0.17125653929351797,-0.30120315455177493,-0.24742319082439135,1.3008441382534186,0.04076345213382705,2.141416204609943,0.8971525967996749,slouch
5.14,0.043949534884321274,-0.17585094429432438,-0.2648484834634588,-0.22804180168613294,1.3775700000056517,0.009507290723772703,2.0264845248894834,0.8940123315063127,slouch
5.16,0.02626715507690175,-0.16094711271366535,-0.3112487019238123,-0.2589836331645093,1.2691339980474565,0.03952433877132756,2.224150893144367,0.9741771099485725,slouch
5.18,0.024611802135865963,-0.15875032860167393,-0.2963590861302713,-0.23367664417062997,1.3235415243774704,0.02363835757607299,2.1154944688927793,0.9562859504431577,slouch
5.2,0.017686386581750535,-0.17381810917479237,-0.2720961266476606,-0.2507720928422193,1.4254962050472995,0.03672930030599923,2.0742384284804953,0.9969740234924935,slouch
5.22,0.02779466376267485,-0.1451297801906409,-0.282448155061383,-0.2077362878650916,1.2979822748458494,0.07195490475843999,2.13396985285433,0.9235796339111828,slouch
5.24,-0.00451069619047034,-0.14389932531399272,-0.3179738751115421,-0.25157428405501914,1.3362117249875063,0.015777479254985204,2.098091211263886,1.0079770591543737,slouch
5.26,0.03348192565095339,-0.1560050121559556,-0.297619096444296,-0.21957745746209992,1.4124460516706814,0.003959924753593267,2.256256927976297,0.942942069297265,slouch
5.28,0.033625126951701736,-0.1758038107165557,-0.2946326509553225,-0.2522402991368831,1.3258056843346153,0.0294197931991139,2.170123103761163,0.8410051265758479,slouch
5.3,0.06071624389060286,-0.10971145128473127,-0.24560574266190582,-0.26862219249712554,1.3665201875688915,0.05528197031888739,2.04409786682541,1.0776130248915816,slouch
5.32,0.026586479019125902,-0.17982966933330444,-0.30024476512521076,-0.23763659713901006,1.3134753660640943,0.04810566294734474,2.1418150168126777,0.8824052624849105,slouch
5.34,-0.020134356790376843,-0.15418126323919126,-0.312926599197605,-0.26582013018673883,1.4055174899447742,0.01916179950540761,1.9922096175868593,0.9953045464635173,slouch
5.36,0.014842723818338031,-0.1774992316330926,-0.28952681966268684,-0.24293608568847844,1.3166532634936834,0.0228901063503899,2.0308264744092543,0.9569680746353919,slouch
5.38,0.05232630721556172,-0.17444007448347387,-0.3308051221897179,-0.2721643598273992,1.216978852792163,0.07025578699037688,2.062340678117769,0.9678057661949234,slouch
5.4,0.0323617352835754,-0.16434854484473066,-0.3155103643073188,-0.24889420960598768,1.3094305850447472,0.023589110883750927,2.0438563143372317,0.8674297242313515,slouch
5.42,0.029566021678569376,-0.16704040537108328,-0.3476004923402665,-0.2728604121932928,1.358353246397182,0.03709241809787236,2.111036437546876,0.8830445359336893,slouch
5.44,0.020159982282541684,-0.18373983043281125,-0.31361741070785426,-0.2361272074817037,1.1732152089884604,0.058625650421021844,2.0926446488288777,0.923060851833015,slouch
5.46,-0.011243439923158885,-0.16910313334772656,-0.3344384686737285,-0.2765463713246807,1.2268149235145784,0.11087477025008183,2.193067519937649,0.9590520952109046,slouch
5.48,0.08013996458308219,-0.16072356769122603,-0.2612740378080315,-0.2656421639086852,1.3337795962148593,0.01479332583499737,2.0549332209829365,0.9841315958481692,slouch
5.5,-0.029132362167851252,-0.16819043977168582,-0.3057101999886421,-0.25804039819503694,1.299620192855113,0.08409610321148119,2.0471700863630393,0.9566442240993955,slouch
5.52,0.008097357876408544,-0.13656051932500538,-0.2796871911078471,-0.2499317342338607,1.3227102019537653,0.024013819614015365,2.0421757695193805,0.9539830057967907,slouch
5.54,0.026286856695379893,-0.1824601483058869,-0.29107822467464056,-0.2487154123182683,1.232716449915067,0.04500455135889532,2.094510883739303,1.0444660569177193,slouch
5.56,0.03061886067810085,-0.15150339764830226,-0.2962377648780996,-0.22636098328575993,1.3529063963934598,0.05416916463453049,2.080531530372751,0.9609419940177347,slouch
5.58,0.022169071078535788,-0.18649779888187612,-0.3279557104170631,-0.25718922809327915,1.274344631120422,0.03964786286201041,2.1320969152723754,0.8810403434707245,slouch
5.6,0.002315957932077543,-0.17201974597475464,-0.3515883698300573,-0.2639165171195343,1.2234687702617892,0.030893257429068195,2.038883826220466,0.9802806419359723,slouch
5.62,-0.007041032764629397,-0.13539107930749736,-0.2681821914870152,-0.22788482362077295,1.2111892040407064,0.045882883656039944,2.10270302072441,1.0388615200371598,slouch
5.64,0.019129096866604207,-0.15483090631324695,-0.33022762238829384,-0.22741643686350926,1.3621056108968477,0.03180491078855095,2.113465016131663,0.9951095134099638,slouch
5.66,0.019891675073929697,-0.1722195885382998,-0.2772378535068891,-0.2524214734756507,1.2962974470006485,0.011672985484352267,2.1044029753745543,0.9304092504899992,slouch
5.68,0.014763031638118802,-0.1772551242732964,-0.29024350197900506,-0.24345297237558663,1.2454955280351756,0.05956842269430457,2.1408648406845128,1.031597541688386,slouch
5.7,0.05850728231251051,-0.15738407996946768,-0.32608848432581106,-0.22336077843839172,1.1940294881226847,0.037306210623473106,1.9235186359586924,1.039520389915378,slouch
5.72,0.02556176853048121,-0.148688835133993,-0.36035314251621875,-0.21241962825190688,1.2221321370111953,0.08040950659826904,2.133629978363338,0.9094592665674025,slouch
5.74,-0.013646864884195897,-0.15234878571727295,-0.30663519136524336,-0.20759919911656238,1.3126063639816934,0.054783413650752594,1.9203017344477833,0.9215844632241936,slouch
5.76,0.032165905341093176,-0.15334203999419832,-0.3030621432621804,-0.2651327098231095,1.3633235940791695,0.0,2.0704694475122727,0.91931253957602,slouch
5.78,0.024905744443201663,-0.17106814683401353,-0.28870744178815516,-0.29084143982517235,1.1977007613224395,0.019021524222100687,2.03974954469635,1.0297791030809247,slouch
5.8,0.012658124801966179,-0.14797961728950446,-0.32300851792668334,-0.2285277188876181,1.4354295734544504,0.07045285290074749,2.0617984820534088,0.851536423915458,slouch
5.82,0.010623579746389127,-0.1649361876068174,-0.3041565118654665,-0.2539928146654834,1.3936750573037875,0.05840882002699052,2.0514243620545023,0.909711522501282,slouch
5.84,0.0329054963936894,-0.1609985610644984,-0.312658663523032,-0.2315628951749725,1.2677395591960499,0.08370826427014587,2.1900755923884354,0.9812237133815611,slouch
5.86,-0.00030852866121118826,-0.1339454510492076,-0.33339425731455774,-0.23412537585364446,1.304133945476859,0.04205112693806971,2.344522929222022,0.973115895449758,slouch
5.88,0.01482228465430725,-0.12380145472745246,-0.3185003282089821,-0.302521908505214,1.2698002913044575,0.05279850382465364,2.1330085183363803,0.9338368871045594,slouch
5.9,0.018517003261245422,-0.16285913791091727,-0.27999736049184926,-0.2026728421926438,1.2981918995446615,0.024191085079750978,2.1316559462214775,0.879211983204891,slouch
5.92,0.005654988793952395,-0.1515062164778874,-0.3130966966285062,-0.23457794885408,1.3540423862381874,0.0,2.016008480116567,0.9026984135078713,slouch
5.94,0.010536493224571834,-0.1303527852539868,-0.32912875279372605,-0.23628698608496568,1.3084645000552542,0.026397065967465296,2.0639574955845865,0.9411102326391272,slouch
5.96,-0.0007268028854607358,-0.18896923879539446,-0.278091763306932,-0.2582208093407954,1.367916754814342,0.03258299149708656,2.100081853378238,0.9791860877664188,slouch
5.98,-0.016457194156433947,-0.17074444920705256,-0.2945524654454316,-0.24476922382405011,1.3823301320158292,0.05574840091154962,2.094308318075292,1.0007641826608702,slouch
6.0,0.07321576723862852,-0.17919608621579194,-0.2692238164911384,-0.23026250704693696,1.37821653776766,0.021089755689142415,1.8759469324856408,0.9518224146119328,slouch
6.02,0.016553624533566604,-0.12678325109201607,-0.3021279713448172,-0.26577206561535677,1.319457158482212,0.01634500246079635,2.133899381261746,0.8645802269115279,slouch
6.04,0.0010106713143919809,-0.16638179568811476,-0.30350092920315674,-0.271483729927015,1.3812549837388164,0.043772710427717666,2.1860631455056514,0.9476102342730199,slouch
6.06,0.004898222746277373,-0.16902576037015257,-0.2784448988331785,-0.23918225293204137,1.2223592624729058,0.023617894461895106,2.13399955159926,0.9132846572768908,slouch
6.08,-0.008066478961308224,-0.16024106803588395,-0.32170661869602624,-0.2606523676380051,1.2568636417198207,0.05192869618574877,2.0995482756857755,0.8990178541841393,slouch
6.1,0.021906671508741263,-0.17305813538829581,-0.2917826370015361,-0.25140802620479485,1.2451758110410385,0.04296425728704271,2.048659673477927,0.9759435398956499,slouch
6.12,0.04640261659250634,-0.1889383741396796,-0.27083000896283443,-0.2710759471830023,1.331515099639847,0.03676837955363944,2.217152713955112,1.0016841904148708,slouch
6.14,0.0470345225576251,-0.18131850695920104,-0.28351201556025585,-0.2445924357874129,1.2305427485388416,0.07267582973410956,2.1634852526638646,0.8797605058799302,slouch
6.16,0.02805592548285259,-0.17216830279387363,-0.29270555980673446,-0.29486722273143373,1.3233048050807168,0.04708985199606349,2.1542665958691845,0.8837490299331533,slouch
6.18,0.009444729338493248,-0.16146414862513475,-0.3474766884660922,-0.23123988040899482,1.351340669514716,0.04673742829732331,2.1858822362849764,0.9429613895247484,slouch
6.2,0.03879010871497547,-0.15853582872946634,-0.3234852577685784,-0.20590445681159714,1.2722437651650533,0.037774250953103106,2.0483307907384223,1.0246698827742604,slouch
6.22,0.011342548164197773,-0.1578081808987282,-0.29963337819416447,-0.2670564848546396,1.2744624411384373,0.04954714292734114,2.0531148188317836,0.9823451726248891,slouch
6.24,-0.017564666634295296,-0.15445811857104197,-0.3093769978822834,-0.25216257481856835,1.3614027105619335,0.019921201262685075,2.294590466699822,0.8717879541769434,slouch
6.26,0.012183587434789884,-0.17659083105196238,-0.29073147120790904,-0.2324881776805855,1.3648697442689761,0.07139303712412086,2.0712175346292074,0.9247169110342264,slouch
6.28,0.02206231281982954,-0.1413881586433856,-0.33945697130554187,-0.23321747412330204,1.2498138730500863,0.01143979531578668,2.0281882275483087,0.9289428485341313,slouch
6.3,-0.0011109763310721311,-0.1621480380703314,-0.2962110315555228,-0.2178330363063555,1.2544786605827007,0.013675916355565426,2.081723074611469,0.8757801847943582,slouch
6.32,-0.004876522184742539,-0.19081307622354396,-0.29235085700977154,-0.21531464646419182,1.1292288473735435,0.024387965323723164,2.1625106542574493,0.8962157420562064,slouch
6.34,0.028945807219838984,-0.14581293493768405,-0.25041182945446055,-0.2504775920217185,1.3229826771250635,0.06984533564390434,2.1217668536984644,1.0148140108784076,slouch
6.36,0.025900325406432372,-0.17260950538184683,-0.2512966520795743,-0.2345256813063492,1.4258311632816365,0.031900710672174655,2.1265839369946993,0.9467757277447226,slouch
6.38,-0.0009669196790204379,-0.146233264113568,-0.28248559964854336,-0.3126061379485387,1.1886935115783623,0.01012208072700596,2.040054214515808,0.9691097906224363,slouch
6.4,0.002351889640396869,-0.1541762353699722,-0.30907294944650404,-0.230955581578555,1.1549834724405703,0.041207552740541026,2.114776881963541,0.9616391895185922,slouch
6.42,0.05702650023227369,-0.13420851714189455,-0.29036561537675665,-0.23869443613707342,1.4461885354550075,0.04298393120572071,2.1680030267985084,1.0215688830014966,slouch
6.44,-0.0004926565368071516,-0.14808595746476702,-0.28581217502593115,-0.21603537040553802,1.2694711460206334,0.039497155087123106,2.187281054190505,0.9077230435973005,slouch
6.46,0.032034895796061225,-0.15648651064096009,-0.2822984905620102,-0.22199316432646035,1.383388754845992,0.04908240676000224,2.0800444550432764,0.9038453235851526,slouch
6.48,0.05013398306269085,-0.12425604476972779,-0.3240202340144512,-0.24338441647096612,1.2067937883647606,0.06772979352894617,2.108399553449144,0.9212431089547234,slouch
6.5,0.023965151295034997,-0.17898564464808206,-0.311661480625795,-0.25978399128170426,1.308111555287126,0.037026805982032916,2.0005067786747808,0.9375163881256923,slouch
6.52,0.004111543099174924,-0.15654901826222592,-0.288742743888977,-0.24919898486053182,1.2847067360272262,0.0407234555295006,2.1373367080313113,0.9284825218295595,slouch
6.54,0.04697067322443507,-0.1615727613025108,-0.2937294997474043,-0.23088840105017808,1.4606056784329773,0.07260413680151398,2.1714902175243975,1.0501505760001721,slouch
6.56,-0.011491141156675646,-0.1752293962729636,-0.27182108193588767,-0.2615254063671366,1.3345823205563998,0.047309078336141556,2.13418021657368,1.0299079673135625,slouch
6.58,-0.013260296124994552,-0.1678453058058989,-0.30825600014821375,-0.2572956847976119,1.298900839331318,0.0439353564642672,2.058643167320591,0.9257211288834388,slouch
6.6,0.03418378796701559,-0.1393782062081887,-0.33197987647398486,-0.23767493682036564,1.202488069830486,0.05540140933646391,2.0297837606008318,0.9078880014496236,slouch
6.62,-0.008290795069179197,-0.1535098473401335,-0.29671233359503096,-0.21750883141730448,1.2768688929903307,0.04099233368533041,2.179844924388861,0.986051843902417,slouch
6.64,0.015072138811641997,-0.1707527592658127,-0.2916412118514756,-0.22258426509342816,1.3284894934180183,0.060637096593713954,2.177824253300552,1.031990448187337,slouch
6.66,0.03922335830411446,-0.15232691285217412,-0.3057667499554597,-0.25838042883334494,1.2892740080543073,0.018387647633299014,2.059575120895651,1.0588424503345022,slouch
6.68,0.005212463773916831,-0.17425237683823092,-0.294867327762088,-0.28199777245915947,1.3273412493986136,0.03442986331900493,2.0212668120946327,0.997136435776951,slouch
6.7,0.02929960235985246,-0.16116206618044682,-0.27793946335250885,-0.23253476249757113,1.2598039116973598,0.03657321348242288,2.1537582602855063,0.9432821094203151,slouch
6.72,0.033309311115381414,-0.1235993068401283,-0.3161297652239451,-0.23906607880955635,1.3574913439612997,0.057382979589972904,2.092659203722642,0.9293030296728418,slouch
6.74,0.04082668318024699,-0.179896781966208,-0.3132072868440776,-0.2217581601308415,1.35242994797744,0.013826670456315035,2.150713508144023,0.908318818065251,slouch
6.76,0.020326676894666516,-0.1991996199296668,-0.28857147000780475,-0.24692688777344654,1.4145896168814402,0.0027255648425323553,2.165160429656643,0.9768853966645932,slouch
6.78,0.00936844801505975,-0.1844710108488883,-0.3205017989084012,-0.25276239316296845,1.247013985492431,0.06032863003319247,2.203874696454075,0.9153880356006531,slouch
6.8,0.033662290151762794,-0.16398863637471633,-0.2925001204098957,-0.25487643948649974,1.3451828926860923,0.059219075113620276,2.1210162417968226,0.9358498970463393,slouch
6.82,-0.027322693198717513,-0.1352935135771931,-0.28637308064925265,-0.23937275557096066,1.2981036831291985,0.10223779575084935,2.123041437494485,0.9078899029791796,slouch
6.84,-0.015152156918722993,-0.165248258027235,-0.29770019337623066,-0.25646433658123474,1.3954420303808222,0.06782813983057633,2.1605953976901726,0.9351139605698144,slouch
6.86,0.009824901422991222,-0.18713404208504714,-0.32214455185492613,-0.25329335856844554,1.3046443963398002,0.05052529859216517,2.053208818460894,0.9643381052648206,slouch
6.88,0.02881709673198946,-0.15017889996991662,-0.2865570762902442,-0.27060369429338,1.3235894213168538,0.04657624877401393,2.128721867862111,0.973942804554717,slouch
6.9,0.027000224871450096,-0.1730439366952542,-0.2996781004184354,-0.23553365955498448,1.3156135022437132,0.02289927740383878,2.049787826567632,0.9541127994820546,slouch
6.92,0.018145427085317516,-0.1859770575769856,-0.30102381785270965,-0.2247277491978061,1.2940932404394385,0.03282497315930668,2.0990633434296444,0.9984114787930051,slouch
6.94,0.025165995063543133,-0.16600926234826052,-0.28685545600826434,-0.2501115280287981,1.3572455107671786,0.04008559616101832,2.04627007478844,0.814976891386005,slouch
6.96,0.029585372415422584,-0.16197736420265035,-0.30861855213540057,-0.22738481328718338,1.2423137629231995,0.0062433435449145815,2.08568011910965,1.0004913327280323,slouch
6.98,0.027620288177413178,-0.15905161483418628,-0.32491827977780907,-0.21102781089979306,1.2774062266504203,0.035733074875756006,2.0246926467823174,0.952024098479805,slouch
7.0,0.03195448565226963,-0.191266645280129,-0.2948401785601015,-0.23799542950499783,1.3512526550252117,0.021064900384435398,2.3169753151623533,0.9273600396749799,slouch
7.02,0.021078952737125706,-0.16549449964136076,-0.26781707409901034,-0.2771164568707194,1.322377104891154,0.059447876633553755,2.058901577131964,0.9435203577315205,slouch
7.04,0.03543162859940491,-0.16437757243923443,-0.28528237793649436,-0.2277165230044563,1.4395874860343425,0.02881535300548713,2.0825225531345786,0.8748325879395905,slouch
7.06,-0.01805889200135921,-0.18721252205757166,-0.28758353671420317,-0.2379044522735324,1.267871169000318,0.039665199040335816,2.2365000733799416,0.9203879388981165,slouch
7.08,-0.002693835855925706,-0.17047750873833414,-0.27411740840567417,-0.2602071858332943,1.2632603833405567,0.052847192918405485,1.9219706636511669,0.954872433699107,slouch
7.1,0.013162332162060838,-0.1655111380292859,-0.3331037811979851,-0.26901975307064513,1.2957676253869619,0.05925574842490525,2.1003869262223716,0.9068273586118791,slouch
7.12,0.03673733256658972,-0.19103129459859003,-0.34239225554125735,-0.27020323556333553,1.3239976861624838,0.0538243222790625,2.06722017197771,0.896912339480487,slouch
7.14,0.037855564596277626,-0.16711154431857436,-0.2882941638183638,-0.25042289324748235,1.351190272783273,0.018685895373325396,2.1648122997791934,0.8942772439827793,slouch
7.16,0.009805332579597812,-0.20829568817830627,-0.32084269137123983,-0.21133666230587436,1.394945503127805,0.02956424183388936,2.0667871693805187,0.9899309074001952,slouch
7.18,0.057197641180798446,-0.16876859281656983,-0.33953432084453367,-0.21851391061742004,1.3220711173519821,0.04680153627876928,2.104744527652536,0.920561877640362,slouch
7.2,0.03259146037430686,-0.15123727809639625,-0.27879316063644943,-0.2451579949246285,1.2992681690033547,0.05277013833232156,2.1371915370579626,1.0332456153361858,slouch
7.22,0.02070745504616236,-0.15753348994737512,-0.3195085336874479,-0.26221485086551616,1.2825290629866932,0.03882578114076379,1.9525947535835524,0.8402702779610369,slouch
7.24,0.0071871643603501735,-0.17625779142304912,-0.3023294369345117,-0.2120652649288352,1.391605256021789,0.05312882148662867,2.0230774488484866,0.9057599004155533,slouch
7.26,0.048797057345882626,-0.16471094512674606,-0.2694362729147457,-0.23889583929373834,1.2157892262449608,0.03411762145167931,2.061365800345654,1.027058251251275,slouch
7.28,0.02441096514901243,-0.14140211634432004,-0.2831306916794242,-0.22247950666508484,1.3103721974068896,0.01709678879531833,1.9655699997735305,0.9268571358651235,slouch
7.3,0.03747111751373144,-0.14773095293284186,-0.3054928086272938,-0.25396199860360497,1.279927155145855,0.03841463346937856,1.9909115143046057,0.951997375226002,slouch
7.32,0.009221213993532729,-0.17321895810639057,-0.30515982892683646,-0.19123264558545502,1.271599992222391,0.030071349547655557,2.0076458194121853,1.0619604893890424,slouch
7.34,-0.01596955990557345,-0.13909957050829616,-0.33257003102260885,-0.23454180506111852,1.4727292056233086,0.04861889884019894,2.1690464753224443,0.9967682121276834,slouch
7.36,0.02387566199331807,-0.14751672334596025,-0.3217825584956901,-0.255409206334265,1.2789814125324803,0.047669325910273834,2.191639715059188,0.8709702462648359,slouch
7.38,-0.004793545524038646,-0.17610274949940133,-0.33355771274229085,-0.19638338876478986,1.2538116510575914,0.06832817658772715,2.1824562595831525,0.9470326906264537,slouch
7.4,0.03756254574536652,-0.1875598605816364,-0.2945112657718573,-0.21795984063853252,1.164434414332368,0.04393973091742334,2.057330268732392,1.0537597561948961,slouch
7.42,-0.013627848964383288,-0.12997840684734424,-0.27178427772715197,-0.24998267695593354,1.3441511557633172,0.03804265966431254,2.187856400158748,0.9307638072518913,slouch
7.44,0.020799387210950045,-0.15144523648513303,-0.29110804041848604,-0.2473825860148983,1.2789349773340364,0.02721325593799076,2.217302709907386,0.9607214596534193,slouch
7.46,-0.013380840523794962,-0.18854703265850298,-0.26457278475500656,-0.21339123766823398,1.2496253920637814,0.07983727947862626,2.027361587630361,1.0306277081713666,slouch
7.48,0.07771398953809074,-0.18770049984057888,-0.3186696324189965,-0.23924839507489518,1.312046750501952,0.03554253596110638,2.0510442803471394,0.8526503678769463,slouch
7.5,-0.01475274652121119,-0.14183778829118077,-0.3157477114125082,-0.2603812581605161,1.1988973638819975,0.05421696855001605,2.0807580572168214,0.8549332904430753,slouch
7.52,0.052159260379193134,-0.1374770146840575,-0.3281576467793587,-0.26786688009907594,1.2445768873263874,0.01854564584425654,2.3229552222524266,0.9028495529590165,slouch
7.54,0.010931147289236998,-0.20413202276083275,-0.2697561765257171,-0.26606253667496244,1.3669168491189208,0.06208029768790486,2.035458163015725,0.9892980224122052,slouch
7.56,0.006253800754975187,-0.14990677631219507,-0.2941640630988297,-0.2569658564991375,1.1975809191876208,0.0304109776085248,1.9429075348623903,0.9138055031639981,slouch
7.58,0.03753224514689112,-0.18304193095583277,-0.287365009884016,-0.2894790031140751,1.221549729701572,0.03841379262824711,2.1504479708121074,0.8900865131658472,slouch
7.6,0.02028799783588449,-0.16952670136191098,-0.30654640262906224,-0.2773138533036974,1.3718753196633877,0.019095884256819212,2.141776009443375,1.010950505191067,slouch
7.62,0.02891279817058293,-0.19588448997418118,-0.3169848245432406,-0.27737058926029795,1.3755984936307164,0.04461517224614255,2.078680206113379,0.9484906386792124,slouch
7.64,0.05069511698885931,-0.14144417195656483,-0.31445150944695915,-0.2480676451160274,1.315522603757608,0.035348305684728916,2.04840576516971,0.9510303065339376,slouch
7.66,0.04903523661522906,-0.14776797941889463,-0.29594537207512717,-0.24549006730335876,1.5064372713939813,0.03875647288598352,2.127619084781551,0.9951751661267954,slouch
7.68,0.011231686026906532,-0.160993040910988,-0.29392544343440674,-0.24425222976362576,1.2307507214205886,0.07145246730748012,2.2122815630910266,0.9567016151057582,slouch
7.7,0.029023989737375317,-0.11338920657925301,-0.3253989453820756,-0.2385490119282563,1.298838240562275,0.04014561364449936,2.1079598947783325,0.9813159251590062,slouch
7.72,0.06252417365842079,-0.16748796999390547,-0.32381997608031193,-0.2562471579462254,1.2890263893617,0.0440705536807312,2.0631232538215416,0.9520535089563754,slouch
7.74,0.006139699224391445,-0.16985683241179972,-0.2852148992173338,-0.2450774908611623,1.224970034943857,0.028261886098113333,2.06796481644121,0.9791995693182094,slouch
7.76,0.02563930811151212,-0.17558217428466083,-0.29002897222342217,-0.237904440486948,1.4500289787385527,0.030137351317217637,2.002934384920393,1.0425899817133695,slouch
7.78,0.044975544032597764,-0.16403508900714547,-0.3084262680086921,-0.2344221784663391,1.2120040475645715,0.04075736707346368,2.0005013118135735,1.0516256461146516,slouch
7.8,0.04190862843838473,-0.14600068366216673,-0.30930809606563503,-0.2794300488904994,1.33516719927836,0.04600104544880788,2.26306580481671,0.8991749901376455,slouch
7.82,0.043209654855115166,-0.19194759609449563,-0.32453363396149953,-0.21587660677177495,1.3253624610314558,0.05016450240118925,2.114851362978485,0.8405275223276608,slouch
7.84,0.02184903587118139,-0.15469362428020916,-0.2743370023840514,-0.22974265613197345,1.3224753408092143,0.03039743512801707,2.1757940386443297,0.9619329111908095,slouch
7.86,0.01887290945212271,-0.18696982043782565,-0.2962527726771758,-0.2658987054364101,1.332522202472195,0.044465220373877117,2.1067989160824387,0.969710500705305,slouch
7.88,0.0526576659291467,-0.16333089207470547,-0.3113498263802416,-0.22890784099488592,1.228890455703204,0.042729106522640545,2.0094914422459937,0.9711918830563205,slouch
7.9,-0.02452289296259468,-0.12545424398127908,-0.29264030271659214,-0.25655249399513486,1.1951724362100304,0.024456637229203767,2.18065522153424,0.948945430562803,slouch
7.92,0.04437650853030101,-0.18614438828791768,-0.296149534015128,-0.22236872420379478,1.3788796943675452,0.025977856244969018,2.049172325766941,0.9551403763171313,slouch
7.94,0.014647018952790322,-0.19996337429618052,-0.2614541776520067,-0.30776721575928223,1.3367992071866264,0.05907883171778446,2.224237655713852,0.9895913195663555,slouch
7.96,0.030446886990068832,-0.14760869514631997,-0.3062924461915472,-0.25742134407088046,1.1703020514497502,0.05329076024813765,2.0122759177454026,0.9523652753068005,slouch
7.98,-0.015581280080182502,-0.20700726851243056,-0.3057210064865523,-0.2803279209193948,1.3760956975458714,0.023966695097521817,2.0140574915140563,1.0211144734248776,slouch
8.0,0.035635931084280356,-0.15676018200295994,-0.3022869996160901,-0.2822293277678219,1.2799896605785481,0.060283180955184715,2.0302402004097964,0.9768040452889262,slouch
8.02,0.030756896575619107,-0.17444336566422303,-0.29110489201870055,-0.22967821719569387,1.3057150860736653,0.04492862042107438,2.0836709007257164,0.9420439148604441,slouch
8.04,0.008076979909943393,-0.19898806523418242,-0.3028487525126717,-0.2453228067693291,1.234860021804145,0.09607004566392724,2.02072953020796,1.0217055794917795,slouch
8.06,0.05130935635977638,-0.17831800640224776,-0.33744861652172375,-0.28020313245236694,1.255213550614052,0.07235384649124972,2.1759146707332926,0.887242468142185,slouch
8.08,0.01186653284893096,-0.14694783066602182,-0.32418195753301143,-0.2880806382523385,1.3076614704042073,0.0673930875126871,2.0055735049625345,0.9169369596613325,slouch
8.1,0.014606133439179467,-0.14247846902690156,-0.31321275671287474,-0.25806838569015195,1.3459432626202679,0.04097195551221551,2.1005346915476837,0.927154729831757,slouch
8.12,0.012007163202734277,-0.1823508382813159,-0.29534858517009127,-0.23065060953612973,1.2542742710618857,0.036214602160905766,2.069224837176726,0.9110536036299172,slouch
8.14,0.016500558902107307,-0.1608538369013603,-0.31106520193781434,-0.2436549742683391,1.3316300108281516,0.01957115007507072,2.034453115040596,0.9606838755469201,slouch
8.16,0.06096236002962831,-0.1520385421991782,-0.3001341494633353,-0.2444617977126552,1.4135376989441137,0.037809264583538754,2.184435216342799,0.9174665305118747,slouch
8.18,0.007778031909054707,-0.17169544018671976,-0.3272899286718661,-0.2475230602539129,1.2498869188053063,0.05948617935065634,2.1445628101489085,0.947334105905644,slouch
8.2,0.013344098172711007,-0.14384827629954047,-0.31130064497355336,-0.24321841881146808,1.1909233902179668,0.02898274042452677,2.124954233927649,0.9225470570789144,slouch
8.22,0.043481512634825366,-0.17596452439086988,-0.3216780750739467,-0.2687688466377717,1.275921711257586,0.016395703703543797,2.296177606466336,0.9544055242146642,slouch
8.24,0.0343019103930262,-0.14378501677726627,-0.3603592781651629,-0.24931687072441294,1.3399692771174463,0.05402002932264014,1.9976126115829982,0.8526171861012831,slouch
8.26,0.0327372152779187,-0.1600945794133191,-0.2788649112455217,-0.23178361592932353,1.305489989768765,0.0600906981912004,2.1706881357322794,0.965987816962514,slouch
8.28,0.035509596021949454,-0.1538417923262654,-0.32312199314190526,-0.23217010575174588,1.3306438615034637,0.047249664511025295,2.0276029906651325,0.971495772270955,slouch
8.3,0.03297213563143135,-0.14415029651495018,-0.3009604606439814,-0.2574150474395698,1.2042274349885191,0.019037311573706934,2.083792369551769,0.8784219009162348,slouch
8.32,-3.254783358608454e-05,-0.1705512110892539,-0.29567300720824646,-0.2669349384740424,1.3546536647077412,0.038298595488787224,2.0861985613540366,1.084567284626501,slouch
8.34,0.06422591626291416,-0.15025649018050974,-0.32109914501835174,-0.2568384729483631,1.1859374383218275,0.05644592685159888,2.097354435449547,0.9594572324476073,slouch
8.36,-0.005390120317169311,-0.1670518818751796,-0.3243446915143743,-0.2368869836488595,1.3980416519881997,0.02336821540099164,2.090837485909964,0.9742040137045119,slouch
8.38,0.0214366048861263,-0.19686552677172744,-0.33752980346843364,-0.25399812836431435,1.2546964323235665,0.06551169820165595,2.0196502775718863,0.998723171012916,slouch
8.4,0.08355862144750124,-0.17132110135650955,-0.33044813465949247,-0.2105523994351659,1.288838956395454,0.03116369297047981,2.203081723061989,0.9053901386176657,slouch
8.42,0.06208841073342207,-0.16511187723724993,-0.2958041881254499,-0.26244401005312107,1.3047998084315604,0.03617368147198835,2.1155498449046783,0.9410011236167044,slouch
8.44,-0.01914186425580469,-0.1733415382525139,-0.32920701744535097,-0.24265728732111752,1.2233605552958693,0.016864656883135824,1.9972706013470851,0.986195986707107,slouch
8.46,-0.0032042274580926875,-0.13417655446283905,-0.25077270255695755,-0.2569855166690376,1.3106320617462985,0.061349633229689206,2.052795223419799,0.9754594042415685,slouch
8.48,0.01998111261641911,-0.15935049477463964,-0.3081407449399885,-0.24461078931347474,1.333160117388958,0.05672412825920053,2.2868855714401515,0.9578417758507359,slouch
8.5,-0.008698763417531112,-0.15567571163732208,-0.28894122943689343,-0.2825543952819265,1.2006802061319277,0.036233677915725154,2.007641028677983,0.8637482583924266,slouch
8.52,0.0030079051253280586,-0.18498304292171638,-0.28005890933746497,-0.22600076172991934,1.3399906205305145,0.07911900361152435,2.1062723790296136,0.931830550592649,slouch
8.54,0.005949748906816074,-0.1635825643092037,-0.2931544862911881,-0.21668693527507013,1.1909080290323164,0.03211168457029317,2.0897782515562042,0.9471775962322825,slouch
8.56,0.028938860214485763,-0.1736406704739109,-0.30385951448942844,-0.2113098235034059,1.3246703652198388,0.020335230706908257,2.196621813505814,0.9587397017148129,slouch
8.58,0.043809371166440875,-0.1788894865304261,-0.3316300041101612,-0.23406307204173904,1.2413869565422095,0.07106054542563736,2.074638130206986,0.9562700136591668,slouch
8.6,0.030988938217515378,-0.1672367444067691,-0.306068486016589,-0.2436253598324943,1.3021892128608004,0.032516817257423086,2.144874554821627,0.9733711479080969,slouch
8.62,0.01461806488915024,-0.16373562167752997,-0.3250100761971608,-0.2348318172759143,1.3704808930805379,0.05668053758858843,2.0285266862520177,0.9182069538202252,slouch
8.64,0.013365332326434741,-0.17225500688603979,-0.27914435213141914,-0.21549888487446847,1.286958184064303,0.04136939765482745,2.1877656444530276,0.9608508673739987,slouch
8.66,0.04950123615458613,-0.1640082460456929,-0.3104865246937394,-0.23424192743899488,1.3521593925247513,0.009766849714434308,2.077143449166996,0.975394455883978,slouch
8.68,0.018928415650030648,-0.1794941616238269,-0.2925701660969454,-0.23480851796070903,1.2276262248441792,0.02736432051950245,2.1625384160204795,0.9781596169010452,slouch
8.7,-0.0070887746559825165,-0.16202874033835965,-0.31362362251514747,-0.2762389546530743,1.3475008103273405,0.04031453513883638,2.009979970641389,0.9754250141967677,slouch
8.72,0.03667824211050836,-0.14565952340347668,-0.3334182444077764,-0.24572401663348656,1.2702625289945704,0.04396525606084118,2.1136303022466376,0.9169912924307235,slouch
8.74,0.0232144339558059,-0.1436602089346214,-0.3002332812422807,-0.1802861825772839,1.3104855224855907,0.05915003811495908,2.1158652510336053,0.9199079276912963,slouch
8.76,0.021127423292537473,-0.16260442908784012,-0.32316218491704546,-0.22636158645718205,1.334643056450262,0.03351780543247135,1.9264942490260968,0.9454530574424478,slouch
8.78,0.026933397559268584,-0.16067436720151035,-0.298502801766096,-0.23054277606713827,1.340353959950324,0.031028930328296848,2.1054975879980216,1.0344329714779708,slouch
8.8,0.04997302796337511,-0.18466823482166503,-0.2906934915039044,-0.2544839293161472,1.2710037556256455,0.0429213443544589,2.116584285765455,0.8447559847853915,slouch
8.82,0.005182362560778363,-0.14409366102299542,-0.2808498131914999,-0.2600314051553494,1.2499606065349738,0.04152706903329116,2.1843293191177993,0.8747317451189509,slouch
8.84,0.0223334438906481,-0.17318127788152674,-0.3046807767268729,-0.21235208489561666,1.4094006158029284,0.02271358835902792,2.1583096676365674,0.9608291076108375,slouch
8.86,0.022416039642607345,-0.1721193984498102,-0.31664358222644906,-0.3125419188665773,1.1937945853473857,0.023303456077850837,2.153734648859075,0.9476573066104538,slouch
8.88,0.03958024271976497,-0.16755804486362724,-0.29085001444648073,-0.25229970867778384,1.2979104221889255,0.05052560990695871,2.0667591713752222,0.9240975773525566,slouch
8.9,0.01153202256705299,-0.20281430477353107,-0.2983578831810497,-0.2111269158519542,1.3020814667067038,0.059009267274994205,2.013433603366994,0.9802964961104587,slouch
8.92,0.01753638283225965,-0.19270904834827243,-0.33860578214738335,-0.27246341069989555,1.4245230036919254,0.044415548571730294,2.143371226848325,0.9613088051711449,slouch
8.94,0.01599948355728326,-0.153660572302221,-0.290073367472968,-0.24500862110260557,1.4086804728954256,0.057954403688917924,1.9794783118593284,0.9992126954955286,slouch
8.96,0.04059223364167255,-0.18512358176962163,-0.2880620752779886,-0.26373023081513225,1.2920841749875052,0.06536153560267599,2.137159704572436,0.9246414745171394,slouch
8.98,0.049187039380078866,-0.21213737375545724,-0.30927961978135976,-0.2981473022346089,1.348685026412654,0.047646555619547316,2.084848729739067,0.9656358643915176,slouch
9.0,0.012321754106370174,-0.1734743845036079,-0.29833213474706544,-0.26357904608968397,1.4000314271123693,0.0012770410258800791,1.938255458601995,0.9419583230181279,slouch
9.02,0.03810484319962184,-0.17223751878623567,-0.29146687449324504,-0.23832312236600398,1.1835193566410662,0.06965047596852818,2.1977149147096076,0.995578986703691,slouch
9.04,0.0739606499002949,-0.1624934371765625,-0.30040074973925157,-0.25194102454594364,1.3532326966759183,0.05937587836359563,2.0037475234257105,0.9250288984038606,slouch
9.06,-0.020703981447263067,-0.16973813633236173,-0.33061419878091447,-0.21387131397359335,1.2976475023995488,0.03503363762263335,2.0261166825250294,1.0017852627501949,slouch
9.08,0.012609591944119735,-0.18001088124192616,-0.2553026985296923,-0.24458043222320683,1.2903093597611317,0.05375249614909161,2.2378855743892663,0.8518064044776495,slouch
9.1,0.03655432924053437,-0.17031922782904266,-0.2929331307394241,-0.2451165884646519,1.3824459357045777,0.053350753821457486,2.2097767321765143,0.9750047653476842,slouch
9.12,0.0072179855561731445,-0.17320299358547567,-0.27424172182113105,-0.18420992938370256,1.2270108856846917,0.05673760090419598,2.1407773425266114,0.7597911658425575,slouch
9.14,0.0220912267450653,-0.16172349097203043,-0.31694174838609024,-0.24082975191222195,1.2195216687044996,0.04214283722641721,1.9676691070249357,0.8703438400216166,slouch
9.16,0.025746900134316672,-0.1871429228131939,-0.3561816446654425,-0.23725457766636077,1.3152929726938223,0.050429445347245465,2.1097871662927195,0.8840397216998989,slouch
9.18,0.04423185030975343,-0.175079662236397,-0.3095830099537526,-0.25445048449678975,1.3871581606231984,0.03141147271677479,2.089553218436569,1.0013167681094086,slouch
9.2,0.02758282320205932,-0.16935340022127052,-0.32062770931282486,-0.2690829249284333,1.3280580770556158,0.01440896923307565,2.157064661273898,0.7536223253671469,slouch
9.22,0.04481700301231843,-0.18013259972856757,-0.3007134143202101,-0.2303382233514869,1.401602977260677,0.04599300502778407,2.1880165341004814,1.0007716019856707,slouch
9.24,0.034070935499313774,-0.14612229781215932,-0.3101985760078309,-0.2868219775088803,1.2550605898173521,0.0504826241166461,2.1587052667850664,0.8514929505671623,slouch
9.26,0.010872982163000828,-0.14718743714123425,-0.2931356506273944,-0.2545814505575138,1.2901905738768957,0.0435886312310637,2.163394303438868,0.9644772103584667,slouch
9.28,-0.013199812826724156,-0.1734730382858527,-0.3111909352257974,-0.2655170215783121,1.347632693992055,0.029099562764729404,2.0688235263320527,0.8871240953091983,slouch
9.3,0.024365876761277046,-0.17682953888327257,-0.297273010148827,-0.25210429685447944,1.2453030222756045,0.05411838219116631,2.0481986231061664,0.9716213496376639,slouch
9.32,0.023438583080316305,-0.16275594811107313,-0.2883858417150669,-0.2347835691883972,1.3162339772716034,0.03833591466337927,2.1933836637600166,0.9410899017288972,slouch
9.34,0.010413194880755492,-0.13810050691667627,-0.31592554333940914,-0.2618831113481997,1.3069822865258574,0.04438103799700104,2.1174460741440617,0.9872114361066925,slouch
9.36,0.04148566982997657,-0.14748506869487724,-0.32551586000343713,-0.2571230871302705,1.4589434916552813,0.02224620934841951,2.1282732468222285,0.9513545497881164,slouch
9.38,0.04866443227491428,-0.13153220251189754,-0.34663183834154554,-0.26898526836169623,1.3421139459143931,0.029939292123344834,2.0939073166703457,1.0568600283768244,slouch
9.4,0.0341442274930395,-0.1676485641753095,-0.33221284196904977,-0.24019820935029584,1.3855604830690318,0.07294762020663367,2.074142199121748,0.8567173022773271,slouch
9.42,0.05924956881324657,-0.15909827173958505,-0.3164765738315484,-0.263712701875365,1.359255641506302,0.03767814868992685,2.103931442990025,0.9076981007448249,slouch
9.44,0.052615075764218464,-0.16450263856777467,-0.31278947824720754,-0.26830489621305065,1.3485816673756394,0.047096020786320546,2.1558749215362676,0.8824508236247363,slouch
9.46,0.03631893457871952,-0.15403824469467994,-0.3075051493593557,-0.2797303380403791,1.24897751833039,0.016787045999059252,2.016125443949103,0.925597310796473,slouch
9.48,0.03148845935752971,-0.1714255965411344,-0.3465168897907503,-0.22277619247716127,1.3134464694740835,0.05221181166702955,2.112702172656553,0.9798350371471628,slouch
9.5,-0.005329316865416703,-0.13343777694238027,-0.354715822223211,-0.20162842595260516,1.3979239145924331,0.03165539278708285,2.06444735154446,0.9723944999067115,slouch
9.52,0.04769311328400549,-0.17723271784426298,-0.31898405055581613,-0.26551091409743044,1.3477135146402168,0.0,2.0966732740035745,0.891291384045015,slouch
9.54,0.04154622973893414,-0.19221119931298036,-0.2920057534715315,-0.25159173044005023,1.3881881907395928,0.018527401291588332,2.0755851604669484,0.9749297534190002,slouch
9.56,0.04056550361945648,-0.14468543834640207,-0.31032755150694186,-0.2425410118370307,1.2358136881581971,0.024165150675273306,2.059573366812315,1.0198238430267372,slouch
9.58,0.03442755542639216,-0.1754653477966238,-0.26712451416619853,-0.20746176464550342,1.1699684789058489,0.029507349735796388,2.0912296842554623,0.8725556182392966,slouch
9.6,-0.02720604171643634,-0.1579716187049649,-0.29087069248594677,-0.24109834518166953,1.3265045994614824,0.0529277395339533,2.1523254471565405,0.9757204157112579,slouch
9.62,0.03955867390039884,-0.1455148191532596,-0.316526536727879,-0.2579174782229505,1.2548345782814114,0.03529973061135219,2.0017005005303776,0.9984233149697994,slouch
9.64,0.03106499321410886,-0.1632647782840289,-0.2775472366628939,-0.21035034974097058,1.1549630344068007,0.053938898701385796,2.0309727419728634,0.9191891806235407,slouch
9.66,0.04856876175648784,-0.18585397477511845,-0.2786015527273276,-0.2549121001506627,1.2340617000955665,0.05127846992545665,2.164585440126286,0.878746872891163,slouch
9.68,0.03980949385489566,-0.1564076325896149,-0.33472963899326635,-0.25695573996925697,1.3296552259319536,0.07145058396177373,2.1298834704021834,0.9266063966501827,slouch
9.7,0.057627414553719725,-0.18450032270999928,-0.3390053781289517,-0.25345100117072705,1.3288576464721518,0.05210988982634661,2.276228048562235,0.9779441973989637,slouch
9.72,-0.005860182869287201,-0.19966647940476304,-0.3100892321469918,-0.24630458799231808,1.2671940462557303,0.016158995172366963,1.9563001835574072,0.922222936559883,slouch
9.74,0.023602355876054266,-0.16513879842129375,-0.2974093473678182,-0.2528159694848101,1.3169601997885294,0.06499755178015242,2.3089172867372225,0.9664449118940205,slouch
9.76,-0.027219631955375172,-0.15633788060236278,-0.27920958346638997,-0.2182868395959693,1.2958932592282995,0.07440507186067648,2.118608005909606,1.0632784683246355,slouch
9.78,0.013910197040790783,-0.18070443967292904,-0.33567098874106943,-0.26083792892905233,1.262413378724153,0.0568878046081154,2.0831152982806067,0.8815153795310201,slouch
9.8,0.023375342121411947,-0.15030930055419695,-0.31181710002513396,-0.2863459172030859,1.2996413577462962,0.027048355223316552,2.021666422288631,0.9395259857000392,slouch
9.82,-0.0021596911014810094,-0.10572429309152169,-0.3329041881543079,-0.22358251584871555,1.4308058586643762,0.059549829059871585,2.1584331551452216,1.0710934689027807,slouch
9.84,0.009748595821884216,-0.15942633385330082,-0.3183965990830911,-0.23605163815952562,1.286172751075756,0.04073772281513844,2.137896869102436,0.905155207665198,slouch
9.86,0.012744327349354824,-0.20744238013690203,-0.30723178804040513,-0.2375378731931129,1.2754192611455342,0.0434448250705465,2.0844400706277852,1.0120199981010052,slouch
9.88,0.010482870078015325,-0.1798643266726825,-0.2987339783381329,-0.20573236536256187,1.2581640716567224,0.041698397568390874,2.0529591035729733,1.0090628387889788,slouch
9.9,-0.003045888024811864,-0.1968838025972107,-0.32139857489226337,-0.25369680583192006,1.3324269169455116,0.04605456211065747,2.11138985747759,0.9505278698201776,slouch
9.92,0.0219574436560358,-0.14307747265909607,-0.30395300283964655,-0.2639512008002036,1.3614493086614874,0.02874127464043375,1.9034205532912627,0.8925013252757757,slouch
9.94,-0.026205943185928556,-0.1551163446165342,-0.28533239679623607,-0.25471840559976827,1.4772860418511882,0.036125352998888485,2.220609057784455,0.9391448621722686,slouch
9.96,0.005112579660633608,-0.1673672884028988,-0.3220531701477253,-0.211144022259733,1.3319386980068957,0.041093416903704716,2.164895065157015,1.010502634713674,slouch
9.98,-0.01519825740044222,-0.1510912629942554,-0.3409182762008699,-0.2428889622474103,1.1250132117968148,0.034211521516406745,2.1731872417218847,0.9282571482059229,slouch
10.0,0.030874812584950798,-0.1708587843705086,-0.3085315779721166,-0.24305146961864374,1.3296407008945892,0.059215722613266304,2.111570696225812,0.9279859410705402,slouch
10.02,0.004849961072580671,-0.15292689174457696,-0.2909685675145812,-0.2397389661480918,1.45833570182159,0.03452910266966425,2.0142606196613486,0.988574890619729,slouch
10.04,0.0716018957353638,-0.15586332461428207,-0.29833769839842017,-0.2760196810961375,1.1735221224956713,0.022265446814436762,2.2413201823348934,0.9127535512066912,slouch
10.06,0.0508072827657458,-0.15390692863053393,-0.31999783321821346,-0.25660870093515126,1.2895711326556514,0.07318944433402404,2.19423748234571,0.9198623744734338,slouch
10.08,0.015124654591934565,-0.18214673805943696,-0.32805213058154165,-0.259463208658276,1.2458599305863596,0.048614899422181466,2.008939798368733,0.9377220270001119,slouch
10.1,0.015101972338617006,-0.15674385759911633,-0.29396403321001197,-0.27969434262417725,1.3105156572422099,0.05153597143484121,2.0070139766004957,0.9142716513311567,slouch
10.12,0.03528862562365124,-0.15323764834739745,-0.25689609337615166,-0.25788674788199356,1.378370645914577,0.042261991274764724,1.974245268427779,0.933618441616405,slouch
10.14,0.01544074136615026,-0.15845955273387063,-0.32045657608303374,-0.24580775547109665,1.2780202260807403,0.05227112076638425,2.1215697415779,0.8970314365842336,slouch
10.16,0.01911252033844221,-0.1788552011405598,-0.29702287139715333,-0.270161538770593,1.238701764501046,0.027865727209598203,2.1909309004957698,0.9226981557582901,slouch
10.18,0.026443592928284777,-0.13701059902571214,-0.30885184590061887,-0.2771261546103122,1.260363625286819,0.03439997381424021,2.0742053512869405,0.8303522063874265,slouch
10.2,0.027972302910463067,-0.16941480734236636,-0.29011595562462084,-0.252130307399166,1.2192696805619871,0.0240037872271442,2.1124285246467385,0.9524588385267838,slouch
10.22,0.042833689974670505,-0.1618814662412877,-0.29803699717717136,-0.24869632773774564,1.3497770286127426,0.04292429108170772,2.1965400630235674,0.9653326691644621,slouch
10.24,0.01252723248047997,-0.14754077803000815,-0.30009770997117646,-0.20492208342884055,1.338433088041964,0.026168577475265194,2.143025595757546,0.9166832983712779,slouch
10.26,0.007684538904312913,-0.15734093154611822,-0.30316303803054334,-0.2653297597924678,1.2808420158088536,0.05164845597197361,2.1770281982582533,0.9377132134596251,slouch
10.28,0.012726839481066152,-0.1252854757746903,-0.31365913923166505,-0.2629066899529077,1.455170984585162,0.06063439525595489,2.1319984526945546,0.9557373238137378,slouch
10.3,0.010902781433403974,-0.18399673423929205,-0.27663252463811167,-0.27104575130837444,1.245185878511471,0.017482800555037908,1.9919434758798855,0.9400973413382053,slouch
10.32,0.009933818898580077,-0.17721403519897563,-0.32393160014112166,-0.2513217394517048,1.282328950334705,0.051908855929798374,2.046990909836816,0.9738939286221291,slouch
10.34,-0.01903929371123571,-0.14989311729896515,-0.3264247518619688,-0.2314758274557251,1.2845502690747093,0.016972090784204127,2.061747411073541,0.9334829021608335,slouch
10.36,0.00972320660273681,-0.16894403890358348,-0.2943934307410144,-0.2657029820646617,1.3314092266745752,0.05499480384910775,2.221031718431461,0.8724888456170475,slouch
10.38,0.014688348708414402,-0.1727059121678205,-0.26812556948895305,-0.21878422687380086,1.091852676703407,0.07761256127458298,1.953646988275077,0.9622154751561808,slouch
10.4,-0.0034228992158843786,-0.1708667378085242,-0.33339499210919327,-0.2441696829473551,1.2954180148664267,0.04757449854766607,2.1562821714187344,1.0139566866955487,slouch
10.42,-0.0020401765611791235,-0.1620284525296765,-0.31603893095443986,-0.23610703066000382,1.2748596201792897,0.010576247534501038,2.088107713089969,0.9662105059194698,slouch
10.44,0.035088973290153265,-0.17552911171349034,-0.3052442507168278,-0.23929084583783844,1.4002580816098609,0.03327884478847178,2.0523415285129807,0.9234214591403019,slouch
10.46,0.0066752065996107295,-0.12855599252357985,-0.3092333213523188,-0.172669495095378,1.426971309354271,0.059113954794376845,2.018389157850312,0.9700398659407248,slouch
10.48,0.0017083512163425108,-0.12711906854024102,-0.288806454263049,-0.27460081243993356,1.3511382161939818,0.02989318378193259,1.9565508184456415,0.9657446780489164,slouch
10.5,0.007618012375105743,-0.1413874511695463,-0.324823234820101,-0.21398766627955018,1.3639602591560356,0.026014615639165056,2.1042533569158564,0.8698740667600219,slouch
10.52,0.009844837677459592,-0.17986877964351766,-0.3015804917773678,-0.2801650509352635,1.2852157227736145,0.05043235667629697,2.1548675258684526,1.0586183103707691,slouch
10.54,0.027161582076183674,-0.1765591061211993,-0.3011422931629089,-0.22414772979116523,1.355371551629191,0.058785337199707105,2.024037299773499,0.874758290502941,slouch
10.56,0.03531181698126499,-0.1437109862293222,-0.3142960103883073,-0.24085480444725488,1.2837234025361377,0.046133613943145454,2.152622512120575,0.9285207569187549,slouch
10.58,0.021530308439992662,-0.15546802415971933,-0.34601100397482254,-0.24226888612409508,1.46382900423169,0.05986366494990611,2.111922581874891,0.9190474414831385,slouch
10.6,0.03493737625374251,-0.16446681924085021,-0.3093532699385673,-0.2527597041273024,1.3409757470586532,0.05364105714826296,2.1148219560307586,0.9710471261554605,slouch
10.62,0.06330631533701969,-0.18958262208544224,-0.31697744342100737,-0.22739861864387143,1.2012866654761667,0.04294460100542393,2.194868217115913,0.9127175057505572,slouch
10.64,0.06900694090897166,-0.16476191429168593,-0.3099618449604953,-0.28892898916344406,1.2754897154151958,0.028530452353501205,2.026295341869217,0.9890341862958825,slouch
10.66,0.012162676034404699,-0.17042953167235939,-0.3252035608197065,-0.23891592238048764,1.317604851982498,0.005144787379747369,2.122758377119833,0.958969354493286,slouch
10.68,0.039062447553366256,-0.15241151165012884,-0.2923940629560128,-0.27268034014858494,1.25515784523206,0.06266765982673338,2.2301043076921627,0.936469763253482,slouch
10.7,0.02159359691993235,-0.14910330153990914,-0.29811240165244135,-0.2417449488582098,1.3394252498189907,0.02806482688213651,2.1869384939761485,0.8666630134741147,slouch
10.72,0.0187917823054795,-0.1478021876785861,-0.30184104549407603,-0.27340562299170995,1.343533237339692,0.04919553204768948,2.155103963140586,0.8596335489856212,slouch
10.74,0.042792173702620694,-0.16034164785324,-0.2961580312194267,-0.2554374032561505,1.3070617076170918,0.0413223296154516,2.1899819991301115,0.945908248870685,slouch
10.76,0.011647052957840432,-0.15448792830872535,-0.285982627288176,-0.22798627558566234,1.3976169862281733,0.012392521985044124,2.2268232455935646,0.9414379325755271,slouch
10.78,0.04430348988012714,-0.14475646380534632,-0.33493863686879344,-0.25079198342268194,1.2655108670975839,0.045082668948786576,2.010172494435069,0.9745240946451486,slouch
10.8,0.04056933447269888,-0.1431274626748169,-0.31890200539354413,-0.22277523172082853,1.3096836852463634,0.08616582408942745,2.077306376081006,0.9415206348620649,slouch
10.82,0.007998109125839453,-0.18067926164566583,-0.30446625342080275,-0.2598083661539493,1.3508301782747885,0.04076536122374045,2.071569409265694,0.96292198559531,slouch
10.84,0.05001261931972522,-0.16566580487879978,-0.3303196065904045,-0.27921363052170745,1.3115866549655153,0.023229337118020027,1.9601986641185023,1.0042265891872177,slouch
10.86,0.00859799838884142,-0.1831960861898801,-0.29438639293001495,-0.22285643335648686,1.4190407540206547,0.0439803860732268,2.0838593237560965,0.9625607280856384,slouch
10.88,-0.00977367082464339,-0.16584733649426864,-0.3425419880915077,-0.2472478467274423,1.4050662584944076,0.04064281714778956,2.0599851587134,0.9334427301131706,slouch
10.9,-0.004546249586309056,-0.17175796405596833,-0.3260730729113779,-0.2679301382523037,1.2776703890329641,0.026819729545629833,2.093947693390969,0.9864439801406605,slouch
10.92,0.03355876385449123,-0.1565227774899136,-0.2993874901650519,-0.25120805040524097,1.2976248238822294,0.03331267356127453,2.0350905657806995,0.974271843047338,slouch
10.94,-0.003176780194867826,-0.1762341489400643,-0.2972750125076364,-0.26345532136355543,1.224775492963248,0.061210403631701736,1.9270413440361147,0.9085450132908589,slouch
10.96,0.03719005051913944,-0.16436608210266312,-0.29261735675831746,-0.26112767665784925,1.285119860912322,0.05729732074867226,1.924174208856886,0.903700069618807,slouch
10.98,0.05323584454300089,-0.1656720681388735,-0.31601358356750947,-0.2713772226055075,1.2829214246247111,0.03467261708899577,1.9241857597418395,0.9993349977594512,slouch
11.0,0.0042319472086123,-0.16893951804548124,-0.3161495618263684,-0.2029877916386643,1.1732889514613178,0.03797852181253521,2.248901975973931,0.9355201971897481,slouch
11.02,0.04509389853712781,-0.17062465803057494,-0.29745468155531835,-0.2770063249175255,1.3071973857186514,0.05694118835746024,2.0336562372974893,0.9664217722882535,slouch
11.04,0.020206229538551643,-0.15569472835343193,-0.27368399020821993,-0.24941552804096154,1.3600793542596947,0.013358290177141977,2.0146847838646793,0.9329488635625007,slouch
11.06,0.04003929018580844,-0.15917179929969702,-0.3071641336494474,-0.25258593062855395,1.2955319203978193,0.05339259840021943,2.0627905187045616,1.038215692486616,slouch
11.08,-0.0010474678093731365,-0.14712349101362368,-0.26249412190147514,-0.2807295048447307,1.36208119413625,0.005677814764426276,2.2452762378415017,0.9083981628010006,slouch
11.1,0.014379792302634914,-0.1496191900950241,-0.28635046527829305,-0.25101444798319056,1.3550554377440431,0.036591750356760315,2.2262876504677003,0.9214583964738584,slouch
11.12,0.013437837160865084,-0.16007392179600005,-0.2869384734976412,-0.2462809090758585,1.2200096719574298,0.03410325976077706,2.0946850587306773,0.8995038218497319,slouch
11.14,0.023364673226197653,-0.14291749480776753,-0.3490059523899319,-0.2694587878460934,1.3521331786750996,0.07424644490860209,2.09379378939781,0.9968806463918822,slouch
11.16,0.05224137947043966,-0.17915532637423745,-0.2973338896278131,-0.28362971541446946,1.2597656097512404,0.03167382028161289,2.197189100977481,0.9613835594383765,slouch
11.18,0.01361177509308432,-0.1677082659264839,-0.3196622768844471,-0.26055035343194144,1.3382404698359869,0.004224565163940248,2.0804692504530746,0.9522615428370649,slouch
11.2,0.04556884658664661,-0.16840277089758285,-0.2947861281141739,-0.25453012467386055,1.3080941202768142,0.00412068071891829,1.9613978107234287,0.9981535358064944,slouch
11.22,-0.0045277601999817885,-0.18784088076670466,-0.30330300762628665,-0.23186570251588953,1.2912410487607755,0.034861702308052106,1.9749517994647816,0.9260329672316557,slouch
11.24,0.024942772410900652,-0.155183724374974,-0.25254020427893326,-0.2919522022170863,1.3337229333003215,0.0369969617041804,2.090451432078125,1.0028319882825103,slouch
11.26,0.013363392078654215,-0.1827451440792887,-0.3254553236156847,-0.25995203882924,1.2524702280648734,0.023791160481134603,2.067616020664323,0.9132494223324947,slouch
11.28,0.024704264423095208,-0.16592666795708272,-0.2953479655993876,-0.26952260111507875,1.2333147255285655,0.037666019937870276,2.109619355352331,0.9247155003926386,slouch
11.3,-0.00794735930530206,-0.17611966915362362,-0.31503376451523163,-0.2566885158419913,1.2337497440950353,0.04715735351664975,2.0831908612365635,1.0256874288466071,slouch
11.32,0.020538830616240747,-0.1631586881673011,-0.3163752231857908,-0.21763785764502058,1.3724201794435127,0.02887361642494388,2.0752769366910186,0.9937094335787782,slouch
11.34,0.06509326482415438,-0.13798176656260355,-0.29964168693413107,-0.23875307321304562,1.2059702810558273,0.00907727769861781,2.0008988168221973,0.9290548596842277,slouch
11.36,0.02233402319167598,-0.1481545429057953,-0.32592435831017325,-0.27970409536448115,1.3436167443929796,0.0204668585873135,2.0775827409542384,0.9284678080014601,slouch
11.38,-0.007176258440714595,-0.16612566461664036,-0.28516553764912844,-0.26349620632439485,1.375816380666554,0.05021727706543378,2.070530627157506,0.9506119507383327,slouch
11.4,0.040113549892668784,-0.17334910500210257,-0.30916177788284427,-0.23835015206179708,1.2295334920866179,0.0533035994879923,1.9739813516904132,1.0913156699605222,slouch
11.42,0.03572762328127386,-0.13636429337500802,-0.3075898960371386,-0.21605801162732724,1.4133792093844793,0.0413403340671279,2.078506497914178,0.9605128163656151,slouch
11.44,0.013380946456359405,-0.18145776285715848,-0.3333678511042208,-0.2575710311868095,1.4073079808627285,0.04028858190510943,2.170797957532055,0.9873696574188983,slouch
11.46,0.03751465982327649,-0.18714780308112453,-0.32964644780810815,-0.2616433899392558,1.3750420054803856,0.007574723344452994,2.1659897806097375,0.9404219768761857,slouch
11.48,-0.0048814428503975585,-0.18741455446406108,-0.3031119788170128,-0.24878217549871062,1.4187304665202771,0.0,2.1230949137540343,0.992562158403847,slouch
11.5,0.019445173583927004,-0.16716441364532542,-0.3098292851365204,-0.22580231586565477,1.241771804027561,0.030768135570582632,2.0583548168277326,1.0380661111738214,slouch
11.52,0.03152043847539579,-0.14087442577905676,-0.27469096719581054,-0.27002624039536477,1.4384029969342411,0.04049857494155993,2.140405787976334,0.9826289753722484,slouch
11.54,0.007714452765178108,-0.16342932135863775,-0.3160404470873131,-0.25463180036835875,1.2214363763302254,0.01951136414949255,2.1103052961431374,0.8559504356063335,slouch
11.56,0.026501072708507847,-0.14019074015825386,-0.3208583265276705,-0.2672649347202392,1.2216690307927969,0.03938711981408013,2.086404266434868,0.9294768063888549,slouch
11.58,0.007578672292529725,-0.19175675742271028,-0.314782017098751,-0.236891211520982,1.3066970851370596,0.02484342113826229,2.292386492671017,1.015118954465317,slouch
11.6,0.022819383010942353,-0.18365786986433355,-0.30645413816455463,-0.2362675621956307,1.2965196983443468,0.04129007259573416,2.058236080076155,1.0188567440427838,slouch
11.62,0.029435558419772655,-0.17408999914072507,-0.2866500111732437,-0.2392190106112696,1.3014717632501533,0.04864702941873983,2.2981987123362386,0.9718999041839175,slouch
11.64,0.030772684756733188,-0.1566345950269109,-0.2945530796161878,-0.307374902252856,1.3948012845338018,0.07701690768346034,2.0589584804956966,0.9172063550072889,slouch
11.66,0.03433101740274961,-0.1405853901997715,-0.3415209530565408,-0.25178902349181403,1.4025611710315005,0.07385045158542719,2.1370086751627575,0.8288426188519397,slouch
11.68,0.007901123877869726,-0.155686488857052,-0.31173330920770054,-0.27676601676312584,1.2792239196308492,0.02392172808875978,2.0084009955883246,1.0298646660828947,slouch
11.7,0.03442359938833182,-0.11166497052210594,-0.31907103798206565,-0.26173577414350824,1.40127569081663,0.028797252473746888,2.081674597279824,0.8423333949909139,slouch
11.72,0.056190224064933486,-0.17780907916505162,-0.3473216330565052,-0.2621356707273875,1.3085582182663755,0.05043377916494408,2.182683941956219,0.9008881879675974,slouch
11.74,0.0355077708272438,-0.17665285756016993,-0.2909966952557502,-0.2657745692309957,1.3755964644082337,0.02525380308644572,2.048958627936096,0.9562424944950475,slouch
11.76,-0.004441996764473763,-0.12895419448972198,-0.3048981765848185,-0.21535841615773837,1.2943971182888163,0.0,2.0982513984255604,0.8894089786747483,slouch
11.78,0.020848548497156325,-0.14223507213123232,-0.3052164582650981,-0.263644754923248,1.3625012024581185,0.03475025443217097,2.089192179668937,0.9771766272803624,slouch
11.8,-0.018732322970368552,-0.1683651261365609,-0.31170253601361014,-0.24450335122909472,1.2317214776305463,0.06794478028474955,2.099323321486388,0.9652069362690877,slouch
11.82,0.042055553672441875,-0.18234004737673848,-0.3215527403568388,-0.24452485369546428,1.3553132681578608,0.023432702526888945,1.9324211210443298,1.0030879549398837,slouch
11.84,0.012290779207666302,-0.16612491583792066,-0.3161101000822186,-0.22211076895175366,1.3045685935420437,0.05924638234690873,2.0658276862084812,0.9574241930506423,slouch
11.86,0.05423533476067012,-0.17543309372187144,-0.2922984427067509,-0.2679158741177476,1.2026841880184875,0.014024227240603994,2.0504916117523373,0.9206769267741054,slouch
11.88,0.005713858738598571,-0.15570018291060456,-0.2865696102426762,-0.23272849426904443,1.2068048133750886,0.02568366330635013,2.0602426004035888,0.9670892194616987,slouch
11.9,0.03034102621985167,-0.14439237059324178,-0.33533292827063443,-0.2642052816687351,1.3296762140604304,0.03657585381088091,2.2500830229546027,0.8981153076858476,slouch
11.92,-0.012055609936250097,-0.18536151359184005,-0.3034046869285093,-0.2722415300273202,1.411484611952214,0.023196358799655214,2.1564136320079643,0.9491261014027451,slouch
11.94,0.0003013489596359746,-0.15745573311125236,-0.32464567844090236,-0.2776258269042477,1.3593836222925781,0.04469562383354487,2.181706412230726,1.0015723625173223,slouch
11.96,-0.007304445756546804,-0.18379462799334761,-0.32532279821252735,-0.28267487473794994,1.2680841583760472,0.03867535049341622,2.1315903955735904,1.0397374384128173,slouch
11.98,-5.38207837439586e-05,-0.13097053982395906,-0.3500778969133249,-0.21678778791432002,1.247417296909997,0.017502662917205404,2.083882231533142,1.0060036201326825,slouch
12.0,-0.003590010752801928,-0.1572294101947254,-0.3246715651110315,-0.26283537463241474,1.2208840346344665,0.022056371414068528,2.1148580808465436,1.0146745614492036,slouch
12.02,-0.004824359575508094,-0.15204210347418382,-0.2686625307442088,-0.22187359361958173,1.2017752991833175,0.06186748830207063,2.0729141847240875,0.8846146385422612,slouch
12.04,0.026589714939551746,-0.18784804948011793,-0.28395040182983233,-0.26898524998817264,1.3411147969821937,0.024703853393902447,2.1667790437434156,0.9570162373942888,slouch
12.06,0.019484253124300143,-0.17644593404212977,-0.28741704935870005,-0.25135187201450143,1.2693448219845986,0.04879579100271481,2.0151721639762377,0.9619179215596185,slouch
12.08,0.08051314846176245,-0.17721283607274674,-0.3058381429672514,-0.2545632787193789,1.1560395674969095,0.05028362181598788,2.198322362082919,0.9750651031337906,slouch
12.1,0.02338881004240627,-0.12936908019495127,-0.3093328469233926,-0.22596777658311049,1.2404794528353147,0.022182977751033377,2.039909295173171,0.9983452489277707,slouch
12.12,-0.005212554721013434,-0.13735295592362798,-0.3330982775889525,-0.24826933104602733,1.3349229670560465,0.03349864873544868,1.978113706643905,1.0280452435175027,slouch
12.14,0.03718334550636552,-0.15741090177979988,-0.2854661092669149,-0.24992718298050662,1.1697334908599366,0.052165445449797086,1.9775353014149486,1.0023084916147174,slouch
12.16,0.0465135409129326,-0.17250912610652683,-0.28426495054004197,-0.2548042761072235,1.23834607622723,0.03563695306959735,2.1242247406583914,0.9476035649229237,slouch
12.18,-0.008672931809020486,-0.17268889339295446,-0.2821472951337892,-0.24285046528025295,1.2339343013525967,0.04159363900184382,2.043083750204,0.9358753357895723,slouch
12.2,-0.004257003289432594,-0.131378539973933,-0.2746629135406039,-0.26898438380922884,1.40564558504638,0.05208576896012894,1.944992578088043,0.9031511472633701,slouch
12.22,-0.02030001050100902,-0.16483952088666218,-0.2840974012836361,-0.2544520585798978,1.2295120246365292,0.036782660376267325,2.1242741932863893,0.968146144968178,slouch
12.24,0.013254133482552829,-0.14853427846950676,-0.3042402140960627,-0.26163681177711334,1.2166578295923423,0.04426554531123084,2.0119047610386422,0.9438300846658323,slouch
12.26,-0.010118951282764266,-0.17053776714786117,-0.32347495107599067,-0.24058066647361318,1.1983212037931517,0.06832412160015292,2.116553293956001,0.855841332670971,slouch
12.28,-0.018801218198081684,-0.1674689265556358,-0.3125081496775618,-0.2497857998277085,1.3032272540529253,0.05662411434612712,1.99676466801181,0.8299865798161511,slouch
12.3,0.023070431955553968,-0.133957075992037,-0.33182402629697705,-0.23691743540199273,1.430469731933294,0.07533382321116908,2.003759200327636,0.8958013403299553,slouch
12.32,0.025813914624957305,-0.16030352248054802,-0.2743423931349364,-0.25256948154700715,1.3475195694867108,0.0139015858206586,2.1843395135120405,0.951719236166239,slouch
12.34,0.02447163184980933,-0.17434353045954276,-0.3004863476396908,-0.24231148931848007,1.370589845823996,0.0,2.162208570317855,0.8399126968697752,slouch
12.36,0.02794653016902988,-0.15045888628762769,-0.2813539827243574,-0.24374065860186306,1.2411456427167582,0.060197011836109184,2.110859974074137,0.9336585123223149,slouch
12.38,0.0004988372302163539,-0.16194470140167436,-0.34802535693508657,-0.24423636636027543,1.2394187102704113,0.044422366633088135,2.19011784548089,1.0025384884515578,slouch
12.4,-0.007381662109865126,-0.15554840732799233,-0.3588385846263478,-0.2290479028769543,1.2689030523877671,0.06513699584012692,2.033513485015688,0.9510784502863008,slouch
12.42,0.03480547026748044,-0.1574837238779703,-0.3298794966050061,-0.28258880501270883,1.2057934112979674,0.058700316527850495,2.0124956737126323,0.9938668541885872,slouch
12.44,0.007171760618990572,-0.16000760110905513,-0.3379768497840309,-0.26555839557666694,1.3229859538520712,0.048144431074888826,2.1176304521753178,1.0222766852016978,slouch
12.46,0.0023279093619484313,-0.15951274572507912,-0.26889986641753655,-0.254835544741116,1.202979143082841,0.08484297410912643,1.9689720306113705,0.955293012643502,slouch
12.48,0.05098915078660432,-0.19220466279529838,-0.36599913668136264,-0.23046702459579912,1.3854975223768902,0.06728219070921694,2.139151263276626,0.9557451138768916,slouch
12.5,0.0225778742507714,-0.14609209583816124,-0.3048404987435201,-0.23596517111537113,1.220887855793128,0.012787566314836157,2.1861647958929993,0.8860301799078703,slouch
12.52,0.04677550210649522,-0.16294691627050586,-0.29638209670779786,-0.22451621981083308,1.3886631843128758,0.015703246645842085,2.0806235520963843,0.8846081323891783,slouch
12.54,0.014470950930626093,-0.17283367928569374,-0.2798017494372843,-0.24992461193740487,1.2728840997504909,0.06152693981934142,1.9708582715833587,0.9166721425785954,slouch
12.56,0.05564825497635556,-0.1495843184890981,-0.2909062945658925,-0.27033120237390945,1.278765687274949,0.01277541965591181,2.17403955552985,0.9463925478185213,slouch
12.58,0.04224771067044726,-0.16164712991380425,-0.28295738610702875,-0.24643291390189564,1.3729490589927456,0.011474015340796244,2.136393923656673,0.8656233085339878,slouch
12.6,0.01900785579497613,-0.13618434447786226,-0.31425481151056056,-0.24018973670135552,1.2621303948402243,0.0590344220900112,2.1033620388607885,0.891391568321499,slouch
12.62,0.012726342188629215,-0.15897674030112982,-0.3249900573836806,-0.26085321884918605,1.2636113410500511,0.0,2.0438385535189183,0.8860142750031672,slouch
12.64,0.03288794385533534,-0.15234367009556737,-0.2894344273893277,-0.23405019547904907,1.3372189188126662,0.04593308750502296,1.9393380603768555,1.0105786247307789,slouch
12.66,-0.010963273726379364,-0.14800433577866232,-0.35212672948845813,-0.27222952460141825,1.3829721876274743,0.04671997922168984,2.0607934698726944,1.062184050762946,slouch
12.68,0.020317782370243755,-0.15377208159535322,-0.28115235526589694,-0.2650088295122156,1.333883590534117,0.023345911501717925,2.157141261224036,0.9035634457989921,slouch
12.7,0.03818766236779311,-0.1733515746858999,-0.28471752182735216,-0.24777257189313218,1.3582111262252632,0.038451842872806966,2.076076861783721,0.8959662573436267,slouch
12.72,0.02388801896153981,-0.15549447438827768,-0.3242345128159354,-0.22807129853644958,1.2273395469158925,0.0281253962066147,2.086028490409358,0.9745566119330356,slouch
12.74,0.005341600438579958,-0.2060009754345399,-0.2918576485656928,-0.23506407086428527,1.2763823681547881,0.07572281116512715,1.9967034890456912,0.9469377576117254,slouch
12.76,-0.0007044836793664382,-0.15586161614047256,-0.3341756681339348,-0.2480766340289692,1.308887101806949,0.0525056503076468,2.075539707465778,0.9079880869100316,slouch
12.78,0.0009671806850019494,-0.17258649068040838,-0.25449597822470327,-0.3223286348857419,1.3592991496337088,0.017030776280895058,2.070196122945213,0.9444381709072102,slouch
12.8,-0.010542591253103886,-0.1591807095881438,-0.2908896872534343,-0.24094253359918288,1.2451400791458194,0.07176201385525294,2.144035805575085,0.9296199048492588,slouch
12.82,-0.01839022911122294,-0.19099758785867252,-0.2575473380118312,-0.1843801247230686,1.3590605957500177,0.05054772506117867,2.2208072841881252,0.89613911056287,slouch
12.84,0.019386660722248674,-0.1699815749721091,-0.30806356554854497,-0.2449389343387142,1.2339845230452593,0.04684807520180291,2.1851900887785463,0.9087202059313927,slouch
12.86,0.003145539238131815,-0.12932898733893253,-0.25847952611135416,-0.25480384925371885,1.308284452579708,0.03505672711048784,2.100985463308855,0.9167108877949003,slouch
12.88,0.009257307949959465,-0.20727012861067992,-0.3073808027311584,-0.2214221252291611,1.2350013367532202,0.03616122269956739,2.1227604150755597,0.944479895642993,slouch
12.9,0.05495484910792439,-0.1703847858021235,-0.3390422735617596,-0.24714563559596472,1.2123963663041548,0.03960744282546202,2.088036276585015,0.9023760564311237,slouch
12.92,0.044892937682738485,-0.15746880863427673,-0.29196403881830213,-0.24155236948293154,1.2263238033883426,0.06149795391869005,2.052451599296366,1.0173067436092968,slouch
12.94,0.04278629320384012,-0.15918444326251216,-0.2736683669914192,-0.22648648427262288,1.3246980527201997,0.04128129212223145,2.2079078759173014,0.9608874246441339,slouch
12.96,0.00929912251108631,-0.16555310401779563,-0.2914966285078552,-0.2454935486572889,1.3631621669237604,0.06410476305962856,2.1685065646746153,0.9053592225344701,slouch
12.98,0.007022871102168955,-0.14519329921989402,-0.2853892143239459,-0.26682367753727415,1.3140263178352858,0.04594133253397227,2.153095109664257,0.9420547655228256,slouch
13.0,0.016948880439796,-0.14955805059253116,-0.33710155484612553,-0.21739307978836037,1.3184357098661044,0.034473772062911565,2.0950877085549884,0.9234284646709628,slouch
13.02,0.021248102783120594,-0.1953278261769216,-0.26957174454573374,-0.26425296559995887,1.3265438508669356,0.05039486733987737,1.9717992952980075,0.9134607736562066,slouch
13.04,0.010001465897778002,-0.13497127646158702,-0.3039381711252358,-0.22430006983278386,1.3807185851189046,0.056734131680019756,2.270448817966582,0.9482348891210826,slouch
13.06,0.07276426354725841,-0.1338948642903821,-0.3187902557187409,-0.21942735791780593,1.3671374783878047,0.0,2.0221703151220556,0.8409104679080986,slouch
13.08,0.0011436735641026726,-0.14863108445663678,-0.29571291124213916,-0.23681346578821913,1.2197378455801702,0.06969640305977409,1.8700944950183578,0.9446913174527214,slouch
13.1,0.010727328840213927,-0.15118076861831617,-0.3232945297623832,-0.2410974674935611,1.3975187247832346,0.03125339424579868,2.094944350312709,0.9298729936479135,slouch
13.12,0.014784146981791185,-0.15019674023820814,-0.3331067586705602,-0.25194255684553446,1.2598376824327666,0.032794222742936356,2.1196773512018585,0.9407142246506377,slouch
13.14,0.012198962995085532,-0.18732408128556557,-0.3148975759260794,-0.23063768347105804,1.1973447097071825,0.02746944010618278,2.0264807166803585,0.8945579869884139,slouch
13.16,-0.007895932310289027,-0.1810889725547215,-0.2581571506718688,-0.2299200755477038,1.327073267209952,0.0472167826857247,2.1959751789507163,0.8404031709506392,slouch
13.18,0.036370826920967415,-0.15050323601097387,-0.2698541990022562,-0.241476849138762,1.422092922803484,0.05540102211942696,2.0256834684429657,0.9071054588752244,slouch
13.2,0.010550039509415373,-0.13089540214681356,-0.30941359960052145,-0.2601781676332847,1.2888820277767568,0.07352701195688437,2.1105295499803995,0.9695484792928162,slouch
13.22,0.018219622259731214,-0.14591668657980886,-0.26271331760470584,-0.25635499838311726,1.2336796314034353,0.023201716838062696,2.165402872784854,1.0001503667508513,slouch
13.24,0.02269307727493242,-0.1669047507563369,-0.3056517424291517,-0.22999395508348802,1.2909330877549645,0.05677884485724432,2.13410285113294,0.9762105931379449,slouch
13.26,0.029389943657111374,-0.15379447855403033,-0.2740036909964718,-0.24216848509027553,1.3204301933552054,0.018476595401787487,2.0471315934935785,0.9447089756110922,slouch
13.28,0.014421989092424238,-0.15057065618081544,-0.3139379822136653,-0.2470955551576865,1.3183747051023305,0.03169057768232395,2.113553656822687,0.8572841104817441,slouch
13.3,0.044711124449160956,-0.13500516525443568,-0.3061275182399481,-0.23387498778236746,1.2321639176256398,0.08237752270218271,2.0048916333960594,0.9765555959891725,slouch
13.32,-0.005959514632744355,-0.17826900675984414,-0.32270601111569003,-0.25524799880086685,1.3004349687729175,0.035232653945775315,2.207537656451943,0.9684856905378944,slouch
13.34,0.04618210938928831,-0.18714167909690174,-0.2795022813519828,-0.2945141078032638,1.2977771752422331,0.05191049226612784,2.171871941324795,0.9987561032422683,slouch
13.36,-0.05451960789505082,-0.16636630250120277,-0.33280486695413747,-0.23606644018409828,1.222832263454035,0.032129716598837774,2.127165414272313,0.9836698170062265,slouch
13.38,0.00348767605545411,-0.1751894237814066,-0.28767682078318496,-0.2566978741250494,1.3016645126791317,0.0401350034129147,2.0829510210143165,0.9503044983407244,slouch
13.4,0.039601887492079144,-0.2004820272377987,-0.3499658105977068,-0.2757808644520592,1.3008453423741493,0.02417816759683604,2.0270752826461598,0.9125689797766164,slouch
13.42,0.027425488491099836,-0.13738752165338378,-0.32466740246307796,-0.2384237797052703,1.2321280205703264,0.021862884106317836,2.046084088319577,0.8970176243617696,slouch
13.44,0.01018232642717025,-0.14803279614891232,-0.32845369075795033,-0.24136959300291944,1.259818416443567,0.03140820769308341,2.0886680790225696,0.9651346212315828,slouch
13.46,0.049755947101261466,-0.1708215738027981,-0.25880787822537793,-0.2259397780260006,1.3614968086643144,0.04925419944670114,2.1751894714414615,1.00704686509132,slouch
13.48,0.011647165191546429,-0.15218911083979736,-0.30916241497912006,-0.25901085329189477,1.2726925084760778,0.02503340258518141,2.057126894854141,0.9572928323918813,slouch
13.5,0.03784979690776006,-0.18092679451109275,-0.3579271705951037,-0.2414710648931405,1.212060036531908,0.043275118611126394,2.1217862056667265,0.9646427640531169,slouch
13.52,0.010688053956734868,-0.14946012584566465,-0.27459894843368177,-0.23635037414802335,1.458249214079606,0.035954513772406146,2.121615497191245,0.8677058538778366,slouch
13.54,0.019015023466017533,-0.1645550755957025,-0.3008787017042828,-0.2647173488907445,1.280248297022299,0.05501300171669193,2.1370937605872355,0.9506300094199653,slouch
13.56,0.018812063215686563,-0.16393106183280112,-0.30698343649438803,-0.2879828718858622,1.214388954161518,0.0498856591179911,2.00768388047021,0.9659565047977438,slouch
13.58,0.01270627807513227,-0.16922133797649885,-0.3261086039395468,-0.2505761453516885,1.3832575121722437,0.034199228802359184,2.2005393860843605,0.9434050002275093,slouch
13.6,0.03521988777545651,-0.16138110472616052,-0.2869150149823646,-0.2514940858472812,1.3018522381866466,0.0,2.067557795103427,0.9793547761801662,slouch
13.62,0.010974053112848362,-0.16217225899393153,-0.2835898937500292,-0.2362312416108708,1.2652686935234716,0.0,2.21594083950584,0.9244686743365256,slouch
13.64,-0.008380988936533992,-0.15428767645328145,-0.3238535297338359,-0.23670407783252564,1.270492328762145,0.053444519115584135,2.2297543586834334,0.8999812901968932,slouch
13.66,0.0453950348879169,-0.12551485782183178,-0.3062842243987843,-0.2613187944402206,1.3092231988143193,0.01579744249510601,1.9696924429482987,0.9566553729651643,slouch
13.68,0.059836677029694245,-0.14040227153641607,-0.31332125521117365,-0.2537495030902398,1.3234872643510514,0.0403730674789663,2.1563329082457856,0.9286238356713118,slouch
13.7,0.025374975515302264,-0.14173541249233398,-0.31225633743612186,-0.29029836141794085,1.3485359894000453,0.06919105045604758,2.085766129279964,0.9918031054583002,slouch
13.72,-0.003180024314621154,-0.16636380968484857,-0.30241149677606505,-0.26062478042499804,1.2902855457922418,0.054975225338935674,2.0087947964754336,0.9264090043585728,slouch
13.74,0.03965409379320032,-0.15466691456260875,-0.3159587825860127,-0.27988624642554,1.1926185154928512,0.06819957044769731,1.9861629943283896,0.8242047491867631,slouch
13.76,0.021427533004342754,-0.17902861276083354,-0.30502228705154605,-0.26427245004654,1.3651799811593568,0.03083744357190213,1.9808218334948111,0.943329929209956,slouch
13.78,0.02659767216656643,-0.15185395406679608,-0.2992236624347439,-0.2363492025318821,1.156037137025695,0.03242979299238529,2.092390544496333,0.8535459475128783,slouch
13.8,0.03340616619752506,-0.15851934922607006,-0.2511409374190803,-0.22952425429718243,1.2542074793068196,0.021175576237097832,2.1325997115855033,0.8871316755003154,slouch
13.82,0.021895746845807272,-0.19263215055596647,-0.28755152916745086,-0.23166778649953698,1.239377429865742,0.017999475586239443,1.9511237718635979,1.001743388649921,slouch
13.84,0.10017221883271862,-0.14175840268396536,-0.3438498789895255,-0.22172796142356777,1.264841541810366,0.06075389743401232,2.080491105020334,0.9496385524971208,slouch
13.86,0.015009464461863072,-0.1666547918603839,-0.2976344236994483,-0.2383043899585631,1.2736169335661776,0.0031507659739129635,2.0945479064221426,0.9441461423962583,slouch
13.88,0.03619883473957998,-0.14553140059880948,-0.2964645129467163,-0.2381197722588181,1.2477123463320423,0.04252647545850729,2.154558420602549,0.892465756394215,slouch
13.9,0.011741247791782866,-0.15631784974208005,-0.2677702719431397,-0.26050070256561825,1.2853191933976775,0.05273607859274719,2.1131820929573126,0.947826464858446,slouch
13.92,0.03802984127990591,-0.16981859323553666,-0.2963473197618185,-0.21155991317178416,1.3050393144343908,0.024381377820111787,2.1721056482479866,0.8998200566075214,slouch
13.94,0.021621332949116345,-0.1574667972659473,-0.3206463493525716,-0.25555527189051647,1.2174716748847347,0.043132500980050635,2.108613903271201,0.9703049185394255,slouch
13.96,-0.011996162281494352,-0.15543878627639715,-0.29806093512787385,-0.2556978823613091,1.2049152834353993,0.033626850209106926,2.0965162041231706,0.9494945730453966,slouch
13.98,-0.005691894526194325,-0.2042245569281616,-0.2922402485215069,-0.2888183376016216,1.252322189369733,0.039928306840954345,2.188467568436521,1.0175597123264417,slouch
14.0,-0.008480232194651969,-0.15935931725290725,-0.2926618070707587,-0.2323433062597063,1.3462984611818012,0.02458538839255668,2.065724965230244,0.9196594908074088,slouch
14.02,0.010297793536023246,-0.16296080147637387,-0.3198459226702206,-0.26133205491634126,1.341316878199304,0.0444347074568827,2.2385169363483026,0.9293964589261289,slouch
14.04,0.03419805371396623,-0.1538699102834488,-0.3279861956985789,-0.2460349296503648,1.422966983653716,0.06519407511754413,2.063023991059022,0.9766011398158676,slouch
14.06,0.0462959638368168,-0.18109796517657098,-0.3011145678725367,-0.2487403737875469,1.2210515166913882,0.06435636211479782,2.040979927685807,0.8679151297461212,slouch
14.08,0.012468481833372236,-0.15075148578110129,-0.33341539397539294,-0.2228694507986189,1.2556029462486766,0.02803969797120912,2.0300234027524238,0.9110023501551676,slouch
14.1,0.018346221747852227,-0.15391495811873154,-0.31952266121779155,-0.2771367664408371,1.290399161813276,0.0344380517543515,2.090641775109953,0.9649828765358808,slouch
14.12,0.03685734093033489,-0.17220605505258973,-0.3041940957615919,-0.19950700371578942,1.2593277262195368,0.04967028730989608,2.1224440491970125,0.887068644704788,slouch
14.14,-0.016679450947063867,-0.15107273484615402,-0.27289770543074054,-0.2862715767069736,1.2862130852145217,0.009546336274720906,2.084129031652429,0.9834413917250929,slouch
14.16,0.0133610703693733,-0.1981663007527903,-0.3079602571142643,-0.27649993023695235,1.394027079889456,0.061468784505083536,1.956279923470897,0.8673425535215425,slouch
14.18,-0.0033654679426575224,-0.16774732556426114,-0.31669492857392856,-0.2758560588143038,1.3196768349539398,0.08716080654820757,1.9875034466315675,0.9949853549029286,slouch
14.2,0.055322038191882465,-0.149523934400653,-0.31279730691907615,-0.1857101942336452,1.244123044121165,0.02886652777858692,2.0228702590497694,0.9702360315743475,slouch
14.22,-0.005928126571773605,-0.11462243364311171,-0.2895256564013124,-0.252549835694025,1.249048096366264,0.09487635579632092,2.0751778758903345,0.9405038026312588,slouch
14.24,0.011910744449834386,-0.177331841934747,-0.3143700532130946,-0.2830863376588325,1.3125229798891367,0.04089585029213818,2.0594940860517914,1.0045739921514063,slouch
14.26,0.039856357739868974,-0.13262625671390016,-0.28812354339220636,-0.26853642436566266,1.3179819678447262,0.003237848550742002,2.174142959145337,0.8903318208765032,slouch
14.28,0.0637766991101148,-0.15766139441668434,-0.28575472484211845,-0.2556666108790152,1.3917505537133283,0.04807642394699081,2.085028103941703,0.9003614616099032,slouch
14.3,-0.013860703990880914,-0.1607164318272564,-0.3162251171358055,-0.27546482325875044,1.2911051965136233,0.07158087118044151,2.1884823127703084,0.9103454000287949,slouch
14.32,0.022253016178031597,-0.18959255565184988,-0.3099662194656166,-0.28597338363720287,1.3203805029348001,0.03044844220644182,2.085843359653943,1.0317919748978133,slouch
14.34,0.010188457133761776,-0.1491187155986216,-0.29409576359802386,-0.27637722379137813,1.249051270992609,0.01929159948012342,1.9978393059537516,1.003324278891019,slouch
14.36,0.01333691099603088,-0.1780038294851684,-0.32222081299055466,-0.2570762685607885,1.1875772617450593,0.019150327274586283,2.00651963084889,0.9316687957738674,slouch
14.38,0.043988476624836244,-0.1622243828640657,-0.2922808148517174,-0.2393339432843533,1.1738222364807478,0.03537535730955164,2.0821617726857036,0.9311060217775698,slouch
14.4,0.019838982829551655,-0.14591212166890083,-0.31219685420575694,-0.2122506088166606,1.376138556220554,0.03894815566238656,2.1614275957353257,0.959492347061817,slouch
14.42,0.07142210718009541,-0.1361700011778152,-0.32817444999870177,-0.2859054869494178,1.4818869060115394,0.027197698529639228,2.1337537770201105,0.9232931799200795,slouch
14.44,0.03998740216723222,-0.1699974210913797,-0.3219616630502824,-0.24659596767026942,1.274095968134868,0.06189643796488697,2.0465370695003138,0.9474045706529919,slouch
14.46,-0.013094962065750596,-0.17642595287141544,-0.27115487589822096,-0.24092301402159447,1.2897831819797814,0.04924056078492358,2.186441066132911,0.9116947892542239,slouch
14.48,-0.00558484091467521,-0.18011205438805583,-0.31176490946612295,-0.24644367931086486,1.2294524801733342,0.07206987279863594,2.0280969461433314,0.9125819816469615,slouch
14.5,0.022703504981059268,-0.1499287968237251,-0.26540160475991403,-0.20038483151859593,1.297267827830735,0.053519084446799994,2.076947846405101,0.991224029081064,slouch
14.52,0.026300736018881086,-0.1491885198474939,-0.27498638191767033,-0.2860183743323509,1.2543068527011507,0.0295843878522785,2.0689434953671126,0.9509232208379663,slouch
14.54,0.020733134407134705,-0.14524343604965378,-0.3094085888837703,-0.252402848358773,1.2117513645195799,0.03449303519371112,2.15135215562852,1.0103560013491621,slouch
14.56,0.032079115426665174,-0.17195052265308572,-0.34387464145372176,-0.20077768775626065,1.2757040005009892,0.04692328530275775,1.9507456113647426,1.0183191344490983,slouch
14.58,0.01811285020776805,-0.13426576694448264,-0.30826739795764496,-0.26967854210975567,1.2655612311454818,0.03310770874196386,2.1868816359396317,0.8615212214477198,slouch
14.6,0.042986006696642105,-0.1481433985488411,-0.3138986403246947,-0.284410033132481,1.2740651197764643,0.04117429533092143,2.154183352126496,0.9459836532345517,slouch
14.62,0.016377286310798187,-0.15819168480495052,-0.31925708529351904,-0.2961901449053017,1.1929989532144707,0.03708230438710513,2.0210077835725637,0.9013173753246689,slouch
14.64,0.03881861956123306,-0.12555531710971135,-0.31369951604430507,-0.2905515703776004,1.2450221689771122,0.021444808711491507,2.1736178004621483,0.896857485327993,slouch
14.66,0.01072138874628763,-0.15889601748578264,-0.27016770096901627,-0.26243556869336804,1.262648361262722,0.05059940430427131,1.9880132379932791,0.8854772634023989,slouch
14.68,-9.512464777220554e-05,-0.1818467870823678,-0.3223318317657012,-0.2376341148272541,1.159911357766901,0.025280704019493318,2.154612623278831,0.8983612892409326,slouch
14.7,-0.028069451165788864,-0.16414589338548732,-0.3197289462684229,-0.25114633559940197,1.4328683857008744,0.018901366356597588,2.1385572367050543,0.9689874221936677,slouch
14.72,0.029377151057619604,-0.19213488266541306,-0.29077395338916284,-0.2666314829674537,1.3612798802052852,0.02610979406150826,1.9979025680052738,1.0134369721932044,slouch
14.74,0.04790863282119889,-0.1561352293227969,-0.3019651600909255,-0.2760347805336398,1.3018824031108072,0.059341397384391904,2.285530618701744,0.9497466044583958,slouch
14.76,0.03247174817310307,-0.14963784024969629,-0.31204871928989764,-0.24932129708676556,1.3235496945359977,0.021792508385447853,2.2766633281194415,0.9191457676797407,slouch
14.78,0.029906644591635334,-0.17287528704633756,-0.28213327249546627,-0.25860877925119635,1.3757802452576793,0.023029647667702317,2.088054807417074,1.0013745542218977,slouch
14.8,0.02047812725147878,-0.17091648023372516,-0.30634009309393795,-0.28645352252008666,1.254036302912261,0.043368461905848345,2.1557754697149893,0.9729174541428327,slouch
14.82,0.0532989883844545,-0.13779352061667619,-0.2706702369675723,-0.242228635794404,1.2482825208815462,0.09748459702900251,2.0552326680020028,0.9766299801680353,slouch
14.84,0.009727467942280079,-0.17911228182975877,-0.29788695205105686,-0.27670229603802043,1.1522664777345173,0.03609039654193755,2.1630456215992613,1.0146038977510239,slouch
14.86,0.0010589306261276348,-0.17883334940648785,-0.29204511393554955,-0.24395247626207472,1.2896520804589926,0.012576085690790597,1.9699541328098271,0.9420555620986008,slouch
14.88,0.025889966284264987,-0.14492252606079725,-0.2969798560792322,-0.24196103312074818,1.375799908191405,0.0328984866805128,2.119188777662455,0.9683993892821284,slouch
14.9,0.009021316133144369,-0.15413366745704227,-0.34466169290077836,-0.26418181682256947,1.358327508069958,0.06454885190824067,2.0677650765720172,0.9463956956073923,slouch
14.92,-0.006829410524688394,-0.15613191818508862,-0.3366464779996732,-0.2622384638677332,1.373389316307328,0.03990231845553208,2.0203348693561205,0.8923049340022653,slouch
14.94,0.02526401679539669,-0.1346615687007812,-0.2672313478883322,-0.21662213478826423,1.2922559050536457,0.050230996427081044,2.087971268867157,0.9713788444592258,slouch
14.96,-0.0011468350030081225,-0.1652285678927135,-0.32453450436817777,-0.21631144747475622,1.2199391302121503,0.04269290185367124,2.0845816633115324,0.9712632381976074,slouch
14.98,0.07562827327554632,-0.17271746939768554,-0.2978220451336766,-0.259840546130293,1.2053287656809666,0.04966447426237184,2.0238548299378007,0.9296126452041457,slouch
15.0,0.03031221029448282,-0.15983437168300232,-0.3491082737615266,-0.28096924286259156,1.1941620384537426,0.03440496899838725,2.1482635971231594,0.9905958229615612,slouch
15.02,0.024359211372910645,-0.16223287350959348,-0.3099583318603198,-0.2320220337161682,1.4328820187336746,0.0,2.192369788510168,0.9341277221561685,slouch
15.04,0.07471326293902435,-0.15234944427390443,-0.276618314722271,-0.21516630888309166,1.3464641457504332,0.012144543029058697,2.054077073262774,0.9773314420666867,slouch
15.06,0.0009538434113061488,-0.1598027941173689,-0.31034354835419714,-0.2360256219993757,1.1735221966265408,0.04260509371193811,2.1666648956751793,0.8980325061988093,slouch
15.08,0.040088818206535384,-0.1536482442107032,-0.2928733142721571,-0.20700080950692093,1.366459259216205,0.04162109476612006,2.0784991141773874,0.8344852852302799,slouch
15.1,0.02940338080085646,-0.17792879086637692,-0.30104880399252293,-0.23484937417261997,1.2690547258815918,0.07385687985291864,2.0558401743797643,0.9214823283489639,slouch
15.12,-0.004780406549145317,-0.1669877669884637,-0.29027903805910327,-0.24547634629274978,1.2318221417332618,0.011798094123705178,2.052519341670827,0.9293025533904801,slouch
15.14,0.028249037431323606,-0.1711353148237914,-0.3367424362540087,-0.2820515463085074,1.3011386964477687,0.07289376455305446,2.121086115750692,0.8652960698031283,slouch
15.16,0.04039109903101359,-0.1745134266488771,-0.3519816081010588,-0.2374517712734496,1.3019528760592367,0.05690886336969556,2.144829347014806,0.9596145563200051,slouch
15.18,0.05426503440676036,-0.1518739134041699,-0.30267820688352104,-0.23674503261983978,1.2515406820392836,0.03713738293713531,2.1298926485360754,0.9829251949606082,slouch
15.2,0.04185606160897206,-0.18167149496536864,-0.34999517999678426,-0.19378495252247757,1.3596629256318942,0.034717692992557475,2.053996096636356,0.8653004880413009,slouch
15.22,0.04195235810068198,-0.1577063036520148,-0.33250170230038106,-0.2262285909126545,1.261329569337742,0.037746742966414545,2.154506301688217,0.9883692096111613,slouch
15.24,0.013740614608800984,-0.14698789241707122,-0.3315214299543615,-0.2132341956047835,1.1801591660027833,0.03347965885021638,2.079363655693352,0.9174130293730342,slouch
15.26,-0.02112632389434442,-0.17154393940882687,-0.2947554797595819,-0.25194314372928095,1.2152963543893924,0.05757849647180178,2.1335128640561223,1.031616988820571,slouch
15.28,0.00459424486143255,-0.1298540520503186,-0.2963155530711184,-0.2509136777290624,1.3059969726740526,0.009348918576860066,2.0655133371904655,0.9957473045557306,slouch
15.3,0.0053933922466037326,-0.1753246243795888,-0.30855992958566847,-0.26626646359309314,1.3056273783903556,0.04920205596899359,2.1267498036757435,0.9261968883597855,slouch
15.32,0.00897163643672684,-0.17402451247764283,-0.2959384049156307,-0.26597158512180574,1.3333947970469417,0.0009519195558711902,2.038076304890197,0.8710911995135493,slouch
15.34,0.03984621769279329,-0.17243379061081152,-0.2782489489164457,-0.26297724626097946,1.293672320341038,0.0,2.0386557773732448,0.9177819610218194,slouch
15.36,0.0786933154651365,-0.16449420211735669,-0.3178080381306663,-0.2698155847200518,1.3913229255998645,0.04628738082517906,2.157563631359335,0.9339330987035808,slouch
15.38,0.023876060437865942,-0.16999321394509564,-0.29642234160532605,-0.20656469344974127,1.2308198799766954,0.07794591735706584,2.0844943178751247,0.8945095971683763,slouch
15.4,0.01579351883655983,-0.1649442581028444,-0.3021147740137029,-0.2538069725767362,1.3871564346784069,0.054554948962009374,2.052523803976978,0.900420951851168,slouch
15.42,0.05231144585676103,-0.15495655514356058,-0.2994176721831029,-0.22703192097683633,1.3631043031193701,0.013036408515135087,1.8531575117838606,0.9689513246478751,slouch
15.44,0.013536691255355891,-0.15158554293556514,-0.28943910704058623,-0.2567482935120315,1.3557047031212646,0.042640769704577794,2.1110358689833046,0.9026000404685847,slouch
15.46,0.03357111779877311,-0.17474935369480601,-0.2985968305534671,-0.24780544411409033,1.3267895088649926,0.014668921123922747,2.294864307279751,0.9440091147480933,slouch
15.48,-0.020594295686854697,-0.15139447843032708,-0.2763870710054359,-0.23355530506192954,1.3867454434564834,0.04891327164323957,2.125410195868076,0.916848750558714,slouch
15.5,-0.03697472288376172,-0.14956923718583556,-0.3312871069971311,-0.26357300680726364,1.332227574990484,0.04646943248928315,1.9962704874399047,1.002392199619555,slouch
15.52,0.013256220634176853,-0.1439246546532568,-0.30298677880657165,-0.1800447138556372,1.3197362189779096,0.06688163982337868,2.087161053612101,0.8518322255070921,slouch
15.54,0.05965264295323281,-0.14580866732428624,-0.28658436788578023,-0.28510354906304064,1.1955885212196462,0.0484702020698958,2.139637701767478,0.9563562176725852,slouch
15.56,0.010235151811127914,-0.17634869697308658,-0.2851733969279227,-0.2674991061177119,1.4158057536834305,0.0527418848546707,2.178591760119257,1.0121916359881964,slouch
15.58,0.03386280726129536,-0.18577817319005094,-0.3154768420706973,-0.23656453690130846,1.2344573131919707,0.01981975807981594,2.0080241314307696,1.0150160035915476,slouch
15.6,0.025697121135740002,-0.1637646149852914,-0.3173738912501484,-0.2515683318546647,1.4102703638348624,0.021089906646275046,1.9478210819064992,0.9870521111689332,slouch
15.62,-7.098062568771143e-05,-0.16222017363276886,-0.3233445065236001,-0.24838504888655394,1.5106667383184584,0.023472274119797902,2.061362228534373,0.9334702087385713,slouch
15.64,0.04046178440149002,-0.17363419762615312,-0.3411534043012305,-0.23255627158459716,1.3328591235778326,0.004737567097257092,2.05427609030442,0.9503484098981717,slouch
15.66,0.02495706853549667,-0.17140924206755076,-0.259545788224558,-0.20317351978541875,1.4240367998246692,0.053138185357896044,2.1397599970567156,0.9700515481067181,slouch
15.68,0.02367887204444225,-0.18200292965614173,-0.2807273244549492,-0.20862449919901627,1.4088953385840453,0.03201625602937591,1.9632426610903284,0.815998954955666,slouch
15.7,0.02991526378328465,-0.15948270885146454,-0.2942783972580507,-0.231752188563998,1.2566131149100876,0.018727162130147034,2.1482593937190484,1.0237984750100138,slouch
15.72,0.01286873991423921,-0.13617571522881125,-0.2974368651564935,-0.2571319828697203,1.2523524541802273,0.060793006723355414,1.9588988538961822,1.0469500338227886,slouch
15.74,0.022441584171867816,-0.16824978148248024,-0.27370741346441335,-0.21096085922017468,1.1381439914670188,0.016597808342461592,2.089866606846538,0.9906950511844703,slouch
15.76,0.015332893087394371,-0.15309133868449218,-0.32875122622520225,-0.2512070007391066,1.351430772619178,0.04548468343669403,2.139137100224136,1.0706537922502404,slouch
15.78,0.009128625033049915,-0.16549509779287197,-0.32752888760216187,-0.25160186556003933,1.3564339471643432,0.002925172631386248,2.281907844502229,0.9094567999136046,slouch
15.8,-0.0011852593433466362,-0.15862921723045167,-0.31827050601305806,-0.26529978600247534,1.3150814153509147,0.04985108520087523,2.117253106344955,0.9410830481216155,slouch
15.82,-0.0019950628890548863,-0.1672870826616499,-0.2758782460742074,-0.272776222703951,1.2652305635128156,0.03774473385496754,2.1327693012200255,0.9380007388608537,slouch
15.84,0.03714335971818193,-0.19196293987335256,-0.3091259868982903,-0.22269479829747763,1.3446914839867177,0.05009200573400088,2.1990036261492887,0.8953596552125382,slouch
15.86,0.013080284759714067,-0.12239914414803278,-0.3701197487719049,-0.24945625602655777,1.1506172190824748,0.0,2.1453580253545774,0.9058502467646872,slouch
15.88,0.020102056907129406,-0.19467304735260577,-0.29172034137188474,-0.26349822079573226,1.311050454813725,0.05664122162841392,2.016147369840158,1.0021995956069616,slouch
15.9,0.004708423610137619,-0.1532705826659392,-0.3044902020243858,-0.2332072117799152,1.2203677890888662,0.04929868728682658,2.1886466721379314,0.9457291841291551,slouch
15.92,0.0247112268236796,-0.15321165094257552,-0.30761950555008516,-0.24319526479840492,1.2802970765848027,0.04378098005821197,2.1762886723230017,0.9502399576371506,slouch
15.94,0.0371874828401298,-0.19258814755472253,-0.2923304729781947,-0.2258442884278402,1.3641683260079545,0.06236597491043279,2.0091076023463392,0.968667721969434,slouch
15.96,-0.040712914295217034,-0.16868687493796908,-0.30548527798699426,-0.20791516646282276,1.2111599055893483,0.021875735537556,2.0952006644407395,0.995885175195566,slouch
15.98,0.028995536255147687,-0.13070862397442143,-0.3033620937130839,-0.23616782631780242,1.3466128950132386,0.055937771329038766,2.062543949657753,0.9916619148968688,slouch
16.0,0.011990186239176472,-0.11425967008735169,-0.3346429575734288,-0.23195899057923675,1.3301055203752752,0.026767671515639406,2.1622022315989864,1.0651983760442731,slouch
16.02,0.03323555292109508,-0.18191001010660743,-0.29095724460503164,-0.20889787266174578,1.3067072752202402,0.058715129299959104,2.140348373707208,0.9064351223665393,slouch
16.04,0.009672537495607479,-0.14431337369186634,-0.36304252423806543,-0.2545080293082448,1.2247930800389695,0.060498484083086,2.164140042561496,0.9267368402711684,slouch
16.06,0.026191018699491905,-0.1779006283184978,-0.31394398416575603,-0.23997029321827065,1.431830758506818,0.06428939367712667,2.1525281627374824,0.9474740964367425,slouch
16.08,0.028243827039856652,-0.15877165977742236,-0.2764261628928104,-0.2518534226564203,1.2473471032355585,0.0,2.1400458361733232,0.9463750426751538,slouch
16.1,0.024014590707038017,-0.16576016207136596,-0.3167480065859885,-0.2223957814837477,1.2885888668878087,0.05083260519203872,2.090962704649573,0.878869424412321,slouch
16.12,-0.005679623823454304,-0.1744611305781128,-0.297218822323427,-0.24863113803218673,1.232091051995825,0.03175412319852215,2.081495640428194,1.0310047890915193,slouch
16.14,0.027694226511523538,-0.1339575904705716,-0.306404635520121,-0.23842131023395455,1.277447440805787,0.028562494267073565,2.0552886154765377,0.9178412268308368,slouch
16.16,0.06269634653298474,-0.17352524244336343,-0.30838614767227424,-0.2394739259903377,1.2998275235540115,0.043353603880226826,2.0999660968434406,1.0513364887136065,slouch
16.18,-0.03580527018798896,-0.15502442045149986,-0.27022476958479086,-0.24439311887005508,1.1781075626763653,0.0176445272671581,2.183623035900765,0.8678023626714232,slouch
16.2,0.026537138496202137,-0.17037558452606794,-0.2965811473775246,-0.20795439418808925,1.3340892901790729,0.04314293540188639,2.1099423563620814,0.958651502842607,slouch
16.22,0.015467360836777392,-0.19890089941269623,-0.27370629984509615,-0.24442176766438914,1.368105094070605,0.02850445086564575,2.1730512227559293,0.9180160730368814,slouch
16.24,-0.010708761565597549,-0.16934206504023847,-0.2835665761774736,-0.23578613898494857,1.3787457961559073,0.027624265464562852,2.1840420391308295,0.9164016650634182,slouch
16.26,0.05216853352804223,-0.15847012757644502,-0.33852681535633167,-0.24158227369054264,1.375067123337315,0.047191372751029234,2.192721150572859,1.0111528479701102,slouch
16.28,0.031272991241577196,-0.17374561983784642,-0.31874678680272284,-0.25454421265536026,1.273496286716952,0.039531012364711744,2.090417107916682,1.0029510402397748,slouch
16.3,0.030310189911511274,-0.14844644504972884,-0.2850988596922111,-0.20594178862380794,1.2911547326738488,0.01825677504558015,2.0611154007406376,0.9828892754047168,slouch
16.32,0.031897941017500465,-0.15329906802541668,-0.3020958050251498,-0.23164419701870667,1.4504986039629488,0.05997700696213772,2.106895598494728,0.908490797980516,slouch
16.34,0.006789229383781606,-0.13788944364550992,-0.2781013744396394,-0.27413449080600033,1.2395340713023384,0.025936851378195257,2.237578439500827,0.968036618383452,slouch
16.36,0.029797167128854198,-0.1620181038926475,-0.3071554171900596,-0.2372726629781504,1.4149946934610782,0.052571301493952054,2.2320862053729393,0.9397434377365843,slouch
16.38,0.03447595555407547,-0.1523222164384606,-0.29250077137471425,-0.22168426113950948,1.2885420968264103,0.03486735529892608,2.044959399191246,1.051703712015794,slouch
16.4,0.0574586769149598,-0.18086672679246157,-0.33599096052391025,-0.23204821769382894,1.2481259171968415,0.044151949042879175,2.0774887499519252,0.8798338255363654,slouch
16.42,0.04822181375085413,-0.16183429802018667,-0.28364083224364905,-0.2544254213772146,1.3045151870983382,0.05726287938615537,2.0553722335768354,0.9335374151963378,slouch
16.44,0.04200838838305634,-0.1466900565120971,-0.3209708668750394,-0.23355383699802287,1.318048575049864,0.02577510157262888,1.985081656150864,0.8754039165922751,slouch
16.46,0.025021940471880996,-0.14263518969468594,-0.3031985257561511,-0.20762692386009823,1.2598719928772,0.03423775620898156,2.26580529283829,0.9190403337214605,slouch
16.48,0.03755709887719852,-0.15824096375990043,-0.3043045706779455,-0.24156786751357645,1.1928087312544884,0.04250937637006816,2.1276776328112104,0.938060938087451,slouch
16.5,0.030715699448068623,-0.14449255025323382,-0.29479376743743774,-0.2067086675559817,1.2891773455323419,0.0019341936594716724,2.0608941691166276,0.9963159389817821,slouch
16.52,0.015077094925204827,-0.10893912076659172,-0.28625893258039586,-0.264633973443967,1.3523677696530525,0.042695232538520964,2.0257157892864837,0.9819846575003278,slouch
16.54,0.015232163812470596,-0.18139162818144372,-0.31093026405928026,-0.23769653443026745,1.2244529767328116,0.01252080328431159,2.137185457748173,0.9074994609612841,slouch
16.56,0.03971417973563596,-0.15364071146875682,-0.2940804241469925,-0.23946083269772325,1.2987874708013698,0.028690035490529852,2.1122091530400837,0.9262236957300809,slouch
16.58,0.030745634432038805,-0.185653638852598,-0.3032303419620929,-0.23761113047265048,1.3743100266869972,0.019214506400188326,2.0582232190658107,1.0160630039903094,slouch
16.6,0.007377769843529801,-0.16422253448793928,-0.2757895409387721,-0.1968568602988149,1.195499553835613,0.018471228168259062,2.095073286092599,0.9549761660579329,slouch
16.62,0.02105233285935314,-0.17322804886711227,-0.28012068431762777,-0.24577172421884627,1.2066659851207644,0.06299994833676448,2.116699461713266,0.9835992547201369,slouch
16.64,0.001585211029846505,-0.18029702302237596,-0.2932090691807396,-0.255878933477858,1.3817823221606915,0.07077076350742618,2.15617071248706,0.9354298545863743,slouch
16.66,0.02582550317070379,-0.16070762892672816,-0.30224151872430727,-0.2833324613565784,1.2490673733325233,0.03757672909286108,2.071647735118169,0.9932266450168198,slouch
16.68,0.006431159571650989,-0.14602240645089254,-0.3009760662876571,-0.2359641282607105,1.217117235916384,0.03857209420836265,2.308093928646487,1.0396275789123495,slouch
16.7,0.022917609782108352,-0.16117139981683257,-0.29165819102040214,-0.27603090629588184,1.2896941668068052,0.05240512259471183,2.1026646567858247,0.980189903881882,slouch
16.72,0.052498044840497804,-0.12402604172145222,-0.2788867119849706,-0.2595807637887958,1.3464483292052585,0.032651473125916416,2.1298513725848323,0.9099345467329145,slouch
16.74,0.027324366294237526,-0.14855216065642537,-0.31380481750316624,-0.2747272207662413,1.2899993124211577,0.055471374378302615,2.115991421348833,0.9953511779865383,slouch
16.76,0.0006548693553116374,-0.1946237670568775,-0.26542271429523195,-0.214209532101106,1.2561607232318162,0.0032823407096065084,2.1410494450542386,0.9699376436571183,slouch
16.78,-0.022774665059732177,-0.1235518291935671,-0.32436579440820473,-0.21236328079614664,1.332810673928099,0.021537154183311365,2.16346477612128,0.9285474496035776,slouch
16.8,0.004879419184499263,-0.15502422243243652,-0.2905541060126818,-0.24109428431371716,1.2274208563019708,0.056662153230510784,2.224997635223879,0.8983776458141512,slouch
16.82,0.005141817413780245,-0.13387332547541234,-0.28751097061310366,-0.23194990731160972,1.3232287659002435,0.02928599943991409,1.9692586574308013,0.9277421151193191,slouch
16.84,0.058527706480826135,-0.13400540960362747,-0.25377083987997506,-0.24493643636582255,1.1699731813269036,0.06585460431516595,2.0071054902271888,0.9936562658137006,slouch
16.86,-0.006024743678961965,-0.13613688909232646,-0.2964592577344167,-0.25682196748312475,1.3342585639124394,0.023446406105935853,2.1526864569959216,0.8708762154866111,slouch
16.88,0.007846096835455889,-0.1914970420494021,-0.3179650799452004,-0.2379068232141529,1.1942915644772214,0.0327966197099914,2.0615673912796963,1.076718613349262,slouch
16.9,0.019431196306310416,-0.1750721470331951,-0.3169432039218781,-0.2383054151476225,1.3243055343492538,0.04170088954885462,2.139764874589493,0.9940650715460205,slouch
16.92,0.04130950953441449,-0.15319405932186403,-0.3007405926455672,-0.28973187236107545,1.2870589302888344,0.08194991506638742,2.1294916431774458,0.9285163183396128,slouch
16.94,0.07199332797866625,-0.14809272942266796,-0.3238981657550695,-0.21386387115799702,1.2855379733583858,0.034988373132453586,2.1845868790144145,0.9497933911904243,slouch
16.96,-0.01432241285075675,-0.1427360102191349,-0.27037869398281994,-0.2418407209670609,1.2165927573164288,0.06403121601252348,2.086588682550063,0.9119322869118017,slouch
16.98,0.047422169507674014,-0.17782971147070809,-0.3441484778497069,-0.23692478360592997,1.2697226678298632,0.06857067466050977,2.1179444182162075,0.9464870635186765,slouch
17.0,0.0003336287428456589,-0.16546681990293638,-0.3195479289873253,-0.2872600963775026,1.308528888699101,0.0181135859604284,2.1636754374447076,0.9427212597895364,slouch
17.02,0.0005565930887016955,-0.18043316644250787,-0.32820422268557886,-0.23326772085892136,1.3180289727716812,0.022070443659261762,2.0487688721893456,0.9608885725164209,slouch
17.04,0.026955840862064675,-0.13393987790490947,-0.3111350128820871,-0.22104170173324011,1.232074250280448,0.022584102761189957,2.0010733198560287,0.9959514753407012,slouch
17.06,0.037726793535134265,-0.14998415276511,-0.2673254568060875,-0.1957335755723599,1.3343556945770212,0.0,2.145962996437152,0.9741997489329985,slouch
17.08,0.03910316535058986,-0.15726062654541745,-0.30196784016330225,-0.24952754817502823,1.3641735083510775,0.03555134408267554,2.0690191505070827,0.9190387033600201,slouch
17.1,0.03153757091547463,-0.14154731663160525,-0.2876221923765788,-0.27025486086931677,1.2777053181161584,0.04575343272282175,2.1161636399831534,1.043862718978798,slouch
17.12,0.03576152146956226,-0.1489800659415914,-0.3162365365003252,-0.23840451971687066,1.3533552428636113,0.047358211504801274,1.9991834555806045,0.992317855573845,slouch
17.14,0.0011615885964374683,-0.17498708749610498,-0.325330858498603,-0.2780590087035862,1.3659590585432306,0.01758276406764344,2.094838351528151,0.8788816261065205,slouch
17.16,0.01450314833911038,-0.15665999709772827,-0.3064776274246152,-0.2792805281176135,1.3795074083038468,0.028234172180129368,2.2575262792807886,0.9422899414552542,slouch
17.18,0.017383553137706672,-0.169074140591468,-0.3047075241753046,-0.27078928204479685,1.268559721880251,0.06625907026061537,2.0518364489191647,0.9632355824612977,slouch
17.2,0.049173709827995356,-0.15543127640207374,-0.34473007676578193,-0.23699655401980738,1.3160903570711509,0.05936793997834463,2.2396054227917546,0.9225833719699102,slouch
17.22,0.059563235802542996,-0.1557277393659708,-0.2799643729285852,-0.2370902728600409,1.238765580760924,0.042053737523001795,2.156062346040242,0.9406884537560286,slouch
17.24,0.05253760322932935,-0.17354246508557586,-0.3072946934759903,-0.24789413359691706,1.316379138996325,0.012019158151540652,2.1420892295984015,0.9188989279390274,slouch
17.26,0.015653087472687937,-0.13829146684537263,-0.2706353840055767,-0.260072745842866,1.364488268697382,0.0,2.0893911459504877,0.9620859917049757,slouch
17.28,0.004693371356890814,-0.16974453340593015,-0.283966253277617,-0.2490447036323664,1.1953506969949617,0.06520956897205851,2.026389389431204,0.9190480378702315,slouch
17.3,0.019438238272870504,-0.17891142441393185,-0.32082232730274596,-0.23382150845626617,1.220546892210987,0.007993939719837391,2.1693600240893676,0.8479258543755468,slouch
17.32,0.06224755126864507,-0.15139227918731088,-0.3136589289338961,-0.2046884960412461,1.36938623188326,0.06736620447005055,2.0552208338306013,0.9528074484398502,slouch
17.34,-0.01519912497635501,-0.1766954950309817,-0.3105892538959154,-0.24951366807158726,1.3194814181412906,0.013488309616506764,2.094695603305607,0.8824679265189113,slouch
17.36,0.02942804142929514,-0.17735888395303,-0.3125819378369471,-0.2725039631872155,1.2090454221704399,0.0421988027059634,2.0570657325686517,0.8731908306031934,slouch
17.38,0.0019775213848056824,-0.17210792551950668,-0.3119650056895875,-0.2616165340024112,1.315034448959865,0.017035864162692826,2.0650945165266665,0.8936397661551402,slouch
17.4,0.01971402130061547,-0.1779516489525364,-0.26854290183522705,-0.2277224242959682,1.2233415193229036,0.06787635160180622,2.0820686304610287,0.9882967473205532,slouch
17.42,0.034664276657737116,-0.18857763969536515,-0.31534622666425904,-0.23604261488656375,1.3173577211480756,0.027173163737902517,2.153658557054003,0.9552054431795413,slouch
17.44,0.013526635832252148,-0.18046381347833831,-0.32583401329073813,-0.25064722830993136,1.3678614854734497,0.019233160382407723,2.145567485166209,0.9225773139187295,slouch
17.46,0.04816479237456757,-0.16204693829643793,-0.2757418029368143,-0.2338839623434991,1.3571360704804967,0.0357766351264994,2.1697758854618914,0.9832019364715892,slouch
17.48,-0.042737444647712605,-0.16025063131925774,-0.2979959522553148,-0.27353748668485195,1.2431660620648461,0.03424344012444352,2.184384385144704,0.9726163761699443,slouch
17.5,0.03307215638792203,-0.15375488895105655,-0.29751089805128866,-0.27197268480980163,1.2574624269818375,0.02321432330792123,2.1682399539086177,0.9887054786901682,slouch
17.52,-0.016022865862101256,-0.16756751152500782,-0.2993358536111191,-0.22234266615547446,1.3134644390763557,0.0474545304186,2.0112106683881117,0.8563589859870694,slouch
17.54,-0.004954448771259195,-0.15977617200787145,-0.27106986963037816,-0.21620986670672798,1.3106722521089316,0.05771665230474321,2.0679687554810116,0.9958657507599288,slouch
17.56,0.0050436051307780295,-0.18665514495277896,-0.3021491275615989,-0.2696027373328366,1.2249067332931218,0.0478457786840143,1.9892810942369792,0.9780970410006606,slouch
17.58,0.029173923613355905,-0.19960400266738024,-0.2873074303125847,-0.2758654307379863,1.2306800593040772,0.035235062010100904,2.021767768389884,0.8855560948030154,slouch
17.6,-0.004245982791902117,-0.14269936859271257,-0.27339219436157536,-0.26090268811040385,1.344459140525843,0.05472929368416909,2.2038490650189377,0.9355832079737632,slouch
17.62,0.04027903297725495,-0.16697526661574558,-0.3061160426662557,-0.2448792726000485,1.410960504901859,0.04058709988734687,2.0788863415802514,0.9837225908067717,slouch
17.64,-0.025932146133329545,-0.15942443188567998,-0.36385556902056637,-0.2221696320214959,1.4132596447615973,0.028271413712990023,2.06189365787201,1.0384820214758266,slouch
17.66,0.02709884946789564,-0.1504494542042703,-0.2901841472567334,-0.2410335921285362,1.3229778408218806,0.04064240400886607,2.0807220095067533,1.0161251849445003,slouch
17.68,-0.0036188366194334198,-0.1479397830436578,-0.2980477340368637,-0.2810351611082489,1.300317672746228,0.06847786434812261,2.146212159213934,1.0265907513362333,slouch
17.7,0.03515570938949023,-0.13922583120195836,-0.28867370541298,-0.2434780353338619,1.4447563539027506,0.019752845604288014,2.047192854201677,0.9560936738780214,slouch
17.72,0.0037565819499917035,-0.15115430091711057,-0.2750504794028895,-0.2768556715773625,1.2830086387135329,0.03773838658818396,2.0855177198809525,0.9061686687629775,slouch
17.74,0.05312295414110725,-0.147932048609139,-0.30065405641650655,-0.26919947417285894,1.3618931738787539,0.052460120502782676,2.0532598668538298,0.9012732397942227,slouch
17.76,0.00904330238456892,-0.1774686894729182,-0.31855199045672794,-0.23318920338894467,1.1564532554850013,0.023616707056897647,1.988468774411747,0.9711222314174764,slouch
17.78,0.05616664845917368,-0.1766500171686302,-0.32928188245400475,-0.22632914394079318,1.4263909028550747,0.048099885259987506,2.1877191010539736,0.9114495500193798,slouch
17.8,-0.02209369792409234,-0.15117820901252324,-0.3258764265878503,-0.22754271435965373,1.3620925177575296,0.04397695714126588,1.9836045312634205,0.9479651909622646,slouch
17.82,0.02765787352890005,-0.16999590448671445,-0.2546601148065397,-0.3214308429803924,1.2611476267544213,0.0,2.0355533409498494,0.8711316649544162,slouch
17.84,0.0245949819708339,-0.14460914528104146,-0.27435246049849166,-0.2859438935110828,1.2546965145518518,0.04065771607286734,1.964386514187537,0.9818456271762455,slouch
17.86,-0.01738870465266907,-0.18254789632871782,-0.3180410022231669,-0.21178029518832608,1.3676582725037192,0.007139818470046509,2.209228866869406,0.8676594998023968,slouch
17.88,0.010759594205396338,-0.16077776984357908,-0.2957606635314353,-0.1943946546421238,1.2118824641933355,0.06496427734483934,1.9805054413974015,1.0249996545365787,slouch
17.9,0.026333661584502475,-0.167656203817839,-0.3077242796408795,-0.23540073704160797,1.1399030232868577,0.05677730690739091,2.0643149356904584,0.8880044988552113,slouch
17.92,0.02197013089991556,-0.16793564534600072,-0.32530387328802246,-0.24033949930395704,1.2805100323079308,0.024579940202909562,2.1114891162217786,0.9960446341858035,slouch
17.94,0.06415610973651693,-0.175525506743023,-0.3140697973210768,-0.2806141360159218,1.2778502715453455,0.002002846729836367,2.110064222117508,0.9290187979850298,slouch
17.96,0.0252329648788784,-0.1747032800541331,-0.3266097060361154,-0.23322401267037457,1.3243280803555773,0.04966312455521261,2.1283710798466915,0.8958836315993645,slouch
17.98,0.019090713083175864,-0.12757981583748523,-0.3012071498847376,-0.21715701995649675,1.2097494112967357,0.03148587364359442,2.117521257162634,0.9248590918421702,slouch
18.0,0.009440786296372194,-0.20600414402225906,-0.3182877560477316,-0.2068729939728621,1.3945118127203266,0.06977515602713179,2.058347957278462,0.8811294700555412,slouch
18.02,0.006964922632213199,-0.14714454381146413,-0.3257870118604154,-0.21507035950720127,1.2338227818626117,0.008631658337868489,2.0521185422948904,0.9910443208826065,slouch
18.04,0.005164715454510232,-0.190077234821817,-0.3043888049597051,-0.25003703872340854,1.2455400835246926,0.05021435592432123,2.03841545321573,0.9855849621314802,slouch
18.06,-0.00565132081034521,-0.14065672103307375,-0.2998847906346253,-0.24708059933955043,1.3422598551975107,0.05115588725055298,2.0654960867528778,0.9671907855914795,slouch
18.08,-0.007838230162269196,-0.13902102233572636,-0.2870457123130185,-0.24863123704948686,1.360679512410183,0.05483397264421701,2.2483065841782013,0.8660320635448817,slouch
18.1,0.06765455428227597,-0.1942027818782228,-0.3134652403579363,-0.23922193842764822,1.3382050178051625,0.02456009780204254,2.0489698606917837,1.0083425939653374,slouch
18.12,0.030142717904689934,-0.15003904300898221,-0.28532687301387527,-0.22556065414788856,1.2694680655532475,0.018451301163694814,2.223528260260937,0.9645755544851088,slouch
18.14,0.05847191452918568,-0.1550214072214405,-0.32250998106563045,-0.24609818528427477,1.3405771609834878,0.06450891705919168,2.0797496927433676,0.9663990120071767,slouch
18.16,-0.007885151501043105,-0.17253658750748896,-0.29637374699996016,-0.23188998961627444,1.3210335968328344,0.018623091503965152,2.0756026391082267,0.9209964185446206,slouch
18.18,0.04520532111640932,-0.14949315167227883,-0.3111641962422189,-0.26729441655394537,1.3366348681105817,0.030672508143972255,2.1672484058536123,1.0009793377169638,slouch
18.2,0.019146181169015685,-0.17575096708548774,-0.2787499001967435,-0.24030634445118929,1.3677245769168098,0.020763627824555736,2.012243974603616,0.8637692131909126,slouch
18.22,-0.01595704976322643,-0.1835754699312135,-0.30431918635831606,-0.22660633624981033,1.2279532604897634,0.04619659165884798,2.0982788946133883,0.9336444164333161,slouch
18.24,-0.010148665781334991,-0.16599948865356415,-0.30539737881476897,-0.2465386552704088,1.3297309927985963,0.04191327885448079,2.049702874149373,0.9765229292127716,slouch
18.26,0.047295543460014335,-0.1498021816168743,-0.31728892623703436,-0.25882813518621,1.337222748531672,0.03150333630002431,2.1260945493545647,0.9630942968164249,slouch
18.28,0.013055216129104628,-0.1420660088104572,-0.303513297393251,-0.2303812235162933,1.3762444978640667,0.061212314299102816,1.954448037355613,0.9893829081670481,slouch
18.3,-0.002716190148005353,-0.18041621884090853,-0.3060445776582189,-0.2682538802706626,1.3429428743609255,0.049367068927592954,2.128384961510325,0.9856314837841914,slouch
18.32,-0.005268480170629201,-0.17131869320544293,-0.2952441007997778,-0.25675050048693854,1.2646277684911718,0.04339239674487313,2.078128805942557,0.8981871986289384,slouch
18.34,-0.01952665768979283,-0.14839172383021865,-0.31132528349210675,-0.25131657629961185,1.2301754550415702,0.0248546024396869,2.1096409056941257,0.934273962382695,slouch
18.36,0.009550064258376923,-0.17880642733456667,-0.34808425664307535,-0.25098690000945506,1.3853534950472188,0.04681613007620296,2.0772458521839887,0.9102441772257722,slouch
18.38,0.02065777426085147,-0.17097602451445065,-0.29525176936964825,-0.23752340500922794,1.3379926803401105,0.029015348254668314,2.1730700373682454,0.868442469806557,slouch
18.4,0.08407839278091697,-0.14042759542377967,-0.2693692777132482,-0.24875716990161406,1.3108695005766877,0.04440158723336504,2.075119750145063,0.9077326480041558,slouch
18.42,0.0239964951136058,-0.17810840300127662,-0.29646524645849953,-0.2377598048160739,1.3975087714355527,0.070834694746889,1.957020117248942,0.9501161954665185,slouch
18.44,0.020048067872887095,-0.14500693513046328,-0.335942557350391,-0.28037567872757085,1.3096791201447675,0.06547709970072818,2.100338705365098,0.9583430393431247,slouch
18.46,0.04599845194723808,-0.15031704594629722,-0.31022970349996876,-0.2343081452852942,1.2333174396037032,0.04405986321665826,1.9207584786192642,0.9387263772702179,slouch
18.48,0.008935744515122017,-0.1539014556052856,-0.2781653431765561,-0.2804860346503454,1.457236169496865,0.05818664582255638,2.2141584793789644,0.9702416899308769,slouch
18.5,0.001969632291957375,-0.14998834275281753,-0.30476660675606937,-0.27194521951453093,1.2791706383189962,0.02573916043064621,2.016592681018101,1.002061481105034,slouch
18.52,0.04831338111780848,-0.1472095283317408,-0.2573064458754463,-0.27528563588904326,1.288822872481299,0.041717849881822186,2.085525580085258,0.9649141631277895,slouch
18.54,-0.0071043491774089905,-0.1861617465651716,-0.2898410546058671,-0.23537187170942875,1.217780545912985,0.05221819220683664,2.044412203726374,0.9105963406567608,slouch
18.56,0.04895251404152553,-0.17157758502969425,-0.31525466316428097,-0.24450841171077628,1.3057809645739735,0.06193169912376632,2.154625790921674,0.9965083737335493,slouch
18.58,0.007419203221193749,-0.1654836301165917,-0.2927872252256523,-0.24296650509767315,1.2225475061214153,0.05925729059129677,2.0454286785953175,0.943963452282588,slouch
18.6,0.027520551765306166,-0.1201023087970265,-0.3127414379581193,-0.2856113214379261,1.2452986726520765,0.0009462454832064093,2.1165486318563493,0.9876465353333392,slouch
18.62,-0.009688269789925968,-0.15425648815364978,-0.31477530566386397,-0.24953620090041134,1.3047920937717044,0.02692106867097358,2.172736315312481,0.9843460474542862,slouch
18.64,0.028974940995101405,-0.20262500500372838,-0.28496957256886263,-0.2680642744973258,1.282661565320887,0.015917321920530466,2.066682599803498,0.9768559123112178,slouch
18.66,-0.01587040314018106,-0.11270733067774716,-0.34313793705332074,-0.22964385898094283,1.3175475536184837,0.022190067600350083,2.167451335454371,0.893798715331481,slouch
18.68,0.011423553318853176,-0.17954176547997322,-0.298248732080893,-0.25668465025696097,1.261062505306386,0.020701189601320464,2.0271670285959207,0.9119733640199601,slouch
18.7,-0.0019842539133368186,-0.16382522470614794,-0.2989592386352812,-0.23719516137682148,1.406091065774843,0.0,2.100528439272975,0.930408262121777,slouch
18.72,0.04044811177345433,-0.19371673212894272,-0.3131042394742777,-0.27281990176339677,1.288470041874386,0.060143799439247574,2.2655228135846364,0.963399734135349,slouch
18.74,0.016809693507753062,-0.1581580369200342,-0.2975689389350443,-0.2514588390713818,1.2033624956187965,0.02781502366556628,2.0582130838214296,0.968713267455442,slouch
18.76,0.01726816924873054,-0.14688741618712853,-0.309653385515115,-0.25811278847611874,1.249368675015364,0.03516132184568483,2.060320528193301,0.9912238754199533,slouch
18.78,-0.01608075688409909,-0.1562225755821754,-0.2527253724012015,-0.29588578426391005,1.427342063785444,0.03956326123066146,2.0744178220198255,0.8967345231820715,slouch
18.8,-0.030365139324748974,-0.1505749489719303,-0.2907806657160163,-0.2659385521832891,1.2502387333902438,0.058934926817632426,2.053571244253025,0.9392624652697158,slouch
18.82,0.020723766438816668,-0.16033965988854054,-0.3241838853409409,-0.20878279422013157,1.369018976000533,0.033639337795552025,2.037070060786012,0.9280962044573382,slouch
18.84,0.016780673179461743,-0.1809916022638387,-0.3320098960588547,-0.25801772178355287,1.2317369167899388,0.007917609061809739,2.167134901804598,1.0247640731415912,slouch
18.86,-0.006951116289286057,-0.12570556097692112,-0.2868619903146702,-0.27753842776810456,1.2014811803316683,0.066773454899277,2.181142992075236,0.9771654312877346,slouch
18.88,0.02257080537325733,-0.19150683082531708,-0.3404560777953351,-0.2568812313638864,1.1738570685264131,0.03486750130053089,2.170283947777642,0.9299994227225765,slouch
18.9,-0.019701933786222772,-0.14248453477656503,-0.33325860929258716,-0.24824117662483922,1.2337231573618068,0.028185994326546487,2.13149226940959,0.8939598851418069,slouch
18.92,0.009241869030344829,-0.178933134068057,-0.28515204167964087,-0.26658313797174465,1.4066896531989632,0.0298909566749868,2.086414073203425,0.9543904521283546,slouch
18.94,0.004126710434154161,-0.14256978588583055,-0.34292515937648627,-0.2716975822063433,1.2939041795179649,0.058729656710101164,2.0450849176798025,0.9904736168713826,slouch
18.96,0.019775600800790223,-0.14904436603874432,-0.29538208345930234,-0.2234458286362052,1.2885415644896296,0.081791522681819,2.0067527285136033,0.9686021393733115,slouch
18.98,0.058945419222196836,-0.168095702310568,-0.30513881691034594,-0.24503536518400562,1.3022007518653627,0.03156609408204906,2.2723342233151365,0.9815553434964314,slouch
19.0,0.06193452414907824,-0.15103831654754052,-0.3140956590655104,-0.26009034004516934,1.250599793364653,0.042786887687746945,2.0644694501602188,1.0086755253258395,slouch
19.02,0.03901265040414025,-0.14468724049940532,-0.32147973953506676,-0.2429130939035935,1.3009546074466039,0.02358616254257895,2.1121175232191196,0.9067932889132956,slouch
19.04,0.058971274906094884,-0.16297984126346565,-0.2935057543694622,-0.2664142796033168,1.3803507045150496,0.04413915679056672,1.9153844201142536,0.9513898217113091,slouch
19.06,0.031027029383163318,-0.1570325987798502,-0.30859099825192743,-0.22714169285699282,1.3312349949306703,0.05005088650363285,2.2177213965027853,0.8941673099890722,slouch
19.08,-0.007598666497298051,-0.1912181833723074,-0.32790819252957953,-0.2838927234318508,1.4072664809534723,0.08822819493276936,2.027787932846822,0.9027873584396253,slouch
19.1,0.05356222565088336,-0.16982019513057262,-0.2864409963206299,-0.2455280660344615,1.3349972626483744,0.04318461163818398,2.1243819197649065,1.0438729142721441,slouch
19.12,0.03682389357126009,-0.15693060753335325,-0.3678579660506831,-0.2255567200699972,1.424720983382097,0.055398552942428195,2.024188614583811,1.0110527100185152,slouch
19.14,-0.006494271953811635,-0.15810564658234408,-0.2957132934681838,-0.2573061622504699,1.2683367293485306,0.002822516124747567,2.067699302810678,0.9253921063947042,slouch
19.16,0.026420990865451792,-0.179038976177254,-0.2811607854726083,-0.24531716228375092,1.189253024630032,0.017948772709677395,2.1678135766560516,0.8475628752103114,slouch
19.18,0.04878636757241421,-0.16189986175001006,-0.3129372092950032,-0.23518046652948152,1.2397099977655561,0.04103317580568726,2.0871875568782565,0.8252714060588391,slouch
19.2,0.02933505600929369,-0.20083485252089844,-0.2562489210455974,-0.2293353131830053,1.244565642000944,0.034406651727933814,2.2784328829048675,0.9568404970314968,slouch
19.22,0.021077035821810402,-0.1527548504496375,-0.3099948074299565,-0.262264927706751,1.3419446064866,0.057643161550632316,2.245330675123002,0.9297057935638953,slouch
19.24,0.0453871454478324,-0.13682194139873827,-0.29320746826075283,-0.2307143869999312,1.3351848396518282,0.04602069743820967,2.2799396955255213,1.091351022346594,slouch
19.26,-0.019465331794488477,-0.17513294204269345,-0.2970738588565754,-0.27422056737082184,1.4404035150750636,0.02255527538914601,2.11403654968122,1.0029333112717038,slouch
19.28,0.013294363184000882,-0.16707974035543832,-0.28949229056764775,-0.19145742318589742,1.3117819879653416,0.06916980688412028,2.0865156215987324,0.8859344442586797,slouch
19.3,-0.0022090327387966433,-0.17049194663330697,-0.2887079884693856,-0.2249442363176665,1.2621013661104634,0.03133159680470577,2.0133466713229864,0.8255563236573722,slouch
19.32,-0.006523250604634127,-0.18380736567053232,-0.3003370860175463,-0.20861866229626871,1.320407083263245,0.0288228264572927,2.198313056686222,0.8529832024567585,slouch
19.34,0.011184420935488064,-0.1720406815246258,-0.2835292114261928,-0.22942391754255637,1.2289127760334067,0.0009287027086747735,2.2168194954033775,0.9885565019548522,slouch
19.36,0.043744106432620396,-0.16115170687893488,-0.27695520307582255,-0.23694287920965776,1.3893143948782496,0.05818769334329635,2.1301853404630515,0.9403097011215776,slouch
19.38,0.04094911979766865,-0.17478714948357021,-0.2931863873010053,-0.22239126215629818,1.3326015670785505,0.051736943679405525,2.128497256680114,1.0327386795535982,slouch
19.4,0.03339906331011806,-0.1369997973446,-0.2801224499472095,-0.2170783681139434,1.2688107945242355,0.043103248834178216,2.146851727300667,1.0193781809796467,slouch
19.42,0.058767305319931275,-0.1882683309622793,-0.3326679923574966,-0.2585349624991007,1.3502827341200123,0.05887111715911888,2.0796953131847884,0.9853950938816147,slouch
19.44,0.018350486989658375,-0.1363860260752092,-0.31865418647304455,-0.27110209220311743,1.4050244224941986,0.06252473956629205,2.062728508959007,0.9266342338898055,slouch
19.46,0.03428705148586728,-0.17899361729455227,-0.2612157339821052,-0.27743903771050077,1.3547421114952123,0.017106548256536666,2.007302041995375,0.9298090733783779,slouch
19.48,0.04035195389446161,-0.17618670812108503,-0.29535946001363694,-0.2459234946032549,1.2300871970177385,0.03992110372884556,2.1007513911303874,0.832166301514316,slouch
19.5,0.015469143361389838,-0.16051696442710994,-0.3488881006528195,-0.2594753725518827,1.2254228557981923,0.035362314965378956,2.1183352759818206,0.9558079206599036,slouch
19.52,0.0004899154186748753,-0.1591415821142408,-0.3439776913758497,-0.2611160833004967,1.2303139155955318,0.018912398800526954,2.0293398507862914,0.9594304063054543,slouch
19.54,0.00956956042840292,-0.14068510434671277,-0.28756624201879377,-0.23767360665664053,1.4200595792154898,0.08956799170263209,2.072000227695571,0.8940181029026427,slouch
19.56,0.07538671377355678,-0.15506123283984116,-0.2943960076550502,-0.25400447244050117,1.2563242501210319,0.05363703148059809,2.1486594677447246,0.9113143876146,slouch
19.58,-0.005866562787593094,-0.16124526332050887,-0.33003173882131537,-0.2284153271473598,1.363348994830729,0.07081698099911905,2.199710686649544,1.0872647474025996,slouch
19.6,0.04091391339144717,-0.16669115479888735,-0.34213076703176554,-0.2733749449041548,1.2070231777943945,0.0,2.033569465222522,0.8660016037234511,slouch
19.62,0.01378693198680594,-0.16015970610656505,-0.29102318845758657,-0.28632017383114267,1.2112985064263837,0.06720639314847261,2.0685449445134356,0.9591927529181091,slouch
19.64,0.030305751232395903,-0.15742609172884037,-0.28604491558627854,-0.22272191339102992,1.161258474513836,0.05579675090735869,2.046773049800933,0.9913646579897931,slouch
19.66,0.03678909933726242,-0.15970478951777103,-0.29974966398523994,-0.22512820086409904,1.3480158955974042,0.02853738784347911,1.9895646415299741,0.9447502384202828,slouch
19.68,0.011437294939641188,-0.17505711402058846,-0.28078645230693067,-0.27705656453374716,1.2980390321528639,0.06552139422547609,2.0493363324252307,0.9639107831408188,slouch
19.7,0.06374895406654767,-0.15689224726238588,-0.29671327269487807,-0.2727459320430939,1.2993613496793015,0.0749273017535424,2.105101864329251,1.0111284482910639,slouch
19.72,-0.015749952482465027,-0.1587776455498893,-0.3068369458542623,-0.2350978222450964,1.303838448899218,0.07126375110474364,2.07712221858731,0.8898675617158297,slouch
19.74,0.046474915697270636,-0.1448935135075966,-0.3164090812598126,-0.23474066636529312,1.381664677140362,0.053719775066135136,2.24334944172303,0.8611154689331959,slouch
19.76,-0.03834075822671945,-0.16703040256485321,-0.31271054453724345,-0.25896493535834814,1.318768614449277,0.030274869874808777,2.1661170503320184,0.8812744898587791,slouch
19.78,0.05266965196687476,-0.1710599354804778,-0.27595225041424276,-0.2527530974332776,1.319564321029816,0.036403981394098506,1.902556796544781,1.001183841275913,slouch
19.8,-0.012481461502231509,-0.1660403611602739,-0.2724117414028138,-0.28741454502622643,1.2859623334096806,0.020599834394113385,2.0991407678433305,0.9026704846953308,slouch
19.82,0.05288397754948495,-0.16389891497589149,-0.30481156276954924,-0.21804921944764136,1.217131462254632,0.06097342391860678,2.153940810943952,0.8789098673783724,slouch
19.84,0.042769412848746136,-0.150089914771929,-0.31433768612954877,-0.23141502830075927,1.2107953798074762,0.031705690581060195,2.1477192831941756,0.8684555707022135,slouch
19.86,0.00532529831532615,-0.16198365740569876,-0.3147092611125177,-0.24612826158672296,1.3293365652438573,0.04623851989646701,2.121573984087433,0.9503204876607203,slouch
19.88,0.015085814148439609,-0.11644746833132832,-0.2937039849666119,-0.22326432162086288,1.2818471329185486,0.02199796747628681,2.26143545179809,0.9613719538848335,slouch
19.9,0.027730043513047763,-0.1821425913471642,-0.32591338582692425,-0.22829731580501691,1.2987193745604289,0.03285343770365322,2.175186957197492,0.9885582626136596,slouch
19.92,0.02188851013850684,-0.18868508553496594,-0.32074269517706994,-0.2794682775062407,1.278765687005451,0.06414691303264769,2.1549348476633834,0.8822306973101681,slouch
19.94,-0.002325594987059751,-0.1543104908453265,-0.25829663170741035,-0.25496279768155605,1.2519993236744484,0.040368985508261505,2.01022693130956,0.9331983668769644,slouch
19.96,0.03683372103647323,-0.20237982610660363,-0.2793656330971324,-0.21618135920549755,1.2761032948757858,0.05598374997138519,2.1942211204103326,0.8843629280905131,slouch
19.98,0.01851458271743468,-0.17037242080717566,-0.30528726571572107,-0.23410809209677175,1.227886655608374,0.026854414340075083,2.0655191724048265,0.8989568199878442,slouch
20.0,0.030720928400599985,-0.13469542145934843,-0.2905643355152461,-0.2091635946752772,1.2687098013546756,0.019003546694229496,2.076174864520068,1.002062570424499,slouch
20.02,0.02028120558650595,-0.17416462188016563,-0.2900843610918193,-0.24913627312084477,1.2226837973984406,0.0025610397477450063,2.2756692048571483,0.8476306680785588,slouch
20.04,0.011211228434501664,-0.14945116849711984,-0.3154539351111675,-0.2580790708469835,1.1634507929331717,0.08210794604562119,2.1397524330010924,0.797746979427473,slouch
20.06,0.044450023835075334,-0.15959829957057853,-0.34713468800561714,-0.21834771891981858,1.2700398866823435,0.032898646308517965,1.9453813925234642,0.9332360830231212,slouch
20.08,0.018031136079490268,-0.17627091319722843,-0.2976050407682956,-0.2715039634576338,1.2322730054715796,0.026832384172021315,2.0108697128009085,0.9675264270562011,slouch
20.1,0.047965205635037325,-0.14421473803590118,-0.2875685653808965,-0.2567798321500253,1.3655887003825062,0.05520644958372498,2.1037934946243344,1.012541296979574,slouch
20.12,-0.015359878887416016,-0.15696933457989248,-0.3097278958777469,-0.246584338290643,1.3228321249768067,0.062370608714747644,1.9936402346352367,0.9240463036100531,slouch
20.14,0.034318347790036695,-0.17664555441284086,-0.28526252985299994,-0.2925305622674923,1.3513788468332582,0.05382244430724144,2.0544148804375824,0.9715866793761715,slouch
20.16,0.01953281273523151,-0.15316391778985172,-0.3320502722258767,-0.2351306669434288,1.3177334879978768,0.031142547016414075,2.1638124995534502,0.9770986332608658,slouch
20.18,0.026555143000454834,-0.14373281464280965,-0.32899428939477166,-0.25731874249441233,1.2594965687370696,0.043625244802245854,1.9922303683685911,0.9907316833145056,slouch
20.2,0.005156486023899602,-0.16327054586001205,-0.3564798236321664,-0.23452464574825677,1.3078742269912373,0.020819496766328306,2.1855214225998894,0.9875335636121487,slouch
20.22,0.04135217714851788,-0.1541332171690909,-0.3088229706615859,-0.22906183801241645,1.2821389439695192,0.05227776166772044,2.269305136614267,0.9246269647938932,slouch
20.24,0.0014268009003932424,-0.1626352242159252,-0.2954814769235892,-0.30361544366370596,1.261847054124334,0.03181631070996917,1.9568754983557457,0.9501953946726696,slouch
20.26,0.0065561284703570975,-0.1401458187642042,-0.30713802377198274,-0.27093498582427555,1.3393385113185625,0.04935344741959807,2.031173188941265,0.9667143293902755,slouch
20.28,0.009041826481861377,-0.1687985681605369,-0.31144661029616294,-0.25706320572535085,1.256915042920884,0.0,2.1021440548983352,0.9674310553984542,slouch
20.3,0.03951661599494008,-0.15752059767505597,-0.3106758777701916,-0.254628104614217,1.3097098775648652,0.0592177274663592,2.1020936870484976,0.9638716605904909,slouch
20.32,0.04953327744101691,-0.19438426057281735,-0.25683470044254275,-0.23401894232499557,1.2997689153050067,0.033003767860687136,2.1376661131063726,0.954766073791282,slouch
20.34,0.035643511316293786,-0.1921539544119896,-0.33568889029573584,-0.23156318822702515,1.1885152034110193,0.07182209865376882,2.072630682290597,0.9683830348031288,slouch
20.36,-0.03502813229799482,-0.16420242047466208,-0.31741222209403197,-0.237475923410998,1.2841020187117473,0.03983108142445555,2.2109914680797624,0.9314434472922294,slouch
20.38,0.018000837304208,-0.1534966594913165,-0.275569626889827,-0.2611903822428147,1.1847151882579543,0.05464531107054903,2.0721932226578343,0.9372052837111623,slouch
20.4,-0.012430299824193298,-0.1397040135878783,-0.2904019478456821,-0.2544129360797498,1.4333005732039454,0.006718122457321951,2.1207571071760354,0.8841205629643405,slouch
20.42,0.035758970319385006,-0.15444320233203523,-0.30146155021397875,-0.23745887134174734,1.3151666706861804,0.04222253576540567,2.26746288830848,1.0039444360782654,slouch
20.44,0.027532783492310337,-0.16381112712180396,-0.32644834003037093,-0.21912591800080256,1.4174186003639615,0.07544364671068958,2.106351355527605,0.8954953351577851,slouch
20.46,0.003831394343596499,-0.1340950479447068,-0.3026867286690879,-0.2639302155799943,1.2713597750803476,0.05021551200109098,2.113619340508644,1.003499585106695,slouch
20.48,0.061259609639034804,-0.14942935119727652,-0.3371097063897365,-0.22652341581421523,1.3147470289489853,0.0635109637789639,2.1113076035827625,0.9238251245578057,slouch
20.5,0.03233515415618823,-0.14052404468011825,-0.2922493774595431,-0.2646599272863024,1.2282639655076664,0.044622988998290376,1.9771158668285425,0.9719475031972714,slouch
20.52,0.03080877836897116,-0.13734615893555105,-0.2892023400742865,-0.25764830211663003,1.3584336014796687,0.014239579296021763,1.9796477810712008,0.9662790427640703,slouch
20.54,0.05811016046712914,-0.16442805579809913,-0.29124594984262164,-0.27793308228470137,1.2969593885207682,0.0035002312408834338,2.0882472614261824,0.983421825177498,slouch
20.56,0.02067456916262348,-0.17100484350946232,-0.33549927770192,-0.22845410504445196,1.317055259606599,0.03677737733251632,2.10752326239949,0.9312597901149305,slouch
20.58,-0.0032629202110404714,-0.14966366970142528,-0.3347008849898137,-0.21323742306273258,1.3527452506148525,0.03242189346828382,1.9023434614596868,0.9498329801477856,slouch
20.6,0.04787004936464055,-0.18283610789425564,-0.31913638677942296,-0.26239551518568976,1.3436923458644912,0.03907460915774095,2.004646258848558,0.9880447020038409,slouch
20.62,0.017407657477843837,-0.13952543226856473,-0.30562158498552316,-0.21015250342518965,1.270757207780232,0.04773164222704174,2.2192129437205277,0.9755191928454342,slouch
20.64,-0.018696405086623145,-0.16033042702853403,-0.3228415191222936,-0.24646155257768163,1.2358533505214992,0.03569384421972749,2.2249712505086885,0.8951433957888759,slouch
20.66,0.024058717583753934,-0.13806711767519553,-0.3002526071445189,-0.2676730227439698,1.3291602962769902,0.05290241250414412,2.1197226665499707,1.0171501830540375,slouch
20.68,0.02383411954982297,-0.16691154173417375,-0.3119291520948531,-0.24444449716070785,1.356684429108885,0.03624926632136684,2.1405905722213157,0.9207458826221148,slouch
20.7,0.02219775096377031,-0.16996155443254032,-0.30431997233976915,-0.22419369272544332,1.3345213927582134,0.037070450056012505,2.225111496222871,0.8597407143728556,slouch
20.72,-0.018702068361913213,-0.16073884462042123,-0.32116582314877634,-0.25342155219386325,1.1767144541051762,0.026166012906273847,2.1548480354367614,0.9383558971420454,slouch
20.74,0.03942572191119635,-0.1921020388208682,-0.2589285087520981,-0.29908209917568146,1.205483391812784,0.04170733005501782,2.1927570283141384,0.86282775813485,slouch
20.76,-0.009770953577213028,-0.17540257961843655,-0.2772635587763374,-0.26195306320487827,1.4004762256878034,0.0408593123485309,2.2162012514062748,0.944652924560316,slouch
20.78,0.04980764408259533,-0.16105400375902537,-0.2733251758840887,-0.2596091575671644,1.2840408853142322,0.03245102450066132,2.1528671131096035,0.906601263605013,slouch
20.8,0.03797728085637221,-0.14831533051971302,-0.306890139885418,-0.23733781003678298,1.3029047162007388,0.035629937381002244,2.0119561554249956,1.0437216155060274,slouch
20.82,0.037000342111522595,-0.15913942450750265,-0.28398525097029326,-0.24222231984580203,1.3858212212991408,0.05846909246124993,2.1148270535781823,0.9358544255552612,slouch
20.84,0.0335326681682351,-0.17649560823141466,-0.31806102338399384,-0.2349058068678746,1.3566208928397463,0.04652824604530327,2.0157614190746296,0.9705380325219056,slouch
20.86,0.024222478725810313,-0.17160225924293268,-0.31014200311623447,-0.2436195003555681,1.1758772461533402,0.03599359389249371,2.0701307199764494,0.8271263337895607,slouch
20.88,0.060572767133337285,-0.18623230518213657,-0.288612846209087,-0.2151740881522347,1.3706987914563111,0.07482391816607163,2.2296633144409346,0.9394273616558753,slouch
20.9,-0.006036488215465851,-0.15037638503240539,-0.31324624708275867,-0.2772531158942323,1.2970894117329976,0.06500972347863511,2.10489866585416,1.057952835876934,slouch
20.92,0.016032968482697304,-0.18996410614853693,-0.3168897649130227,-0.24393389105093877,1.2477717319394532,0.04618566264132925,1.980480394428778,0.9590396254328332,slouch
20.94,0.012788480345830893,-0.1497112189675951,-0.29982831760481915,-0.2474686537143745,1.2501620070149764,0.0795951406231523,1.923247389391185,0.9392095883707806,slouch
20.96,0.02890886468534456,-0.18209539756503937,-0.3164502312269731,-0.2882332095562137,1.3335052473797637,0.08004829187627636,2.0400961222840976,0.9849286795405484,slouch
20.98,0.01135580335072973,-0.16328640289304341,-0.3224540787453437,-0.21684036666382916,1.3014046625435103,0.06713387850637888,2.085558738091736,0.9382637821806408,slouch
21.0,0.04839497596310718,-0.15105738096434695,-0.29924890656332703,-0.2666923293156622,1.236193081211824,0.02446111216456912,2.044496652133251,0.9373647565724224,slouch
21.02,0.0024430029802349714,-0.1583630419863428,-0.3135643241277736,-0.2872009930041391,1.2555498058436723,0.07001785479015205,2.028476664502739,0.9066346058196375,slouch
21.04,0.040145207867789065,-0.159132674079002,-0.24023706071127118,-0.2691782079038205,1.2291802395773235,0.04467724437237069,2.0652071311409728,0.8608175895085741,slouch
21.06,0.01734702508614894,-0.16975191960398925,-0.32948263489529855,-0.2632380439277287,1.2906529827032054,0.02100584951843523,2.1202825443586546,1.0082463533058124,slouch
21.08,-0.06031258469502022,-0.1515261646978464,-0.286712115454728,-0.23148264823137424,1.3188376668438098,0.06419764962175945,2.0898113635819286,1.0113583465889437,slouch
21.1,-0.006454230874194722,-0.1844989132509399,-0.2709651480283721,-0.2191654342875562,1.3302880808048632,0.044391667227162424,2.0331295759785415,0.9171640115303993,slouch
21.12,-0.005192026786648347,-0.187519467549585,-0.3584740981330077,-0.23182845706840566,1.3303142039234392,0.02954421453159564,2.072696773846419,0.9858512429402985,slouch
21.14,0.07897339419870171,-0.18242458403014467,-0.2881193286049821,-0.27880286399731763,1.350580614053993,0.07051381348322389,2.1728769646586463,0.9689173947541914,slouch
21.16,0.05223014076048995,-0.16811182063973087,-0.2815379886683541,-0.2840801416566299,1.258123688516239,0.03678853177823393,2.2241992359883143,0.8323729888283706,slouch
21.18,-0.025027811932631143,-0.13935004405153123,-0.329037834331059,-0.21974607409131097,1.3241028690448706,0.05341630458481878,2.1698265814898727,0.9266149643875019,slouch
21.2,0.02114509865417486,-0.16034966543688475,-0.317726233138794,-0.2547579969610628,1.431885612899961,0.05290231945394919,2.0877150784811693,0.9463724836844928,slouch
21.22,-0.0035512545309157677,-0.17181019844854703,-0.27907333274457563,-0.27986577927241785,1.2003360707554407,0.06347900706138825,2.295137913651615,0.8595256526811174,slouch
21.24,0.02553625683201083,-0.14465746119670195,-0.33496480553305563,-0.23507844819217893,1.301796789728016,0.016767278258102123,2.110540671047582,0.9313308923635314,slouch
21.26,0.001332162941799776,-0.16576361116160104,-0.336517781606395,-0.279366243138184,1.3284707278026258,0.022805917231405258,2.137191646140996,0.9412588118132801,slouch
21.28,0.0143744182791916,-0.16933664485158398,-0.3280152929423836,-0.2462547867942507,1.2141290912375817,0.053819302682217296,2.103814103842542,0.895172070392618,slouch
21.3,0.031096324269421778,-0.17347314569053546,-0.280418843692019,-0.2948300222395119,1.417745140267036,0.08202567414914713,2.030179679584776,0.9069869858780953,slouch
21.32,-0.0066132148440438375,-0.15750085262574642,-0.311938235563351,-0.28387940071864476,1.318206918854148,0.044508563769287815,2.097782228076953,0.9068243763574364,slouch
21.34,0.029535695559995516,-0.141351828552217,-0.30011841088244035,-0.22939318162666764,1.3196385400170232,0.000233386441172323,2.144989782211775,0.9571838069902096,slouch
21.36,0.022556807945277136,-0.1744442031612699,-0.23736702476023025,-0.21156275787348053,1.2156843272085254,0.06866904502455232,2.1398482879238387,0.8996775623780359,slouch
21.38,0.026961724391057117,-0.15624321294674723,-0.3090354519379286,-0.2478778413162262,1.3019394988743043,0.07795248626522734,2.021779787505999,0.8367952919899323,slouch
21.4,0.051756121698154155,-0.17009038210121766,-0.31425018865547805,-0.24664180382765288,1.3902854047397906,0.06330274101621108,2.0915543660208193,0.8415254323619314,slouch
21.42,0.012994606235946239,-0.1637800007494694,-0.2875436625284355,-0.23654505233133838,1.3326702679152156,0.02058676846395968,2.0254856972020527,0.8949797212612024,slouch
21.44,0.017301926988323595,-0.1739735242005829,-0.29076001549278285,-0.22594040829194237,1.389241369286767,0.022663834119872935,2.055562160385915,0.9345674549430492,slouch
21.46,0.02374249714752502,-0.16617476570761514,-0.3222776730193218,-0.2502394626140401,1.3246889462250837,0.07289010815186235,2.0932167521507408,0.973721344168215,slouch
21.48,0.05133998100103616,-0.1648691413260922,-0.29673906461993393,-0.2072268878467962,1.276713249251569,0.05174320006526871,2.094498058108727,1.0931645542124855,slouch
21.5,0.06852601149821236,-0.14592199780069307,-0.3363115282390061,-0.21346240145596415,1.2579851819104813,0.06369690690436541,2.164643450276738,0.8818992143003992,slouch
21.52,0.0018855293564568208,-0.14893288588593773,-0.2886488678391646,-0.27313663424666507,1.1731785230310923,0.06930328400152011,2.067987738713785,0.9233438705378892,slouch
21.54,0.010033483446501453,-0.13016171600134502,-0.2771779397914881,-0.28310134522510133,1.3517013528437298,0.03408288660982969,2.012507313476181,0.8661878070757069,slouch
21.56,0.03449718840021515,-0.19108438551936202,-0.30936552348427016,-0.255819847463946,1.1630668116111271,0.016991425059178437,2.3120646180728013,0.9165647325787409,slouch
21.58,0.013213964374176611,-0.2000771205654305,-0.2977627423191752,-0.28693715089303057,1.2101738733946985,0.036428952355728454,2.057676628610495,0.9817693083076781,slouch
21.6,0.04898219014342472,-0.14823673678137278,-0.29661495407649946,-0.28488116709417705,1.242135513555787,0.038009044497087106,2.167849608082936,0.9965868272304946,slouch
21.62,-0.003753761119505312,-0.16982459844794648,-0.33860102906775125,-0.2677281162486345,1.2773511921649314,0.04358276351054505,2.193235961047751,0.9366146801554461,slouch
21.64,0.07152785564456302,-0.183784960362175,-0.2752640111590352,-0.25915713430243625,1.2667922940834095,0.033171529582153504,1.9810370969648041,0.963930416266776,slouch
21.66,0.0034624700201935743,-0.15416190124059592,-0.30198871963990986,-0.24608704989750238,1.2417180571126072,0.03729982269124033,2.021730883388314,1.0475067121444885,slouch
21.68,0.04428432556917373,-0.17425408140517468,-0.3295153066316828,-0.2654948447480914,1.2601455132287314,0.043073421216772614,2.1050351839460295,0.9256669909634082,slouch
21.7,-0.01998853176409925,-0.17436582992363858,-0.3183112374828228,-0.25237197567121233,1.2886974683965213,0.04566496542143551,2.001625363408883,0.8953979129759463,slouch
21.72,0.001052437583995346,-0.17755572312347953,-0.34550916853428953,-0.23903470328365425,1.32856844477705,0.02963207658817781,2.1966457455859105,0.9516171744463937,slouch
21.74,0.0419776156098849,-0.144984872972549,-0.31819207547878475,-0.23269128426658808,1.3734615154470886,0.06012906510004201,2.1242681444191738,0.8979516096699167,slouch
21.76,0.05939651116485059,-0.13145246065750174,-0.31122445046512526,-0.2640778884693008,1.2382151573497047,0.03725691037165144,2.043844380419051,0.9261907947027264,slouch
21.78,0.026238935623141103,-0.1707106885259031,-0.2812515802779175,-0.24249366477485781,1.3192255393003351,0.02946963641998646,2.1297083170756217,0.989922350753666,slouch
21.8,0.022760084818628665,-0.16861341255266885,-0.3017951457972982,-0.2741843138882725,1.3299111309704836,0.00943662451932426,1.9751071132855516,0.9645321023672592,slouch
21.82,0.03569894355850713,-0.15417773153965003,-0.2938366361940688,-0.24368741565884988,1.2265827423533564,0.020999532598253476,2.130044966760412,0.9830863599755998,slouch
21.84,0.006957937958862989,-0.18796274655057618,-0.3242988482016244,-0.28561797837045105,1.1792559286358255,0.06531774407012525,2.128451623371467,0.8907874278127681,slouch
21.86,0.029740001066530485,-0.16261221348782137,-0.2918219920408756,-0.26929844845983275,1.3193528930088176,0.019167078152836147,2.13252567550151,0.9618334731532235,slouch
21.88,0.01470114120973304,-0.14793841293091445,-0.31228514970490817,-0.24472817107382452,1.3168533159415363,0.02030807731723215,2.1067988175658012,0.9509151827582445,slouch
21.9,0.014730701058681255,-0.17045422082419748,-0.28464514055220047,-0.2253900524219491,1.3541527829361433,0.06587808834324653,2.2641337793435907,0.8619292275040235,slouch
21.92,0.035187461359326086,-0.15338940948804955,-0.2616833673530091,-0.27235799757216755,1.27262929737709,0.011596922270339274,2.1888218666136967,0.9353492443028717,slouch
21.94,0.009424588176794839,-0.18275192990067923,-0.2845566245456496,-0.2514398114181959,1.3271256025999243,0.026101573366842427,2.2247784152019703,0.9305173253304903,slouch
21.96,0.027707940309052114,-0.15409356972640886,-0.2834369867169462,-0.25366530694586137,1.432590859070916,0.04017835645096225,2.0924529959076077,0.9463558495894225,slouch
21.98,-0.00515478610810574,-0.164314779415246,-0.3058009834614424,-0.2663916380591596,1.3431576373819625,0.03733741450942199,2.0700072277761037,0.9896969067487863,slouch
22.0,0.01607884883988866,-0.1588954949239583,-0.33402383501250993,-0.22740678696249245,1.306178279211859,0.016867383079861416,2.1436911098688514,1.005669837264802,slouch
22.02,-0.03661308291784756,-0.16695735045157437,-0.27152166335477335,-0.24034493901402873,1.3109825741301975,0.051424474435535224,2.042387040479631,0.9721469898386191,slouch
22.04,-0.017083752669773484,-0.17382148881466725,-0.3168384235304041,-0.2397654104702013,1.2555917684527402,0.05094410650876611,2.0774131772462807,0.915755434397826,slouch
22.06,0.042177359403822265,-0.1808843180852107,-0.32498391790400655,-0.27745991524417835,1.2990363376596614,0.07022593851638534,2.0256756324707665,0.886758110937509,slouch
22.08,0.021718911698365404,-0.14800539325783788,-0.31765099390656776,-0.24632392612328802,1.2456018118162526,0.02981909064271493,2.102772432281699,0.8849954702774978,slouch
22.1,0.019986437170915163,-0.16816368434080464,-0.3237890727291126,-0.18951134798392208,1.42014099904622,0.014672249588175954,2.1182713928829338,1.0290959446809538,slouch
22.12,0.033879535598945784,-0.17150247102041502,-0.3033939760867277,-0.2540277611030746,1.270670185514099,0.015303957538319084,2.1731578982575166,0.9621698450442719,slouch
22.14,0.04068435121945971,-0.18092954758344065,-0.29699552169503773,-0.23065532322064686,1.2243411886751527,0.0,2.130724335465617,0.9647732852399337,slouch
22.16,-0.016503560640657767,-0.1412444684113601,-0.31276155966876606,-0.2661229669430803,1.3035536409669652,0.012418051008005908,2.1783601757897477,0.9206023051277505,slouch
22.18,-0.012325100174932479,-0.14037054497081128,-0.3036146363805749,-0.244638936464627,1.3953416935222007,0.008127374233590197,2.0996827248867023,0.8275293742467165,slouch
22.2,-0.003666991830160772,-0.14813441306670475,-0.3052679713701077,-0.2609103944798863,1.3445758091596693,0.040670056399334166,2.156670843819937,0.9063932329229804,slouch
22.22,0.06095442566470286,-0.17908203649071894,-0.2882231413205504,-0.26456864721546264,1.3979310482927867,0.0684949898749087,2.0300400306571627,0.9052733054210615,slouch
22.24,0.03006605063006377,-0.18225732910233103,-0.30248415145600327,-0.24345015504406176,1.148782587795381,0.06133997195197036,2.018186949076785,0.9465634224626569,slouch
22.26,0.05036810999253434,-0.12529357028890192,-0.3243897380972348,-0.2195133883252044,1.3544293092059057,0.044803013049893425,2.148011612455269,0.9095066438542351,slouch
22.28,0.02231475892316005,-0.12965972646152835,-0.32181605670592855,-0.27612982636290967,1.3289699021667805,0.030561882183771958,2.1944882788343314,0.9130260712680851,slouch
22.3,0.04106115937908581,-0.1500868589129442,-0.28705689477377627,-0.25560083786517956,1.229949750222091,0.016771447347991665,2.201537617667613,1.0055013003918463,slouch
22.32,0.04414662899052473,-0.15468524436131184,-0.31726384612566505,-0.268230662321534,1.256109361728229,0.04320927865933233,2.2462018671309383,0.9292255013934776,slouch
22.34,0.03302668952882889,-0.13959169816674952,-0.2662157731422187,-0.24514702733307372,1.2335784400481056,0.029490379993170557,2.1063247301465395,0.890634978689721,slouch
22.36,0.039682699914261446,-0.1679820740172271,-0.3369216104802478,-0.2652965613528802,1.2980832613854034,0.006859078931172737,2.1623914623385176,0.9776774068818652,slouch
22.38,0.046980967652695486,-0.14788262296901203,-0.2906638790330461,-0.2550879469911406,1.3138604491889816,0.035568555713621386,1.94192652518714,0.9301383721351456,slouch
22.4,0.044156534683761905,-0.13688001372447858,-0.3165671436253422,-0.2643713142734374,1.29374055348922,0.02172184160526751,2.2692095897006648,0.9079007022258115,slouch
22.42,0.01300359265603385,-0.14147208667330985,-0.31248950648167695,-0.2332309888619756,1.3962087802808116,0.06346789723568874,2.2562496495950035,0.9497689942305148,slouch
22.44,0.02486698588444266,-0.17030228067035538,-0.30830630130490083,-0.2414515427306617,1.191413026192892,0.04556268297158097,2.1859747630355235,0.9787052566223103,slouch
22.46,0.043791619225061244,-0.16327991621849114,-0.27258041375449665,-0.22208098138423896,1.3293775496070763,0.044603167232725366,2.0687359459688253,0.981553976694774,slouch
22.48,0.03136938052266177,-0.17571547633041856,-0.30103079866335547,-0.26428615117978926,1.3322316412554647,0.04891002895084541,2.11122992623626,0.9917527844578501,slouch
22.5,0.01554078612880775,-0.16545878032630257,-0.30865586451710125,-0.28872300721318045,1.2863736699364992,0.06227966038368234,2.1517708248773832,0.9492108548587034,slouch
22.52,0.04384078947346593,-0.17609854261087252,-0.29041578768533594,-0.22331505294590773,1.4103426465708406,0.059949085100471394,2.196243411912953,0.935111479194034,slouch
22.54,0.047864898347138064,-0.14971447107942484,-0.3244059748844899,-0.25599704515025484,1.247342494238456,0.020567773140181416,1.9454765490443153,0.9865935661036744,slouch
22.56,0.015215814776403765,-0.17027270767299638,-0.3285802081991895,-0.2582803293767572,1.3248343743881077,0.0,2.1893931877294257,0.9483670903727757,slouch
22.58,-0.01192275454091962,-0.1663392741019137,-0.2803762224278616,-0.2879549108933725,1.2810611405728773,0.05102618657500569,2.108102191645512,0.880814566397304,slouch
22.6,0.03200285675728723,-0.16853795537877664,-0.29047338950948515,-0.2191774156921718,1.3733390678465995,0.04536769505689905,2.1472665439516185,0.9313059084806885,slouch
22.62,0.016433157635298647,-0.15212574110136737,-0.3003475268032223,-0.22367428960653704,1.46476961835395,0.017715868287195874,2.183795055652936,0.9213559311072537,slouch
22.64,0.021313297449322074,-0.19733604628085613,-0.2825709802705456,-0.2912226844086152,1.3693016858443745,0.05897352987167258,1.9855019719515106,0.8727536818389264,slouch
22.66,0.02489168410159333,-0.1771306859537818,-0.33953056527437786,-0.21961694634797202,1.3866903079024746,0.06305139553741959,2.1409843702418505,0.9668450671910499,slouch
22.68,-0.02572512919592286,-0.13049850246315167,-0.2936719188159422,-0.24041597927024844,1.2742292269082436,0.04410010524635724,2.072072451666817,1.0630518001783877,slouch
22.7,-0.003865906680363506,-0.16164036221004385,-0.28476465473462254,-0.22684234135837725,1.2693394970690393,0.022413184655782018,2.196034593774883,0.8680236143328629,slouch
22.72,-0.02185145706914227,-0.17047745012645443,-0.30190005388137037,-0.25026169894227906,1.39143005081338,0.05738568196375117,1.9797669657021286,0.930901448078672,slouch
22.74,0.0726282967014787,-0.13159181887735993,-0.2888728714569302,-0.2324431231807333,1.2602670010146955,0.03016282461738185,1.9959936668409395,0.8728085110482221,slouch
22.76,0.013182189354031173,-0.17944568924974785,-0.2877941344801771,-0.21485006378874655,1.3210888015036375,0.05067756992641648,2.139992483891262,0.9764539770730312,slouch
22.78,0.030215416503788426,-0.16771085012411657,-0.28009997989392127,-0.22693543930579937,1.1618624269798503,0.0349679053495938,2.0132741566567702,0.9198763394840258,slouch
22.8,0.0351359543537131,-0.1682795503994102,-0.3130818453037116,-0.3026867078227999,1.260130740827001,0.04032154944158655,2.0274333222269636,0.9400236196683578,slouch
22.82,0.045114530742547766,-0.15754433820773853,-0.2984820065670751,-0.23981680551769263,1.3106067695975008,0.021025907639503707,2.132547392716819,0.9492856929754779,slouch
22.84,-0.0018273515336514638,-0.15175799517974747,-0.27255931765145536,-0.23616403615567058,1.2589285103121892,0.0334849393750632,2.1219784066109244,0.9506399809971221,slouch
22.86,0.0361944496641542,-0.15412050562624466,-0.30344747888919854,-0.24888288257462912,1.2852438195170288,0.014035006151718502,2.110129460196786,0.8693796947830708,slouch
22.88,0.0012867286984097023,-0.16765457658812022,-0.31693402969141043,-0.26861980237731753,1.2617600484216418,0.0502031342496067,2.1623353045404823,0.8878530258690039,slouch
22.9,0.058990170472593494,-0.20358197037933976,-0.32151392968092224,-0.2769286463663855,1.2951978214298745,0.023887981679036732,2.1018049893212227,0.9809843395902997,slouch
22.92,0.018559368636282752,-0.16562572862134053,-0.3384463886847938,-0.2145113674248639,1.248382112288557,0.020143710722956055,2.0662108212439305,0.9929653427919589,slouch
22.94,0.012616227316100735,-0.1335799275466032,-0.3188378761769591,-0.27789980081183435,1.3523726686841144,0.05821193354682157,2.1387475466768886,0.9018459930927542,slouch
22.96,0.016168785041550934,-0.18303154081609846,-0.3433637825014237,-0.2157075476618072,1.447306976499511,0.06769154548899567,2.094740736838577,0.974373703239944,slouch
22.98,0.04791639323694757,-0.1514360229798443,-0.3094224795134099,-0.2632441491201813,1.230606356489437,0.06270560392677157,2.126582302845367,0.9300124602033756,slouch
23.0,-0.022943725675788344,-0.14837664668786063,-0.2919421844357345,-0.2340314369446103,1.3142754990687748,0.06538638801921563,2.246975611829837,0.907146824226597,slouch
23.02,0.06174582488492309,-0.13135251962246192,-0.325279541323311,-0.24410971926703973,1.2626267888914415,0.053101444635533776,1.9310932102178298,0.9641978630569312,slouch
23.04,-0.03195735647772257,-0.18312366441350192,-0.26453278436477523,-0.24095815732435055,1.3062793506470256,0.0531519607561925,2.06809216909605,1.0045593292538115,slouch
23.06,-0.04635863990617302,-0.18714185833412653,-0.2607140714881933,-0.24907333723405176,1.2511340622530376,0.024976030655847123,2.082257579521333,0.8904330968511462,slouch
23.08,0.021303677506942387,-0.15476263646686908,-0.300237216814977,-0.2681805057309071,1.2604437938047557,0.06308545498618982,2.155675452551879,0.9692983489720451,slouch
23.1,0.018138403148542568,-0.12985357831845346,-0.3133570174341086,-0.25983027082865967,1.33472614844639,0.022285740779827926,2.1294031849199766,0.9926857493965761,slouch
23.12,0.0005470202400880969,-0.17538834657532884,-0.27434068704007714,-0.29372378531345383,1.380085481744329,0.02451708033199385,2.0038307843106264,0.8935364731517568,slouch
23.14,0.029541351474843148,-0.17043579085929744,-0.31219194021053376,-0.2357470313466703,1.2592893455342038,0.0,2.083519385252679,1.0209787135110708,slouch
23.16,0.012832026067729575,-0.18228515660883965,-0.32790259743200967,-0.22917586886638694,1.3054243738904996,0.026883962916362688,2.037356430390048,0.9638581496787733,slouch
23.18,0.047223727695354684,-0.20373952194466868,-0.2970543413509414,-0.23654069590170562,1.3502309253689495,0.027547363641832294,2.0700635369394584,0.9799415749554199,slouch
23.2,0.017204456601051046,-0.17304270902023428,-0.28796143577531497,-0.2723272717118757,1.2648056092401865,0.06439973556402451,2.18405331108915,0.9977190658151608,slouch
23.22,-0.009259278709515787,-0.1616666284506592,-0.304362748588418,-0.27169857884885346,1.332059689518772,0.054679156515004324,2.0569257255925146,0.9631129712919543,slouch
23.24,0.04563787142648938,-0.1544038553192513,-0.3404873192091335,-0.23306664095735766,1.305128419087524,0.031931471397382075,1.9670306858717652,0.8959304699471663,slouch
23.26,0.04630040096175394,-0.14544266585657126,-0.28186731096850104,-0.2846676756626798,1.33250812139022,0.024414304728736857,2.0298553994289654,1.0411603652316213,slouch
23.28,0.02152579425871388,-0.11862974384466164,-0.26764469707932165,-0.21303101658207083,1.2575946814787247,0.00759053809829231,2.1771166700702915,0.9082831682501772,slouch
23.3,0.035714633370404786,-0.15549103155933872,-0.3218467525204705,-0.22293850462447917,1.3230965677065418,0.038807417727283695,2.167769791034255,0.9973979709802907,slouch
23.32,0.005243474671619672,-0.1445130733213827,-0.32588267919694003,-0.2662400227115713,1.1934065109549046,0.031956023444122114,2.1378057866276654,0.879510944800036,slouch
23.34,0.04208451827589856,-0.1933877789310458,-0.2653501203693844,-0.25552659799433025,1.2847776495782521,0.028435596383389647,2.1439544607152645,1.0068100153008002,slouch
23.36,0.03947550112832025,-0.14654408315145734,-0.28827531899675507,-0.24344044182042177,1.3067556472264874,0.012266268490353283,1.9793290325311288,0.9726505529417805,slouch
23.38,-0.002274736536694284,-0.17992646325716768,-0.32428986249322306,-0.2580490411502259,1.2625853758222036,0.04864989377873575,2.1577685153901047,0.9164032731295373,slouch
23.4,0.023913994341475536,-0.13067735057634786,-0.32475997938947904,-0.24495115999423836,1.2844241245444228,0.008232821231031915,2.113987378264398,1.0237456700540941,slouch
23.42,-0.02081069971345414,-0.16922694394823232,-0.28124696851590747,-0.24675101722039647,1.2745702171948177,0.04747798897803342,2.257996959394903,0.9945171498986684,slouch
23.44,0.01716742891191953,-0.14910108285501433,-0.32235038078361045,-0.25046680515307695,1.2462509691490677,0.05216495803673934,2.17794783044361,0.9043969472330561,slouch
23.46,0.026723921707826073,-0.1649823901493439,-0.3031363891770345,-0.25737584284705123,1.2868565979217073,0.02350140314750816,2.053876543948935,0.8917206508558957,slouch
23.48,0.07435501447660313,-0.20189623697467257,-0.2570373873585565,-0.24111021771734345,1.239739935016005,0.06014487333026051,2.054130476487943,0.958961312371881,slouch
23.5,0.017935838897503387,-0.16005147786386598,-0.27712326364866813,-0.23514613573686946,1.3256740102501179,0.051207528661287416,2.139899886438715,0.9105557455391576,slouch
23.52,0.04916658545066329,-0.16982732355826546,-0.26164962146752974,-0.23783110539149974,1.1951529219388781,0.002573301654910312,2.010331702457567,1.1007743701606552,slouch
23.54,0.044642114147882446,-0.15700764414526358,-0.3303465924622583,-0.20043617595855412,1.3711379811976203,0.0777630192093188,2.0415763848082458,0.9881509678617476,slouch
23.56,0.04813267357282546,-0.1684685038858621,-0.25400469235276946,-0.26479096765758176,1.342176425227497,0.035176380474673995,2.071061089262444,0.9107413182983399,slouch
23.58,0.024042825121128895,-0.15317954197538466,-0.3164791240962899,-0.21240253284786273,1.1919351014291293,0.024823693740046865,2.2392154376337055,0.884245381575552,slouch
23.6,0.01852652734563993,-0.1882069084591962,-0.30482605577193295,-0.22770400172975325,1.2610865693227138,0.07800571240948823,2.1169303779223902,0.814696300305776,slouch
23.62,0.005691446144444192,-0.19460648788443757,-0.3437571876264696,-0.2381902119798692,1.1426193785806356,0.017396186032472942,2.1296085090862786,0.8931804274537817,slouch
23.64,-0.003663455086927818,-0.16478299530344345,-0.32327289974814527,-0.2097444885046245,1.3346243759854202,0.06795616521768992,2.104998297617843,0.9921270776488064,slouch
23.66,0.03760379177020819,-0.16195307832141034,-0.3095623675204734,-0.2394929488322779,1.2775761483382242,0.0476194858273934,2.1858376949361373,0.8848263871490615,slouch
23.68,0.012517558481523255,-0.1693607304758086,-0.293988988012665,-0.18924232336625818,1.373203369403906,0.02492650202112811,2.1642594705242333,0.9816390565545235,slouch
23.7,-0.0067216603010532795,-0.11144407322743329,-0.3088118836853356,-0.2489485437613467,1.4167230110768503,0.02056127159673944,2.2376144718061015,0.9777257209086416,slouch
23.72,0.03890388521456605,-0.18409028480465686,-0.2761919453061417,-0.25242883460026366,1.3929597091030836,0.06336738830507824,1.9998225368087148,0.897933641814671,slouch
23.74,0.04560971713923622,-0.15638118149841873,-0.3195017673807804,-0.28250937510708135,1.0764566832553253,0.04471533062996709,2.1817465114798313,0.958314673650275,slouch
23.76,-0.004683971031796855,-0.1443063027596185,-0.2952652648317485,-0.2292492221635312,1.2870072521208091,0.03958066614649347,2.1516342297071183,0.9362801287468624,slouch
23.78,-0.018971271902212473,-0.1585285231196078,-0.2830679603526465,-0.2642456485937588,1.3027293201911718,0.05579707854273017,2.267590810158155,0.9284600317607214,slouch
23.8,0.06763502699246188,-0.17288955854343735,-0.2749656277029981,-0.22260827709849237,1.3741027820865002,0.027789091807528626,2.1328206681028874,0.9857966952133418,slouch
23.82,0.023593343840664766,-0.14782875220266634,-0.32729848191677935,-0.24785804208304327,1.3333836685746832,0.07037611702566463,2.0130405714145376,0.9970138956720273,slouch
23.84,0.040282979468330184,-0.1687909401843053,-0.32218582601437673,-0.29014114159676846,1.2373844661761173,0.00101022182236854,2.0441957408270275,0.8905424969124544,slouch
23.86,0.027694135162636774,-0.1709085407225481,-0.3119738966314898,-0.23281726488091026,1.417084191208421,0.06892210339831954,2.0413249305312418,0.952054525422354,slouch
23.88,0.024876147488844872,-0.16591259893874447,-0.3329064085342049,-0.24002365065365014,1.3627473213550323,0.06479249768929086,2.1296492655728962,1.0131006458842369,slouch
23.9,-0.00023673198115809347,-0.16592592837529654,-0.3204954460924582,-0.22983141144680333,1.2783710696805077,0.02737911702345823,2.039956322249771,0.9065920816054066,slouch
23.92,-0.009344269526423596,-0.1683593235491106,-0.30794467085775296,-0.23306866587973962,1.30809105672297,0.0,2.1310286606875346,0.8847606324539421,slouch
23.94,0.021095293036695776,-0.17458754116881642,-0.2895686664784259,-0.26905924587189545,1.2860845182731484,0.0645917095118486,2.2025879372498576,1.0294768466191182,slouch
23.96,0.05715953981989866,-0.12813724193010542,-0.302579464025838,-0.24452094819406697,1.2797178149452364,0.02555940794876669,2.2893280661699085,0.9149649984296441,slouch
23.98,-0.0428566563743921,-0.13880628502795886,-0.3140049936547668,-0.24375293543028606,1.2729037397765481,0.03760816906974549,2.0183790312260994,0.9461360459999305,slouch
24.0,0.01679509157409174,-0.14208008686434653,-0.30960395425246817,-0.23384362869581465,1.3584758203944556,0.02641517250202928,2.122093067549309,0.9724696786207537,slouch
24.02,0.008038485724777564,-0.15959324285788415,-0.2854153415480944,-0.2840537000084459,1.279369919566509,0.05672941527919419,2.216390572881911,0.9466946480000277,slouch
24.04,0.031763688199717886,-0.16862079051713091,-0.31410731651515006,-0.21597787814081046,1.2858390302788691,0.06783478347584179,2.1608506611105476,0.925496993896118,slouch
24.06,0.05697061446240634,-0.1640195883709066,-0.3367733213921262,-0.25051022331609457,1.0858359355001845,0.05656935035137292,2.1119867554949776,1.0412790467565463,slouch
24.08,-0.0066658169853880365,-0.17009384831422414,-0.30683417819118197,-0.23581857548308904,1.268291760551959,0.024097458563090313,2.0789419165830934,0.9537049900405857,slouch
24.1,0.03464310345111058,-0.1713411090187989,-0.2751018810187955,-0.26121884581473276,1.1598902097628698,0.032196948430682625,1.9852910922886489,0.8974183718151718,slouch
24.12,0.03740077078718803,-0.16882960245767917,-0.2897995822785937,-0.22781520846461026,1.2228672176711333,0.04813373000919722,2.027175325682072,0.8615287499931957,slouch
24.14,0.02825736593752915,-0.17394966135962742,-0.2961455182146431,-0.23254713154504533,1.3257194110074768,0.018202737000885493,2.3640002408437772,0.9105905909744306,slouch
24.16,0.01408464885076724,-0.15124436999215704,-0.2993820254114056,-0.25969886592203145,1.2675923084654088,0.032509477118712826,2.1677227362511706,0.8634457090351608,slouch
24.18,0.00578812219604081,-0.172854684871603,-0.3269368176998268,-0.2545475010218164,1.5205423052018534,0.04067878225872432,2.0096336347372326,0.9421001210999651,slouch
24.2,0.014554308073870124,-0.17050454651109556,-0.35348375914914415,-0.2695047374831681,1.35710791510033,0.018810613290062773,1.995562012337764,0.9658989847452655,slouch
24.22,0.03410900130739699,-0.17634996184254484,-0.2863345836368273,-0.259790892372005,1.321149167202024,0.03046818485439566,2.062196489760376,0.9605166612518269,slouch
24.24,0.03092622075567864,-0.16799330393010148,-0.29395792634466805,-0.2366843453430306,1.330946925525067,0.052296874270728426,2.0502968954555243,1.0082308953016128,slouch
24.26,0.015650828084465048,-0.1462761034210357,-0.28511606018356866,-0.2370374823618241,1.3621441647839532,0.05679623711209285,2.121284075103467,0.9123094594703743,slouch
24.28,0.008970145003795758,-0.21915981448236888,-0.2848603372484048,-0.23524028102291958,1.3607418836613865,0.0275280702379214,2.129761509438477,1.0228886260907075,slouch
24.3,0.014324772540337562,-0.18870762892446175,-0.30120259864165894,-0.2613943225589464,1.4009728163844322,0.05572712673141081,2.161944416661825,0.9457441892188706,slouch
24.32,-0.009535316730871893,-0.14720511299530709,-0.31528654044795007,-0.23866167139173966,1.2560425467275937,0.0072469409224357765,2.1330557342830607,0.8899939823823225,slouch
24.34,-0.0046529081194152735,-0.17717529540436855,-0.2991305381253186,-0.21578657106479898,1.3926353921694405,0.035338087271168994,2.103410055402001,0.9884024699678506,slouch
24.36,0.061631058226585704,-0.16466846815340994,-0.30214883628422484,-0.2903703940622872,1.2841523147118277,0.04106530395194613,2.1290403601942836,0.8667829175219078,slouch
24.38,0.021611999425760007,-0.1779350674162677,-0.31809467371926414,-0.26407787061855453,1.3462611984672705,0.044110940196292914,2.017550877166407,0.9883356265370411,slouch
24.4,0.03387869627452966,-0.15791513255133258,-0.34639694686125216,-0.25117000272812284,1.298162801005556,0.037311959420453775,1.9958214375672465,0.9269236484245843,slouch
24.42,-0.017513537278490192,-0.16398981735220702,-0.27774521771639765,-0.2436878135560835,1.3131167984528844,0.020481040431306673,2.101247612496915,0.9110000888805153,slouch
24.44,0.018254682673109736,-0.1721327986194315,-0.2979630332435344,-0.2713134322236196,1.248262094061125,0.02854688992849358,2.1041360367265987,0.9951441774888421,slouch
24.46,0.0036031149650867437,-0.16756266577834436,-0.3154320777539294,-0.21736854210367276,1.3125669729845548,0.03024836513952952,2.4110641207422168,0.9473853533391423,slouch
24.48,0.04220414699778489,-0.1744454152665728,-0.3045811483907003,-0.2537453918048447,1.2537478983455987,0.028614008634801742,2.1992958722226925,0.8779422838387589,slouch
24.5,0.022930049028227793,-0.1386103387557468,-0.3126535019316286,-0.2343587850720767,1.3791523269906925,0.05132631307365802,2.1688268501426333,0.9612123853128903,slouch
24.52,0.03864431511538338,-0.17969190245419372,-0.31517318701046537,-0.21157401935803466,1.351196347967037,0.04621755097868817,2.1051344247303656,0.9533617299618621,slouch
24.54,0.05444122110529778,-0.1881164279280959,-0.292114619419708,-0.2507171026478015,1.334444256859978,0.07063527505593863,2.1411557089728173,0.9882074979671167,slouch
24.56,-0.010204788748732095,-0.1292861580807719,-0.3278068172116971,-0.23047586212020613,1.2740243132934477,0.030656450755095564,2.0200521739166772,0.9731864621989427,slouch
24.58,0.027864602710260235,-0.17605173184485476,-0.3204527753828987,-0.2678045891193242,1.2272605042743185,0.04905112804511147,2.037270300822232,0.9729405005671868,slouch
24.6,-0.011616939439671693,-0.17656112104506466,-0.3224251321612855,-0.28201112860949157,1.4156190401202333,0.020647830070827336,2.1755816169974196,0.9920746671770432,slouch
24.62,-0.0008615524607807856,-0.13406039825371324,-0.3342349361734405,-0.21944465867361218,1.2817411083074166,0.038597481761105154,2.112381024417212,1.016614715329712,slouch
24.64,0.004074096253178513,-0.17664113927328165,-0.32888837985118174,-0.2568165031174911,1.270709451721772,0.016477649121820273,2.0978371274106986,0.9283987114414928,slouch
24.66,0.03065569998344782,-0.1818938571682447,-0.3096130803355705,-0.26149488113607566,1.3795077434713316,0.06718690297290242,1.9950924382158954,0.9313141792520301,slouch
24.68,0.03799220055974543,-0.13609350951715832,-0.27402785203074226,-0.221957763142745,1.2543517653927718,0.04244003272613847,2.130590603084168,1.0397656584707748,slouch
24.7,0.009551044567172911,-0.17937113145103467,-0.32347885971540274,-0.20449459461264846,1.34366212999371,0.033412585042632316,2.2372674540582396,0.9143058853142682,slouch
24.72,-0.009611593838684795,-0.16193269028536644,-0.2879379517130798,-0.23065999883864585,1.2684873971292734,0.04890821082799718,1.9638437185239266,0.9062284496732188,slouch
24.74,0.0019327722259293461,-0.1563010522237126,-0.315183710006751,-0.20765559374959935,1.227225757725995,0.05738409202997482,2.1092901788873135,0.9389113155291243,slouch
24.76,0.025173117223973803,-0.16676679110306827,-0.3333753095728441,-0.2319218653834516,1.2783352266013215,0.0561594677105088,2.038959604352145,0.9454071087337071,slouch
24.78,-0.00669162719313156,-0.16719617926178681,-0.30867904209597485,-0.277672074888264,1.2963977727823393,0.01821983153362071,2.2068744293241593,0.9887344582427686,slouch
24.8,-0.03969230316066552,-0.16115065416879906,-0.2674290388398872,-0.216099220719717,1.1978888667857808,0.053275311404091925,2.191297649389703,0.960773495169548,slouch
24.82,0.03327503683339459,-0.15519232779161463,-0.3057152875384046,-0.26008251901113555,1.2191974025385268,0.05290955464821341,1.9521733700976918,0.8952423749219253,slouch
24.84,0.05361053704627652,-0.1348306960627211,-0.3009045797218306,-0.25320449459675265,1.3605268061653588,0.054462787530593304,2.1101105843152594,0.9204255566969836,slouch
24.86,-0.01031998129374539,-0.1532298499549113,-0.2932125945425857,-0.24329994090519685,1.3393531183988139,0.038711993289387826,2.048246499939837,0.9097212640168232,slouch
24.88,0.07946728708303082,-0.14829730165451532,-0.306619939870193,-0.2508404729034988,1.3037942609311262,0.03111182711165377,2.0640944665248933,1.0272506689961571,slouch
24.9,0.07882854242954264,-0.17962218263405946,-0.3106060469974586,-0.2541977342376788,1.3587307853100672,0.039402221696912855,1.9885957721208176,0.8935461157131598,slouch
24.92,0.016169759222341328,-0.1539861133809534,-0.3188025786238708,-0.24827059167955057,1.2969641378000205,0.048903230077012805,2.036870474119179,1.0393115960596324,slouch
24.94,0.027781265985887454,-0.18775924086995188,-0.27561694794134334,-0.2789998345905228,1.2135725850387862,0.04593822327686593,1.9767745477453789,0.9450708461027625,slouch
24.96,0.004236345554120155,-0.15168332166052434,-0.32635242047939933,-0.2661204725500137,1.316743536552315,0.028581592500365363,2.0900849523116367,0.9892631051900699,slouch
24.98,0.008241900059089485,-0.18801314804483332,-0.2793105272363074,-0.21501610915070388,1.2745461979203467,0.00255056562840108,2.068572189396347,0.9173457973305826,slouch
25.0,0.0865440955405031,-0.17085709441073102,-0.2564352959069799,-0.261937294290006,1.2025813540216441,0.0,2.192234935477423,0.9012880302352668,slouch
25.02,-0.0051784791330146615,-0.13678605206857725,-0.33607169271269244,-0.2641091977922572,1.2392266141422097,0.0038108563241847017,2.221555107707259,1.034267483426259,slouch
25.04,0.030444204578730438,-0.17942875459956995,-0.3080403700297445,-0.2737174264405407,1.3969269251336303,0.05198799219590461,2.017391162912483,0.9447934318554776,slouch
25.06,0.038019930104969714,-0.2074652709484364,-0.3338160396593493,-0.2601483931802846,1.3098596173061516,0.04168024163869143,2.068871997638989,1.0077073950766469,slouch
25.08,0.030196375583765613,-0.11306910311661256,-0.3277097058388944,-0.2565308992889348,1.1978675386588218,0.03591391717491455,1.9753847787176393,0.9042491216360188,slouch
25.1,0.03778508700303415,-0.18522064977080507,-0.29069820987721856,-0.2844804892843413,1.2371279103267223,0.03185136954074266,2.0960821453191,0.8981175567607599,slouch
25.12,0.0730287925944394,-0.14808228287062808,-0.3075588387084172,-0.26859160525248965,1.3123002767620955,0.009708694933449741,2.246328174830408,0.9487208805945743,slouch
25.14,-0.00012928846428270514,-0.15079703827554589,-0.29733419674503775,-0.24085121475845944,1.3516725314133347,0.03304649156323731,1.9625660683410302,0.975228048212044,slouch
25.16,0.03851444429069468,-0.1770094214761424,-0.2585243527198222,-0.2335927352224156,1.3483065475682356,0.026686794291715582,2.117210500189458,1.0129507005241145,slouch
25.18,-0.012215028616609619,-0.17245956612868465,-0.2730510365232124,-0.22552009236396037,1.5179837968424428,0.04593676549600317,2.046283603920823,0.962929691696491,slouch
25.2,0.038792062521838075,-0.16576993359153422,-0.3196012653408841,-0.248563371493384,1.3266323077547062,0.0,2.1740879269570073,0.9910349401067452,slouch
25.22,0.04617581371045824,-0.18799096090808054,-0.2890760715353172,-0.24906262161939852,1.3255101017832296,0.04948749067685382,2.030596990788213,0.9156006943938219,slouch
25.24,0.04620460479457341,-0.1629910356837816,-0.2924145421751426,-0.22782001737082852,1.4822697249811287,0.0135156049647988,1.973614455735489,1.0154591968162092,slouch
25.26,0.004174117758966738,-0.17481596527498622,-0.31575243000641234,-0.2867999248927815,1.3795091435656388,0.034840537757145865,2.063810237129725,0.9327974280974602,slouch
25.28,0.07406338665401893,-0.10389510235065298,-0.2866996560604607,-0.2739141122884737,1.31833619059979,0.04540198772766158,1.98009617941383,0.8785336086016557,slouch
25.3,0.0062857341786903735,-0.18565161082641732,-0.29896210405580476,-0.23216638972063244,1.266252903358699,0.012437332160001247,2.288106274283482,0.9527527261233677,slouch
25.32,0.02964820329880488,-0.1615723418201745,-0.3098826795578714,-0.2508492838649759,1.3770606915852461,0.032790704834446925,2.0690153093364168,0.9256758248231978,slouch
25.34,0.03934020052621401,-0.187319052278149,-0.261220281144719,-0.284390513158514,1.296435949697839,0.04670091129810592,2.127817646376425,0.980997569818798,slouch
25.36,0.03054477448691986,-0.18279138230244804,-0.315497516918349,-0.27462821226664336,1.2960711015904611,0.024832445186857236,2.0831591894534185,0.9161299289387715,slouch
25.38,0.04768083761745071,-0.1473394887529504,-0.32887689439323187,-0.2763860904660545,1.1235236285325454,0.03839955803439433,2.190592092245813,0.8988586882947752,slouch
25.4,0.047049562479743685,-0.19437513708425688,-0.33574407185812044,-0.29295597296032216,1.325375404921047,0.014898371649890075,2.1213099180389756,0.8194904497285822,slouch
25.42,0.004107483289986621,-0.1534858143520153,-0.2801538492724599,-0.25088696345216444,1.2578564654698765,0.02881924998937108,2.1509065580178137,0.9810104279045524,slouch
25.44,-0.022208447817453236,-0.17748768213759333,-0.28635093058508754,-0.19560688041836505,1.169516929014684,0.03601614325794742,2.2476028559172865,0.9594424205809029,slouch
25.46,0.03111558764466343,-0.13382720171745924,-0.3148761612406473,-0.2694714747385748,1.4243055828861528,0.028612945469784302,2.1640434587908177,0.865640923327261,slouch
25.48,0.05050586825638468,-0.1267057242561517,-0.3133420437470394,-0.2732885422118601,1.3990189836049356,0.03876449105880741,2.0510378800620916,0.9580128044058643,slouch
25.5,0.009109417057305275,-0.16554029322563132,-0.3153235026280055,-0.23608940029841455,1.3760823827016297,0.030240942347661174,2.0317469303747995,0.9650029714807169,slouch
25.52,-0.01697878168986418,-0.17400412125255857,-0.32621420229022274,-0.2556852164909186,1.2648597620320157,0.07062187359897389,2.0472221200902347,0.9467514870715935,slouch
25.54,0.001965459999597153,-0.15551023744662415,-0.30079006261123054,-0.25894232703805975,1.2013305038450002,0.046750720969145454,2.1991639040931235,0.9153092194641685,slouch
25.56,0.05723775490369772,-0.15845051268134813,-0.3191664517377214,-0.2329982990727186,1.3731450001053294,0.05595863756820973,2.135316749962424,0.8732712419839347,slouch
25.58,0.029663088937138996,-0.1427834541526529,-0.2777576863642697,-0.2587149610448655,1.12772705581809,0.00850124058495163,2.2274072457574787,0.875463368816497,slouch
25.6,0.0625594279125407,-0.15980826814553564,-0.3149765655481367,-0.27212332958805374,1.26469624710232,0.07015600584496488,2.129033595768963,0.9573032972405593,slouch
25.62,0.020623058380377146,-0.16376183367248623,-0.31032960020734196,-0.2689680462019338,1.4281180054521296,0.03133722785907462,2.130969917283861,0.9007947825681072,slouch
25.64,0.06843414629816648,-0.16930660153413196,-0.361611298760877,-0.2594447899356382,1.367462826748037,0.005689254063616112,2.044372672969639,0.8588648031387038,slouch
25.66,0.05003775567489687,-0.175829151297729,-0.29371796423351826,-0.23438838580487692,1.402300629024063,0.022603635913695488,2.0009238092873303,0.9884928707795833,slouch
25.68,0.010477061875068019,-0.1747124297198013,-0.31523874091039944,-0.25563702949185046,1.291697150999905,0.03175820933016049,2.051674554180118,0.9059969409736279,slouch
25.7,-0.012881985458340791,-0.17226695993801006,-0.2948251817145339,-0.23802341097677207,1.3807929625323705,0.02669514377260371,2.2591043369905313,1.0283086844831344,slouch
25.72,0.03645261853979057,-0.16954833749817574,-0.30012604803035253,-0.25519712381051074,1.1715589954494825,0.03700713483309569,1.988882839459209,0.8875882965717986,slouch
25.74,0.03990553585715898,-0.17437252232139938,-0.2656659295451926,-0.24637494150675893,1.3644633762604044,0.04646220332385039,2.0309924068011482,0.907966332733891,slouch
25.76,0.013722185438612087,-0.1860146660192099,-0.3146113242036825,-0.2596478682702491,1.2522903664875578,0.02077971655310128,2.2242008524082446,1.0054715235599665,slouch
25.78,0.029730878135980094,-0.1536195599212681,-0.30525211719324796,-0.2590933022254656,1.1670437140364895,0.04691707817777613,2.1645669675281995,0.9025066165969252,slouch
25.8,-0.029056406192808026,-0.1294469957214793,-0.31671033057721043,-0.25046179913405997,1.3211474092270232,0.017385730486095933,2.2407362161132958,0.9087075829964498,slouch
25.82,0.024108981291767577,-0.12251020254071116,-0.29061528149631566,-0.1658442841945961,1.1663300675860608,0.07588872477248806,2.0377015156554363,0.9852552467550879,slouch
25.84,0.0638918927349445,-0.15452354976496196,-0.34062216665766065,-0.23358501569504142,1.3018950082044298,0.052266886121536245,2.062263739591871,0.9691649962076593,slouch
25.86,0.004534595839780774,-0.13168993002745105,-0.29661463776005376,-0.22334386905644868,1.2877981853207205,0.025214085180053317,2.1292554513159883,0.9804087332763035,slouch
25.88,0.04995213906659811,-0.16690277779750104,-0.29326973317556493,-0.2600279520617959,1.27016869051708,0.009929201619658202,2.2650066306612247,0.9799847676104567,slouch
25.9,0.042332189037408624,-0.1612904422719249,-0.30185002376950154,-0.20718327751921317,1.3604863533182026,0.019049966878945838,2.194013190663326,1.0349683125691649,slouch
25.92,0.012237679916836235,-0.16912006978575644,-0.292312496850177,-0.28027197031015777,1.230631257938951,0.026184682934175658,1.923468893844975,0.9618933714116795,slouch
25.94,0.016179027820691607,-0.17328919480293448,-0.27744883612395477,-0.25950483173078076,1.3299000837311163,0.036669946065958775,2.0181486241387945,0.9525686004144228,slouch
25.96,0.06161285176306054,-0.18890321512251354,-0.3230705402134609,-0.25104904313162996,1.4234889311370058,0.044029701587956466,2.222781892785701,1.0039248708830342,slouch
25.98,0.04785494622045896,-0.16243619726628133,-0.33612670607122236,-0.26519150787790935,1.3321354049922707,0.043154074811490306,1.9581450717507556,0.9016737150736651,slouch
26.0,0.007973615488372781,-0.1402600511462149,-0.32014523769044406,-0.275671094418028,1.3258351280303593,0.026721886241930465,2.052645577652937,0.9200836274649674,slouch
26.02,-0.010173798892704079,-0.1629760444127761,-0.302788716459973,-0.1988937504124045,1.3568532573508865,0.016995760663158065,2.074884113706824,0.9602308245617701,slouch
26.04,-0.009860240558914277,-0.15613703215006194,-0.3363450918137163,-0.21031741296693532,1.2611716834526516,0.016711659671656935,2.0547870694760677,0.9664141628291608,slouch
26.06,0.007864447066159838,-0.15491107037911345,-0.3078827626662483,-0.23431206714491334,1.3878767646155123,0.00249938261389453,2.0187098488920303,0.9795577481204978,slouch
26.08,0.030149934865806204,-0.16856032443696148,-0.31092343221077173,-0.2838476824847111,1.2449410156615488,0.03278811129392706,2.0188629145331585,1.0356809114313699,slouch
26.1,0.035690433842108134,-0.14397565032644685,-0.31788054404963856,-0.27463754896598436,1.267773092218357,0.07622888498631965,2.0479812965219413,0.875667236490548,slouch
26.12,0.05756847607022854,-0.2095657841326536,-0.3146417715043438,-0.24879026396360557,1.357391114420909,0.0369056046261389,2.0114080163563854,1.0320217583322042,slouch
26.14,0.04488786832868858,-0.15927474944102582,-0.25499528153855516,-0.23083762027206212,1.194189871028227,0.050801364640235595,2.1539493044743647,0.9272353509269439,slouch
26.16,0.045205724505344526,-0.20710127066480963,-0.32787393698248696,-0.25597352942316826,1.3569419829867484,0.05436550549124086,2.1500934551785664,0.9773882129787803,slouch
26.18,0.0432946664108495,-0.18118321996743617,-0.2995403859458357,-0.31374095083950826,1.1927863069976905,0.024277997345223498,2.1166714101449102,0.9149125580340909,slouch
26.2,0.038802249499255634,-0.15942675061713366,-0.33829087248398637,-0.25410511874894426,1.283958736262376,0.032785939203467555,2.0521747760081555,0.9385205135212975,slouch
26.22,0.024556516999478143,-0.18263609394701955,-0.27500136348912113,-0.23008976924790453,1.3623713142045293,0.004412128632367329,2.0855399636045733,0.9532202073487462,slouch
26.24,0.036824531448341156,-0.14055898859717258,-0.3425931898686179,-0.26687126267831074,1.1949414160637133,0.017409476022569148,2.0518370273209987,0.9348265084585485,slouch
26.26,0.005660005253114998,-0.1919485693069041,-0.29387373783943144,-0.22433816045917296,1.2638824809513607,0.031083026193129568,2.2209120202859958,0.9122451728532417,slouch
26.28,0.0010712944008586915,-0.1478100703329044,-0.29380045012349987,-0.22691612492764027,1.2082921659922394,0.03323620561393939,2.1193168614288593,0.8943886606752675,slouch
26.3,0.023986551857713246,-0.16203950849056645,-0.27111122011614697,-0.25340510706850017,1.3231187599720184,0.031042948024382795,2.17557096688701,0.8956967260369408,slouch
26.32,-0.025321637671361464,-0.1789154931904017,-0.2980089566100361,-0.25112730106660436,1.2471023828457972,0.029670005347563384,2.0643829405883216,0.8956901829026969,slouch
26.34,0.02994400372142991,-0.18239355441720892,-0.2980134329993551,-0.2668154263265431,1.3610773256974051,0.03313896826609865,2.0638214114265927,0.9076602459242388,slouch
26.36,-0.005369000546341092,-0.18562221023178724,-0.2758594402658408,-0.23756118357719092,1.2923275041734903,0.05355880726336191,2.161951011944811,0.9386261255836007,slouch
26.38,0.02750932926570551,-0.1413826555838598,-0.3072702123785664,-0.24658253861955204,1.2617879050453875,0.03209463268761888,2.1237247633261847,0.9477569679406859,slouch
26.4,-0.006801676485916604,-0.17828761714648175,-0.365873959362414,-0.2851316096744262,1.2910385037828163,0.0,2.1373637971376023,0.9120404070855637,slouch
26.42,0.008541421971124443,-0.16668693282156846,-0.2798784939140497,-0.26076081381076865,1.2613463448404156,0.040304155992216845,2.1299950993781014,0.9963681656546188,slouch
26.44,0.039202824369787816,-0.14959155957304754,-0.28676560109158594,-0.2489216757535861,1.4141149666588795,0.08292651136540555,2.057123452734584,0.8985229158739617,slouch
26.46,-0.014958053690739813,-0.14927592531340017,-0.38253505036590724,-0.2569976714803612,1.4456184417612636,0.040619860770448296,2.006711293188458,0.9510240766388912,slouch
26.48,0.03330486606010812,-0.1370673641780856,-0.31996683255120795,-0.2462399041645788,1.3507525792347084,0.04434106483100566,2.138722632153123,0.9535352698665538,slouch
26.5,0.03028953553983601,-0.16145897502060158,-0.3388830967394311,-0.2223910110077796,1.3251156586639687,0.05138141158041849,2.047056937892145,0.8879739376463186,slouch
26.52,0.012352742220764826,-0.12640793722411736,-0.2976083406642216,-0.29546874453200367,1.427434591010694,0.033230145680971004,2.128462431798436,0.931555096574996,slouch
26.54,0.04517159106624769,-0.1664384796895364,-0.30860141208847836,-0.2590852726483274,1.239047704605922,0.00982173790774655,2.137295114360894,0.9518410459500491,slouch
26.56,0.061315836360531645,-0.2040191281174528,-0.2914444409573869,-0.2571814264380677,1.2957462614218802,0.04336110628670444,2.068837994312616,0.9380521138988996,slouch
26.58,0.01528620987425215,-0.17826422329049163,-0.3486683722826946,-0.2438888855158327,1.1949653630248516,0.05344073837381719,2.1296840936533985,0.994027327538713,slouch
26.6,-0.012210302448342066,-0.17501938532371494,-0.30606166436350174,-0.3075141682769753,1.4504180701258438,0.055551169720555724,2.112328612768894,0.9961133704972228,slouch
26.62,0.011861637652309583,-0.1526557197757876,-0.2827305700570767,-0.22717720668901745,1.4114555007464624,0.06618082952985303,2.0957979091973002,0.9532613090883406,slouch
26.64,0.015527655107778586,-0.14919788268494422,-0.266802850570787,-0.24204695225665762,1.4521675623764578,0.0404445087091464,2.026010084103928,0.9516089349577442,slouch
26.66,-0.018982166771349347,-0.16013184558045998,-0.28843280699230855,-0.24663834099186602,1.3771186775977826,0.03408921157462966,1.982834931760175,1.0596335473519207,slouch
26.68,0.030719580299888877,-0.17305406229857495,-0.28849596850252174,-0.25388703505795135,1.3586503198364293,0.018475198608522612,2.0570239332191207,0.9751647153218315,slouch
26.7,0.013301022050444235,-0.14092773390811353,-0.3228010045985148,-0.2666094542212337,1.221424599360483,0.009599760619688423,2.0586764130698336,1.0134764450676315,slouch
26.72,0.000209218474297524,-0.15477989232520137,-0.2843263589320822,-0.2175457523224233,1.2938164236599634,0.018025009832683816,2.0692509986238563,1.001870564361431,slouch
26.74,0.0215972605776241,-0.16606840776493903,-0.28124005827396636,-0.246552214244248,1.307957050938794,0.05566501839942024,1.91031809858094,0.9636193656383171,slouch
26.76,-0.029713287256193283,-0.1818600439418814,-0.33026661534623203,-0.2126999967464052,1.3249220959317776,0.07710230134585966,2.2001500877164264,0.9434655660658019,slouch
26.78,-0.02211628602492014,-0.16491113914129507,-0.30976890434685617,-0.24914703836955285,1.219546582516666,0.05550331882527711,2.0138433211528164,0.9742010882852967,slouch
26.8,0.04698666692819746,-0.1799142922404731,-0.2663831399187764,-0.22287647182417067,1.380874759560788,0.010037925849003768,2.1637020958228463,0.9723613422220755,slouch
26.82,0.031680743216625985,-0.15553123206979722,-0.3095345293986526,-0.2476794761245493,1.2486718744379581,0.04957833712739954,2.1006098460598883,0.968238263207442,slouch
26.84,0.013722027413959123,-0.1576562352362071,-0.2945612326896885,-0.23782500005273877,1.1846840512059191,0.013447752007401767,1.9340862601832582,0.8792287682123834,slouch
26.86,0.03939023971602534,-0.15037422749834764,-0.3230098112385258,-0.2592460618959314,1.2940890126264022,0.07844566186193791,2.143102048709274,0.9796552503933551,slouch
26.88,0.020793358187566727,-0.1376521356040694,-0.31816094459551414,-0.243959223891597,1.312887275099509,0.05367831652579988,2.162023559055862,0.9441805641351232,slouch
26.9,0.0581321162125443,-0.15016226773026034,-0.30633998848360744,-0.23787738821811963,1.3420153206427712,0.02037348034057523,2.1258917251738723,0.9680805349368284,slouch
26.92,0.04533976157787472,-0.16829269174405379,-0.30967271208221075,-0.24157825338218997,1.2796417612107602,0.04558110491443378,1.9480211064636568,0.9116680507777387,slouch
26.94,0.03094839225940487,-0.14045026823542694,-0.2775791403975145,-0.2681325250088353,1.3325614778922277,0.032474306308683074,2.1756709544347603,0.9515784042446221,slouch
26.96,0.013555122977090833,-0.1578430907853975,-0.27496420197026056,-0.32225933280291374,1.2470108295236522,0.036802302824416475,2.033986584962642,0.9805692772091479,slouch
26.98,0.037797115211092615,-0.17185041252246477,-0.3115951424634134,-0.2222058711837138,1.3178193662393782,0.05039685338729964,2.155900051687148,0.9778365738503206,slouch
27.0,0.0491506454651986,-0.15347377182382715,-0.2706336700311153,-0.2385979085338767,1.3506190986639903,0.08002011691127066,2.184929325046859,0.9481127594033941,slouch
27.02,0.015510227771414562,-0.1625258690644118,-0.3175022020648798,-0.2419694879176086,1.2208138986194126,0.03977863826893526,2.0873036743372175,0.900098449037749,slouch
27.04,0.07600309826084309,-0.17274458281415062,-0.3113053453337237,-0.2600894631130921,1.3074019960667493,0.02104800235992529,2.0948964065102142,0.9800100219139619,slouch
27.06,0.03084129691534186,-0.15365409876079889,-0.29046442790602806,-0.2438371944286719,1.1745966768495109,0.02248981611986625,2.1161846303970036,0.9565651145214832,slouch
27.08,0.04092177359780098,-0.17305090777379137,-0.3093906268597524,-0.23325801563707355,1.3395823785365368,0.039484109662703076,2.02745958268831,0.8399943745382092,slouch
27.1,0.02594339460926077,-0.16725482519941823,-0.3310027712149,-0.248751589431022,1.291402340140309,0.028628809450319984,2.217424276420465,0.9398804435589849,slouch
27.12,0.012688821072714828,-0.15065789732405963,-0.27317376703296875,-0.2506757889441871,1.3333088196738896,0.040178710702378516,2.152563822099253,0.9778573457875711,slouch
27.14,0.06266622944260855,-0.13174360258594492,-0.2906083810366674,-0.2747349528493858,1.3489728705101343,0.028797799911370027,2.1142978626981783,1.0996356758986896,slouch
27.16,-0.001451874404308662,-0.18068073188064518,-0.26740906286651056,-0.26266889919418573,1.4323519669340223,0.059172385831596494,2.2790563807179143,0.828377690479286,slouch
27.18,0.036518061878515175,-0.14121599616311678,-0.25612225628832647,-0.25432931923236074,1.2099335404244995,0.03354800536975439,2.009864297496866,0.9485450281504177,slouch
27.2,0.031919984569067514,-0.16194471635126986,-0.2839297837566806,-0.24608741527055972,1.3152457248766127,0.045563962975712115,2.0681933855660573,0.9819337030957402,slouch
27.22,0.003914932197447921,-0.15450608803459037,-0.3155952899156044,-0.23973885197065567,1.2693668592194378,0.052077442239210306,2.1479280342623794,0.9238475181590537,slouch
27.24,0.06780388534531291,-0.14796368275466246,-0.3269369910450368,-0.24144790661986515,1.2572045340751195,0.03892057117519939,2.1250926825679817,0.9220586522575711,slouch
27.26,0.0503791738541246,-0.16798530635187786,-0.3268793227662399,-0.2831607531683801,1.4192683391273675,0.04352712349669314,2.1903706855613674,0.9632821594747025,slouch
27.28,0.051280135530526585,-0.16771845711885183,-0.3427179384385115,-0.28880236414843075,1.1584244782202,0.005370017458290195,2.1608985994176138,0.9404445409466808,slouch
27.3,0.04601326442694492,-0.13910190995267185,-0.2817577468189603,-0.26692073272658284,1.2201593047166128,0.05537122545101306,2.032749194162868,0.8826464993355855,slouch
27.32,0.013074677210928382,-0.18011333083404035,-0.30994466443938434,-0.23011530084915247,1.3256009450492676,0.035927100110329326,2.087052021665438,0.9900758132909037,slouch
27.34,-0.01267145597858251,-0.1744167329157624,-0.2730705243726217,-0.2507689582137051,1.3440951963466332,0.04866286211611591,2.187312784151314,1.019140905417031,slouch
27.36,-0.014768312608616725,-0.15740798068322082,-0.31416227438196737,-0.26247827963698683,1.2953379859814125,0.03901337461663246,1.9978783288708744,0.9193368342358176,slouch
27.38,-0.004587183452124464,-0.167225992038557,-0.3147406849686348,-0.24207631778126784,1.3576553800175364,0.03233702584884451,1.9810144464167292,0.98240693390636,slouch
27.4,-0.011096517971701277,-0.16559820835248787,-0.3057220574777823,-0.2518402294380465,1.287188419127362,0.05410580182536974,2.1198614754503504,0.9510560752361326,slouch
27.42,0.015353802477259457,-0.17860482327350446,-0.32285658700168024,-0.22134413226233648,1.3254540360864997,0.07536137814407913,2.045484777352784,0.889191025946904,slouch
27.44,0.023014646831806287,-0.16961837906853647,-0.2641963717823485,-0.25086786821329643,1.383422378087257,0.047225453558247636,2.0761161720292862,0.9731462232479643,slouch
27.46,0.010347570515928056,-0.19444864266124293,-0.28968187229682896,-0.2807116522088282,1.4316869779768884,0.020154394946945296,2.091096650251085,0.9312469896483223,slouch
27.48,0.02654422460863109,-0.17002086180579407,-0.3006547495466757,-0.24097678049464455,1.2006941262265995,0.036320539693289376,2.1980679329896233,0.9329974366246528,slouch
27.5,-0.043164682802314475,-0.15904075371471926,-0.29286040908919186,-0.2564009768352661,1.2881882764895223,0.03627946508851152,2.3970954816227397,0.9324420116875974,slouch
27.52,0.035575469063539915,-0.17708422570894283,-0.29251010713796277,-0.2365521872086268,1.3482448671530232,0.0,2.0830623309260248,0.9012768595920552,slouch
27.54,0.020497637201290633,-0.1891561630273236,-0.3199390126912158,-0.20526849019089397,1.232278143320921,0.04755173743878138,2.1261961877412374,0.8996165114252711,slouch
27.56,0.017083297307156253,-0.16901283613819848,-0.29046246574579143,-0.24763943057176085,1.3517823832990228,0.07689005321736146,2.110651829095664,0.9236433783891922,slouch
27.58,0.006658869475776638,-0.16223887955456617,-0.3190587745529401,-0.2752220439990805,1.2838263291792844,0.03330262828709615,2.080259104448813,0.9186375042800834,slouch
27.6,0.018998682638312774,-0.16847522373370477,-0.35665540604999507,-0.2610392106058276,1.314238993814151,0.03361679295958087,2.0157427689438157,0.95125106459327,slouch
27.62,0.002093028744843237,-0.17318341421448474,-0.2894708564276769,-0.2468022361191628,1.2868896661519984,0.02220081452056076,2.0237252463864897,0.9311337021809509,slouch
27.64,0.05453567726830649,-0.1530366405819177,-0.32779669698238917,-0.24696472915324866,1.3998041924003957,0.04296752252474651,2.1359582976170874,0.9942087704020125,slouch
27.66,0.0270363185221721,-0.20576342472834608,-0.29626990676690906,-0.26276717586337295,1.33651206832412,0.013288564397130798,2.097292420980676,0.9576207951767322,slouch
27.68,0.032891621372592994,-0.1324005329429403,-0.33154104378761035,-0.19556971665169054,1.2748173443427435,0.052245972061425686,1.9334958331534586,0.9795318369607884,slouch
27.7,0.058090904163039504,-0.1510106447339333,-0.2960744487201551,-0.27266477856506266,1.4203837634575616,0.04481493989068258,2.1390207419123204,0.9372049970852212,slouch
27.72,0.012548717965112246,-0.15461643819156612,-0.302939263760591,-0.2508180164897687,1.30734182302488,0.07136870099445962,2.061770886511224,0.9653326005381186,slouch
27.74,-0.0022602111364335544,-0.17514678340780412,-0.310883167744197,-0.2626819160598793,1.2330943818071773,0.04061860758003795,2.1927627846644935,1.0238670524030196,slouch
27.76,0.01331472197840681,-0.14852060309117787,-0.32535605941322165,-0.26823927165120187,1.1293603036690374,0.034849924987446795,2.044597434836838,0.9772049687731511,slouch
27.78,0.017530349854433264,-0.17197809444064743,-0.2791610698645211,-0.2360615281375352,1.3447997537996927,0.00923842237705665,2.0961898038976066,0.9390948983675568,slouch
27.8,0.03620446078106108,-0.14733645188764946,-0.3078562281191698,-0.2545245766814793,1.2965901564910507,0.0360085243225383,2.0566827450517873,0.9830991155056951,slouch
27.82,0.027858339828216106,-0.1617988008883769,-0.2758147123122771,-0.2370760152756019,1.2622949430413322,0.039953529773353334,2.087549469042331,1.0059652593977595,slouch
27.84,0.06054631226864289,-0.1126103417477393,-0.30462991001759304,-0.2721385294290174,1.3558566687672087,0.03188152091688441,2.1265059601474054,1.0033556158002517,slouch
27.86,0.03348360580304457,-0.14869367758584937,-0.29779326357999253,-0.22818532233347966,1.2719419308897615,0.037495897709,1.980462461476903,0.9059706065952436,slouch
27.88,0.027692533297800474,-0.1707055665049877,-0.2801278164420233,-0.2938541576172244,1.2774903406636704,0.05352034366866265,2.1841194415122374,0.9462378073201824,slouch
27.9,0.06067915435127299,-0.18745042481696972,-0.2891722916787926,-0.2038576945264696,1.4260002951966073,0.061904241918263235,2.198347352659839,0.982883510770898,slouch
27.92,0.06036090786390208,-0.18256876355032958,-0.30302139933429445,-0.24040809808080554,1.2756111740963538,0.059393198546033005,2.0803919489061453,0.9995678782808871,slouch
27.94,0.018414675564650804,-0.2009682696443428,-0.3038409478475398,-0.27116467581101256,1.2452289220169872,0.02394954174838376,1.9527257270690874,0.8960415873842484,slouch
27.96,0.035615890900921224,-0.12826539965505734,-0.3128126502513555,-0.24691341809442552,1.3331589828942643,0.010304862997171567,2.176151260874582,0.9725869840386556,slouch
27.98,0.0463594233599377,-0.17569387234829953,-0.29761715293985114,-0.26901226360061276,1.3345954657309285,0.029385495343452892,2.0613671200286574,0.9982764165023555,slouch
28.0,0.041097450109318125,-0.1558064225453684,-0.31187227270828466,-0.2959173893430481,1.195163099972725,0.06325109408799359,2.076923052093283,0.9022058356171362,slouch
28.02,0.023403583345422953,-0.16476913836495305,-0.3132254083144399,-0.24697114917478188,1.1659147104414964,0.0422467839847346,2.1341829874684546,0.9902343504094718,slouch
28.04,0.04550327617603836,-0.14130127716132243,-0.3465928171165754,-0.2421711555116788,1.3450933843468744,0.033448355026929756,2.006600519776558,0.9721738671847805,slouch
28.06,0.002132919328425115,-0.16231412777610382,-0.25459473056401716,-0.2828513635182125,1.354084064053091,0.05194757203199128,2.0737471361435063,0.8997684081173871,slouch
28.08,0.028737877368823155,-0.13492911540309768,-0.3034725894334255,-0.2595356754275902,1.3412909851910675,0.0,2.2408890416233285,0.9980012778445666,slouch
28.1,0.039580371694504596,-0.1736499642350913,-0.2987161243466833,-0.2137298983310024,1.329661640425224,0.02997431042033043,2.1102418384353823,0.9790155226511273,slouch
28.12,0.04009301083103702,-0.1615472725711338,-0.28677869041367043,-0.2573244884963715,1.2841403393013058,0.05833234770073052,2.149203063592898,0.9119929070528484,slouch
28.14,0.011804098008377754,-0.12727573197897338,-0.30799022780125496,-0.24798978770719754,1.2579246826179955,0.0241970250511738,2.1702630197007835,0.9276283417199442,slouch
28.16,0.05658666523262292,-0.16228018904582112,-0.2936545786522861,-0.2791574188170702,1.280917697333771,0.0764742830083665,2.026772571719559,0.9165190149434448,slouch
28.18,0.021035222659864263,-0.16536333907381345,-0.27945503362918306,-0.2832144335572249,1.3471402448153458,0.01953468150559062,2.0822064578463313,0.909159681750502,slouch
28.2,0.01405417861383636,-0.16779717458949783,-0.3254146996131669,-0.28895857050148,1.253873122895774,0.051054197539391506,2.1897115998406895,1.0078712700285357,slouch
28.22,-0.01954405492935166,-0.18125986988501958,-0.2767913619625841,-0.24259449758006077,1.396350057039218,0.028499988044449087,2.132713988395678,0.9512570195634851,slouch
28.24,0.03989051168502287,-0.15371841258371532,-0.3609605208604254,-0.23208125729080384,1.2882359466341713,0.06208073574669843,2.0497557166839524,1.0248347707632266,slouch
28.26,0.05104744529143173,-0.1478275022452482,-0.29619156069041924,-0.1774354097908102,1.2162424707213735,0.0,2.0886539238628865,0.9751441468429005,slouch
28.28,0.018199626594380954,-0.15712047202783058,-0.28199360865314366,-0.24440434391037932,1.4135328245625556,0.03760517254960983,2.050240119322932,0.9827844010203074,slouch
28.3,0.0016529975849233448,-0.1718381449572134,-0.3158316873862701,-0.22865220388744423,1.2667586082654538,0.05084864302801083,2.0533034366523166,0.9580997328430625,slouch
28.32,0.0018668142111581884,-0.17700853193484722,-0.2839032262227913,-0.24616806613475142,1.3121835886070736,0.016702003244939083,2.010219723915448,0.9337863519726294,slouch
28.34,-0.0018288857159514422,-0.16894271243149972,-0.2823896589106604,-0.2695767225990894,1.4284338612154992,0.03366071786944059,2.1117907031225123,0.94741304312481,slouch
28.36,0.006004595460617359,-0.1552411821837441,-0.32440080210981725,-0.277382276363732,1.131740450266022,0.03669235322148887,2.1944611531260896,0.9719132048244858,slouch
28.38,0.024161655768203796,-0.16366841030384527,-0.3219574442535605,-0.22646795564770245,1.3061605525014572,0.03460149732944642,2.1479172773884887,0.8984626846519478,slouch
28.4,0.03976381977466149,-0.15731261563134954,-0.3150233362853513,-0.24567194327950234,1.3658990975602043,0.031444013796438644,2.2504093541579624,0.8228501156439101,slouch
28.42,0.016239061945471513,-0.2100791354812897,-0.3089386702402553,-0.23926437224176839,1.4290703729982406,0.0,2.044221136971196,0.907625011810674,slouch
28.44,0.04161417614464902,-0.12400654261771209,-0.26880020243281805,-0.2643193817080752,1.25796415078629,0.08270258189999952,2.1517637205450213,0.9936130127831185,slouch
28.46,0.048236314274757164,-0.16982055425000062,-0.3089012156275743,-0.22787313294416725,1.3128463329482387,0.021443244762605614,2.133809936103574,1.01997734727217,slouch
28.48,0.003950080005756511,-0.17349161219006937,-0.338628240684136,-0.24540864653153407,1.3014429915882373,0.06305813838447676,2.1786409366082378,0.9548573501248987,slouch
28.5,0.04159929567958691,-0.12716312681083594,-0.3198974562158681,-0.26455667943772826,1.3005697083899548,0.018333724185037065,2.0438883678066526,0.9797928585037957,slouch
28.52,0.07292853118771725,-0.17348014901318873,-0.32325533787429805,-0.225816445879196,1.223274186694674,0.0779340266085309,2.0763597304853527,0.973413212931767,slouch
28.54,0.016912233612816345,-0.1653269740521235,-0.2952203969516201,-0.2402106254395888,1.2284884354160723,0.06163967233780239,2.1685757776229355,0.8986959276519872,slouch
28.56,0.011374144817701274,-0.17980157299092858,-0.3089738619584349,-0.25867890829634815,1.2808305683415189,0.037500910793792634,2.0584222152906775,0.9043307938940116,slouch
28.58,-0.008696763529049514,-0.1666490143133363,-0.28451768586835113,-0.20160491476710768,1.2703775581921815,0.04818235472613079,2.1209558222546714,0.8866438915877148,slouch
28.6,0.055926796773754964,-0.1462950702144165,-0.26217275780517896,-0.2700008961719736,1.2634073701314588,0.028553081131200524,2.099220589543307,0.8280599904226905,slouch
28.62,0.030750578459445187,-0.18782401782881553,-0.33822592927614115,-0.25078329133102534,1.2592151126742344,0.03837193920010861,2.0712659652724392,0.9049589027452184,slouch
28.64,0.017295252869181984,-0.18346755323881775,-0.2890507216233031,-0.27940070723089794,1.2384909289605146,0.056523487241850176,2.1395404550397363,0.9058187160365635,slouch
28.66,0.0446842110332872,-0.15699876562218726,-0.3128674628316604,-0.23854361646928252,1.2356840877459627,0.04054282516571924,2.22122146597705,0.9528773769925785,slouch
28.68,0.0373853208776642,-0.21372311331371083,-0.31644265264370275,-0.2628934689077136,1.3870052660799412,0.03317170370740949,2.209605950976686,0.9630256628988393,slouch
28.7,0.013703524345941208,-0.15606525171659688,-0.32149472052609435,-0.2621452312473188,1.2770767386539754,0.03720812760097783,2.142629925030075,0.8999763267686484,slouch
28.72,0.0016566012536273693,-0.12967833238316745,-0.2619593335537565,-0.25622003910994606,1.2734477474431856,0.02789786141777789,2.1577321805587912,0.9305647890240686,slouch
28.74,0.058299118642979174,-0.17971123906286796,-0.31030207194696807,-0.22911422216967914,1.309435279052334,0.016536141404088683,2.0061071128331944,1.0050850951802903,slouch
28.76,0.0014965765317467893,-0.18257556624928395,-0.3263277166602722,-0.22263404467426634,1.4334381579021505,0.055174393511802415,2.059733314869947,0.9496559960101811,slouch
28.78,0.05832592950798016,-0.16980886474640122,-0.3143483726068602,-0.2048186765470321,1.2901349401799274,0.0363449429107873,2.1311260608722598,0.9422463212581536,slouch
28.8,0.03412510525019405,-0.15839236694836217,-0.3274163064643152,-0.2275814230496764,1.3708221163983083,0.03831253867845689,2.094098978555275,0.9405127556662787,slouch
28.82,-0.0070443217329797005,-0.14672595398355942,-0.31304996176261973,-0.2361344808093371,1.2820572858807393,0.04075279480351849,2.1738809588721777,0.9801937721038941,slouch
28.84,0.04029888463349504,-0.1270721917493257,-0.3100552237251154,-0.270842939632325,1.2685664165850046,0.053508138896555105,2.1432683692530765,0.9656984418773017,slouch
28.86,0.03046993057263845,-0.13500609239306033,-0.29123732680464004,-0.2541090481233393,1.3181285133561433,0.016198087082071298,2.085447697725572,0.8855603447967275,slouch
28.88,0.026578849804701887,-0.16111663993310327,-0.28343890404653255,-0.25601200865731666,1.222847392965261,0.03148483371428314,2.1542360134711585,0.961109880477597,slouch
28.9,0.005831786860271471,-0.1921090590173395,-0.27487018553647946,-0.27648805218728406,1.29907573327135,0.0644910091581138,2.072532299697692,0.9923001591678647,slouch
28.92,0.02899351925413281,-0.12934630189396387,-0.2920698090061001,-0.27035019424797724,1.4184975123277204,0.04161189323701717,2.0320009191082358,0.9603123530774126,slouch
28.94,0.026805991779548632,-0.1501349004788001,-0.32129948140966835,-0.24050436540588654,1.1981115365756363,0.031797071210077965,2.105684340872201,0.9406337669917997,slouch
28.96,0.02633221332394049,-0.1506149177285156,-0.28952399181481825,-0.2659338925885283,1.3078622493330168,0.033267213057805015,2.117245083667284,0.9369709586831948,slouch
28.98,0.03002527310936557,-0.1394831772631351,-0.2773856666365196,-0.2653720440222751,1.3055939714211084,0.04579924320556897,2.166996018349151,0.8778276706814158,slouch
29.0,0.054861841735723206,-0.1935117457995526,-0.3212340749750329,-0.2624880381195362,1.3111733912696966,0.05911567361305329,2.1204397989742776,0.95600767570562,slouch
29.02,0.017747776844341017,-0.1843335081591341,-0.31723067005901484,-0.22127272961539535,1.2461789138458064,0.05209939235382431,2.0550393373992732,0.9373242656032418,slouch
29.04,0.03401883672193373,-0.1866285184846738,-0.2952205948062873,-0.24343768378156885,1.2366207641117428,0.015107028646571666,2.2004896279769164,0.9109671056204003,slouch
29.06,0.03200518926424324,-0.19683409001412974,-0.32590107470424884,-0.2649877847178929,1.31570198019909,0.03800634757667187,2.147864513990178,1.0228378305738821,slouch
29.08,0.0252574089614764,-0.18736200169516556,-0.34240787169220804,-0.22872555318179924,1.32603476495592,0.05833044273866386,2.1233907831287526,0.8939049029165413,slouch
29.1,0.01766155769173648,-0.19355541178486874,-0.2906832969679125,-0.25662279003710026,1.340817574549349,0.05344296381612767,2.0933427072314257,0.9349070714336309,slouch
29.12,0.008227320709064645,-0.14838680039637364,-0.30937418560171726,-0.2275596158431717,1.373601127815848,0.0,2.19618006084807,0.9012282587600751,slouch
29.14,0.021436359366584837,-0.1957489376310316,-0.3161753963856309,-0.24565383028794466,1.3655506784813132,0.061298690848260694,2.229276853602833,0.9183959656376762,slouch
29.16,0.01030642210040841,-0.16255734331512273,-0.33778392552743575,-0.26181135633277025,1.0977500789318106,0.0597483653090582,2.1786585424186353,0.9666406443852976,slouch
29.18,-0.00844167999479313,-0.1889510194033453,-0.30870041136638343,-0.23509264121988963,1.3619909528398555,0.04458996827509097,2.3574201491304736,1.0024350551810604,slouch
29.2,-0.010867268854261841,-0.1751619443499463,-0.30898007261751553,-0.2676925005212054,1.2198014062165699,0.026249506762365704,2.0446539649018254,0.998462053035397,slouch
29.22,0.04373398168906471,-0.14622211913873015,-0.2811668274781174,-0.2213226759421869,1.215863992817388,0.07817409898337058,2.2438463060735767,0.9604312102675016,slouch
29.24,0.016357587425103577,-0.17627495647064215,-0.3062099799568516,-0.23813681754764512,1.3918166997180828,0.01262376179458665,1.9676166584119719,0.8806152160985232,slouch
29.26,0.05866559866745258,-0.16078452138601956,-0.28850100492066866,-0.21501651269658117,1.2849087643806285,0.01277112147351534,2.0436622168149485,0.8701038085157141,slouch
29.28,0.02135689312528629,-0.18602020130128347,-0.33201078723995636,-0.2409144115278654,1.2598951529991613,0.032105676425023676,2.1062486551455657,0.9173190798134181,slouch
29.3,0.010933408004446556,-0.16572667540202007,-0.2967266424768684,-0.25427198153178854,1.3145139628701685,0.0818587451298678,2.0933290282292782,0.9486129882874528,slouch
29.32,0.07045202559620045,-0.18130244571041543,-0.3103377384848652,-0.23505108395339894,1.2890896103147944,0.03698067556116556,2.064132893350524,0.9767924807416519,slouch
29.34,0.014359865142831206,-0.15031418960817075,-0.29786009718993167,-0.2506925762490042,1.3229730672948785,0.033447853102652074,2.124887401115698,1.0218338129607756,slouch
29.36,0.025636910377941975,-0.1532575463362363,-0.31648329325044383,-0.2651789122564937,1.3334040627671095,0.06505670596756939,2.1288421463291245,0.9995468312246035,slouch
29.38,0.015154633020028997,-0.16129316460939674,-0.29839954266188207,-0.28379748377107356,1.2562326190795892,0.03295114494389402,1.9363818917986053,0.9775035881524343,slouch
29.4,0.03192657856244978,-0.16665151448737095,-0.28951945479304747,-0.23418530587477335,1.381636568144167,0.0376327767725003,2.0127305559181314,0.9872437372329411,slouch
29.42,0.014526671502270263,-0.12647742373384813,-0.2895550153177426,-0.2361190457620238,1.4030283460796054,0.06033881386655646,2.2003032216993756,0.9124941586364789,slouch
29.44,-0.03414738157604068,-0.17828982153974807,-0.320267702739249,-0.2567745297541054,1.343213888383402,0.07024156487800917,2.1466077746382393,0.990683150729232,slouch
29.46,0.035973525098803624,-0.1397053313372067,-0.29800124989727456,-0.24658188538530784,1.2162819777483742,0.05600799715209772,2.099054354020255,0.9416519973257718,slouch
29.48,0.04088159901072397,-0.14843299833281912,-0.3191336385843278,-0.25398332655769557,1.3181486622387768,0.05718494181087326,2.129336789526038,0.9386605212514364,slouch
29.5,-0.0022519641068776187,-0.19083770782015108,-0.3317858683704459,-0.25191636624528563,1.2016117168292584,0.009332587859068445,2.127208172914646,0.9751547426103442,slouch
29.52,-0.02776626031506422,-0.22489222266794354,-0.314995307653383,-0.22813615266144893,1.490581413296591,0.031332038940484544,2.0083968510799877,0.9353257144216216,slouch
29.54,0.008295889838096338,-0.17479063116680707,-0.30342954355243673,-0.2688289488381848,1.23844615309482,0.04178367259061436,2.2608005146863417,1.0894426397579013,slouch
29.56,0.01325171520646026,-0.13576133768676724,-0.2870996182590277,-0.24692253281495988,1.3212488156570315,0.07281891992794634,2.1464313418258767,0.950927192049236,slouch
29.58,0.026330674040029242,-0.17960733709134696,-0.3245572096753206,-0.2501801939670671,1.2675688201473567,0.049433521391564435,2.1179157725996807,0.8405236656429643,slouch
29.6,0.04187298975622463,-0.13238204935195363,-0.3037178600245518,-0.26173932146457923,1.3055089485816795,0.02414026095945237,2.13896169289147,0.9085740974823199,slouch
29.62,0.02267174684452543,-0.16721249549937575,-0.2975772536691257,-0.2726280289499202,1.2881507250287134,0.05155224458662128,2.111499502210197,0.9951655736925088,slouch
29.64,-0.02868738268071018,-0.15461285624338816,-0.293129443010688,-0.2838605355138896,1.1996767123498022,0.04541822656954174,1.9714239989975437,0.9791040646992211,slouch
29.66,0.0015961143875475416,-0.1357256231702053,-0.2895870033455407,-0.2805058366673824,1.4611547824433242,0.060199864311317686,2.170511558944829,0.9938710170155383,slouch
29.68,0.012588965343139245,-0.2101790812543981,-0.3432195572446157,-0.2524879899489221,1.3464273743744766,0.053993853778322956,2.0277657665983506,0.9843784751640486,slouch
29.7,-0.010331302709768021,-0.18250336095042216,-0.29877152520814215,-0.25468080731402043,1.3756439585567732,0.040759112800510554,2.004975180635627,0.9335649325262692,slouch
29.72,-0.0062301317828145,-0.1605879990741617,-0.318991972212838,-0.2542825247214333,1.330796242356278,0.03207991331606992,2.191661579136217,0.9895025759271989,slouch
29.74,0.004534755344343467,-0.16743983051136385,-0.31071637713222233,-0.2913351151391744,1.334834108695978,0.047659793976084726,2.1888923292778566,0.9812306548072361,slouch
29.76,0.006455780993007714,-0.16336392126318197,-0.3260104366459955,-0.27270921491532696,1.3316280504031262,0.03160586302643116,2.184301512323988,0.977610189017857,slouch
29.78,0.010587104427380712,-0.17014494040170533,-0.25211786828701394,-0.2668712707628454,1.480052233892082,0.044550934489187156,2.187792094134705,0.8957706685786713,slouch
29.8,0.018372380984518176,-0.18346985824532852,-0.27960680120279124,-0.2871106158553019,1.142233138625669,0.03410626062363119,2.052447658559455,0.9354095822182246,slouch
29.82,0.05128532218943375,-0.13415317936513063,-0.323874362870773,-0.28701798208582285,1.3101783631418462,0.035524687343397886,2.233840903194648,0.9544727103948407,slouch
29.84,0.026499956805111278,-0.1952717278554573,-0.2747780400160838,-0.24041640579563323,1.3737304605646212,0.03056353502546422,2.0752841321361073,0.9887485352061138,slouch
29.86,-0.005869433809472701,-0.18504870088701664,-0.2841663459855167,-0.2816677854758508,1.3765505695494726,0.0409982605740768,2.1524957791847332,0.9273779540528079,slouch
29.88,0.022150584125809846,-0.15778124986801284,-0.3073593537735492,-0.26016483146371283,1.2820316394997464,0.04455427366849315,2.133575552151615,0.9240693975364923,slouch
29.9,0.025299160435280018,-0.18398476123199375,-0.32344274120323285,-0.22803366992187504,1.2419611352855986,0.0,2.225905817272399,0.8872924033069597,slouch
29.92,0.0038790058271712786,-0.13931292697271389,-0.3253657906172874,-0.2885644044170475,1.4765652324446692,0.039529667926949195,2.020749808088848,0.972162728703896,slouch
29.94,-0.014680310255718764,-0.15715687215393118,-0.28680642717138455,-0.2755005828104651,1.3734594467753538,0.020677584222850244,2.0801376156383733,1.039176598843992,slouch
29.96,0.01932205016963487,-0.15526071635380873,-0.2784999362610485,-0.2904898345943108,1.2877410597771977,0.017772952139306342,2.2008081996416737,0.979741774649083,slouch
29.98,0.005805752721950988,-0.17204428274090364,-0.2648522661511769,-0.22035560221537098,1.2441242830687629,0.030568152001802778,1.9692608670950928,0.9884132878781984,slouch
30.0,0.009317919075779587,-0.1844576797248934,-0.3151997098085399,-0.2642575350823682,1.3623143500190924,0.061573509244053456,2.0988712350676533,0.9165666102466833,slouch
30.02,-0.02463350956544859,-0.15550270849428988,-0.32546156187770303,-0.21736712770386785,1.3146723565786185,0.032482354633055245,2.2075005016841467,0.9968781353817265,slouch
30.04,0.011875389134663898,-0.1715882039823227,-0.3174358607300798,-0.24107801769064602,1.321527982771735,0.01981037840411621,1.9406697159239978,0.9423405109093791,slouch
30.06,0.015659714428869518,-0.15327613718366656,-0.31997425429711907,-0.2608381887684357,1.400834675199163,0.048180124153915635,2.050500602887722,1.0257264680121543,slouch
30.08,0.03211855748375311,-0.16962288011071133,-0.3051788696626268,-0.23247551891110932,1.337671010969396,0.035775071563008166,2.1418315541541775,1.0470096783354566,slouch
30.1,0.05140912472978264,-0.1551364646538762,-0.3305616882601939,-0.23777664513564725,1.1842650972352815,0.0,2.0577927984888467,0.9525575498093195,slouch
30.12,0.0011022883890816294,-0.14143592271067668,-0.3189177652248252,-0.24419799900031566,1.3638400615925992,0.05192642710193275,1.941384441074073,0.9320470777440374,slouch
30.14,0.030703954493249884,-0.1596141054614125,-0.26137053062087895,-0.25865819842416726,1.2569051681274912,0.02475195818262185,2.2216083839161853,0.9717210905787163,slouch
30.16,0.010819484068326387,-0.16221744509947839,-0.3030065071755635,-0.23737115263740707,1.288807125113193,0.021836598934382723,2.025468773057073,0.9219283121718717,slouch
30.18,0.02454082044713356,-0.1603385211703285,-0.29211106133292075,-0.24464598847092775,1.3320057301534016,0.05182903768185905,2.145969024463646,0.9877354985181476,slouch
30.2,-0.028012315328610798,-0.13708700544044933,-0.33316683843171313,-0.24395059956699677,1.3282094140727643,0.049581751473558845,2.109823177526768,0.8943984766245701,slouch
30.22,0.03703932984023905,-0.16784194375946448,-0.2550849745376734,-0.2654131630414187,1.3316954214112917,0.028092811224969674,2.125033174699109,0.9434444021252856,slouch
30.24,0.03971702724068626,-0.17065935924196554,-0.2897629748987895,-0.24575875068292383,1.306747927940406,0.06657322765312755,2.09322216349229,0.974548950929685,slouch
30.26,0.05162473996363546,-0.16568242851003295,-0.28951251064795325,-0.26817700473803197,1.206013775877408,0.03931480755568436,1.9899255686191026,0.960908945653988,slouch
30.28,0.026346906103292853,-0.17419499571445518,-0.29146378137750506,-0.28081820639974914,1.3584879148942088,0.04403793746497973,2.205024958602804,0.7945586132445849,slouch
30.3,0.03901314154867743,-0.14130528453745958,-0.33683629701339796,-0.27156109503227815,1.3465252979849167,0.05873369637473641,2.0665167418525927,1.0681252470058935,slouch
30.32,0.027588599093839383,-0.15892820292434842,-0.2957002185388336,-0.23443615859923758,1.29789655169606,0.04419722035957552,2.038275201183901,0.9675294082034486,slouch
30.34,0.0022372330586123016,-0.20399074885320864,-0.31119617070094213,-0.2593380159228977,1.2276643011653083,0.050288719488455425,2.0882029352725517,0.9011662354085996,slouch
30.36,0.015915296258075695,-0.1799906213355819,-0.31950936028288623,-0.21569881360615836,1.2650837868000135,0.04003810624046063,2.0551588405386987,1.034273024802768,slouch
30.38,-0.003905906431082671,-0.1291602699770503,-0.2875465947740518,-0.2820880042192539,1.2587633763406672,0.03560027830997125,1.971653765982313,1.0073171953989526,slouch
30.4,-0.020804360938952868,-0.16163155112236838,-0.3216023573773875,-0.25752710276930646,1.2996636394544387,0.04892211511682563,2.023272821285642,0.9603099974801369,slouch
30.42,0.04533208717243187,-0.15486341034504497,-0.31119379991080587,-0.24714800966078998,1.3515323508260328,0.033634526197640735,2.091478716041356,0.9815142544104157,slouch
30.44,-0.0024253504909190517,-0.17887851094463703,-0.3052789798219742,-0.27329435495123017,1.2205709948960417,0.04505394919260901,2.068566329961551,0.9900208728844985,slouch
30.46,0.022960091433191835,-0.142748745865626,-0.29763367752795117,-0.23734484308188486,1.2726622936203158,0.012496244435173836,2.0453118418764173,0.9295163927096257,slouch
30.48,0.04476680617133545,-0.1709990320118021,-0.2886205600875159,-0.2259540333393138,1.2494901439482091,0.0,1.93591662483133,0.9319924986717728,slouch
30.5,0.022483552781841974,-0.16622804526404136,-0.31653936121944276,-0.245563987547375,1.264173543118918,0.03805203408679296,2.09239324362741,0.9554521149180308,slouch
30.52,0.055229307752563274,-0.1478109106083474,-0.3193146373515677,-0.2478795050567666,1.2890823924378665,0.058452038891148736,2.112222953336491,0.9409125905338331,slouch
30.54,0.0423348358493916,-0.16165724337487306,-0.30140020187836486,-0.21763367643511627,1.2945522878809599,0.05108423425574325,2.173295520366771,0.9511953245684007,slouch
30.56,-0.01580675949305094,-0.19627264994092786,-0.325952602256229,-0.2518679304312934,1.3311991003254997,0.04003126980116922,1.9311510298376227,1.010286328730718,slouch
30.58,0.05480047184488367,-0.18055894297994413,-0.30172095128998216,-0.24367664427056443,1.169529284898651,0.043748783376733075,2.2129554705839696,0.9948092812672242,slouch
30.6,-0.012623754115621853,-0.10785707570642053,-0.30806910550927724,-0.2500430494110799,1.2658385056284376,0.0677405422450181,2.105286286486849,0.9790404933830078,slouch
30.62,0.009117444812234846,-0.15704164047225605,-0.3058756192505532,-0.23095409412765516,1.2893458572857202,0.052277080108621005,2.156748187582423,0.8931349149656752,slouch
30.64,0.05585104148499299,-0.1791528331728932,-0.24938869090876184,-0.23998504759073935,1.3695962246545248,0.05882675212227382,2.037049602299877,0.9940274950642533,slouch
30.66,-0.01923652920909097,-0.16918672898962805,-0.2900374501375348,-0.2832090818404815,1.3377401184961397,0.027837429181724768,2.233576539926696,0.9288811000335595,slouch
30.68,0.017544335585411814,-0.16462524538350515,-0.30562925460305707,-0.2311309895450192,1.2940854224607077,0.03429834818490395,2.192830292550852,0.8808807470456722,slouch
30.7,0.02433160304496596,-0.14682626232624643,-0.3263357099145368,-0.2667902773791344,1.3106309683920838,0.044805711923105146,2.1453292283671757,0.8851902328056622,slouch
30.72,0.045769312248363475,-0.17385259148347687,-0.27112389327337943,-0.24521846835889102,1.1752663175181737,0.045706691922176086,2.06365661416475,0.9532583736848268,slouch
30.74,0.00763546914380475,-0.18049082140564277,-0.3153497029974325,-0.27417053174687916,1.3211129192693511,0.05621905655790445,2.0250664679336263,0.9288468549976914,slouch
30.76,0.04645968019219212,-0.18449893805132295,-0.3140005290444391,-0.24942217911716252,1.2929446617155318,0.05755203035648533,2.1335832393273364,0.9537959922527502,slouch
30.78,0.012738002676733024,-0.1424549361271094,-0.3045656682284687,-0.25737375223452763,1.3066216241879096,0.06732740214202361,2.101444364555226,0.9273229824365575,slouch
30.8,0.04258512384027385,-0.1576357875540264,-0.3185109907400293,-0.271253268057417,1.3622760411598325,0.054052819624175755,2.0635006050410114,0.903844361899402,slouch
30.82,-0.011611235047943907,-0.14324000938778672,-0.28399992948612485,-0.19490804634081996,1.363767814503856,0.045078238960778935,1.9874509270437424,0.9266996148498055,slouch
30.84,0.007699266899738343,-0.1466806736539724,-0.3157219737673385,-0.22870322682524705,1.3305072583466506,0.0381626752737891,2.170353394626659,0.9686237644221484,slouch
30.86,0.02210238931525613,-0.15647871980777275,-0.3004395855518655,-0.2282253151351042,1.353503109353858,0.05007245573579442,2.2024566781596286,0.9255616006657787,slouch
30.88,0.019217612599019586,-0.17313295444218268,-0.2725618361181246,-0.17431197354301636,1.3364705478950172,0.01501956190869418,2.1067475438684333,0.9173926262591109,slouch
30.9,0.0010531899103394112,-0.14164580460887632,-0.2763558122806146,-0.25351653011398806,1.2548831656172175,0.05547371188673092,1.9261259369128192,0.959630138725222,slouch
30.92,0.06433549467788247,-0.15301062743315902,-0.3011052872544867,-0.2672942195925197,1.3491286799142863,0.07499839892839978,2.1106788769328997,0.8316520721108805,slouch
30.94,0.012431820230754263,-0.14016766469683706,-0.2909019920987315,-0.2878273208321861,1.4280261984719624,0.01408275071568213,2.0514762090654393,0.9092725789296087,slouch
30.96,0.01221227110077817,-0.15576300387061554,-0.2931470730585464,-0.2572674788781138,1.2346583977660972,0.09458323865899826,2.187736592089847,0.8580742304582227,slouch
30.98,-0.0029619258021013842,-0.15666881907933614,-0.30602390851762523,-0.24393230662308538,1.3019642311056117,0.057533948594207296,2.020728526872681,0.8623027165224864,slouch
31.0,0.038498590405859186,-0.1773908435357552,-0.2502753461527623,-0.20568914197149823,1.3042382368589338,0.06087715932026106,2.1418216738265032,0.9963196727367827,slouch
31.02,0.0399796937559993,-0.14346310055269218,-0.3075114540818755,-0.21942677022572277,1.241970608020483,0.04882714797064061,2.018440623934311,0.8913784764213121,slouch
31.04,0.010687152996303295,-0.1531905044722589,-0.2992744177084681,-0.2500289606650302,1.3227827262165708,0.02692295517909586,2.226251222496642,1.0064808977682909,slouch
31.06,0.05202083197002904,-0.17029339516995268,-0.28198149432992886,-0.24632643243671612,1.2628005963800255,0.0325488379523338,1.9801421669142245,0.9099805287985153,slouch
31.08,0.042260504174553674,-0.14284215441220738,-0.31293338167243806,-0.23344095879511212,1.245484194888246,0.043314981314332486,2.2273713579237757,0.8684769479258747,slouch
31.1,0.012461611458733883,-0.17782811772605434,-0.3142822505508404,-0.265965768730628,1.3060870654085033,0.00030801315671125096,2.2002146050501032,0.9334138512281097,slouch
31.12,0.04376831423433652,-0.17842590355190244,-0.32694261640665295,-0.24237830821281695,1.3598256727622964,0.04298963913451364,2.1774526281140343,0.950406142311659,slouch
31.14,0.01893071402720745,-0.18956204915213243,-0.258141838976538,-0.23120833144024253,1.4813891978851275,0.05226550572709677,2.198868628295636,0.9450762635098681,slouch
31.16,0.03758949013922678,-0.13971097696759602,-0.2912604642460388,-0.26139703231930245,1.376753140587388,0.0734851147257443,2.2390038324402535,1.0117847919159693,slouch
31.18,0.0374004688632437,-0.16792704165301212,-0.2733210668034754,-0.2300061094885047,1.200063824672027,0.03728690222158565,2.15652295600864,0.908287729401307,slouch
31.2,0.02895904504892149,-0.18049272801129984,-0.2958867200127698,-0.2877608657290029,1.3289560339298352,0.021697018482181706,1.9292824316588824,0.9434411775734056,slouch
31.22,0.02881503207341294,-0.17023195091420315,-0.30990625619297163,-0.24479640545795261,1.1860911433712682,0.03415833545112568,2.007151583025221,0.9396082960845747,slouch
31.24,0.027113999770714683,-0.18149624717343318,-0.3007501758936238,-0.26978695130335856,1.3155091345722583,0.025673730323027565,2.118716487935939,0.9870298192862343,slouch
31.26,0.0349466037159794,-0.12021956016299988,-0.2911496355092576,-0.20179122234354055,1.2285580736127537,0.04862987347046567,2.133505792233223,0.920379090602981,slouch
31.28,0.025676512719732564,-0.19096189160992233,-0.2985354996275727,-0.23410355431775676,1.3392694720003793,0.05262410263918174,2.11013829633531,0.9668393971741827,slouch
31.3,0.042516454071421364,-0.1379813852857713,-0.3287504576589947,-0.24200262183108634,1.1952196969600617,0.04807280155680646,2.1055040080456138,1.019111783086384,slouch
31.32,0.028250077417794936,-0.1486528579864431,-0.2393950650955786,-0.2480167412364761,1.307328898669035,0.029373617126335492,2.194735656021159,0.8805684365915498,slouch
31.34,0.00206838713920578,-0.15407723365172218,-0.2953017249503311,-0.2657437005540398,1.3179196524241266,0.06353988680923303,2.0601124647313953,0.9510444896801562,slouch
31.36,0.0010180737197091813,-0.15862381758018135,-0.29325216789058706,-0.22607672191843697,1.3830528246168938,0.05403857034996436,2.1116083112653468,0.9572462823336781,slouch
31.38,-0.012827646360750681,-0.14558192613918902,-0.26289862282555376,-0.19594884250094227,1.320580047421459,0.03773906594188259,2.1390419091567905,0.8450732336070141,slouch
31.4,0.021647858931010393,-0.18644643792871363,-0.3375230644890944,-0.21338957077410078,1.3385513716906174,0.05876554019422224,2.155573947080133,0.9956018248282092,slouch
31.42,0.04225923605265114,-0.174250329759415,-0.2977665730736321,-0.23253579376562802,1.3505436582441632,0.02919384706202608,2.0227621332222108,1.015170091825926,slouch
31.44,0.06644465072051327,-0.17177063776653106,-0.3155973531551344,-0.2191789279864438,1.3440240940875379,0.04558759887624583,2.1054059412138386,0.8773743160158809,slouch
31.46,0.008616167881481571,-0.15484834123451652,-0.3076426959385171,-0.25424776737877613,1.4363236233942291,0.0,1.8940857048220319,0.8814703991062707,slouch
31.48,0.02561852709765865,-0.14850489513901224,-0.27231869341815046,-0.25502357288727334,1.265229041858508,0.04978856247553875,2.135920296778147,1.0217704929318394,slouch
31.5,0.020093813875763856,-0.15364831932474085,-0.2663762543425175,-0.28952914422548826,1.259822897460552,0.023487480298279483,2.0030103548796805,0.9145393685074913,slouch
31.52,0.017399643595439225,-0.15895378806749588,-0.28830712869157,-0.23403092455341898,1.364565787013791,0.05055551365245686,2.231835384187321,0.9182701485207154,slouch
31.54,0.016814354927815987,-0.12489727720387046,-0.3082779453466262,-0.25222111078730086,1.1901318194517645,0.041696772128920055,2.095252580095601,1.0794973876707143,slouch
31.56,0.0321573533037376,-0.15712774813526678,-0.32282089538666303,-0.2572931638463957,1.2827173122752376,0.031766014870151967,1.98694798727801,0.8236888623795874,slouch
31.58,0.007650173644455497,-0.14354322677965017,-0.311864276037473,-0.24194888048358715,1.2450291297299585,0.07628726280542941,1.960050794469617,1.013215594299484,slouch
31.6,0.0473760579317776,-0.17992381664451682,-0.30642349009912945,-0.2506999369321452,1.2467671976270196,0.032819915970283074,2.0514435995204097,0.9025535480919575,slouch
31.62,-0.0033000504155531666,-0.15630317260542556,-0.3167531114933187,-0.23059328359660972,1.3150546495602753,0.03730716829204471,2.044085012706631,0.9954905516751038,slouch
31.64,-0.03301525182410139,-0.15962209609470857,-0.3091157395833532,-0.3076486722617734,1.4352955372854572,0.06426329950034988,2.0221235561459774,0.9654687663383594,slouch
31.66,-0.003321145164034078,-0.14412950880276248,-0.30558142899032803,-0.23252737400817564,1.197661069639814,0.04022320050391376,2.112164020714216,0.9881405988617205,slouch
31.68,0.027367381330222377,-0.17119758139255326,-0.3131875974998107,-0.25216154694740733,1.3153729642594296,0.0,2.0962469776914707,1.0127171714229048,slouch
31.7,0.030323844423945628,-0.17154320703269182,-0.30289498397261555,-0.2887497655930007,1.3249603842311986,0.01652748958306192,2.0816549082973603,0.9637904786781382,slouch
31.72,0.02679878972935698,-0.1813310718100766,-0.3052164296128173,-0.22318121364929747,1.3362454711443814,0.026972697726771768,2.055477769972734,0.9005039635893138,slouch
31.74,0.05277817863159829,-0.1560275046608247,-0.25577219246477784,-0.253146902551077,1.3476393475555548,0.05721049627219869,2.0822414570953724,0.9371280399330628,slouch
31.76,0.07160830892352826,-0.19220164775652582,-0.2963795494801344,-0.24206420798629302,1.338922205960277,0.040340310053187806,1.9243512608900049,0.8825346875037413,slouch
31.78,0.023796266457335274,-0.15168806187496325,-0.28391188610202955,-0.24389825679645222,1.3337824491924937,0.03738413284928792,2.16456031792704,0.92132215602653,slouch
31.8,0.018132036018255554,-0.13961893452556007,-0.3047270464393307,-0.25541383314705574,1.2536308603097812,0.054168907928276507,2.0799730114252473,0.970060857720661,slouch
31.82,0.057279029532345996,-0.1332246397151322,-0.30133735713151233,-0.2720237722749663,1.3016944782458244,0.03197841067848752,1.997696570795616,0.8966379375758367,slouch
31.84,0.029711991952360885,-0.15134661208467098,-0.28036076958780365,-0.2608861324919969,1.335932922234917,0.05067738651242909,2.1449176012375575,0.8733045576217782,slouch
31.86,0.031777512752529546,-0.17491862717217987,-0.30016561750385584,-0.21740138777198229,1.2903756112315645,0.0,2.0876872898013628,0.8783688277835159,slouch
31.88,0.022094313462222626,-0.17678681893331075,-0.2970092426585431,-0.2693546606630734,1.1502668954224757,0.03163307347006462,2.1176119149879087,0.9978898805242692,slouch
31.9,0.05241949649134147,-0.17353857181033905,-0.2876861651499746,-0.32875675282950667,1.2859224139142849,0.0019515574485251676,2.0702545590318127,0.8718756554513188,slouch
31.92,0.007749106470441596,-0.1527478719347201,-0.24886182361488765,-0.24119680352446876,1.27332005860454,0.02439578873095253,2.2158762280327005,0.9861869736836758,slouch
31.94,0.019747834920664734,-0.16750517704710757,-0.30968755499268313,-0.24747915080449356,1.276115546017137,0.062324717657137894,2.038485077474287,0.950060744295604,slouch
31.96,0.001401359595371642,-0.15748527313432711,-0.26773785022854585,-0.2502900596907035,1.196558082234263,0.045959206446146164,2.063570035636294,0.8712361183911946,slouch
31.98,0.053931221292197774,-0.14112005507153447,-0.3339419242182046,-0.27242958402503836,1.332061513458572,0.056870771479606175,2.0550315083017523,0.9461012558419992,slouch
32.0,0.021298967094319943,-0.15912991751712588,-0.2861094310274764,-0.28343227919149355,1.3678314394521611,0.015442456361866542,2.088603601741441,0.9566455235902463,slouch
32.02,0.007629528377205216,-0.1740192867403225,-0.3075494780075185,-0.24864232623618354,1.3022989675884826,0.049119629574536125,1.9420890596769464,0.938515777095894,slouch
32.04,0.0191691293806889,-0.1624264419039157,-0.3263236604800367,-0.19607855512502562,1.3069841382206853,0.008969085850125631,2.0170582836445656,1.013715548973245,slouch
32.06,0.030157463878708355,-0.189377362658358,-0.2830507885600851,-0.23176411284373835,1.245429078696937,0.038058487446630866,2.294712098560026,0.9232076083903983,slouch
32.08,0.04187755829384803,-0.17337197219805667,-0.28822932532414697,-0.2585650549203076,1.323200298794792,0.057562298541659285,2.2283157599255556,0.9609426073697764,slouch
32.1,0.0418382628821837,-0.1546622755440415,-0.2938935331610703,-0.283907234747609,1.305383059696169,0.0609255775745091,2.1997786218604394,0.9674192945137934,slouch
32.12,0.042751537433882936,-0.1493965615669251,-0.31251911888027367,-0.2605432425385984,1.4600576896646542,0.0483388935505227,1.9097126339080654,0.8634627756951812,slouch
32.14,0.05938067110388457,-0.16866372715527717,-0.27275990560250224,-0.2685029429497022,1.2197069087346009,0.047760714547891804,2.1327782659691663,0.9429301225363816,slouch
32.16,0.002906979821567678,-0.13657166043577204,-0.2893401383606126,-0.2330605851483234,1.267922858844672,0.049660978588576946,2.109625968425776,0.98452972370214,slouch
32.18,0.016032550164564698,-0.16603566222419908,-0.30328435921783287,-0.22877840659442777,1.3544946288843511,0.06170468973737595,2.28651161071863,0.9576781949820127,slouch
32.2,0.011834841392430503,-0.16611445826916255,-0.33279888175412353,-0.29608196567291933,1.288391175721142,0.0,2.148110740782855,0.9772366994561321,slouch
32.22,0.05672723049874652,-0.13533946290912618,-0.3019015678202318,-0.2704760913213308,1.2455856456052163,0.051950640280383445,2.1611774926676364,0.9030532271448961,slouch
32.24,0.06957554924321606,-0.16524464667287048,-0.29833598144135415,-0.26024283536828846,1.2603722494939178,0.030339834503045556,2.1927781867278395,0.8985790084665665,slouch
32.26,0.007651952148697463,-0.1526251851559315,-0.28517072234325336,-0.2441540897959116,1.4508060825893554,0.034526853562922406,2.190901351291465,0.9685500915723715,slouch
32.28,0.031555050099069504,-0.18304799842825792,-0.3251822997419689,-0.291079461968299,1.2373021034929825,0.03741910240034973,2.1022563364607927,0.8945437776142982,slouch
32.3,0.020907159096974614,-0.16805715869756369,-0.2951318564921279,-0.27366798626711597,1.3646548077687295,0.03525888317857573,2.124811812106695,0.9042854668194067,slouch
32.32,0.02264828616143094,-0.14349326323151576,-0.3181499175189416,-0.21598317672146705,1.304420026295039,0.06747942976391101,2.035096161653644,0.9325954225101641,slouch
32.34,0.062217210871949855,-0.1684697114427027,-0.31848367973337227,-0.253300144482341,1.2389836872228464,0.04302830971923369,2.084080462822255,0.9649856462640483,slouch
32.36,0.040985098387989805,-0.18560599752454468,-0.3248365022681133,-0.24767842339355825,1.2576529710447917,0.012485839476129343,2.1139877476675033,0.94346464939006,slouch
32.38,0.03354128268661705,-0.15835397632999323,-0.27802691051370015,-0.25599352771036704,1.3728014371411592,0.0575459208572832,2.116128640654651,0.9510766327060426,slouch
32.4,-0.024859253336819414,-0.14904554008641763,-0.32833556441924866,-0.19737026884218556,1.2137948930801294,0.03243655046709714,2.0286821243735766,0.9338555800887367,slouch
32.42,0.062240394655207594,-0.17914935354130893,-0.2893827046769583,-0.21256477902226587,1.3439613973869493,0.051480324145920714,2.1468822369322096,1.0091820595114311,slouch
32.44,0.015056645539889153,-0.19277801056622224,-0.31031190244723844,-0.23465707969416846,1.4157858062008573,0.04284232861258446,2.0754737425812424,0.9482299265319012,slouch
32.46,0.030770314787301602,-0.17824972867219913,-0.32889289635484315,-0.2548660898971562,1.368981413224607,0.03528095318590925,2.1865614767969603,0.9654178022383896,slouch
32.48,0.026921193767387774,-0.16953612306895488,-0.3214149146717577,-0.28564298121158843,1.268059014703914,0.04201894044678778,2.0800148526365847,1.028486301997529,slouch
32.5,0.009781690530268282,-0.1698829726591632,-0.3130911503695535,-0.19513184320272092,1.3954717455185823,0.006950054074912009,2.160077153929017,0.9157524958495038,slouch
32.52,-0.011509854316098592,-0.18748719521922402,-0.28101608235176223,-0.2435423381623061,1.30834263955604,0.07218871213112976,2.0893630970425807,0.9457537048954163,slouch
32.54,0.03296384592117937,-0.18049028609749512,-0.30229459987323976,-0.26058298942977487,1.359129553099523,0.0423550095473031,2.0872501020140395,1.0162242395996544,slouch
32.56,0.022353658897900665,-0.1747039612800134,-0.27430352852299267,-0.23389365132652024,1.2605632384665897,0.052627100459463755,2.0383101097296406,0.9341165399485835,slouch
32.58,0.04843809581572342,-0.14630143638870036,-0.30913984139729567,-0.22254907288002002,1.302018198109616,0.0,2.0246093565916032,0.9441005118634865,slouch
32.6,0.00440622158718952,-0.13919820147860443,-0.28799031466409913,-0.26255283876851276,1.3490691686553136,0.015044122076479987,2.248468031017275,0.8914541603790571,slouch
32.62,0.006325486420209927,-0.15717189933954306,-0.3584729055792134,-0.24822174743899908,1.2152016514042092,0.01577602495204544,2.019257540997785,1.040979984560089,slouch
32.64,0.061886146755928996,-0.16722573502702828,-0.27620891544638704,-0.25732336026102065,1.2595760738475765,0.06754290097535688,2.1691873306384344,0.9896806831194662,slouch
32.66,0.043871923122066246,-0.17547316711907232,-0.3282716799545799,-0.2807714407438062,1.2364013031955643,0.0324293487560196,2.1551807173847,0.8766423409566536,slouch
32.68,0.0052858947413997985,-0.17897544103622284,-0.2852923891334978,-0.26911402640460674,1.3434829246102713,0.015076567583000928,2.1318901160382198,1.045410769012874,slouch
32.7,0.028470279848859262,-0.16988613157233654,-0.29040479260615304,-0.2580332014384883,1.276152310997073,0.04634111505269539,2.0567952669952536,1.0095354255421314,slouch
32.72,0.039461865452214875,-0.14413405952474614,-0.3086326092215642,-0.23848751088227366,1.2331682444538319,0.04735901882056026,2.009647313082213,0.938753340012613,slouch
32.74,0.030272466782156986,-0.14973250879284342,-0.29767477262583447,-0.23029205799166408,1.2445619980011358,0.04003449793879285,1.9928724697406794,1.0138695770467532,slouch
32.76,0.053015842198692556,-0.16452227192625032,-0.30538610985025244,-0.21238844730916764,1.3368447914825063,0.02978962001650561,2.232225070784262,1.0158305313319522,slouch
32.78,0.03451751138377259,-0.15981305813051136,-0.30713190024436243,-0.23266652617114564,1.3477156525504703,0.04332573385618675,2.1241487387366553,0.9500872023524436,slouch
32.8,0.037737677500516716,-0.13452840699035606,-0.3424302581503616,-0.24554962384559365,1.307246113228277,0.048212608923052076,2.140576954845348,1.0230785346046622,slouch
32.82,0.020337184865968746,-0.14941795752807382,-0.30327646490372445,-0.2608850025208671,1.343001186571284,0.042773620656407135,2.0526796195639547,0.8567257343896937,slouch
32.84,-0.03477323828109692,-0.15600938942014383,-0.32206276227882374,-0.25871716668733286,1.2732659983447474,0.02307230829321049,2.0278535136254456,0.9841551338483344,slouch
32.86,0.03700834047357562,-0.16840486137505936,-0.25714094001718335,-0.24080849911106333,1.3995030657083734,0.04639200317066998,2.2029593574757764,0.9903163430587665,slouch
32.88,-0.006877696686761034,-0.13845468007209547,-0.2470882744609316,-0.23314861031737946,1.3568899023560657,0.0608021004498386,2.2045976001149215,0.9726455585170651,slouch
32.9,0.045175338342112355,-0.14622263902714822,-0.3202839086791946,-0.2865559813734099,1.2238628507199953,0.04807165617160773,1.933418314603362,0.9492238243121343,slouch
32.92,0.01529234137526642,-0.16742507146808472,-0.33325353977988204,-0.22825305781042796,1.3278696044212226,0.04338350787114085,2.1597797449536325,1.0056833255060689,slouch
32.94,-0.0024453204083473875,-0.15753431555553307,-0.27816356503373874,-0.2234613303453707,1.360036444299548,0.030564486885442523,2.2120101887173758,0.8985835392435998,slouch
32.96,0.02799956346531954,-0.1663605307949164,-0.339758097758167,-0.25408010958670263,1.2525963129664748,0.023804048130254656,2.139731651464207,0.8823329556913286,slouch
32.98,0.04903818045269025,-0.160913590490165,-0.30307645003824896,-0.25356851442052536,1.2520617775280098,0.04842767455910395,2.19269380391334,0.9909814757084264,slouch
33.0,0.009315356838718675,-0.18634565607541273,-0.2919490809416389,-0.23439296645994473,1.2651039027168312,0.04862621426379367,2.1338338490369844,0.9719948070688659,slouch
33.02,-0.004568233147349887,-0.19396794841170176,-0.2899353171156134,-0.20798578552993965,1.1849784851718907,0.020668524175565126,2.120810752516313,0.8665130283262903,slouch
33.04,0.05187083975229846,-0.1541454110262364,-0.27196920539436265,-0.2177134794594909,1.280267554710121,0.014692505839123968,2.0910130203627606,0.8875578650177528,slouch
33.06,0.01763066072761045,-0.1764537433171164,-0.29006402653760976,-0.2497353784469229,1.2954150975837972,0.03852138732771597,2.0759855471346964,1.029299176349388,slouch
33.08,-0.00470961356021586,-0.1623001339738943,-0.3187613817533087,-0.25350660254180185,1.4072987884642094,0.05999461556164199,2.156400233837825,1.054053964655579,slouch
33.1,0.017699278586503005,-0.1772774283843381,-0.3167697447089553,-0.22602719078848105,1.4066265387242962,0.060909033255558256,2.15283974769081,0.9330385874598798,slouch
33.12,0.026150167387130833,-0.17655658118488443,-0.29658698819601487,-0.21851594354847592,1.3116652608864425,0.0092431112648684,2.1280189288441687,0.8555374767179992,slouch
33.14,0.015665774819697782,-0.14730762475357087,-0.3134987274985478,-0.27592865799308314,1.1754015908306135,0.06496538351365051,2.226875435813543,0.8318176598838253,slouch
33.16,0.029325781913231284,-0.14884090567699765,-0.2999114746704495,-0.2602384954739532,1.209273827650676,0.02742871818740677,2.1820305807925156,0.9083708181183808,slouch
33.18,0.045552158129176366,-0.16501350372549803,-0.31130539320725525,-0.24595779150940386,1.2570114231152907,0.053124518996347785,1.9535834407787291,0.945168916455914,slouch
33.2,0.0317074154978439,-0.14852467814680187,-0.33443629403861314,-0.22816280081264298,1.3838072871064264,0.02500231358297893,2.09221802404518,0.8785652042037295,slouch
33.22,0.028149998321349276,-0.1567533875559926,-0.30052638221760675,-0.25589483973653593,1.3363766433727975,0.05283310922834781,2.131843667894233,0.9354844320600638,slouch
33.24,0.02178661576422428,-0.17988686739317875,-0.3044994701656497,-0.2777168658587755,1.2979694797196828,0.028117082474066874,2.0798157477980865,1.017226471809082,slouch
33.26,-0.03896971739017689,-0.15579851863734084,-0.2822629882056246,-0.24533702340354352,1.2799260731709252,0.05072866969352209,2.193503595000301,0.8719833330342412,slouch
33.28,0.009694367565005822,-0.16443770379111705,-0.3235897812441429,-0.2791183482013961,1.3230371304580426,0.055535744558835254,2.2264312481239097,0.9095882668736529,slouch
33.3,0.03287101075019088,-0.13036617812815737,-0.2902584380262903,-0.1986432446423803,1.3092141329058702,0.04023807443087167,2.152669071147332,0.9610358514097379,slouch
33.32,0.051146683204623185,-0.19510639458899912,-0.3377372827828358,-0.2592906278259075,1.279829708028084,0.07848468516252573,2.031785817918444,0.9467489303272455,slouch
33.34,0.029769261383621598,-0.17361074929400297,-0.2900200213637233,-0.2505706784107821,1.4842839264453678,0.038659059584978304,2.145452463222716,0.9209699678469391,slouch
33.36,-0.010545087446620817,-0.1645308229734464,-0.28502956596222156,-0.2597390709541145,1.288279977687636,0.034145692645322696,2.120139803179482,0.9617517631905106,slouch
33.38,0.035899799925445924,-0.16739730382968965,-0.29475402269209555,-0.24365830638868766,1.2692122911179748,0.014584820357683105,2.107431321765114,0.9972170238627412,slouch
33.4,0.022958981533806763,-0.17039549101308166,-0.3408454199648726,-0.2852397962071911,1.417107470792246,0.04595027674106288,2.19299151140187,0.9345281799377971,slouch
33.42,0.037173161148212494,-0.1377770403820103,-0.3027388672662369,-0.2479581332110553,1.259727483796719,0.0188993580098022,2.077373264327543,0.9034956286356827,slouch
33.44,0.03435595949003466,-0.17864201856708034,-0.3045484011381625,-0.24559906817266117,1.391763049602442,0.02382816197653563,2.056478636978204,1.0357554828581865,slouch
33.46,0.02026340173662613,-0.12142644406859437,-0.283326580859418,-0.2348419125952981,1.2959914816204545,0.05592130042732337,2.144665940901963,0.9271013979766753,slouch
33.48,0.02953817192284408,-0.14418261692990791,-0.2543694586909071,-0.2054336858717881,1.2722881207820482,0.017860592155580758,1.870596446349594,1.0572566535699754,slouch
33.5,0.028159647440402915,-0.18341429950822868,-0.28985009821459895,-0.22600922496023496,1.3053990286318224,0.033305330650319334,1.977656874821676,0.9573157557631798,slouch
33.52,0.01469197671546288,-0.14958925133829123,-0.3240126904897618,-0.2356942462399478,1.2880507665971412,0.016558839915332486,2.036202293476167,0.9447838657585803,slouch
33.54,0.03963091106613154,-0.12223872526343205,-0.33269085533839665,-0.2515529770634504,1.296748090552273,0.036170271292718784,2.009084491990659,0.9157565897194607,slouch
33.56,0.05699491075577953,-0.1551371130884633,-0.31618721713485004,-0.23111997434739556,1.2827891787975254,0.05853131290153353,2.0145709315491294,0.8893152963936541,slouch
33.58,-0.01025709670697531,-0.13996267931071743,-0.3019623927116963,-0.2559954144130808,1.366515674951267,0.0029717965655243718,2.16511485397521,0.9332883005925555,slouch
33.6,-0.013560622781452697,-0.15665484060022325,-0.2700666631832214,-0.2459805599583931,1.2811885682099526,0.043990458743888634,2.1076502887425828,0.922262153287463,slouch
33.62,-0.0030441327982060266,-0.1630490401263571,-0.3289374132611651,-0.24468002640484376,1.351473398318898,0.05846208845914993,2.1266595699922792,0.929084576459997,slouch
33.64,0.016555522115181496,-0.18727911268703262,-0.3168202275402144,-0.23794399585424034,1.3925457962318353,0.03623824184040753,2.0386003776255532,0.9008238531531674,slouch
33.66,0.03985011254930173,-0.14545897299394678,-0.34026481798399116,-0.24293425845369568,1.2649052639158425,0.029776484368938396,2.1168467947809995,0.8594734898837729,slouch
33.68,0.02145630749535733,-0.15634366788457385,-0.30365002599036495,-0.23540143549922174,1.2538452049111408,0.033322160157618394,1.9941095308040868,0.9520213272650468,slouch
33.7,0.01475387216980752,-0.17926546538531596,-0.31410862013492336,-0.2565386258226617,1.4030889881893176,0.04515851605197766,2.08243145647112,0.921583696939989,slouch
33.72,0.01070928736512232,-0.17252804203006225,-0.3093588315123294,-0.24283556855612004,1.2458620294179472,0.0562006955368699,2.0974651381982996,1.00346222284833,slouch
33.74,0.05422183705054212,-0.16737779767666633,-0.3088552951425519,-0.2670199375775119,1.2706920313546441,0.027667383279006696,2.1412301854451807,0.9643123127864436,slouch
33.76,0.02315503869585448,-0.14992060534651605,-0.3275288904427227,-0.25233604867848686,1.3336084378295068,0.058172467896609924,2.164484661181316,0.9652873717833321,slouch
33.78,-0.0167757143364679,-0.17580854764212334,-0.30955309334857456,-0.23600871176261276,1.289895808966014,0.0756961372106421,2.0898291106604616,0.9937311421166481,slouch
33.8,0.0023454362065972005,-0.18709675523986566,-0.30300838586596357,-0.2506297214577298,1.2908455968555268,0.04044390217776715,2.067150147984455,0.9973876828813564,slouch
33.82,0.026485306391839873,-0.15648435566307886,-0.3240465454185534,-0.24404888806414687,1.317130521489407,0.0404166237485634,2.109043298653629,1.0077842446874405,slouch
33.84,0.05848556135027676,-0.1606569736261131,-0.34065557470954366,-0.25582586656216977,1.36033830684608,0.002625888852942473,1.9753452296257585,0.9218291927938987,slouch
33.86,-0.004646519230885505,-0.19620015441840974,-0.3139083605810617,-0.26724996701816744,1.325583350231172,0.09033822564585677,2.054747810501898,0.9940209861545873,slouch
33.88,0.011556608558021254,-0.12138245147027499,-0.2896385993336125,-0.22226887637150744,1.2490938913001537,0.040351002557174,2.0267981392408028,0.9352046939717111,slouch
33.9,-0.00909633730417826,-0.1569744982558523,-0.3104583518725029,-0.27282739973889947,1.23542757611254,0.027970319067645716,2.023832517093733,0.9187778960973007,slouch
33.92,0.019728883160925803,-0.17789084393270874,-0.29742049416710187,-0.25128296356871127,1.3016765784581528,0.08082091475044482,2.1730551226546266,1.0377454276678015,slouch
33.94,0.015126138689873352,-0.13453611827385323,-0.3034223648581385,-0.26113810916592683,1.2669537878741028,0.02307698275099736,2.0160871889105016,1.004115212113189,slouch
33.96,0.027788838829262866,-0.1701072278201784,-0.2931836925579373,-0.26517448717602127,1.213845053404286,0.06075130506311733,2.116422174570412,0.9819993131023375,slouch
33.98,0.032132735406074225,-0.1743946385599542,-0.30213219606870007,-0.2635355932996735,1.300198504556772,0.034398085539390735,2.1315405163186636,0.9196393922977755,slouch
34.0,0.03904263942249455,-0.16974408846465278,-0.2969265199415291,-0.258560718070147,1.2931822920228435,0.04217518435226066,2.1481354510483937,0.9893835685778307,slouch
34.02,0.024194000630613822,-0.1427985730701388,-0.30754576443579923,-0.2696393245466869,1.4150659550048874,0.061586298039621956,2.140504940439816,0.9342771535929059,slouch
34.04,0.057692110146346585,-0.18208259975458796,-0.31472013329685483,-0.2821060528584493,1.182741180351932,0.05554439891027208,2.229426964560551,0.9827240257689198,slouch
34.06,-0.01208191621677336,-0.1632678170090247,-0.31177545348893676,-0.25593042961708357,1.27952869385292,0.0,2.015997964065373,0.8758907360294345,slouch
34.08,0.00949050421953664,-0.16940220195377997,-0.29238019509177804,-0.27766833740662356,1.3601898554039176,0.045895450762640885,2.0457837070582214,0.9013896552199222,slouch
34.1,0.04795602422891017,-0.14085013856789552,-0.269668649439582,-0.24039028465024062,1.2822322939335054,0.03001041044651907,2.158807606838201,0.9186449310887499,slouch
34.12,0.007355184686346713,-0.1287069057345929,-0.31981115359873813,-0.2568630095491257,1.3643792563633108,0.02961382052688855,2.0511467202667197,0.930604241668114,slouch
34.14,0.03922721543151593,-0.14347625135286413,-0.29985916982457383,-0.22116010117376692,1.3015156401034553,0.04669694141575117,2.1311045693308386,0.976401931526708,slouch
34.16,0.040739413852875675,-0.16440908258723075,-0.31331220731888626,-0.2883020136816553,1.441772238417164,0.03448594296986554,2.073427542809071,0.9873766637609668,slouch
34.18,-0.0009217386221528366,-0.17861132468095559,-0.33850374759734153,-0.22613006001799943,1.240883171831739,0.07633050227949015,1.9584469448696677,0.8962608816772503,slouch
34.2,0.04003411003924198,-0.17605827522590442,-0.28220247086934674,-0.2548972467436521,1.195457344135131,0.007083643828809465,2.191362431574913,0.9495818890701807,slouch
34.22,0.012106253812276216,-0.12052377553061168,-0.28178501494084734,-0.26723566129884135,1.3693898761122323,0.010393881058787403,2.108522684962233,0.8981951946491944,slouch
34.24,0.0015030123808113867,-0.13706770699630672,-0.3028841767854646,-0.24636123418991288,1.2380510668015112,0.05398318161544833,2.082819023773487,0.9946793562031335,slouch
34.26,0.02842954643453492,-0.17320429088136607,-0.3479727355017752,-0.2854510929817868,1.2590480444984578,0.03781900367825132,2.023933914084277,1.0097570539616647,slouch
34.28,0.016790924761249822,-0.1882433988233803,-0.295777476597516,-0.2767038795101811,1.3505444588134279,0.06534696294657147,2.0755531933892697,1.000143448435337,slouch
34.3,0.04672485592834474,-0.1807630517202086,-0.2927328470620184,-0.26413401070771647,1.2957120500282593,0.03252156756678082,2.095616592655399,1.0286897195565001,slouch
34.32,-0.003177767916723414,-0.17960529910294415,-0.35416069257289484,-0.24877311709176989,1.231752278055633,0.04164976331499357,2.1415331455922924,1.035089554993412,slouch
34.34,0.027131931430139956,-0.17907149861668703,-0.2979356428706624,-0.23974849922878774,1.2918574076627374,0.06191789402386099,2.161309176133489,0.9520550018369196,slouch
34.36,0.0242055655381087,-0.17311538779739644,-0.2971044111832826,-0.20832834438371958,1.2478496660752354,0.05208019830876937,2.2309242351541476,0.9888466597847799,slouch
34.38,-0.00781707538573962,-0.1719403252974706,-0.30537019768520407,-0.24887149910528417,1.2910198470474528,0.046374017262273214,2.3167106160117346,0.9064634943013334,slouch
34.4,0.04241047071283157,-0.12567860940758407,-0.3506820535984469,-0.27200874353893895,1.3403111166179646,0.046535107222055026,2.0325478069275644,0.9331590493524343,slouch
34.42,0.05487395002026956,-0.17850046665545272,-0.29439474420160117,-0.25391399773836837,1.464166388985475,0.02477661406918672,2.107657693500887,0.948498356762204,slouch
34.44,0.010809927798742468,-0.14831797201385713,-0.3201023643805054,-0.22282837201140823,1.2764740535944625,0.04095366805947362,2.0309170278173174,0.9844463099968248,slouch
34.46,-0.027567473444606878,-0.1544250691890624,-0.3221577403367116,-0.2884373369017107,1.319791009340436,0.03462380281719619,2.0771167551117045,0.9457947998855982,slouch
34.48,0.038068491638456096,-0.15270573089905135,-0.3115990808290092,-0.21289396086857487,1.2442632629593602,0.032733097922264226,2.0983006290114665,0.9061185585292867,slouch
34.5,0.004497535144982149,-0.12931478792404072,-0.31396463967044996,-0.24014757407877285,1.4729650267668688,0.03588879036169933,2.12760059124686,0.9884844607878193,slouch
34.52,0.054073486671784604,-0.1580163246935434,-0.3179188072281635,-0.2665954906371528,1.3043871678282588,0.05117805122310863,2.0768685447275668,0.8984487826478994,slouch
34.54,0.005022145781952697,-0.15404081077574447,-0.3174541809711293,-0.27654542338740573,1.2887711324795117,0.05030415434315887,2.229528536730756,0.9699229622271781,slouch
34.56,0.022110579404291,-0.16305512672340988,-0.32555060069302943,-0.2693278188075839,1.256790150942773,0.042144364893139906,2.067928146857499,0.9313832920143198,slouch
34.58,0.021995162803461053,-0.15088852669489836,-0.2828920987971026,-0.25838564637289574,1.3299862770689912,0.022810591806081408,2.0061025765893388,0.9622119874687705,slouch
34.6,-0.000717266069442427,-0.20054053333268246,-0.31943140436596856,-0.2969304863486519,1.2902355832963146,0.023624472022376077,1.934316953012504,0.9732854598143488,slouch
34.62,0.0005807660823825244,-0.15285496078590727,-0.3286655675814287,-0.22607513198610035,1.2185644722547235,0.049117166138271315,2.0989636968392293,0.9623580950680303,slouch
34.64,0.05134264866967896,-0.14601711879583565,-0.2971755993364841,-0.2598805052328785,1.2924834679894721,0.04655792078589758,2.1531735651544213,0.8863078319682904,slouch
34.66,0.030506932109720476,-0.17564693095532855,-0.3284717890095988,-0.2303740964676242,1.4180427109015534,0.037479856637549956,2.331807761185483,0.966858843306186,slouch
34.68,0.02400711032171454,-0.14484777396853915,-0.30336434731160433,-0.27041535781355924,1.2143984984608038,0.05507903733505275,2.1289980211275794,0.9338991577153922,slouch
34.7,0.041806374370341515,-0.19352839427122268,-0.3333138762264128,-0.2071731677016051,1.2389707010559177,0.06394670170004944,2.2005461834962974,0.9686362088663182,slouch
34.72,0.038905877864027306,-0.1650613355784378,-0.3027003595175172,-0.29038551026696857,1.3143291399650956,0.020439477528625863,2.1763661221751867,0.9911412028836638,slouch
34.74,-0.025369397020456083,-0.16408247768050407,-0.2776664256991743,-0.19079221483344358,1.266397784752059,0.027105318645000757,2.1445320668731824,1.0538041954406345,slouch
34.76,0.028529190579168823,-0.16720708191388292,-0.3110372103043779,-0.22548499382586193,1.2737683639873114,0.030799702568049803,2.1482775529809444,1.0431124863179306,slouch
34.78,0.0142537616893684,-0.15082938207038699,-0.29749428285087165,-0.2681683490921033,1.4237028868760357,0.014914937842500123,2.1405746391821143,0.9576263958801522,slouch
34.8,0.03962713022631616,-0.18410658853160217,-0.2949054544937338,-0.23489236615380574,1.334312844906925,0.018760553580547967,2.2029799291052434,1.0177904053783005,slouch
34.82,0.03210905135300126,-0.18665567735391927,-0.2981565849286268,-0.25409914046136783,1.2894650561106822,0.013959981432608255,2.1334083973624036,0.9090099727229219,slouch
34.84,0.01790780552071696,-0.157162212072478,-0.30770429767612817,-0.2805981443661751,1.2463534581870115,0.005496747881970743,2.0345082347207266,0.9441697333125509,slouch
34.86,0.03808003534622024,-0.14590916066327894,-0.34081996223981714,-0.2531556136449564,1.3868776371967437,0.025452431516040774,1.9796205500561885,0.9294541881721619,slouch
34.88,0.047339010334350486,-0.15946152872005684,-0.2927673127014467,-0.2248016035040041,1.254012065914321,0.04498579653886692,2.0411245153760618,0.9954052295490409,slouch
34.9,0.005811003735667038,-0.16959012412933483,-0.3224272742688221,-0.27089235404576956,1.4012519634049059,0.04267107277948238,2.1722030146113744,0.8985160835068295,slouch
34.92,0.0009153825821305294,-0.1609735389255373,-0.2754605312263476,-0.25088585292606486,1.299741258680667,0.02654177873871246,2.271486153955768,0.9874493370945889,slouch
34.94,0.024291710176761915,-0.18718324573659026,-0.27370586140437075,-0.18283644762230045,1.2995668010177082,0.02228986051502151,2.066221459945106,0.9419262888586654,slouch
34.96,-0.009974358142575386,-0.169349573750523,-0.2704563447095556,-0.22672577679591302,1.3206708585283609,0.07749172743705485,2.1935088663163835,0.8497339578594257,slouch
34.98,0.042540068158539064,-0.15430048102370916,-0.3110606512905482,-0.28818488101902456,1.2186613894387388,0.0188203393535857,2.153144244558848,1.005235889621011,slouch
35.0,-0.010516980512129728,-0.1816766323242288,-0.31789604953320194,-0.20876251863221393,1.24184754579233,0.07389820840604472,2.0332273221745525,0.9358002952718771,slouch
35.02,0.03366429947990541,-0.18458491494607104,-0.27683114039034407,-0.25547490623303876,1.1927731305430445,0.05270387374215398,2.0626617590326384,0.9772961020838129,slouch
35.04,0.061561578469349815,-0.16258735401868277,-0.32597813353063154,-0.26285428642986536,1.3283256495477958,0.02231318571695077,2.047630747124241,0.994367189084124,slouch
35.06,0.0385667790877338,-0.17473949509900755,-0.27766515690636673,-0.21787619655878654,1.2045044488966938,0.016112505079689754,2.1061115679750158,0.9591583315978551,slouch
35.08,-0.030076397517361162,-0.1422314943782552,-0.3119744446232282,-0.29132058155762697,1.124260790116752,0.03030510810880685,2.0903432294851325,0.9713019645370284,slouch
35.1,-0.028315340720750183,-0.16371449948307315,-0.3168858909347258,-0.24642577757709463,1.255160825713369,0.06344613607168827,2.0888641194918387,0.9254556003501705,slouch
35.12,0.029616749725667597,-0.15785761848609242,-0.25937141141707165,-0.24235853910558933,1.365310783838704,0.019864426268127195,2.068624390808791,0.956866263912676,slouch
35.14,0.018430117536495757,-0.1278955173933084,-0.31907761989425787,-0.21557843429802573,1.3619603458781024,0.0399476439269385,2.2108031881454746,0.9617350330098114,slouch
35.16,0.06485396422315737,-0.1471256469071784,-0.3088592608115057,-0.24754772263865002,1.2516243552518125,0.007863912941014215,2.134231105709098,0.9494072437144958,slouch
35.18,0.019825859019441314,-0.1658657313558671,-0.3191589413770787,-0.26913512062046646,1.342844637977506,0.04918178900992412,2.0317029972602207,0.9928507240277455,slouch
35.2,0.01695115913891455,-0.1521535667623728,-0.2769817262907693,-0.30227421517072056,1.3221534258498757,0.012300822252793444,2.1611016395242033,1.0770879705833658,slouch
35.22,0.017610044229940575,-0.15988345158897266,-0.27513238397381506,-0.24381160513836966,1.3203440921103025,0.04249899967971333,1.9473140754994889,1.0134058973361433,slouch
35.24,0.005325736569979695,-0.1704289440001798,-0.28135525403396605,-0.21817685825331543,1.1461835339097466,0.021395297886058724,2.132834663428963,0.979408096480554,slouch
35.26,0.029128560313417894,-0.20578668274355127,-0.30400084599124383,-0.2630847547212853,1.2425797110617853,0.0402989158375691,2.0558119163482584,0.8889588865102293,slouch
35.28,0.026405641024494095,-0.19495486847056623,-0.3346317023349064,-0.21893418751840737,1.3306947346810227,0.04456137981747512,2.155489930345535,0.92499043461303,slouch
35.3,0.006571444192305452,-0.17201829884173211,-0.29492627585963715,-0.2804106342089858,1.2595487706668973,0.0722631621918307,2.174054545159061,0.9075503937780427,slouch
35.32,-0.01369607951388058,-0.1518762269653152,-0.29162079661340523,-0.22063946121195324,1.1954997699242758,0.06636390611188078,2.193631192177809,1.0134813816322235,slouch
35.34,0.04324600440748017,-0.1750905028194507,-0.31967912016297156,-0.23665950632750393,1.4081803102137387,0.02857295697548794,2.067039354957155,0.9647773700716827,slouch
35.36,0.019535858263778995,-0.1742839206048618,-0.3275584076125946,-0.2781513630094855,1.3806598476659353,0.044272310580374744,2.159167761983536,1.0141115358811619,slouch
35.38,0.005148164053259941,-0.16655824457406598,-0.2966968714864353,-0.2549449707392616,1.3678641956640893,0.029425384001035088,2.1144460849699325,0.896981469336525,slouch
35.4,0.04825365086885334,-0.18910670505089086,-0.2777142127049796,-0.2679420288512118,1.2600245516941198,0.028889698236611576,2.1567111355695925,0.9670917538951508,slouch
35.42,0.05713533503439935,-0.14546956489660695,-0.30650722549631937,-0.23171316114664622,1.2882135019837877,0.031764914965942664,2.1000641382786664,0.9439865545876732,slouch
35.44,0.050734861615757874,-0.1893186614194845,-0.29151931764994604,-0.24314756598312826,1.2327695461610901,0.04537720522663294,2.08288324689112,0.9876990999162077,slouch
35.46,0.039449397768451244,-0.16090590112419748,-0.30635426571395385,-0.22873874158452498,1.181986440727591,0.050957999356058215,2.0669450700047385,0.8347764904708698,slouch
35.48,-0.0031851565686586334,-0.17209687224509485,-0.30234344073767905,-0.29057465554091705,1.350879966906713,0.03124875085503019,1.9908405000028164,0.9347596021054062,slouch
35.5,0.034967447334922575,-0.18477478393519017,-0.2742477574858787,-0.22861277350782405,1.3472821778734396,0.04679024803671314,2.193790195208993,0.9236974198393757,slouch
35.52,-0.018946574651813534,-0.21077993825069782,-0.29250489466192525,-0.2438950994961905,1.3272460141953524,0.04324455136036319,2.071409112874564,1.1020125530621454,slouch
35.54,0.05792012161133615,-0.18403210382993865,-0.32869224496206156,-0.23749256822642978,1.3068160887636469,0.06520363035050501,2.051896705330234,0.901856240744454,slouch
35.56,0.004513901636627534,-0.13132528988144185,-0.29268902399567026,-0.25079191444551185,1.3585699789934058,0.028717278498620966,2.0677720566307123,0.9997544832016589,slouch
35.58,0.02427999500261318,-0.16071245297151002,-0.30887002354524995,-0.23265763556656763,1.1592898964710345,0.020911511004365148,2.0174741459344836,0.9553633584214101,slouch
35.6,0.008306770609028511,-0.1662483530944981,-0.3247112760168089,-0.24252177326726454,1.2859993761920212,0.04681185141298605,1.9236955217598766,0.965917326991797,slouch
35.62,0.0036260047510189575,-0.1592189358157325,-0.3135058160898061,-0.26033676083543394,1.2354384161710599,0.0689832687150064,2.011079777831806,0.9510247763029295,slouch
35.64,0.0485173927998678,-0.15868198362598662,-0.33202138253541286,-0.278914038717738,1.1873613138806203,0.030086090822862413,2.140468674479556,0.8935004483535738,slouch
35.66,0.0019376046024895417,-0.1718456855279125,-0.31426335423605223,-0.248355875644067,1.3736944853024526,0.05049403603194627,2.108066166007051,0.9319758739991866,slouch
35.68,0.038702561675931356,-0.15735010773783448,-0.2714978101119977,-0.20337544162597468,1.2354544381914552,0.06668733419866754,2.2731696910397545,0.9168296192846768,slouch
35.7,-0.005512212103467598,-0.16078302982318038,-0.34858327074785206,-0.26503241244139397,1.3056205355341393,0.05929936661379176,2.0843182805743545,1.0164871772813777,slouch
35.72,0.032628615251865084,-0.18777812345548797,-0.32881156059992,-0.2784290696746037,1.3347753545904557,0.008502252697770994,2.0968795956113544,0.9247305768401155,slouch
35.74,-0.01858075246817655,-0.15993220641575293,-0.2986599632093263,-0.24396388278171385,1.28929772377854,0.031026709503724544,2.1364690539178843,0.9393471646147487,slouch
35.76,0.026382377818060212,-0.18805524080966607,-0.32338307801372385,-0.24562237954622726,1.248091812234575,0.05401479836962784,2.1288606332834807,0.9524051509082444,slouch
35.78,0.047400020220888815,-0.15264068977386044,-0.3193759789906158,-0.2561871857834843,1.1593142520402562,0.016293185850699186,2.142761301844962,0.9535100208316851,slouch
35.8,0.0382760829276086,-0.12545350122820764,-0.31461701838276807,-0.2752630975920401,1.2549462082858567,0.03571514969075994,2.1185085027414563,0.9623384120873693,slouch
35.82,0.016785488201474394,-0.15470737082464903,-0.3239507390262406,-0.24261877357723166,1.3505551124137456,0.06706252488809256,2.086296775799025,0.9966013544197693,slouch
35.84,0.000677185688013279,-0.17034316650616294,-0.29268673935155487,-0.2897754294337427,1.2656762655491112,0.058960969021038874,2.164930966939028,1.0337329605520995,slouch
35.86,0.030639255936828248,-0.1769624612189131,-0.28128367473643334,-0.2166882416263845,1.2885638549287997,0.036477034020228644,2.0666927220793245,0.9981689821048674,slouch
35.88,0.01881046091472771,-0.16192461642350947,-0.28935049222110426,-0.23470891057251028,1.3249614998723642,0.05007862096499551,2.0634385789403713,1.004444562539562,slouch
35.9,0.02777494536332597,-0.15379929812641951,-0.3107633581007232,-0.25775062056767656,1.2877043199170684,0.03836325030156788,2.00540135946413,1.0125382777872103,slouch
35.92,0.019954968052124555,-0.15199799722289647,-0.2588408630437961,-0.2430062327826888,1.3517856823451377,0.04054443649784975,2.0192621557641557,0.9967383879914982,slouch
35.94,-0.013728330823672133,-0.15494205875020756,-0.29621695451339064,-0.2500481304789113,1.2287755899129245,0.03254006519646628,2.1573263346452967,0.9484897269232494,slouch
35.96,0.004230777361586578,-0.15888755185756445,-0.2901893331317069,-0.2526811268218062,1.2897496828599964,0.016807195859453398,2.0643698968337296,0.9087459603014437,slouch
35.98,0.024969949182958234,-0.16476850076584448,-0.29844701688407754,-0.2642266836909722,1.293718948624024,0.038959615575056464,2.2038446495494557,0.9855080967908394,slouch
36.0,4.981722538952288e-05,-0.18109398827459192,-0.3140157031010846,-0.2462760781620378,1.3116293878978127,0.05277487836510072,1.9843940918440206,0.973631161501623,slouch
36.02,0.0010141018440884347,-0.17612198158115724,-0.2842781563677302,-0.22751154461311898,1.1256709619894913,0.04378413979946814,2.171972507549137,1.0072931409698265,slouch
36.04,0.03879725379059623,-0.1620395088129711,-0.31634374885064637,-0.2589052992255482,1.1807193381648735,0.04036262420085966,2.2725033915563597,0.9724198408195218,slouch
36.06,0.02374014385425529,-0.14916855552178201,-0.31091874812142056,-0.2847490509674552,1.2756669471691573,0.03553067802135524,1.8715113351835013,0.9052953658963895,slouch
36.08,0.04489284149389215,-0.16055487474490907,-0.31122009980457643,-0.2608173110581207,1.1942615448912515,0.02969106658876927,2.072533024393373,0.8997687984513446,slouch
36.1,0.05518294003446726,-0.15634634142002374,-0.3138276731963341,-0.2160989383512678,1.3363627027680236,0.0066864188216294584,1.9956235174606691,0.8987275403006577,slouch
36.12,0.011215923833222985,-0.16483656926344284,-0.3046555691978383,-0.20544014820437134,1.3264415030468335,0.06840378492293495,2.1057480441901553,1.0084960971603005,slouch
36.14,0.011812004737845118,-0.1433229212633628,-0.29144474806610216,-0.2279054117447506,1.268195250747883,0.05070150293953738,2.07448344041861,1.0442299453825932,slouch
36.16,0.029696763945635626,-0.14467328844704572,-0.3355462663391608,-0.22942962263953995,1.2384254036002331,0.01943031512633519,2.069191617793937,0.9880642235665543,slouch
36.18,0.07171455078562985,-0.16854229502805348,-0.29540208222752207,-0.23223398768229064,1.3294347931103458,0.044722147759455884,2.072596348782208,1.0594929631901588,slouch
36.2,0.0119634661223904,-0.15111356828992845,-0.31433308708399144,-0.24450595523540125,1.3553838991507328,0.03894826206436733,2.0026305738002694,0.9585069097102761,slouch
36.22,0.042026134842265035,-0.18187834126226632,-0.337017443366908,-0.21156724137867347,1.3957425637221321,0.04089853571297772,2.0204248336440855,0.9222058225124995,slouch
36.24,-0.015157083504117179,-0.1648714269052567,-0.3265638426794453,-0.27431666519373327,1.3399335154306862,0.08755290831229984,2.0289993028894506,0.9283252141833261,slouch
36.26,0.019207864471256306,-0.10555478713196735,-0.3039590933734007,-0.2333811900007198,1.2574499032586,0.06279350328578141,2.0655544386399427,1.0567195526594548,slouch
36.28,0.050799587227138135,-0.1640148655310801,-0.28452209052156474,-0.2934070943896608,1.3254244471981567,0.0012559617021598557,2.1439169608291584,0.8729151282335114,slouch
36.3,0.021264769349462437,-0.15378141055849368,-0.30409916452568386,-0.2468276349213671,1.1858071301935014,0.04127451814303915,2.2051982328014903,0.8895180938500165,slouch
36.32,0.0020823499164951253,-0.20989546844210996,-0.30081681770025653,-0.24418473316502276,1.247150665266394,0.06249312484771532,2.0165539262701526,0.8887136896564949,slouch
36.34,-0.005907090736327518,-0.13347568674361207,-0.29386276045864507,-0.2685742666802947,1.3053637577492512,0.015819315711636833,2.101972529179555,0.905510768071808,slouch
36.36,0.05901694406510842,-0.12133563388506995,-0.32659835127652576,-0.2817873764852123,1.2510094601594954,0.028495107107724144,1.92223674070661,0.9846100326930575,slouch
36.38,0.06466367906203438,-0.1454525489005424,-0.3073062395042732,-0.23252228652105558,1.3283668919661809,0.04443912404776942,2.1673776649810423,0.8949541789763882,slouch
36.4,-0.017339142293047356,-0.1382415665615246,-0.28159766361741634,-0.25813497244091527,1.3256445939561627,0.039166212772756503,2.0347623843814917,0.9920605852275145,slouch
36.42,0.008862534687627058,-0.17340168860143781,-0.3087384326929675,-0.2625162627420287,1.2688055929909636,0.027036236966862807,1.933343065995121,0.8677933834196843,slouch
36.44,0.01993172499518881,-0.1669882531373971,-0.3067653431846181,-0.2536911068923351,1.3865066252711613,0.030301271014780758,2.1352733812274396,0.9600782838695411,slouch
36.46,0.03290433639091692,-0.1955230905603529,-0.2719778393687632,-0.3026566943339653,1.3965669076613845,0.0668426611604322,2.1519645342086364,1.0239205477814342,slouch
36.48,0.04095584079795303,-0.18584016362706438,-0.310909082328013,-0.25629106820865,1.3256996063350877,0.053440039651371916,2.08886893738582,0.9777116643360008,slouch
36.5,0.007063259728889658,-0.16383560419905607,-0.32924152342275925,-0.2774787607338477,1.3787783721861493,0.011487261724818336,2.109686524582452,0.9904446958877301,slouch
36.52,0.05292446493214873,-0.1757676800623119,-0.3464683834969334,-0.25596776876916816,1.3095753504483703,0.006713821557404001,2.15151593661223,0.9093893114760043,slouch
36.54,0.013975513239537453,-0.2121151853191317,-0.2908588809171541,-0.2596232301769414,1.368495189441425,0.054712022978509474,2.0422168659839093,0.9680294397131781,slouch
36.56,0.022690167345257868,-0.14103298109149565,-0.30496958109911526,-0.23489646440580786,1.3475463086352781,0.024219666317032356,2.072810969176288,0.9422553128827434,slouch
36.58,0.023288402459792325,-0.19076311807305077,-0.27118868174231286,-0.24905004545223713,1.2992830511161162,0.04338459818671603,1.897769624772187,0.8638633581477797,slouch
36.6,0.005612860543923985,-0.17011903612288765,-0.3167735511019805,-0.2717535658426018,1.4000971696142235,0.04609301207875017,2.0654732653379897,0.9191558054429619,slouch
36.62,0.00921367294877696,-0.1357717101530225,-0.28724969806444633,-0.20606434937527823,1.161110162202807,0.03966097449050995,2.1886986388944782,0.9491934327168786,slouch
36.64,-0.007452056749534677,-0.1233881127872593,-0.2940034389611827,-0.27906000872649833,1.3307336605785456,0.052125537807343914,2.120092037451217,0.942497127176444,slouch
36.66,0.027595704498177467,-0.14279158498682104,-0.2945723787652524,-0.3072508689327459,1.240404448810114,0.05268430053486314,2.2015452320141886,0.9489599770431444,slouch
36.68,-0.03122806993496893,-0.19012029466657537,-0.29397758636140736,-0.26103824411455556,1.3376432237380271,0.058324667085762984,2.119307830274393,0.9532388847617054,slouch
36.7,0.03643210136983519,-0.160140591801313,-0.33025369241020863,-0.23456636409200582,1.2804814366164656,0.05167924315940109,2.0094164201622027,0.9743448150482221,slouch
36.72,-0.0011577693768204385,-0.1611446753415354,-0.3407511232788496,-0.2732958523242547,1.2398360404472046,0.05305498323639375,1.9302700757553664,1.0669674453950828,slouch
36.74,-0.012717214566781753,-0.1344692710633512,-0.26976498391582066,-0.26065067301896255,1.4126011994285474,0.040680310456166636,1.9837600074371395,0.9005773305874489,slouch
36.76,-0.01328072106842931,-0.16594093656461228,-0.2919149391111613,-0.26174095261238645,1.2983579715805873,0.037892671900371044,2.142512564145307,0.9565045502224568,slouch
36.78,-0.030754858802937095,-0.17554785503732567,-0.31222326797930466,-0.27237455381648623,1.2093246111869194,0.012867916033178602,2.1873667697023116,0.9514112276433505,slouch
36.8,0.04359518314927507,-0.149101568534822,-0.2675306779133946,-0.26926375595784674,1.3484053841921506,0.055057830582650666,2.0597083801339675,0.9432495080964676,slouch
36.82,0.022742041121572874,-0.16997332270622315,-0.3160839248503338,-0.24673125729229395,1.3159082393201675,0.06890999229214599,2.1030430859676765,0.909266284694758,slouch
36.84,0.001969982273410344,-0.17373353175713716,-0.30230133678510546,-0.2592243461245878,1.3690885212312387,0.04823847324220974,2.0925863033814776,0.9720261490284299,slouch
36.86,-0.0028579443515656584,-0.17865879658455955,-0.3330980373997626,-0.2863773594466504,1.3300454496591305,0.04931486878369982,2.1240757588292984,0.9522514488337388,slouch
36.88,0.005331937113460919,-0.1557935732482487,-0.28524693391599276,-0.2445161075904301,1.1859103839172278,0.05216591547154997,2.0401101043611303,1.0097437290480575,slouch
36.9,0.032695647646676824,-0.17011430456453402,-0.296429043828243,-0.2741263290856478,1.182642974795331,0.061005372395048586,2.0973813027533676,0.9256742427785283,slouch
36.92,0.050691549233001336,-0.19666892330395852,-0.27391147522322606,-0.2729262228209873,1.406695603002288,0.056516173135911035,1.9980418381036609,0.9381015528808165,slouch
36.94,0.03676251364217065,-0.16062278314056416,-0.3038184496544497,-0.24495909412835254,1.2722110883445346,0.021501492430576374,2.227952410297437,0.9729734808895304,slouch
36.96,-0.009913454012046258,-0.18845396826652505,-0.30898422651448954,-0.2612485451274445,1.3788164754880576,0.019459888697594803,2.045676185889867,1.0014800446452519,slouch
36.98,0.04727295984239018,-0.166810800115736,-0.25427562385213537,-0.2620396350457858,1.2518727254807223,0.007563227097763811,2.1347200214088846,0.9754373463173143,slouch
37.0,-0.03780779595111033,-0.14608550714026564,-0.319175537593569,-0.24294113943982376,1.2874783864153445,0.020700033003011636,2.013676076060635,1.0982958723711818,slouch
37.02,0.0362403288255475,-0.15717791330398911,-0.2968981001508162,-0.23875466384829142,1.2695658595499553,0.03997334802186309,1.970022499402364,0.9264456134228638,slouch
37.04,0.05095893616656729,-0.12140825192761091,-0.26412285740269187,-0.24583138686319445,1.202924644082718,0.03329030075091013,2.081938375365939,0.9935489556352648,slouch
37.06,-0.006519882860801234,-0.1587568339791997,-0.3291263812306737,-0.2415887316902952,1.1345446939563317,0.0783996208808102,2.209937533524806,1.0283394836777178,slouch
37.08,-0.01955796625960602,-0.1423593814670587,-0.3197100004727615,-0.3076423467662104,1.3214369176377843,0.06603121851846393,2.1633323129087727,0.982937981173329,slouch
37.1,0.05584022707391982,-0.20237383742889758,-0.3034216411205211,-0.2156040840736613,1.2988110619709405,0.011369384685601931,2.067584931515279,0.923532532153142,slouch
37.12,0.04082127541762144,-0.17426304059891906,-0.294566893625052,-0.27474518739059745,1.2802519234979999,0.07792431135173465,2.065215820136026,0.9414534895394088,slouch
37.14,-0.02988738965828051,-0.13301003741243908,-0.3027068247774868,-0.21299475295366557,1.226950969426955,0.03131171057295227,2.070892283157188,0.9370058075966474,slouch
37.16,0.012327345456207943,-0.1677235445529422,-0.33037511061437264,-0.24346917108164534,1.2388934906083386,0.03578339352298459,2.0511784974589977,0.9618202046765486,slouch
37.18,0.0050127406841323306,-0.18380894086084576,-0.26871904517376516,-0.2604875734346797,1.2856773376782726,0.0614625844273443,2.125349351649382,1.0085999800959085,slouch
37.2,0.02915570154123791,-0.17246496207773054,-0.30474203811360745,-0.25030099988107124,1.3913582983334198,0.027925206694167787,2.1465583158624133,0.9895458910088274,slouch
37.22,0.03633239963887904,-0.18495102223375365,-0.2838082289949064,-0.2670776727712225,1.2731618679938492,0.06671548902760686,1.9898584331081524,0.9312105312620825,slouch
37.24,0.03554901105035779,-0.16475583768577623,-0.30846918658165756,-0.20986474098495683,1.3300295650858043,0.05560102145445817,1.949828040719352,1.0642211290794286,slouch
37.26,-0.0001293212838490118,-0.18998276165456446,-0.2853576811124617,-0.2680537937772677,1.2461111037761998,0.07072943610200645,1.9676386561953414,0.8644663360209354,slouch
37.28,0.027782357643122025,-0.147900529929211,-0.31694129352699096,-0.24831015851295246,1.2289351626808573,0.06507878985088486,2.0321426040870416,0.9419690371149839,slouch
37.3,0.047425572484160884,-0.20491375225325936,-0.3261623036440444,-0.2929529559550072,1.2955687115344396,0.05753788632003722,2.0391295954517936,0.9964978881747457,slouch
37.32,0.015299178984926543,-0.18538278205455258,-0.29093894096074613,-0.19993131781016216,1.2826532493344427,0.034620226852055354,2.1611905683562336,0.9679557494495059,slouch
37.34,0.06261826436214257,-0.17134062346979886,-0.2815283495383436,-0.26656084052664036,1.2240868839809653,0.024879854559754194,1.877616571884165,0.9623098246073692,slouch
37.36,0.06676395456981048,-0.17011526693508935,-0.2880960366867953,-0.29079289074375186,1.2530248160699309,0.017527284668721377,2.235666809019964,0.9634364235466094,slouch
37.38,0.04481971122839861,-0.18613506694113005,-0.3126757088681377,-0.260875458638437,1.3395249792042823,0.044095369678844136,2.0961658626416444,0.9261341043591562,slouch
37.4,0.02976433176869312,-0.205204043040535,-0.3367497069126149,-0.22090414895146915,1.300063297705976,0.03489689825939606,2.0906555111778737,0.8560620568447261,slouch
37.42,0.015230754245020017,-0.13682039223606385,-0.2876460602510552,-0.2608068547316342,1.3878586295858513,0.046468376150487226,1.9852516447964679,0.9317463280473711,slouch
37.44,0.04455429467115664,-0.14477563380664463,-0.30796876280997,-0.2677270669210696,1.307708955513819,0.02104190350752925,2.0799696599452324,0.9259187079002585,slouch
37.46,-0.014458992403055452,-0.15254124345398057,-0.34141046033336964,-0.2540398926217945,1.3224465161380785,0.04292225634973626,2.163140941819062,0.98992681260134,slouch
37.48,0.01362468559884209,-0.14059422781522382,-0.2760046559864022,-0.27620051166054077,1.3310832757125166,0.013822190263653198,2.113892148518601,0.9454963749876212,slouch
37.5,0.017371818407172297,-0.13486170954036045,-0.2745948535320073,-0.2317724571201648,1.3550047068483957,0.0521685616857752,2.082641613712289,1.0310837590281252,slouch
37.52,0.0322193769685222,-0.18675150247330072,-0.33020808372011745,-0.29091431598194495,1.3218877872058485,0.055316989063549225,2.15579641834242,0.851455576937164,slouch
37.54,-0.018237529028455646,-0.1363030613956439,-0.25858794115408185,-0.2884858733498254,1.3376980591628245,0.013246905925173578,2.035979131608982,0.9106012160749207,slouch
37.56,0.019383069875371306,-0.16410250897847026,-0.3186909675052406,-0.25075845047332296,1.140508592946773,0.013183388884183507,2.232180742116164,0.909879217070381,slouch
37.58,-0.0008522245948965561,-0.16862888733218792,-0.3230017900829242,-0.25450112044425405,1.3370635667416688,0.025262542915381683,2.103076123450628,0.9160129218999193,slouch
37.6,0.05911590703646446,-0.15319386372982735,-0.28035352212860193,-0.21732152892677017,1.2010750986377883,0.008908987643656779,2.111212613007761,0.9507928590143144,slouch
37.62,0.034578085889284634,-0.17128969065343522,-0.2991445559122217,-0.2145943751914124,1.3228508808920558,0.02544457918762954,2.1073897451360164,0.958648972447119,slouch
37.64,0.03272875164580062,-0.15178255008752564,-0.303214948779444,-0.27959127024982616,1.2763780928212347,0.020710153163532984,2.054749761622915,1.0143737379641942,slouch
37.66,0.012963852078931226,-0.13877843955978764,-0.33237991172733006,-0.21615960989038452,1.4728309120792014,0.05109637654321084,2.171073333919719,0.9794333383662698,slouch
37.68,0.007568649737628964,-0.1648110934123719,-0.2714496899587419,-0.24206875460887328,1.283074966351558,0.03300270193859635,2.0582487274448718,0.9320907308955996,slouch
37.7,-0.0019309175358193898,-0.18435874261008975,-0.3234248685059117,-0.28606158193161946,1.263593186057133,0.006194061197740361,2.0657360881281788,0.9520162800387505,slouch
37.72,0.019649547171898946,-0.16227715026984665,-0.3063482642755741,-0.23781691585222214,1.4851166616682516,0.032935467216908765,2.1229051356697535,0.8965677345117924,slouch
37.74,-0.008159382391870001,-0.14215120376578005,-0.30378701196200686,-0.2586061939484029,1.3256256095932728,0.043015048267173873,2.10536550036931,0.8992746856553209,slouch
37.76,0.0066287898084620295,-0.1355071907879709,-0.3254241844261467,-0.24204102627329308,1.3646117182154436,0.023295675747093163,2.067931386333351,0.9621606253728892,slouch
37.78,0.01973775556585472,-0.1901635074707214,-0.3104905892147939,-0.2992809511564904,1.2763867072611912,0.030439034685802228,2.18394686074359,0.9403657711172951,slouch
37.8,0.007624589439804326,-0.17129934938549912,-0.310083835991849,-0.2748269709087426,1.3695948066226522,0.04535917054784496,2.145525220013732,0.9269225270415159,slouch
37.82,0.009649432712795633,-0.17725711744942813,-0.29276828769110785,-0.26686239144626545,1.280556192045987,0.023299830086082617,2.0981849538921162,1.0101020610140459,slouch
37.84,0.03270793753455998,-0.17904026656374764,-0.34410762433382475,-0.2491690730132425,1.292462667417116,0.04616568285245672,2.179862084435277,0.9399642472588231,slouch
37.86,-0.0140901582790062,-0.16472015335598011,-0.31493523420072705,-0.25584463992153306,1.3742284241343512,0.03488744525312395,2.0582477824862337,0.9243947491529185,slouch
37.88,0.04206031435637711,-0.15790710286741605,-0.33664002244215613,-0.2552141604902132,1.4097753857750774,0.04598576454094293,2.0071462894482885,0.8781610876981638,slouch
37.9,-0.003647465103195331,-0.17513689166599677,-0.3319081740678329,-0.262381852065406,1.2391550856287816,0.03715237972187157,2.149481820423916,0.9010621431087775,slouch
37.92,0.0018774694636979141,-0.17139342855963371,-0.3152733831862933,-0.24224513728092956,1.3080348846749492,0.03937079993990858,2.185248273547838,0.940397374868747,slouch
37.94,0.027064277594823702,-0.17319735653179144,-0.28245322009280066,-0.2411022812695451,1.2841237624794575,0.009282880620821037,2.1494857548639135,0.9069260023569458,slouch
37.96,0.00334651063868519,-0.13356095071776752,-0.297546458685954,-0.23364029972825712,1.2300207320461363,0.06159626686047686,2.190758637929827,1.0060066766125142,slouch
37.98,0.02582712225495284,-0.13414538938826692,-0.3156428955026073,-0.23438537537047718,1.256212139576255,0.06445305262737819,2.048478551555163,0.9008423183607946,slouch
38.0,-0.0012972791281330583,-0.17397535222858307,-0.2882815385129412,-0.24122465334265494,1.2758326152720374,0.046995129553804034,2.1473440633466185,1.1071476790673316,slouch
38.02,0.028728793851037774,-0.1523315768735902,-0.2968180647026546,-0.2410796627291741,1.3731972906890506,0.05444206862163169,2.30729524458194,0.8918496119121436,slouch
38.04,0.0009932359077265574,-0.2043159981751479,-0.29751083502408143,-0.2952504247071767,1.448316073130107,0.036261157068106294,2.0379178429445686,1.0614339138001814,slouch
38.06,0.04161305341163411,-0.1780657277604389,-0.26172755945378323,-0.21579413595394983,1.2550932171281164,0.04163873467846003,2.0670747170794344,1.011538719986041,slouch
38.08,0.040891049712563056,-0.16885736247326041,-0.28246533962879616,-0.25657601116788864,1.4139035690755528,0.000697631081196044,2.1432215134187986,0.9273190440901162,slouch
38.1,0.005051649625523954,-0.148459199182357,-0.3394264218369415,-0.24617496540289474,1.1432235752464155,0.011957183063692539,1.9385288377397774,0.8768241486214658,slouch
38.12,0.028679648053854305,-0.1818836035192617,-0.29861131666893886,-0.22868605008007029,1.3896422412222402,0.01244125525493347,2.225762404787274,0.9587660275359041,slouch
38.14,0.04593777571083902,-0.19015158918110933,-0.3298135551672915,-0.27564283269380824,1.168711180753774,0.014871047948007643,2.105553934612746,0.8344715859241605,slouch
38.16,0.051209118055522515,-0.17383062750003572,-0.29277173028789566,-0.2280302713054828,1.163688675996528,0.00015520597211908795,2.1344389613177612,0.9967230675980909,slouch
38.18,0.012781036420840544,-0.17540322686684873,-0.3322097755618325,-0.24235455455518976,1.392320314489718,0.028735252697056016,2.144563278211434,0.8739617313765751,slouch
38.2,0.042003944024687705,-0.18358918947414538,-0.3230487395992584,-0.27315686287198054,1.2148337901318293,0.04900540048674569,2.2223085781879126,1.0499669445731177,slouch
38.22,0.020260159005925454,-0.17163806451283847,-0.30512941715820924,-0.2729402521216893,1.2797488641482184,0.02477965725710604,2.145541955226294,0.9437748649757272,slouch
38.24,0.04821525946518498,-0.16374137113319004,-0.2965042116456697,-0.23430585490599448,1.4187857062140954,0.06276206919661247,2.083782222296608,0.9211645563199101,slouch
38.26,0.012441286578427314,-0.1794558478199393,-0.31189059653497936,-0.25973363768605,1.2573321817069292,0.06015185529621113,2.053482011398306,0.9427663301544622,slouch
38.28,-0.014450512713486784,-0.169102256647316,-0.32148501086092673,-0.21824215626603208,1.2140610760127164,0.0344330504344506,2.016860182422712,0.8979798272086628,slouch
38.3,0.027522346393921204,-0.15415900984649028,-0.2869773050052963,-0.2543172735470645,1.245108485819919,0.0660318630802813,2.066124165798724,0.9429190277463937,slouch
38.32,0.015184332925770873,-0.16269066358891598,-0.362350746703336,-0.26435656549893805,1.3588841547328727,0.03665824231695483,2.048441391574862,0.979752992083632,slouch
38.34,0.038690147719417964,-0.1684409936368341,-0.3371554760971442,-0.2566751519459064,1.257498598572766,0.07011885359922568,2.056923931558923,0.9303277340277343,slouch
38.36,0.030949304875803964,-0.15579587891072427,-0.30124220581378197,-0.21695898377409734,1.242479856589987,0.04543919392771269,2.0958115870643064,0.9421289491438752,slouch
38.38,0.001694506043084361,-0.1489980646408425,-0.3082356118713536,-0.1957145672754295,1.2655423573681477,0.013981830011633441,2.023475435095505,0.8883774000002691,slouch
38.4,0.02156803909477627,-0.14949894292864863,-0.27429841139324895,-0.27272902552753275,1.254425396299815,0.07548775888494638,2.036661468431939,0.9164704344759909,slouch
38.42,0.010429453267640632,-0.14777664146374295,-0.2633913844285175,-0.2714670363528008,1.3205155659815573,0.06660664466695221,2.015765758795096,0.925350943666344,slouch
38.44,0.04157181799970906,-0.20489720571633033,-0.3042883440956431,-0.2480670813696619,1.3180125665536955,0.04730429934336771,2.1367051200808267,0.9382711326866389,slouch
38.46,0.06073657031904056,-0.15340976359878644,-0.3071269264565288,-0.20683517205052,1.295276865475402,0.02472800646497813,2.0573137230260543,0.9951286627713221,slouch
38.48,0.03460019062587228,-0.15086316794752513,-0.28963351322656455,-0.2486677480855267,1.2988879669961662,0.006804679485160907,2.103657244366743,1.0081478769799226,slouch
38.5,0.01565192716535979,-0.1456330860672397,-0.35771531848306803,-0.25513735555998274,1.2050553747532307,0.02586684151556253,2.228941519717294,0.8741393739991626,slouch
38.52,0.006177647042400787,-0.1558269645799056,-0.2925510489110277,-0.2532745475012788,1.2167754583476054,0.05445141539819048,2.1405537085467823,0.8661948613670385,slouch
38.54,0.05763437051326243,-0.16161305458983935,-0.2987611281280532,-0.1964292122212675,1.2764372227068317,0.026500920169030037,2.0272931563519188,0.9470480851464521,slouch
38.56,0.0646634928068052,-0.13735458951958102,-0.32690477844940086,-0.26537277419268773,1.4965982563268716,0.053001584822525455,2.137544471414703,1.0798050845022134,slouch
38.58,-0.00669758585820401,-0.14085655902333752,-0.28717492107944526,-0.2652159272348136,1.2882960079060268,0.03427901377147648,2.2318238601812035,0.9267201868746596,slouch
38.6,0.059915654998197745,-0.1732131655147275,-0.25309567699917984,-0.2541285048814937,1.370340252369352,0.0599098973645447,2.0556952695203567,0.9455568271449267,slouch
38.62,0.006802068716217904,-0.1346696147576411,-0.3321576734170867,-0.2726833079016045,1.254540413631244,0.04662719060617405,2.1011552392418595,0.8878714191829916,slouch
38.64,0.049727683411260014,-0.1550547777024407,-0.31802814042470534,-0.2592953798520185,1.2760053530548803,0.016036117772944305,2.0437852669186367,0.8945794191281319,slouch
38.66,0.007953070601729038,-0.14966156298400904,-0.30970747557103145,-0.23436222298776338,1.3264241682329658,0.06059709444722192,2.1941053384873697,0.9772561895264071,slouch
38.68,0.03817016664551664,-0.17650290479452027,-0.3042134633590726,-0.19828723500491574,1.1674162181019214,0.06388376977948912,2.016800397201627,0.952592788216067,slouch
38.7,0.05437515395681534,-0.1771745953335348,-0.31726670396442597,-0.2318755717182173,1.1428607820164358,0.03790072774313033,2.056388526156391,0.9436537580034159,slouch
38.72,0.0021059275794329388,-0.17104265632262616,-0.3414878829749521,-0.25344432576913256,1.3146219541972595,0.04027242507428472,2.0939795882503454,1.002219243834076,slouch
38.74,0.018936817349411657,-0.17793942177720182,-0.315196726613989,-0.27414328081383765,1.3980704911455824,0.0,2.0336053474576303,0.9332758030014956,slouch
38.76,0.04856763838937406,-0.18197372192149255,-0.27179309872574886,-0.24774984356549917,1.3842970282774878,0.04092228039606447,2.1924513502763947,0.9270935587424141,slouch
38.78,0.004285094966992966,-0.11759265498963434,-0.29620905517157337,-0.2335076201484343,1.3400097304737633,0.022408577547128883,2.1458741649690953,0.959269627103833,slouch
38.8,0.022012586342559023,-0.1640767786738345,-0.28343796728052756,-0.2688569856745649,1.2616174095215869,0.03518398826646193,2.082005924895053,1.0223684690158175,slouch
38.82,0.013840314403205411,-0.18884559624047448,-0.3080883679818275,-0.2680778386527008,1.297116449873557,0.0346197529859093,2.0007613227760066,0.9208250889649954,slouch
38.84,0.014422559545185488,-0.16114032894186536,-0.24981971916075923,-0.2469330724655728,1.3173898191782496,0.03920941466076161,1.9696939763860652,0.8991947943749589,slouch
38.86,0.04726139269413724,-0.16562210723307713,-0.31161354295081817,-0.2659421006437217,1.3415852004130604,0.045093704944848496,2.177864279888039,0.9264348182934009,slouch
38.88,0.02584953178787373,-0.19052924070413726,-0.29887132343825085,-0.29504260804483085,1.232600399907351,0.045402607681050554,2.1763276374683485,0.9576265484787473,slouch
38.9,0.07984177467608375,-0.17341467135071642,-0.3134184377627382,-0.24579000689198974,1.408703521242362,0.05972654742055537,2.2548310175779496,0.8978697846509587,slouch
38.92,0.038843354872146435,-0.1863805162033682,-0.3290268125799462,-0.2754796339337922,1.3527881532316985,0.043243260459345935,2.1659313384810006,0.9009129280246791,slouch
38.94,0.01342290987576131,-0.15681710857082348,-0.29971332295157116,-0.22467470426887365,1.3039830707867952,0.04116071064926171,2.210687043876218,0.9819032474562235,slouch
38.96,-0.0133722915286665,-0.14449901727675826,-0.2674060002551957,-0.24745956837069943,1.3769414691861348,0.02935871158786319,2.1779488892448837,0.9130737499753485,slouch
38.98,0.04377895318322875,-0.15186915251710806,-0.3127164279837948,-0.23244238509978127,1.380786393879008,0.04113333802507166,2.1667204289041,1.0167589723084307,slouch
39.0,-0.0020198697879467626,-0.13557291325785606,-0.2970996813628408,-0.28297678376542806,1.274882387887681,0.062131115289132705,2.0384656704291024,1.003451168391549,slouch
39.02,0.004394833950949429,-0.14409705973903963,-0.3319258197432252,-0.23678087531905373,1.363645467635279,0.016995144223160095,2.2744739422081928,0.8705669907638236,slouch
39.04,0.00037271452410426385,-0.18276578408255964,-0.28258746183086003,-0.2620011243005738,1.2526984757412187,0.07830432617933371,2.0429825964457637,0.934255356083699,slouch
39.06,0.019577374085828193,-0.17480109028183824,-0.3497606060898433,-0.2791275038469838,1.2985250651185365,0.031974374614376015,1.9870562346765173,0.9639769773351635,slouch
39.08,0.052336241987499386,-0.15806114132894045,-0.3242434263365323,-0.2465116687826813,1.226292355145451,0.028190717822883633,2.1158296603846543,0.9181054315231149,slouch
39.1,0.07034559788220246,-0.17357550008059333,-0.2894925345277731,-0.24275424636013482,1.339551005964601,0.026481782571577905,2.0823444455881184,1.0015400681379996,slouch
39.12,0.01704110782136426,-0.18185790274802435,-0.3535232653959026,-0.2527482327901034,1.3217695065362,0.038660778286104334,2.0448701675046173,1.0261297324358525,slouch
39.14,0.013258849078647265,-0.14995985266020917,-0.2914421756968317,-0.2745710014570512,1.338329796944832,0.011544393321001732,2.054071106153962,0.9413150079927661,slouch
39.16,0.023520707379628178,-0.17507427631646902,-0.3219347067153158,-0.2189615478466819,1.4648497153356976,0.030158449874715394,2.0698157577262695,0.9342453913758838,slouch
39.18,0.02941179548399904,-0.1706073526394485,-0.3027402455229366,-0.23060818509313827,1.311119450997314,0.0607000386245362,2.05778155314088,0.9145373521045083,slouch
39.2,0.06649268467212695,-0.16120471921421403,-0.311613431709316,-0.2129389891002275,1.4266397253583667,0.05664855373429373,2.102881769395423,0.9482980307902095,slouch
39.22,0.022317908410668472,-0.17037299018457827,-0.32983644281505753,-0.2917508049490199,1.303098130751216,0.028262586118187372,1.9495024565815853,0.9583188595766382,slouch
39.24,0.08017679920503414,-0.1453641829024804,-0.2910933206373155,-0.24948496037201018,1.3336209298340136,0.06854823724565666,2.1993222772256833,1.029650584923287,slouch
39.26,-0.024687545434226816,-0.1409636928337309,-0.2759429089720137,-0.2512852295599192,1.147074011932964,0.04994135836622242,2.1197445915539372,0.9731657021258315,slouch
39.28,0.05342742319798142,-0.19928994186359494,-0.32431312754704716,-0.27334946398747767,1.2092819069546343,0.049291651006886615,2.1278390739830026,0.952034827826682,slouch
39.3,0.008341012402746938,-0.15236960558835932,-0.2980259414993891,-0.2859489340452689,1.245125694995723,0.012645588008628583,2.1487601265870597,0.9280515020220201,slouch
39.32,-0.02547156703620968,-0.1117677407394961,-0.32495633601099577,-0.2530145578317993,1.2590864167158853,0.011062964707127346,2.1574274576895256,0.9126930832223792,slouch
39.34,0.026557424797646986,-0.15698253726819997,-0.32011277276363603,-0.24308972852946403,1.3513503021628899,0.06292409118117448,2.0328858280778257,0.970747822102977,slouch
39.36,0.00304677595914427,-0.18989617654537289,-0.3067173991059045,-0.2530460453453053,1.378568435942267,0.032266699223878294,2.025923486803136,0.9126464599769981,slouch
39.38,0.008685796918352522,-0.141180047072506,-0.3203820030574248,-0.26869919053114577,1.3118913307488498,0.035960497735059445,2.1120291163712386,0.9829666263547641,slouch
39.4,0.042251489870269034,-0.17083442234291957,-0.274573645777018,-0.2376792427128831,1.423559173361013,0.04222667992121171,2.1007918126027514,0.9756948702409538,slouch
39.42,0.0016425937657452943,-0.14440805838146145,-0.26581811661831206,-0.2595391126741303,1.26364616144884,0.04100497520216042,2.0865732050547043,0.9531919454954704,slouch
39.44,0.015821614333211033,-0.19510407072779323,-0.29322007128412314,-0.2129519818472015,1.3590384085561158,0.055543926234688755,2.0297589459922314,0.9207819786531426,slouch
39.46,0.016211040568474264,-0.17651669720809593,-0.30139512113533445,-0.21013581922165236,1.3206720279499224,0.04408822011991438,2.065266155042073,0.9226912992759191,slouch
39.48,0.03135534274259333,-0.16210681561252893,-0.2966370160917916,-0.25271854666328625,1.4043215733166727,0.04188735408259605,2.1564827552961403,0.9321455395931892,slouch
39.5,0.07543024764680943,-0.19365070331401554,-0.30269524144987126,-0.24145556607493537,1.2558033061816112,0.029354093240461298,2.0377741531457287,0.986369362574246,slouch
39.52,0.04113292905062384,-0.15887767129476754,-0.29899917613236965,-0.276789227557823,1.3444031719932885,0.03145373096866024,2.168391174516093,0.9322177012290447,slouch
39.54,0.006638336571798969,-0.17380088279508443,-0.29926283034558615,-0.2562166927708354,1.2580121927667078,0.03565147658276179,2.0459441324506766,0.9119693298280324,slouch
39.56,-0.034365354573264166,-0.15921889474316103,-0.2985409305973339,-0.28421387786515084,1.3171928411207692,0.027114329647590762,2.312899249538783,0.8987754191057777,slouch
39.58,-0.011207460900194002,-0.1628400749531769,-0.30039059152395753,-0.29678069368016624,1.407851786530877,0.07679668578695518,2.134687131471928,0.8638232241443695,slouch
39.6,0.015610202041029258,-0.16277737868104492,-0.3259526881660889,-0.20966237288573986,1.366563133317178,0.03691922082156184,1.9664026678735347,0.9871244215707201,slouch
39.62,0.01749561545828101,-0.2073026342423782,-0.2996153376767505,-0.2438943341523479,1.3450456791294918,0.03154438732003708,2.1064395465708996,0.8583579893897232,slouch
39.64,0.0315730403363097,-0.16490767679521892,-0.3108851935707765,-0.24324937668365124,1.3911378117296407,0.01548625430046669,2.059417625453031,0.9243846954559464,slouch
39.66,0.011935019903879617,-0.17505549904904372,-0.3069667255859034,-0.23350905276479364,1.3361462505288213,0.04651728576417774,2.0591954909424723,0.9467651873509259,slouch
39.68,0.0508827912802913,-0.19091037759221446,-0.3078233468986187,-0.26471841067896373,1.3213285866842133,0.05416420914755397,2.019040472812374,0.9402528361277236,slouch
39.7,-0.016166134743673823,-0.14852049475868795,-0.3274527175554231,-0.26950693776644163,1.287343632387585,0.017385668019139686,2.182666918069767,0.8628257862644283,slouch
39.72,0.03221869755753625,-0.14552130710634534,-0.2897458236682343,-0.2818757587145475,1.3521528935610645,0.02602694910377245,2.0696518794249195,0.9891177091699472,slouch
39.74,0.05012686048010871,-0.14745260129275806,-0.2733777638657462,-0.22783955173714246,1.357141449859727,0.04125765042230263,2.0714845169710308,0.9440837825936977,slouch
39.76,0.05425544545233296,-0.15746386757314013,-0.2788250833511823,-0.24312055669107158,1.2733695846891595,0.056932360706660065,2.2191608390454136,0.893976090880987,slouch
39.78,-0.02840239548444949,-0.16734117522707767,-0.3254239522695153,-0.233701473135494,1.1875364894507505,0.029075087011357664,2.085128545636393,0.9186939230970771,slouch
39.8,0.018979648967240543,-0.16758998397983357,-0.3053020053988203,-0.26203268921666545,1.339662696168257,0.039088930238062466,2.0364844939501,0.9647836836944969,slouch
39.82,0.03530986675448069,-0.12648089543051313,-0.31355557697425945,-0.22517318464303582,1.37347283526117,0.013323652981871716,2.139856058618317,0.9382876248882649,slouch
39.84,0.03747233749414528,-0.16569179865976325,-0.31419085668640184,-0.2660101888281682,1.3035980349225964,0.05996360714321027,1.9987480817960497,0.9086941780759914,slouch
39.86,0.04479247547059727,-0.17288828801247863,-0.3265020507166901,-0.2294014797662174,1.2770966948184845,0.06545155752063045,1.9786903085301841,0.9177265205312404,slouch
39.88,0.040979652219368744,-0.20045655703983695,-0.28515917381394423,-0.23659500168283434,1.3794659559868432,0.043330555529194355,2.133145108002229,0.9207170687266166,slouch
39.9,0.02073251399472941,-0.18143972317777307,-0.30726754661692895,-0.25454249551735986,1.4742111481487412,0.05857177598299768,2.2090838042732166,0.9909162969582848,slouch
39.92,0.017356717453482443,-0.14846671984111845,-0.33531057795599095,-0.252324881489002,1.3173059418994535,0.05146574998133846,2.024812433024891,0.9006617254341162,slouch
39.94,0.028218090830266853,-0.18461932384056995,-0.31166173595270485,-0.2397186983645493,1.261730071200683,0.048179487826349655,2.155244907237391,0.9515161605116864,slouch
39.96,0.011192488496666845,-0.18484857509823827,-0.33866344672261517,-0.25111219692737624,1.2624241876704256,0.03171736961122036,2.045824093939813,0.9087441809972852,slouch
39.98,0.006225698396224289,-0.15280731383978396,-0.33482700198213833,-0.24622810904486786,1.3859720305376935,0.0475845197449973,2.212083394196535,0.8881349651978269,slouch
40.0,-0.00022881764863396628,-0.15248024150170528,-0.29845386402059076,-0.2401658069290826,1.2109998384306333,0.042625677070536536,2.0455792607939625,0.9664165959015069,slouch
40.02,-0.04068122186007506,-0.1630969744314601,-0.296967391620924,-0.27693918418244184,1.2830756298302703,0.06304609336067286,2.1033759330475443,0.9520186309552896,slouch
40.04,0.039389070399111416,-0.17619759531536294,-0.2756927652180795,-0.24435071398568467,1.3510588383601139,0.03209024186999484,2.0812823111766483,0.9460064736605717,slouch
40.06,0.005923393606912296,-0.1474857544435555,-0.3232021041096774,-0.24616118970688397,1.3580200985008106,0.01617826170161291,2.1640177978318498,0.9761969578323003,slouch
40.08,0.018391349241396092,-0.17652161385804607,-0.33120791119131876,-0.235835166440286,1.3060964291227615,0.03565426325051029,2.022874378745312,0.9463035385898915,slouch
40.1,0.04378508830962408,-0.15234525139261962,-0.3196055831359538,-0.2473225041725212,1.298791951804393,0.026393786454821624,2.0241258848496964,1.0043377958735857,slouch
40.12,0.02737684669938455,-0.15753820068844457,-0.34967325406630023,-0.25331434562707406,1.3193264223122387,0.06977664102713976,2.0206376848320797,1.0007263254250132,slouch
40.14,0.053661511760962885,-0.18248864319253222,-0.32854960813980577,-0.24866434681385405,1.3295648943964185,0.07020869494416561,2.11387490539182,0.8776566531705128,slouch
40.16,0.04647398926790712,-0.18261478018925667,-0.284773346272453,-0.2513794755791411,1.2757615584504056,0.041756968107448555,2.1447467970489087,0.9871173961174827,slouch
40.18,0.016979801733882183,-0.16338629808549593,-0.286887035871531,-0.25187225660554874,1.2544299967173531,0.019180585923805674,2.2114875646901497,1.00187418627873,slouch
40.2,0.002284141408934126,-0.15872880274767298,-0.3541040292845245,-0.2779452685956496,1.3770941035807294,0.03754477881843158,2.1671331792722737,0.8551286559815017,slouch
40.22,0.02150499803253648,-0.12613473147789941,-0.28474947514046917,-0.21301124541219296,1.340861804970237,0.0490457178364843,2.167368595632715,0.8822299082899747,slouch
40.24,0.005753612652869462,-0.19610216904298003,-0.3167225022927919,-0.2622191777921974,1.3404663558526226,0.06528255880744485,2.2387144659338043,0.9758408095119202,slouch
40.26,0.011999754690957409,-0.17790332379932974,-0.28594060756206674,-0.23545763822160376,1.2215291962911023,0.01455995309907924,2.1153749349288926,0.8896477422731965,slouch
40.28,0.030090608027674492,-0.1374150606245621,-0.28352575724011037,-0.28348675165472625,1.426141643659869,0.037471225613886744,2.089943285162289,0.9181693874253665,slouch
40.3,0.06325930965197916,-0.16167260491934632,-0.3080230943819029,-0.24322070482253036,1.3056695918938868,0.03710089689505667,2.1156497476782516,1.0135956033176168,slouch
40.32,-0.002258511927776164,-0.19550060588905677,-0.3151925755575637,-0.28649345683479244,1.3450126443810555,0.026107635508547295,2.1452249229660247,0.8781330883691484,slouch
40.34,0.011770951630695354,-0.15213825452271076,-0.30819816248931475,-0.24251981542696263,1.2243819852305604,0.03695115217406316,2.073592725099221,1.0079525231325586,slouch
40.36,0.026486684957898722,-0.14065197255598302,-0.3063386779310134,-0.2302566863476352,1.2575213780720518,0.05954606919075534,2.1542874463681696,0.909043957647614,slouch
40.38,0.01923838686883259,-0.20879503915550052,-0.29385628591369667,-0.24284132022316685,1.3430671037891275,0.02803641618610007,2.342966350619026,0.9630856734667353,slouch
40.4,0.0035171429214582613,-0.16210067305812942,-0.2645556430043953,-0.22913764066428774,1.3512648676952763,0.03937466533029649,2.108681167998303,0.902618218906616,slouch
40.42,0.04760316643105646,-0.18934647280134953,-0.301282116761855,-0.23081503478060095,1.2474747465042093,0.05183084556210505,2.1490569805541293,0.9497704936371442,slouch
40.44,-0.0005724874331981896,-0.2037105426412449,-0.325410001976813,-0.2146081953780483,1.3353349075802077,0.05463454321534384,2.1145784751052457,0.9759184452223746,slouch
40.46,0.010144160797039439,-0.1649776598382396,-0.2932780597918915,-0.25932243906558544,1.3216841460454025,0.0,2.069599385501169,1.0198734326721959,slouch
40.48,0.043660728564515756,-0.1386022346849051,-0.3325225341877496,-0.22289967671189806,1.3329035452311968,0.06178723862723203,2.0154223311363317,0.9817062060070781,slouch
40.5,0.002172076341251299,-0.1376443140740988,-0.32866384347510785,-0.28268852175740017,1.3546489655883744,0.0,2.0385171299250096,0.9362056948450677,slouch
40.52,0.02051548244129063,-0.1843799924915898,-0.28043383869352334,-0.2150219433225925,1.3792609574692787,0.029220961286471336,2.09477230989484,0.9799167523090725,slouch
40.54,0.005608321673298013,-0.14115760900276114,-0.3044099779395734,-0.1990101401998192,1.3800310994327827,0.04001444561117547,2.064198013524632,1.018549974026134,slouch
40.56,0.007147108786488471,-0.16976820097968612,-0.25458116337116005,-0.2534691637464294,1.281248388259195,0.02437901260822031,2.1451256340002294,0.9809536826205068,slouch
40.58,0.006971312474378341,-0.17364856253238042,-0.35186849122577263,-0.22694740618927903,1.341163329792995,0.04520417973900017,2.0884236209033507,0.9079233657103343,slouch
40.6,0.03005330955659164,-0.15276980267661275,-0.29843302436957025,-0.25817518876601286,1.3237156306760318,0.025027343341727827,2.232432545213985,0.9890863018561225,slouch
40.62,0.012689426204186392,-0.16182782481227836,-0.28765037537072785,-0.2657057399919257,1.2274617135658188,0.044213901617998756,2.032961827663926,1.0192490599089832,slouch
40.64,0.005142434554300466,-0.19166495274492962,-0.29118117477064503,-0.23331058611438368,1.4256357613666792,0.03744933981602611,2.3024598685443687,0.9369752665605083,slouch
40.66,0.0560813355427213,-0.19689260423783855,-0.3098697570704559,-0.22136982579064146,1.2104431337800647,0.050143023587889135,2.1052860709221037,1.0024083127339496,slouch
40.68,0.01517481706332443,-0.13112625803506406,-0.2653529276616225,-0.25147053116208523,1.3116229006451354,0.026453652793830378,2.135158375085292,0.9658740298099885,slouch
40.7,0.01945086003201554,-0.1443664384889718,-0.27552954867660634,-0.2680932018663113,1.3375122210643293,0.02866881373119315,2.01941706174851,0.7927112878073955,slouch
40.72,0.05712846142320504,-0.17262908028121549,-0.3313608930442236,-0.25656758084423803,1.2902292235731487,0.05023909321103031,2.0849481866294877,1.037258910942729,slouch
40.74,0.054160357987333846,-0.16932165213580594,-0.3217097612502676,-0.24296696450564054,1.2265285891466007,0.0,2.1386738602398947,0.9229012059131414,slouch
40.76,0.05702994575982013,-0.15864173456824499,-0.30228693337318874,-0.24320485121309812,1.2588780785905256,0.024074777713324547,1.9864553230240798,0.9313429636765546,slouch
40.78,0.023467286721455902,-0.1903369346060813,-0.26643868557395417,-0.2548543926562195,1.4463224786706164,0.06066548154140677,2.094777561994791,0.9801761500059103,slouch
40.8,0.05810803723942751,-0.1744524628853578,-0.28732457253585353,-0.22786766205748749,1.3471535981234364,0.011599209168951132,2.125351986320613,0.9513135588961124,slouch
40.82,0.03550520280950402,-0.11496426201809691,-0.2645903340803708,-0.2777174127106579,1.333844872808139,0.03466109862249131,1.9994394267406177,1.0086526552468855,slouch
40.84,0.019998809925582464,-0.1873341971412365,-0.2806946152292061,-0.20314759690100562,1.1604920875614024,0.042365112958390246,2.174595556774424,0.9931869358383383,slouch
40.86,0.0082748992783879,-0.17418626274159757,-0.2696704173204852,-0.27953131831435185,1.2016915283061458,0.0,2.022211973201615,0.9437789966329019,slouch
40.88,0.03523972397007666,-0.1548908993291984,-0.34346648558878917,-0.24980681375844246,1.2299554534444495,0.0299869443519743,2.033197978991739,0.9494630759785313,slouch
40.9,0.02151090101384191,-0.19442281794243288,-0.31436242973616185,-0.17058277590089316,1.3527321694398666,0.049534536196424554,2.2137342007700416,0.9691489549553247,slouch
40.92,0.04517579323078301,-0.13451142813262734,-0.29140975122638,-0.2637716837989748,1.312728613665834,0.07086519947226048,2.133193708668532,0.9079207239823998,slouch
40.94,-0.02870089401150732,-0.1792407042184606,-0.3116900056242271,-0.2521545607152691,1.208131540136553,0.027503116004190576,2.035043985487983,0.9410113476773617,slouch
40.96,0.05089504071772415,-0.15638042732317242,-0.3136507511612535,-0.2286588868207219,1.1819896847822682,0.015114555055455385,2.012558149354422,0.9474782494347558,slouch
40.98,0.05189334213962473,-0.16275966130838315,-0.27843317275874624,-0.26572452672935953,1.1331031813851145,0.05666649449551509,2.0445138511056005,0.9628863014439859,slouch
41.0,0.03578139137700439,-0.1524615074753788,-0.3287278173290357,-0.24955336574519957,1.329338382728786,0.05271467033034209,2.114594800204084,0.9543252162060304,slouch
41.02,0.03154387495970427,-0.14311424970843797,-0.3314620720412771,-0.2535730387682371,1.3195969739174502,0.007174741320862314,2.176092963868179,0.9400285042919271,slouch
41.04,0.04167484819305462,-0.1724039110312282,-0.3141938303664387,-0.21674939198704515,1.34291893789937,0.0,2.124720196023523,0.9489867425816898,slouch
41.06,0.029466423078882104,-0.1359571697767933,-0.288812988410221,-0.25700101905860184,1.2260156668957727,0.030514744036016332,2.0426631743946015,0.987772044055145,slouch
41.08,0.05918193874208348,-0.19617115287040285,-0.3118455280437461,-0.22062433352847682,1.3580429452201201,0.025589649657571142,2.0969226172296715,1.0396774245036646,slouch
41.1,0.03141643744839071,-0.14959186605106764,-0.26793083097718656,-0.23666232057385544,1.2874219802288576,0.07626667543236502,2.113727581410906,0.884284757949679,slouch
41.12,0.030193944195571643,-0.13837255069994658,-0.2980792795819643,-0.2706575461686095,1.282602743190862,0.03133826696087912,2.1947835933587703,0.9717048510127287,slouch
41.14,0.0023980106924630655,-0.19401272582057097,-0.35013360230105905,-0.26607411193964087,1.3622702795630677,0.021403766820895582,2.1229764453210267,1.0389540919072726,slouch
41.16,0.04077902011658683,-0.1507347255604032,-0.29087298007808843,-0.2778146932520224,1.2939498070854154,0.04656814974311962,1.9090620088866173,1.0210099140066713,slouch
41.18,0.08068021511586804,-0.17786787830483083,-0.23431579890294624,-0.27471851098392064,1.3863912234837288,0.0,2.1709560799662473,0.9308216197987881,slouch
41.2,0.0331366760192046,-0.17453592185217415,-0.3167532109473033,-0.26425536957456625,1.1631060128159478,0.04936721125641551,2.1064201282741295,0.9121346392416352,slouch
41.22,0.025193929321467915,-0.14663446712128841,-0.31517773128341836,-0.26168833986988127,1.3384592754089464,0.03483668769226959,2.162203297793564,0.8847465735447733,slouch
41.24,0.025568269734997515,-0.19392322287527203,-0.28552940645077335,-0.22545446911128786,1.365715938338295,0.036065726315498696,2.157744790876281,1.0455434047208652,slouch
41.26,0.025335073848704766,-0.14275030417412635,-0.34578488627361537,-0.2482543267583436,1.3959001623407832,0.030558426222858415,2.1169302397027434,0.9048340665108182,slouch
41.28,0.05271404439009653,-0.13625162224628776,-0.33179374364844555,-0.2342160987847657,1.2882471722627498,0.045724893958478695,1.9858247311652262,0.9380588646443432,slouch
41.3,0.005509106493562451,-0.14058412789698987,-0.28007414994928514,-0.2690953139806157,1.3461905556480258,0.05232307374151755,2.036875732476489,0.9661321087093748,slouch
41.32,0.03428189225813536,-0.16017771328508357,-0.3090389034079661,-0.26451367487200134,1.2965959427760783,0.0310866953656379,2.1930862206669217,0.9989295641696376,slouch
41.34,0.016701230232701453,-0.14124563822349787,-0.3296383501798267,-0.25916724891817733,1.2679359284467704,0.08141332189487381,2.1050354763428523,0.9506166864143858,slouch
41.36,-0.0007040942669238409,-0.1827647918854205,-0.3032036759675906,-0.25717729787874305,1.368755242074606,0.023014781344443846,2.1070967331436967,1.0131296191752968,slouch
41.38,0.032024171207644524,-0.15417547231248907,-0.2862019831177352,-0.25577105288003066,1.3774623197123321,0.026882631186201073,2.038647784919088,1.0118186492201806,slouch
41.4,0.045059475866754094,-0.1734612452384824,-0.3584309607706998,-0.26695620021838923,1.2817561342666586,0.02524758959812048,2.1684374472806955,0.9474867676275308,slouch
41.42,-0.030429246848309298,-0.15994346294692743,-0.27059189803947564,-0.2790503255383585,1.1440834127508541,0.035439083115482536,2.115943934904491,0.9533562943278617,slouch
41.44,0.029707452850777208,-0.15931682426799249,-0.2786597634564374,-0.26471268481543825,1.35211214785508,0.05541185166711058,2.1383261425696576,0.9480953042428002,slouch
41.46,0.017815384237887883,-0.13401672525208597,-0.3057066720215756,-0.25728797274167825,1.2713364892330459,0.054389424517255515,2.1020342250183646,0.9456721702018782,slouch
41.48,0.043685342957749486,-0.1506683410612223,-0.29117053293576806,-0.2540837798965797,1.3234624660099437,0.01732914259889316,1.9917343245644117,0.9135509886305768,slouch
41.5,0.051057384419687796,-0.12973925997218916,-0.2935400129684219,-0.23912074766410063,1.239311067137729,0.05571056185680582,2.022646360833804,0.9391749503767152,slouch
41.52,0.04708309996090272,-0.16938824073607256,-0.30431064371266725,-0.24990251888830647,1.3628512483907351,0.06743997375606589,2.0305954068195637,1.0403898264359486,slouch
41.54,0.055040668117842,-0.16772638974157375,-0.25575731379525807,-0.24168363454607816,1.3075050008327702,0.0400216537773392,1.9507985310638296,0.9827161699731649,slouch
41.56,0.023659628584887907,-0.14939641887992852,-0.3107702369506055,-0.24198187313279226,1.128497234370585,0.03125428726858627,2.021227459402834,1.0036491119405078,slouch
41.58,0.0588059713469732,-0.13716850191769533,-0.3248319554513263,-0.2390404456252914,1.2913049114077673,0.033672761838969334,2.1781903444941144,0.9348894236788594,slouch
41.6,0.009470538370610897,-0.177110798355032,-0.32580375935539146,-0.24926394144755468,1.3780909899232132,0.04251422331426999,2.01819719387946,0.9461694535908649,slouch
41.62,0.05224647717309505,-0.13304910128372624,-0.3153717743114445,-0.2506204875386818,1.2285519642148661,0.05579722780015722,2.157883578735206,0.9552739751931312,slouch
41.64,0.04107649140481664,-0.15897380759360552,-0.29720061044859036,-0.25934441164617333,1.3284828105125766,0.040281461059945824,2.062059446866955,0.9523184942831419,slouch
41.66,0.04299832381715305,-0.15899836634550082,-0.29236569121601147,-0.2328628954215218,1.2467119488562297,0.04484267464676608,2.09535360694018,0.936141933324423,slouch
41.68,0.022320909308244527,-0.1672829675179079,-0.3026892336861906,-0.28169592029801377,1.240539823930825,0.05951938158660752,2.195024580834896,0.9902973218656591,slouch
41.7,0.026811876903288564,-0.17522678529308713,-0.2908102261471383,-0.2337506838809079,1.3679578237424532,0.032738848675390245,2.119597316903095,0.9526134909591991,slouch
41.72,0.0018893717374682886,-0.1418218193345791,-0.32667343671515325,-0.20997210166749875,1.2607194262082566,0.035737917014829694,2.2389910890371163,0.9572073070521642,slouch
41.74,0.034624918140668794,-0.18019502744125845,-0.30057458652760866,-0.26111730477992223,1.3208525030998375,0.04592833666557538,2.0870552631363366,0.9519979358839116,slouch
41.76,0.016054829154759524,-0.16352015652837457,-0.3172741554654833,-0.28890692258134004,1.2706533018113624,0.03227220172993465,2.1045536418725135,0.952950946731148,slouch
41.78,0.028557797833912404,-0.17260309583151792,-0.28465148788781525,-0.2648161307706452,1.2769625829680276,0.017703303070984992,2.1225458075780574,0.9549121312382906,slouch
41.8,0.01306354619517916,-0.18066913622766448,-0.28026242454791334,-0.26905531697233537,1.260896441014658,0.048868433164589296,2.206500060893431,0.9482387919124641,slouch
41.82,0.060043862205426526,-0.14984613744663589,-0.29165202356886094,-0.23718884891863487,1.3226447657627822,0.04508661867760438,1.86382241745389,0.941026851967093,slouch
41.84,-0.006944114120404637,-0.1330432293420745,-0.31116305005150413,-0.23566668943479427,1.2649973809330124,0.04449941949519694,2.1742913377297612,0.9836519116239575,slouch
41.86,-0.013941151320856823,-0.17374903125819782,-0.3128670756694624,-0.2388638374112766,1.3411640297739515,0.039994123428194604,2.063854920389908,1.0879688956913043,slouch
41.88,0.02436914990639645,-0.16516049154104157,-0.2973288992057761,-0.2523137345162973,1.3556017668249642,0.02350963127677275,1.988706179489309,0.924237549676487,slouch
41.9,0.01877559520796095,-0.19043893323459607,-0.30945453418756425,-0.21315919991934038,1.2925721477086134,0.029648260783332936,2.1828853841707416,0.9128286304179545,slouch
41.92,0.03678398048189675,-0.18997603909722457,-0.3335671751895204,-0.2601350596420919,1.2744986499120945,0.04112037650118374,2.116980047211236,0.9272155557025954,slouch
41.94,0.023620715474757657,-0.14097176039905132,-0.2896397720701115,-0.2294476891312694,1.305520861432266,0.04560003648567991,2.16791271783372,0.8678575868346493,slouch
41.96,0.03266605240808572,-0.14076883085789335,-0.30418693187090035,-0.24090710723728598,1.4544046555442995,0.04025224143292445,1.9674611399155595,0.9726195931356351,slouch
41.98,0.006514922370331119,-0.19133597604917657,-0.2760216926781539,-0.24796072984117865,1.2868892049885456,0.05468278080271438,2.1688002533149757,0.9085350686619087,slouch
42.0,-0.012326219431503308,-0.1594460641663431,-0.27957320586214257,-0.2784263974250192,1.2768761490992524,0.03478609032750983,2.25529728243491,0.9759874759844731,slouch
42.02,0.0539558377055106,-0.1659869274871286,-0.262461321378452,-0.25094515942495593,1.2365974676185032,0.03237262436844231,2.087677528176135,0.9123316935233942,slouch
42.04,0.04516296715934645,-0.17734871920380546,-0.2709303752159676,-0.2212900939311609,1.3057751351453342,0.024484649311200587,2.0409777781906984,0.9075980098741366,slouch
42.06,0.039301099216738127,-0.11918544005443363,-0.3428314738882998,-0.2538832163649028,1.3299302662675085,0.048740524405210824,2.1733783783159493,0.8811798796508071,slouch
42.08,-0.01779294352326815,-0.1466721862050673,-0.31212917953639857,-0.22532743000425337,1.3041771937012208,0.016639197360026996,2.1935920002854083,0.9661387198017077,slouch
42.1,0.015867260851731853,-0.17238936163902846,-0.29682874416132443,-0.22838672174209623,1.2465849696957754,0.005165625763903954,2.065127291458843,0.9259063004750171,slouch
42.12,-0.0013349361687332102,-0.1651814538739112,-0.27551260157684937,-0.2796978246274154,1.2373810318298044,0.06915680061624906,2.0894866540204244,0.8705786728102101,slouch
42.14,0.021319055372222756,-0.15444903701502288,-0.33891844178409536,-0.2649999804265263,1.408418942337993,0.04937226522091693,2.092089687418013,0.9193614535894032,slouch
42.16,0.05779043744812187,-0.14443009859542283,-0.3319287306484944,-0.2391609186804232,1.3071656072335032,0.05569406458600519,2.1019819967031137,0.9731324381491809,slouch
42.18,0.06581977828699832,-0.1360986170222762,-0.26654982620876055,-0.25950888956233403,1.3255570800283967,0.03205447672805138,2.0480578235231928,0.9665911986871666,slouch
42.2,0.0192612055345417,-0.12971315457837232,-0.34224952162435496,-0.30078164604198604,1.287936096295178,0.041762981590306614,2.1481377530362886,0.9100591357014562,slouch
42.22,0.021305654143563557,-0.13531349556414687,-0.31182644613846133,-0.21993021017946385,1.307649212223261,0.06779841587346498,2.014757175910085,0.8765149667435784,slouch
42.24,0.042831178650184154,-0.16619245394211746,-0.27732859656406045,-0.2647245352487528,1.2642803706880108,0.08169682663509288,2.145205533967018,0.9221374479640925,slouch
42.26,0.02852457628681846,-0.16112600721714992,-0.31320185282023966,-0.2346516064577578,1.252726839999435,0.003916115318499838,2.069619147872249,0.9675961777816331,slouch
42.28,-0.03181811413349454,-0.1684971826910818,-0.2943326110364854,-0.24115295325031547,1.33543023632299,0.028575587651088693,2.139507175047038,0.8501675735291924,slouch
42.3,0.034712667099698925,-0.12649538771240343,-0.2681878895352494,-0.2775553293944832,1.388819129240845,0.061137779640500524,2.1773032695021377,0.9516416843457808,slouch
42.32,0.006827695609810938,-0.18827241273407855,-0.33595926352597266,-0.28922788166783264,1.1994729884029096,0.026758904027574863,1.9197672409033297,0.9534870660274638,slouch
42.34,0.010413548755828039,-0.1485873620385984,-0.32085348284814896,-0.22918196672696903,1.3024847679094114,0.053051529861603164,2.1445401231354118,0.9895840928406734,slouch
42.36,0.04033311260371792,-0.15112356928428167,-0.3241874449160466,-0.2514387216033546,1.2422843711489056,0.04405849393015754,2.1403637677228815,0.9478982454870317,slouch
42.38,0.019728645520651754,-0.16712471656301534,-0.29612991516654824,-0.2257537810397234,1.329651583041352,0.07347356566526737,2.135510505656099,0.8794766662194475,slouch
42.4,0.016610080246878583,-0.15719733266686997,-0.304307708844495,-0.2685934497564456,1.3238786193649104,0.03797434998278726,2.02074121464086,1.0430351404145883,slouch
42.42,0.040677946111665156,-0.15716840017036596,-0.268552918739568,-0.25846059553766165,1.3264229781570733,0.020755975713427525,1.9659830207425704,1.0239782608044674,slouch
42.44,-0.014319696425944295,-0.1636867142822773,-0.32802776234418646,-0.2172374762122143,1.291559051375156,0.038742132964917776,2.048171952373103,0.9428813468440648,slouch
42.46,0.05656750846198933,-0.16232746261739775,-0.272300595382664,-0.22795482045456786,1.3030086870838287,0.03482087000578486,2.184198694059204,0.8533078490604951,slouch
42.48,0.024188538992243387,-0.12841790075213,-0.27821623120245753,-0.26175040537705563,1.2981631041113066,0.025055516091368017,2.019007638410039,0.9150974496421637,slouch
42.5,0.03287085145925444,-0.12911276782152412,-0.31659509680568315,-0.25980138282030485,1.2903492760737567,0.0,2.1864151815137816,1.0527518824014324,slouch
42.52,0.06796300378463312,-0.17821627491545125,-0.32213435189004513,-0.27688411890820125,1.2281973621226905,0.029330836873820675,2.059072316766035,1.045490211439452,slouch
42.54,0.022549237502745324,-0.1582276332366306,-0.2915808956967368,-0.26033897586817023,1.3721499728562452,0.05381791329867919,2.1250933353524655,0.8451664446793627,slouch
42.56,0.03769943270086515,-0.1341040326042176,-0.321624238080321,-0.29626931695727843,1.22992724045713,0.03192381711460758,2.1887393097101335,0.963563552977762,slouch
42.58,0.04223565746986403,-0.13928776919555327,-0.30899804155193883,-0.2738153372174684,1.2076535501031633,0.04261396706260281,2.1153050163250415,0.954088406350628,slouch
42.6,0.04539750459186094,-0.16146366789801292,-0.3119495756280131,-0.22734008884733023,1.241768289434585,0.031245557931673478,2.2314307844784373,0.9598879574926927,slouch
42.62,0.06409995829325246,-0.1525676122413923,-0.28120063496091147,-0.25085203997375494,1.2404685009047955,0.037795878058658305,1.9856185435142322,0.8713621467078725,slouch
42.64,0.030221579760436105,-0.17995553240797044,-0.3074892992824601,-0.26845170701323584,1.1303821519528103,0.03384077671444436,2.2627889643499803,1.0574224413814897,slouch
42.66,-0.0140213143136781,-0.15038162761135004,-0.2547224865687947,-0.2765817860272011,1.3046050707299073,0.06916648897790638,2.16101943351643,0.9395088483261854,slouch
42.68,0.012728761826523292,-0.17351589652532945,-0.2584489157258569,-0.24471616443976751,1.2498496584710173,0.0,2.1134416564406764,0.9658953981723641,slouch
42.7,0.00868364213525059,-0.18519629323373296,-0.2959195526043604,-0.26634773986694643,1.312597489522047,0.026875244698987652,2.0349812445175393,0.974182526136022,slouch
42.72,0.03201389247151073,-0.1353506481007275,-0.3280927456958359,-0.24277015750294914,1.298480618996484,0.04497202557572785,2.058763030480543,0.8922761807362121,slouch
42.74,-0.00509222584323776,-0.16142107443103584,-0.26908468536678487,-0.29461739213772786,1.1382407807102293,0.07277529763317984,2.0352451022632074,0.9356703785239548,slouch
42.76,-0.02810357522185644,-0.1477799126888727,-0.3024443878133563,-0.21827399183415216,1.249321702923365,0.05482732077813568,1.9876637117094025,1.0043412687734317,slouch
42.78,0.001653490253344733,-0.18053874186933985,-0.30168467242487457,-0.23534155760565187,1.3833074749062266,0.019443451326572755,2.020595966875211,0.9333978299049932,slouch
42.8,0.01095389189002679,-0.16328500348615338,-0.32211699644660524,-0.2663173744658456,1.337092564066765,0.019421943582393037,2.061115396104832,0.9730174132674957,slouch
42.82,0.03186660434082383,-0.16572303353700665,-0.30436662319068875,-0.2438989957574903,1.2673959747401795,0.055959244569303776,2.1796032748683944,0.9909219201683471,slouch
42.84,0.035960379021447476,-0.15808838714356646,-0.3140308542099259,-0.24642910697927772,1.313742286980542,0.0030229738744600356,2.1123236885342322,0.9182792478031028,slouch
42.86,0.016925155146423714,-0.1521897737785142,-0.3271018765315499,-0.25364385318983346,1.2334963613342578,0.017880832173874647,2.110712077129223,0.908400412426123,slouch
42.88,0.04209255093876912,-0.16013770481270914,-0.32234562967278535,-0.25993573947473886,1.4534198052321572,0.024758492538072354,2.1305397116212963,0.9490739204215205,slouch
42.9,0.06717385507625605,-0.1392949671090633,-0.32319669748222674,-0.2143436192407978,1.2920344504401347,0.0739472323659518,2.108923571166208,0.9160978981625253,slouch
42.92,0.041779730518492424,-0.1771093967442062,-0.31411892118560275,-0.2676893207289028,1.305708344876929,0.0670737091252007,2.0320306986220205,1.009905436997018,slouch
42.94,0.05137542700725176,-0.14693571130193642,-0.3226325913830502,-0.23156118283703678,1.187606494294787,0.019385004799058955,2.0438849718430805,0.9389986637725399,slouch
42.96,0.03233656924983073,-0.17148636710147902,-0.3376458232523366,-0.2616719659346897,1.3408362005282914,0.03550800815801385,2.1044991571881577,0.9966096903165361,slouch
42.98,0.052873680812053035,-0.1857231259165391,-0.26849367893664167,-0.26359243549505135,1.2953694096070998,0.03203687499539428,2.0662340138493613,0.9925763701366866,slouch
43.0,-0.009424696194948866,-0.14064060740334128,-0.2697282445412859,-0.2797719711928402,1.3193223444471451,0.0170971229150101,1.9984392957821993,0.9789630456950443,slouch
43.02,0.002362892991169164,-0.14684305152875451,-0.3137701868351177,-0.24379518749362927,1.1870185299406215,0.0008498551194335713,2.2374817368139683,0.918459631871419,slouch
43.04,0.06677642283438073,-0.18800821979020246,-0.29622071276708567,-0.22480018571714191,1.2747450792918318,0.05589442249955383,2.1341886127852128,0.9549649919311205,slouch
43.06,-0.012871720978961217,-0.16473493547632811,-0.32660203690201195,-0.27247579691062895,1.274638596841962,0.06162658775695796,2.112359376578603,0.9583343372929026,slouch
43.08,0.03445871869445806,-0.1599790593529061,-0.2724062935355424,-0.2518918407963253,1.3937343546862337,0.08350481505980317,1.912117899169706,0.9283500734121997,slouch
43.1,0.028939213173916456,-0.12865038160559655,-0.31796585288315504,-0.26721221245152543,1.2151128872593104,0.013575956325573792,2.0274085117538325,0.9789565448440977,slouch
43.12,0.05099856136595855,-0.14659494815946228,-0.30424068115689984,-0.25866321115413865,1.2765521410688219,0.03635833902025853,1.9007719855031888,1.0341985412510262,slouch
43.14,0.019281502794292464,-0.1652122067061575,-0.31505882373912725,-0.28622969641595897,1.3161053260143274,0.029969611967401114,2.198275095200901,0.9478671283166875,slouch
43.16,-0.006244950987081045,-0.1701153120771947,-0.3050706621153923,-0.24839951742324368,1.3354103779550914,0.01936631909993402,2.1778648871442674,0.8882104639486235,slouch
43.18,0.015808858200110246,-0.12498187088364586,-0.30282125745213534,-0.21663959690895673,1.1842818817304066,0.036194082483827474,2.146991949462931,0.9900641671849885,slouch
43.2,0.0037325913353623203,-0.14052887150139912,-0.2834925592216899,-0.23739116685966988,1.2828626498978495,0.03027742687642444,1.998836162621969,1.0082126013148855,slouch
43.22,0.03527922516742695,-0.15954286266793555,-0.29570005685419504,-0.24156620166334217,1.3412234788377857,0.03336616073970987,2.2500458892228603,0.9634145719287632,slouch
43.24,0.03010351860307103,-0.15481274358384411,-0.33712847423253783,-0.24894170793247833,1.212396027196592,0.0664176068623632,2.2152961723956768,1.003128783047313,slouch
43.26,0.024380524923461426,-0.1634279848689192,-0.3158020800168358,-0.2613061180311521,1.3493329413959687,0.0674849818462222,2.0983436269557387,0.9642593949896028,slouch
43.28,-0.005543619965607666,-0.15831192815854994,-0.29891929481130597,-0.2754825932833599,1.364210313219656,0.022794137191378582,2.168817752647815,0.9601250001367527,slouch
43.3,0.04316325268721543,-0.16271042318528206,-0.3133954567776983,-0.26011239779463835,1.3398158768598858,0.0635761920858951,2.064232525934046,0.9921953604701865,slouch
43.32,0.018618176353408712,-0.20861275398667065,-0.33587073359179287,-0.25182187124471317,1.2912982004024331,0.07646720522154825,2.0828817781655333,1.0159988931642157,slouch
43.34,0.03570795076269364,-0.17615776216281723,-0.29448098310604387,-0.2199466479717699,1.294577405291215,0.02438856257770558,1.909637647753553,1.028635440859438,slouch
43.36,0.03214996396114099,-0.18815948706764862,-0.33490726509154567,-0.24023339555617274,1.3180501771555428,0.05558112361460864,2.2203478900680302,0.9921849352623835,slouch
43.38,0.03562357945966596,-0.13238450570316207,-0.2877641904945168,-0.2553245351081603,1.2249952171007645,0.045943882701246316,2.1349052633374943,0.9602255797151791,slouch
43.4,0.056221703049584446,-0.14769248180752245,-0.34043714799913866,-0.21399004729610666,1.305649595216368,0.036337458102123535,2.0152564334516323,0.9283194180944756,slouch
43.42,-0.008078585101166026,-0.17838908594745115,-0.2714735247572504,-0.2582725725970241,1.3020239033831074,0.008905871501004995,2.093750527056043,0.9652038547021965,slouch
43.44,0.009913701467834555,-0.14492066982010277,-0.3245229147361115,-0.270758813720916,1.4865057820782632,0.05416627392459673,1.9916181191892155,0.9932557284948195,slouch
43.46,0.003965836729843308,-0.17508094756271952,-0.2754816129746274,-0.3013696880725325,1.3256833955423832,0.07093525101088986,2.044467337793013,0.9472691523036577,slouch
43.48,0.02252728513469182,-0.13272512519828258,-0.25626570298147283,-0.260838228204893,1.220394016651566,0.03678958205070666,1.9602956827754257,0.9533158793480908,slouch
43.5,0.00634362149456613,-0.1808049628043811,-0.2891369112952803,-0.25759419325955873,1.3180449167847201,0.038593710337387246,2.1400739145703573,0.9591564364691143,slouch
43.52,-0.021198194578917497,-0.14557159486170518,-0.3310339434243215,-0.243526299755312,1.2419528372277662,0.031442086366610604,2.115744593770047,0.9482076847738372,slouch
43.54,0.06294599371156023,-0.12101167390904234,-0.2994341104339041,-0.23795449917032815,1.2870904683355981,0.05616515533517358,2.001322492560725,1.0616788777423818,slouch
43.56,0.009668849696864858,-0.16589329807749648,-0.3065707480639294,-0.2698580156274976,1.2625148875262284,0.028333233859532726,2.107172243606433,0.9835213614360415,slouch
43.58,0.0620754105451837,-0.13837992473417038,-0.3142208659843972,-0.1944490611092961,1.2970874409849404,0.053142798818204606,1.9332026060642766,0.9270648169305116,slouch
43.6,0.03619140492085328,-0.13295490334761897,-0.2908036366440788,-0.2502341091458928,1.2812769739658947,0.02416015208147869,2.2482802046699786,0.9853063898328133,slouch
43.62,0.009886118350861414,-0.12952633240357922,-0.33573982252152046,-0.24854163169761995,1.4015238108797883,0.038516195706973656,2.1294004455824993,1.0766155049173207,slouch
43.64,0.017542032873605173,-0.18382183397734417,-0.32841674908571084,-0.24511526204208786,1.3273870972155286,0.0023932632109632834,2.0330223550945585,0.9769884978088403,slouch
43.66,-0.048313420099239834,-0.13672280661315833,-0.3156588832744587,-0.22883019258172835,1.2626099074958774,0.051992755670062896,2.0447985916914235,0.8405297348989035,slouch
43.68,0.0785713853925722,-0.14838436617120435,-0.27783396976865543,-0.2559439562114402,1.3326152860728147,0.03203028492390813,2.1300864277268388,0.8975824519157417,slouch
43.7,0.05245731450927637,-0.18234110494116162,-0.2821679670225193,-0.28502141443906853,1.4237998253096262,0.02277060702206942,2.070255590893927,0.9449818765522435,slouch
43.72,0.0018518744561616916,-0.17473508470341512,-0.28577384474739675,-0.26429091054524023,1.302953660543031,0.01678229001486883,2.057522233716612,0.9551446155686293,slouch
43.74,-0.0345243421841945,-0.1669618158618675,-0.3201546228999725,-0.2393229550814043,1.3130588380994321,0.018854137598449658,2.069433001331283,0.9393148505651217,slouch
43.76,0.05305792383179675,-0.15486382426672568,-0.29425015858071507,-0.2476657006232695,1.378058968532558,0.06599589605352679,2.080784664506,0.985000534867262,slouch
43.78,0.020342958273715173,-0.14792707907547115,-0.29971174804629913,-0.26466211434800396,1.3349093236580971,0.007548514458778692,2.1032305003042833,0.9912493975906381,slouch
43.8,0.035868756091619866,-0.16138288564765865,-0.30880161193132943,-0.24907467551662368,1.3086450912055068,0.03013241269937059,1.995410472419322,0.9334582545190889,slouch
43.82,0.015287063175180512,-0.14817677506492263,-0.2989896257815298,-0.2612835388525246,1.1501671199750703,0.02131651971083794,2.101796360829203,0.8882447346741525,slouch
43.84,-0.022606573434712902,-0.1432910086916228,-0.3058961108546429,-0.26666125988675,1.2834315076890963,0.07359897090863914,2.1194892527318334,0.9919448851316559,slouch
43.86,0.03612531397211197,-0.1490496394911787,-0.2958455029243465,-0.28254224653984805,1.4110205265182318,0.015952909248403566,2.073920232237882,0.9824062842484101,slouch
43.88,0.007419662887943394,-0.16474591839499692,-0.29586773712654574,-0.2666425481552494,1.312272342216554,0.03275407461490231,2.243368296707442,0.94907165271843,slouch
43.9,-0.010971351923814878,-0.16176969903759325,-0.2947872334322283,-0.23002188661426398,1.3082232216046983,0.02495690158845886,2.158617183257612,0.9822112993500592,slouch
43.92,0.03030129744326814,-0.14487781136555208,-0.274537697506262,-0.25942083914380193,1.296487061294334,0.03684626593378422,2.114349081826377,0.8325478792444179,slouch
43.94,0.025363842130174858,-0.18821428866820117,-0.31916944015565013,-0.23005189627011324,1.3239136562257703,0.04287551330855538,2.0963797486932356,0.9121917906447903,slouch
43.96,0.04189738925862664,-0.14285487108614953,-0.2713372660850036,-0.2757799164159189,1.306767529969075,0.06046843483608086,2.1955611257929295,0.934109626662445,slouch
43.98,0.043610544157960784,-0.13797531609136163,-0.3063083802656631,-0.2253261969632001,1.3536206358740266,0.02457093672181103,1.9734825887265415,0.9307457515934674,slouch
44.0,-0.01646671506930137,-0.15052972910043155,-0.28465251809957964,-0.23316662717361128,1.3500941381090625,0.0002601175823079993,2.098629043527461,0.9420969757882853,slouch
44.02,2.6411739415214636e-05,-0.14679224403546476,-0.28416076440757193,-0.29558795570818636,1.4788750064533105,0.03508800206465254,2.1975704121858426,0.9669402012597007,slouch
44.04,0.013518813809797931,-0.2166085423829663,-0.29789819046316446,-0.22966112160226326,1.3925008425148595,0.040223577647785495,2.0312932013227596,1.0354316226667615,slouch
44.06,0.030256144854721365,-0.16113247798547534,-0.2957265292028783,-0.2556553853364955,1.4908624537681305,0.07044167060351,2.1080663864676192,0.8608279951027858,slouch
44.08,0.02331483650725328,-0.16668790735986824,-0.25960042055233495,-0.25257395561283974,1.2256067947016605,0.03213851097046678,1.985950778819793,0.8956448801198642,slouch
44.1,0.032215539990902056,-0.17830727142200875,-0.28006660519962345,-0.26646686797708113,1.3524795487924404,0.031127912199615835,2.2090248456006756,0.9503635448069587,slouch
44.12,0.027234704115738955,-0.2172938557364374,-0.3387373814730704,-0.24002898773904505,1.3001897558989877,0.03526471562781314,2.264979093074434,0.8555974738001964,slouch
44.14,0.007925643189964004,-0.13041627365159997,-0.310485560038822,-0.2635263032937329,1.257063125605001,0.04824284386734523,2.0026742469764707,1.0786440896172123,slouch
44.16,0.01546861129429751,-0.1708422881405665,-0.3002172111749826,-0.24486216966731272,1.2527931820551643,0.045693284783755846,2.0324677418219457,0.9152418688490046,slouch
44.18,0.023981066846825095,-0.1404872579766851,-0.28404340866239697,-0.2587015272089772,1.439572600575398,0.05362767511579407,2.174865649871688,0.995050329126694,slouch
44.2,0.01228291389129419,-0.18405439310265212,-0.3043757564289987,-0.2397688652845665,1.180099768731442,0.04411361581542093,2.058466397761625,0.9529571606939545,slouch
44.22,-0.0007524233031823645,-0.17774795746848276,-0.2940634695118609,-0.24316809707011958,1.3554734199318133,0.0,2.10332531063263,0.8793276860901907,slouch
44.24,-0.004116571712388784,-0.1648551932345625,-0.2773378195625855,-0.2697846620258903,1.1656733615960573,0.028657866510680214,2.0575430798873424,0.9222937715039021,slouch
44.26,0.032120473905418875,-0.17295439869664955,-0.33233921586507825,-0.2530351770513435,1.247600637641581,0.0034762469153956756,2.108167154331234,0.9735234311487196,slouch
44.28,0.020465709101809105,-0.14659580885671328,-0.32978443512295635,-0.2837890950510381,1.3120261227714707,0.09051565878798269,2.0320666941923515,0.9096329836105462,slouch
44.3,0.042883345047462794,-0.14184226457616259,-0.3222032543309626,-0.23852254984959834,1.2213142476245722,0.07923410213049721,2.109961110802126,0.9270304284603923,slouch
44.32,0.03088050023814193,-0.19500325856418882,-0.3032613835036118,-0.24192450570193572,1.332992334242069,0.10010066238593819,1.996053996290326,0.8524675094354394,slouch
44.34,-0.004119333283942979,-0.21405985885493517,-0.3220876274718239,-0.24234839758949833,1.3808247321185365,0.027504749650531495,2.225811914763525,0.9720937380821281,slouch
44.36,0.0202093866965633,-0.16030378223177183,-0.30134229518051536,-0.2601500474481207,1.3195716407413096,0.04724052927957302,2.039049746598065,0.9173083736326463,slouch
44.38,0.00932616492716327,-0.1699030138802431,-0.3209564412787603,-0.22697003528541781,1.2767797497017477,0.03545440703587006,2.1213424155796448,1.025084972820151,slouch
44.4,0.01849548338965054,-0.1633059960567828,-0.29845228498174414,-0.2628073617809395,1.3952357762488004,0.030370324842264408,2.173954484901273,0.9850962616197316,slouch
44.42,0.01962858551758369,-0.17930956604913517,-0.29669924067895065,-0.2734898459738909,1.3397402876340818,0.020267392118267703,2.140151556814055,0.8707518607470194,slouch
44.44,-0.006873153238105219,-0.16102375101571503,-0.3236511303185249,-0.25439677654412024,1.3672371561492336,0.05095790033203735,2.102511783651281,0.9275936701159044,slouch
44.46,-0.013624619202771762,-0.17565554774883527,-0.33756194028376285,-0.22900176953105106,1.2841811004559285,0.07376936939964168,2.1468409540361946,0.9742878078787258,slouch
44.48,0.024069870052890522,-0.1440549568658243,-0.3125353081685293,-0.22340375488555972,1.1973196891008357,0.035344742190990375,2.251642975862519,0.9343411174159769,slouch
44.5,-0.004828323015271756,-0.1424882984018436,-0.292316384701999,-0.20886468877973077,1.375371453834454,0.032517207408399654,2.0956415215082402,0.9672494181147638,slouch
44.52,0.03175913839609207,-0.14515934545872888,-0.29571966505015235,-0.24565671330138095,1.3423788591884525,0.04148084521701161,2.103288413475348,1.0078649130691846,slouch
44.54,0.005754410653330524,-0.14211666179908536,-0.312960008526664,-0.2644634144986576,1.3561762771982901,0.05346665549536387,2.120236985237017,0.9221107125159069,slouch
44.56,0.033179126668056516,-0.1634683258392418,-0.3138205163941634,-0.27218863172552005,1.3340912175675956,0.02384584622963865,2.1943601527271595,0.8897572434707652,slouch
44.58,0.035491011077995155,-0.14793606872012396,-0.2814969795558979,-0.26413602677981357,1.3481074124510102,0.023072349126244954,2.096130727326984,0.8869674583069499,slouch
44.6,0.027001413645387568,-0.13615782778151328,-0.27923236253704636,-0.2321227273446458,1.2098888113277833,0.041648398405181725,2.067527311345843,0.96994960191029,slouch
44.62,0.025595216097783164,-0.1685603245025958,-0.3212597402454595,-0.2621962656319943,1.2876531624459568,0.03291004083980754,2.0662661493742953,1.0281426668920548,slouch
44.64,-0.00017088628667868925,-0.149198246394673,-0.3083629453415218,-0.2377992595475007,1.3302217410636281,0.03665805456296426,2.0759457554588745,0.890110175036303,slouch
44.66,-0.03289568046561788,-0.15566348820324788,-0.2854811054518626,-0.24817951162132182,1.1461153583434391,0.07801794649208019,2.113742511316752,0.9683450911866665,slouch
44.68,0.06794358421155514,-0.14945200262318606,-0.3575702581091228,-0.22988180675108963,1.2414359357324165,0.053948603525684355,2.2234228976942596,0.9621970397810892,slouch
44.7,0.0011257174605405205,-0.15961218124162357,-0.31223000785688715,-0.2575588676286392,1.258890171190118,0.02841959537015657,2.1286882948888164,0.9415793636521304,slouch
44.72,0.0036512004091307725,-0.13303720256635293,-0.30326670820074975,-0.24105614272099604,1.2849276882343015,0.04388307215549855,2.103707265899598,0.9382990529286651,slouch
44.74,0.040450549479816425,-0.17505205027545734,-0.31141549240442934,-0.24265359705302247,1.337541975651185,0.06124172789186361,1.987750026935263,0.9665891070041212,slouch
44.76,0.03899534417941202,-0.17518271949151556,-0.3091126463874678,-0.2367446469081328,1.237908098438148,0.09143990850801392,2.2202079622037054,0.9248480579603513,slouch
44.78,0.025430411725710034,-0.14303992247022654,-0.3493728391003999,-0.2592133957042747,1.3903395665819513,0.027987068738079778,2.1071274361881414,0.9181888393976377,slouch
44.8,0.04333278730509205,-0.1380737999380532,-0.32846405267013956,-0.2576313336804743,1.4088312583884723,0.03973969292197687,2.031756017316773,0.9659779854231568,slouch
44.82,0.06447851551949456,-0.14832620265158936,-0.32448392033104306,-0.22866588321066503,1.3181825895984123,0.018536980142070215,2.1143516623882324,0.8831749146362672,slouch
44.84,0.026631527069241448,-0.13849089507333406,-0.35224037681819836,-0.25274088843626913,1.2861236714735738,0.033717823661160364,2.1352764961449022,0.9811619617139139,slouch
44.86,0.008067180871504124,-0.17893871975006403,-0.3001054689803974,-0.23165226403547723,1.3983401002790976,0.060455944647024785,2.232699556920993,1.0880471343314886,slouch
44.88,0.016856253887370217,-0.16112647122871349,-0.34201675087109984,-0.23285735679500238,1.3550986676428671,0.035438525814458846,2.1715767053417756,0.9319299869910295,slouch
44.9,0.022497054124280155,-0.16737610656556404,-0.2999192608169767,-0.23890427080041202,1.2796181444066457,0.03859204381190032,2.1475559265038813,0.9657143135548069,slouch
44.92,0.0669657260085296,-0.19564540417975454,-0.3033467607103512,-0.23512069816234057,1.2499712245933552,0.03958928980291202,2.1400418406186823,0.9272558607214147,slouch
44.94,0.053903492387475826,-0.13746540286409917,-0.3314716052183873,-0.249825205716645,1.2912644660166115,0.013751806991780673,2.2316870042240486,0.9545098990268331,slouch
44.96,0.009159835924821726,-0.14491752697122456,-0.3030607346759156,-0.23326934239264294,1.291949950796431,0.048377098012809844,2.1754782470306253,0.9882445864199275,slouch
44.98,-0.004226413254708322,-0.16137761779792695,-0.32128238055094016,-0.26233913153494376,1.3225128815732106,0.012756552717862775,2.189699308427645,0.9613992372891528,slouch
45.0,0.01580263320524368,-0.16881122313010521,-0.28234459914440063,-0.24668055603045447,1.416177536589115,0.046080555341916477,2.053067871248736,0.9457705394693692,slouch
45.02,0.038592757681372776,-0.16934183446338233,-0.34204665812702123,-0.23948843608712475,1.3257024814711977,0.024149192468267286,1.990403638448474,0.9132194792287723,slouch
45.04,0.0059651552154809905,-0.17380497161112396,-0.31414021220789834,-0.26181499772998956,1.383780349241535,0.06889171645284439,2.143231548872855,0.9004269126036041,slouch
45.06,0.029137792998412185,-0.16975699867517166,-0.29571256205541047,-0.2689676827752448,1.39571010240976,0.0485857764029159,2.0763913737522013,0.9270690403624781,slouch
45.08,0.045768480315633624,-0.17440629965101664,-0.2906033684561518,-0.26953575880562325,1.2557909745178895,0.04981722538278452,2.089477322016741,0.969001612202639,slouch
45.1,0.045240393899611965,-0.18999683448647217,-0.3323794651550366,-0.22537601199666948,1.343274752714514,0.04085150998824244,2.082587061171995,1.0146039318495008,slouch
45.12,0.08718857768366929,-0.1910026956547326,-0.26046885063397174,-0.22639589303180183,1.3121698666102017,0.05025989339573483,2.193267540495516,0.8841810440264725,slouch
45.14,0.018798938722924794,-0.18660002139603654,-0.30231173582729276,-0.2778586605380574,1.3003412966569037,0.033123925811428596,2.139728325717505,0.9806434059831962,slouch
45.16,0.005642073248154702,-0.18881902863135544,-0.30595433360064905,-0.2563973930856266,1.3215901356140496,0.05389576576898505,2.196544039528647,0.9223526551778626,slouch
45.18,0.003623425911776146,-0.16207621855938828,-0.32550791508579224,-0.22590739384308417,1.2832173518669614,0.024855492263122548,2.0871534718484592,0.982445552832865,slouch
45.2,0.0049156564060322955,-0.15389391653653525,-0.3137825760783858,-0.2275268967569891,1.2872448185462848,0.025641867397199862,2.2896509323047187,0.9592064132516404,slouch
45.22,0.0153855447959526,-0.17682671364210523,-0.36545560624840423,-0.26033216738465215,1.1504564098618306,0.06480170778409859,2.265455594183759,0.9191258884442131,slouch
45.24,0.04266227949480274,-0.19212698767878897,-0.28156008954376177,-0.2569883939006675,1.286237246398561,0.01746130848004252,2.213921783072592,0.9721363635267561,slouch
45.26,0.0209628681712843,-0.16638759497876182,-0.30159017015542006,-0.238391259563825,1.2923000906362014,0.023421083745781543,2.2166747273505214,1.0504186412048115,slouch
45.28,0.054164798083634814,-0.192805013672171,-0.302626416793367,-0.26575946630472275,1.2323206483419271,0.04406763014348524,2.114387350534934,0.9163619937494255,slouch
45.3,-0.007795183003117927,-0.15536267134328122,-0.31111638721653356,-0.23970442908649725,1.3698353492770443,0.03411278485442792,2.0864459726019335,0.9881740498252324,slouch
45.32,0.028878196217092617,-0.18592350317889456,-0.32945527390664064,-0.2480768349357683,1.192269496452365,0.01882320012508284,2.1497875278697225,0.8388847838124709,slouch
45.34,0.030044276050586054,-0.15352606895038323,-0.2896624015444781,-0.2634847183021324,1.3101732656855904,0.016236166353764913,2.2450530750562807,1.0478196014088912,slouch
45.36,0.04016742394347582,-0.16826940487510825,-0.32442718005024834,-0.2191794170753577,1.2718553726194621,0.02336764607389226,2.1921938534816783,0.8735708369457703,slouch
45.38,0.05018448304448281,-0.18193563161004245,-0.2832986125374604,-0.26217538897927006,1.253867053068104,0.05695396018345169,2.0481914010628848,0.8815385575034671,slouch
45.4,0.01404254978084096,-0.17633536816446077,-0.3117939549900493,-0.2562058125449846,1.2592244599109936,0.0034862264483037156,2.1170746805668443,0.8471690953783312,slouch
45.42,0.01574325025304502,-0.14889514918610022,-0.2915229953520135,-0.23090760606997357,1.2570795441143352,0.028257453516464182,2.1385084636736096,0.9936726964526938,slouch
45.44,0.04140071247413351,-0.1636678925174508,-0.30630062169684646,-0.25656589854357653,1.2905077247342256,0.012959480148611716,2.1398518426996067,0.9780946796260712,slouch
45.46,-0.01544664168754521,-0.16478557109960748,-0.34704467988505483,-0.26013950393594076,1.2332522257096237,0.025304436001216846,2.1009678124201776,0.9977023623063582,slouch
45.48,-0.028286528301073716,-0.15696919461989298,-0.29339366832708347,-0.24103629076464173,1.3691707209902972,0.007647154392181248,2.0913341411502366,0.8862978898919779,slouch
45.5,-0.010828364793622891,-0.1983985186370541,-0.34844829092982743,-0.23566630864050156,1.3496246545598944,0.05488838982892462,2.231795741785081,0.9158022100171876,slouch
45.52,-0.028756942179114005,-0.15535241242197645,-0.29256113425404523,-0.24275286320431322,1.195068531085778,0.07533554846608029,2.1717014086626465,0.8655775629012391,slouch
45.54,0.02200176693788163,-0.20731342710671408,-0.32833772357770424,-0.25359969688559336,1.3275979168772807,0.013061578943007022,2.11529555788412,0.910152017935221,slouch
45.56,-0.0077253826654203874,-0.1890613305801529,-0.31811513643991735,-0.22840153342680206,1.2988275777765579,0.04292991443860833,2.171651218145982,0.9962403619933418,slouch
45.58,0.024612237037437642,-0.15953466916389347,-0.2961680555627498,-0.2647593168027814,1.4317410559337893,0.015363995332119634,2.083376745559116,0.9629995384383943,slouch
45.6,-0.0012295724134165455,-0.15911493918541394,-0.2722730557065709,-0.23857935270167765,1.226551535621204,0.012886087927777075,2.0701335857125813,0.9271596775369746,slouch
45.62,0.03520333684327253,-0.135649223503601,-0.29681751039722426,-0.2816643053136504,1.294897575203047,0.01997041728185169,2.083831019918586,0.903529998878386,slouch
45.64,-0.016431348198749137,-0.17470961050183348,-0.31978589117355766,-0.2819613529564337,1.3193323289561958,0.05885177701091403,2.0479806113827452,0.9471931536777429,slouch
45.66,0.032948311623740456,-0.16801292907907367,-0.3122482311345384,-0.21637027117604363,1.2293422517352017,0.0,2.1455023849146424,1.0647575646725997,slouch
45.68,0.014445580218870708,-0.15618167807677755,-0.3358672650394799,-0.2648853473130757,1.30195099971981,0.061242615556828625,2.02334609687553,0.974269163559126,slouch
45.7,0.006056941596525989,-0.15539184784419555,-0.3012372225448452,-0.17855843191171672,1.2578284217074083,0.022458421068982434,2.083562894516991,0.9212018386354761,slouch
45.72,0.011165127084795213,-0.16926863067446893,-0.3209389090589507,-0.2503298599041216,1.4190155946233374,0.07193342291827584,2.108429869986679,0.9638853721822079,slouch
45.74,0.05536731537229075,-0.17349809379088743,-0.3522538182530803,-0.2571376617527089,1.2419154161723196,0.07739096477750215,2.07464095517058,0.9433004060923474,slouch
45.76,0.01482236154689872,-0.1459524802628466,-0.30824576387847363,-0.2696379779401434,1.3327450478015799,0.02114649140908502,1.9954031908465113,0.9281070938799846,slouch
45.78,0.01753839529215611,-0.15374608718662308,-0.2971054140186412,-0.21611119336414814,1.258674130202818,0.05380117847236647,1.9719164767148696,0.9005455565759684,slouch
45.8,0.002360395728683629,-0.18672798962047849,-0.31496675754145315,-0.22049407085899825,1.4968883071491632,0.026558883147308032,2.107524206762135,0.9471971685923134,slouch
45.82,0.02584246566714703,-0.19349272820890323,-0.3187064000192777,-0.2578120737678922,1.326134739676318,0.0063609700813877755,2.0635748199890465,1.0190671268463045,slouch
45.84,0.011052020827486641,-0.16450148467906517,-0.28375212204589645,-0.26891220947989963,1.3645926923019918,0.04566812857293651,2.0955516994669354,0.8377708992584406,slouch
45.86,0.008215633331703264,-0.16724947838973983,-0.3353785775668595,-0.2222362237606475,1.2274522227288927,0.02574973918668483,2.0345468638471447,1.035176219071627,slouch
45.88,0.021007633696570917,-0.1658359304453681,-0.2797289418419091,-0.24318400788707364,1.1291834624602497,0.0,2.1621444539493555,0.910123509429077,slouch
45.9,0.012804668621309205,-0.15039371252113046,-0.3102315930019115,-0.28220679595407544,1.2604160396646262,0.05218331957271025,2.011126476310614,0.9005281097802535,slouch
45.92,0.019127426727706155,-0.1411362442970325,-0.2910246007905741,-0.26926604271090304,1.3423495644120158,0.017576742221276014,2.1648113375788713,0.90197466596261,slouch
45.94,0.02682471565722463,-0.14428817285724574,-0.29337789878406484,-0.2356517658880986,1.3145291949103344,0.04219590166085022,2.0544639298096783,0.9176900400139861,slouch
45.96,0.00032442137409692475,-0.17384803567849313,-0.28354650248223945,-0.25431470034279174,1.2458473385586029,0.012323649075482414,2.1777576201032023,0.9524774953977614,slouch
45.98,0.025510027766814262,-0.162371931456763,-0.31852469135179656,-0.2762426872987658,1.3315582211216321,0.07136054004270895,2.0321330346488975,0.940459174319411,slouch
46.0,0.03995784014856182,-0.19229167130606065,-0.2833336933916913,-0.233480165768657,1.3117429703429722,0.07330766877391587,2.0332295710261112,1.0528756826881045,slouch
46.02,0.047508679803567745,-0.1523992525430384,-0.293931833710053,-0.2533169506596623,1.2152654950050175,0.030039932115930486,2.0624503381056014,0.8890410775285933,slouch
46.04,0.00869512958187856,-0.18714821029011788,-0.3032643603217038,-0.2551046106578382,1.3884805093237709,0.07491158134526771,2.0619668905340705,0.9095863498265654,slouch
46.06,0.026664728420887514,-0.15476232514022498,-0.316044489955728,-0.2835882630046205,1.2365692921726978,0.045456458955796634,2.187830901303441,1.024180353529565,slouch
46.08,0.04051813007446692,-0.15516627824298498,-0.2909334427070714,-0.20193482071728516,1.3387415033063523,0.04454898930905163,2.0459829881764664,0.9271134064693035,slouch
46.1,0.017263597177275807,-0.163870354391186,-0.299839412528515,-0.255395715027488,1.325562249830963,0.040017031414838866,2.020858918468391,0.9020944097936251,slouch
46.12,0.02299965507695602,-0.16906123485570723,-0.2863886695072596,-0.2687459254827144,1.2217648928888107,0.05002453693684485,2.199275511903048,0.8922247416835811,slouch
46.14,0.02767922819943909,-0.17603202744614432,-0.2839105968003512,-0.2200269901338744,1.2577099866395225,0.030529017803260203,2.003882919803347,0.9399778784134944,slouch
46.16,0.009352539340340048,-0.16218249282319183,-0.3090465920236518,-0.262630109776099,1.418550660892536,0.020235388535796543,2.1659314906696108,0.9236790495751684,slouch
46.18,0.0142656666811054,-0.1469208149142509,-0.2989413842144809,-0.2768998964560962,1.3314243215823045,0.054102812625442746,2.2157580560557446,0.9977863706897784,slouch
46.2,0.015410724942376998,-0.18967169410869816,-0.2953035913763743,-0.2346224930073727,1.27500436324383,0.04993002917651583,2.214437522827462,0.9710124494959895,slouch
46.22,0.04060578298789303,-0.19336045622080641,-0.2839303517361967,-0.31142974625092784,1.3314054351351716,0.05650867624702031,2.080300291511296,0.9642553096526669,slouch
46.24,0.019708661262577195,-0.16177395020691843,-0.30603349890976966,-0.2565065584552204,1.4135955732021517,0.010170411763866198,2.080919128351594,1.0309064095214462,slouch
46.26,-0.0029426536233817884,-0.17542642556810586,-0.3387194503736292,-0.22312712215085473,1.322491344934483,0.044673472376418694,2.049429719963419,0.8978004185156242,slouch
46.28,0.022081588457682218,-0.1465304884530544,-0.3211442055685301,-0.2735706001146544,1.4208884928860428,0.04400170542797965,2.1501952311100627,0.9974575112834279,slouch
46.3,0.021957775761488434,-0.15943985879110875,-0.30198724362061224,-0.24778617840808362,1.4049147136490285,0.050355775297321506,2.024599429789384,0.9271159435131404,slouch
46.32,-0.019680130592629335,-0.17720249638822447,-0.3065896379466597,-0.22671851913542612,1.2837953618086118,0.07447204264376735,2.1433664040768328,0.9758346650447877,slouch
46.34,0.0030093130901257775,-0.15368844906690196,-0.3237303172375068,-0.24384749974620004,1.3575405311226347,0.0,2.0215228169633153,0.9715654840701515,slouch
46.36,0.036130202963871316,-0.12978748417124322,-0.3187556822086566,-0.2557575831474734,1.2477313561952144,0.017700483088651433,2.0986984696315125,1.0087428487719494,slouch
46.38,0.06074495323104884,-0.16488335833658618,-0.30871440890159363,-0.25692762078842085,1.177819866704559,0.006128863698025761,2.1909114650768564,0.965510591802038,slouch
46.4,0.034622823328545355,-0.14591720301850475,-0.2790637864229296,-0.23689986412225938,1.2937694617320077,0.01946880354346028,2.0162926679241053,0.9832161983865179,slouch
46.42,0.03131284436857351,-0.16316014168152007,-0.34148695987277605,-0.25482301146601777,1.1626310197557517,0.0458211249075221,2.031904775174701,0.9519174365246633,slouch
46.44,0.001706092808436882,-0.17944058263257925,-0.3179259214644703,-0.2573009284158426,1.3910068098574664,0.06992860182300914,2.1531371145757476,1.0030480996474418,slouch
46.46,0.01770838639374233,-0.16719783336764088,-0.33273653715026097,-0.23316690373032037,1.1431946824802508,0.03719804351211863,2.1555326156219072,0.9460009929932514,slouch
46.48,0.017054560057765063,-0.18392516698011085,-0.3060949603526507,-0.26991711506843846,1.096260822243227,0.03997328829219768,2.14420412024623,1.000036769743517,slouch
46.5,-0.011194716504983262,-0.1570968983184454,-0.3094361264889506,-0.23677466232299388,1.3546678255344866,0.07881989805245712,2.2123952104610094,0.9034352195834089,slouch
46.52,0.012881214305153373,-0.13423391918922598,-0.3100265156900926,-0.24903631632861406,1.333731312489845,0.04826389015819243,2.2031989196054136,0.9449433126157463,slouch
46.54,0.01458848662826912,-0.14232459357880417,-0.26903637337997954,-0.24943702414647306,1.3412319577037843,0.048751895239388054,2.119335074637062,0.8820208917349935,slouch
46.56,0.03829897033552222,-0.14949739581156993,-0.31424272296924916,-0.2583886793273258,1.2837637030636855,0.0478320835837046,2.061268787529443,0.9762545538702974,slouch
46.58,-0.000723195869311646,-0.1344005239449562,-0.2823216370635204,-0.2590147698918699,1.2129242989106626,0.040850063391946634,2.109049250102927,0.9286012636153959,slouch
46.6,-0.018027486934689602,-0.14217427434629235,-0.2809921938960622,-0.21356368668302325,1.2236635899503154,0.03698691757283953,2.2281543862714575,0.9095306701282435,slouch
46.62,0.067253815417686,-0.18116917938192273,-0.29461464561173306,-0.212620300482652,1.3231993272718463,0.0350185609376715,2.0774855660450204,0.9417372842307687,slouch
46.64,0.009189640902477135,-0.16518718321748554,-0.3148641752891798,-0.25581516410725935,1.3663116131920368,0.047785140427630074,2.0538908311346376,0.926808162091494,slouch
46.66,0.033001305430443606,-0.17258858116994233,-0.27569349127844034,-0.25503503768868335,1.3820895363618624,0.0,2.0682759827598987,0.9103209416751102,slouch
46.68,0.006658408969182429,-0.16430445340779198,-0.274470557513505,-0.219194526282728,1.233423614845409,0.055688836879051344,2.138757751285649,0.945485370152082,slouch
46.7,0.02014503755262095,-0.17350029087060595,-0.29803766831059025,-0.268004576900318,1.3815456583815047,0.026374804161038864,2.0864957417833656,0.8592704656592747,slouch
46.72,0.033951390419622175,-0.162499139145206,-0.2913145771149651,-0.28212117938288583,1.1929946171210657,0.06523126616812691,2.0169990314898287,0.9359302165899315,slouch
46.74,0.020104537456972014,-0.17608306192817613,-0.2670494462208033,-0.236572198079653,1.2147302225681673,0.016704411615904604,2.131964983216734,0.9508901682764003,slouch
46.76,0.05010502484427062,-0.17663243464658038,-0.2806231418384847,-0.2513140232113347,1.3001601869054455,0.07045352332168688,2.197348955541886,1.0334733249581467,slouch
46.78,0.027988732138557515,-0.166399475833671,-0.31259272023097795,-0.221550899290943,1.2531461634582848,0.07436514579146888,2.053097547116957,0.8969977643556739,slouch
46.8,0.02955103815118057,-0.17835531506245536,-0.3189776281848314,-0.26039558758868814,1.372124150841981,0.018342494136704458,2.082315670177976,0.8663080652216103,slouch
46.82,0.009105184944283296,-0.165372481836208,-0.29762760436994656,-0.22903848623217105,1.3871847670099697,0.011820040728056353,2.11993373765565,0.8590601739159297,slouch
46.84,-0.014980043929433164,-0.17081318976270288,-0.2669788598845599,-0.2488415155661961,1.3221756621960938,0.036742158800143775,2.1688497036654324,1.024374146372475,slouch
46.86,0.05533654060094911,-0.15172006547150166,-0.31259871199854733,-0.26112075984253436,1.3259380473597893,0.046093789102278286,2.11723626881608,0.9174303560552229,slouch
46.88,0.06854410110699849,-0.16840246709087633,-0.31087371764566113,-0.23679585903855138,1.3330363300963195,0.03814477575850587,2.1779084631796493,1.0270914055648888,slouch
46.9,0.04918517362904223,-0.16989055129436004,-0.3237247069364466,-0.2936358413990735,1.3537159319177212,0.016331914978230593,2.0319103686105864,0.8685248326958926,slouch
46.92,0.02219575170906203,-0.1796021898251212,-0.31010747026204566,-0.2315134421344879,1.251136373383475,0.040812211522094986,2.1927612006608372,0.8917044223584198,slouch
46.94,0.014196754747468236,-0.1669065310260959,-0.303745225687757,-0.23655237053403694,1.3384660262124815,0.045901910502220755,1.9661943025843238,0.9065480176893073,slouch
46.96,-0.0008045115829494618,-0.13846769897890596,-0.30154543348522544,-0.2094866531206836,1.2602436210096033,0.03410796920101806,2.0426388480237905,0.8614985809019804,slouch
46.98,0.028339043517696817,-0.14427323426986838,-0.3002216049664562,-0.25280090557670737,1.2916568118042928,0.05855168243346905,2.053862317998797,0.9650742626650541,slouch
47.0,0.06197707647558115,-0.16274177850629554,-0.2938971053249286,-0.2689020956581295,1.2330815864609552,0.042768842272158665,1.9634687470871286,0.9476122328289538,slouch
47.02,0.03222708401139533,-0.19097428527913443,-0.3316394083435042,-0.27741531199213,1.167646089512439,0.025643697471126378,2.1922475921405047,0.872224524826677,slouch
47.04,0.03899475500799988,-0.16124241192233438,-0.29916418078581847,-0.2773785696029436,1.2768193749201626,0.010014635853019031,2.033702392188096,0.9248170111514892,slouch
47.06,0.01264273772095211,-0.18166637303889782,-0.3200226780109058,-0.26444036842953667,1.2791728488813636,0.03713359519645152,1.9837273509925584,1.0498611458771478,slouch
47.08,-0.014426879809139296,-0.16084020812176594,-0.31640034019123375,-0.2563264467997249,1.3132454375459082,0.055378213800652866,2.131066631078642,0.8850175744100476,slouch
47.1,0.005282257712899329,-0.17625283141758247,-0.2823071531015249,-0.23942742825264995,1.4221842283226631,0.0795651791665121,2.214335026402189,0.8650416139794451,slouch
47.12,-0.003766294260988988,-0.15664504083010544,-0.32449742202359133,-0.2059982493922962,1.2923782192615838,0.06888458413007655,2.009845733786479,0.9245412546527662,slouch
47.14,0.027068142674282338,-0.1699325942817586,-0.3049101896476748,-0.24375320092914907,1.1618982574045547,0.04472495820934155,2.1275656991895695,1.0055979176776126,slouch
47.16,0.02650828881301157,-0.143081046657454,-0.30300195057672374,-0.22801020956090157,1.2441541044256603,0.022278201552234523,2.004620669289364,0.9221786443408609,slouch
47.18,0.02911337573760482,-0.1564431358751787,-0.3433946375207982,-0.2926460951343353,1.271547574124083,0.05979733969731392,2.072860946213572,0.8259930508876803,slouch
47.2,0.014961076870706207,-0.15965535531905642,-0.2807709631267506,-0.2233225684112269,1.281122282272469,0.04043966720525621,2.0700094640105577,0.9410507196830624,slouch
47.22,0.06006768239680758,-0.17074999092650772,-0.29747716734985113,-0.2453610723957013,1.2972370695030169,0.06586030086950966,2.0963146311834113,0.9220159762982417,slouch
47.24,0.02455938145467702,-0.1656224005316541,-0.2722971101693076,-0.23395298408436557,1.390585605559407,0.06116113467860835,2.099444640209963,0.9929738774656149,slouch
47.26,0.014235159949122465,-0.15053983966651166,-0.30909611495346206,-0.23576885142015136,1.3185340190398194,0.023957934414521122,2.064045387173314,0.9199714085957994,slouch
47.28,0.024365807030778175,-0.16426463233953212,-0.33218898219290305,-0.2365474315727672,1.1388530756079407,0.08591230681515534,2.0872273543803668,0.9512436016059885,slouch
47.3,0.0063709177746926055,-0.16555268395811487,-0.31649185268457647,-0.23786402600491907,1.2681459820767709,0.02619927744995557,2.0544986784845465,0.8866635651063932,slouch
47.32,0.01300347881875599,-0.16767197673233525,-0.3227182724654227,-0.262545128596868,1.2601467586248312,0.017842660515766714,2.174371786358019,0.9593610446902037,slouch
47.34,0.07454669700283789,-0.149649840174793,-0.31848127108382673,-0.2262013863794948,1.2663437320033468,0.05487974419842805,2.0885862516952596,0.8880392022148161,slouch
47.36,0.06776283946869337,-0.15932585341887578,-0.26706130068269424,-0.22079522190378437,1.334659795110076,0.01570043154464939,2.0146410472842793,0.9049183802264711,slouch
47.38,0.04372292244654318,-0.1963227740842447,-0.31342374432216896,-0.24018926125772788,1.4330488122230136,0.0747230132052747,1.9910812046382518,0.9842716548136984,slouch
47.4,-0.0010093169481201999,-0.150019573581481,-0.29740717373118386,-0.2621807451126594,1.2710184987531208,0.022891961553861345,2.069766210413594,0.9293292576834806,slouch
47.42,0.010613980813010461,-0.16136045991915232,-0.2545071252219484,-0.2237485816124547,1.336657189018028,0.038831773067591314,2.2121212891571354,0.9266464639951868,slouch
47.44,0.006503837633830989,-0.15015121306313145,-0.27975376725476736,-0.2424414466095214,1.3362458192952378,0.04134376160874263,2.123109162566564,0.9776711043892838,slouch
47.46,0.026498721629330205,-0.1663584167997885,-0.31931924110335846,-0.27503785841094175,1.2414423288296386,0.07005545729221362,2.099458046120128,0.9234522284407155,slouch
47.48,0.03443580408674155,-0.16748159636294646,-0.3527965324380086,-0.18302787838635015,1.300832485488391,0.0009277537614181064,2.1550409158907704,0.8614256218808635,slouch
47.5,0.0426069415160466,-0.13745011444579802,-0.2914579060147312,-0.2675940213320963,1.3663729913727847,0.039494525654623885,2.1428026170718852,0.9855192297099716,slouch
47.52,0.0487902524096634,-0.1462789233896277,-0.28177132343491257,-0.25739384964007295,1.2381819330779216,0.036766673754757354,2.1284874489472783,1.0295357167090826,slouch
47.54,0.0004370533806606793,-0.18506875753205984,-0.3142566738167589,-0.27333571842912324,1.3338425165828884,0.06011447850915431,1.96511116881395,0.9891435161355078,slouch
47.56,0.06091810161821451,-0.17502061725961657,-0.2992340381286403,-0.23869508456334995,1.2986604306146894,0.04247562112362264,2.1060241175665118,0.9148070650158985,slouch
47.58,0.05466387159639866,-0.18353179225304314,-0.3136962696391535,-0.2372609627583258,1.3349563410669558,0.07502591246340243,2.0023577462394377,0.9380026740022963,slouch
47.6,0.0008188321491436248,-0.1537592788503668,-0.30211299386848345,-0.23730298395797222,1.3777794773493701,0.04970538156841062,2.069830058978646,0.8988989902593922,slouch
47.62,0.02309519759881513,-0.1466540416312804,-0.2655188432746622,-0.1777597835486564,1.3524899785476225,0.06396422509805337,2.040103549864188,1.0290509008221125,slouch
47.64,0.0455743183972903,-0.1661517705665561,-0.29810309368625976,-0.24996827936744923,1.2840280962464243,0.014647983786107922,2.1202190139692347,0.8497465794582646,slouch
47.66,0.02031343194454683,-0.1392408341626058,-0.3149459379626415,-0.26529672706212326,1.357465126633862,0.03744243086175164,2.0072077298428823,0.9966761118014552,slouch
47.68,-0.007636035545100309,-0.18304313514792125,-0.314148291905205,-0.2812401010185144,1.2692345212981233,0.04598396963698871,2.0709451256124938,0.9618773228554413,slouch
47.7,0.024815546398172874,-0.15265974802506016,-0.3220710623418887,-0.23943926772279983,1.306614694626514,0.03915551435458924,1.9377394294680435,0.980191224182293,slouch
47.72,0.04077983909279055,-0.16596290324014515,-0.32146458449666376,-0.23435686642808656,1.2841865901643927,0.024860543079879473,2.1752130379418095,0.9650331565249604,slouch
47.74,0.04549844705615752,-0.1734164241244903,-0.2921826463763377,-0.245210397098733,1.2763006757575572,0.023572396249230528,2.0615739745219734,0.9731375933040458,slouch
47.76,0.027833168511306624,-0.1883297248324814,-0.3050997173509591,-0.25449349666127113,1.3333134396519224,0.026928226013114467,1.996571819053635,0.8571821096766165,slouch
47.78,0.021461866329167894,-0.16833144177855627,-0.2752321605885353,-0.2255806742241165,1.2569511118537913,0.07045376415999263,2.0881943138594155,0.941673354870166,slouch
47.8,0.046845055609968024,-0.14858199417570833,-0.25539815717796993,-0.21763974914727585,1.329588774458172,0.06049687692872777,2.1446055678777247,0.986957521370257,slouch
47.82,0.024612111191846784,-0.1887468451281673,-0.2995051046179767,-0.24515678729940327,1.3208486981768996,0.07757690098066446,2.1309558487288403,1.0729666795692434,slouch
47.84,0.04400222104930766,-0.1582683384716086,-0.3006263604688134,-0.26889620664580405,1.2147224725101367,0.057047728617602086,2.118456478459375,0.9260151405109787,slouch
47.86,0.039258721102224545,-0.17099350990235834,-0.2828685722270818,-0.25436034006231023,1.1764070632145451,0.04634137568095845,2.175408971793295,0.8558849847141528,slouch
47.88,0.006596361649940057,-0.1747599355380361,-0.2998994231969059,-0.23700036026021673,1.2698315551560955,0.02335578072683889,2.117852178518639,0.8795186677382494,slouch
47.9,-0.001338521380233198,-0.17111835104230733,-0.32546501386172455,-0.28691471149056774,1.3101992093703851,0.02361571891263392,2.147951195328812,0.9760363687924098,slouch
47.92,0.039931497991733726,-0.1883886334882529,-0.29406217190865847,-0.29637829777075475,1.3920904147662476,0.044386177736890665,2.058908672938551,0.8821012590469323,slouch
47.94,0.0424479429048626,-0.14967675766871602,-0.3343041269424735,-0.28624812258015253,1.337378549333713,0.0624483872929545,2.077023939533577,0.9901923135000107,slouch
47.96,0.024514467746971396,-0.177343455187121,-0.2933576012497939,-0.24402866370851267,1.3441158750574866,0.04510220136588864,2.076912673430756,1.0024013496312192,slouch
47.98,0.03193093845032226,-0.13375537460551049,-0.3035818604661703,-0.2231071359202009,1.235525556189901,0.03123214613952555,2.2073279187785038,0.9378774351493863,slouch
48.0,0.05703267461464706,-0.1557012405731333,-0.31749709865012865,-0.23197352975016616,1.1902271307988002,0.029810782981353177,2.2425560260949933,0.9320257043792882,slouch
48.02,0.016766665132946938,-0.14810190896404546,-0.2929345398168343,-0.26590258521651766,1.344442093500698,0.04076874518655501,2.1616794949336344,0.9581975282917655,slouch
48.04,0.037974218835018454,-0.15454601137336318,-0.2684351584582569,-0.23818468540659235,1.274237652602369,0.07245120218339864,2.0961696534115193,0.9445120013794203,slouch
48.06,0.026461376833729403,-0.1535497921061236,-0.3329635374218144,-0.27179251208615546,1.2345180761696657,0.03323758581186982,2.1471859829740634,0.9392389623298321,slouch
48.08,0.07310682094482093,-0.17033378900407686,-0.3353033834424183,-0.2299998456169011,1.2786127221667578,0.0697790867017536,2.022581034217594,0.9252427349033627,slouch
48.1,0.033615480078734765,-0.17384432511736292,-0.3351406717864573,-0.2220994225793231,1.3161287301986964,0.070327491334823,2.1411470167717326,0.9448522713713658,slouch
48.12,0.0562679497083189,-0.15742669507682294,-0.31878222589210004,-0.23428093194060878,1.2483875606953783,0.015414299353319434,2.0958410276936634,0.9587038448179414,slouch
48.14,0.022556343083393295,-0.16447413787077336,-0.3319746418155605,-0.27289219770495265,1.254767655319713,0.056072061374393765,2.0847024260438083,0.8816705882383672,slouch
48.16,0.03788726069134885,-0.12060769063665544,-0.2939023812029423,-0.22202488021013353,1.3784894424278207,0.021979523343929778,2.1050244403902783,0.9986797375869088,slouch
48.18,0.027487170307472296,-0.1806150879330729,-0.2993125594892899,-0.2031845294847889,1.2725532517356004,0.02452712724637668,2.0639326425721327,0.9726020870884059,slouch
48.2,0.026351490475564416,-0.18000510499237354,-0.3528388445525074,-0.29008579404328233,1.216934105902473,0.03213351898009445,2.119995110238611,0.9942501562437879,slouch
48.22,0.043826918991568285,-0.13653427809832475,-0.2853970135528642,-0.2169592388209499,1.2995878481804446,0.06250524976471544,1.9340145295320827,0.9554597979589508,slouch
48.24,0.06574978752593841,-0.16086492567016902,-0.3122746057641042,-0.24211595783788767,1.2696278977543376,0.03719390755468757,2.087785160427799,0.9439831628954102,slouch
48.26,0.00638074404198774,-0.19445045482108791,-0.29382366807141985,-0.2547754821773428,1.2363107595474008,0.029874798034900195,2.0028416349518197,0.9391596711354252,slouch
48.28,0.02089541561380801,-0.1520125190905609,-0.3171480754435194,-0.22068988763632474,1.2930421863619863,0.028833560517979195,2.0451554145395145,0.9180839848417537,slouch
48.3,0.02772532169746827,-0.13960645182116635,-0.29129093501789405,-0.21626670849317056,1.2830948134238302,0.05564281153672037,2.0741034013110085,0.8687202989466531,slouch
48.32,0.005246593110117705,-0.14877283080856393,-0.30615980177184293,-0.2925550004339955,1.3505318468949943,0.03492847858948893,2.0077290318841254,0.9729452442227576,slouch
48.34,0.01764702302086665,-0.14388150877884495,-0.30667888138051913,-0.27589523765160295,1.2659370752098111,0.0429291990671727,2.076964870594246,0.9441822475871826,slouch
48.36,0.03045978959594818,-0.13797425588760392,-0.2609720119117822,-0.20848383234338577,1.3309090269171873,0.02959549834063907,2.090332861721833,0.9225732820970171,slouch
48.38,0.06133025744373795,-0.15618164205786766,-0.2774005131022547,-0.24204877299247507,1.3145122390270065,0.03679568046421763,1.9826812746260563,0.9305490492411866,slouch
48.4,0.029619227784927593,-0.1639177357171775,-0.3366981810837915,-0.270424415164274,1.3017492658927843,0.04505912004656794,2.0817340872968417,0.9478518067970446,slouch
48.42,0.05223646789562322,-0.1644631119258928,-0.298747467940528,-0.28040845677690734,1.1787987473915522,0.08074012647816166,2.079960769233744,0.9781297192731034,slouch
48.44,0.04237362910086631,-0.1526102520102661,-0.3091162721887884,-0.24170610529201544,1.3179478284615895,0.0,1.9818790931968904,0.9710445922058919,slouch
48.46,0.005752964300047138,-0.17239894752006252,-0.2839688389214235,-0.2609857921962799,1.373789265330684,0.04604473382071895,2.1528066750936508,0.8858250490580799,slouch
48.48,0.03042771491004404,-0.1569427715669671,-0.28837014465956884,-0.25072024524125025,1.2233607160761364,0.06006947235488322,2.0491934778909675,0.9840532767327129,slouch
48.5,0.01949874524255971,-0.18424546849822174,-0.27705735851266683,-0.22649885782072096,1.4249698526373622,0.048268597701605985,2.062254077760181,0.9339700818785887,slouch
48.52,0.04380980830209141,-0.16435919431704385,-0.2773318813526253,-0.2944306911645302,1.3166495050017444,0.03561219668015863,2.057367538803346,1.0371391875623162,slouch
48.54,-0.0029493833848027863,-0.1528441114566511,-0.31450494260365924,-0.20580542343035052,1.3049551225733953,0.02388404410866076,2.176321183738294,1.0056232507559557,slouch
48.56,0.05934675284819708,-0.16729126406577696,-0.2796624733070505,-0.2665411378675398,1.3542475077342906,0.02605763831090783,1.9923577318813128,1.048855294741018,slouch
48.58,0.03454606742332999,-0.17161947628399238,-0.27556740083576714,-0.25998841243280835,1.2335771646994973,0.06392912706536125,2.0695196939456606,0.9754317696126472,slouch
48.6,0.013202405597594407,-0.19199877297219542,-0.2511528366521087,-0.2625725615853495,1.2355700546990955,0.06762558096088254,2.1702513732459257,0.9537837955667992,slouch
48.62,0.015905058576391764,-0.16871926699335227,-0.29164391565550163,-0.19036930008718514,1.3558988293378582,0.050635643170984464,2.127892908557082,0.9711030082899422,slouch
48.64,0.05623694175267371,-0.15327129827860675,-0.3098422371846658,-0.21962671590410887,1.337266937315789,0.054170904052660666,2.1341639886014243,0.9694311201305752,slouch
48.66,0.041298809777137895,-0.15961588773385735,-0.3193435105816948,-0.2513604994233919,1.1586910720244694,0.025451175458601958,2.341561399865951,1.035072099080583,slouch
48.68,0.03411095180767192,-0.17222042662856152,-0.3086034502643953,-0.23873744801234403,1.2531012897174159,0.03474332600114573,2.0933538460501793,1.0100865147197888,slouch
48.7,0.046920465470429294,-0.12263911280071371,-0.3165540214343747,-0.2656852322375447,1.0902540913882643,0.046614011124819194,2.2235109527964236,0.9855311696007679,slouch
48.72,0.05355066993180551,-0.17030937158761972,-0.35134334447138293,-0.2457997709498967,1.2355102576710808,0.035767961343932106,2.0454490671045655,0.9240054915310638,slouch
48.74,0.018482581527638434,-0.1277583247093367,-0.32142327627521383,-0.24084285380409162,1.3482904842397971,0.06317317458448729,2.1180661695539644,0.9240347225196135,slouch
48.76,0.010073400622938027,-0.15493638045178454,-0.296339121810174,-0.2303956272667886,1.378082740750319,0.05175270366032186,2.2104065774265766,0.8869989772959,slouch
48.78,0.0011414243492254173,-0.16217923478613833,-0.30855751169351725,-0.24033283925488036,1.298195877404202,0.011493820969440379,2.101999613423529,0.9369213547906792,slouch
48.8,0.024269625171851574,-0.18436309749952712,-0.337479017781575,-0.2161282923461367,1.2837407299269894,0.05547856112848071,1.923058541870072,0.9159577672741083,slouch
48.82,0.01208962402971379,-0.18225948391353286,-0.30051959860746574,-0.2675075014006453,1.247552224352993,0.025116720453828994,2.068862592923156,0.9618674464376753,slouch
48.84,0.06264882985842032,-0.1617277850384615,-0.27889350311581595,-0.26001320167277114,1.1952916803762559,0.07780036077972838,2.087165105489416,0.9626849900449486,slouch
48.86,0.050748662714189034,-0.1632534470580599,-0.3039657383174511,-0.2541000697859193,1.358129156498172,0.019279137775541796,2.1767880189589186,0.9539429082674031,slouch
48.88,-0.007495720213945663,-0.18057899515072845,-0.2959411521838706,-0.2678549027488324,1.3132489194664556,0.03428400825688631,1.9822929890735834,0.9595393220366769,slouch
48.9,0.030150259141077475,-0.15479668959061846,-0.315630850228347,-0.23433811353481082,1.2946640844382633,0.058624801611526646,2.0636611386069013,0.9055504283944643,slouch
48.92,-0.04695304092524545,-0.17691787544469556,-0.31261066791074543,-0.2484338514812311,1.3118404291497545,0.049562355824144,2.0788322806947557,1.0491251739659282,slouch
48.94,0.02901083954573468,-0.18480609390666825,-0.3040911225941024,-0.2664747390924918,1.2873882801098644,0.04182073451089599,2.107463398073627,0.9331930116499226,slouch
48.96,0.0027549877134201367,-0.12218718101653278,-0.3140838044587612,-0.22696888483028116,1.3485605982274247,0.04880156050323247,1.9790391726629253,0.942200426419416,slouch
48.98,0.009115225090051188,-0.16030116645399503,-0.2992832424842867,-0.2703580232038983,1.3155080474591343,0.04557736848095261,2.1622329492775108,0.9280776683433853,slouch
49.0,0.02314272973297069,-0.1617309828715291,-0.3150729825339892,-0.24953268340349952,1.3611513021167247,0.009699929090757632,2.021761215755395,0.9826691919519989,slouch
49.02,0.024858649230247092,-0.16697055483293774,-0.32941061148507733,-0.2570687324549001,1.248528311359358,0.06809769825638297,2.2022701919487844,1.010276120920335,slouch
49.04,0.024224026445602828,-0.14569196250079955,-0.3102487292878006,-0.2510417508908597,1.3525842650441366,0.05685392065496045,2.080335217107395,0.9132585455373108,slouch
49.06,0.016274690569705607,-0.1413247872136213,-0.305006195264515,-0.26472605815067773,1.3363191720369696,0.05981740988589215,2.249799023424449,1.010414888185243,slouch
49.08,0.00031488354374852696,-0.17989209600293307,-0.3204621736686538,-0.2180357172384199,1.298200680000094,0.0414934127656223,2.1675328722306393,0.871174990897015,slouch
49.1,0.05249268284127497,-0.19215346138802109,-0.3157415624454219,-0.2731168057840068,1.3340548033913122,0.08140243193139719,2.084319789502401,0.9208538100062225,slouch
49.12,0.03538983723898231,-0.14721815109098527,-0.3176488033102892,-0.25894278887943123,1.273808727692906,0.016142434367320848,2.1515384279126324,0.9073396543957867,slouch
49.14,0.025349092023909014,-0.15847784895373637,-0.3379444312580772,-0.25450959303398785,1.337239295465744,0.06886844556607774,2.047192809683533,0.9119368607915785,slouch
49.16,0.043720795296441836,-0.17072092735023384,-0.27404362986854136,-0.21880979359680458,1.3369882892183822,0.016412396639618874,2.171430524983232,0.9826398526910156,slouch
49.18,0.03267586640351014,-0.16409610460187324,-0.29215136177944884,-0.24269817045700806,1.3363150534981376,0.03498933661973196,2.0201510399384164,0.9662547434356524,slouch
49.2,0.006760322354903523,-0.13171590408806255,-0.3316498654533399,-0.2588292452445163,1.2122457194153116,0.05457442381449201,1.9814182336347295,0.9583277162787694,slouch
49.22,0.019993617753842625,-0.16906764730433096,-0.32451234370841825,-0.24707575126036482,1.2659538748882713,0.010707172253602017,2.0432206838190115,0.8849394099038457,slouch
49.24,0.02564388379737693,-0.15502259560036818,-0.3108633294939838,-0.2297455520804253,1.2345079884072627,0.07145058130084816,2.16451247696812,0.9026917425414368,slouch
49.26,0.0053466941929935854,-0.15421753089212542,-0.32215734680823377,-0.21223677026741752,1.1971202911043215,0.029277883002931295,2.0282697298737644,0.9353280206298367,slouch
49.28,0.038418870778098774,-0.17773723044732886,-0.3010981786459078,-0.22163287144408597,1.3686705272137694,0.021664057517167372,2.079609821204294,0.9487877021810167,slouch
49.3,0.04863034247920392,-0.1515650154196053,-0.31114203387710165,-0.2589047057839855,1.258408778741309,0.048882312009129424,2.1214253311287385,0.9276544183765546,slouch
49.32,0.02543282430566871,-0.1684230591117294,-0.2909297577566637,-0.27502832458155063,1.4180997583514199,0.04236016886995919,2.1665223222362715,0.9142655862904043,slouch
49.34,-0.0029350296147706767,-0.17322150975727815,-0.29128267132455665,-0.2584272046577736,1.2951342383683797,0.0009467756398241711,2.069544333101207,0.9558992963920432,slouch
49.36,0.07758920136959825,-0.19737376584538407,-0.28967105081300293,-0.28441789599316447,1.3176698858075393,0.03826719408683873,2.065980698104506,1.0634718340374256,slouch
49.38,0.020902818555262416,-0.17739883918313534,-0.3297141915340572,-0.2459783960105792,1.2539683733170885,0.05867702019484783,2.1578247661399974,0.8590495821725251,slouch
49.4,0.07054070774671387,-0.1560224297690818,-0.2890634455078412,-0.2660850015215354,1.2472408380277338,0.05206459816532461,2.0657361886854453,1.0004030746093444,slouch
49.42,0.030158025775087523,-0.13122114250016567,-0.304134503951832,-0.24495000012744372,1.3238743336421073,0.058745182171475764,2.224225603703617,0.9775316625636391,slouch
49.44,0.0637046483378115,-0.19113683764512737,-0.3145840688538114,-0.2819252062415308,1.260313762308276,0.04025473512238489,1.9915976637294828,0.9342461491679482,slouch
49.46,0.06823183540436938,-0.1857284306201607,-0.3142143050272594,-0.2711481095516667,1.1927219296852263,0.07446311424062678,2.116199989630556,0.9763506135452426,slouch
49.48,-0.009188474483396889,-0.16139020251299774,-0.29563827712112023,-0.2834717386641636,1.353754400750496,0.07652534425199829,2.0777836800807123,0.954374296870692,slouch
49.5,0.0529508755927203,-0.15600891348355744,-0.31427293697265263,-0.2702251525142611,1.234242861057316,0.012150018255734292,2.1140087357699233,0.9145414042476983,slouch
49.52,0.016625174235840944,-0.1848429319935277,-0.31584307285615504,-0.2521715875166599,1.2632237340045755,0.058110505994981486,1.9648036109789437,0.9340599432815742,slouch
49.54,0.04665952165112623,-0.15705617648335815,-0.30338980247858516,-0.2061576712830789,1.1904219643828775,0.008229555917812301,2.1955181034906426,0.9238632808668061,slouch
49.56,0.013697875400658342,-0.15030883028747594,-0.34777990262812686,-0.24248401841039316,1.3759501821518514,0.03995694720550832,2.20217929693208,0.9588353207733322,slouch
49.58,0.02803967956188568,-0.16034138742787787,-0.3121546693213561,-0.24038101859010816,1.3885076434380825,0.03528308813730464,2.0618918443389176,0.9814794032271829,slouch
49.6,0.006358579686588076,-0.14856385593715352,-0.2846641842562499,-0.23989890851870593,1.4066811899223783,0.05132612618657056,1.9396286607283968,0.8768411161616017,slouch
49.62,0.02495817432532931,-0.1909313252005203,-0.28977843514767737,-0.19751485301949195,1.327892116551651,0.009151188059572482,2.0709283509437166,1.0600020037183693,slouch
49.64,-0.016296440440885983,-0.15344815924514646,-0.3251975135353642,-0.2279751320447537,1.2813684713899136,0.0692857226443129,2.113897340066153,0.9749644832702712,slouch
49.66,0.03859083233031594,-0.18051783076458242,-0.2786005213251475,-0.30422550572523765,1.2625831336059306,0.022855427747722173,2.111338045897244,0.9521518190359358,slouch
49.68,0.028601347899187574,-0.1431102537265908,-0.305680389036296,-0.26674122631097663,1.2509967350930813,0.049493150333638006,2.1485872585800956,0.8859140572183456,slouch
49.7,0.034748811050714555,-0.20967304466592354,-0.32162356928668884,-0.2589005222740581,1.226798926225042,0.03990892488822791,2.002143125356341,0.9536045893219838,slouch
49.72,0.021037477015918904,-0.14649050792129106,-0.2944499030900759,-0.23026603422981132,1.2869845545534486,0.039503827340221544,2.1729776671045946,0.9897809911379739,slouch
49.74,0.07850259557887553,-0.1309715225173053,-0.32458397408756096,-0.26834803541919994,1.2699807683278306,0.0023878067690230155,2.15699737576389,0.9499637133096759,slouch
49.76,0.05120702233257196,-0.1732830413803507,-0.2970110370155936,-0.20543094022960987,1.269554003755139,0.02730571160667611,2.172497488939287,1.0130556029920255,slouch
49.78,0.03291752835154222,-0.1532907429673453,-0.3095379901327287,-0.2628158594514121,1.4311737056330205,0.041471815770244516,2.01800729190075,0.8718295401989035,slouch
49.8,0.0072811020811735195,-0.15986731396867282,-0.3148617416347852,-0.23151196087076145,1.326446412559672,0.009672274103832685,2.047030138342369,0.9393784358518878,slouch
49.82,-0.014319052051248697,-0.1367014923464765,-0.2990127164041497,-0.23273080915127997,1.2516290926962852,0.019315940292290508,2.043634248723869,0.9276057299803309,slouch
49.84,0.020878408815956186,-0.17910289399061555,-0.32952031362382295,-0.27538430329834385,1.1663269578626465,0.0343225822460193,1.9835100845691307,0.9192037655720189,slouch
49.86,0.03742447200218128,-0.15097733089638601,-0.29417238679795477,-0.28704636752021107,1.320754001646321,0.055861707620137924,2.0906594274883794,1.0096836469343569,slouch
49.88,0.024455255723352862,-0.1708040229214446,-0.31410966374502086,-0.26537569620195084,1.276434535821828,0.025432727310749078,2.1542687295716894,0.9878917959340506,slouch
49.9,0.03776279490046715,-0.15503552220339442,-0.2991536429937095,-0.23862384902456743,1.2167663095480217,0.03865347569595627,2.0655368223087924,0.8656483967090407,slouch
49.92,0.007760319042748216,-0.11993291058505208,-0.2942706506994005,-0.2529928386593202,1.3134004218382458,0.03625764476645411,2.1126225270893633,0.9906233045248668,slouch
49.94,-0.0037880020382489088,-0.17033779242291944,-0.26469168449969016,-0.2268815154070358,1.4032604137922018,0.045687950387146126,2.044791992750303,0.9916327884625715,slouch
49.96,0.008387967478216027,-0.10448824534811814,-0.2853474967361502,-0.2410064078047469,1.2963157338770193,0.06438154880780377,2.062404687131924,0.9731329989899308,slouch
49.98,0.04317074877730978,-0.1781622066767237,-0.34928912683233065,-0.24979454937882822,1.3398077302709477,0.03154808236783406,2.100593270721844,0.8932284428228044,slouch
50.0,0.029114244891991763,-0.14283221667524082,-0.32546982111512196,-0.25972363799985787,1.3268671655120459,0.042815120103183286,2.206001945067917,1.0074552532452612,slouch
50.02,0.03265306473556993,-0.16993048285855503,-0.312475732058683,-0.23476237218358703,1.209306414490082,0.04427384167283207,1.9631007817527761,1.0032562980236226,slouch
50.04,0.06836303301021789,-0.1644314277812522,-0.3122545361278279,-0.26198918732047993,1.2865913278116197,0.031093312886700506,2.1344253366789325,0.8459666511931115,slouch
50.06,0.05443564875599061,-0.1819411314838376,-0.30839883496304826,-0.250860630875705,1.4432522251148845,0.01774013533633438,2.173912603300735,0.9446911522582447,slouch
50.08,-0.009593913364028182,-0.17685683814297853,-0.26964695692069607,-0.2271470805606385,1.2575935833972622,0.044956467308372876,2.13270710010675,0.8926398811277263,slouch
50.1,0.018813452081930627,-0.16453375165630774,-0.30857404013802037,-0.2711714080683056,1.233726677484075,0.038932206361195466,2.141459372474628,0.8884660176924422,slouch
50.12,-0.005270726519408154,-0.1843947949348453,-0.2978134347066684,-0.23842273477843595,1.1784718378317667,0.025471948038189657,2.073617461624792,0.9198333767328568,slouch
50.14,0.04607960049303012,-0.1517524878030616,-0.3254652867750186,-0.22603191616239976,1.287507965934464,0.050361100431042014,2.0279457261487006,0.9895889776284685,slouch
50.16,-0.0009085745703935737,-0.15979970864998894,-0.2927327989996267,-0.28351596240558025,1.3104480492232362,0.03949278888844192,2.1373454504732914,0.9045018795611869,slouch
50.18,0.03418773716527188,-0.18942787248208873,-0.3175781525023376,-0.23970201178369,1.1997794249636813,0.05805352780814414,2.1031752453460935,0.901734668358781,slouch
50.2,0.019734568396775308,-0.15677680968941585,-0.27899941795980904,-0.27075483393113287,1.2914644143449177,0.03190029006881415,2.01849833596433,0.9437630358275546,slouch
50.22,0.035027237424609954,-0.18831037217325627,-0.2808175173313988,-0.2389828990597509,1.2874277524327915,0.06712847414739684,2.053002941221192,0.8859123775150709,slouch
50.24,0.02538372896764279,-0.1496283552432096,-0.28095358546654137,-0.20980108510159415,1.273917052762557,0.04683711535721967,2.1275226403568954,0.9464435438571718,slouch
50.26,0.06345548976638135,-0.18598467769460555,-0.3103770138192986,-0.23136132419141744,1.4489898145107671,0.016550124108373088,2.1296602815782917,0.9235006051522644,slouch
50.28,-0.025153152175078047,-0.20080344154833107,-0.3089321238489089,-0.2661766734191658,1.3202467091058165,0.029714484398180127,2.2722624059167154,0.9525141633074513,slouch
50.3,0.05284249694322914,-0.1559066382939593,-0.281510943722284,-0.20792607181952472,1.2758120710906755,0.024182207591670432,2.035560620339952,1.0192966360278068,slouch
50.32,0.024516437826283148,-0.18599754606733745,-0.3068785932693766,-0.21967359499264522,1.367406434438993,0.043554243199330524,2.1070334471767334,1.0489822878529376,slouch
50.34,0.0012929796819331717,-0.16285905920352403,-0.2793530681316119,-0.23187325317670715,1.285379538323339,0.029372441356693698,2.1106564155854937,0.8922843785098181,slouch
50.36,0.009636525858129102,-0.16799506040177653,-0.3581649215349495,-0.2472966377280532,1.2596939053075884,0.01978952158414658,2.1770055151604946,0.9019861162519568,slouch
50.38,0.04434812505538895,-0.15546544714327082,-0.3274810162623439,-0.25505772681071315,1.3349595525830624,0.06398090749205548,1.9638371326290083,0.9969150073203196,slouch
50.4,0.05019036024982742,-0.15451996223232908,-0.29292467894758545,-0.26798668062918835,1.3362769383435535,0.04967600320665415,2.0683446641292886,0.9702473287395794,slouch
50.42,0.022863304125613177,-0.1389339761240511,-0.3154338497536076,-0.27662082839730934,1.2045096565899096,0.05393691671911213,2.045754764122773,1.0031839978325894,slouch
50.44,0.04800458249098483,-0.1848845133221282,-0.3201426516769335,-0.2529458792313424,1.150990100139759,0.01392875495517322,2.2009509967374545,0.8275084937841414,slouch
50.46,0.018629844044697745,-0.17441279775530708,-0.3189225899155848,-0.17936482894013683,1.3591346723986373,0.0628794126315202,2.192053629758459,0.9543912355429057,slouch
50.48,0.010442820139260635,-0.16268989281330706,-0.29394407323241706,-0.2359061218182936,1.2179390299593331,0.016492887609400958,2.023936243107315,0.902309639088302,slouch
50.5,0.061038964482529746,-0.16881159936738185,-0.3054516227742011,-0.25948295739045113,1.2900303956018893,0.02574164352948609,2.125167564263789,0.9904951308838666,slouch
50.52,0.018240399526414007,-0.15469863368813866,-0.3014459117425975,-0.2314359410338233,1.2385240246963012,0.027345648935947944,2.0263321289995897,0.9328431409762133,slouch
50.54,0.06455601453064612,-0.17075092854023327,-0.28851844574018515,-0.24053693820630512,1.3756571217540257,0.04446565990681297,2.0364925161078373,0.9256725391675731,slouch
50.56,0.012841286881202077,-0.14321743338976345,-0.2746490681182286,-0.26089544855115543,1.384310286704356,0.030823497591329765,2.0750029747494967,0.9318209169708607,slouch
50.58,0.0346397431042444,-0.13916559568029233,-0.29455149964481153,-0.24550973987211727,1.2556763141481615,0.0382439050981754,2.1269469168839223,0.9661340923115123,slouch
50.6,-0.019320303741303013,-0.14997924352474604,-0.31135330085056684,-0.2521899205145727,1.3622583576381133,0.0432207420949084,2.071362179633103,0.8714042023253017,slouch
50.62,0.011116293419651853,-0.1925088536930965,-0.3401499959021672,-0.25340830324717195,1.2479523075612413,0.05212105454142635,2.1282757710849016,0.9029004987792109,slouch
50.64,0.01730743427587413,-0.15314001875372152,-0.3177382442348593,-0.2630648851095667,1.260186053220224,0.05249202282194975,2.2458338757090526,0.9620737775319717,slouch
50.66,0.019398338912643462,-0.17729583098738236,-0.31487201871813936,-0.22442356003364497,1.386672696155104,0.04742949340690347,2.1561611606100892,0.8890401281831415,slouch
50.68,0.05574340082450445,-0.15587798491409272,-0.29831251422757976,-0.2283539547431516,1.4011730312167112,0.06507582496710361,2.0775451528956235,0.9084721089948945,slouch
50.7,0.01591467893293446,-0.1732819383635397,-0.32498600588674287,-0.2583448854532268,1.2478921512099723,0.013301987301464036,2.1244947024733896,0.9278418512987772,slouch
50.72,0.04445074880959655,-0.14333028027256037,-0.293409692972669,-0.25111826235474444,1.249095508159071,0.0,2.1306190958424236,1.006410667203222,slouch
50.74,-0.006494833489893443,-0.1604347401227017,-0.2563384057902673,-0.23771776464236205,1.295085261775528,0.025942164948762152,2.0084088602401495,0.9746410326581555,slouch
50.76,-0.00463080985000364,-0.14986246759208655,-0.30936113504388035,-0.2699857438439627,1.2828088950829517,0.041208510746575916,2.0657266687065063,0.9646114677105408,slouch
50.78,0.02578288466669309,-0.19094588938042856,-0.3027261567199098,-0.24962469897587528,1.2105592602677953,0.03950924891112207,2.1245552168644535,0.8262900564593929,slouch
50.8,0.022522223074970704,-0.17581211743239003,-0.2970634874235812,-0.22026019712449676,1.1887311477547184,0.04239930645005904,1.9948605042713539,0.9664596088128361,slouch
50.82,0.0058926298783802105,-0.18468013348275172,-0.31132256467308067,-0.27532425190768456,1.2493379234442277,0.052331830242816665,2.1172825372275037,0.9525856786327455,slouch
50.84,0.028822312287088814,-0.1845772613878083,-0.34902608105956845,-0.2600267062459909,1.2112815848518788,0.050786460890776444,2.1183650574590827,0.9941365712308033,slouch
50.86,0.017827283035781377,-0.16631740212458185,-0.32876617907721867,-0.28116074291545384,1.2325629459655185,0.065595557392378,1.9764844635794678,0.9925143918843038,slouch
50.88,0.04256555815996783,-0.1556109635336254,-0.31134602680952805,-0.25498030562079416,1.2286588058312775,0.08632662084901638,2.0905542761373757,0.9015623715384147,slouch
50.9,0.010850127915622662,-0.1626935724144322,-0.3497997637306084,-0.23667073271977435,1.3452238772614902,0.050069152046516345,2.1430093462999134,0.9095979248194915,slouch
50.92,0.034902021420198874,-0.18327988611688303,-0.3216036789256273,-0.212998463320893,1.2778762506219625,0.0410561169427544,2.20946860425015,0.9112005839635505,slouch
50.94,-0.012670544468223438,-0.17180471337949765,-0.26942370754405026,-0.20994623010939997,1.2694814640137067,0.03362489481093804,1.9341904824296337,1.028360001080454,slouch
50.96,-0.020770693079321476,-0.14376872088385753,-0.3031624667316348,-0.21876640795822874,1.487207928021799,0.008660690799691274,2.226462116927702,0.9557955153093844,slouch
50.98,0.05414271494025798,-0.17543150309420347,-0.32261094519797623,-0.26236576673341844,1.3794082588554648,0.04514296523797867,2.127765115208072,0.956561107944636,slouch
51.0,0.03924323035622923,-0.16491565809430667,-0.2997612118090366,-0.2593927771256437,1.36029395570769,0.037134140351295676,1.9548915025619849,0.9477222176857982,slouch
51.02,0.047927164767197813,-0.18935250187155098,-0.2881345288147628,-0.2985154112314269,1.253010240033929,0.07615015945236613,2.073809434286606,0.9492108441449394,slouch
51.04,0.015955793506150878,-0.13246252137330874,-0.3264756979662275,-0.28454010397519514,1.2721268385073916,0.046804980786304275,2.036505782879554,1.0041077528742415,slouch
51.06,0.02579890118514434,-0.15289468577606322,-0.307487179087385,-0.19934915288042124,1.2327415843393519,0.015007024459175424,2.1113470473880156,0.9297073574073926,slouch
51.08,0.021687375076379464,-0.15541121774384634,-0.30989761001637794,-0.2923586010462819,1.2793035484602866,0.03258635309395,2.196566079990798,1.0007110262837478,slouch
51.1,-0.008088856865491297,-0.11943114820127618,-0.3565891558221352,-0.2240679521852213,1.305028846871292,0.014079351172553838,2.0599074344978345,0.988461872396219,slouch
51.12,-0.000994390645508619,-0.15263052363019458,-0.31371716814086936,-0.2619337826386738,1.3303433797605895,0.036280841195585764,2.143288157609518,1.0536644777469415,slouch
51.14,-0.008957531520003075,-0.1796675266659048,-0.30901678749717415,-0.2747283420763844,1.2537262271389826,0.03332817542443227,2.181076650732334,1.0298977297377914,slouch
51.16,-0.005709271359912691,-0.1761490903238457,-0.26973143360024276,-0.25195819942799147,1.2253878624203647,0.017798619127523573,2.028731449029155,0.94568293545693,slouch
51.18,0.02413156289600114,-0.16613600973574827,-0.3143712112717958,-0.2672315627221825,1.3219759417471,0.04825844306843806,2.111458436873342,0.988018722644722,slouch
51.2,0.0758729664866498,-0.19165252625312437,-0.29226759824665016,-0.24611602518971165,1.3393427372131093,0.05352565318978867,2.1206548340203795,0.924504230367841,slouch
51.22,0.04612799268983074,-0.13753882014583566,-0.26916214174720676,-0.26529236935035516,1.3706036972655595,0.03300856865792013,2.0806564626262087,1.017187828824952,slouch
51.24,0.030525018864690827,-0.16222904053945428,-0.2749313084263606,-0.2528533513236787,1.2345324999572846,0.020853514850427107,2.1485119111016124,0.9337314823586036,slouch
51.26,0.026818834858771755,-0.16807426649321208,-0.2908059806535615,-0.26434045133607037,1.23696445914057,0.02885733603986578,2.154569526143999,0.8893694205053249,slouch
51.28,-0.013012437993617244,-0.1847121849674628,-0.30560869853364864,-0.24149818920135854,1.1670659798693923,0.057127562399890267,2.0595103019795706,0.955925277991118,slouch
51.3,-0.025333762404842135,-0.14894777220823893,-0.2935898716632462,-0.23240638601751584,1.4275793650626234,0.054325781815804934,2.105860841479003,0.9914364275101029,slouch
51.32,0.007724420765962763,-0.1329962615585706,-0.32591827662984535,-0.23674055775454844,1.4370901248610852,0.02147373472669075,2.192748401415977,0.9156853204203824,slouch
51.34,0.0328664411540684,-0.1679966569214598,-0.34693324766556255,-0.2620460457168405,1.2248619499711524,0.010792798973427368,2.073943895105304,0.8852503156613382,slouch
51.36,0.0069365750643677615,-0.1829481059505716,-0.30301179608142015,-0.2523488937822218,1.3796610626739896,0.05229351931042168,2.079624315259481,0.9506994924083226,slouch
51.38,0.007577595265987095,-0.16230213943071947,-0.30970785113640315,-0.2684429077895368,1.3328162187832764,0.054136506411713255,1.981360526545679,0.8480215993099224,slouch
51.4,0.006239311236781346,-0.14362828039299433,-0.3383074047791255,-0.22132876905624999,1.3211639642941662,0.016719875393578488,1.9428461481997918,0.949625999342961,slouch
51.42,0.006045338089015992,-0.13608919212163634,-0.27337021783147075,-0.2861909804356066,1.3094460759922144,0.03349039833233865,2.0532778050831584,0.954630722517082,slouch
51.44,-0.0015213953992356851,-0.18089450972438595,-0.3075073600965503,-0.22706578405817418,1.3026409481879115,0.08055599658528485,2.1036634950157707,0.984872279200725,slouch
51.46,0.023375466263347047,-0.1540387046595641,-0.31623785571663465,-0.25960800451275357,1.3981606981867774,0.021044571594213447,2.0977658363948333,0.9386610943489013,slouch
51.48,0.014047901975434549,-0.13382350917264385,-0.3008569581968317,-0.24709040821537706,1.227806752457712,0.06643417530455706,2.05348248448485,1.032425857146489,slouch
51.5,0.04970592979074933,-0.16622224096451985,-0.29197880790710673,-0.2819174022094573,1.248301713752442,0.042032486614327236,2.0877113726993355,0.9902041137274015,slouch
51.52,0.006772491496107126,-0.13743822086022456,-0.2860271983577445,-0.2563534524662473,1.3180485844970735,0.04728196567587123,2.0878124525610167,0.8689166251115461,slouch
51.54,0.01868471565176874,-0.16385676434597266,-0.3327803229816384,-0.2194037259666249,1.229837365697001,0.04740811081410298,1.9577224602001468,1.0330683792290554,slouch
51.56,0.023694209631702795,-0.1583368196350796,-0.3041739896465936,-0.28139811701693795,1.2954734986713405,0.02895429842154438,2.2379013351746826,1.0154089004798905,slouch
51.58,0.007095455622054901,-0.16414468788319544,-0.28538549657580914,-0.21862459042133847,1.2919389384470097,0.028205848929441734,2.1205725597748386,0.9915224039821023,slouch
51.6,0.036869977954820984,-0.12675857974099272,-0.31666960233129143,-0.22503937238268762,1.3159303382412093,0.038499046162063795,2.091754373723733,0.9301512398818405,slouch
51.62,0.017177342166755805,-0.17065125028726058,-0.2745154932610196,-0.23378904666458952,1.2820793317431152,0.06601044691161367,1.9967721034928816,0.9749890800935743,slouch
51.64,-0.041153944401780586,-0.15915184177710132,-0.3398357406679622,-0.22385686123202123,1.3072521704247935,0.04415607130960009,2.185512336872608,0.961038485995718,slouch
51.66,0.02227660931929408,-0.15100365009189434,-0.28277671139658317,-0.24385809641680722,1.1025935949784236,0.06408029386745073,2.1708879233919682,0.9733015740794932,slouch
51.68,-0.011616249323690226,-0.17859023877989127,-0.30909704313087755,-0.25518114449772683,1.32281761759306,0.05698196718058745,2.145583044016611,0.942266379558329,slouch
51.7,0.014490343470454057,-0.17948358432192943,-0.34711617626886543,-0.24849494304990138,1.2612267960332193,0.01910102000484026,2.156069666051597,0.8977247956781322,slouch
51.72,0.02960879920095687,-0.1579791327244691,-0.3114555498892614,-0.2462708258951841,1.1691754780712318,0.019109069263395177,1.9466523888780864,0.9702874606527074,slouch
51.74,0.02614520704863687,-0.18079909574943887,-0.32343904300667115,-0.25234812459773553,1.310113953992394,0.051708388228561934,2.036805351572263,0.8871889516147896,slouch
51.76,0.04521106977189985,-0.14834937628381994,-0.34001730101855854,-0.2632366788589816,1.2788233839736325,0.03818355944326965,2.0897795785429625,0.9918325926675733,slouch
51.78,0.007820565294783302,-0.1969650757881986,-0.31184336423153214,-0.2792780103947382,1.2180152564575264,0.025634554349654618,2.225469243886442,1.0102102396325836,slouch
51.8,-3.614315396217452e-05,-0.1530905645427375,-0.3046937208135468,-0.23779220477392227,1.3540556167055549,0.0052275312563081315,2.0197617769177088,1.0126696525537542,slouch
51.82,0.015770037454033378,-0.14807847374528804,-0.29864492682103544,-0.247822716741274,1.3925699895347394,0.05256554052178027,2.0650841831845383,0.8279590998709196,slouch
51.84,0.015733871881506566,-0.17330366455581392,-0.30612011721753424,-0.25750790738034673,1.317620899338138,0.02146661776200673,1.9929595138637153,0.8663417775493785,slouch
51.86,0.000866270798953172,-0.15339379802521647,-0.24737927592018402,-0.2479709546336463,1.3140493025721718,0.025075085674328732,2.0449021256984095,0.9077521681799218,slouch
51.88,0.05376315969424964,-0.18331355248967685,-0.30397430320359736,-0.24821500654928616,1.2157122357463679,0.0,2.0030893365841527,0.9866845240987923,slouch
51.9,0.025709965992176752,-0.15997689291731276,-0.2563463184597506,-0.2536311897609558,1.1923024662556028,0.067258892671175,2.029315046472783,0.9522144456876271,slouch
51.92,0.012131564751053826,-0.19136017152587462,-0.2771815685608931,-0.2690494316606456,1.3196027216671469,0.034016122529425145,2.175608728485339,0.9083373938248369,slouch
51.94,0.04113757482308219,-0.14270992752712996,-0.3159444809096771,-0.22062597863627254,1.3518254817040551,0.027283499926885946,1.9838272767602056,0.8974234184259093,slouch
51.96,0.017940070289861606,-0.17353595357901858,-0.3221225429069531,-0.24620998364952482,1.2968072616611306,0.04582141973121863,2.2112682384465314,0.8477130321137802,slouch
51.98,0.01747449745758848,-0.1829797554611753,-0.2988002769322165,-0.2721754991449234,1.2041087758057218,0.032946975075066776,2.0724935091094228,1.0393684049356098,slouch
52.0,0.016929351257716586,-0.14222758832538496,-0.29543975779789,-0.2546973428868499,1.3729218128370224,0.05281883566574407,2.034672836486296,0.9332164697095239,slouch
52.02,0.030454499281340138,-0.15280170407722465,-0.3281552300808207,-0.2480683184218886,1.2945114977718224,0.026835874000716235,2.1802760728628976,0.9808756505911532,slouch
52.04,0.03182577322026832,-0.17137029753954658,-0.2843497517813046,-0.2852596521640144,1.3088250841189408,0.012781897721584704,2.119257626940403,0.975892903141636,slouch
52.06,0.043753732328762,-0.1553925253583166,-0.29688297046705686,-0.24639719853975098,1.2871019203601266,0.06786411608305827,2.206092312755561,0.9239714395642762,slouch
52.08,0.04912731520096548,-0.1384858816291963,-0.3380369082527531,-0.24742673292434408,1.3736410448715322,0.06182307791675916,2.155699773377191,0.959216292841507,slouch
52.1,0.007788303103579892,-0.17417639441062885,-0.32284074198639234,-0.2987002999039546,1.2656826191759576,0.028506113313836078,2.050410189233375,0.9957769275474125,slouch
52.12,0.0008797714866250317,-0.18017778141279545,-0.29354855369222366,-0.22739660612644724,1.3330336700302208,0.0628759232461231,2.141119290391705,0.9521584768533499,slouch
52.14,0.03576442319832825,-0.18820786016270535,-0.3202783544533982,-0.24506175121805635,1.2758173702378788,0.02402004370451969,2.094027350666155,0.9380945764652479,slouch
52.16,0.058018017827035404,-0.1568439603766316,-0.30224228930446506,-0.26072244309793413,1.3643061695779968,0.024007738078830557,2.077877132596208,0.9809971434422198,slouch
52.18,0.014977906750984031,-0.1661384526565468,-0.30391121904360213,-0.25101181724180666,1.2191717972472782,0.028118716414837118,2.099102356893372,0.9459482942095375,slouch
52.2,0.01592686742204333,-0.1790538543226916,-0.27130779150940765,-0.25792455904237965,1.2992411677007456,0.04887380840914007,2.1807710723396765,0.9578341297970548,slouch
52.22,0.045434626157220714,-0.16869389842645274,-0.3301976170493124,-0.2610281684847347,1.3467031915172472,0.033462516045462874,1.9968429040765248,0.9434810656367405,slouch
52.24,0.005888390337127434,-0.1793023563243734,-0.3702271441978103,-0.24377014609703648,1.269121897889322,0.034644664457690814,1.9357205969633187,0.8414859777988818,slouch
52.26,0.011815772903583325,-0.13308032663067298,-0.2766075496848594,-0.2866237768328443,1.2688532997442872,0.05476888716705758,2.1007598011393416,0.9471841433597217,slouch
52.28,0.015729088500829054,-0.16029352950492698,-0.3301369690890955,-0.22838728334719763,1.2812684880199783,0.061472463878297356,2.2292581306109622,0.9503330286603654,slouch
52.3,0.006402952293404847,-0.16170123155510652,-0.26321162456104136,-0.3075450236344075,1.2973309236450832,0.04239971251261942,2.020497099272585,0.971991791289305,slouch
52.32,-0.00946595903763244,-0.18245839639159236,-0.29872325766780616,-0.24551282242526057,1.1825749776650132,0.07724620580712288,2.0668163911869795,0.9436500391238343,slouch
52.34,0.06407823062653692,-0.1678062675728045,-0.29419763742924654,-0.266094229999963,1.2865206451057405,0.02538342990349803,2.088044605754552,1.0446741117221983,slouch
52.36,0.02288259682033537,-0.18566288825806582,-0.2636610289952028,-0.24111775222618162,1.3494685021705224,0.029739896251424654,2.2587018644170187,0.9347875196480095,slouch
52.38,-0.002476278145814955,-0.17255774332583368,-0.3150126397422327,-0.23517729990282885,1.2639636847665394,0.04308015407321431,2.1306561740941943,0.9168053170029534,slouch
52.4,0.05529086064834742,-0.17362571456901943,-0.33653435367821855,-0.2413033746625426,1.2901951765566777,0.032223065437289686,1.994790262139279,0.9126540008702172,slouch
52.42,0.00836203653066708,-0.18204184801584614,-0.3111885952334562,-0.26568677566909543,1.3842912193504122,0.08160941574489942,2.1037668435721675,0.90425319410969,slouch
52.44,0.008602139407527251,-0.1703597233352455,-0.29316193357169307,-0.23990695053103225,1.3159800081268342,0.03880268481072226,2.1093393036806414,0.9829968182355798,slouch
52.46,0.02486478122255986,-0.18089620851301502,-0.3239677197245565,-0.22420450846968656,1.376193242407683,0.016669551192679998,2.048503722981635,0.9690107670402093,slouch
52.48,0.03217638548941667,-0.17047919156589764,-0.2540050056871594,-0.20198456348258984,1.4269736767788332,0.07790208850198989,2.2739827480799595,1.0117097079525508,slouch
52.5,0.04482281095046739,-0.21036545207837123,-0.33063973750522774,-0.24561565744808975,1.366498904686522,0.04868360927052772,2.066236402929848,0.9079863299731071,slouch
52.52,-0.0018305906939301828,-0.15301072583616873,-0.27325640974494936,-0.2520324714540544,1.2358790245122342,0.08075679393441357,2.032626332538656,0.9463978933285209,slouch
52.54,-0.0038732204263471266,-0.1662303060439439,-0.3201886284664408,-0.2612272318030072,1.3526675632793053,0.03704590718848034,1.9995801290443838,0.8960152113374176,slouch
52.56,0.03080701269080898,-0.19849452359847788,-0.31336997716239784,-0.22059183809078542,1.222315408174091,0.02989946955084719,2.0417306441619365,0.9915241146005259,slouch
52.58,0.0208877830381543,-0.15559269450378346,-0.29675189099307564,-0.2697784484599017,1.316191033491678,0.009963501833488392,2.0196097254366,0.9351220357072328,slouch
52.6,0.040312771241300324,-0.1639122911617589,-0.30383871272049173,-0.23357237677736034,1.368888914246332,0.03605095808327273,2.015598945614727,1.0125096119138715,slouch
52.62,0.009159688686218033,-0.1930375032538434,-0.2403867995835606,-0.27967707988087426,1.388299422127203,0.07108432120689265,2.1371972148989262,0.971035157095035,slouch
52.64,0.014416204817241991,-0.14343385618676124,-0.28183411764576644,-0.26611617755070155,1.3274641955927646,0.05883759850499703,1.9962657257118661,0.9176627122262033,slouch
52.66,0.024728332971409684,-0.2049461217108281,-0.31865438913458893,-0.2451408891522109,1.2679241260004466,0.05171095080459687,2.0301993674993435,0.9276560672088213,slouch
52.68,0.049761483619555,-0.1774933225513053,-0.2878997778832354,-0.229711833962857,1.343205419132663,0.046681080936163445,2.160634637820439,0.9167178712686191,slouch
52.7,0.046014603025145415,-0.14903727253830926,-0.305560413481143,-0.22120695669178086,1.3054467915827805,0.029846576506493267,2.10496161967397,0.9045895558289362,slouch
52.72,0.053311313740845724,-0.1645552421184616,-0.32996023731023294,-0.2486013352501985,1.3542259227669762,0.044955120462334665,2.0615291771307778,1.0788475620605529,slouch
52.74,0.014521464759037702,-0.14810204279098185,-0.3342382766193381,-0.2403400516090585,1.3779782909641785,0.04034846202675581,2.1072331451188564,0.9012751408325896,slouch
52.76,0.04937475840511959,-0.1476548919170556,-0.30232155107721065,-0.24731158523936156,1.3061984211091973,0.04203261607037732,2.10383746682436,1.0599964066916534,slouch
52.78,-0.031342318128600624,-0.12521229840891793,-0.29690778204024343,-0.2617286796063296,1.3033131335489943,0.0,2.142902780431353,0.9603926673443252,slouch
52.8,0.046790722132878854,-0.14996583525245136,-0.3316661419530793,-0.23660728629567374,1.296622862938392,0.045350937625482826,1.9125248965410582,0.8806207031281421,slouch
52.82,0.014551324408086284,-0.15270270361244562,-0.3091560306378987,-0.25752477185205586,1.2420951868019041,0.0721304997338834,2.1816442068410313,0.9330951919796607,slouch
52.84,-0.01987244932429018,-0.20814780204140926,-0.285566749918806,-0.2366366961394986,1.2647861317453863,0.029478789969606744,2.0159529443092192,0.9709602912868408,slouch
52.86,-0.0021670214948502774,-0.17554979409657123,-0.31306711415169036,-0.24682479119800363,1.295204945368573,0.0339735679587443,2.11127354383747,0.8653193161411914,slouch
52.88,-0.006377019928086156,-0.15893387980068563,-0.28611576602195626,-0.24271239065293343,1.3527052824620842,0.09107811817190008,2.215691934552281,0.9282125483780371,slouch
52.9,0.06118558064146782,-0.14010413033586416,-0.3002711213266744,-0.2883738430930376,1.2066639270191635,0.038010841852793346,2.1101881991441402,0.9632565784503899,slouch
52.92,0.01553004307501417,-0.13948891874425393,-0.31533850197263935,-0.2448171819538405,1.2583601409499512,0.043282847179122556,2.0707903557891054,0.9558098747280109,slouch
52.94,0.03340101413942524,-0.1504610612967759,-0.2866578582338154,-0.2403352278940498,1.2338310851996872,0.0344365125298293,2.180837039902961,0.9429637266041254,slouch
52.96,0.013451837073573022,-0.1627293450223681,-0.2931025679945741,-0.2351941190117665,1.2806894442464305,0.056868902512165316,2.1185943226894524,0.961324866679872,slouch
52.98,0.039009200345889936,-0.17888805933561175,-0.27391925348231017,-0.28709028245555374,1.3516578223651314,0.05429626632405739,2.1322179874447476,1.0172996405163286,slouch
53.0,0.052113525815315864,-0.15101426100096982,-0.3242352231824787,-0.19620089762322768,1.3325662178775672,0.05437926984610463,2.006504197792568,0.9291953040286294,slouch
53.02,0.0049772960258935035,-0.14411020803581745,-0.3294427036002952,-0.25501345337231723,1.2976150952158574,0.07750341392652127,2.28673613054947,0.9190439524789191,slouch
53.04,0.06053782336041319,-0.17547656662000347,-0.3369277104415619,-0.24203579426280147,1.3348331642743125,0.02837335031862142,1.9953171446419948,0.8879653979761545,slouch
53.06,0.05940335524752341,-0.16529282479686327,-0.313134654919193,-0.2212744856820384,1.2545742860756874,0.015987412680312073,2.075198757561702,0.9231025544692755,slouch
53.08,-0.008819790993557034,-0.16731193978217973,-0.3103942027211301,-0.2409014885742462,1.0936951975716565,0.024211391821171765,2.092152504990289,0.8908093657280786,slouch
53.1,0.05756534017396482,-0.13643826139064236,-0.31033052947632345,-0.2840138943184202,1.416263415701738,0.008448801115879095,2.0109370473422854,1.05179432045399,slouch
53.12,0.0065789497410293565,-0.1576715099865693,-0.32119149979181333,-0.23165791873191138,1.3934187102431344,0.03373230425624784,2.1520751345691256,0.952423844153403,slouch
53.14,0.006506878502339697,-0.14171678092471834,-0.31763496858727125,-0.25522139259542725,1.2937215809999858,0.037084857409140595,2.0325189172017715,0.9684565264793166,slouch
53.16,-0.05216513811156615,-0.1471250570510778,-0.30207100503312184,-0.23833605527135288,1.223373179639808,0.03954032396342832,1.9466289425546839,0.9176283453511614,slouch
53.18,-0.00825583996235702,-0.15057772387680596,-0.2954513181840382,-0.24338840695850392,1.49687035039097,0.026002454794623805,2.106221635951035,1.022537913243983,slouch
53.2,-0.002584796808426249,-0.2230173344083061,-0.26590297724381146,-0.2376386592264588,1.1955318628010585,0.0484523406241283,2.086258468235245,0.960779770881397,slouch
53.22,0.013991587867464081,-0.16410430171359072,-0.3045000516031411,-0.21591326196919536,1.1478038355242959,0.010883496686623903,2.1944330947383683,0.9777698612388465,slouch
53.24,0.04616386325711904,-0.1766748905345468,-0.3079888414058034,-0.24534804970468208,1.3427528737648158,0.026485114083900127,2.1158993205024372,1.05563141534322,slouch
53.26,0.03877914668515628,-0.13426926303635164,-0.2665672225045117,-0.25310381069277366,1.215222205145809,0.037802842238848715,1.9700022799781043,1.011985661433762,slouch
53.28,0.03192327770594995,-0.14241745964460786,-0.2949799424547121,-0.26429661361837825,1.2454114883301204,0.014205512805299981,2.042688580757667,0.959124408971739,slouch
53.3,0.005695366305124852,-0.15265315900419843,-0.348665699544999,-0.26315887928996856,1.4048816643824429,0.02832810879568127,2.1064054111166683,0.9753866672658243,slouch
53.32,0.03872732535958738,-0.15843119908490566,-0.34209525240620886,-0.2808220646810391,1.2553806053991285,0.023643719036052318,1.9972148240208045,0.9110588522292117,slouch
53.34,0.04204236916221403,-0.1646457989141047,-0.30997881691523727,-0.24246578244786707,1.3335562336662434,0.03418165194313857,2.1838101621298107,0.8575389327059453,slouch
53.36,0.007043407930091235,-0.1435766555794966,-0.2968888089747445,-0.24311334311904023,1.3734175009997753,0.0341185473714627,2.1903477917840215,0.9984256574531758,slouch
53.38,0.019953689948744215,-0.17962674547361202,-0.34224845923495173,-0.25110895489884355,1.3730667179214724,0.07162886305145953,2.090954599885285,0.9259025864561533,slouch
53.4,0.031207138411865263,-0.1837499314398974,-0.300901357218039,-0.20118986540676764,1.2626522101737048,0.05276181236665638,2.0021977009901537,0.9754985141275576,slouch
53.42,0.007897845659064677,-0.14125888084185093,-0.31177474043172,-0.22739156706950378,1.222882542374277,0.02102766634012267,2.14948531323279,0.9413106698578189,slouch
53.44,0.06093213702481369,-0.17082700413490637,-0.30242026759296275,-0.24692512299575015,1.2896381548801243,0.032157380348272424,2.136006435639035,1.033041436931369,slouch
53.46,0.011719942666796794,-0.18453230775952179,-0.326553232132331,-0.21274907353786457,1.4174791553789041,0.07604255703539214,2.1258896155772713,0.978832013041488,slouch
53.48,0.046760625244489595,-0.14859293595217762,-0.31229731196344584,-0.22454113135716985,1.2781591716899474,0.06063976219293821,2.1078698195551966,0.8730792345645468,slouch
53.5,0.05714557209542053,-0.1826858674626857,-0.2785663874673158,-0.2811961929449673,1.3181425952991797,0.038021077472104564,2.021858672379459,0.8975325518261627,slouch
53.52,0.028425618009683934,-0.1666876640635446,-0.27057741074945646,-0.2768941483826468,1.3154427735229859,0.06392790641517353,1.9203643273917634,1.0528543154747785,slouch
53.54,0.003937555345085416,-0.18781609797996732,-0.36313958517440204,-0.26633052221083464,1.3873138811705115,0.06083393784902971,2.129345135815397,0.9842804825409784,slouch
53.56,0.030910971521017967,-0.1619541758212144,-0.2971178921473463,-0.24728235485281444,1.3252115786305427,0.0452491758336549,2.2120798558053276,0.9156226146480385,slouch
53.58,0.020133060766259363,-0.1916502830606173,-0.3457790918806177,-0.21656517823422405,1.235449319988914,0.049499417925220376,2.0626536860498326,0.9592143650093983,slouch
53.6,0.06350570039924833,-0.177582766674948,-0.324941385230923,-0.2697388757429633,1.4320332132430036,0.06684718339759065,2.131108833876871,0.9861399866616672,slouch
53.62,0.001926608294546978,-0.15864623884771897,-0.35154773732490946,-0.26426945437004656,1.3675585273168398,0.030242619484137624,2.10067124732891,1.0374210485970752,slouch
53.64,0.009907798516450881,-0.15878334338580824,-0.30070340331434153,-0.23481052516025638,1.2817275601768572,0.021535784102684623,2.17967774116871,1.0090211134964047,slouch
53.66,0.04899565091590913,-0.1781493565064343,-0.29091150598576937,-0.25054027880970114,1.4393056462649223,0.039862150512856916,2.2271572539413103,0.8921913196058798,slouch
53.68,0.01049364546203647,-0.19043716396457025,-0.3040899597225167,-0.23361543261870596,1.2401562540507212,0.02112994343320174,2.109442436067549,0.9932519313611534,slouch
53.7,0.006336937389651832,-0.1851616701420211,-0.3371221805958995,-0.26675076690963423,1.286097402776023,0.02798132641400019,2.0849951434651137,1.0051588305036205,slouch
53.72,0.030015705920364906,-0.16159360589659935,-0.3114137970367419,-0.264842758447012,1.3301202236970306,0.05899213025774783,2.0950703774322497,0.938150182506978,slouch
53.74,0.038658177184343,-0.17392279187895965,-0.31451277299154573,-0.25821465837065055,1.2219814300075822,0.03859036716388876,2.1518534383640695,0.9135015935861865,slouch
53.76,-0.008444039456484958,-0.14156039675690016,-0.30271851214169554,-0.19222155883630215,1.2472159691216584,0.05342377626083772,2.0922801372442783,0.9891181852305657,slouch
53.78,0.03479775317379211,-0.1591692387577779,-0.28991058862261043,-0.2454515906986791,1.1903354664994825,0.03279257262929279,2.230968495555836,1.0497788456683819,slouch
53.8,0.021696420274646574,-0.18167966963629845,-0.2768791439686726,-0.20480646323774832,1.253901776626958,0.02594537669566992,2.0687942436681555,0.9096206661373752,slouch
53.82,0.01474714949178261,-0.17047853472072602,-0.32785784421645975,-0.250067204599955,1.2965248138797951,0.02525787223106618,2.1336118289079797,0.966100837296901,slouch
53.84,0.035273751299312976,-0.1706856872041557,-0.28173860826452535,-0.21674533544079394,1.3403032654446931,0.02936186268586182,2.0809914563364345,0.9844806734897859,slouch
53.86,0.0016592808505796793,-0.16544586813758141,-0.31777461354438596,-0.23056918380057925,1.3377897498837295,0.06562472175408614,2.1065291051917368,0.8833426681439894,slouch
53.88,0.04335529665665738,-0.14737114202395088,-0.3219729225510589,-0.2772991369589131,1.1534233713098008,0.051524019196770035,2.1254602720633473,0.8964502611541534,slouch
53.9,0.008732345475182021,-0.15771032491749296,-0.2743316588691156,-0.2560743755080211,1.2604454744793792,0.05805860135859534,2.0646746321400267,0.9660429417414206,slouch
53.92,-0.007921926639730827,-0.15786343390634502,-0.2729714785858688,-0.2212674700815447,1.3882208642030203,0.07244182906353448,2.0219660453462356,0.9348355247653934,slouch
53.94,0.02647725876641351,-0.15579304855377601,-0.30552506175549565,-0.274651297050402,1.35617943717608,0.03944019289696705,2.0411500569693013,1.0338488901766045,slouch
53.96,0.028274285646635814,-0.13539906761314766,-0.2697036811180683,-0.27178162825937524,1.3217681114049962,0.047456721374867665,2.143970183986876,0.9503486296986507,slouch
53.98,-0.005191433821003722,-0.16040937169004538,-0.32400090225899336,-0.20160581094792726,1.3625884783598976,0.07521701230200609,2.1438484992971016,0.974006035197633,slouch
54.0,0.046702395883119564,-0.11353090930809653,-0.3153718040005748,-0.24387281171676922,1.2998039855151744,0.03351361103741574,2.158069176336232,0.9736962427419543,slouch
54.02,0.017076246652799536,-0.169592206872963,-0.2789875347162137,-0.2920890695733353,1.2193860306410236,0.06505897841208426,2.0912213603882397,0.996353663550517,slouch
54.04,0.02181057959640632,-0.18068555667109407,-0.3058072999797083,-0.23958863253220722,1.3017517508876844,0.0595751272113415,2.252696466633916,0.9933883545076634,slouch
54.06,-0.005443432633744372,-0.1633810317873755,-0.35916344292873675,-0.27243026396720005,1.404132050906688,0.029748127931409376,2.0730147948031843,0.9559874261561578,slouch
54.08,0.010498466070903925,-0.15602318882982472,-0.30611008759462016,-0.2287763345162039,1.191574162212636,0.04363224146945324,2.0060899461713064,1.0057179681970474,slouch
54.1,0.07124007008262218,-0.1663022239345815,-0.2907577991624822,-0.23540229651328115,1.3256530442633738,0.021228518087723552,2.0718163153530758,0.9121241061904392,slouch
54.12,0.0740100615343369,-0.15353611354898614,-0.32341958662108244,-0.26496416700298203,1.147368139993527,0.0536468763062595,2.083980601069599,0.9984756298956903,slouch
54.14,0.014864827681608404,-0.14704400416570912,-0.3086740386352349,-0.2851915742125003,1.3199101078112359,0.023260157373509078,2.208084357683809,0.9660201683188309,slouch
54.16,0.047049260685838076,-0.13982271718388875,-0.2812085525660628,-0.24457499193160154,1.1753634872345455,0.034227277655537305,2.12688567898755,0.9546664264821576,slouch
54.18,0.003122019274060015,-0.19039359782535306,-0.3029401380193501,-0.24453110008353043,1.4446105028348242,0.007706095552788806,2.111726750849912,0.9281104702191406,slouch
54.2,-0.010289783134117195,-0.1555282428275355,-0.3309781870216607,-0.22209434279447868,1.2979298980420235,0.051106047047970074,2.124359553558266,0.9731096294378047,slouch
54.22,0.007542420372925459,-0.15537923999501133,-0.29535259100105565,-0.2802756609927386,1.3282001603530231,0.0289742400802226,2.049271261518682,0.9614280240851413,slouch
54.24,0.05946152107477763,-0.18678455799468624,-0.3087701488941774,-0.2776075026116486,1.2878062434860438,0.02562558575532638,2.0545883075924727,0.9809452686846979,slouch
54.26,0.06840902105019991,-0.15517789739201773,-0.33904000889691954,-0.2609779102483217,1.2524548610168618,1.5099239987597102e-05,2.074291564801942,0.9848537893212662,slouch
54.28,-0.01928901350213106,-0.15520991324454,-0.29127614525000206,-0.2138216093236506,1.2930313840822951,0.0369401809880103,2.192831520355278,0.93811947192044,slouch
54.3,0.05666522099745779,-0.18065075568539615,-0.30749072994942334,-0.27083985424619145,1.355251911425483,0.08137580068964377,2.229613420389214,0.9942954876071527,slouch
54.32,0.04253482790307854,-0.17090929341936253,-0.31994891691359617,-0.26804901249587654,1.248871617353716,0.041560515691524726,2.0502177570666853,0.9852820399475707,slouch
54.34,-0.024594683564435563,-0.16028817570664658,-0.310244856660311,-0.2675827005810182,1.3405430853474398,0.02129111591980021,2.1998450805156806,0.9492152317175174,slouch
54.36,0.0007297233968363964,-0.17326184684602405,-0.2923611096534972,-0.24707184893125247,1.4016382167739767,0.03545146180808602,2.0609840246776945,0.9568676883385832,slouch
54.38,-0.0002987088866947571,-0.16017846778958048,-0.2855172258288805,-0.2603952191456516,1.2605266802996244,0.04753942864314402,2.1845457482371855,0.9524096706965116,slouch
54.4,0.04453133989002708,-0.15584402177437495,-0.30344801681539774,-0.2685663972989075,1.2963186233909914,0.07998803055323393,2.1297669915948814,0.8972764855545251,slouch
54.42,0.017878424360601042,-0.14260721969958498,-0.3034386250256126,-0.26234833345042974,1.2565124119680904,0.03359684615236731,2.0971476062104384,0.937248137941535,slouch
54.44,0.038943258648501504,-0.17066197496400945,-0.30083070512701765,-0.29093704905211265,1.263444081099189,0.004191974822368017,2.1131290323554923,0.8713759986460423,slouch
54.46,-0.03102764787471332,-0.1765614240184719,-0.2828125354962542,-0.24386256520635718,1.3639509722119874,0.009978668191123568,2.11759034932912,0.8408448311488276,slouch
54.48,0.026273327819559322,-0.15217454087254473,-0.3029946022967727,-0.2282821808234863,1.3010699525919491,0.05247492441693219,2.1561936963956327,0.9098570482854353,slouch
54.5,0.027330642307759636,-0.14772738306256278,-0.28130753928418484,-0.21518185565336176,1.3153801331393415,0.05649471519217133,2.0299946151373915,0.9361182187317151,slouch
54.52,-0.024546010196148185,-0.136227627569995,-0.3472081996618588,-0.20745605546215,1.2543259872361818,0.04689206407594077,2.0524565494347855,0.9602361993811922,slouch
54.54,-0.014306845763068064,-0.1687043051866677,-0.2938432465981079,-0.24149534533006192,1.3179568584025223,0.05728282462211499,2.117387071231355,0.9225933855802837,slouch
54.56,0.012857453430202977,-0.1253301577987895,-0.2541911576934831,-0.2561443591077226,1.32424095260978,0.03848733615095675,2.132776645801742,1.0180299586689816,slouch
54.58,0.02961698866684277,-0.13767261256700494,-0.2945500496978438,-0.19630461892680387,1.1965464729046915,0.04291178548806615,2.2267448572191735,0.9372080688961015,slouch
54.6,0.04794397913079448,-0.14402177439541658,-0.3238957481753782,-0.21632050717162543,1.3799806251781415,0.043708801437373275,2.0904239047276585,0.9504788289415581,slouch
54.62,0.046657389587371444,-0.1417595408143129,-0.31035159413887276,-0.26314865820178956,1.2146300888644896,0.04125501161162576,2.0649267372092974,0.9028559312565996,slouch
54.64,0.02183887691635391,-0.1389712314678664,-0.3250178144626393,-0.2256799235584146,1.2937909131946517,0.04049848958674015,1.9604329809017391,0.9440181078283958,slouch
54.66,0.06158842525999758,-0.21969071517899147,-0.3179336899623383,-0.2653032273709452,1.294644917660998,0.06583725792183809,2.0987670030124432,0.8088729451628394,slouch
54.68,0.029833902947039984,-0.15576909240776607,-0.2567195232161007,-0.2811003893560638,1.3948025349063669,0.036811269032066496,2.040398955206735,0.9881864998734217,slouch
54.7,0.07859309488227774,-0.17485759687235766,-0.29853983848027443,-0.23306264903827417,1.1994642943048954,0.02175783818753196,2.160256553727307,0.8635007106374689,slouch
54.72,0.04408755194958737,-0.16835550878570832,-0.3076364281870507,-0.2363000226299934,1.1895656387261235,0.03559121414177888,1.9649911760132144,0.8882064212702298,slouch
54.74,0.007455558492954424,-0.16152008431649753,-0.321182191586699,-0.2526744425603562,1.3242438917404058,0.022037034235405168,1.9669858943544005,0.9647528037142805,slouch
54.76,0.024997099587053526,-0.17000529369615208,-0.29978175505332244,-0.270786065719972,1.2167686682925283,0.03737849872827622,2.249038017032357,0.9829677103321295,slouch
54.78,-0.01183274091266288,-0.16072587404424984,-0.32316766996010954,-0.23810695609835442,1.3992486904417694,0.03033267014930935,2.1513555095105032,1.102821948084007,slouch
54.8,0.05165560713158584,-0.1434811672155931,-0.2544834906643946,-0.23966014699382351,1.2931952328958478,0.045052767910192,2.006734854708601,0.9360963867748006,slouch
54.82,0.019250320151500917,-0.1915035427523457,-0.2965784662870519,-0.21226848511602064,1.2288507381378295,0.04597124605258074,2.0895563798408925,1.0204870854949482,slouch
54.84,0.041496217349031625,-0.20192733534441115,-0.31859224773558087,-0.2658475532627996,1.3492364301867004,0.039565195120631905,2.250945475146101,0.9360043361191741,slouch
54.86,0.06508857007777992,-0.17161802583355978,-0.30665344119688687,-0.2089146644892409,1.2519591532112153,0.051543682156781574,2.1643972543693084,0.9454279406521755,slouch
54.88,0.0505058307831349,-0.16527569021638544,-0.2737287633049455,-0.2231820016632757,1.2804664872948988,0.04248229010447143,2.1541377120100806,0.9195049662527134,slouch
54.9,-0.05364842289735448,-0.1491177264215874,-0.2925366854007835,-0.2916520947062085,1.3943920806159107,0.03008393366349512,2.1159406634871663,0.9655636794276505,slouch
54.92,-0.004735820343405728,-0.14550690295882338,-0.26905900210771494,-0.22034097588075083,1.2784781377668968,0.038963507238077476,2.149125930756621,0.9395034989650725,slouch
54.94,-0.0034701228411534593,-0.1594616937920441,-0.2989285320971775,-0.2574467641968048,1.1913911599204536,0.025460182322853915,2.157912771415377,0.9559650383741789,slouch
54.96,0.0009716803165187312,-0.18741018952768426,-0.32976580342780343,-0.2778174655263803,1.4396873787766644,0.060933415400282125,2.0336771481378055,0.8956114816670613,slouch
54.98,0.04527659902795945,-0.18319116257036427,-0.33836365056230683,-0.25313797796073756,1.192212574687702,0.03453801643081126,2.131020493390521,0.9414498521987756,slouch
55.0,0.049450400120034294,-0.14973795199159148,-0.288912706557637,-0.21868331461985888,1.189247889491339,0.03241242439921621,2.2053590349917167,0.8806652555324697,slouch
55.02,0.025571656700466603,-0.16849161854738087,-0.3092954125730682,-0.23931891776690545,1.3523040215433237,0.0841630652199762,1.9282727361007541,0.9218667939423737,slouch
55.04,0.027029097083619613,-0.17758178317912363,-0.26853107417747335,-0.22459232308792593,1.3949706621380922,0.05480219776068622,2.047452035883923,1.0516264902990382,slouch
55.06,0.058770928969885186,-0.16120772257940844,-0.26419685385774955,-0.23316515561886872,1.3923927482643712,0.05818552812902777,2.1876484400731777,0.9531507457378844,slouch
55.08,-0.022132004120125698,-0.16306516072717397,-0.321691774843386,-0.2662960825865111,1.3284722591836027,0.013298314741229222,2.1956156817645893,1.0256930003952864,slouch
55.1,0.021778272356159506,-0.16932189987662433,-0.3436274385836638,-0.25088634440700874,1.4356020455974932,0.02993570809206564,2.081531709674357,0.9716307816280073,slouch
55.12,0.008501328095577802,-0.1962380261041686,-0.3019418810796298,-0.2369277709145649,1.263026352789043,0.04128155986476403,2.2726875824703088,0.8738101303296625,slouch
55.14,0.055096323030768,-0.16112973653188153,-0.30972545389664646,-0.21255993318818747,1.3102950678033618,0.03887425560524545,2.2003498807035045,0.9498034405491571,slouch
55.16,0.003477609353962469,-0.1696934937318015,-0.33759644385952203,-0.21919941325487313,1.2804606783866115,0.025991847223586134,2.1355970537390405,0.9458675322857917,slouch
55.18,0.02158525781022325,-0.16396206683419837,-0.28921687051709094,-0.24987312882653742,1.3667062187704435,0.06336171567632307,2.0334146707690204,0.922230421228024,slouch
55.2,-0.017566401050200138,-0.18640143876042328,-0.3042453617697628,-0.2098248172166364,1.2768988266572492,0.0,2.225004082732277,0.9912929920290534,slouch
55.22,0.03255491030364035,-0.15499078155959534,-0.30770954906618125,-0.25730067814094026,1.2765874616688169,0.0477107024763081,2.082265937457278,1.0236470945356484,slouch
55.24,-0.003918321416715778,-0.18254957623326032,-0.3340217801451639,-0.23269611942641963,1.3952311649351075,0.001198506406323987,2.0805571063849047,0.9425367014511805,slouch
55.26,0.0454498230352934,-0.17741930479641194,-0.30472853314937953,-0.2670442175344582,1.304548975222402,0.0646370233279443,2.006311385535953,0.9267620492378664,slouch
55.28,0.01794362463367303,-0.18113702971891196,-0.3070894048488971,-0.25849450934028056,1.2897763610843278,0.0,2.109570152752209,0.9328736447970183,slouch
55.3,0.013634915185150063,-0.14294436031620905,-0.29321580489331206,-0.2724575914562323,1.3858272792697903,0.04986761938615897,2.1729984179848505,0.9503879206597176,slouch
55.32,0.027658790478493425,-0.17646652091278525,-0.2961657648729481,-0.27822537455701785,1.3917520588624017,0.060504571904322936,2.197541808531064,0.823109865775277,slouch
55.34,0.013601050061739773,-0.13071773345118007,-0.29439606633650417,-0.27236943185690576,1.3004875836465128,0.038486223244651244,2.148406487063098,0.9503633223791652,slouch
55.36,0.037919851974116806,-0.15440304935768148,-0.33843384291432416,-0.23476953714345788,1.3003196286936103,0.05171274277572795,2.061452407173631,0.9933504263780215,slouch
55.38,0.01995144445586034,-0.18409693990480613,-0.3217009116445021,-0.25930879160290093,1.2106619508778798,0.061153623886799575,2.183541179297467,0.9616519785113206,slouch
55.4,0.01469252637844606,-0.17168721846097015,-0.31337166971760433,-0.2708704771521812,1.347227940715427,0.03497867700983819,2.053381322918584,0.9339055907000101,slouch
55.42,0.017174041946501264,-0.15399717273889046,-0.34304875091760945,-0.2213634597865198,1.226957578989544,0.002975222970779252,2.0219813067211247,0.9600464545841354,slouch
55.44,0.023372876463339378,-0.16559044314366453,-0.30921326618414974,-0.24151910890249115,1.2035091556967543,0.06739227193828494,2.013766062471705,0.878718056774011,slouch
55.46,-0.006348941496879558,-0.1972094261974796,-0.2942044489585241,-0.261033119818129,1.2347512684898376,0.011038869137627456,2.0500871621573857,0.9086264720189229,slouch
55.48,-0.01589269304782523,-0.16219857607028484,-0.29936486595617207,-0.26906858415987545,1.2135611459148334,0.045493297222345845,2.083254087586872,1.0085892269573036,slouch
55.5,0.04346761636142116,-0.16321707646534483,-0.2921650310005317,-0.25093514653301396,1.4524553653023204,0.04115447253965753,2.055877360945496,0.9182200198555658,slouch
55.52,0.05266346471338879,-0.19823092787367472,-0.3190890900237431,-0.2675366689949264,1.1946152089239694,0.005375737897625346,2.1276072214352895,0.9093837047227362,slouch
55.54,0.034682097805388654,-0.18281958371636814,-0.3320341002455208,-0.2551997749807017,1.3478249043200108,0.0,2.0852591309269277,0.9887076552151502,slouch
55.56,0.009172300791029887,-0.16168550734599607,-0.3178427151701545,-0.2684751366895137,1.2061562148197948,0.020542835049949044,2.071632956050228,0.9647020249460321,slouch
55.58,0.02267339186337081,-0.18489153957133822,-0.3338432323513282,-0.26483140419351686,1.3427921536000103,0.05799157517758992,2.0761611981929597,0.9066255177530191,slouch
55.6,0.03220095559174627,-0.16403185436990625,-0.3204385026885323,-0.2165614330941135,1.3648596124272423,0.011288504306104587,1.9200300656879727,1.020733017216926,slouch
55.62,0.006301779118588746,-0.1640330155120254,-0.3256892965517555,-0.2555500979643475,1.3563409536688553,0.023021860447147678,2.112422796731625,0.9341980822864268,slouch
55.64,0.018883455515467423,-0.13450146973909002,-0.28043461593260566,-0.2503123206753953,1.3573885570401047,0.02625270175198854,2.0535091575175106,0.9363693611164527,slouch
55.66,0.03392121778031961,-0.17207299061082437,-0.28603836195205185,-0.2094038922681161,1.3372800859212128,0.07361374229642877,2.183089309447383,0.9098964050099225,slouch
55.68,0.07474875876697193,-0.14225804219977395,-0.30480749016969144,-0.27830889790411745,1.3442477563856863,0.03971001919434676,2.2292985860140933,0.8664295146921596,slouch
55.7,-0.009363742491739024,-0.18733794113648158,-0.31693069634530807,-0.2740386960385985,1.26191792348088,0.0692468380415396,2.1461682226010477,0.9606120818482873,slouch
55.72,0.04700675982610144,-0.1985952486626944,-0.3144363983177431,-0.27219708032525813,1.3145529546474501,0.05446379782398303,2.0397586909343626,1.0423712933896045,slouch
55.74,0.04313504899618155,-0.15257997902173714,-0.29319009769032006,-0.25263441308270684,1.2599175638505864,0.04721474164646247,2.205356158872518,0.8968263608665122,slouch
55.76,0.0483943316447248,-0.1820053195274552,-0.2984300224510045,-0.27249910399903404,1.4172792104594174,0.05732339308648267,2.135305297260456,0.9009758824379313,slouch
55.78,0.039094787684628665,-0.14442070172158247,-0.29233129786411044,-0.24369137823298212,1.2587793582838784,0.024974832227739406,1.9508287569950495,0.8313397927078398,slouch
55.8,-0.010210942967673872,-0.14170641482277366,-0.30084068424526855,-0.2211701132897995,1.2707216773269578,0.05651938869160108,2.067127629465957,0.9571671564718154,slouch
55.82,0.0029500156903846304,-0.13320996782268024,-0.296375178447845,-0.27228963682394136,1.379026971084797,0.021493452377842295,2.1007506962018407,0.9919261222007693,slouch
55.84,0.009519838293752152,-0.15790795325299556,-0.3051997678208189,-0.24947466538037671,1.3187816000773493,0.03906700296562865,2.0081878715850405,0.8557943150250442,slouch
55.86,0.05534463906608318,-0.13567171434547068,-0.2981047136805909,-0.23679690229465078,1.2627971678015664,0.05497632486063834,2.071704875585621,0.9374650497533522,slouch
55.88,0.0394077160548386,-0.1715463335822569,-0.2951534880991157,-0.25635361215716607,1.3321356222420362,0.0424009937995793,2.0449807594953056,0.9361328410921539,slouch
55.9,0.030220222474712375,-0.15652333384615863,-0.259233360281113,-0.2466900774886335,1.2689852708447376,0.04602501352790114,2.139955585598134,1.088925881275702,slouch
55.92,0.02045058473986191,-0.1353642263865946,-0.3245907082382724,-0.2996698833163317,1.2855598616184971,0.0654677588022878,2.02088023788892,0.917822888135385,slouch
55.94,0.02249680495549538,-0.17572019057477645,-0.29797557340190794,-0.2789057900944629,1.2767496052599092,0.020102209648026843,1.9600374961442293,0.9807963032881997,slouch
55.96,0.03767722745715425,-0.18907772789765087,-0.32208045918243394,-0.21612919203037512,1.2679625229486902,0.04032796794999419,2.049848035759741,0.9289247385475883,slouch
55.98,0.030914335920671915,-0.16838177756915598,-0.2701102696132377,-0.22653359429109793,1.3306219011323475,0.005205715938507933,2.073834148655338,0.9130242123749313,slouch
56.0,0.010893239718449918,-0.18425196075949982,-0.2927520637970836,-0.2320795345897043,1.3203981382026804,0.019804347081465296,2.094603379449833,0.9649702260398084,slouch
56.02,0.011492192781268552,-0.15939129650559247,-0.2812694304088196,-0.2766592767474736,1.4156312650363163,0.028902784778032906,2.1319923766968567,0.9009389824289078,slouch
56.04,-0.006521524554849624,-0.1767328854766302,-0.3277246716940371,-0.27263712381074995,1.2927500781432013,0.0023488637523155598,1.9288120079437847,0.9260903398972038,slouch
56.06,-0.008963054735633746,-0.1355509072244365,-0.30116524465522243,-0.24968263906976082,1.260935106818479,0.030591189666630613,1.9641934355128479,1.0407484817608579,slouch
56.08,0.0363664577385992,-0.18243994521856294,-0.2805709421366926,-0.25274326266191255,1.319622141106846,0.02170742440168005,2.1964963558298995,0.9885273643810648,slouch
56.1,-0.00011438467200378,-0.18638811898730795,-0.252267638503877,-0.24737702615281768,1.3382039582239182,0.07250866923736639,2.1343700694777774,0.947080881143969,slouch
56.12,0.04292170228868455,-0.1459478928856253,-0.3384108205432425,-0.2507550037013461,1.2674109581258273,0.051020125995543446,2.0338083298082723,0.9425614303089573,slouch
56.14,0.05944942127593446,-0.16558659362769515,-0.25727849532545494,-0.2698084123534962,1.3916096114559122,0.0110572247647189,1.861831164872765,0.927049660034237,slouch
56.16,0.014449927868028309,-0.1513881384174006,-0.32251506205926866,-0.2426749926106501,1.3320576832607904,0.04592836472083122,2.0603653281011143,0.9604151387824974,slouch
56.18,-0.009822437073953964,-0.16232719727287204,-0.3083002360913329,-0.28585255816765415,1.244348976178235,0.04351228826444666,2.1915284497494567,0.9507217093704116,slouch
56.2,0.0337838760475562,-0.14640087208061633,-0.3568055599832519,-0.24975368215822888,1.2844496594693424,0.038223618684438805,2.10749612319383,0.8944153099661993,slouch
56.22,0.023041407653995313,-0.16961606423239478,-0.2754075314249153,-0.24480062594137042,1.3435079008119053,0.06571380604751899,2.1622752414662143,1.0265147816567541,slouch
56.24,0.027147812669764293,-0.15237446109029099,-0.30677031138451066,-0.25321821157318575,1.1904432995210292,0.03721213050416353,2.120730841972561,1.067298376627459,slouch
56.26,0.013776194781071767,-0.1436267482346177,-0.302016752804958,-0.24415349126923253,1.426934952168252,0.08481328717371155,2.0913015404579998,0.8978920340331218,slouch
56.28,0.03796016662419354,-0.17304274092237815,-0.27675269356108134,-0.25778421251913136,1.2907067558009275,0.06230073907986261,2.1840105555415423,0.9644231811212078,slouch
56.3,-0.0068286726774396235,-0.15881306351768967,-0.32017305294983,-0.2690846982495137,1.3568660875116965,0.05750163168417314,2.0514161604010193,0.9342845131491865,slouch
56.32,0.02470217569133059,-0.15818269248501862,-0.2815493877180465,-0.30228950796471066,1.3734642290103445,0.03998898766463651,1.9822101737705338,0.9697810840752368,slouch
56.34,-0.009360452965116482,-0.17756019673204781,-0.3397718702676631,-0.22149735862208167,1.317708721827626,0.022627978508467,2.06078530988966,0.9007199534183983,slouch
56.36,-0.017708998100566864,-0.14892508117298825,-0.31841477643019533,-0.2783412845565393,1.2772418320722123,0.048969887370957504,2.045129364696126,0.9714849260019061,slouch
56.38,0.011833506883993901,-0.16941913951286594,-0.31240965078919664,-0.21953393281953645,1.265984958775396,0.037413033718830715,2.089522482299764,0.8965639275826096,slouch
56.4,0.06579571413238744,-0.19114248385210938,-0.3101682546778186,-0.25097901030960057,1.2720956065548006,0.0457872070784575,2.1120509840206894,0.932914605252201,slouch
56.42,0.04476831558733197,-0.14951742935791465,-0.32480920084074966,-0.23849113451003517,1.2337563678749874,0.0422930411021552,2.10348181135427,0.8153983767034992,slouch
56.44,0.035669418912356664,-0.1696109343901564,-0.2888568642492836,-0.24135022692270694,1.286589698240208,0.042709713230629984,2.1940195728044696,0.9270309895013928,slouch
56.46,0.06992756595851936,-0.14782238581459614,-0.2957441671929514,-0.23619237969761675,1.3398649684104154,0.061532986892911805,2.082829959651353,1.0143733509613728,slouch
56.48,0.03021034806723161,-0.15202530669964873,-0.25230783570064896,-0.2494364457742969,1.2956155045961368,0.025574912203842975,2.0972467284330487,0.9076396399997754,slouch
56.5,0.0247749093543288,-0.16251210316127895,-0.31595046083814976,-0.27162312084452805,1.2041425639656576,0.030366059835735856,1.8698744144827764,0.9841632758405086,slouch
56.52,0.060223698403167214,-0.19193747505260816,-0.27038125660476336,-0.21499492517833532,1.210944020719671,0.016542958432437523,2.1019565116452523,0.8998175644254301,slouch
56.54,0.04830877011848894,-0.1832997010819298,-0.2882937988542502,-0.19889293048053602,1.3042673707149515,0.05051664642460153,2.291952616451783,0.9854028074941329,slouch
56.56,-0.014251347689101874,-0.13855834735016287,-0.34428660546070183,-0.26916193660796817,1.361274232266666,0.0162183038342558,2.1155516448936034,0.9799389146767028,slouch
56.58,0.05799800301648723,-0.18187370828598876,-0.3155915012996384,-0.24557890376365765,1.27537574827915,0.03980724062782537,2.1605422962418204,0.8444611291623241,slouch
56.6,-0.021107565462790592,-0.14641733049986533,-0.3184756610789103,-0.2315158526630607,1.286598910586378,0.05584028704784784,2.210692030246192,0.9366582782848808,slouch
56.62,0.050334510458542765,-0.17080581945597398,-0.32734445877594137,-0.18334752255828013,1.2543852454521716,0.07592742779330211,1.9923973811252835,0.9567873297059268,slouch
56.64,0.013293882513350003,-0.18026308355812298,-0.2862420019650582,-0.28371301875556554,1.2516233286670984,0.026497068572860296,2.0456841900899874,0.9359697846477429,slouch
56.66,0.027776932850530227,-0.14378988701562903,-0.3123576888733485,-0.25168469989504627,1.2656467139256866,0.06459670619066882,2.1236687119229867,0.9181896113741365,slouch
56.68,0.03861262541327361,-0.1832363396090478,-0.3275688567859711,-0.28874048016283826,1.2716420352672535,0.04142065812457698,1.9853399886113299,0.9279117617083786,slouch
56.7,0.048364311673652044,-0.19222797672468217,-0.29411454005279597,-0.22190539377185245,1.3128540184047974,0.06120565201003925,1.9312260551202771,0.9704503440131474,slouch
56.72,0.03508578869428427,-0.16622137940975315,-0.2864853421098117,-0.2191654101278757,1.474983248527815,0.030840776402163254,2.1448304071982953,0.9833986722632665,slouch
56.74,0.033021073557202435,-0.18784932171642657,-0.3299513789610223,-0.23369253372093876,1.3688381295952292,0.0042621997702324155,2.0629008748999613,0.9773088833797516,slouch
56.76,0.09523740266763463,-0.1661073674961606,-0.2844704683948622,-0.24832167043770018,1.438746960126311,0.05783134608994315,2.0708903312433375,0.9975060977949065,slouch
56.78,0.0596225047506542,-0.1456661575536896,-0.3340860430013506,-0.24227034281869939,1.3737091806651847,0.0378430160285739,2.156144856904499,0.9350014115478341,slouch
56.8,0.006836384470753853,-0.15905081782761762,-0.293666235553335,-0.24391180802737578,1.1380924958065017,0.03450225693810485,2.0378652400789465,0.8868762602078585,slouch
56.82,0.037786611371820364,-0.16329513188669587,-0.28092957447372513,-0.26232255511998576,1.3375528693291712,0.03839443211205455,2.0384433923022973,0.959001254254112,slouch
56.84,-0.024098308417683255,-0.1791485394194015,-0.3036491073156623,-0.26617756956130784,1.331417570129517,0.045234235085572665,2.0471843975430994,0.9445229639947258,slouch
56.86,0.04237120593881255,-0.16247808348017115,-0.29556677471003046,-0.24476636157755996,1.2013776169902546,0.051857903634203596,2.186299600954226,0.9789595358261327,slouch
56.88,0.010028694998601706,-0.1741739017279776,-0.31429757069754477,-0.2646097762388055,1.3421680010627506,0.04465597182180399,2.183653544564721,1.0330638956935145,slouch
56.9,0.04748612520695794,-0.1605498316307363,-0.2607043426851442,-0.2959796449123638,1.3403154066846596,0.03419331548508457,2.126920748873191,0.8840723118066393,slouch
56.92,0.040508907316828255,-0.16125510847169036,-0.2892420431969479,-0.2447550293493991,1.407355836529772,0.034640154425752905,2.0878094968431147,0.9274818520330018,slouch
56.94,0.027694973820523706,-0.17470794648172466,-0.30407133373480055,-0.23693705373882887,1.4555941657747744,0.03781604654881209,2.0830327780382727,0.9935720894293703,slouch
56.96,-0.002508426007155694,-0.17231447508785305,-0.2782028749569235,-0.2707510265729566,1.3498133279607045,0.057619154406129885,2.1340271587293227,0.9276224768385839,slouch
56.98,0.03701952245080974,-0.17412030917817023,-0.2945916637906448,-0.2937606725246087,1.547419913473306,0.051029614497821625,2.2481053605001913,0.8485400439015779,slouch
57.0,0.028049198418872576,-0.18854987001956425,-0.2805737815633162,-0.24552961255332548,1.329193703995799,0.03093777885729617,2.014853005621831,0.9420895848244669,slouch
57.02,0.03373044903505512,-0.14783833766677607,-0.2952088403722887,-0.2756063290077939,1.2918215123955121,0.0,2.0191916573410236,0.8596769703031063,slouch
57.04,0.03259890387749734,-0.1652359988526836,-0.2920673090148175,-0.27550421657952184,1.3122702228653083,0.009381746419003353,2.02686869756438,0.9536144413014332,slouch
57.06,0.028599774308083647,-0.1824416148218666,-0.2929967025418521,-0.25793706926995397,1.2323782863592445,0.05809176382072591,2.0203621366485973,0.9792142103864314,slouch
57.08,0.05253018327797856,-0.1741151474029084,-0.30471452657667375,-0.2591695222395573,1.3002415381997672,0.024560813569746067,2.1414871984638992,0.9493950783838578,slouch
57.1,4.313878201297815e-05,-0.15824100935477334,-0.2585438251826962,-0.28639643210700805,1.4410430575501252,0.05219622937073156,2.155531619244655,0.9277165419746182,slouch
57.12,0.02794058933224464,-0.15405812464280327,-0.33668056061997415,-0.234952076086041,1.2691509354146788,0.058038014127683134,2.024251467101696,0.9357834982116224,slouch
57.14,0.0069600480843703075,-0.15259504360940226,-0.3126329758908212,-0.22805364221083096,1.2823165111091426,0.029657562133847654,2.035366721784642,0.9145029829710768,slouch
57.16,-0.0065393701271926315,-0.1652154722009432,-0.3333586421203166,-0.24240611729030703,1.3390839237833407,0.04567096220351759,2.1913287858179653,0.9298758864454933,slouch
57.18,0.029096515667652055,-0.1644711466386617,-0.31274263305774797,-0.2625312835585926,1.2698798599774925,0.022971834215179267,1.843666328682333,0.9373339143664426,slouch
57.2,0.03958313861844834,-0.15807036908349822,-0.26740996739557943,-0.25224628484297074,1.2057496477360112,0.03381537234937725,2.045416728347269,0.9498466172675912,slouch
57.22,0.03799080696687828,-0.18073739305212416,-0.2681083161771368,-0.2017452860605772,1.284738771496457,0.06307120901398476,2.201122363893151,0.9707048221849087,slouch
57.24,0.05880498717357155,-0.17076213365020776,-0.3406764992606192,-0.2573858545697006,1.3068028122826434,0.01711515805977693,2.300610159245483,0.9762376994335283,slouch
57.26,-0.019133275107366527,-0.17439424232509568,-0.31663657165174663,-0.27299008632903443,1.296299201964198,0.026655530116497267,2.146435764982098,0.951835897773134,slouch
57.28,0.013343493639468264,-0.14746486785849347,-0.306849563772706,-0.26643155290113246,1.3639773815050953,0.04073749260976265,2.143512827188905,1.0659855919162318,slouch
57.3,0.016892324964703883,-0.12250013841968264,-0.2905210278218671,-0.257397404310748,1.369059238374206,0.04619077360302102,2.2419377633500743,0.9132752507040953,slouch
57.32,0.013678301741451005,-0.18074710425835905,-0.2968289486712801,-0.238244667341962,1.2359946585609507,0.05521501232629378,2.0905070177558116,1.033328016523822,slouch
57.34,0.011344023803912312,-0.16518056981244109,-0.2684646427749354,-0.28342380356701713,1.2977142988383354,0.0002803323271594227,2.0532420454108817,0.9767346764567308,slouch
57.36,0.029711796184009348,-0.17416218330879094,-0.31909458066706975,-0.27506760670706326,1.2682780764148338,0.04710156025795222,1.9964461385934582,0.9679560119876226,slouch
57.38,0.026447265664960674,-0.18502349684050048,-0.3263877414525335,-0.2183811947351195,1.2276823414630826,0.049877606274179254,2.2259974841422308,0.9008507198020781,slouch
57.4,0.004470004446554041,-0.14629493692445977,-0.29743999375469515,-0.22771270511395053,1.327998903288909,0.04053926127616605,2.0090765245134348,0.9761052428791384,slouch
57.42,0.004234782287042187,-0.145795784786065,-0.29584436636370465,-0.2497826650369728,1.2854753865539152,0.03706432227971774,2.078544425513117,0.933704684654311,slouch
57.44,0.028595391104819432,-0.14357527076643892,-0.32965832778763227,-0.24353793789005854,1.3016743459038724,0.054795321333503476,1.9626077238827624,0.8445565758062453,slouch
57.46,-0.021184701339461546,-0.19389264944809426,-0.3052890071609904,-0.25007141402208183,1.2884084493221322,0.02365573237425606,2.0868952458805707,0.9114242256221452,slouch
57.48,0.06544708232613257,-0.1596201926286913,-0.3091999791861624,-0.23299775871487938,1.1500511255195132,0.0396082999225684,2.124593752676579,0.9384429484342877,slouch
57.5,0.03164517820981163,-0.1933074877396792,-0.2746459902041752,-0.23405423071276915,1.2485007103850718,0.06750466093660612,1.9566593381446822,0.9663225510496715,slouch
57.52,0.012705025664760632,-0.16235462903414563,-0.29402348866911515,-0.26936500139869995,1.4851748255907096,0.045536259267378115,1.9656602230597746,1.0975971488064913,slouch
57.54,0.03422808026809372,-0.17587598492548442,-0.3210835059434017,-0.2239854856143368,1.3235897525184435,0.05487814080771803,2.140616232818958,0.9567312978029483,slouch
57.56,0.016500372548998506,-0.1627116181830075,-0.30575828048773357,-0.27367122910390207,1.28356213727068,0.03237909152007753,2.055126945889466,0.8992272622096235,slouch
57.58,0.008806381943796748,-0.16954942658317154,-0.3241434832715236,-0.2616787603392004,1.3226088051857554,0.010058629613828494,2.0973983899580455,0.9524651517455038,slouch
57.6,0.0023535453951419845,-0.13835573267381532,-0.2881828763142237,-0.2503354739457808,1.270538598331892,0.0423796735775923,2.0882951170281983,0.9249215436934901,slouch
57.62,0.02366826990319954,-0.14446194578031207,-0.31037537358160794,-0.293713305335119,1.259418192263695,0.031048299845986494,2.087284310919251,0.9341873526021539,slouch
57.64,-0.027531083061250725,-0.17638229622818863,-0.2896496360976033,-0.23256066784167667,1.3409800489560373,0.06609330713972629,1.9512657276956005,0.9577804278259351,slouch
57.66,0.008616634386046991,-0.16401660261589907,-0.3316378890834001,-0.2277406277598676,1.2919753968023269,0.031310612542532805,2.1126099089032406,0.9972111165280579,slouch
57.68,0.05996315346742532,-0.20119215225228854,-0.2723536099888866,-0.26334510614156287,1.349581902947947,0.030122420866605874,2.096908168650396,0.9408815123773537,slouch
57.7,0.05213146159128717,-0.1794428096281581,-0.31160728712968716,-0.3032632902128373,1.2061599307951587,0.05818839123851171,2.037525212522168,0.9785671694866439,slouch
57.72,0.0016217942931819546,-0.18490741613682551,-0.34816716077747367,-0.23246794318246772,1.2172198541320853,0.009884606340056635,2.174460023825846,1.0034221420806984,slouch
57.74,0.012319679519054551,-0.1735934876952374,-0.30042621651421214,-0.24138492076394072,1.4215564015609692,0.034590240139118975,2.125811946277693,0.8930727686153913,slouch
57.76,0.026410810643806352,-0.15039647779927628,-0.2897600142429188,-0.2855477419201333,1.4099738534249058,0.06349775693201762,2.0767321101869944,0.9333977855166269,slouch
57.78,0.02621736791273241,-0.15056365184677561,-0.30244142444098554,-0.2865941038263859,1.350785844323254,0.05145413750468278,2.0816493023791787,0.9602307460605334,slouch
57.8,-0.024315943397772034,-0.1595590059175717,-0.26917292097438766,-0.2354798752486923,1.3263057800574405,0.07672618061802537,2.087734764244459,0.989445244833666,slouch
57.82,0.015788553038512006,-0.17872812695341486,-0.2835401392576435,-0.27572556890354255,1.3287234337804088,0.058986113918091845,2.303217320641553,0.9363495136983285,slouch
57.84,0.020984925004715313,-0.17189134204836962,-0.3170170282961644,-0.2652135081801686,1.3973035318596319,0.06952008849280171,2.2604019448488346,0.874234131782415,slouch
57.86,0.05136324525070222,-0.1715833051822737,-0.29157556702512843,-0.26792313406697305,1.2745110594152744,0.034505032024118594,2.0293599196468537,0.9317669864172925,slouch
57.88,0.0489994200297135,-0.13935605900239711,-0.27778120391099304,-0.2437681109408287,1.3423594910867196,0.03183711687968623,1.957635726752641,0.9554954949355993,slouch
57.9,0.021159286076917645,-0.1545032317986742,-0.33170947182582255,-0.24544324929783423,1.2021679972539778,0.049440559489641836,2.0676684104932797,1.0068340009985404,slouch
57.92,0.006531862024400487,-0.10181640049747975,-0.3138619752655703,-0.30379315010173763,1.3730616755994032,0.0077182606280192315,2.065412847202335,0.9693048044289766,slouch
57.94,-0.00099938828426399,-0.1851454001536258,-0.2859265957125053,-0.22380187572924404,1.2167022236273968,0.048244975578624616,2.258532485981239,0.9245164732497606,slouch
57.96,0.026458068477671036,-0.21962129577282996,-0.3268642793142978,-0.19118250155295288,1.2004832701635135,0.026710618920964303,2.0443075326697846,0.8926611021545477,slouch
57.98,0.05794333243948172,-0.17356163624025506,-0.3381988080395428,-0.2344769385164101,1.3170526420187618,0.02226142851908544,2.1415181831570083,0.9424484047982847,slouch
58.0,0.021978152030023092,-0.16567933830967133,-0.28989720566772864,-0.2691348262137366,1.2660342810150356,0.05053695396584342,2.182049331043058,1.0315128886226026,slouch
58.02,0.01740028402532847,-0.17290034787541053,-0.31916635112784986,-0.2240955925304998,1.3323586972017403,0.06244285538455379,2.1017417676677947,0.9411603004775414,slouch
58.04,0.031801748534584146,-0.15352021105834887,-0.3293107854644203,-0.23514565236565307,1.2474410590232516,0.016950318977115665,2.1076144309013234,0.8521776308707765,slouch
58.06,0.01696250563834383,-0.1882195703490766,-0.31177506563676666,-0.27709730917668285,1.1782805116485622,0.03379618326615173,2.162444224457787,0.8649704458730902,slouch
58.08,0.030082735641513782,-0.17254442930933725,-0.34869208041637234,-0.25489903780360856,1.3149507754516079,0.032144352206299354,2.0127696843734846,0.9090730066126921,slouch
58.1,0.01021399869654653,-0.16585890174804008,-0.30194428160404563,-0.24387160573546174,1.3436060467570838,0.050033299833089316,2.0874500015458612,0.8534791299533778,slouch
58.12,0.0398569879484417,-0.17153494855464285,-0.3078507675604949,-0.2214524654844604,1.3081691057356097,0.035724559761832336,1.9755469023223216,0.9813141339146058,slouch
58.14,0.040503322265972405,-0.15753723125603078,-0.3106989934204435,-0.20757851237937136,1.255129171527362,0.06444641490583809,2.1450294370032097,0.9915690355917136,slouch
58.16,-0.0007072388609906904,-0.1475896716599264,-0.26752660049212595,-0.25612486372394766,1.32649189930386,0.04419254006442771,2.171562568011985,0.9325151099002819,slouch
58.18,0.015286659275915843,-0.188238447230669,-0.3469206592772777,-0.24665490695150735,1.3087186285250993,0.007409348725594218,2.078947709806374,1.0372107163207955,slouch
58.2,0.014393595045307433,-0.15493569536935464,-0.3135202918236923,-0.23913788343646852,1.2733750234322667,0.009912511560144943,2.2448223411824415,0.9075055639311338,slouch
58.22,0.029389108780226457,-0.16462448304045327,-0.29753694893028265,-0.2679252924189261,1.2144306107281175,0.01582149724310125,2.0214764571474957,0.8898139720240444,slouch
58.24,0.045338089153488206,-0.15241828781219474,-0.3542520347311186,-0.25980678728404305,1.3022948411825788,0.06252407579510375,2.1325109886628555,0.9546976779494664,slouch
58.26,-0.016493463787688307,-0.17087298415992982,-0.3200610552032401,-0.25554484240550035,1.2204378197070924,0.034263495196921734,1.9555778203784402,0.9988233760180162,slouch
58.28,-0.005768544755702888,-0.15517874040735183,-0.31900448652748714,-0.23790327497625455,1.3384256776386132,0.022221595371822594,2.225270454666251,0.991435648909105,slouch
58.3,0.01815541363441856,-0.16791477182680462,-0.32326936201385803,-0.2857284195550994,1.279294183048398,0.04940859007374606,2.025319133410129,0.9594382793630032,slouch
58.32,0.01781153485078531,-0.16440903994440198,-0.33605025677441014,-0.2297976920701904,1.4185860868514168,0.016747556058972317,2.2133915288415045,0.9656556147749312,slouch
58.34,-0.026661765858340337,-0.1515585269270003,-0.3077426539824655,-0.2387542097247154,1.1684077666869253,0.038838959932429105,2.276628094250295,0.9512661342723243,slouch
58.36,0.0156529745627656,-0.17214774014812362,-0.317533567250511,-0.2710178899622468,1.3448674010879358,0.0,2.08878077278812,0.9756353780096951,slouch
58.38,0.05938951133851147,-0.17637021221412819,-0.3244001283454639,-0.2569655765097123,1.2790364738084323,0.07181652591199683,2.0361044100217196,0.9188180913695251,slouch
58.4,-0.014716149037945714,-0.11862665132705419,-0.3108645041557278,-0.26076840534745727,1.3082495357752446,0.0283814658205357,2.110548312088205,0.9708518215196201,slouch
58.42,0.04871726541169603,-0.17805628076592986,-0.2945663670618315,-0.25550563700750567,1.2754989195963042,0.05676777981685461,2.1532059225436453,0.9928041705881416,slouch
58.44,0.04067652798873992,-0.17052387490800347,-0.3308297810279651,-0.2364927783232471,1.3887703657544055,0.001188150401551833,2.072864117594313,0.9836858707737982,slouch
58.46,0.039801051267546135,-0.14779444786667217,-0.265182910350696,-0.24281443687423618,1.2215905217932705,0.029670121613568485,2.2153586617762877,1.0225686745114577,slouch
58.48,0.01718251653945448,-0.16783192770878846,-0.285593045086881,-0.24444667132578574,1.2046534661747748,0.0159341115099668,2.1144258095713564,0.9283385341850726,slouch
58.5,-8.080037830102976e-05,-0.19501457742938572,-0.2876598098379345,-0.267467455375165,1.1679318159063492,0.017841780062392537,2.084096702865937,0.8461984955591138,slouch
58.52,0.028491988038273245,-0.22874917344927231,-0.31959497999519043,-0.26563167428410667,1.3155427528345096,0.03741626404377836,2.0145510117823124,0.9358379939742535,slouch
58.54,0.06161375019468985,-0.17347350743901568,-0.30424590787605055,-0.30805324189429,1.2420795840439447,0.04755161752175884,2.098859310997872,1.0124445851351431,slouch
58.56,0.0025626148840164702,-0.16316508835309632,-0.3042154833744712,-0.2548120461865269,1.3243342137644913,0.044608228967608736,2.126440690366364,0.9118810726111636,slouch
58.58,0.045624988764212004,-0.1529110806856816,-0.3113082519220321,-0.26011950292084035,1.2317150860539303,0.042315875586083525,2.209057044743717,0.9289864308047362,slouch
58.6,-0.00666015552395162,-0.14952025322561166,-0.293189664359589,-0.24212162090308548,1.2532892900103045,0.047283406745092744,2.0420336971184962,0.9515520607398842,slouch
58.62,0.013810976146024917,-0.14097096488869865,-0.30747505657416774,-0.2880892874079276,1.3281027818779751,0.05068493419361443,2.0725138820174998,0.8949763643936072,slouch
58.64,0.04933317504773578,-0.15634428134142697,-0.32867979340240955,-0.20032209508347973,1.3076023821454548,0.04143738029361477,1.9862150693262408,1.038288357522565,slouch
58.66,0.0010815143035132347,-0.12428258731213689,-0.28726290659588327,-0.28673839006918095,1.4090695582281947,0.02910523581621346,2.0753238319391545,0.9309249450604749,slouch
58.68,0.04391514675323213,-0.16087504042640852,-0.28381100110890467,-0.2589954966380588,1.3048915317341603,0.05195413996931852,2.010426114585919,0.9132429651605367,slouch
58.7,0.00740264064315666,-0.1922078580308841,-0.26891791586307295,-0.2690880291129098,1.3728748117981813,0.012378612910848111,2.1219682598317284,0.9601319089275367,slouch
58.72,-0.005016123563441604,-0.12439202219060695,-0.310103805076662,-0.2639263855825372,1.3608861697389956,0.03782981906664886,2.013933510221428,0.9914072675641491,slouch
58.74,0.00908071413960401,-0.18009784780834198,-0.3338483289282723,-0.22620860223145603,1.3210284241441301,0.05902402185965044,1.993580425962041,0.9569140220478302,slouch
58.76,-0.005322691765521664,-0.15736760041013387,-0.2930954965658837,-0.23504009001183507,1.4043659098319428,0.05954765915788472,2.15138253219618,0.9563546466686049,slouch
58.78,0.017172358013983532,-0.11175264665359136,-0.32042961770031503,-0.29063290212963344,1.2849255000405393,0.027147836165586005,2.1142192581696437,1.0112023768418799,slouch
58.8,0.06637461450853008,-0.19894730014484172,-0.3359839972095832,-0.24159273089318348,1.3149028165486794,0.07019253867979405,2.0791442104308144,1.0293271719937356,slouch
58.82,0.03776052850847443,-0.17770038374497743,-0.32439427082855427,-0.2725698359458462,1.2605982473999051,0.021449919154420315,2.2317423193198156,0.9462657112000213,slouch
58.84,0.050437222149805824,-0.1477826775305193,-0.342115572135477,-0.2398438871229347,1.4338538590387893,0.012022815792804486,2.0497438709151683,1.0074437906084623,slouch
58.86,0.01207122203616915,-0.17299607471142345,-0.30939454859650556,-0.2650539372229644,1.4209006547602574,0.057088091187677534,2.15152595377637,0.8681194817500054,slouch
58.88,0.017412168538076415,-0.17117040034782707,-0.2988994052768008,-0.24742249274793143,1.249415256791384,0.020015281772056626,2.158272656110618,0.9534633202814833,slouch
58.9,0.06631829985443119,-0.15718804684311657,-0.26997755241023885,-0.2093107039006119,1.3608525044210735,0.04798620104353346,2.1108690963148544,0.9478753193940853,slouch
58.92,0.040134695386535975,-0.22185421598461352,-0.2936888247710969,-0.22928315404129224,1.4881832333060367,0.03649052701468123,2.1071614290658895,1.0560514972107513,slouch
58.94,0.016536335037205637,-0.21868816055861867,-0.3144736382478467,-0.21807829703652323,1.2892969552333988,0.032968617633855044,2.2473087401075276,0.9545078093110874,slouch
58.96,0.03376694716927556,-0.17521723562859606,-0.32854277178846675,-0.2680396889370562,1.2919882763320616,0.023072794541724367,2.0472025113318213,1.0544449744832212,slouch
58.98,0.04124540152398223,-0.19030222446728076,-0.2834718840323877,-0.26448859730982627,1.2061922535123217,0.0429504745762874,1.98605874042769,0.9661336245950548,slouch
59.0,0.0265356539778116,-0.16187445818393753,-0.3244630981838149,-0.22911494047880038,1.2678080337224427,0.023867629281727004,2.0926381446342823,0.9580233600687018,slouch
59.02,0.026115601827904438,-0.1650518120777886,-0.32738886889485613,-0.21586162593359187,1.3550637574456166,0.018207900225907746,2.0835967548598395,0.9840763532424338,slouch
59.04,0.005732073509453709,-0.1791647849284358,-0.308998769121631,-0.26532029627447123,1.2881228036349919,0.0520480887353176,2.1669823464742533,0.9727857783223138,slouch
59.06,0.029790518928899598,-0.1525728832214002,-0.26111689244833336,-0.24909542069932988,1.3874615593352095,0.026661374539288657,2.1862082076371125,0.866700391136148,slouch
59.08,-0.02491690946818856,-0.1470909194935333,-0.2739472788099384,-0.18601639724082195,1.2273033196464094,0.019294311285683055,2.154256647748191,0.9469670250800004,slouch
59.1,0.04303790090287728,-0.1788270436876571,-0.28093529612695006,-0.22276867229932826,1.23194504918198,0.03405472362086603,2.168275460735984,1.0366598176506028,slouch
59.12,0.004134776964751836,-0.12925859740016074,-0.3125390281908254,-0.2804839607689748,1.3322958775545435,0.05971650951033665,2.0513369665838397,0.8675403700426719,slouch
59.14,0.008268359098855068,-0.1748464561591158,-0.2869895615638491,-0.24830752716454765,1.293188995524423,0.05677624957362067,2.070066408301532,0.9024245078884093,slouch
59.16,0.0679617469200612,-0.17364146568677116,-0.27005918345949753,-0.2564769560880861,1.2630653400288478,0.050245389377454035,2.0444504800862116,0.890076180699158,slouch
59.18,0.034245047623038025,-0.1713107002960432,-0.28352760858111836,-0.2656435304725461,1.2339542208195697,0.03414598493882182,2.2398106522822636,0.9221026029266397,slouch
59.2,0.006181456314970174,-0.2027617445598698,-0.32849531361361506,-0.2476226897723154,1.3532165189658565,0.033700267071604735,2.2203085871741597,0.9336405794285703,slouch
59.22,0.07555489701841597,-0.1458598250700779,-0.30043167458250486,-0.2407573948441949,1.382602390207683,0.024676289519174735,2.0666010516578552,0.9436833044889904,slouch
59.24,0.04543273879490863,-0.13888705295332796,-0.30236859524114845,-0.22615597624791195,1.320999539097738,0.036181884130102995,2.0753450074823943,1.0034521337325915,slouch
59.26,0.03758676504363951,-0.16120407824687571,-0.33444449517609637,-0.25762469176492997,1.3184228454173155,0.03261823955909392,2.0327259919735674,0.9864883646381742,slouch
59.28,0.05019121176201803,-0.17196889916396166,-0.28331377426929094,-0.24815841220936197,1.3186342271947653,0.04141098312481628,2.187342399137463,0.9615653220368082,slouch
59.3,0.009855598146067554,-0.1529451943500026,-0.30723310430348943,-0.21272052078013612,1.4427710139064966,0.03903314592313672,2.007981265000025,1.004051026322487,slouch
59.32,0.026960321879003626,-0.14691558428154675,-0.3022414956317262,-0.25259060706109754,1.171893111060568,0.031940094478392564,2.0941952828389256,0.9731452352315065,slouch
59.34,0.03247809419756033,-0.1749182838601895,-0.3057202390293815,-0.23993255267639607,1.3763106397218616,0.04961328097115798,2.0722258972353633,0.9728055700947106,slouch
59.36,0.0063012053484253145,-0.15982786530935988,-0.3313635647525846,-0.2318707870435065,1.3532615237375538,0.0,2.05557230497397,0.9353509361050228,slouch
59.38,0.008124028064780759,-0.1827208573887359,-0.310660014697802,-0.24441451726255153,1.4316655971042718,0.05510210773965964,2.065267859660832,0.9466372164586048,slouch
59.4,0.02496613300105103,-0.15658076542764943,-0.3065335202336926,-0.2448086793212134,1.3226545364404338,0.07502469318314474,2.1823995484102174,0.9640126078521797,slouch
59.42,0.008955064322098926,-0.16167893966911864,-0.3227453105215624,-0.27495936062867443,1.2236427898280795,0.07382195447830109,2.07801673221908,0.9509709000211691,slouch
59.44,0.03321519164247072,-0.1206719004612756,-0.3045561984632709,-0.2667255449320336,1.2991734904308097,0.03200122017994181,2.1872005187369763,0.9807986531597428,slouch
59.46,0.021901067649189577,-0.17816011885056807,-0.3237603965539067,-0.23688917450030864,1.33763250915536,0.01378672320424156,2.0249210683195815,0.9140377863146508,slouch
59.48,-0.002137813259576598,-0.1690957231660852,-0.3169468887127295,-0.25972939983307325,1.2109784644680612,0.022754967115391878,1.9965341620348271,0.8330921379795967,slouch
59.5,0.047620725681307166,-0.1504055889820312,-0.32329806326408655,-0.2717302982397069,1.3409991899354068,0.023350896389656654,1.9133914721801095,0.910562095078821,slouch
59.52,0.03972798063635599,-0.15991997398220467,-0.3076890585765738,-0.23333138311416404,1.3791140626446656,0.04571956638215282,1.997724190822354,0.8157922633877789,slouch
59.54,0.03444509907571893,-0.18432892851791535,-0.29971757409580463,-0.2873472023978447,1.324597318475231,0.048119757031765055,2.16309899795877,1.0135128176787231,slouch
59.56,0.03223043931195165,-0.18650237335295441,-0.29367641792639065,-0.22789911337658622,1.3147753917553884,0.05176499669672326,2.1331986323521894,0.969717092795572,slouch
59.58,0.028114584036894402,-0.22654767718093163,-0.3421231523127708,-0.20134987701318066,1.2954524336210416,0.060577262670998146,2.0292055062592063,0.9628743231948443,slouch
59.6,-0.0334592135594068,-0.13900928035380475,-0.35382701389158694,-0.2835615164291457,1.280915706336298,0.0680452379090752,2.059284047337503,0.9421655296729108,slouch
59.62,-0.02056071939975957,-0.1937319523303899,-0.30622741836617007,-0.24475746704844967,1.2219980303857578,0.010732798527947982,1.9944231844418192,1.0019913652401662,slouch
59.64,0.04018875933594493,-0.1823131922511767,-0.33750246165821846,-0.23475751035675504,1.391441397355546,0.04293150480478554,2.1156170105876253,0.9473012396788021,slouch
59.66,0.006094406696887828,-0.163931156346268,-0.3086077098782807,-0.25056163540122156,1.3420343780622261,0.04569422332099665,2.1602693586486783,0.8573050343938663,slouch
59.68,0.015395897408538159,-0.14997385620937134,-0.2808178087454267,-0.24040538098547595,1.2710638049801726,0.09706601294185185,2.049508284382228,0.9219986286059993,slouch
59.7,0.015410836495692077,-0.1909468445182589,-0.2848497622431272,-0.2657405684026875,1.3045013874375986,0.03228720052358649,2.038342786692695,0.8440992604174674,slouch
59.72,0.012350105839830742,-0.15483711229017963,-0.3267381822729225,-0.2788841482985256,1.1493895391394195,0.08562237533499334,2.0968502645591798,0.8505036922320776,slouch
59.74,0.021341461191649282,-0.1851792269982122,-0.29146921973694656,-0.23643908983475057,1.23611211104775,0.07073128812257194,2.020895967953679,1.00811236320106,slouch
59.76,0.03955871128066106,-0.16519942874123328,-0.32542100194622503,-0.2616369497490083,1.2614333218381761,0.0429998242041129,2.081134380144907,0.9448916852610502,slouch
59.78,0.0068167753969692055,-0.18514461194011314,-0.29964376970617906,-0.205020851648135,1.2638154697842483,0.04176211304420897,2.1755291464961726,0.8900741336963245,slouch
59.8,0.012892942510642859,-0.17120705758933655,-0.2952104711983828,-0.2579761526943752,1.201800372394572,0.0,2.21462993813936,0.92859934549788,slouch
59.82,0.04637661590379925,-0.1814385917200928,-0.29094563276180196,-0.2630905022432289,1.3969236236150364,0.04773443448642497,2.1549123485209205,0.9141721427404362,slouch
59.84,0.04129925550565366,-0.1774653586660859,-0.3238110221933725,-0.24630192170305867,1.2182521886300224,0.031639755949318366,2.1293747173701925,0.9338355495667914,slouch
59.86,0.03288144935954568,-0.1594657489865173,-0.314332310212331,-0.2522508255564136,1.3063456660647699,0.00818919658894595,2.1306014030907163,0.8700360148423405,slouch
59.88,0.035262031514007294,-0.13207685664677102,-0.3017860305387087,-0.26187955909650357,1.2994020599234224,0.03578798734741926,1.9704503272658893,1.0580367195119735,slouch
59.9,0.01846252849148,-0.18125698392493167,-0.2963489989638731,-0.22314486364145317,1.5230436232065152,0.018681767167201047,2.1708632501554983,0.9513360687898585,slouch
59.92,0.007073605519972468,-0.16430404947013114,-0.31479158489202086,-0.27194095396785933,1.2513731250479943,0.03164101165618587,2.1651172750495324,1.0140512887172564,slouch
59.94,0.03839949382082709,-0.16999316037289602,-0.33732274328314976,-0.23707444858639828,1.3971944339003803,0.033011666919415115,2.0695984143991617,0.9654023587149463,slouch
59.96,0.00401459762535751,-0.1855987585443611,-0.318780806488584,-0.22160991335246039,1.1560188111224847,0.05710076678825483,1.988837968970249,0.9844714514208041,slouch
59.98,0.0033714739513212326,-0.17910922005727603,-0.2896256067626848,-0.20388678957490944,1.3588746855920528,0.0527948798092668,1.956369262375064,0.9693193594889363,slouch
